# This file uses centimeters as units for non-parametric coordinates.

v -6.758904 -2.136858 -7.606242
v -7.122643 -0.122496 -6.929081
v -7.838390 0.118268 -6.948170
v -7.876402 -2.142913 -7.709748
v -7.752040 1.928126 -7.340448
v -7.928745 1.804596 -7.051224
v -7.960842 2.858767 -7.213743
v -8.468300 3.131838 -6.928037
v -8.202880 3.457176 -7.195876
v -8.701611 3.751956 -7.012457
v -8.417935 3.934298 -7.259335
v -9.076570 4.006231 -7.157736
v -8.757588 4.178274 -7.312064
v -9.234601 4.557647 -6.923834
v -9.036444 4.716472 -7.225090
v -9.468128 4.919132 -6.885626
v -9.328356 5.033749 -7.091840
v -9.632388 5.234282 -6.639621
v -9.951969 4.721057 -6.600282
v -9.958143 4.259528 -7.031495
v -9.858462 3.990058 -6.864067
v -9.781738 3.499748 -7.072361
v -9.659286 2.879210 -7.153775
v -9.203815 2.181615 -6.636322
v -9.020552 -0.470650 -7.096038
v -9.069004 -1.877812 -7.835582
v -7.523532 -15.429726 -7.682426
v -6.431378 -15.508963 -7.863317
v -9.070261 -15.500103 -7.988146
v -9.506278 -1.561309 -7.886175
v -10.437047 -15.433668 -7.348730
v -9.426598 -0.206678 -6.946298
v -9.498287 2.119186 -6.638206
v -9.941446 2.773296 -7.120932
v -10.125384 3.522100 -6.931353
v -10.155272 3.990938 -6.789363
v -10.193624 4.238810 -6.918168
v -10.170031 4.658013 -6.502656
v -10.530192 3.795126 -6.874194
v -10.434393 3.364785 -6.869405
v -10.760457 3.745955 -6.723388
v -10.603294 3.247814 -6.913518
v -10.639450 4.226157 -6.748385
v -10.956452 4.142576 -6.543730
v -10.630965 5.026574 -6.125799
v -11.054020 4.742082 -6.353463
v -10.804666 5.434650 -6.436755
v -11.258853 5.023170 -6.451159
v -10.276818 5.464219 -6.411045
v -10.043592 5.399921 -6.324898
v -9.583530 5.537222 -6.835371
v -9.817163 5.790470 -6.503877
v -10.145041 5.748797 -6.436777
v -10.379195 5.728151 -6.464840
v -10.772495 5.733095 -6.563444
v -10.990631 5.989537 -6.574815
v -11.163464 5.712830 -6.481306
v -11.592974 5.252838 -6.309409
v -10.281282 2.501835 -7.132318
v -10.329921 2.071019 -6.930519
v -10.379131 0.181713 -6.799421
v -10.475366 -1.029521 -7.222071
v -11.237738 -15.404640 -7.825420
v -10.725885 0.816769 -6.821820
v -11.027344 -0.287249 -7.158199
v -11.775708 -15.375629 -7.093802
v -11.435053 0.594549 -7.666037
v -12.400515 -3.294573 -8.021810
v -11.058120 1.239505 -7.112935
v -10.534818 2.222519 -6.839431
v -10.439104 2.545425 -7.038730
v -10.743171 2.067672 -7.014387
v -10.646450 2.372385 -7.078009
v -9.614384 5.974432 -6.674802
v -9.893685 6.322630 -6.263698
v -9.679668 6.566078 -6.427788
v -9.996424 6.502487 -6.580895
v -8.705522 6.739115 -6.243508
v -9.135063 7.061122 -5.390228
v -10.299737 6.217318 -6.460785
v -10.509671 6.193089 -6.448222
v -10.402908 6.674250 -6.539778
v -10.653647 6.568202 -6.625934
v -11.145613 6.437632 -6.670280
v -9.853713 6.950344 -5.837709
v -10.146902 6.929523 -6.018517
v -10.824662 6.861117 -6.085319
v -9.275352 7.125372 -5.399585
v -11.609562 6.143925 -6.659672
v -11.798140 5.888358 -6.242573
v -11.891668 5.554769 -6.282583
v -11.579580 6.840700 -6.057010
v -12.093100 6.614577 -6.244806
v -12.344925 6.145866 -5.936430
v -12.474388 5.771386 -6.024913
v -12.641097 6.466658 -5.806405
v -12.772583 6.180702 -6.212688
v -12.530621 6.765023 -6.140697
v -11.349234 7.103956 -5.679243
v -11.901817 7.104933 -5.666095
v -12.276463 7.340212 -5.900129
v -12.363352 7.990938 -6.416368
v -12.360014 7.941748 -6.051544
v -12.577326 7.658337 -6.039019
v -12.872801 7.341752 -5.988072
v -13.061395 7.064973 -5.989756
v -13.175302 6.796399 -6.229887
v -13.349966 7.475085 -6.577619
v -13.052159 7.726046 -6.089503
v -12.784714 8.042305 -6.140814
v -12.560161 8.148274 -6.064486
v -12.461542 7.944084 -6.467602
v -12.340805 8.751326 -6.574087
v -12.580168 8.575812 -6.247578
v -13.074834 8.215111 -6.335192
v -13.433153 7.947347 -6.512439
v -12.050833 9.548468 -6.674082
v -12.272006 9.463372 -6.317355
v -12.736707 9.110343 -6.346903
v -13.217216 8.815495 -6.618128
v -12.082041 10.470142 -6.208021
v -11.936694 10.372260 -6.609154
v -12.540928 10.048053 -6.483746
v -12.150493 10.846241 -6.182105
v -12.385598 10.608378 -6.413539
v -12.054377 10.778120 -6.583135
v -12.191849 11.102776 -6.626555
v -12.169553 11.157762 -6.211274
v -12.401617 10.896649 -6.418219
v -12.362479 11.431815 -6.341104
v -12.494035 11.234825 -6.517422
v -8.259733 7.243043 -5.164631
v -8.827147 7.228765 -5.028543
v -7.587150 7.532053 -5.250429
v -9.194491 7.201380 -5.022887
v -9.462169 7.235368 -5.034827
v -9.779893 7.318266 -5.030016
v -10.192059 7.388696 -5.105190
v -10.569503 7.249234 -5.145191
v -10.920622 7.311366 -5.071231
v -11.243355 7.362916 -5.105078
v -11.641039 7.453319 -5.230092
v -12.107033 7.616562 -5.369285
v -12.267085 7.990873 -5.689759
v -12.407537 7.619329 -5.808940
v 2.026952 -2.331410 -7.325351
v 1.598524 -0.766601 -7.622039
v 0.681157 -1.094181 -7.169457
v 1.240836 -2.475381 -6.696304
v 1.266561 2.122029 -6.566718
v -0.138097 2.145129 -6.250231
v 1.050354 3.958347 -5.950835
v -0.509212 3.583709 -6.006659
v -1.637222 1.809465 -6.272467
v -1.510619 -1.361861 -6.570087
v -1.289900 -2.772305 -6.663975
v -1.263670 -16.793377 -7.001653
v 1.210901 -16.703653 -6.798038
v 2.088930 -16.816908 -8.257776
v -2.974735 -2.690742 -6.939446
v -2.780622 -16.762154 -6.640257
v -3.111881 -1.158182 -7.010492
v -3.953223 -0.603461 -7.504683
v -4.124817 -1.997334 -7.122524
v -4.018491 -16.628614 -6.968264
v -4.653889 -2.288508 -7.964672
v -4.689553 -16.689840 -7.998339
v -4.544330 -0.793902 -7.831116
v -3.766764 0.768990 -7.599957
v -4.250948 0.369694 -7.704353
v -2.771812 0.299183 -6.736821
v -3.133596 2.109925 -7.021430
v -1.965735 3.219560 -6.054437
v -2.403751 3.945605 -5.867929
v -2.998237 4.130507 -6.493567
v 1.034210 4.548685 -4.896789
v -0.431480 4.418200 -4.906135
v -2.064920 4.743060 -4.812718
v -3.198173 4.547044 -5.673103
v -3.008858 4.938947 -5.156677
v -3.192594 4.938934 -5.626204
v -2.795953 4.938906 -6.244337
v 1.438025 3.767026 -6.417617
v 1.441483 3.935107 -6.376972
v 1.561563 4.653970 -5.098882
v 1.861839 4.723434 -5.221013
v -2.084857 4.954420 -5.952823
v -0.608233 4.911204 -6.138599
v -1.404488 4.954110 -6.114662
v -0.087647 4.910965 -6.180830
v 0.467597 4.910917 -6.374470
v 1.322753 4.910965 -6.171169
v 0.364352 5.849802 -7.146203
v -0.048878 6.143852 -6.601981
v 0.634271 6.397821 -7.081526
v 0.166956 7.230966 -6.205570
v -0.594911 6.364159 -6.257747
v -1.241005 6.365980 -6.230906
v -2.141870 6.290643 -6.247833
v -0.539543 7.376019 -5.899980
v -1.196743 7.453510 -5.859686
v -2.115277 6.991409 -6.616542
v -1.465362 8.309429 -6.166635
v -2.345346 7.866745 -6.919436
v -2.547315 6.747393 -7.114769
v -2.748787 6.125299 -6.636553
v -2.749221 5.389401 -6.273224
v 0.208445 8.112082 -5.899347
v -0.605705 8.383190 -6.059490
v -2.767718 8.573512 -6.559305
v -3.275244 8.718731 -6.266918
v 0.109824 9.220333 -5.860115
v 0.762575 7.651896 -6.861488
v 0.645547 8.879269 -6.467286
v 0.791912 9.821539 -6.306247
v 0.058439 9.888506 -6.125195
v 0.752338 10.842259 -6.227591
v 0.020669 10.805939 -6.300154
v -0.755109 10.922497 -6.345771
v -0.827564 9.857172 -6.073142
v -0.768277 9.356747 -6.200600
v -1.490615 9.771262 -6.448629
v -1.054327 10.906658 -6.584433
v -0.957209 12.363926 -6.662565
v -0.135745 12.173719 -5.739741
v 0.707644 12.151508 -6.105682
v 1.043000 12.199605 -6.105887
v 1.268468 12.235776 -6.105894
v -0.356262 13.566032 -6.219435
v -0.896682 13.529221 -6.221313
v -1.435931 13.172037 -6.555743
v -1.212449 12.684456 -6.639829
v 0.007135 13.542877 -6.441076
v -0.034939 14.400932 -6.639554
v -0.386522 14.497993 -6.414558
v -0.911955 14.461092 -6.401782
v -1.258245 14.201624 -6.793358
v -0.333246 15.219582 -6.632744
v -0.612276 15.220127 -6.631716
v 0.213751 15.105967 -6.942716
v 0.215521 16.058447 -7.206124
v 0.003247 16.092447 -6.874112
v -0.288224 16.097498 -7.216906
v -0.827117 15.345173 -7.145744
v -0.050912 16.696989 -7.115677
v -9.731625 -10.781408 -2.433412
v -11.401231 -3.108449 -1.968352
v -11.761550 -2.982702 -0.941226
v -10.477814 -10.825857 -1.144615
v -12.121067 -0.663837 -2.262417
v -12.330509 -0.391217 -0.902049
v -12.805672 1.510223 -2.347157
v -12.933368 1.655257 -0.823507
v -13.123426 2.224439 -2.526649
v -13.223152 2.438509 -1.002966
v -13.073808 3.219444 -2.031668
v -13.467934 3.050847 -1.260072
v -13.226471 3.746021 -2.159453
v -13.690550 3.674396 -1.404307
v -13.365150 4.196437 -2.233073
v -13.707715 4.022656 -1.503073
v -13.795868 4.583398 -2.374916
v -14.115498 4.617022 -1.709357
v -13.880133 5.040649 -2.254901
v -14.120399 4.850669 -1.776748
v -14.109866 5.252587 -2.277758
v -14.412268 4.917103 -2.128426
v -14.178667 3.913375 -1.391162
v -14.220385 3.551479 -1.278397
v -14.505548 4.439022 -2.246515
v -14.636430 3.951159 -1.979834
v -14.745202 3.452796 -1.815825
v -14.107604 2.873139 -1.099514
v -13.964294 2.325325 -0.844003
v -13.628472 1.672963 -0.678410
v -13.168089 -0.290860 -0.746348
v -12.829047 -1.997853 -0.869987
v -12.556697 -3.222182 -0.743738
v -11.711751 -10.836660 -1.167237
v -13.087230 -3.901427 -1.585086
v -12.113804 -10.952341 -1.842836
v -13.500037 -2.457172 -1.715369
v -13.806269 -0.239853 -1.207442
v -14.205984 1.300330 -1.278997
v -14.525404 1.965847 -1.419041
v -14.706360 2.663329 -1.591945
v 0.072780 -5.289637 -11.136376
v -1.585259 -2.393587 -11.265253
v -1.947214 -3.096641 -10.270834
v -0.249476 -7.646839 -9.703849
v -1.849337 -0.578086 -11.226672
v -2.254047 -1.728489 -9.952366
v -2.471024 1.103785 -11.295035
v -2.550413 0.300525 -9.972298
v -2.925140 2.422497 -11.396752
v -3.133823 2.103340 -10.439619
v -3.289590 3.369068 -11.614100
v -3.422833 2.924227 -10.404287
v -3.561799 4.085610 -11.746087
v -3.768775 3.560900 -10.522642
v -3.894558 4.899958 -11.910955
v -4.074367 4.367403 -11.128028
v -4.137701 5.484246 -12.023163
v -4.381640 5.070787 -11.277244
v -4.454583 5.997365 -12.064667
v -4.448083 5.685454 -11.299940
v -4.648568 6.122250 -12.047310
v -4.572439 6.014866 -11.339719
v -4.902274 6.284319 -12.017301
v -4.560735 4.320461 -11.020474
v -4.238667 3.683520 -10.201032
v -4.627133 4.937117 -11.187646
v -4.683589 5.499323 -11.204329
v -4.815660 5.854561 -11.257743
v -5.178748 6.259463 -11.964334
v -5.350111 6.195990 -11.917467
v -5.428290 5.793408 -11.819496
v -5.287827 5.326134 -11.744665
v -5.293941 5.104045 -11.690309
v -5.158211 4.497488 -11.564557
v -5.122336 3.759429 -11.379886
v -4.076604 2.896760 -10.282361
v -4.787012 2.835502 -11.228947
v -3.844761 2.228749 -10.376790
v -3.168545 0.605571 -9.930002
v -2.865819 -1.360620 -9.897889
v -2.751072 -2.704206 -10.200295
v -2.212929 -8.003366 -9.720391
v -3.603893 -2.420597 -10.327642
v -4.535663 -8.317904 -11.124962
v -3.725768 -1.025147 -10.301442
v -3.816784 0.562028 -10.321881
v -4.300940 2.080519 -11.110929
v -4.176921 0.259309 -11.031772
v -4.095969 -1.032036 -11.043395
v -3.923545 -2.678616 -11.076644
v -2.223070 -5.492107 6.638306
v -2.692711 -3.994895 6.274627
v -3.489176 -4.352320 7.769105
v -2.604243 -6.543560 8.107708
v -2.728808 -3.144328 6.344924
v -3.593021 -3.623642 7.656505
v -3.439374 -0.679470 7.242332
v -2.687933 -0.748573 5.286835
v -3.108671 -0.039209 6.993754
v -2.646887 0.170353 5.214252
v -3.038496 0.581024 6.752948
v -2.717088 0.782450 4.976603
v -3.089893 1.180797 6.520070
v -2.787532 1.162375 4.829103
v -3.124160 1.573684 6.367524
v -2.465840 1.704880 5.135810
v -2.874573 2.159642 6.140021
v -2.262834 2.143600 4.965478
v -2.842762 2.670583 5.941642
v -3.496601 3.090518 6.431571
v -3.717640 2.363261 6.060966
v -4.005675 1.847322 6.261281
v -4.157853 1.374100 6.445015
v -4.350446 0.933363 7.155251
v -4.472991 0.364779 7.376013
v -4.609838 -0.186961 7.786564
v -4.704824 -0.899598 8.063251
v -4.682315 -3.611983 8.390150
v -4.185811 -7.179204 8.205940
v -5.149844 -3.338881 8.537828
v -5.356422 -6.231157 9.002682
v -5.199840 -0.695300 8.191719
v -5.149031 0.062952 7.989759
v -5.054767 0.725820 7.732388
v -4.948374 1.228723 7.537130
v -4.844651 1.906695 7.273904
v -4.736273 2.011032 6.197719
v -5.563417 -0.226722 8.147467
v -5.546071 -0.645452 8.172377
v -5.875414 0.067384 8.075045
v -6.073573 -0.498000 8.566393
v -5.538594 0.857547 7.681248
v -6.055547 0.967786 8.089217
v -6.405280 0.876635 7.879459
v -6.349402 0.227589 8.012840
v -6.565181 -0.630354 7.679723
v -5.571764 -3.426163 8.569233
v -6.149555 -0.995745 8.759652
v -5.753518 -6.088850 8.980682
v -6.336992 -5.534745 9.346337
v -6.642182 -1.127792 7.872865
v -6.865642 -5.850978 8.457151
v -6.923520 -0.521889 7.637614
v -7.039187 -1.035702 7.837108
v -6.843101 0.295007 7.320439
v -6.795197 0.757101 7.141021
v -7.287309 -5.704022 8.434441
v -7.315908 -0.922596 7.793194
v -7.984174 -5.814412 9.328405
v -7.500278 -0.702157 7.707604
v -9.092320 -5.526442 9.313481
v -7.599272 -0.563274 7.653681
v -9.322142 -5.907646 8.481839
v -7.128565 -0.432951 7.603079
v -7.285395 -0.321883 7.559952
v -7.441521 -0.153677 7.494650
v -7.564642 -0.140585 7.075429
v -7.785836 -0.562676 7.239306
v -9.514011 -5.354749 7.982257
v -7.062781 0.343897 7.301459
v -7.239821 0.346445 7.300468
v -7.388053 0.354294 7.297421
v -7.526556 0.255175 6.921767
v -7.261998 0.506726 7.238235
v -7.332389 0.424612 6.855986
v -7.061377 0.475294 7.250435
v -6.996956 0.776482 6.677051
v -7.135799 0.835819 6.654016
v -7.254230 0.756120 6.268531
v -6.695045 1.128051 6.540550
v -6.896233 1.205386 6.510522
v -7.040334 1.218835 6.505298
v -7.158380 1.129483 6.123571
v -6.960144 1.570246 6.119254
v -6.810485 1.588316 6.361849
v -6.637728 1.557329 6.373874
v -6.428043 1.352024 7.489259
v -6.133500 1.336620 7.495242
v -5.652511 1.409342 7.467004
v -5.492508 2.019010 6.778148
v -6.030624 1.963083 7.059303
v -6.345854 1.865184 7.097309
v -6.768466 1.921410 5.972490
v -6.860896 1.857554 5.746907
v -6.590126 1.980650 6.209517
v -6.344496 2.102360 6.303568
v -6.046465 2.144179 6.287332
v -5.504886 2.235409 6.694128
v -6.796820 2.020093 5.934176
v -6.905310 1.853899 5.748317
v -6.857940 2.113264 5.897999
v -7.012897 1.779392 5.599429
v -6.564198 2.185297 6.130062
v -6.619754 2.318143 6.078479
v -6.299390 2.334157 6.292304
v -6.321246 2.471679 5.984989
v -6.035075 2.385784 6.272262
v -6.100685 2.484255 5.981740
v -5.504177 2.369450 6.058562
v -5.568806 2.554147 5.817298
v -4.637048 2.397374 6.047717
v -4.725343 2.628581 5.957948
v -5.561471 2.783072 6.039975
v -5.969282 2.809165 6.410392
v -5.185671 2.764047 5.763082
v -5.245475 2.954306 5.713937
v -5.596694 2.928106 6.005704
v -5.988356 2.952410 6.375302
v -6.334624 2.761517 6.253010
v -6.696777 2.721199 6.256569
v -6.884662 2.488839 5.626847
v -6.638896 2.818086 6.330196
v -7.008506 2.834884 6.357523
v -6.391187 2.905631 6.400762
v -6.389632 3.007356 6.374488
v -6.614509 2.992630 6.282694
v -6.915431 3.008618 6.308336
v -7.154199 3.024760 6.132475
v -7.223524 2.850829 6.166178
v -7.229703 3.029955 5.957008
v -7.312919 2.872868 6.000381
v -7.382824 3.022714 5.680908
v -7.441902 2.892106 5.717100
v -7.331957 3.008757 5.436347
v -7.467708 2.924053 5.517853
v -7.329110 2.968451 4.968403
v -7.396344 2.925540 5.140428
v -6.001389 3.031830 6.354783
v -5.656431 3.013204 5.987371
v -5.338390 3.021092 5.700969
v -5.227306 2.959456 5.094965
v -5.578542 2.976186 5.069170
v -5.703363 3.014415 5.688027
v -6.200328 3.009584 5.696084
v -6.359272 3.028162 5.694854
v -6.699739 3.008132 5.691617
v -7.018484 3.008132 5.654592
v -6.393463 3.008129 5.209910
v -6.720870 3.008112 5.167868
v -6.218630 3.008362 5.211109
v -5.750091 2.983907 5.059646
v -5.251668 2.934406 4.558873
v -5.545415 2.940743 4.552682
v -5.741552 2.950447 4.550177
v -6.237018 3.008108 4.599233
v -6.494507 3.008118 4.586016
v -6.814250 3.008114 4.701693
v -7.120401 3.008120 4.767830
v -2.246405 2.915524 4.665768
v -2.868278 3.381657 6.318533
v -3.443995 3.572395 6.244477
v -2.303487 3.643486 4.833186
v -3.072893 4.049784 6.059128
v -2.317358 4.084750 4.661855
v -3.008746 4.520517 5.876359
v -2.065197 4.198363 4.617748
v -2.754716 4.716252 5.147388
v -1.995334 4.963721 4.945737
v -2.669615 5.067605 4.908365
v -3.948269 4.283647 5.968326
v -4.038466 3.723556 6.185789
v -4.512192 3.802424 5.305239
v -4.757533 3.816373 5.299818
v -4.932560 3.753613 4.948942
v -5.088337 3.606315 4.481673
v -5.199855 3.621082 3.884832
v -5.092886 4.136621 4.622623
v -5.302861 3.942814 3.847178
v -4.953810 4.247341 5.132491
v -4.782126 4.184372 5.156941
v -4.510472 4.306662 5.463444
v -5.080617 4.689668 4.888680
v -5.277668 4.431645 3.973144
v -4.931957 4.667727 4.897201
v -4.774295 4.616790 4.916974
v -4.495107 4.602135 4.922661
v -3.927535 4.724403 5.786891
v -3.399457 5.029177 5.025897
v -4.280080 5.106460 4.726853
v -4.506032 5.136421 4.715221
v -4.636639 5.117507 4.722564
v -4.795490 5.122429 4.720656
v -4.949309 4.908887 3.787855
v -3.300723 5.318561 4.913546
v -4.130510 5.481369 4.850331
v -4.312816 5.511637 4.995605
v -4.588480 5.264895 4.665337
v -4.746109 4.999194 3.752793
v -4.643388 5.550004 4.980707
v -4.852822 5.048108 3.733795
v -4.328079 5.709215 4.918888
v -4.706098 5.820322 4.875745
v -4.972180 5.500235 3.989507
v -4.346979 6.013059 4.800919
v -4.096950 5.691358 4.768795
v -4.127876 5.858415 4.703939
v -4.162451 6.094383 4.612319
v -3.770643 5.868070 4.700194
v -3.859595 6.030665 4.637056
v -3.865248 6.266112 4.545647
v -3.744221 5.718251 4.758356
v -3.452639 6.108284 4.606926
v -3.571416 6.225599 4.561368
v -3.588361 6.493839 4.635416
v -3.405785 5.796221 4.858601
v -3.125880 5.473755 5.404856
v -3.086028 5.889229 5.253561
v -2.653146 5.350023 5.126593
v -2.558494 5.818977 5.064487
v -1.724012 5.345490 5.205389
v -1.598121 5.918852 5.290895
v -1.288846 5.139760 4.737777
v -1.393528 5.444996 5.169593
v -1.251504 5.924736 5.288777
v -1.087893 5.181112 4.722899
v -1.061106 5.413626 5.003441
v -0.732701 5.938166 5.068982
v -0.831754 5.373966 4.484788
v -0.589000 5.511024 4.507716
v -0.532377 5.798466 4.662975
v -0.460416 5.955977 4.606304
v -0.694878 6.090676 5.014111
v -1.268046 6.078000 5.233637
v -1.587907 6.055290 5.241808
v -2.551273 5.956009 5.015184
v -2.979212 5.902036 5.118781
v -3.158137 5.803401 4.725299
v -0.575576 5.864975 4.300173
v -0.999407 5.831153 4.310340
v -1.180177 5.785161 4.288389
v -1.485978 5.772764 4.292850
v -2.443112 5.779519 4.110100
v -3.186018 6.154436 4.588999
v -2.441059 6.123296 3.957121
v -1.476653 5.738441 3.885253
v -2.181458 5.741052 4.014804
v -1.200691 5.736907 3.926058
v -0.950380 5.744501 3.986587
v -0.725299 5.783890 4.088295
v -4.510485 6.390208 4.497461
v -4.945732 6.232244 4.965066
v -5.293447 5.938179 4.487231
v -4.913483 6.809448 4.740960
v -5.256970 6.599185 4.822597
v -5.624011 6.303209 4.187836
v -5.497714 7.052253 4.854743
v -5.781635 6.744308 4.016570
v -5.199446 7.249059 4.828474
v -5.614716 7.415406 4.590699
v -5.877550 7.189111 3.937674
v -5.335515 7.584334 4.575321
v -5.652341 7.788753 4.452915
v -5.901190 7.552591 3.796545
v -5.656694 8.039511 4.592545
v -5.856888 7.886205 3.667018
v -5.383976 7.859169 4.466486
v -4.930047 7.303403 4.420481
v -4.943671 7.680309 4.224023
v -4.925123 7.944774 4.130198
v -4.885042 8.353031 3.971691
v -5.321645 8.183908 4.340405
v -5.110788 8.506209 4.215018
v -5.340747 8.504574 4.215653
v -4.888810 8.733552 3.823948
v -4.996548 8.928357 4.164967
v -4.858410 9.326880 3.896378
v -4.807479 8.686007 3.606092
v -4.755773 9.215909 3.400352
v -4.789083 8.316739 3.749468
v -4.756941 7.901363 3.910738
v -5.191897 8.988921 4.141454
v -5.053991 9.398938 3.868403
v -5.415435 8.944501 3.505727
v -5.589808 8.498079 3.679057
v -5.277775 9.380577 3.335872
v -4.985020 9.756708 3.432078
v -5.129175 9.753404 3.190615
v -4.918931 9.749853 3.434735
v -4.830029 9.725361 3.202551
v -4.897630 9.999672 3.095497
v -4.973641 10.006817 3.334971
v -4.977677 10.258202 2.943380
v -5.037443 10.236043 3.195957
v -5.094138 10.336970 3.055812
v -5.219267 10.304655 3.066854
v -5.149575 10.203487 3.207900
v -5.218896 10.181884 2.970600
v -5.197577 9.918764 3.125484
v -5.102254 9.951445 3.356472
v -4.770404 7.665611 4.002270
v -4.771857 7.309018 4.140725
v -4.856121 7.164827 4.474289
v -4.827341 7.166599 4.196023
v -4.768594 6.946877 4.281328
v -4.669456 7.105433 4.219764
v -4.575556 7.207742 4.051531
v -4.763938 7.171449 4.071730
v -4.379676 6.825454 4.619518
v -4.346417 7.053756 4.530878
v -4.308890 7.161819 3.943838
v -4.130417 6.790837 4.632959
v -4.063339 7.024156 4.542371
v -4.043773 7.084226 3.978397
v -3.830945 6.852427 4.609043
v -3.850940 7.059265 4.528734
v -3.925680 7.179562 3.941377
v -3.646136 7.234670 4.606690
v -3.887818 7.380690 3.863286
v -3.550188 6.980500 4.705378
v -3.435901 6.621895 4.585699
v -3.358597 6.384601 4.677831
v -2.978190 6.570587 4.605620
v -3.069114 6.854349 4.495445
v -3.145426 7.245919 4.602326
v -3.294579 7.514697 4.508177
v -3.605376 7.691890 3.742463
v -3.161412 7.616333 4.443757
v -3.373351 7.825815 3.691858
v -3.015526 7.681845 4.418322
v -3.146282 7.907723 3.908271
v -2.859339 7.775847 4.381824
v -2.965949 7.961409 3.887430
v -2.672090 7.980649 4.211933
v -2.845822 8.149128 3.814542
v -2.511585 8.172921 4.166071
v -2.744673 8.354678 3.734730
v -2.456828 8.432692 4.160903
v -2.667951 8.549308 3.659166
v -2.896257 7.380913 4.535169
v -2.831512 7.482658 4.495658
v -2.718769 7.585277 4.365438
v -2.625275 7.669329 4.332811
v -2.373810 8.006008 4.326562
v -2.337549 8.361223 4.188646
v -2.766937 7.017185 4.254026
v -2.643215 7.141099 4.205923
v -2.567567 7.283489 4.150631
v -2.482070 7.431480 4.093177
v -2.237281 7.822503 3.973310
v -2.119600 8.263034 3.891529
v -2.142207 8.581244 3.767978
v -2.341203 8.654251 4.074880
v -2.456609 8.679647 4.065013
v -2.624920 8.744601 3.583343
v -2.383896 8.889448 3.983557
v -2.456396 8.891314 3.982833
v -2.582339 8.899879 3.523054
v -2.190647 8.840174 3.675161
v -2.403636 8.975007 3.511889
v -2.471639 8.994325 3.501837
v -2.643342 9.091330 3.240382
v -2.293785 8.967856 3.496664
v -2.010751 8.177191 3.545629
v -2.051795 8.491988 3.423101
v -2.147981 8.750269 3.322570
v -2.285630 8.932364 3.281955
v -2.136698 7.749722 3.598095
v -2.384109 7.314378 3.724802
v -2.446093 7.171199 3.780070
v -2.469354 7.015394 3.840310
v -2.616014 6.884697 4.305470
v -2.445721 6.782999 3.929992
v -2.653320 6.540364 4.439159
v -2.422380 6.428354 3.839712
v -2.658278 5.872629 4.698417
v -2.729051 6.211292 4.566933
v 0.153481 -0.247797 5.482034
v 0.220563 1.294451 5.643466
v -0.120790 1.399073 6.029777
v -0.088221 -0.284019 6.023934
v 0.188184 1.464853 5.586738
v -0.105657 1.659834 5.976709
v -0.272131 1.790420 5.954802
v -0.344832 1.582286 5.998786
v -0.593312 -0.056733 6.105755
v -0.640737 -0.196005 6.135157
v -0.076262 -0.381965 6.043393
v 0.152133 -0.364442 5.505625
v -0.762089 -0.001047 5.984867
v -0.839301 -0.109097 6.008761
v -0.805865 0.113466 5.962913
v -0.904181 0.025082 5.983404
v -0.449918 1.600332 5.883788
v -0.851203 0.218241 5.942970
v -0.896570 -0.050765 5.635072
v -0.531337 1.649765 5.896932
v -0.380298 1.893339 5.936923
v -0.734144 0.179477 5.331524
v -0.883646 0.132895 5.597637
v -0.908369 0.047585 5.615530
v -0.457352 1.537943 5.280449
v 0.413489 1.712826 5.474466
v 0.155084 2.056370 5.862406
v 0.480284 2.076539 5.399225
v 0.225929 2.359531 5.799286
v -0.070515 2.189333 5.841608
v 0.026673 2.461653 5.784007
v 0.234286 2.685554 5.733218
v 0.027658 2.699633 5.735919
v 0.531508 2.453127 5.321795
v 0.576055 2.810481 5.248432
v 0.258457 3.022622 5.664495
v -0.007713 3.053967 5.665305
v 0.591412 3.190186 5.331152
v 0.269510 3.447969 5.736164
v -0.019103 3.523153 5.728721
v 0.603297 3.412218 5.285986
v 0.303958 3.777729 5.741191
v 0.019376 3.851669 5.733890
v 0.835864 3.694677 5.296150
v 0.538414 4.110847 5.744627
v 0.244857 4.274190 5.719508
v 0.076530 4.311300 5.512280
v -0.188530 3.933418 5.672904
v -0.301300 3.472799 5.696306
v -0.305011 3.025892 5.628574
v -0.260396 2.728956 5.687348
v -0.248475 2.527894 5.727630
v -0.283242 2.296847 5.775229
v -0.340851 2.081028 5.420344
v -0.339635 2.321785 5.371694
v -0.417683 2.528958 5.331943
v -0.426319 2.836293 5.270105
v -0.418690 3.307008 5.334649
v -0.287409 3.748968 5.315316
v -0.005099 4.177410 5.143175
v 0.161166 4.593209 5.453070
v 0.102496 4.447830 5.085675
v 0.284900 4.412531 5.690504
v 0.555546 4.214992 5.723134
v 0.340363 4.581819 5.654820
v 0.222388 4.732626 5.505014
v 0.128056 4.638375 5.124625
v 0.582680 4.317038 5.701796
v 0.870183 3.796996 5.274563
v 0.915765 3.946661 5.243118
v 1.022515 4.212831 5.186498
v 0.687522 4.667031 5.760151
v 0.441683 4.945797 5.710446
v 0.306783 5.000268 5.448693
v 0.179603 4.898927 5.070625
v 0.141914 4.708419 5.110105
v 0.246722 4.809792 5.488772
v 0.310366 5.263600 5.395419
v 0.176414 5.077393 5.035295
v 0.356314 5.489498 5.348677
v 0.191691 5.306609 4.989964
v 0.434208 5.513624 5.020007
v 0.262862 5.470948 4.956250
v 0.551106 5.530622 5.589404
v 0.596218 5.742691 5.507152
v 0.504379 5.320912 5.633009
v 0.770083 5.090839 5.672342
v 0.835006 5.394606 5.609254
v 0.824417 5.622158 5.525375
v 1.094692 4.524746 5.199521
v 1.204454 4.845331 5.131827
v 1.206996 5.284849 5.043000
v 1.186642 5.728452 5.241689
v 0.811447 5.853638 5.436925
v 0.616990 5.870262 5.341082
v 0.442678 5.918885 5.361212
v 0.291210 5.821851 5.172205
v 0.560615 6.310393 5.598462
v 0.462502 6.153671 5.314298
v 0.325345 6.060172 5.124995
v 0.507939 6.441951 5.256379
v 0.354650 6.333508 5.071307
v 0.493364 6.746012 5.342879
v 0.319960 6.607543 5.094845
v 0.443209 6.843249 5.123008
v 0.262178 6.808247 5.057413
v 0.452595 6.968238 5.098195
v 0.322865 6.953012 5.027214
v 0.481843 7.193093 5.254417
v 0.406995 7.137325 4.988266
v 0.561345 7.301415 5.026105
v 0.504874 7.299674 4.952897
v 0.592530 6.592785 5.505349
v 0.566853 6.756682 5.338676
v 0.527460 6.962312 5.299044
v 0.541540 7.051632 5.280837
v 0.568909 7.138511 5.262700
v 0.613379 7.304227 5.192058
v 0.740360 6.278910 5.516522
v 0.707650 6.590681 5.479931
v 0.651760 6.798593 5.439173
v 0.596976 6.992007 5.402073
v 0.589518 7.049372 5.386465
v 0.625021 7.126731 5.374410
v 0.681117 7.277350 5.138031
v 0.982305 6.403409 5.484813
v 1.209317 6.292064 5.128928
v 1.098644 6.688846 5.054135
v 0.888462 6.736268 5.310516
v 0.841101 6.942535 5.199723
v 0.829674 7.182724 5.187823
v 1.011274 6.976563 5.111755
v 0.927991 7.147414 5.080473
v 0.837368 7.358324 5.041294
v 0.730050 7.413864 5.109149
v 0.656002 7.422465 5.109741
v 0.612014 7.367856 4.992755
v 0.575582 7.398816 4.930781
v 0.926645 7.286352 4.941512
v 0.850674 7.537254 5.004883
v 0.784492 7.553908 5.003653
v 0.718342 7.570557 5.002422
v 0.670054 7.569434 5.004276
v 0.913235 7.470877 4.904963
v 0.847870 7.604530 4.880310
v 5.915409 -3.084397 1.915655
v 6.407853 -0.312723 1.888970
v 5.664095 0.089301 3.050857
v 5.259778 -3.211008 1.963320
v 6.532924 0.520833 1.617005
v 5.851375 0.902492 2.784872
v 6.647763 1.114516 1.423025
v 6.057009 1.504624 2.587252
v 6.813254 1.752376 1.214237
v 6.232012 2.160856 2.616012
v 6.991621 2.270207 1.044268
v 6.391261 2.708026 2.436735
v 7.052299 2.926276 0.830575
v 6.464036 3.236559 2.264343
v 7.122414 3.580286 0.979610
v 6.690977 3.631181 1.242562
v 7.267874 4.301569 0.743910
v 6.706490 4.513412 1.560300
v 7.468708 4.738811 0.242854
v 6.907130 5.090718 1.370791
v 7.633644 5.264650 0.079841
v 7.065922 5.650517 1.187407
v 7.578765 5.575089 -0.011382
v 7.067825 5.845604 1.124026
v 7.389174 5.970122 0.217000
v 7.088751 6.079472 0.803599
v 7.385503 6.356704 0.098836
v 7.035676 6.518187 1.020671
v 7.484312 6.775336 -0.366114
v 7.177619 6.923234 0.201971
v 7.567101 7.273383 -0.501768
v 7.273249 7.422960 0.049746
v 7.682011 7.656906 -0.608410
v 7.350815 7.828878 -0.070527
v 7.691225 7.892775 -0.679746
v 7.370775 7.995428 -0.120004
v 7.496758 8.156113 -0.432934
v 7.367568 8.227078 -0.454991
v 7.275044 8.240473 -0.459180
v 7.153583 8.038150 -0.132983
v 7.056667 7.918609 0.224708
v 6.911736 7.562869 0.334268
v 6.762989 7.112622 0.359106
v 6.604521 6.660368 0.755250
v 6.495794 6.188221 1.017760
v 6.534677 5.991880 1.081143
v 6.474507 5.770879 1.153516
v 6.331535 5.377011 1.297709
v 6.156840 4.884597 1.588934
v 5.920579 3.984801 1.656680
v 5.854571 3.458607 1.684021
v 5.712692 3.052824 2.355811
v 5.555247 2.561343 2.760084
v 5.450984 2.057171 2.752698
v 5.244563 1.310320 2.753865
v 4.941289 0.693354 2.957288
v 4.219151 -2.791112 1.837362
v 4.798592 0.736763 2.377975
v 4.212767 -0.058444 1.828332
v 4.672760 0.847685 1.914475
v 4.276720 0.502961 1.645349
v 5.158791 1.325925 2.192782
v 5.078831 1.311481 1.589642
v 4.679562 1.042996 1.465941
v 4.476591 0.830413 1.443745
v 5.022942 1.326727 1.370382
v 5.378424 1.752061 2.014836
v 5.351248 1.755981 1.521908
v 5.480275 2.386113 1.629499
v 5.419606 2.385228 1.249808
v 5.261032 1.711797 1.242941
v 5.416744 2.319441 0.883732
v 5.560025 2.969972 1.428583
v 5.536527 2.956832 1.008078
v 5.660388 3.508857 1.522986
v 5.608302 3.463725 1.032614
v 5.543406 3.475708 0.667234
v 5.483454 2.964949 0.833695
v 5.705111 4.041369 0.989057
v 5.624458 3.972523 0.505076
v 5.886842 4.018344 1.354235
v 6.003350 4.785148 0.744496
v 5.903161 4.817283 0.735087
v 5.831425 4.733155 0.267095
v 6.230130 5.269110 0.458649
v 6.159432 5.237721 0.115659
v 6.303608 5.730899 0.543051
v 6.210528 5.667984 -0.009175
v 6.356264 5.979204 0.465915
v 6.356917 5.878838 -0.071755
v 6.395469 6.124720 0.420655
v 6.413298 6.021068 -0.113719
v 6.491976 6.587254 0.187031
v 6.486034 6.503211 -0.255716
v 6.552838 7.184269 0.339642
v 6.604951 7.072339 -0.429232
v 6.724146 7.637025 0.312292
v 6.732491 7.581132 -0.264514
v 6.894387 7.978607 0.206858
v 6.923371 7.936270 -0.367848
v 7.036918 8.114934 -0.156745
v 7.197051 8.243466 -0.460114
v 7.025175 8.119780 -0.422451
v 0.990140 -9.464245 -12.376011
v 1.268540 -8.642145 -13.016832
v 0.857176 -3.418482 -11.217270
v 0.126091 -9.422251 -11.811598
v 2.425439 -1.698095 -12.786049
v 1.470659 -1.053042 -11.510204
v 2.384614 -1.118687 -12.881721
v 1.663262 -0.570203 -11.925108
v 2.465715 -0.562446 -12.960176
v 1.782354 0.046796 -12.029378
v 1.159596 0.393616 -11.937709
v 0.741716 -0.064869 -11.397655
v 0.663083 -0.691679 -11.856007
v 0.394974 -1.415042 -12.047611
v -1.301794 -8.887737 -12.255317
v -0.738245 -7.982138 -14.012504
v -1.561745 -8.151490 -12.866394
v 0.816322 -1.045899 -13.736253
v 1.074404 -0.712188 -13.762211
v 1.361326 -0.028818 -13.857743
v 1.285240 0.992328 -12.073198
v 1.575121 0.325613 -13.904013
v 1.733679 1.083367 -11.558693
v 2.626115 0.198430 -13.065456
v 2.035447 1.738092 -12.253771
v 1.607976 1.898809 -12.105491
v 1.986012 1.075389 -14.010736
v 1.622879 2.762784 -11.714993
v 1.596039 2.237803 -13.094987
v 1.976256 2.655406 -11.655883
v 2.716127 1.326440 -12.728022
v 2.834790 1.837976 -12.815964
v 3.073804 2.781686 -12.604083
v 2.806824 3.029897 -12.734280
v 2.178145 3.457081 -12.398870
v 2.111320 3.284808 -12.996603
v 3.195364 3.581716 -12.746836
v 2.716009 3.787443 -13.297707
v 3.306584 3.295244 -12.653232
v 3.583046 3.700395 -13.026639
v 3.434446 3.835651 -12.841270
v 2.912899 4.188992 -13.044644
v 3.565443 4.108629 -13.111245
v 3.450829 4.142209 -12.894856
v 3.038981 4.513339 -13.014762
v 3.395159 4.554995 -12.988160
v 3.231527 4.792419 -13.341741
v 3.516804 4.486238 -13.195877
v 3.474665 4.887946 -13.440806
v 3.379622 4.971743 -13.482548
v 2.894634 5.402046 -12.432421
v 2.731255 5.017068 -12.585871
v 3.149065 5.518288 -12.626076
v 3.511681 5.281498 -13.480536
v 3.214813 5.793279 -12.540138
v 3.133660 6.002469 -12.653177
v 2.988066 5.750349 -12.877854
v 2.808116 5.638538 -12.975437
v 2.601640 5.442379 -13.025587
v 2.507566 4.702121 -12.259329
v 2.416133 5.003381 -13.070518
v 2.388040 4.262923 -12.494402
v 2.184308 4.357300 -13.016895
v 2.024192 3.484716 -13.073073
v 2.123050 4.187160 -13.566048
v 2.032586 3.307900 -13.642534
v 2.012591 2.023821 -13.951640
v 2.511865 4.898372 -13.589607
v 2.659494 5.413161 -13.612163
v 2.730913 5.756579 -13.613030
v 2.715219 6.194070 -12.667946
v 3.014637 6.264809 -12.714822
v 2.883920 6.537222 -12.897156
v 2.789824 6.349580 -13.600386
v 3.691864 5.742707 -13.460592
v 3.362666 6.207963 -12.504756
v 3.265283 6.522065 -12.616950
v 3.792830 6.239028 -13.275721
v 3.460607 6.648557 -12.562723
v 3.140785 6.995918 -12.767090
v 3.062781 6.950826 -13.210284
v 2.933562 7.073384 -13.561090
v 3.125844 7.791302 -12.700800
v 3.150040 7.729112 -13.459581
v 3.274403 8.573968 -12.581487
v 3.284170 8.396856 -13.365591
v 3.368516 9.167685 -12.499067
v 3.380708 8.952160 -13.290226
v 3.465919 9.486820 -12.449651
v 3.471696 9.361317 -13.235619
v 3.280407 7.707384 -12.648175
v 3.453484 8.544453 -12.523168
v 3.550502 9.169430 -12.445890
v 3.586991 9.439257 -12.419353
v 3.832245 9.602176 -13.146085
v 3.752299 9.643887 -13.159266
v 3.643054 9.633401 -13.181328
v 3.770019 9.462248 -12.373148
v 3.964762 9.635612 -13.122444
v 3.748599 9.165049 -12.392751
v 3.794711 8.380249 -12.852797
v 3.650738 7.514778 -12.947935
v 3.342833 7.051816 -12.325817
v 3.916233 6.622936 -13.430245
v 3.984954 7.337936 -13.226536
v 4.096123 8.243328 -13.159310
v 4.117028 8.938221 -13.121002
v 4.120553 9.277385 -13.108131
v 4.055127 9.611165 -13.109032
v 7.457540 -16.298044 -7.828762
v 7.145452 -4.422398 -8.045158
v 6.524942 -3.543265 -6.735219
v 7.040412 -16.101965 -6.946715
v 7.022893 -3.526829 -7.912154
v 6.335079 -2.154044 -7.042618
v 6.874715 -1.922353 -7.449444
v 6.294827 -1.200264 -7.155464
v 6.761128 -1.338749 -7.552309
v 6.171617 -0.442213 -7.059838
v 6.614301 -0.511649 -7.606011
v 6.117752 0.497248 -6.903934
v 6.652457 0.228383 -7.508301
v 6.131625 1.417155 -7.042154
v 6.629265 0.606365 -7.483722
v 6.085490 1.932983 -7.008449
v 6.716944 1.295259 -7.374138
v 6.124442 1.997205 -7.018596
v 6.772706 1.542853 -7.352468
v 6.250865 2.087547 -7.162688
v 6.909812 1.734458 -7.208222
v 6.380393 2.195426 -7.129513
v 7.125259 1.965741 -7.058033
v 6.575660 2.567523 -7.062778
v 7.303522 2.178305 -7.027695
v 6.751517 2.756457 -7.021627
v 7.541424 2.495080 -6.929462
v 6.840994 3.033053 -7.026474
v 7.676906 2.853773 -7.027487
v 6.903557 3.246500 -7.041272
v 7.552985 3.300693 -7.125973
v 6.917779 3.416219 -7.022041
v 7.427648 3.635619 -7.117431
v 6.859275 3.758564 -6.927362
v 7.577159 3.892505 -6.922612
v 7.008016 4.456217 -6.220114
v 7.793183 4.167807 -6.602480
v 7.212836 4.775087 -6.166400
v 8.027721 4.349775 -6.518485
v 7.461169 4.968926 -6.100482
v 8.220410 4.696531 -6.480076
v 7.704914 5.105436 -6.536172
v 8.392362 5.169897 -6.421482
v 7.827588 5.474370 -6.658182
v 8.585884 5.722207 -6.580370
v 7.907074 6.020944 -6.625051
v 8.670602 6.131172 -6.424826
v 8.025127 6.379360 -6.371842
v 8.592935 6.617477 -6.309071
v 8.006902 6.627323 -6.084766
v 8.542026 6.949317 -6.221811
v 7.858551 7.090384 -5.910542
v 10.098589 7.399815 -6.221521
v 8.660346 7.374954 -5.000451
v 7.943133 7.316744 -5.567179
v 7.285195 7.148722 -5.563601
v 7.299671 6.909114 -5.753716
v 7.227548 6.685084 -5.918227
v 7.201626 6.372811 -6.276961
v 7.108208 5.937903 -6.463176
v 7.011271 5.595638 -6.463823
v 6.847700 5.362837 -6.465951
v 6.774814 5.128699 -6.507917
v 6.489534 4.981925 -6.342989
v 6.287586 4.085829 -6.698041
v 6.724324 3.489083 -7.081280
v 6.587105 3.332692 -7.088379
v 6.492711 3.202399 -7.071254
v 6.325110 3.068134 -7.005706
v 6.076943 3.072520 -6.672250
v 5.797686 2.923904 -6.681011
v 5.598747 2.743569 -6.736677
v 5.445004 2.247234 -6.930294
v 5.361694 2.045694 -6.817316
v 5.349357 1.558378 -6.767105
v 5.400224 0.643324 -6.816265
v 5.457399 0.389698 -6.707034
v 5.381208 0.183496 -6.387490
v 5.507242 -0.956769 -6.332692
v 5.976579 -4.564231 -7.620272
v 6.152991 -16.276163 -7.123610
v 6.338041 -16.892220 -6.624401
v 6.919282 -16.977207 -6.386048
v 5.664335 -4.106670 -6.931518
v 5.972896 -16.420605 -7.120280
v 4.973804 -1.204152 -6.457624
v 4.917538 -4.530202 -7.257814
v 4.860217 -16.081259 -7.484204
v 4.960115 -16.949965 -7.002752
v 5.708088 -16.496094 -6.216174
v 4.829484 -16.603777 -7.117563
v 4.700823 -16.733976 -6.786005
v 4.578458 -15.888041 -7.383688
v 4.468529 -16.540237 -6.718247
v 4.350220 -16.072083 -7.463104
v 4.188783 -16.589077 -6.955767
v 4.550498 -3.993969 -6.540138
v 4.142237 -15.694300 -7.280732
v 4.193771 -4.036213 -6.791278
v 4.980244 -0.213769 -6.478216
v 5.092024 0.066067 -6.862460
v 5.114955 1.005651 -6.926611
v 5.038302 1.569692 -6.980618
v 5.109940 1.923725 -7.024531
v 5.189309 2.292689 -6.889601
v 5.260889 2.767071 -6.674727
v 5.005721 2.795317 -6.625895
v 4.804394 2.324956 -6.857399
v 4.683887 1.926865 -6.583223
v 4.642371 1.410694 -6.449306
v 4.626477 1.147749 -6.799715
v 4.741264 -0.977261 -6.672761
v 4.455814 -0.430337 -6.876124
v 3.972480 -4.518856 -7.222217
v 4.567785 0.605034 -6.856908
v 4.306520 0.943641 -6.953098
v 4.261153 -0.406829 -7.195089
v 3.891534 -4.325145 -7.285361
v 3.952244 -15.756168 -7.123346
v 3.853239 -15.593807 -7.129658
v 3.751088 -4.093194 -7.582248
v 3.745766 -15.288542 -7.171314
v 3.999313 0.143970 -7.178549
v 4.081252 1.329684 -6.734279
v 3.790603 0.919303 -6.897510
v 3.536404 0.165339 -7.483023
v 3.575243 -13.740726 -8.146812
v 3.622961 -15.161642 -7.183672
v 4.006983 1.747663 -6.618769
v 3.923183 1.392312 -7.408895
v 3.583241 0.907651 -7.523689
v 4.166917 1.718022 -6.748898
v 4.026822 2.126110 -6.486401
v 3.855064 1.956337 -6.615774
v 3.865670 1.647140 -6.678149
v 4.304307 1.637986 -6.410038
v 4.412650 1.986139 -6.364050
v 4.449823 2.502156 -6.702937
v 4.232510 2.068088 -6.735092
v 4.104077 2.389507 -6.500571
v 3.900815 2.193022 -6.624844
v 4.184896 2.610782 -6.569567
v 4.006601 2.472378 -6.616811
v 4.203498 2.911942 -6.413833
v 4.106450 2.826955 -6.586041
v 4.345197 2.481097 -6.759201
v 4.571828 3.008941 -6.288013
v 4.380429 3.122235 -6.106783
v 4.218747 3.237483 -6.181319
v 4.164873 3.108346 -6.470365
v 4.331974 3.306805 -6.084074
v 4.271989 3.511194 -6.044023
v 4.258767 3.374479 -6.347414
v 4.550960 3.396475 -5.810672
v 4.426951 3.612415 -5.979492
v 3.988103 3.754228 -5.853076
v 3.896869 3.639617 -6.300539
v 3.751074 4.038164 -5.506155
v 3.580199 3.878209 -6.305845
v 3.919468 3.981182 -5.315568
v 4.583111 3.689535 -6.024180
v 4.791553 3.435884 -6.241850
v 5.237535 3.233559 -6.545279
v 5.467017 3.317612 -6.285006
v 5.675338 3.347558 -6.325956
v 5.942049 3.462991 -6.370952
v 5.586809 3.721095 -6.123637
v 5.387152 3.678107 -6.046574
v 5.232661 3.421810 -6.380345
v 4.801065 3.543889 -6.185060
v 5.829098 3.852297 -6.307895
v 6.082433 3.571509 -6.373672
v 5.977321 3.930375 -6.380735
v 6.326087 3.443482 -6.982524
v 6.419119 3.478219 -7.020560
v 6.490631 3.643044 -7.009037
v 5.885535 4.355750 -6.284373
v 6.032229 5.130105 -6.432930
v 5.606502 3.877082 -6.051284
v 5.362112 3.864835 -5.911452
v 5.122905 3.831812 -5.805072
v 4.741609 3.901581 -5.608912
v 4.235874 3.961052 -5.430641
v 5.700181 4.355528 -6.200958
v 5.522275 4.355536 -6.207319
v 5.332046 4.317582 -6.332053
v 5.573762 4.721271 -6.463846
v 5.343574 4.746553 -6.464490
v 5.328053 4.617191 -6.602508
v 5.297810 4.318477 -6.423092
v 5.795359 4.696692 -6.535932
v 5.818624 4.999441 -6.699159
v 5.531192 5.096059 -6.646127
v 5.952753 5.359821 -6.500377
v 5.902808 5.641244 -6.527642
v 5.809031 5.377959 -6.876889
v 5.332893 5.106280 -6.576880
v 5.312825 4.982135 -6.816480
v 5.544489 5.476817 -6.797770
v 5.337759 5.499487 -6.736478
v 5.321410 5.359796 -6.979435
v 5.615191 5.606562 -6.879915
v 5.405797 5.635699 -6.887813
v 5.384132 5.574795 -6.980137
v 5.800273 5.579676 -6.906275
v 5.829061 5.823387 -6.698070
v 5.825216 5.723886 -6.896739
v 5.742700 5.815854 -6.910626
v 5.685312 5.843184 -6.912122
v 5.660194 5.795593 -6.921394
v 5.821321 5.842861 -6.882487
v 6.278048 5.556852 -6.533110
v 6.194735 5.805016 -6.563686
v 6.094094 5.930559 -6.758045
v 6.001536 6.051918 -6.830121
v 6.071120 6.268672 -6.887125
v 5.869759 6.138350 -6.951711
v 5.689655 6.030738 -6.954968
v 5.604174 6.002606 -6.995246
v 6.414387 5.763449 -6.488216
v 6.530206 6.048718 -6.237462
v 6.618326 6.289174 -6.091692
v 6.322345 6.020411 -6.735846
v 6.323474 6.337686 -6.809764
v 6.699169 6.527614 -6.305869
v 6.694021 6.925828 -5.915537
v 6.407502 6.772866 -6.794703
v 6.483665 6.987540 -5.866372
v 6.360100 6.966931 -6.345240
v 6.409600 7.149287 -5.871197
v 6.268609 7.039539 -6.195642
v 6.320432 7.280151 -5.697157
v 6.136163 7.165349 -6.180294
v 6.253579 7.395787 -5.304584
v 6.015933 7.319593 -6.180508
v 6.707283 7.118733 -5.758431
v 6.749451 7.216178 -5.613745
v 6.860990 7.364286 -5.532135
v 6.090872 6.634566 -6.977356
v 5.888358 6.608966 -6.985244
v 6.226863 6.822470 -6.930318
v 6.068963 6.864290 -7.055007
v 5.907418 6.831964 -6.977773
v 5.780458 6.725935 -7.072429
v 5.717438 6.530546 -7.061650
v 5.628879 6.470419 -7.086474
v 5.435794 6.347822 -7.133590
v 5.369196 6.268909 -7.192735
v 5.284510 6.640927 -7.226557
v 5.194849 6.525135 -7.339815
v 5.421726 6.864038 -7.085668
v 5.547515 6.841217 -7.177602
v 5.780635 6.867723 -7.134907
v 5.609526 6.940976 -7.058384
v 5.859970 6.879199 -7.214900
v 5.743127 7.095035 -7.145893
v 5.656495 7.082938 -7.183786
v 5.497571 7.143650 -7.093642
v 5.394902 7.057807 -7.140217
v 5.310796 7.041708 -7.155805
v 5.160081 6.949729 -7.208318
v 5.064271 6.844754 -7.396912
v 4.969273 7.361860 -7.223912
v 4.897599 7.263842 -7.418743
v 4.957613 7.668161 -7.232939
v 4.831566 7.505419 -7.420907
v 4.939290 7.862977 -7.297450
v 4.836738 7.723822 -7.478423
v 4.967608 7.978727 -7.437880
v 4.891427 7.938937 -7.562888
v 4.968842 8.189000 -7.375656
v 4.926516 8.118992 -7.581614
v 4.985128 8.454384 -7.468463
v 4.934657 8.404264 -7.685078
v 4.984001 8.733066 -7.533060
v 4.919200 8.666777 -7.745912
v 4.975973 8.957697 -7.548052
v 4.921222 8.916023 -7.757984
v 5.015897 9.155439 -7.668416
v 4.948932 9.133299 -7.709306
v 5.261804 7.563135 -7.036219
v 5.178570 7.877478 -7.012496
v 5.165474 8.028031 -7.020350
v 5.163914 8.138994 -7.139867
v 5.182063 8.223366 -7.351157
v 5.167732 8.509174 -7.450969
v 5.133811 8.759865 -7.521648
v 5.092717 8.950356 -7.540773
v 5.092657 9.134000 -7.650167
v 5.393619 7.582468 -7.105193
v 5.524615 7.501051 -7.207351
v 5.247506 7.914981 -7.020107
v 5.392451 7.872478 -7.183248
v 5.241689 8.028923 -7.013435
v 5.267397 8.144159 -7.129852
v 5.338637 8.234653 -7.381335
v 5.279685 8.430557 -7.599334
v 5.234488 8.735054 -7.684003
v 5.193369 8.925611 -7.704094
v 5.137262 9.097292 -7.683632
v 5.325007 8.025642 -7.097279
v 5.485205 7.953978 -7.324959
v 5.436057 8.073042 -7.382949
v 5.379778 8.235183 -7.475184
v 5.539984 7.858876 -7.279391
v 5.574596 7.515151 -7.267167
v 8.684163 7.549809 -4.797101
v 10.270645 7.643162 -5.225191
v 8.743713 7.769516 -4.775462
v 8.022109 7.517884 -5.132775
v 7.854779 7.819404 -4.996848
v 7.089511 7.580290 -5.110326
v 7.014939 7.851954 -4.938645
v 6.300793 7.602876 -5.011253
v 5.827816 7.508790 -6.180521
v 5.612150 7.651321 -6.128857
v 6.258232 7.828859 -4.903353
v 5.786270 7.780234 -5.245574
v 5.571888 7.815672 -5.351013
v 5.535954 7.903998 -6.087066
v 9.857660 7.768243 -4.971354
v 9.658116 7.478087 -5.036741
v 10.628753 7.770420 -6.221426
v 0.782668 2.020512 -6.287076
v 1.178752 -0.625236 -7.259024
v 1.790400 -2.008719 -6.836181
v 1.783805 -16.760687 -7.072361
v -8.457180 6.888930 -6.231236
v -7.488033 7.273865 -6.468403
v -7.219893 7.557468 -5.545112
v -7.418719 7.982589 -6.359139
v 1.580084 4.052377 -6.310346
v -4.419207 6.443683 3.982889
v -4.754637 6.590957 4.198823
v -5.064857 6.796522 4.113191
v -5.218026 6.994944 4.038898
v -5.324703 7.249063 4.039199
v -5.299537 7.612724 3.906005
v -5.307335 7.893784 3.788879
v -5.190330 8.407409 3.714262
v -5.131577 8.822542 3.553080
v -5.019140 9.298243 3.368387
v -5.008313 9.741991 3.195543
v -5.067533 9.953934 3.112583
v -5.098521 10.220042 2.957089
v -4.669258 6.017063 3.985882
v -2.276682 5.298262 4.141619
v -2.332339 5.289907 4.447966
v -2.406604 5.262446 4.458014
v -4.425519 5.089927 3.827430
v -5.987900 2.281075 5.110870
v -6.074021 2.705799 4.797040
v -6.824716 1.970460 5.654639
v -6.405392 1.990233 5.495744
v -6.386494 2.204195 5.471479
v -6.380999 1.775654 5.638778
v -3.352914 6.954001 3.957024
v -3.361082 6.435560 3.495127
v -3.380643 6.078500 3.457875
v -3.432382 5.670273 3.401138
v -3.416063 5.188719 3.408640
v -3.577677 4.232437 3.213690
v -3.697829 3.782637 3.208028
v -3.775414 3.201908 3.225115
v -3.757250 2.575006 3.017154
v -4.005627 2.322812 3.063985
v -4.041163 1.962597 2.752991
v -4.270939 1.415541 2.729576
v -4.418344 1.098317 2.565276
v -4.554770 0.412917 2.434477
v -4.737123 -0.323479 2.235682
v -5.087157 -1.940371 1.761829
v -5.368737 -5.432844 1.485722
v -6.559524 1.495864 5.559103
v 10.365328 7.870656 -5.183898
v 5.219451 4.075843 -6.229940
v 5.127055 4.030082 -6.259823
v 4.657370 4.048583 -6.055865
v 0.686683 4.910965 -6.274379
v -2.840595 4.589385 -6.177011
v -1.489493 9.477109 -6.283700
v -1.573292 9.478428 -6.381497
v -0.780327 12.107222 -6.505245
v -0.929667 11.973038 -6.605129
v -0.820222 13.024015 -6.320047
v -0.203144 13.049614 -6.297129
v -1.459232 9.963200 -6.473094
v 5.671798 5.757056 -6.893032
v 5.566365 5.794037 -6.870626
v 5.547722 5.752949 -6.914275
v -3.441357 9.077495 -6.167305
v -3.417087 9.077410 -5.358636
v -3.088857 9.074763 -4.807309
v -2.683582 9.052177 -4.833146
v -2.261216 9.041939 -4.742563
v -1.329906 9.065257 -4.740221
v -0.453295 9.004477 -5.026617
v -1.953596 4.502676 4.890972
v -2.231136 4.169015 4.637659
v -2.320880 4.132244 4.646375
v 1.466744 12.285108 -6.105967
v 0.851040 12.144534 -6.105765
v 0.139763 12.898970 -6.687167
v -12.355460 5.687696 -6.051104
v -0.146481 16.616205 -7.156445
v -0.030311 16.633682 -7.023790
v 0.051050 16.618650 -7.150291
v -1.459247 13.366590 -6.598173
v -0.026424 14.549038 -6.699666
v 1.063216 4.910965 -6.248787
v -4.711459 7.194798 4.055470
v -4.142721 7.131676 3.957501
v -2.718901 9.055887 3.323317
v 1.627931 4.910965 -6.022293
v -2.686704 4.639974 -4.843151
v -12.251203 11.314688 -6.504637
v 0.569590 6.220427 -7.155322
v 0.339153 5.653441 -7.116687
v -7.139995 7.701877 -6.031692
v 9.509431 7.885870 -6.386761
v 9.510158 8.827830 -6.293826
v 9.306404 8.727128 -6.145017
v 9.255268 7.559896 -6.346729
v 9.186123 8.806684 -6.300329
v 9.164530 7.485066 -6.401253
v 8.899276 7.711323 -6.262531
v 9.081926 7.422788 -6.242343
v 9.022517 8.782195 -6.308590
v 8.835621 7.705281 -6.279717
v 8.952821 8.771604 -6.314238
v 8.756827 7.671384 -6.286035
v 8.468202 7.632095 -6.929103
v 8.448107 7.881407 -6.496202
v 8.528296 8.258800 -6.434342
v 8.434599 8.136941 -6.661234
v 8.852656 8.847692 -6.260590
v 8.649132 7.786900 -6.305809
v 8.672127 8.831001 -6.186089
v 8.596429 7.743952 -6.492334
v 8.652169 9.589349 -6.483913
v 8.535286 8.717166 -6.571577
v 8.834642 9.727831 -6.389069
v 8.818191 10.638431 -5.947974
v 8.659892 9.720510 -6.668955
v 8.982768 9.968747 -5.971513
v 9.016122 10.577922 -5.788413
v 8.615638 10.715666 -6.252288
v 8.228916 10.686146 -5.128204
v 8.010575 10.834449 -5.868751
v 8.593132 10.737389 -5.109477
v 9.485180 10.787023 -5.734658
v 9.467177 10.431355 -5.829228
v 9.694495 10.212095 -6.127258
v 9.732023 9.973944 -6.051266
v 9.940951 9.970881 -6.053568
v 10.004872 9.825238 -6.133087
v 10.711352 10.695508 -5.660452
v 10.408785 10.656957 -5.643692
v 9.936072 10.726986 -5.668045
v 9.695426 10.734906 -5.713599
v 11.052816 10.815027 -5.719133
v 10.807985 10.837214 -5.269331
v 10.450351 10.826251 -5.234745
v 10.149217 10.796692 -5.211972
v 9.702291 10.859143 -5.176696
v 8.977322 10.837958 -5.161348
v -12.389660 10.511085 -6.237122
v -12.113183 10.414174 -6.205368
v -12.302031 10.432213 -6.231668
v -12.317899 10.504895 -5.920478
v -12.402859 10.560150 -6.137354
v -12.808958 10.550745 -5.234194
v -13.060179 10.533269 -6.113103
v -12.338717 10.571103 -5.244691
v -11.916170 10.545710 -5.919237
v -11.959211 10.381466 -6.177873
v -11.825764 10.394174 -6.355702
v -10.361827 10.423573 -5.986670
v -11.538314 10.501312 -6.050389
v -11.798460 10.501002 -5.968010
v -9.998234 10.537237 -5.921023
v -10.154394 10.559206 -5.126713
v -11.799183 10.579709 -5.262749
v -12.080277 10.595231 -5.226482
v 0.472495 12.320609 -5.068633
v 0.717155 12.319846 -5.156954
v 1.339854 12.366675 -5.036522
v 0.934828 12.320120 -5.108108
v -0.433073 12.320835 -5.135313
v 2.031119 4.723330 -5.655031
v 1.928510 4.721116 -5.779863
v -2.925664 4.404618 -6.127515
v -13.102079 10.528635 -5.609583
v -7.140050 7.990492 -6.017798
v -2.922927 4.564275 -5.206573
v 0.115616 8.902366 -5.869804
v 0.634005 8.506261 -6.588896
v -0.633960 12.336707 -5.548896
v -1.273898 -4.859525 -6.869981
v 1.219060 -4.768316 -6.770308
v 1.785657 -4.870163 -7.006043
v 2.068144 -4.997000 -7.945067
v -2.851850 -4.783547 -6.750042
v -4.036900 -4.607492 -6.994973
v -4.680500 -4.714832 -7.989792
v -7.615221 -4.069215 -7.689526
v -6.567199 -4.406492 -7.756711
v -9.069757 -4.269608 -7.926927
v -10.180153 -3.912343 -7.497066
v -10.987988 -3.257991 -7.627766
v -11.608262 -3.075388 -7.108211
v -12.254637 -2.706939 -7.968053
v -18.924908 22.292915 -5.410206
v -18.160997 22.290924 -5.413280
v -18.160795 22.399376 -5.413267
v -18.923670 22.399313 -5.411206
v -17.687204 22.292915 -5.410206
v -16.923281 22.290922 -5.413280
v -16.923065 22.399378 -5.413267
v -17.685946 22.399315 -5.411206
v -16.331120 22.292923 -5.414773
v -15.567206 22.290930 -5.417847
v -15.567008 22.399372 -5.417835
v -16.329878 22.399319 -5.415774
v -15.017442 22.292923 -5.419198
v -14.253530 22.290928 -5.422273
v -14.253311 22.399372 -5.422259
v -15.016191 22.399319 -5.420199
v -13.818000 22.292925 -5.423238
v -13.054078 22.290907 -5.426312
v -13.053882 22.399395 -5.426300
v -13.816750 22.399319 -5.424240
v -12.636299 22.292925 -5.427219
v -11.872395 22.290905 -5.430293
v -11.872182 22.399393 -5.430280
v -12.635039 22.399319 -5.428221
v -11.542565 22.292925 -5.430903
v -10.778647 22.290907 -5.433977
v -10.778428 22.399393 -5.433965
v -11.541333 22.399319 -5.431905
v -10.064960 22.292915 -5.410206
v -9.301049 22.290924 -5.413280
v -9.300847 22.399376 -5.413267
v -10.063722 22.399313 -5.411206
v -8.827256 22.292915 -5.410206
v -8.063333 22.290922 -5.413280
v -8.063117 22.399378 -5.413267
v -8.825997 22.399315 -5.411206
v -7.471171 22.292923 -5.414773
v -6.707257 22.290930 -5.417847
v -6.707058 22.399372 -5.417835
v -7.469929 22.399319 -5.415774
v -6.157492 22.292923 -5.419198
v -5.393580 22.290928 -5.422273
v -5.393362 22.399372 -5.422259
v -6.156241 22.399319 -5.420199
v -4.958050 22.292925 -5.423238
v -4.194129 22.290907 -5.426312
v -4.193932 22.399395 -5.426300
v -4.956800 22.399319 -5.424240
v -3.776350 22.292925 -5.427219
v -3.012445 22.290905 -5.430293
v -3.012232 22.399393 -5.430280
v -3.775090 22.399319 -5.428221
v -2.682616 22.292925 -5.430903
v -1.918698 22.290907 -5.433977
v -1.918479 22.399393 -5.433965
v -2.681384 22.399319 -5.431905
v -1.362822 22.292915 -5.410206
v -0.598912 22.290924 -5.413280
v -0.598710 22.399376 -5.413267
v -1.361584 22.399313 -5.411206
v -0.125119 22.292915 -5.410206
v 0.638805 22.290922 -5.413280
v 0.639020 22.399378 -5.413267
v -0.123860 22.399315 -5.411206
v 1.230966 22.292923 -5.414773
v 1.994880 22.290930 -5.417847
v 1.995078 22.399372 -5.417835
v 1.232208 22.399319 -5.415774
v 2.544645 22.292923 -5.419198
v 3.308557 22.290928 -5.422273
v 3.308775 22.399372 -5.422259
v 2.545896 22.399319 -5.420199
v 3.744087 22.292925 -5.423238
v 4.508008 22.290907 -5.426312
v 4.508205 22.399395 -5.426300
v 3.745337 22.399319 -5.424240
v 4.925787 22.292925 -5.427219
v 5.689692 22.290905 -5.430293
v 5.689905 22.399393 -5.430280
v 4.927047 22.399319 -5.428221
v 6.019521 22.292925 -5.430903
v 6.783439 22.290907 -5.433977
v 6.783659 22.399393 -5.433965
v 6.020753 22.399319 -5.431905
v 7.319112 22.292915 -5.410206
v 8.083022 22.290924 -5.413280
v 8.083224 22.399376 -5.413267
v 7.320350 22.399313 -5.411206
v 8.556815 22.292915 -5.410206
v 9.320739 22.290922 -5.413280
v 9.320954 22.399378 -5.413267
v 8.558074 22.399315 -5.411206
v 9.912900 22.292923 -5.414773
v 10.676814 22.290930 -5.417847
v 10.677012 22.399372 -5.417835
v 9.914142 22.399319 -5.415774
v 11.226579 22.292923 -5.419198
v 11.990491 22.290928 -5.422273
v 11.990709 22.399372 -5.422259
v 11.227830 22.399319 -5.420199
v 12.426021 22.292925 -5.423238
v 13.189942 22.290907 -5.426312
v 13.190139 22.399395 -5.426300
v 12.427271 22.399319 -5.424240
v 13.607721 22.292925 -5.427219
v 14.371626 22.290905 -5.430293
v 14.371839 22.399393 -5.430280
v 13.608981 22.399319 -5.428221
v 14.701455 22.292925 -5.430903
v 15.465373 22.290907 -5.433977
v 15.465592 22.399393 -5.433965
v 14.702687 22.399319 -5.431905
v 15.983748 22.292925 -5.427219
v 16.747654 22.290905 -5.430293
v 16.747868 22.399393 -5.430280
v 15.985009 22.399319 -5.428221
v -18.956675 22.404434 -5.410206
v -18.958675 21.640522 -5.413280
v -18.850227 21.640324 -5.413267
v -18.850288 22.403198 -5.411206
v -18.956682 21.166729 -5.410206
v -18.958673 20.402807 -5.413280
v -18.850222 20.402590 -5.413267
v -18.850286 21.165476 -5.411206
v -18.956675 19.810646 -5.414773
v -18.958670 19.046740 -5.417847
v -18.850227 19.046535 -5.417835
v -18.850279 19.809408 -5.415774
v -18.956675 18.496971 -5.419198
v -18.958672 17.733059 -5.422273
v -18.850229 17.732840 -5.422259
v -18.850281 18.495720 -5.420199
v -18.956671 17.297529 -5.423238
v -18.958689 16.533606 -5.426312
v -18.850203 16.533407 -5.426300
v -18.850277 17.296276 -5.424240
v -18.956675 16.115829 -5.427219
v -18.958691 15.351919 -5.430293
v -18.850203 15.351709 -5.430280
v -18.850277 16.114567 -5.428221
v -18.956675 15.022093 -5.430903
v -18.958691 14.258175 -5.433977
v -18.850208 14.257956 -5.433965
v -18.850281 15.020859 -5.431905
v -18.956682 13.544491 -5.410206
v -18.958673 12.780581 -5.413280
v -18.850225 12.780378 -5.413267
v -18.850286 13.543251 -5.411206
v -18.956682 12.306782 -5.410204
v -18.958677 11.542860 -5.413278
v -18.850220 11.542644 -5.413266
v -18.850283 12.305524 -5.411205
v -18.956675 10.950701 -5.414773
v -18.958666 10.186785 -5.417847
v -18.850225 10.186586 -5.417835
v -18.850279 10.949458 -5.415774
v -18.956675 9.637020 -5.419198
v -18.958670 8.873106 -5.422273
v -18.850225 8.872889 -5.422259
v -18.850279 9.635769 -5.420199
v -18.956673 8.437578 -5.423238
v -18.958691 7.673656 -5.426312
v -18.850203 7.673460 -5.426300
v -18.850279 8.436329 -5.424240
v -18.956671 7.255879 -5.427219
v -18.958691 6.491972 -5.430293
v -18.850204 6.491759 -5.430280
v -18.850279 7.254616 -5.428221
v -18.956673 6.162143 -5.430903
v -18.958691 5.398223 -5.433977
v -18.850204 5.398004 -5.433965
v -18.850279 6.160911 -5.431905
v -18.956682 4.842346 -5.410206
v -18.958672 4.078437 -5.413280
v -18.850220 4.078235 -5.413267
v -18.850285 4.841108 -5.411206
v -18.956678 3.604644 -5.410206
v -18.958675 2.840721 -5.413280
v -18.850220 2.840503 -5.413267
v -18.850281 3.603385 -5.411206
v -18.956675 2.248559 -5.414773
v -18.958668 1.484643 -5.417847
v -18.850225 1.484447 -5.417835
v -18.850279 2.247316 -5.415774
v -18.956675 0.934879 -5.419198
v -18.958670 0.170965 -5.422273
v -18.850225 0.170747 -5.422259
v -18.850279 0.933628 -5.420199
v -18.956673 -0.174676 -5.423238
v -18.958689 -0.938599 -5.426312
v -18.850203 -0.938794 -5.426300
v -18.850279 -0.175925 -5.424240
v -18.956675 -1.356377 -5.427219
v -18.958693 -2.120282 -5.430293
v -18.850204 -2.120494 -5.430280
v -18.850279 -1.357636 -5.428221
v -18.956671 -2.450110 -5.430903
v -18.958691 -3.214030 -5.433977
v -18.850203 -3.214250 -5.433965
v -18.850277 -2.451343 -5.431905
v 16.658781 22.404434 -5.410206
v 16.656780 21.640522 -5.413280
v 16.765228 21.640324 -5.413267
v 16.765167 22.403198 -5.411206
v 16.658773 21.166729 -5.410206
v 16.656782 20.402807 -5.413280
v 16.765234 20.402590 -5.413267
v 16.765169 21.165476 -5.411206
v 16.658781 19.810646 -5.414773
v 16.656786 19.046740 -5.417847
v 16.765228 19.046535 -5.417835
v 16.765177 19.809408 -5.415774
v 16.658781 18.496971 -5.419198
v 16.656784 17.733059 -5.422273
v 16.765226 17.732840 -5.422259
v 16.765175 18.495720 -5.420199
v 16.658785 17.297529 -5.423238
v 16.656767 16.533606 -5.426312
v 16.765253 16.533407 -5.426300
v 16.765179 17.296276 -5.424240
v 16.658781 16.115829 -5.427219
v 16.656765 15.351919 -5.430293
v 16.765253 15.351709 -5.430280
v 16.765179 16.114567 -5.428221
v 16.658781 15.022093 -5.430903
v 16.656765 14.258175 -5.433977
v 16.765247 14.257956 -5.433965
v 16.765175 15.020859 -5.431905
v 16.658773 13.544491 -5.410206
v 16.656782 12.780581 -5.413280
v 16.765230 12.780378 -5.413267
v 16.765169 13.543251 -5.411206
v 16.658773 12.306783 -5.410206
v 16.656778 11.542860 -5.413280
v 16.765236 11.542645 -5.413267
v 16.765173 12.305525 -5.411206
v 16.658781 10.950701 -5.414773
v 16.656790 10.186785 -5.417847
v 16.765230 10.186586 -5.417835
v 16.765177 10.949458 -5.415774
v 16.658781 9.637020 -5.419198
v 16.656786 8.873106 -5.422273
v 16.765230 8.872889 -5.422259
v 16.765177 9.635769 -5.420199
v 16.658783 8.437578 -5.423238
v 16.656765 7.673656 -5.426312
v 16.765253 7.673460 -5.426300
v 16.765177 8.436329 -5.424240
v 16.658785 7.255879 -5.427219
v 16.656765 6.491972 -5.430293
v 16.765251 6.491759 -5.430280
v 16.765177 7.254616 -5.428221
v 16.658783 6.162143 -5.430903
v 16.656765 5.398223 -5.433977
v 16.765251 5.398004 -5.433965
v 16.765177 6.160911 -5.431905
v 16.658773 4.842346 -5.410206
v 16.656784 4.078437 -5.413280
v 16.765236 4.078235 -5.413267
v 16.765171 4.841108 -5.411206
v 16.658777 3.604644 -5.410206
v 16.656780 2.840721 -5.413280
v 16.765236 2.840503 -5.413267
v 16.765175 3.603385 -5.411206
v 16.658781 2.248559 -5.414773
v 16.656788 1.484643 -5.417847
v 16.765230 1.484447 -5.417835
v 16.765177 2.247316 -5.415774
v 16.658781 0.967690 -5.419198
v 16.656786 0.301461 -5.422273
v 16.765230 0.301271 -5.422259
v 16.765177 0.966599 -5.420199
v 16.658783 -0.078372 -5.423238
v 16.656767 -0.744610 -5.426312
v 16.765253 -0.744779 -5.426300
v 16.765177 -0.079462 -5.424240
v 16.658781 -1.108964 -5.427219
v 16.656763 -1.775185 -5.430293
v 16.765251 -1.775370 -5.430280
v 16.765177 -1.110062 -5.428221
v 16.658785 -2.062837 -5.430903
v 16.656765 -2.729071 -5.433977
v 16.765253 -2.729262 -5.433965
v 16.765179 -2.063911 -5.431905
v -18.956671 -3.573936 -5.430903
v -18.958691 -3.982258 -5.433977
v -18.850203 -3.982375 -5.433965
v -18.850277 -3.574595 -5.431905
v 16.658785 -3.176530 -5.430903
v 16.656765 -3.842764 -5.433977
v 16.765253 -3.842955 -5.433965
v 16.765179 -3.177604 -5.431905
v -18.924908 -4.043908 -5.410206
v -18.160997 -4.045899 -5.413280
v -18.160795 -3.937447 -5.413267
v -18.923670 -3.937510 -5.411206
v -17.687204 -4.043908 -5.410206
v -16.923281 -4.045901 -5.413280
v -16.923065 -3.937445 -5.413267
v -17.685946 -3.937508 -5.411206
v -16.331120 -4.043900 -5.414773
v -15.567206 -4.045893 -5.417847
v -15.567008 -3.937451 -5.417835
v -16.329878 -3.937504 -5.415774
v -15.017442 -4.043900 -5.419198
v -14.253530 -4.045895 -5.422273
v -14.253311 -3.937451 -5.422259
v -15.016191 -3.937504 -5.420199
v -13.818000 -4.043898 -5.423238
v -13.054078 -4.045916 -5.426312
v -13.053882 -3.937428 -5.426300
v -13.816750 -3.937504 -5.424240
v -12.636299 -4.043898 -5.427219
v -11.872395 -4.045918 -5.430293
v -11.872182 -3.937430 -5.430280
v -12.635039 -3.937504 -5.428221
v -11.542565 -4.043898 -5.430903
v -10.778647 -4.045916 -5.433977
v -10.778428 -3.937430 -5.433965
v -11.541333 -3.937504 -5.431905
v -10.064960 -4.043908 -5.410206
v -9.301049 -4.045899 -5.413280
v -9.300847 -3.937447 -5.413267
v -10.063722 -3.937510 -5.411206
v -8.827256 -4.043908 -5.410206
v -8.063333 -4.045901 -5.413280
v -8.063117 -3.937445 -5.413267
v -8.825997 -3.937508 -5.411206
v -7.471171 -4.043900 -5.414773
v -6.707257 -4.045893 -5.417847
v -6.707058 -3.937451 -5.417835
v -7.469929 -3.937504 -5.415774
v -6.157492 -4.043900 -5.419198
v -5.393580 -4.045895 -5.422273
v -5.393362 -3.937451 -5.422259
v -6.156241 -3.937504 -5.420199
v -4.958050 -4.043898 -5.423238
v -4.194129 -4.045916 -5.426312
v -4.193932 -3.937428 -5.426300
v -4.956800 -3.937504 -5.424240
v -3.776350 -4.043898 -5.427219
v -3.012445 -4.045918 -5.430293
v -3.012232 -3.937430 -5.430280
v -3.775090 -3.937504 -5.428221
v -2.682616 -4.043898 -5.430903
v -1.918698 -4.045916 -5.433977
v -1.918479 -3.937430 -5.433965
v -2.681384 -3.937504 -5.431905
v -1.362822 -4.043908 -5.410206
v -0.598912 -4.045899 -5.413280
v -0.598710 -3.937447 -5.413267
v -1.361584 -3.937510 -5.411206
v -0.125119 -4.043908 -5.410206
v 0.638805 -4.045901 -5.413280
v 0.639020 -3.937445 -5.413267
v -0.123860 -3.937508 -5.411206
v 1.230966 -4.043900 -5.414773
v 1.994880 -4.045893 -5.417847
v 1.995078 -3.937451 -5.417835
v 1.232208 -3.937504 -5.415774
v 2.544645 -4.043900 -5.419198
v 3.308557 -4.045895 -5.422273
v 3.308775 -3.937451 -5.422259
v 2.545896 -3.937504 -5.420199
v 3.744087 -4.043898 -5.423238
v 4.508008 -4.045916 -5.426312
v 4.508205 -3.937428 -5.426300
v 3.745337 -3.937504 -5.424240
v 4.925787 -4.043898 -5.427219
v 5.689692 -4.045918 -5.430293
v 5.689905 -3.937430 -5.430280
v 4.927047 -3.937504 -5.428221
v 6.019521 -4.043898 -5.430903
v 6.783439 -4.045916 -5.433977
v 6.783659 -3.937430 -5.433965
v 6.020753 -3.937504 -5.431905
v 7.319112 -4.043908 -5.410206
v 8.083022 -4.045899 -5.413280
v 8.083224 -3.937447 -5.413267
v 7.320350 -3.937510 -5.411206
v 8.556815 -4.043908 -5.410206
v 9.320739 -4.045901 -5.413280
v 9.320954 -3.937445 -5.413267
v 8.558074 -3.937508 -5.411206
v 9.912900 -4.043900 -5.414773
v 10.676814 -4.045893 -5.417847
v 10.677012 -3.937451 -5.417835
v 9.914142 -3.937504 -5.415774
v 11.226579 -4.043900 -5.419198
v 11.990491 -4.045895 -5.422273
v 11.990709 -3.937451 -5.422259
v 11.227830 -3.937504 -5.420199
v 12.426021 -4.043898 -5.423238
v 13.189942 -4.045916 -5.426312
v 13.190139 -3.937428 -5.426300
v 12.427271 -3.937504 -5.424240
v 13.607721 -4.043898 -5.427219
v 14.371626 -4.045918 -5.430293
v 14.371839 -3.937430 -5.430280
v 13.608981 -3.937504 -5.428221
v 14.701455 -4.043898 -5.430903
v 15.465373 -4.045916 -5.433977
v 15.465592 -3.937430 -5.433965
v 14.702687 -3.937504 -5.431905
v 15.983748 -4.043898 -5.427219
v 16.747654 -4.045918 -5.430293
v 16.747868 -3.937430 -5.430280
v 15.985009 -3.937504 -5.428221
v 3.748875 -4.006779 -7.995183
vt 0.333259 0.266197
vt 0.318509 0.312912
vt 0.295407 0.293633
vt 0.294230 0.234228
vt 0.296822 0.354060
vt 0.291251 0.316974
vt 0.289544 0.416711
vt 0.272572 0.391700
vt 0.284210 0.451846
vt 0.264747 0.431861
vt 0.276907 0.478322
vt 0.254315 0.459558
vt 0.267459 0.497476
vt 0.247012 0.484486
vt 0.255467 0.520976
vt 0.238666 0.505259
vt 0.245346 0.538058
vt 0.232928 0.524647
vt 0.221451 0.487256
vt 0.223538 0.467868
vt 0.225625 0.444325
vt 0.228233 0.412473
vt 0.232928 0.375082
vt 0.245447 0.314148
vt 0.253793 0.261523
vt 0.252228 0.224132
vt 0.305957 0.165968
vt 0.338262 0.218760
vt 0.243360 0.145195
vt 0.237622 0.232441
vt 0.215192 0.175662
vt 0.240230 0.268448
vt 0.235536 0.309993
vt 0.223538 0.368158
vt 0.216757 0.413858
vt 0.215714 0.444325
vt 0.215714 0.466483
vt 0.214149 0.483101
vt 0.206324 0.445710
vt 0.208932 0.415243
vt 0.200064 0.448480
vt 0.205281 0.416628
vt 0.202673 0.473407
vt 0.193805 0.474792
vt 0.199543 0.510798
vt 0.191447 0.510699
vt 0.194326 0.539880
vt 0.184665 0.528702
vt 0.210497 0.535726
vt 0.218322 0.531571
vt 0.235914 0.571752
vt 0.226668 0.560653
vt 0.215714 0.557884
vt 0.207889 0.556499
vt 0.195370 0.559268
vt 0.188067 0.575887
vt 0.182329 0.557884
vt 0.172927 0.541066
vt 0.214670 0.362618
vt 0.213105 0.334921
vt 0.211540 0.294760
vt 0.208411 0.262908
vt 0.183372 0.175662
vt 0.200064 0.311378
vt 0.190153 0.282296
vt 0.177112 0.208899
vt 0.185459 0.293375
vt 0.178156 0.232441
vt 0.196413 0.323842
vt 0.206324 0.344615
vt 0.209454 0.365388
vt 0.202673 0.350154
vt 0.205802 0.369543
vt 0.234660 0.600263
vt 0.224060 0.595275
vt 0.231147 0.623156
vt 0.221451 0.610508
vt 0.228424 0.638205
vt 0.219100 0.634038
vt 0.210497 0.588350
vt 0.203194 0.585581
vt 0.207889 0.621587
vt 0.199543 0.614663
vt 0.182850 0.604969
vt 0.205157 0.634191
vt 0.198427 0.633129
vt 0.182196 0.626125
vt 0.215566 0.638020
vt 0.167723 0.586966
vt 0.161463 0.570347
vt 0.162497 0.560197
vt 0.169288 0.624357
vt 0.151552 0.617433
vt 0.143206 0.586966
vt 0.144752 0.575331
vt 0.133102 0.605866
vt 0.131537 0.596172
vt 0.136946 0.627127
vt 0.168778 0.630404
vt 0.153528 0.635111
vt 0.142984 0.659443
vt 0.146391 0.711031
vt 0.138852 0.696567
vt 0.136078 0.687751
vt 0.125088 0.661288
vt 0.119215 0.641412
vt 0.118639 0.629847
vt 0.109979 0.673151
vt 0.116504 0.682331
vt 0.125547 0.706961
vt 0.132850 0.713885
vt 0.139268 0.732399
vt 0.136385 0.752810
vt 0.126996 0.737577
vt 0.113955 0.716804
vt 0.107686 0.705982
vt 0.129025 0.790022
vt 0.123016 0.779872
vt 0.111540 0.764638
vt 0.105802 0.754944
vt 0.110168 0.822690
vt 0.120601 0.826844
vt 0.101300 0.810226
vt 0.105937 0.844063
vt 0.101242 0.837139
vt 0.111950 0.846261
vt 0.109598 0.866934
vt 0.106458 0.862066
vt 0.100720 0.852372
vt 0.104372 0.884224
vt 0.101239 0.875915
vt 0.229392 0.659540
vt 0.221425 0.647529
vt 0.236908 0.670473
vt 0.213779 0.640808
vt 0.208384 0.641236
vt 0.201674 0.635502
vt 0.193613 0.635608
vt 0.182233 0.626478
vt 0.179392 0.631581
vt 0.169498 0.635314
vt 0.159109 0.644812
vt 0.154252 0.650388
vt 0.142444 0.692189
vt 0.145485 0.661941
vt 0.454050 0.287728
vt 0.448826 0.311466
vt 0.435323 0.289221
vt 0.433506 0.265604
vt 0.441529 0.375591
vt 0.419426 0.365114
vt 0.438745 0.446812
vt 0.412973 0.420391
vt 0.390983 0.351539
vt 0.394113 0.271217
vt 0.397580 0.228191
vt 0.398741 0.198085
vt 0.432866 0.219086
vt 0.464534 0.226902
vt 0.365272 0.260261
vt 0.364565 0.246307
vt 0.364902 0.286451
vt 0.349253 0.305839
vt 0.346594 0.272412
vt 0.347856 0.251676
vt 0.338298 0.268448
vt 0.338298 0.225517
vt 0.340385 0.312763
vt 0.358650 0.347111
vt 0.345601 0.339076
vt 0.371161 0.337691
vt 0.365945 0.395855
vt 0.384724 0.402779
vt 0.380551 0.449864
vt 0.366988 0.459558
vt 0.436213 0.456981
vt 0.412892 0.440170
vt 0.384412 0.459750
vt 0.362815 0.469253
vt 0.363108 0.476480
vt 0.357599 0.483101
vt 0.363716 0.496371
vt 0.446904 0.459140
vt 0.446477 0.459456
vt 0.446436 0.467192
vt 0.452269 0.481451
vt 0.380551 0.517723
vt 0.409762 0.531571
vt 0.394635 0.531571
vt 0.419673 0.537111
vt 0.431150 0.532956
vt 0.423759 0.550959
vt 0.417587 0.550959
vt 0.425875 0.570565
vt 0.418109 0.582811
vt 0.405068 0.552344
vt 0.392548 0.552344
vt 0.375856 0.552344
vt 0.402460 0.582811
vt 0.389419 0.585581
vt 0.375334 0.581426
vt 0.384202 0.617433
vt 0.371161 0.613278
vt 0.370118 0.581426
vt 0.366467 0.553729
vt 0.363337 0.512183
vt 0.417587 0.616048
vt 0.400895 0.620202
vt 0.361250 0.625742
vt 0.352221 0.647308
vt 0.416022 0.652054
vt 0.428520 0.610071
vt 0.426125 0.655189
vt 0.428586 0.687624
vt 0.415500 0.686676
vt 0.428652 0.721297
vt 0.416022 0.719912
vt 0.400895 0.724067
vt 0.397243 0.700525
vt 0.399330 0.675597
vt 0.388786 0.696372
vt 0.396317 0.732231
vt 0.400373 0.769767
vt 0.413414 0.744840
vt 0.427290 0.744674
vt 0.436520 0.759568
vt 0.442939 0.764776
vt 0.414429 0.821017
vt 0.403667 0.820775
vt 0.397202 0.814140
vt 0.396721 0.780847
vt 0.418206 0.820071
vt 0.419475 0.847757
vt 0.414457 0.848705
vt 0.404546 0.847320
vt 0.398286 0.841780
vt 0.415500 0.875017
vt 0.410284 0.875017
vt 0.421672 0.873050
vt 0.423876 0.907526
vt 0.421760 0.906869
vt 0.416544 0.909639
vt 0.406633 0.883326
vt 0.418219 0.937410
vt 0.176609 0.154118
vt 0.170350 0.188482
vt 0.156247 0.178432
vt 0.153639 0.128577
vt 0.169044 0.251572
vt 0.155725 0.237981
vt 0.165133 0.289577
vt 0.151552 0.276757
vt 0.162803 0.328967
vt 0.149987 0.316918
vt 0.160976 0.362104
vt 0.149466 0.350154
vt 0.160538 0.386814
vt 0.147207 0.380661
vt 0.161051 0.409388
vt 0.148252 0.399297
vt 0.163219 0.430832
vt 0.153286 0.429090
vt 0.162435 0.450220
vt 0.154851 0.440169
vt 0.157484 0.460370
vt 0.151722 0.451248
vt 0.137295 0.400306
vt 0.133123 0.380661
vt 0.148244 0.430554
vt 0.132948 0.412177
vt 0.125820 0.390355
vt 0.132252 0.348770
vt 0.130687 0.319687
vt 0.129122 0.285066
vt 0.135381 0.244905
vt 0.135903 0.207514
vt 0.134860 0.177047
vt 0.125470 0.139656
vt 0.127557 0.181201
vt 0.122340 0.152119
vt 0.126514 0.217208
vt 0.125470 0.258754
vt 0.124949 0.285066
vt 0.121819 0.319688
vt 0.122340 0.354309
vt 0.084036 0.125707
vt 0.088434 0.161813
vt 0.067569 0.136886
vt 0.073307 0.091185
vt 0.086897 0.201560
vt 0.064960 0.165968
vt 0.077564 0.234213
vt 0.068612 0.213053
vt 0.073902 0.268355
vt 0.065482 0.257369
vt 0.071061 0.315943
vt 0.060787 0.301684
vt 0.067368 0.357126
vt 0.055049 0.337691
vt 0.063705 0.402429
vt 0.054030 0.380525
vt 0.059301 0.432800
vt 0.049347 0.418314
vt 0.056933 0.459075
vt 0.050390 0.450166
vt 0.052999 0.473708
vt 0.048825 0.468169
vt 0.043417 0.484638
vt 0.040965 0.384776
vt 0.040444 0.348770
vt 0.041523 0.414159
vt 0.042566 0.443241
vt 0.041001 0.462629
vt 0.038914 0.486172
vt 0.033698 0.484787
vt 0.031337 0.464371
vt 0.030047 0.440472
vt 0.031074 0.429650
vt 0.032085 0.398981
vt 0.028433 0.361590
vt 0.042008 0.307224
vt 0.030011 0.312763
vt 0.046181 0.271217
vt 0.052963 0.222747
vt 0.049833 0.177047
vt 0.047225 0.149350
vt 0.047225 0.089801
vt 0.026359 0.161814
vt 0.030532 0.123037
vt 0.031054 0.193665
vt 0.037835 0.229672
vt 0.038879 0.269832
vt 0.031576 0.232441
vt 0.026359 0.203359
vt 0.021665 0.165968
vt 0.617403 0.175280
vt 0.607463 0.217208
vt 0.585554 0.181201
vt 0.612158 0.123037
vt 0.593386 0.233782
vt 0.582424 0.200589
vt 0.587119 0.242135
vt 0.601679 0.275137
vt 0.596833 0.285448
vt 0.604283 0.325702
vt 0.597933 0.325465
vt 0.601908 0.365338
vt 0.596368 0.365244
vt 0.600308 0.391508
vt 0.595522 0.391938
vt 0.610196 0.422009
vt 0.603988 0.432388
vt 0.615473 0.452175
vt 0.604927 0.466631
vt 0.586004 0.484808
vt 0.578644 0.445885
vt 0.570007 0.411261
vt 0.565452 0.379526
vt 0.560128 0.340898
vt 0.556444 0.302543
vt 0.552474 0.261816
vt 0.549625 0.213657
vt 0.550221 0.186955
vt 0.564674 0.105768
vt 0.536147 0.190633
vt 0.529931 0.112323
vt 0.534718 0.223536
vt 0.536278 0.273255
vt 0.539117 0.318230
vt 0.542333 0.352365
vt 0.545460 0.398383
vt 0.548039 0.422101
vt 0.523698 0.252709
vt 0.524191 0.226840
vt 0.514193 0.271856
vt 0.508240 0.228429
vt 0.524384 0.327073
vt 0.508737 0.326697
vt 0.498014 0.324658
vt 0.499741 0.282639
vt 0.493193 0.236550
vt 0.523334 0.187854
vt 0.505943 0.194516
vt 0.517861 0.116070
vt 0.500164 0.122000
vt 0.490892 0.203039
vt 0.484092 0.131746
vt 0.482354 0.243782
vt 0.478886 0.209158
vt 0.484741 0.298820
vt 0.486165 0.329960
vt 0.471343 0.135592
vt 0.470514 0.216717
vt 0.454088 0.134540
vt 0.464926 0.231525
vt 0.448978 0.159026
vt 0.461925 0.240858
vt 0.442491 0.165774
vt 0.476150 0.249730
vt 0.471402 0.257179
vt 0.466672 0.268478
vt 0.463088 0.276661
vt 0.456457 0.248327
vt 0.436946 0.188316
vt 0.478096 0.302070
vt 0.473657 0.299107
vt 0.469174 0.299607
vt 0.465126 0.300095
vt 0.472978 0.309901
vt 0.470959 0.311491
vt 0.478131 0.310923
vt 0.480123 0.338958
vt 0.475944 0.342909
vt 0.472480 0.344533
vt 0.489184 0.362574
vt 0.483129 0.367720
vt 0.478794 0.368594
vt 0.475328 0.369448
vt 0.481217 0.396196
vt 0.485688 0.393400
vt 0.490885 0.391354
vt 0.497279 0.360453
vt 0.506248 0.359462
vt 0.520889 0.364487
vt 0.525542 0.413192
vt 0.509306 0.405126
vt 0.499734 0.398440
vt 0.485905 0.420872
vt 0.483887 0.420149
vt 0.492295 0.419737
vt 0.499691 0.425705
vt 0.508667 0.428566
vt 0.525157 0.427796
vt 0.485050 0.427462
vt 0.481830 0.420301
vt 0.483212 0.433677
vt 0.478642 0.418130
vt 0.493064 0.433460
vt 0.491386 0.442356
vt 0.501047 0.440045
vt 0.500381 0.449285
vt 0.509015 0.443561
vt 0.507032 0.450169
vt 0.524934 0.445990
vt 0.522982 0.458360
vt 0.551005 0.448012
vt 0.548341 0.463494
vt 0.523195 0.469872
vt 0.506535 0.463624
vt 0.534494 0.472496
vt 0.532687 0.485241
vt 0.521785 0.476071
vt 0.505425 0.471344
vt 0.500017 0.460814
vt 0.489029 0.458184
vt 0.483799 0.452752
vt 0.487775 0.465523
vt 0.479535 0.462783
vt 0.498318 0.466254
vt 0.498360 0.473159
vt 0.487381 0.471676
vt 0.482356 0.475710
vt 0.477929 0.482786
vt 0.475834 0.470600
vt 0.476229 0.487407
vt 0.472265 0.476109
vt 0.474669 0.491868
vt 0.469995 0.481948
vt 0.474922 0.496556
vt 0.468173 0.490068
vt 0.475594 0.500472
vt 0.470344 0.496647
vt 0.505025 0.476732
vt 0.520229 0.481891
vt 0.529692 0.492653
vt 0.532769 0.499445
vt 0.522813 0.501106
vt 0.519157 0.496134
vt 0.503967 0.492888
vt 0.499184 0.490006
vt 0.488941 0.490790
vt 0.485068 0.494392
vt 0.497982 0.498828
vt 0.488890 0.497272
vt 0.503534 0.501258
vt 0.517473 0.502464
vt 0.531478 0.506631
vt 0.522998 0.508007
vt 0.517323 0.506161
vt 0.503786 0.504461
vt 0.497763 0.502713
vt 0.488772 0.499779
vt 0.480979 0.500451
vt 0.616805 0.501030
vt 0.605027 0.504583
vt 0.587580 0.517374
vt 0.615921 0.543745
vt 0.598806 0.549693
vt 0.617074 0.570347
vt 0.600733 0.581516
vt 0.624583 0.583350
vt 0.607505 0.603782
vt 0.635052 0.629414
vt 0.611185 0.626304
vt 0.572272 0.565358
vt 0.569561 0.527491
vt 0.554550 0.545059
vt 0.547189 0.545953
vt 0.541714 0.547100
vt 0.536782 0.544756
vt 0.530141 0.544066
vt 0.536811 0.575059
vt 0.530166 0.573975
vt 0.541281 0.574757
vt 0.546435 0.570570
vt 0.554850 0.573839
vt 0.537417 0.605319
vt 0.531036 0.601905
vt 0.541875 0.603874
vt 0.546604 0.600493
vt 0.554974 0.599556
vt 0.572873 0.595297
vt 0.588110 0.624672
vt 0.561399 0.633309
vt 0.554624 0.635279
vt 0.550709 0.633995
vt 0.545946 0.634300
vt 0.541359 0.632769
vt 0.591069 0.644098
vt 0.566109 0.654898
vt 0.560756 0.654851
vt 0.552147 0.643858
vt 0.546757 0.639480
vt 0.550792 0.657382
vt 0.544932 0.644739
vt 0.560288 0.668130
vt 0.548891 0.675545
vt 0.540288 0.667068
vt 0.559706 0.688554
vt 0.567110 0.668992
vt 0.566173 0.680196
vt 0.565124 0.696025
vt 0.576917 0.680895
vt 0.574235 0.691792
vt 0.574056 0.707591
vt 0.577717 0.670847
vt 0.584303 0.693617
vt 0.582895 0.704913
vt 0.582571 0.720724
vt 0.585402 0.673462
vt 0.597021 0.647279
vt 0.597037 0.666337
vt 0.611335 0.634699
vt 0.614457 0.664257
vt 0.633683 0.644084
vt 0.632833 0.663146
vt 0.643073 0.641507
vt 0.642385 0.647329
vt 0.641928 0.662781
vt 0.647739 0.645531
vt 0.648073 0.651310
vt 0.647300 0.665471
vt 0.650830 0.648871
vt 0.651167 0.655036
vt 0.651683 0.667232
vt 0.651886 0.677350
vt 0.648109 0.675334
vt 0.641775 0.674121
vt 0.633770 0.674219
vt 0.614672 0.673891
vt 0.599892 0.671914
vt 0.597291 0.676213
vt 0.652755 0.691724
vt 0.648521 0.688925
vt 0.642213 0.685444
vt 0.634961 0.684863
vt 0.615903 0.683096
vt 0.610366 0.681359
vt 0.596006 0.699332
vt 0.608227 0.704070
vt 0.636650 0.692474
vt 0.617711 0.691218
vt 0.641937 0.693738
vt 0.645809 0.694035
vt 0.647552 0.694846
vt 0.554642 0.715830
vt 0.541802 0.700080
vt 0.531017 0.687737
vt 0.542751 0.739016
vt 0.532375 0.724786
vt 0.521020 0.714081
vt 0.525159 0.752831
vt 0.516274 0.743549
vt 0.534218 0.765589
vt 0.521549 0.778815
vt 0.513403 0.772188
vt 0.530017 0.789683
vt 0.520394 0.803949
vt 0.512676 0.796520
vt 0.520334 0.818241
vt 0.513964 0.818863
vt 0.528535 0.808278
vt 0.538520 0.771780
vt 0.539727 0.800772
vt 0.540274 0.818533
vt 0.539196 0.845737
vt 0.528583 0.828308
vt 0.534956 0.850125
vt 0.527989 0.849987
vt 0.539438 0.874158
vt 0.536572 0.880455
vt 0.541209 0.907439
vt 0.541888 0.870974
vt 0.543959 0.905408
vt 0.542086 0.843311
vt 0.542865 0.816354
vt 0.532702 0.883818
vt 0.537134 0.911779
vt 0.527126 0.887231
vt 0.522014 0.857221
vt 0.531078 0.916544
vt 0.536899 0.941339
vt 0.535278 0.942575
vt 0.539035 0.941805
vt 0.541311 0.939526
vt 0.539400 0.956434
vt 0.537222 0.956907
vt 0.535353 0.969720
vt 0.533743 0.968225
vt 0.531884 0.974762
vt 0.530520 0.974721
vt 0.531990 0.968068
vt 0.529510 0.966607
vt 0.532530 0.953007
vt 0.535228 0.954601
vt 0.542779 0.799195
vt 0.540937 0.773542
vt 0.542742 0.765700
vt 0.545076 0.767903
vt 0.546853 0.753160
vt 0.549829 0.763817
vt 0.549991 0.768242
vt 0.541444 0.768178
vt 0.558795 0.741561
vt 0.559790 0.756943
vt 0.559743 0.766343
vt 0.566322 0.739263
vt 0.568337 0.754987
vt 0.567599 0.759891
vt 0.575359 0.743451
vt 0.574748 0.757380
vt 0.571961 0.771802
vt 0.581082 0.767505
vt 0.574531 0.784043
vt 0.583992 0.750368
vt 0.587161 0.729357
vt 0.589500 0.713409
vt 0.600958 0.725969
vt 0.598208 0.745040
vt 0.596221 0.768330
vt 0.591714 0.786329
vt 0.581548 0.806134
vt 0.595706 0.793492
vt 0.588244 0.816055
vt 0.600114 0.797931
vt 0.595090 0.817535
vt 0.604833 0.804293
vt 0.598482 0.822915
vt 0.610356 0.819144
vt 0.602913 0.834818
vt 0.613327 0.833844
vt 0.605071 0.846119
vt 0.614601 0.847277
vt 0.607746 0.858750
vt 0.603730 0.777643
vt 0.605684 0.784516
vt 0.608960 0.792491
vt 0.611780 0.798167
vt 0.619555 0.819504
vt 0.620641 0.843487
vt 0.607061 0.758144
vt 0.610777 0.766476
vt 0.613048 0.776043
vt 0.615614 0.785987
vt 0.622417 0.812787
vt 0.625284 0.839794
vt 0.620474 0.864015
vt 0.616933 0.865429
vt 0.613442 0.867131
vt 0.608624 0.872991
vt 0.615346 0.879483
vt 0.613153 0.879601
vt 0.610220 0.883059
vt 0.618320 0.877869
vt 0.615342 0.889161
vt 0.613486 0.889667
vt 0.615126 0.891164
vt 0.616987 0.889249
vt 0.627480 0.839437
vt 0.623012 0.862291
vt 0.619829 0.876149
vt 0.617735 0.889034
vt 0.623224 0.812396
vt 0.616179 0.784166
vt 0.613814 0.774903
vt 0.613020 0.763984
vt 0.611604 0.749273
vt 0.614043 0.747244
vt 0.610493 0.726161
vt 0.613792 0.726147
vt 0.613141 0.705323
vt 0.678464 0.073572
vt 0.674796 0.093152
vt 0.664493 0.080956
vt 0.671622 0.051843
vt 0.670775 0.108048
vt 0.663657 0.101787
vt 0.655852 0.110332
vt 0.653946 0.093047
vt 0.656273 0.052331
vt 0.655050 0.040781
vt 0.672680 0.044237
vt 0.679201 0.066340
vt 0.644699 0.058872
vt 0.642042 0.049501
vt 0.642199 0.067445
vt 0.638538 0.059399
vt 0.648891 0.098466
vt 0.639688 0.075233
vt 0.637839 0.070043
vt 0.645254 0.100555
vt 0.650677 0.117318
vt 0.642326 0.100980
vt 0.637352 0.084549
vt 0.636794 0.077610
vt 0.646328 0.120671
vt 0.677536 0.132907
vt 0.672343 0.137239
vt 0.679893 0.161793
vt 0.673631 0.162021
vt 0.662021 0.145328
vt 0.664602 0.167955
vt 0.672140 0.187942
vt 0.663296 0.186821
vt 0.680223 0.191382
vt 0.680092 0.219829
vt 0.671257 0.214912
vt 0.659788 0.214516
vt 0.677992 0.242538
vt 0.670088 0.242274
vt 0.657363 0.245123
vt 0.677246 0.260125
vt 0.670037 0.265961
vt 0.657464 0.268763
vt 0.685844 0.284079
vt 0.678545 0.292016
vt 0.665051 0.301877
vt 0.656705 0.311063
vt 0.647904 0.275041
vt 0.645412 0.240116
vt 0.647120 0.211181
vt 0.650691 0.188164
vt 0.652334 0.172384
vt 0.652168 0.153727
vt 0.649226 0.153362
vt 0.647929 0.172218
vt 0.643499 0.187599
vt 0.641416 0.211566
vt 0.639740 0.242032
vt 0.643082 0.275280
vt 0.652236 0.315108
vt 0.658705 0.334398
vt 0.656130 0.337191
vt 0.665974 0.313374
vt 0.678683 0.300530
vt 0.667381 0.327516
vt 0.660898 0.343015
vt 0.656482 0.349507
vt 0.679262 0.308984
vt 0.688597 0.293515
vt 0.689678 0.305799
vt 0.691091 0.327779
vt 0.682444 0.332993
vt 0.670288 0.352680
vt 0.662974 0.365265
vt 0.661496 0.349430
vt 0.655147 0.370515
vt 0.657975 0.349009
vt 0.661627 0.386298
vt 0.655165 0.384983
vt 0.662300 0.404807
vt 0.654517 0.403223
vt 0.663949 0.419353
vt 0.656595 0.416948
vt 0.671635 0.400827
vt 0.672166 0.419745
vt 0.670830 0.383479
vt 0.683561 0.367913
vt 0.684609 0.393008
vt 0.682648 0.412567
vt 0.692383 0.351336
vt 0.696228 0.377268
vt 0.693859 0.409152
vt 0.692359 0.432969
vt 0.680547 0.432515
vt 0.671627 0.435275
vt 0.664017 0.436365
vt 0.657112 0.434683
vt 0.668389 0.457621
vt 0.663524 0.455357
vt 0.657210 0.454000
vt 0.663822 0.478908
vt 0.656904 0.476050
vt 0.662159 0.497988
vt 0.654217 0.494826
vt 0.658129 0.514946
vt 0.650611 0.510197
vt 0.657817 0.525010
vt 0.652374 0.522392
vt 0.659099 0.533778
vt 0.654911 0.537995
vt 0.660916 0.550219
vt 0.658159 0.551995
vt 0.667963 0.482017
vt 0.665255 0.499647
vt 0.662383 0.515735
vt 0.662476 0.523064
vt 0.663153 0.530343
vt 0.663660 0.547286
vt 0.675899 0.460034
vt 0.672825 0.483904
vt 0.669216 0.500072
vt 0.665742 0.515058
vt 0.665069 0.519751
vt 0.666176 0.526221
vt 0.666717 0.545869
vt 0.685602 0.472704
vt 0.689061 0.475452
vt 0.682652 0.505361
vt 0.679070 0.502301
vt 0.675487 0.520783
vt 0.670397 0.538184
vt 0.679124 0.523786
vt 0.673881 0.538463
vt 0.670250 0.556575
vt 0.668033 0.557341
vt 0.664810 0.557225
vt 0.662339 0.558590
vt 0.660610 0.560664
vt 0.673901 0.555496
vt 0.669653 0.570311
vt 0.669187 0.571642
vt 0.666263 0.572255
vt 0.664205 0.571642
vt 0.672135 0.569344
vt 0.671048 0.580009
vt 0.878472 0.057208
vt 0.879973 0.091386
vt 0.866560 0.094832
vt 0.861880 0.046817
vt 0.878390 0.132579
vt 0.868569 0.136317
vt 0.878694 0.162967
vt 0.871817 0.167472
vt 0.881460 0.194986
vt 0.875076 0.199021
vt 0.884987 0.221785
vt 0.877307 0.227222
vt 0.883517 0.253463
vt 0.877327 0.253941
vt 0.884839 0.282724
vt 0.878161 0.282041
vt 0.886939 0.319699
vt 0.877930 0.321104
vt 0.888507 0.345688
vt 0.881137 0.351010
vt 0.890652 0.371948
vt 0.883306 0.379782
vt 0.889290 0.386677
vt 0.882657 0.389467
vt 0.884620 0.402981
vt 0.881343 0.402863
vt 0.882577 0.420973
vt 0.879883 0.421845
vt 0.882752 0.445086
vt 0.879231 0.447400
vt 0.883162 0.469898
vt 0.879960 0.472667
vt 0.884084 0.489156
vt 0.880552 0.493191
vt 0.883637 0.501075
vt 0.880484 0.501537
vt 0.881296 0.509663
vt 0.877671 0.512333
vt 0.875731 0.511886
vt 0.874648 0.502258
vt 0.873938 0.493673
vt 0.871401 0.475136
vt 0.868598 0.452695
vt 0.867104 0.427620
vt 0.866385 0.402779
vt 0.868112 0.393294
vt 0.867322 0.381949
vt 0.865035 0.361396
vt 0.862730 0.334897
vt 0.858831 0.290492
vt 0.859035 0.264556
vt 0.858915 0.239150
vt 0.858291 0.211956
vt 0.856666 0.187688
vt 0.851530 0.151742
vt 0.845764 0.119194
vt 0.833339 0.060724
vt 0.836461 0.132881
vt 0.824175 0.090385
vt 0.832845 0.140866
vt 0.823845 0.118295
vt 0.845302 0.158417
vt 0.842753 0.160582
vt 0.832404 0.147326
vt 0.827586 0.138492
vt 0.841271 0.162505
vt 0.850046 0.179123
vt 0.848409 0.181077
vt 0.852244 0.212858
vt 0.849519 0.214244
vt 0.846254 0.180759
vt 0.847364 0.213918
vt 0.851924 0.242235
vt 0.849526 0.244333
vt 0.853182 0.266962
vt 0.850002 0.268422
vt 0.846866 0.271456
vt 0.847119 0.246035
vt 0.850408 0.296946
vt 0.846581 0.296941
vt 0.853556 0.294318
vt 0.857363 0.334946
vt 0.854630 0.335887
vt 0.851088 0.335014
vt 0.859989 0.361807
vt 0.857843 0.361844
vt 0.861130 0.383294
vt 0.856542 0.383809
vt 0.861764 0.396144
vt 0.859748 0.395353
vt 0.862272 0.403570
vt 0.860714 0.402687
vt 0.863329 0.427628
vt 0.861466 0.426799
vt 0.863671 0.455161
vt 0.861993 0.455477
vt 0.867747 0.477063
vt 0.865631 0.478246
vt 0.870770 0.494048
vt 0.869132 0.495929
vt 0.872889 0.503748
vt 0.873945 0.510500
vt 0.871402 0.505611
vt 0.992875 0.033817
vt 0.987065 0.075349
vt 0.968210 0.067901
vt 0.974639 0.018080
vt 0.984510 0.100702
vt 0.967906 0.096558
vt 0.980278 0.123159
vt 0.967382 0.122695
vt 0.977293 0.146832
vt 0.965006 0.149388
vt 0.951495 0.153953
vt 0.947068 0.125306
vt 0.943396 0.108197
vt 0.937618 0.081623
vt 0.928861 0.030860
vt 0.924064 0.096118
vt 0.912771 0.064969
vt 0.931930 0.123980
vt 0.934057 0.140395
vt 0.939438 0.169315
vt 0.951158 0.178779
vt 0.944645 0.183178
vt 0.965058 0.179830
vt 0.978459 0.177416
vt 0.961982 0.216300
vt 0.955884 0.215416
vt 0.951431 0.215519
vt 0.961181 0.246397
vt 0.955645 0.247197
vt 0.962280 0.241328
vt 0.977332 0.215028
vt 0.977474 0.236112
vt 0.983022 0.271444
vt 0.973678 0.279134
vt 0.961950 0.282430
vt 0.955272 0.282817
vt 0.982158 0.303912
vt 0.966178 0.311951
vt 0.987218 0.293467
vt 0.986782 0.313818
vt 0.984666 0.319522
vt 0.970162 0.331441
vt 0.985740 0.330186
vt 0.983225 0.331724
vt 0.971867 0.343771
vt 0.978757 0.346141
vt 0.972367 0.353647
vt 0.981695 0.343273
vt 0.976450 0.360584
vt 0.974199 0.365278
vt 0.968913 0.363608
vt 0.967856 0.349511
vt 0.970405 0.373380
vt 0.975732 0.379319
vt 0.974215 0.385411
vt 0.972667 0.393456
vt 0.968140 0.384204
vt 0.963136 0.378736
vt 0.958294 0.369200
vt 0.964623 0.336686
vt 0.956722 0.347696
vt 0.961297 0.321475
vt 0.954020 0.320225
vt 0.951429 0.290033
vt 0.947982 0.319975
vt 0.948758 0.289514
vt 0.953579 0.253239
vt 0.954794 0.351072
vt 0.956123 0.374711
vt 0.956218 0.388791
vt 0.960650 0.395975
vt 0.967621 0.402930
vt 0.961063 0.414009
vt 0.954077 0.413961
vt 0.977994 0.398717
vt 0.975920 0.402931
vt 0.973697 0.415003
vt 0.980139 0.416419
vt 0.976005 0.421181
vt 0.966436 0.433869
vt 0.961073 0.439322
vt 0.954393 0.443025
vt 0.962073 0.464911
vt 0.955935 0.470526
vt 0.962378 0.497143
vt 0.956367 0.497845
vt 0.962055 0.521450
vt 0.956297 0.520447
vt 0.963216 0.534893
vt 0.956795 0.537262
vt 0.967089 0.462811
vt 0.967803 0.497398
vt 0.967368 0.522971
vt 0.967002 0.533972
vt 0.965860 0.549601
vt 0.963353 0.550607
vt 0.960283 0.549327
vt 0.969883 0.534053
vt 0.967143 0.549675
vt 0.970418 0.522228
vt 0.971787 0.495977
vt 0.972743 0.462091
vt 0.972940 0.433326
vt 0.979872 0.434342
vt 0.979928 0.461459
vt 0.977731 0.496516
vt 0.974789 0.523587
vt 0.973507 0.536817
vt 0.969846 0.549432
vt 0.815615 0.172990
vt 0.806616 0.209946
vt 0.796848 0.198395
vt 0.809414 0.145435
vt 0.801468 0.235182
vt 0.790258 0.229324
vt 0.799467 0.257213
vt 0.787661 0.253550
vt 0.795257 0.276500
vt 0.783872 0.273269
vt 0.789855 0.300116
vt 0.782085 0.299572
vt 0.792523 0.311391
vt 0.783895 0.315256
vt 0.791138 0.322183
vt 0.782365 0.329698
vt 0.794091 0.337692
vt 0.783655 0.353314
vt 0.796535 0.353607
vt 0.785233 0.371379
vt 0.804557 0.362499
vt 0.789489 0.378321
vt 0.809939 0.381600
vt 0.795904 0.402216
vt 0.816152 0.394445
vt 0.801682 0.414365
vt 0.822867 0.405339
vt 0.805286 0.429339
vt 0.826794 0.431099
vt 0.807346 0.443068
vt 0.822545 0.458361
vt 0.807815 0.453977
vt 0.818777 0.480171
vt 0.805888 0.475969
vt 0.822704 0.498529
vt 0.813670 0.509813
vt 0.830590 0.516296
vt 0.820476 0.530535
vt 0.837637 0.527961
vt 0.828729 0.543154
vt 0.844133 0.549551
vt 0.833015 0.565203
vt 0.849639 0.579097
vt 0.837048 0.588896
vt 0.856376 0.613990
vt 0.839664 0.623984
vt 0.858617 0.640575
vt 0.843545 0.647007
vt 0.859995 0.662172
vt 0.842948 0.662920
vt 0.857378 0.682941
vt 0.841814 0.681292
vt 0.857173 0.690825
vt 0.839693 0.694307
vt 0.823512 0.699754
vt 0.823050 0.684072
vt 0.823365 0.669047
vt 0.820967 0.654493
vt 0.819382 0.636658
vt 0.816283 0.608478
vt 0.813198 0.585832
vt 0.807771 0.570725
vt 0.803735 0.561664
vt 0.796439 0.543825
vt 0.786434 0.499538
vt 0.800788 0.461341
vt 0.796279 0.451285
vt 0.793177 0.442912
vt 0.787670 0.434269
vt 0.781537 0.425316
vt 0.772295 0.415664
vt 0.765712 0.403979
vt 0.760844 0.370802
vt 0.759112 0.344159
vt 0.759669 0.325278
vt 0.760011 0.309562
vt 0.763282 0.279826
vt 0.763768 0.257392
vt 0.768044 0.224754
vt 0.778225 0.184637
vt 0.782835 0.139597
vt 0.789414 0.124307
vt 0.802961 0.124355
vt 0.769692 0.169021
vt 0.773174 0.137809
vt 0.747679 0.230985
vt 0.741228 0.177616
vt 0.739328 0.147865
vt 0.744863 0.125496
vt 0.767693 0.120184
vt 0.738310 0.133195
vt 0.734141 0.134314
vt 0.729965 0.153221
vt 0.727685 0.138129
vt 0.719804 0.165796
vt 0.715134 0.153081
vt 0.729029 0.192583
vt 0.712428 0.171437
vt 0.714115 0.203831
vt 0.747892 0.259110
vt 0.748743 0.283551
vt 0.749502 0.309945
vt 0.750595 0.327275
vt 0.751573 0.345792
vt 0.752374 0.373687
vt 0.754741 0.404359
vt 0.746288 0.406134
vt 0.739623 0.375695
vt 0.737243 0.350375
vt 0.735858 0.335800
vt 0.732479 0.318464
vt 0.737058 0.254360
vt 0.726832 0.274246
vt 0.710078 0.217367
vt 0.730536 0.303256
vt 0.720016 0.324224
vt 0.718532 0.286708
vt 0.707955 0.227524
vt 0.709721 0.192591
vt 0.706701 0.205938
vt 0.703619 0.231477
vt 0.703344 0.215059
vt 0.711263 0.291949
vt 0.711240 0.328142
vt 0.704397 0.313439
vt 0.699944 0.293652
vt 0.698215 0.233686
vt 0.699576 0.220570
vt 0.708421 0.339924
vt 0.702602 0.319613
vt 0.699075 0.300420
vt 0.719666 0.359319
vt 0.715058 0.370628
vt 0.709205 0.378575
vt 0.705101 0.349065
vt 0.722770 0.352934
vt 0.726272 0.363218
vt 0.727874 0.387076
vt 0.721821 0.369057
vt 0.717596 0.377962
vt 0.709611 0.389171
vt 0.717340 0.404436
vt 0.710516 0.407814
vt 0.717947 0.423757
vt 0.711988 0.428045
vt 0.722612 0.396150
vt 0.731911 0.419857
vt 0.725567 0.427143
vt 0.718444 0.444644
vt 0.714943 0.446386
vt 0.722887 0.445075
vt 0.720191 0.462214
vt 0.718003 0.463347
vt 0.731963 0.440855
vt 0.726016 0.464761
vt 0.723603 0.481458
vt 0.719143 0.480234
vt 0.723121 0.490036
vt 0.719127 0.495514
vt 0.727203 0.483599
vt 0.731166 0.469754
vt 0.738044 0.453469
vt 0.752754 0.440535
vt 0.762327 0.436305
vt 0.769248 0.438286
vt 0.778107 0.445820
vt 0.766368 0.462189
vt 0.759753 0.459279
vt 0.752592 0.452647
vt 0.738357 0.460421
vt 0.773538 0.474701
vt 0.782770 0.452881
vt 0.778448 0.479776
vt 0.787701 0.458342
vt 0.790758 0.460587
vt 0.793108 0.471172
vt 0.775406 0.503788
vt 0.781238 0.553359
vt 0.767041 0.472223
vt 0.758952 0.471225
vt 0.751001 0.469038
vt 0.738325 0.473491
vt 0.731745 0.477312
vt 0.771239 0.521576
vt 0.761293 0.525521
vt 0.754219 0.528990
vt 0.762965 0.540181
vt 0.755415 0.541678
vt 0.752874 0.541298
vt 0.750483 0.534654
vt 0.770251 0.538643
vt 0.771014 0.558075
vt 0.762677 0.559367
vt 0.778595 0.568252
vt 0.776933 0.586507
vt 0.770697 0.582367
vt 0.756148 0.559906
vt 0.753357 0.561509
vt 0.763113 0.583908
vt 0.756306 0.585249
vt 0.753635 0.585654
vt 0.764322 0.597007
vt 0.758849 0.598136
vt 0.757076 0.598792
vt 0.770408 0.595313
vt 0.776923 0.598639
vt 0.771227 0.604574
vt 0.767406 0.608108
vt 0.763854 0.609078
vt 0.761949 0.610531
vt 0.776727 0.609233
vt 0.789408 0.581095
vt 0.786638 0.597187
vt 0.785637 0.605562
vt 0.783561 0.619185
vt 0.780216 0.636116
vt 0.773575 0.627690
vt 0.768666 0.622543
vt 0.763773 0.620985
vt 0.793940 0.594526
vt 0.798533 0.610318
vt 0.801470 0.625978
vt 0.787572 0.623690
vt 0.787608 0.644058
vt 0.802717 0.646602
vt 0.803279 0.669874
vt 0.789317 0.664389
vt 0.795443 0.683114
vt 0.789405 0.682350
vt 0.788617 0.693843
vt 0.785802 0.689113
vt 0.785641 0.701696
vt 0.781341 0.697553
vt 0.784410 0.706961
vt 0.777658 0.707059
vt 0.803720 0.682402
vt 0.803345 0.692287
vt 0.802883 0.704938
vt 0.780401 0.663162
vt 0.775104 0.654480
vt 0.783061 0.671722
vt 0.778184 0.676262
vt 0.775734 0.668893
vt 0.771533 0.662021
vt 0.769448 0.649385
vt 0.766536 0.645400
vt 0.761148 0.644975
vt 0.756457 0.637524
vt 0.756472 0.662433
vt 0.750510 0.655827
vt 0.760743 0.666542
vt 0.764072 0.668436
vt 0.768011 0.671670
vt 0.766984 0.671564
vt 0.769732 0.675830
vt 0.767191 0.686667
vt 0.764331 0.685873
vt 0.760096 0.683699
vt 0.756593 0.680647
vt 0.753740 0.679857
vt 0.749229 0.678119
vt 0.746212 0.676332
vt 0.747659 0.707386
vt 0.739777 0.702178
vt 0.744015 0.723878
vt 0.737602 0.717686
vt 0.743407 0.736456
vt 0.737559 0.732448
vt 0.743775 0.746176
vt 0.739041 0.746380
vt 0.744197 0.758237
vt 0.740404 0.757953
vt 0.743890 0.775367
vt 0.741196 0.776179
vt 0.743534 0.793147
vt 0.740263 0.793150
vt 0.743364 0.807204
vt 0.740300 0.808925
vt 0.743286 0.821208
vt 0.742016 0.821133
vt 0.753331 0.711084
vt 0.750897 0.730576
vt 0.751076 0.740542
vt 0.750852 0.749815
vt 0.750296 0.759754
vt 0.749399 0.778616
vt 0.747012 0.794480
vt 0.745727 0.806749
vt 0.744916 0.820510
vt 0.755790 0.714284
vt 0.759100 0.715419
vt 0.753189 0.733021
vt 0.756672 0.735316
vt 0.753612 0.740611
vt 0.754289 0.750165
vt 0.753164 0.761354
vt 0.751916 0.777917
vt 0.749704 0.794939
vt 0.747376 0.807210
vt 0.745917 0.820321
vt 0.755887 0.742279
vt 0.758681 0.747015
vt 0.757379 0.754866
vt 0.755632 0.764961
vt 0.760063 0.739974
vt 0.761098 0.717901
vt 0.849137 0.698408
vt 0.861460 0.700640
vt 0.854083 0.701582
vt 0.839368 0.702540
vt 0.823671 0.707349
vt 0.841178 0.708235
vt 0.824611 0.715119
vt 0.803206 0.712373
vt 0.803707 0.720966
vt 0.783655 0.713340
vt 0.773503 0.715444
vt 0.769702 0.719464
vt 0.783275 0.729484
vt 0.773087 0.730004
vt 0.768050 0.738878
vt 0.765570 0.748204
vt 0.865512 0.696949
vt 0.433529 0.371799
vt 0.443475 0.303083
vt 0.451328 0.283339
vt 0.457481 0.232395
vt 0.169560 0.624412
vt 0.228567 0.638012
vt 0.237465 0.658420
vt 0.238786 0.668550
vt 0.242720 0.700625
vt 0.276629 0.179171
vt 0.242848 0.169382
vt 0.239414 0.168642
vt 0.239271 0.169346
vt 0.251623 0.169346
vt 0.255517 0.208617
vt 0.237968 0.204456
vt 0.240349 0.169346
vt 0.252174 0.169346
vt 0.249391 0.208617
vt 0.237968 0.202009
vt 0.239414 0.168642
vt 0.253957 0.168642
vt 0.261193 0.207913
vt 0.243618 0.190490
vt 0.239816 0.168642
vt 0.265448 0.168642
vt 0.264194 0.207913
vt 0.239414 0.198584
vt 0.239414 0.168642
vt 0.265306 0.168642
vt 0.240062 0.207913
vt 0.237905 0.185301
vt 0.277514 0.185301
vt 0.270594 0.168246
vt 0.245986 0.184345
vt 0.239414 0.168642
vt 0.257731 0.168642
vt 0.257791 0.205006
vt 0.242216 0.207913
vt 0.243277 0.170622
vt 0.279449 0.170622
vt 0.265070 0.198474
vt 0.239839 0.197265
vt 0.248726 0.169548
vt 0.278736 0.169548
vt 0.264957 0.190896
vt 0.239127 0.190549
vt 0.248097 0.168246
vt 0.277514 0.168246
vt 0.250219 0.183640
vt 0.237905 0.183071
vt 0.239322 0.169346
vt 0.277577 0.169346
vt 0.237968 0.202545
vt 0.240901 0.169346
vt 0.256130 0.169346
vt 0.256513 0.208259
vt 0.237968 0.208617
vt 0.239414 0.168642
vt 0.257702 0.168642
vt 0.255011 0.205783
vt 0.246374 0.207913
vt 0.239414 0.168642
vt 0.255768 0.168642
vt 0.269408 0.207690
vt 0.246833 0.207913
vt 0.244708 0.169346
vt 0.256850 0.169346
vt 0.260940 0.207882
vt 0.248976 0.207850
vt 0.242466 0.208376
vt 0.237968 0.208617
vt 0.244114 0.169346
vt 0.256996 0.169346
vt 0.256296 0.207385
vt 0.248543 0.207930
vt 0.245700 0.208115
vt 0.237968 0.208617
vt 0.242751 0.169346
vt 0.255046 0.169346
vt 0.252138 0.204383
vt 0.246032 0.206518
vt 0.237968 0.208617
vt 0.239667 0.169346
vt 0.246115 0.169346
vt 0.252590 0.202584
vt 0.237968 0.208617
vt 0.241849 0.169346
vt 0.262113 0.169346
vt 0.254933 0.208617
vt 0.237968 0.206367
vt 0.239414 0.168642
vt 0.250191 0.168642
vt 0.265386 0.205423
vt 0.240265 0.207913
vt 0.243268 0.169346
vt 0.261506 0.169346
vt 0.260848 0.208617
vt 0.249474 0.204281
vt 0.237968 0.202262
vt 0.244806 0.169346
vt 0.256144 0.169346
vt 0.253176 0.206291
vt 0.237968 0.208617
vt 0.239414 0.168642
vt 0.249284 0.168642
vt 0.273612 0.199262
vt 0.265638 0.207913
vt 0.239547 0.169548
vt 0.253347 0.169548
vt 0.259665 0.208819
vt 0.248756 0.199651
vt 0.239127 0.190381
vt 0.249707 0.168246
vt 0.273368 0.168246
vt 0.268186 0.207517
vt 0.256116 0.200246
vt 0.237905 0.199806
vt 0.240022 0.172397
vt 0.276777 0.172397
vt 0.279631 0.197194
vt 0.239414 0.168642
vt 0.254002 0.168642
vt 0.255722 0.206080
vt 0.243412 0.207913
vt 0.261489 0.168246
vt 0.271784 0.168246
vt 0.253594 0.207517
vt 0.237905 0.199280
vt 0.242471 0.169346
vt 0.260040 0.169346
vt 0.249232 0.206665
vt 0.237968 0.208617
vt 0.239414 0.168642
vt 0.267171 0.168642
vt 0.258328 0.207913
vt 0.246043 0.200077
vt 0.247932 0.169548
vt 0.253713 0.169548
vt 0.278254 0.208819
vt 0.239127 0.190197
vt 0.239414 0.168642
vt 0.279023 0.168642
vt 0.246765 0.193682
vt 0.239414 0.168642
vt 0.255470 0.168642
vt 0.279023 0.174491
vt 0.241824 0.169346
vt 0.260146 0.169346
vt 0.257542 0.208617
vt 0.237968 0.207300
vt 0.239414 0.168642
vt 0.255498 0.168642
vt 0.263566 0.204814
vt 0.250881 0.207913
vt 0.239414 0.168642
vt 0.253952 0.168642
vt 0.251570 0.205794
vt 0.240327 0.207913
vt 0.239414 0.168642
vt 0.246575 0.168642
vt 0.259244 0.201675
vt 0.253039 0.207913
vt 0.252093 0.168246
vt 0.270057 0.168246
vt 0.241585 0.207517
vt 0.237905 0.203868
vt 0.239414 0.168642
vt 0.258479 0.168642
vt 0.257604 0.205541
vt 0.242657 0.207913
vt 0.242564 0.169346
vt 0.262735 0.169346
vt 0.260902 0.208617
vt 0.237968 0.204601
vt 0.240719 0.169346
vt 0.267118 0.169346
vt 0.260582 0.208617
vt 0.237968 0.206429
vt 0.239414 0.168642
vt 0.259941 0.168642
vt 0.265810 0.204018
vt 0.245849 0.207913
vt 0.248120 0.168246
vt 0.259957 0.168246
vt 0.247243 0.207517
vt 0.237905 0.202899
vt 0.239414 0.168642
vt 0.253499 0.168642
vt 0.266523 0.183798
vt 0.266790 0.207913
vt 0.239414 0.168642
vt 0.279023 0.168642
vt 0.269428 0.170988
vt 0.239414 0.168642
vt 0.255376 0.168642
vt 0.279023 0.177277
vt 0.242526 0.169346
vt 0.261106 0.169346
vt 0.251219 0.207065
vt 0.237968 0.208617
vt 0.251047 0.168246
vt 0.263782 0.168246
vt 0.254220 0.207114
vt 0.237905 0.207517
vt 0.242034 0.169346
vt 0.254953 0.169346
vt 0.253253 0.206059
vt 0.237968 0.208617
vt 0.246776 0.168246
vt 0.262627 0.168246
vt 0.254802 0.207517
vt 0.237905 0.206341
vt 0.245913 0.168246
vt 0.260348 0.168246
vt 0.247977 0.207517
vt 0.237905 0.203660
vt 0.239414 0.168642
vt 0.247547 0.168642
vt 0.259795 0.197612
vt 0.248471 0.207913
vt 0.249543 0.169548
vt 0.278634 0.169548
vt 0.278736 0.187261
vt 0.250921 0.192239
vt 0.245219 0.192625
vt 0.241021 0.191346
vt 0.239127 0.189541
vt 0.255877 0.186239
vt 0.253971 0.186953
vt 0.254924 0.186596
vt 0.253856 0.186302
vt 0.255992 0.186302
vt 0.253648 0.186985
vt 0.243498 0.199354
vt 0.239127 0.208819
vt 0.271304 0.179114
vt 0.390975 0.706795
vt 0.413840 0.805559
vt 0.245803 0.168246
vt 0.277514 0.168246
vt 0.266284 0.205244
vt 0.237905 0.199137
vt 0.249967 0.168246
vt 0.277514 0.168246
vt 0.255993 0.205571
vt 0.237905 0.186572
vt 0.239414 0.168642
vt 0.279023 0.168642
vt 0.266889 0.203690
vt 0.242184 0.207280
vt 0.242265 0.169346
vt 0.277577 0.169346
vt 0.262237 0.198678
vt 0.237968 0.186925
vt 0.247435 0.170622
vt 0.279449 0.170622
vt 0.266568 0.203125
vt 0.239839 0.198577
vt 0.254297 0.168246
vt 0.275887 0.168246
vt 0.263597 0.207517
vt 0.237905 0.197977
vt 0.251853 0.168246
vt 0.277514 0.168246
vt 0.272905 0.182509
vt 0.237905 0.172779
vt 0.239414 0.168642
vt 0.270970 0.168642
vt 0.269476 0.207913
vt 0.239414 0.168642
vt 0.249047 0.168642
vt 0.254448 0.207913
vt 0.240774 0.207075
vt 0.239414 0.168642
vt 0.253893 0.168642
vt 0.257768 0.207059
vt 0.243011 0.207913
vt 0.239414 0.168642
vt 0.244529 0.168642
vt 0.260938 0.202702
vt 0.244257 0.207913
vt 0.270849 0.169643
vt 0.272469 0.170067
vt 0.246241 0.208417
vt 0.240560 0.190980
vt 0.257201 0.168246
vt 0.265380 0.168246
vt 0.247513 0.207517
vt 0.237905 0.197619
vt 0.267769 0.183095
vt 0.279023 0.183095
vt 0.256044 0.182270
vt 0.239414 0.168642
vt 0.244599 0.169346
vt 0.250059 0.169346
vt 0.245533 0.208617
vt 0.237968 0.204397
vt 0.239414 0.168642
vt 0.250881 0.168642
vt 0.257202 0.169180
vt 0.279023 0.191342
vt 0.267726 0.204878
vt 0.239673 0.168642
vt 0.262386 0.168642
vt 0.261677 0.207913
vt 0.250888 0.204931
vt 0.239414 0.202953
vt 0.239414 0.168642
vt 0.255714 0.168642
vt 0.266943 0.198663
vt 0.244159 0.207913
vt 0.237968 0.208617
vt 0.252530 0.208617
vt 0.260558 0.178421
vt 0.243076 0.169346
vt 0.254214 0.186239
vt 0.255273 0.186239
vt 0.254419 0.186726
vt 0.253903 0.187086
vt 0.253533 0.186678
vt 0.253903 0.187086
vt 0.254214 0.186239
vt 0.253658 0.186816
vt 0.612851 0.890007
vt 0.275476 0.183095
vt 0.249705 0.168246
vt 0.254681 0.168246
vt 0.248654 0.207517
vt 0.237905 0.201238
vt 0.239414 0.168642
vt 0.279023 0.168642
vt 0.240167 0.174923
vt 0.245384 0.168246
vt 0.252279 0.168246
vt 0.240454 0.207517
vt 0.237905 0.204330
vt 0.240022 0.172397
vt 0.272824 0.172397
vt 0.279631 0.197577
vt 0.273990 0.200815
vt 0.268845 0.203146
vt 0.263187 0.206052
vt 0.269731 0.182762
vt 0.259559 0.172397
vt 0.257292 0.186022
vt 0.254934 0.176553
vt 0.265048 0.189040
vt 0.248601 0.181337
vt 0.251828 0.183792
vt 0.259673 0.181253
vt 0.255830 0.187851
vt 0.241835 0.188278
vt 0.251574 0.187019
vt 0.241097 0.187019
vt 0.275210 0.175377
vt 0.240094 0.187859
vt 0.269742 0.187881
vt 0.244879 0.170513
vt 0.272645 0.187790
vt 0.245639 0.183950
vt 0.269907 0.184012
vt 0.243637 0.184600
vt 0.271827 0.189428
vt 0.239717 0.179771
vt 0.271166 0.189162
vt 0.240979 0.190485
vt 0.241854 0.183691
vt 0.266754 0.186909
vt 0.263542 0.182539
vt 0.250724 0.172397
vt 0.243844 0.169346
vt 0.265380 0.169346
vt 0.260206 0.208617
vt 0.237968 0.173756
vt 0.239195 0.169346
vt 0.243865 0.169346
vt 0.246394 0.208617
vt 0.237968 0.199395
vt 0.239414 0.168642
vt 0.249841 0.168642
vt 0.264070 0.203718
vt 0.262330 0.207913
vt 0.260460 0.207913
vt 0.267923 0.207913
vt 0.247431 0.168770
vt 0.239414 0.168642
vt 0.264859 0.198949
vt 0.277992 0.198949
vt 0.243658 0.170298
vt 0.238382 0.175779
vt 0.254360 0.168246
vt 0.277514 0.168246
vt 0.243582 0.196879
vt 0.237905 0.200700
vt 0.253517 0.168246
vt 0.260242 0.168246
vt 0.241230 0.207517
vt 0.237905 0.205243
vt 0.253114 0.188835
vt 0.242291 0.194850
vt 0.244831 0.196006
vt 0.246749 0.196116
vt 0.239414 0.168642
vt 0.248323 0.168642
vt 0.249167 0.206812
vt 0.241582 0.207913
vt 0.249019 0.200145
vt 0.266138 0.170622
vt 0.279449 0.170622
vt 0.239839 0.196985
vt 0.239839 0.170622
vt 0.258886 0.170622
vt 0.256667 0.169094
vt 0.242702 0.204989
vt 0.241446 0.202163
vt 0.240448 0.197797
vt 0.245425 0.168246
vt 0.252392 0.168246
vt 0.245054 0.207517
vt 0.237905 0.207197
vt 0.247399 0.168246
vt 0.254452 0.168246
vt 0.248422 0.207517
vt 0.237905 0.206899
vt 0.246595 0.168246
vt 0.258329 0.168246
vt 0.245554 0.206805
vt 0.237905 0.207517
vt 0.239839 0.199208
vt 0.245079 0.199208
vt 0.279449 0.177227
vt 0.276476 0.170622
vt 0.247746 0.168246
vt 0.253934 0.168246
vt 0.245625 0.207517
vt 0.241967 0.206358
vt 0.237905 0.204450
vt 0.240678 0.204784
vt 0.248294 0.204784
vt 0.257614 0.168246
vt 0.246437 0.174446
vt 0.237905 0.207517
vt 0.243117 0.169346
vt 0.269949 0.169346
vt 0.245265 0.208617
vt 0.241446 0.207177
vt 0.237968 0.207060
vt 0.239414 0.168642
vt 0.279023 0.168642
vt 0.265044 0.180206
vt 0.264212 0.178074
vt 0.253870 0.178013
vt 0.262374 0.169548
vt 0.278736 0.169548
vt 0.239127 0.189930
vt 0.243098 0.168642
vt 0.248873 0.168642
vt 0.239414 0.168642
vt 0.243447 0.168642
vt 0.249938 0.205630
vt 0.246252 0.207913
vt 0.239414 0.168642
vt 0.246060 0.168642
vt 0.252468 0.206427
vt 0.239414 0.168642
vt 0.267507 0.180005
vt 0.258979 0.168642
vt 0.273380 0.168642
vt 0.279023 0.169139
vt 0.259670 0.168642
vt 0.256400 0.168642
vt 0.239414 0.207832
vt 0.239414 0.168642
vt 0.252041 0.168642
vt 0.248007 0.207913
vt 0.239414 0.168642
vt 0.250376 0.168642
vt 0.240123 0.207913
vt 0.239414 0.168642
vt 0.258592 0.168642
vt 0.243938 0.207913
vt 0.468541 0.490546
vt 0.474450 0.484250
vt 0.483809 0.452822
vt 0.470536 0.481990
vt 0.472380 0.476450
vt 0.475847 0.470613
vt 0.479542 0.462855
vt 0.254718 0.186673
vt 0.254788 0.168642
vt 0.247136 0.200679
vt 0.271726 0.168642
vt 0.272393 0.175183
vt 0.262215 0.184188
vt 0.254366 0.176569
vt 0.245614 0.182171
vt 0.241848 0.181965
vt 0.254145 0.205640
vt 0.249579 0.203313
vt 0.244212 0.173000
vt 0.253952 0.200925
vt 0.245566 0.190539
vt 0.275767 0.183283
vt 0.267206 0.187456
vt 0.261204 0.190180
vt 0.254126 0.192888
vt 0.240262 0.184004
vt 0.248671 0.184393
vt 0.240144 0.184210
vt 0.255098 0.187342
vt 0.242224 0.184829
vt 0.248981 0.186502
vt 0.251225 0.189261
vt 0.242652 0.187572
vt 0.242250 0.187881
vt 0.251941 0.187525
vt 0.262264 0.188217
vt 0.258158 0.184915
vt 0.253460 0.174324
vt 0.242867 0.182972
vt 0.253866 0.168642
vt 0.247574 0.192160
vt 0.249318 0.181969
vt 0.243800 0.182762
vt 0.243510 0.192168
vt 0.250494 0.184508
vt 0.253755 0.183376
vt 0.242824 0.188452
vt 0.240937 0.185318
vt 0.258437 0.187660
vt 0.271563 0.174813
vt 0.247633 0.173970
vt 0.238834 0.201032
vt 0.240059 0.172350
vt 0.240022 0.172397
vt 0.259435 0.172397
vt 0.274386 0.185793
vt 0.279631 0.200108
vt 0.862290 0.707720
vt 0.388763 0.680457
vt 0.387015 0.686656
vt 0.400578 0.751794
vt 0.398575 0.753130
vt 0.403650 0.798870
vt 0.766584 0.604997
vt 0.762905 0.607002
vt 0.761224 0.608785
vt 0.349509 0.660076
vt 0.351680 0.656089
vt 0.354427 0.651766
vt 0.360044 0.647091
vt 0.369507 0.642930
vt 0.382559 0.635979
vt 0.401254 0.638316
vt 0.629817 0.606382
vt 0.265937 0.168246
vt 0.620064 0.575525
vt 0.257564 0.168246
vt 0.259709 0.169346
vt 0.258134 0.170622
vt 0.443759 0.766923
vt 0.432483 0.753054
vt 0.418790 0.807233
vt 0.150330 0.570574
vt 0.417544 0.926226
vt 0.419566 0.925793
vt 0.420384 0.925974
vt 0.397484 0.821912
vt 0.419996 0.853746
vt 0.253786 0.186530
vt 0.545822 0.770245
vt 0.271439 0.169797
vt 0.565123 0.761924
vt 0.253728 0.186706
vt 0.375601 0.464186
vt 0.106695 0.876537
vt 0.424593 0.558681
vt 0.425691 0.546253
vt 0.242167 0.674862
vt 0.788676 0.392058
vt 0.774309 0.415158
vt 0.765068 0.405506
vt 0.782261 0.368163
vt 0.758484 0.393821
vt 0.778005 0.361221
vt 0.760844 0.370802
vt 0.776427 0.343156
vt 0.754741 0.404359
vt 0.752374 0.373687
vt 0.746288 0.406134
vt 0.739623 0.375695
vt 0.710516 0.407814
vt 0.717340 0.404436
vt 0.717947 0.423757
vt 0.711988 0.428045
vt 0.731911 0.419857
vt 0.727874 0.387076
vt 0.725567 0.427143
vt 0.722612 0.396150
vt 0.718444 0.444644
vt 0.714943 0.446386
vt 0.722887 0.445075
vt 0.720191 0.462214
vt 0.718003 0.463347
vt 0.731963 0.440855
vt 0.726016 0.464761
vt 0.719143 0.480234
vt 0.723121 0.490036
vt 0.719127 0.495514
vt 0.727203 0.483599
vt 0.731166 0.469754
vt 0.737798 0.457248
vt 0.752754 0.440535
vt 0.755100 0.426146
vt 0.762020 0.428128
vt 0.770880 0.435662
vt 0.759141 0.452031
vt 0.759753 0.459279
vt 0.752592 0.452647
vt 0.738357 0.460421
vt 0.766311 0.464543
vt 0.759794 0.462151
vt 0.758952 0.471225
vt 0.751001 0.469038
vt 0.738325 0.473491
vt 0.731745 0.477312
vt 0.720191 0.462214
vt 0.725213 0.438988
vt 0.721333 0.455933
vt 0.723603 0.481458
vt 0.719143 0.480234
vt 0.723121 0.490036
vt 0.720984 0.501540
vt 0.727203 0.483599
vt 0.731166 0.469754
vt 0.723795 0.426732
vt 0.725401 0.371063
vt 0.763179 0.464783
vt 0.752592 0.452647
vt 0.738357 0.460421
vt 0.770349 0.477294
vt 0.763833 0.474902
vt 0.738325 0.473491
vt 0.731745 0.477312
vt 0.427067 0.760537
vt 0.433628 0.765803
vt 0.440567 0.770504
vt 0.437859 0.768792
vt 0.413414 0.757627
vt 0.454624 0.479461
vt 0.254364 0.186239
vt 0.253913 0.186440
vt 0.239309 0.204242
vt 0.267587 0.177893
vt 0.722054 0.495777
vt 0.241420 0.690970
vt 0.368696 0.466922
vt 0.416442 0.642392
vt 0.426852 0.641477
vt 0.408610 0.762099
vt 0.398334 0.213205
vt 0.433480 0.250954
vt 0.453266 0.266384
vt 0.457703 0.270024
vt 0.364757 0.249967
vt 0.346788 0.264082
vt 0.338298 0.236415
vt 0.302910 0.183704
vt 0.336187 0.238432
vt 0.246919 0.176870
vt 0.221383 0.191333
vt 0.191575 0.204244
vt 0.180030 0.225321
vt 0.179259 0.241648
vt 0.767041 0.472223
vt 0.766387 0.462104
vt 0.752506 0.449206
vt 0.762346 0.436219
vt 0.765731 0.403894
vt 0.753597 0.360729
vt 0.766387 0.462104
vt 0.759733 0.459364
vt 0.762346 0.436219
vt 0.765731 0.403894
vt 0.768025 0.224840
vt 0.770936 0.179875
vt 0.773155 0.137895
vt 0.763749 0.257477
vt 0.763263 0.279911
vt 0.759992 0.309648
vt 0.759650 0.325363
vt 0.759093 0.344244
vt 0.760825 0.370887
vt 0.766565 0.605082
vt 0.764341 0.596922
vt 0.769751 0.675745
vt 0.767992 0.671755
vt 0.766965 0.671649
vt 0.764053 0.668522
vt 0.769467 0.649300
vt 0.766517 0.645485
vt 0.768685 0.622458
vt 0.767425 0.608023
vt 0.763132 0.583823
vt 0.762696 0.559282
vt 0.762984 0.540096
vt 0.761274 0.525606
vt 0.200248 0.703929
vt 0.195169 0.735954
vt 0.189137 0.733426
vt 0.191994 0.708143
vt 0.200248 0.703929
vt 0.195169 0.735954
vt 0.189137 0.733426
vt 0.191994 0.708143
vt 0.200248 0.703929
vt 0.195169 0.735954
vt 0.189137 0.733426
vt 0.191994 0.708143
vt 0.200248 0.703929
vt 0.195169 0.735954
vt 0.189137 0.733426
vt 0.191994 0.708143
vt 0.200248 0.703929
vt 0.195169 0.735954
vt 0.189137 0.733426
vt 0.191994 0.708143
vt 0.200248 0.703929
vt 0.195169 0.735954
vt 0.189137 0.733426
vt 0.191994 0.708143
vt 0.200248 0.703929
vt 0.195169 0.735954
vt 0.189137 0.733426
vt 0.191994 0.708143
vt 0.200248 0.703929
vt 0.195169 0.735954
vt 0.189137 0.733426
vt 0.191994 0.708143
vt 0.200248 0.703929
vt 0.195169 0.735954
vt 0.189137 0.733426
vt 0.191994 0.708143
vt 0.200248 0.703929
vt 0.195169 0.735954
vt 0.189137 0.733426
vt 0.191994 0.708143
vt 0.200248 0.703929
vt 0.195169 0.735954
vt 0.189137 0.733426
vt 0.191994 0.708143
vt 0.200248 0.703929
vt 0.195169 0.735954
vt 0.189137 0.733426
vt 0.191994 0.708143
vt 0.200248 0.703929
vt 0.195169 0.735954
vt 0.189137 0.733426
vt 0.191994 0.708143
vt 0.200248 0.703929
vt 0.195169 0.735954
vt 0.189137 0.733426
vt 0.191994 0.708143
vt 0.200248 0.703929
vt 0.195169 0.735954
vt 0.189137 0.733426
vt 0.191994 0.708143
vt 0.200248 0.703929
vt 0.195169 0.735954
vt 0.189137 0.733426
vt 0.191994 0.708143
vt 0.200248 0.703929
vt 0.195169 0.735954
vt 0.189137 0.733426
vt 0.191994 0.708143
vt 0.200248 0.703929
vt 0.195169 0.735954
vt 0.189137 0.733426
vt 0.191994 0.708143
vt 0.200248 0.703929
vt 0.195169 0.735954
vt 0.189137 0.733426
vt 0.191994 0.708143
vt 0.200248 0.703929
vt 0.195169 0.735954
vt 0.189137 0.733426
vt 0.191994 0.708143
vt 0.200248 0.703929
vt 0.195169 0.735954
vt 0.189137 0.733426
vt 0.191994 0.708143
vt 0.200248 0.703929
vt 0.195169 0.735954
vt 0.189137 0.733426
vt 0.191994 0.708143
vt 0.200248 0.703929
vt 0.195169 0.735954
vt 0.189137 0.733426
vt 0.191994 0.708143
vt 0.200248 0.703929
vt 0.195169 0.735954
vt 0.189137 0.733426
vt 0.191994 0.708143
vt 0.200248 0.703929
vt 0.195169 0.735954
vt 0.189137 0.733426
vt 0.191994 0.708143
vt 0.200248 0.703929
vt 0.195169 0.735954
vt 0.189137 0.733426
vt 0.191994 0.708143
vt 0.200248 0.703929
vt 0.195169 0.735954
vt 0.189137 0.733426
vt 0.191994 0.708143
vt 0.200248 0.703929
vt 0.195169 0.735954
vt 0.189137 0.733426
vt 0.191994 0.708143
vt 0.200248 0.703929
vt 0.195169 0.735954
vt 0.189137 0.733426
vt 0.191994 0.708143
vt 0.200248 0.703929
vt 0.195169 0.735954
vt 0.189137 0.733426
vt 0.191994 0.708143
vt 0.200248 0.703929
vt 0.195169 0.735954
vt 0.189137 0.733426
vt 0.191994 0.708143
vt 0.200248 0.703929
vt 0.195169 0.735954
vt 0.189137 0.733426
vt 0.191994 0.708143
vt 0.200248 0.703929
vt 0.195169 0.735954
vt 0.189137 0.733426
vt 0.191994 0.708143
vt 0.200248 0.703929
vt 0.195169 0.735954
vt 0.189137 0.733426
vt 0.191994 0.708143
vt 0.200248 0.703929
vt 0.195169 0.735954
vt 0.189137 0.733426
vt 0.191994 0.708143
vt 0.200248 0.703929
vt 0.195169 0.735954
vt 0.189137 0.733426
vt 0.191994 0.708143
vt 0.200248 0.703929
vt 0.195169 0.735954
vt 0.189137 0.733426
vt 0.191994 0.708143
vt 0.200248 0.703929
vt 0.195169 0.735954
vt 0.189137 0.733426
vt 0.191994 0.708143
vt 0.200248 0.703929
vt 0.195169 0.735954
vt 0.189137 0.733426
vt 0.191994 0.708143
vt 0.200248 0.703929
vt 0.195169 0.735954
vt 0.189137 0.733426
vt 0.191994 0.708143
vt 0.200248 0.703929
vt 0.195169 0.735954
vt 0.189137 0.733426
vt 0.191994 0.708143
vt 0.200248 0.703929
vt 0.195169 0.735954
vt 0.189137 0.733426
vt 0.191994 0.708143
vt 0.200248 0.703929
vt 0.195169 0.735954
vt 0.189137 0.733426
vt 0.191994 0.708143
vt 0.200248 0.703929
vt 0.195169 0.735954
vt 0.189137 0.733426
vt 0.191994 0.708143
vt 0.200248 0.703929
vt 0.195169 0.735954
vt 0.189137 0.733426
vt 0.191994 0.708143
vt 0.200248 0.703929
vt 0.195169 0.735954
vt 0.189137 0.733426
vt 0.191994 0.708143
vt 0.200248 0.703929
vt 0.195169 0.735954
vt 0.189137 0.733426
vt 0.191994 0.708143
vt 0.200248 0.703929
vt 0.195169 0.735954
vt 0.189137 0.733426
vt 0.191994 0.708143
vt 0.200248 0.703929
vt 0.195169 0.735954
vt 0.189137 0.733426
vt 0.191994 0.708143
vt 0.200248 0.703929
vt 0.195169 0.735954
vt 0.189137 0.733426
vt 0.191994 0.708143
vt 0.200248 0.703929
vt 0.195169 0.735954
vt 0.189137 0.733426
vt 0.191994 0.708143
vt 0.200248 0.703929
vt 0.195169 0.735954
vt 0.189137 0.733426
vt 0.191994 0.708143
vt 0.200248 0.703929
vt 0.195169 0.735954
vt 0.189137 0.733426
vt 0.191994 0.708143
vt 0.200248 0.703929
vt 0.195169 0.735954
vt 0.189137 0.733426
vt 0.191994 0.708143
vt 0.200248 0.703929
vt 0.195169 0.735954
vt 0.189137 0.733426
vt 0.191994 0.708143
vt 0.200248 0.703929
vt 0.195169 0.735954
vt 0.189137 0.733426
vt 0.191994 0.708143
vt 0.200248 0.703929
vt 0.195169 0.735954
vt 0.189137 0.733426
vt 0.191994 0.708143
vt 0.200248 0.703929
vt 0.195169 0.735954
vt 0.189137 0.733426
vt 0.191994 0.708143
vt 0.200248 0.703929
vt 0.195169 0.735954
vt 0.189137 0.733426
vt 0.191994 0.708143
vt 0.200248 0.703929
vt 0.195169 0.735954
vt 0.189137 0.733426
vt 0.191994 0.708143
vt 0.200248 0.703929
vt 0.195169 0.735954
vt 0.189137 0.733426
vt 0.191994 0.708143
vt 0.200248 0.703929
vt 0.195169 0.735954
vt 0.189137 0.733426
vt 0.191994 0.708143
vt 0.200248 0.703929
vt 0.195169 0.735954
vt 0.189137 0.733426
vt 0.191994 0.708143
vt 0.200248 0.703929
vt 0.195169 0.735954
vt 0.189137 0.733426
vt 0.191994 0.708143
vt 0.200248 0.703929
vt 0.195169 0.735954
vt 0.189137 0.733426
vt 0.191994 0.708143
vt 0.200248 0.703929
vt 0.195169 0.735954
vt 0.189137 0.733426
vt 0.191994 0.708143
vt 0.200248 0.703929
vt 0.195169 0.735954
vt 0.189137 0.733426
vt 0.191994 0.708143
vt 0.200248 0.703929
vt 0.195169 0.735954
vt 0.189137 0.733426
vt 0.191994 0.708143
vt 0.200248 0.703929
vt 0.195169 0.735954
vt 0.189137 0.733426
vt 0.191994 0.708143
vt 0.200248 0.703929
vt 0.195169 0.735954
vt 0.189137 0.733426
vt 0.191994 0.708143
vt 0.200248 0.703929
vt 0.195169 0.735954
vt 0.189137 0.733426
vt 0.191994 0.708143
vt 0.200248 0.703929
vt 0.195169 0.735954
vt 0.189137 0.733426
vt 0.191994 0.708143
vt 0.200248 0.703929
vt 0.195169 0.735954
vt 0.189137 0.733426
vt 0.191994 0.708143
vt 0.200248 0.703929
vt 0.195169 0.735954
vt 0.189137 0.733426
vt 0.191994 0.708143
vt 0.200248 0.703929
vt 0.195169 0.735954
vt 0.189137 0.733426
vt 0.191994 0.708143
vt 0.200248 0.703929
vt 0.195169 0.735954
vt 0.189137 0.733426
vt 0.191994 0.708143
vt 0.200248 0.703929
vt 0.195169 0.735954
vt 0.189137 0.733426
vt 0.191994 0.708143
vt 0.200248 0.703929
vt 0.195169 0.735954
vt 0.189137 0.733426
vt 0.191994 0.708143
vt 0.200248 0.703929
vt 0.195169 0.735954
vt 0.189137 0.733426
vt 0.191994 0.708143
vt 0.200248 0.703929
vt 0.195169 0.735954
vt 0.189137 0.733426
vt 0.191994 0.708143
vt 0.200248 0.703929
vt 0.195169 0.735954
vt 0.189137 0.733426
vt 0.191994 0.708143
vt 0.200248 0.703929
vt 0.195169 0.735954
vt 0.189137 0.733426
vt 0.191994 0.708143
vt 0.200248 0.703929
vt 0.195169 0.735954
vt 0.189137 0.733426
vt 0.191994 0.708143
vt 0.200248 0.703929
vt 0.195169 0.735954
vt 0.189137 0.733426
vt 0.191994 0.708143
vt 0.200248 0.703929
vt 0.195169 0.735954
vt 0.189137 0.733426
vt 0.191994 0.708143
vt 0.200248 0.703929
vt 0.195169 0.735954
vt 0.189137 0.733426
vt 0.191994 0.708143
vt 0.200248 0.703929
vt 0.195169 0.735954
vt 0.189137 0.733426
vt 0.191994 0.708143
vt 0.200248 0.703929
vt 0.195169 0.735954
vt 0.189137 0.733426
vt 0.191994 0.708143
vt 0.200248 0.703929
vt 0.195169 0.735954
vt 0.189137 0.733426
vt 0.191994 0.708143
vt 0.200248 0.703929
vt 0.195169 0.735954
vt 0.189137 0.733426
vt 0.191994 0.708143
vt 0.200248 0.703929
vt 0.195169 0.735954
vt 0.189137 0.733426
vt 0.191994 0.708143
vt 0.200248 0.703929
vt 0.195169 0.735954
vt 0.189137 0.733426
vt 0.191994 0.708143
vt 0.200248 0.703929
vt 0.195169 0.735954
vt 0.189137 0.733426
vt 0.191994 0.708143
vt 0.200248 0.703929
vt 0.195169 0.735954
vt 0.189137 0.733426
vt 0.191994 0.708143
vt 0.200248 0.703929
vt 0.195169 0.735954
vt 0.189137 0.733426
vt 0.191994 0.708143
vt 0.200248 0.703929
vt 0.195169 0.735954
vt 0.189137 0.733426
vt 0.191994 0.708143
vt 0.200248 0.703929
vt 0.195169 0.735954
vt 0.189137 0.733426
vt 0.191994 0.708143
vt 0.200248 0.703929
vt 0.195169 0.735954
vt 0.189137 0.733426
vt 0.191994 0.708143
vt 0.200248 0.703929
vt 0.195169 0.735954
vt 0.189137 0.733426
vt 0.191994 0.708143
vt 0.200248 0.703929
vt 0.195169 0.735954
vt 0.189137 0.733426
vt 0.191994 0.708143
vt 0.200248 0.703929
vt 0.195169 0.735954
vt 0.189137 0.733426
vt 0.191994 0.708143
vt 0.200248 0.703929
vt 0.195169 0.735954
vt 0.189137 0.733426
vt 0.191994 0.708143
vt 0.699413 0.275233
vn -0.059294 -0.150666 0.986805
vn 0.628757 0.146593 0.763659
vn 0.198109 -0.081395 0.976795
vn 0.596832 0.094078 0.796832
vn 0.654706 0.155067 0.739807
vn 0.260052 0.216126 0.941097
vn 0.510942 0.275263 0.814352
vn 0.144581 0.282324 0.948362
vn 0.293109 0.495582 0.817610
vn 0.266720 0.121433 0.956093
vn 0.512504 0.185355 0.838441
vn 0.426805 0.015845 0.904205
vn 0.694024 0.331477 0.639103
vn 0.669306 0.126916 0.732067
vn 0.797613 0.177420 0.576486
vn 0.735810 -0.035209 0.676272
vn 0.452758 -0.391355 0.801157
vn 0.203020 0.039693 0.978370
vn 0.215308 -0.037914 0.975810
vn 0.182438 -0.118870 0.976005
vn -0.097972 0.241592 0.965419
vn 0.077998 0.101701 0.991753
vn -0.067883 -0.357943 0.931273
vn 0.095629 -0.320296 0.942478
vn -0.135196 0.231808 0.963321
vn 0.026958 0.111722 0.993374
vn 0.225841 -0.194834 0.954482
vn 0.177770 0.123050 0.976349
vn 0.427066 -0.243369 0.870854
vn 0.294985 -0.437209 0.849607
vn 0.239592 -0.107979 0.964850
vn 0.222417 -0.147270 0.963765
vn 0.430323 -0.111387 0.895776
vn -0.048996 -0.247532 0.967640
vn 0.324825 -0.289696 0.900314
vn 0.561878 -0.131189 0.816751
vn 0.035750 -0.307930 0.950737
vn -0.036858 -0.048666 0.998135
vn -0.156173 0.121657 0.980209
vn -0.116186 0.348615 0.930037
vn -0.053662 0.176744 0.982793
vn 0.200449 -0.024035 0.979409
vn 0.830640 0.054439 0.554142
vn 0.484206 -0.029384 0.874460
vn -0.041614 0.169584 0.984637
vn -0.120295 0.105106 0.987159
vn -0.062664 0.156169 0.985741
vn 0.210242 0.249776 0.945204
vn -0.107710 0.179024 0.977931
vn 0.243033 -0.036805 0.969319
vn 0.309851 0.135197 0.941124
vn -0.004467 0.226987 0.973888
vn -0.143511 -0.135342 0.980350
vn -0.381403 -0.032335 0.923843
vn -0.202619 0.316766 0.926609
vn 0.068565 0.070438 0.995157
vn -0.689528 0.050401 0.722503
vn -0.729546 0.273223 0.626987
vn -0.508804 0.271243 0.817035
vn 0.727725 -0.192461 0.658312
vn 0.088029 0.186663 0.978472
vn -0.305571 -0.009279 0.952124
vn 0.151512 -0.523889 0.838203
vn -0.055401 -0.883107 0.465889
vn 0.264159 -0.850897 0.454086
vn -0.062868 0.120925 0.990669
vn -0.190941 0.081298 0.978229
vn -0.110483 -0.500036 0.858928
vn -0.088959 -0.426327 0.900184
vn 0.095034 -0.458044 0.883835
vn 0.029779 -0.898261 0.438453
vn -0.197819 -0.857099 0.475656
vn 0.023965 -0.881115 0.472294
vn -0.218247 -0.893864 0.391632
vn 0.309875 0.053645 0.949263
vn 0.447338 0.106791 0.887966
vn 0.185170 -0.168044 0.968232
vn 0.106200 -0.764971 0.635249
vn 0.223806 -0.252641 0.941320
vn 0.182578 -0.022449 0.982935
vn 0.276426 -0.233714 0.932184
vn -0.264624 -0.134159 0.954974
vn -0.596667 -0.392442 0.699984
vn -0.206459 -0.137783 0.968706
vn 0.319714 0.088654 0.943358
vn -0.284621 -0.708793 0.645448
vn -0.095066 -0.856552 0.507229
vn -0.481160 -0.397234 0.781467
vn -0.344917 0.172888 0.922574
vn -0.078833 0.038464 0.996146
vn -0.430001 0.075905 0.899632
vn -0.788687 -0.255110 0.559367
vn -0.859331 -0.047537 0.509206
vn -0.460671 0.188112 0.867408
vn -0.279949 0.220097 0.934444
vn -0.443732 0.595886 0.669344
vn 0.443101 0.424012 0.789858
vn -0.478445 0.869652 0.121636
vn 0.753377 0.603534 0.261093
vn 0.272523 0.140463 0.951841
vn 0.840316 -0.184647 0.509681
vn -0.460618 0.278445 0.842793
vn -0.676325 0.122252 0.726387
vn 0.648106 -0.166946 0.743026
vn 0.853076 -0.204016 0.480249
vn -0.386012 0.145849 0.910891
vn -0.577371 0.234075 0.782209
vn 0.235407 0.049595 0.970631
vn 0.918993 -0.040075 0.392232
vn -0.597686 0.175336 0.782323
vn -0.616066 -0.048191 0.786219
vn 0.328295 0.167652 0.929578
vn 0.938536 0.273645 0.210401
vn 0.964785 0.263035 -0.001823
vn 0.280771 0.366704 0.886959
vn -0.684215 0.009344 0.729221
vn 0.882700 0.469903 0.005686
vn 0.099940 0.482573 0.870135
vn -0.693039 -0.066341 0.717841
vn 0.789030 0.201285 0.580444
vn 0.546318 -0.189889 0.815769
vn 0.376063 -0.042440 0.925622
vn 0.309790 -0.220008 0.925001
vn 0.131520 0.085959 0.987580
vn 0.109993 -0.192084 0.975195
vn -0.060408 -0.087702 0.994313
vn -0.195058 -0.119114 0.973532
vn -0.644304 0.112911 0.756388
vn -0.471829 0.136379 0.871079
vn -0.393739 0.067633 0.916731
vn -0.531069 0.077985 0.843732
vn -0.313506 0.038762 0.948795
vn -0.470424 -0.012779 0.882348
vn 0.021195 -0.373388 0.927433
vn 0.387608 -0.616180 0.685626
vn 0.004729 -0.813472 0.581585
vn 0.209547 -0.851739 0.480241
vn 0.614951 -0.144323 0.775246
vn 0.690290 0.309557 0.653968
vn 0.734233 -0.179802 0.654655
vn 0.634784 -0.414427 0.652150
vn 0.681755 -0.351343 0.641692
vn 0.553125 -0.315786 0.770929
vn 0.432802 0.437127 0.788417
vn 0.181517 0.140160 0.973348
vn 0.277020 -0.189264 0.942040
vn -0.073488 -0.030494 0.996830
vn 0.078714 0.128471 0.988585
vn -0.324918 0.352886 0.877439
vn -0.165025 0.176454 0.970376
vn 0.109189 -0.175235 0.978453
vn -0.268099 -0.012296 0.963313
vn -0.617569 0.123226 0.776804
vn -0.722441 0.329164 0.608054
vn -0.560124 0.495847 0.663624
vn -0.430807 0.221189 0.874918
vn -0.134667 -0.058762 0.989147
vn -0.286185 0.146134 0.946965
vn -0.493200 0.184782 0.850065
vn -0.575326 0.323750 0.751123
vn -0.488776 0.245711 0.837093
vn 0.724855 -0.110574 0.679970
vn 0.598317 0.044953 0.799998
vn 0.433153 -0.086026 0.897206
vn 0.238362 0.072037 0.968501
vn 0.552407 0.228171 0.801739
vn 0.305227 0.252340 0.918238
vn -0.449915 0.316274 0.835193
vn -0.422461 0.053415 0.904806
vn -0.585550 0.213150 0.782111
vn -0.469148 -0.156176 0.869200
vn -0.393235 0.452444 0.800413
vn 0.336034 0.196669 0.921088
vn 0.559486 0.208008 0.802314
vn 0.633665 0.115952 0.764868
vn 0.160934 0.304601 0.938785
vn 0.838207 0.168559 0.518650
vn -0.713496 0.433285 0.550625
vn -0.767088 0.475735 0.430409
vn 0.021184 0.610732 0.791554
vn 0.799945 0.372844 0.470186
vn -0.018420 0.821406 0.570046
vn -0.741649 0.270413 0.613868
vn -0.738876 0.290972 0.607781
vn -0.627915 -0.412310 0.660093
vn 0.256213 0.111163 -0.960207
vn 0.756439 0.110043 -0.644741
vn 0.584441 0.074699 0.807990
vn 0.665001 0.163428 0.728742
vn 0.583699 0.207273 -0.785069
vn 0.707769 0.165700 0.686736
vn 0.687173 0.174403 -0.705249
vn 0.619954 0.238595 0.747482
vn 0.709305 0.385114 0.590402
vn -0.012425 -0.134009 -0.990902
vn 0.858543 0.338293 -0.385308
vn 0.369008 0.413137 0.832557
vn 0.521015 0.319464 0.791509
vn 0.821166 0.047219 -0.568732
vn 0.567340 0.394742 0.722706
vn 0.822527 0.474634 -0.313325
vn 0.010493 0.523848 0.851747
vn 0.271543 0.123903 -0.954417
vn 0.695742 0.703257 0.146193
vn -0.017869 0.662037 0.749258
vn -0.801746 0.584300 -0.125688
vn 0.000000 0.000000 0.000000
vn -0.326086 0.362572 0.873046
vn -0.299593 0.254260 0.919563
vn -0.911841 0.129155 -0.389699
vn -0.791652 -0.072858 -0.606613
vn -0.942626 -0.013859 -0.333564
vn -0.395052 0.210364 0.894249
vn -0.321758 0.187960 0.927978
vn -0.171576 0.065173 0.983013
vn -0.231036 -0.086773 0.969068
vn -0.296832 -0.078255 0.951718
vn -0.366611 -0.055158 0.928738
vn -0.610474 -0.116050 0.783488
vn -0.918709 -0.164478 -0.359057
vn -0.918346 -0.112917 -0.379329
vn -0.940602 -0.213316 -0.264130
vn -0.973170 -0.224561 -0.050129
vn -0.920529 -0.357612 0.157289
vn -0.952076 -0.233781 0.197226
vn -0.993405 0.029143 -0.110892
vn 0.856490 0.224839 0.464622
vn 0.447588 0.162316 0.879386
vn 0.680992 0.380271 0.625814
vn 0.336811 0.239147 0.910696
vn 0.551083 -0.012618 0.834355
vn 0.910679 0.202597 0.360026
vn 0.608296 0.236134 0.757771
vn 0.895924 0.344843 0.280007
vn 0.609856 0.313492 0.727872
vn 0.895080 0.344772 0.282781
vn 0.607450 0.274892 0.745278
vn 0.860172 0.428116 0.277166
vn 0.676745 0.430789 0.597023
vn 0.804138 0.455343 0.382132
vn 0.510588 0.529057 0.677789
vn 0.774558 0.421057 0.471986
vn 0.601715 0.251131 0.758203
vn 0.860797 0.359675 0.360088
vn 0.661001 0.288539 0.692693
vn 0.790108 0.595860 0.143811
vn 0.389189 0.802845 0.451634
vn 0.543591 0.836553 0.068471
vn 0.231890 0.921093 -0.312753
vn -0.272043 0.340670 0.899965
vn -0.405272 0.394583 0.824657
vn -0.217097 0.139372 0.966149
vn -0.206968 0.072839 0.975633
vn -0.350409 0.285429 0.892045
vn -0.317829 0.759540 0.567524
vn -0.413665 0.239115 0.878468
vn 0.380490 -0.911342 0.157111
vn -0.671724 -0.005494 0.740781
vn -0.633365 0.062553 0.771321
vn -0.628078 0.108414 0.770561
vn -0.745272 0.114271 0.656896
vn -0.285265 -0.152245 0.946280
vn -0.767023 -0.265161 0.584264
vn -0.335200 -0.017631 0.941982
vn -0.185473 0.107661 0.976734
vn -0.165891 -0.087841 0.982224
vn -0.057060 -0.103514 0.992990
vn -0.136396 0.066813 0.988399
vn -0.631640 -0.052923 0.773453
vn -0.762906 0.033245 0.645655
vn -0.711286 -0.055638 0.700698
vn -0.754908 -0.016664 0.655619
vn -0.821376 -0.193173 0.536681
vn -0.886809 -0.048201 0.459615
vn -0.895444 -0.083047 0.437359
vn -0.919404 -0.002700 0.393305
vn 0.968974 0.185834 0.162958
vn 0.617043 0.239692 0.749537
vn 0.963567 0.266609 0.021389
vn 0.446828 0.310122 0.839148
vn 0.708518 0.106164 0.697661
vn 0.992733 0.001687 0.120322
vn 0.693594 0.126495 0.709174
vn 0.975771 -0.093836 -0.197654
vn 0.793116 0.033616 0.608143
vn 0.998801 0.017993 -0.045531
vn 0.584399 0.357593 0.728426
vn 0.727232 0.307899 0.613459
vn 0.973703 0.059058 -0.220035
vn 0.580508 0.170035 0.796303
vn 0.920207 -0.186697 -0.344039
vn 0.976492 -0.215504 0.004562
vn 0.553147 0.183905 0.812531
vn 0.689921 -0.110891 0.715340
vn 0.912068 -0.359371 -0.197444
vn 0.014222 0.141297 0.989865
vn 0.012595 -0.105168 0.994375
vn -0.000001 0.361937 0.932203
vn 0.307975 0.527228 0.791948
vn 0.579044 0.338893 0.741526
vn 0.465233 0.293827 0.835000
vn 0.460575 0.326960 0.825208
vn 0.436137 0.167022 0.884244
vn 0.483938 0.101398 0.869208
vn 0.365270 0.073447 0.928000
vn 0.255531 0.121585 0.959125
vn 0.181015 0.133919 0.974320
vn 0.202424 0.180411 0.962536
vn 0.307780 0.319250 0.896298
vn 0.376083 0.272590 0.885583
vn 0.250220 0.310488 0.917054
vn 0.293848 0.655925 0.695282
vn 0.284925 0.712321 0.641418
vn 0.230181 0.295242 0.927280
vn 0.329741 0.124114 0.935877
vn -0.181402 0.418170 0.890072
vn 0.234961 0.352244 0.905935
vn 0.178850 0.412430 0.893261
vn -0.012257 0.430468 0.902523
vn -0.525172 0.127572 0.841379
vn -0.655939 0.382070 0.650974
vn -0.455404 0.175909 0.872733
vn 0.338827 0.125036 0.932503
vn 0.045920 0.234214 0.971100
vn 0.307790 0.124744 0.943241
vn -0.213856 0.136556 0.967273
vn -0.581174 0.232392 0.779892
vn -0.508725 0.129361 0.851155
vn -0.032591 0.271536 0.961877
vn -0.175368 0.260593 0.949388
vn -0.395151 0.330972 0.856921
vn -0.721594 0.512353 0.465614
vn 0.165760 0.128745 0.977726
vn 0.105023 0.290611 0.951060
vn 0.461956 0.207506 0.862286
vn -0.289520 0.378306 0.879240
vn -0.018978 0.349128 0.936883
vn -0.558588 0.419447 0.715572
vn -0.858119 0.336701 0.387639
vn -0.000009 0.361945 0.932199
vn 0.000003 0.361940 0.932201
vn -0.508004 0.450961 0.733871
vn -0.930365 0.356449 -0.085816
vn -0.969424 0.245120 -0.011574
vn -0.917878 0.349675 0.187691
vn -0.000003 0.361958 0.932194
vn 0.000005 0.361952 0.932197
vn -0.680323 0.523570 0.512869
vn -0.884878 0.401896 -0.235524
vn -0.271061 0.739654 0.615986
vn -0.878415 0.465521 -0.108064
vn -0.095710 0.556415 0.825374
vn -0.174918 0.728211 0.662656
vn -0.517331 0.602264 0.607986
vn -0.966867 0.186110 -0.174733
vn -0.678950 0.479007 0.556399
vn 0.000002 0.361940 0.932201
vn -0.680902 0.464650 0.566104
vn -0.907629 0.297737 -0.295909
vn -0.900289 0.421735 -0.107798
vn -0.403203 0.525453 0.749217
vn -0.447402 0.424607 0.787109
vn -0.630644 0.546826 0.550700
vn -0.013167 0.642652 0.766045
vn -0.013525 0.535843 0.844209
vn -0.053114 0.579056 0.813556
vn -0.021460 0.790524 0.612056
vn -0.606718 0.620827 0.496455
vn -0.843835 0.329331 0.423654
vn -0.660762 -0.690935 -0.293263
vn -0.576391 0.354624 0.736217
vn -0.465274 0.560049 0.685467
vn -0.056553 0.636921 0.768852
vn -0.007660 0.876479 0.481379
vn -0.690357 -0.130017 0.711690
vn -0.223836 -0.912222 0.343146
vn -0.962808 0.145276 0.227805
vn -0.930982 -0.362237 -0.045348
vn -0.610917 0.194059 0.767542
vn -0.575127 0.112066 0.810352
vn -0.261291 0.516243 0.815611
vn 0.061353 0.037872 0.997397
vn 0.131685 0.604790 0.785423
vn 0.137188 0.161694 0.977259
vn 0.073061 0.734788 0.674351
vn 0.131554 0.231135 0.963987
vn -0.000000 0.361938 0.932202
vn -0.267430 0.358593 0.894367
vn 0.579382 -0.215103 0.786160
vn 0.307197 -0.219054 0.926092
vn 0.188039 0.258619 0.947501
vn 0.272663 0.634190 0.723504
vn 0.591693 0.453657 0.666404
vn 0.299261 0.182935 0.936471
vn -0.030156 -0.607329 0.793878
vn -0.086168 -0.658468 0.747660
vn -0.580698 -0.812755 -0.047112
vn -0.353474 -0.293430 0.888232
vn -0.004245 -0.226619 0.973974
vn -0.124918 -0.144441 0.981597
vn -0.151428 0.790927 0.592878
vn -0.071905 0.789721 0.609238
vn -0.053762 0.737328 0.673393
vn -0.432111 0.816438 0.383026
vn -0.766415 -0.295418 0.570383
vn -0.905585 -0.049591 0.421255
vn -0.515973 0.816917 0.257718
vn -0.951847 -0.049680 0.302521
vn -0.504844 0.859585 0.079035
vn -0.987805 0.134766 -0.077973
vn -0.366343 0.924941 -0.101375
vn -0.958138 -0.039640 -0.283550
vn -0.531361 0.774743 -0.342679
vn 0.225436 0.829393 0.511161
vn 0.363112 0.857431 0.364639
vn 0.294017 0.934384 0.201197
vn -0.561329 0.823302 0.084162
vn 0.036943 0.997211 -0.064852
vn 0.004917 0.999642 -0.026285
vn 0.027151 0.999626 -0.003387
vn 0.006216 0.999979 0.002034
vn -0.000681 1.000000 0.000042
vn 0.024867 0.999014 -0.036789
vn -0.010132 0.999863 -0.013129
vn -0.021509 0.999729 0.008972
vn 0.031884 0.999342 -0.017300
vn 0.058530 0.997196 -0.046631
vn -0.641063 0.703372 -0.307095
vn -0.199975 0.773417 -0.601528
vn 0.014634 0.705654 -0.708406
vn 0.016599 0.859609 -0.510683
vn -0.089034 0.453226 -0.886938
vn -0.467224 -0.363606 -0.805911
vn -0.467190 0.271428 -0.841463
vn 0.985673 0.035108 -0.164971
vn 0.615651 0.105416 0.780937
vn 0.000001 0.361937 0.932203
vn 0.994080 0.094464 -0.053676
vn 0.387131 0.360946 0.848439
vn 0.574534 0.412887 0.706707
vn 0.857120 -0.272455 -0.437165
vn 0.672854 -0.553212 -0.491146
vn 0.424873 0.231219 0.875226
vn 0.031615 -0.878986 -0.475799
vn 0.035458 0.000766 0.999371
vn 0.766622 -0.074482 0.637764
vn 0.326060 -0.824565 0.462362
vn -0.335303 0.298758 0.893485
vn -0.444301 0.330998 0.832488
vn -0.430859 0.270397 0.860957
vn -0.640419 0.431690 0.635223
vn -0.885109 0.049109 0.462786
vn -0.976166 0.068822 0.205824
vn -0.783879 -0.090238 -0.614322
vn -0.891412 -0.056816 -0.449619
vn -0.954562 -0.092781 0.283200
vn -0.436616 0.182007 0.881045
vn -0.422216 0.263059 0.867487
vn -0.735026 0.266465 0.623484
vn -0.928436 0.254148 -0.270954
vn -0.719416 0.315980 0.618544
vn 0.013931 0.412861 0.910687
vn 0.018093 0.424552 0.905223
vn -0.316429 0.628892 0.710188
vn -0.349580 0.729937 0.587354
vn -0.030779 0.608410 0.793026
vn -0.043826 -0.086356 0.995300
vn -0.150289 0.134606 0.979436
vn -0.193779 0.591348 0.782788
vn -0.448040 0.819284 0.357818
vn -0.600953 0.511688 -0.614028
vn -0.249942 -0.110894 0.961890
vn 0.152781 0.123667 0.980492
vn 0.135761 -0.185197 0.973279
vn -0.655828 -0.351638 0.668013
vn -0.464958 0.587488 -0.662323
vn -0.766357 -0.521073 -0.375739
vn -0.595449 -0.231401 0.769347
vn 0.281406 0.373282 0.884009
vn -0.823245 -0.073590 -0.562897
vn -0.364710 -0.152754 0.918506
vn 0.384297 0.414970 0.824691
vn 0.294383 0.351481 0.888707
vn 0.291180 0.378913 0.878430
vn 0.156262 0.311643 0.937262
vn -0.093524 0.394301 0.914210
vn -0.000005 0.361953 0.932196
vn 0.002642 0.036577 0.999327
vn -0.127695 0.289893 0.948502
vn -0.027581 0.300271 0.953455
vn -0.173118 0.020667 0.984684
vn -0.096961 -0.018558 0.995115
vn -0.421001 0.607445 0.673623
vn -0.491736 -0.235971 0.838161
vn 0.034592 0.705140 0.708223
vn 0.051145 -0.374982 0.925620
vn 0.037062 0.323566 0.945480
vn 0.079064 -0.383261 0.920250
vn -0.095762 0.087858 0.991519
vn 0.234835 -0.963927 0.125290
vn 0.229368 -0.480935 0.846222
vn 0.204994 0.019995 0.978559
vn 0.469600 -0.621747 0.626822
vn 0.321446 -0.926923 -0.193614
vn 0.625888 -0.133587 0.768387
vn 0.486800 -0.830848 -0.269663
vn 0.820608 -0.570865 0.026750
vn 0.929004 -0.268836 0.254322
vn 0.486449 0.823285 0.292521
vn 0.775107 0.620616 -0.118509
vn 0.105359 0.896092 0.431184
vn -0.096135 0.795233 0.598633
vn -0.117118 0.927817 0.354173
vn -0.046346 0.993016 0.108497
vn 0.021724 0.831057 0.555762
vn -0.110947 0.952529 -0.283513
vn 0.828404 0.337741 -0.446853
vn -0.106320 0.965989 -0.235716
vn -0.011177 0.979349 -0.201867
vn 0.481474 0.274467 -0.832377
vn 0.106124 0.923580 0.368427
vn 0.075387 0.098551 0.992272
vn 0.626371 0.185210 0.757203
vn -0.181207 0.565342 -0.804707
vn 0.090220 -0.245558 -0.965174
vn 0.158273 0.258850 -0.952862
vn 0.135801 0.236559 -0.962080
vn 0.563890 0.086631 -0.821293
vn 0.022458 0.092086 0.995498
vn 0.209515 0.333360 0.919225
vn -0.889698 -0.456319 0.014504
vn 0.557108 0.239443 0.795172
vn -0.567330 -0.136227 0.812145
vn -0.483712 -0.574930 -0.659908
vn -0.753593 -0.356137 -0.552507
vn -0.417282 -0.012880 0.908686
vn 0.313789 0.473772 0.822847
vn -0.665625 0.233336 0.708871
vn -0.931624 -0.191565 -0.308837
vn 0.217557 0.476718 0.851710
vn -0.709075 0.067884 0.701858
vn -0.487654 -0.297281 -0.820864
vn -0.846941 0.064270 -0.527788
vn -0.232735 0.181314 0.955489
vn 0.388124 0.168141 0.906139
vn 0.778132 0.389290 0.492914
vn 0.687048 0.288149 0.667035
vn 0.683000 0.200728 0.702296
vn 0.483420 0.212783 0.849134
vn 0.798634 0.143367 0.584490
vn -0.437614 0.461007 0.771988
vn 0.440800 0.102495 0.891734
vn 0.927270 0.033702 0.372873
vn 0.574257 0.123920 0.809242
vn 0.662754 0.402060 0.631748
vn 0.895615 -0.138122 -0.422844
vn 0.629160 -0.294423 -0.719356
vn 0.856014 -0.092565 -0.508597
vn 0.920097 -0.159307 -0.357832
vn -0.427832 0.444510 0.787001
vn -0.427559 0.675766 0.600444
vn -0.637190 0.047718 -0.769228
vn -0.797558 0.067373 -0.599468
vn -0.810808 0.108492 -0.575170
vn -0.468665 0.446651 0.762139
vn -0.799428 -0.367909 -0.474930
vn 0.595102 0.540747 0.594514
vn 0.820059 -0.056755 -0.569458
vn 0.437808 0.476152 0.762630
vn 0.694242 -0.142939 -0.705405
vn 0.529685 0.664743 0.526831
vn 0.623441 0.578236 -0.526274
vn -0.035966 0.999352 -0.001150
vn -0.575109 0.433483 0.693788
vn -0.646419 0.724513 -0.239213
vn -0.715505 -0.194930 -0.670861
vn -0.913807 -0.319154 -0.251193
vn -0.658852 0.095774 0.746151
vn 0.998193 -0.056830 -0.019530
vn 0.913210 -0.000973 -0.407489
vn 0.702675 0.534870 0.469215
vn 0.863365 0.370834 0.342176
vn 0.206086 0.478939 0.853315
vn 0.007974 0.799393 0.600755
vn -0.208106 0.892483 -0.400208
vn 0.042669 0.401573 -0.914833
vn -0.350048 0.129587 0.927725
vn -0.136319 0.764634 0.629882
vn -0.108058 0.812600 -0.572717
vn -0.003567 0.518625 -0.854994
vn -0.009972 0.100738 0.994863
vn 0.068938 0.778049 0.624410
vn 0.278918 0.837280 -0.470283
vn -0.083612 0.096218 0.991842
vn -0.447131 0.638537 0.626374
vn -0.119121 0.710257 -0.693790
vn -0.741100 0.259883 -0.619058
vn -0.495828 0.508124 0.704248
vn -0.843474 0.438912 -0.309690
vn -0.063900 0.014887 0.997845
vn 0.063375 0.126550 0.989934
vn -0.062707 -0.015131 0.997917
vn 0.233398 0.212428 0.948894
vn 0.363668 0.087244 0.927434
vn 0.152610 0.195359 0.968785
vn -0.321127 0.677447 0.661772
vn -0.605441 0.518602 -0.603733
vn -0.251038 0.689416 0.679475
vn -0.323076 0.638190 -0.698810
vn -0.303195 0.952900 0.007368
vn -0.145928 0.587840 0.795707
vn 0.011169 0.612265 0.790574
vn -0.599059 0.517154 -0.611294
vn -0.375454 0.574789 0.727084
vn -0.869855 0.484060 -0.095070
vn -0.544920 0.394726 0.739766
vn -0.962109 0.248221 -0.112841
vn -0.511523 0.305094 0.803282
vn -0.924366 0.019711 -0.380998
vn 0.382437 0.022028 0.923719
vn 0.457028 0.177555 0.871550
vn 0.631198 -0.047841 0.774145
vn 0.432348 -0.066936 0.899219
vn 0.282925 0.143024 0.948418
vn 0.234992 0.277285 0.931607
vn 0.453775 0.102073 0.885251
vn 0.751751 -0.022202 0.659073
vn 0.832736 -0.179971 0.523604
vn 0.786768 -0.304233 0.537065
vn 0.838145 -0.325972 0.437328
vn 0.905277 0.026796 0.423976
vn 0.470228 0.355267 0.807880
vn 0.902892 0.255033 0.346042
vn -0.535344 0.338987 0.773624
vn -0.888966 -0.104930 -0.445791
vn 0.427928 0.652255 0.625652
vn -0.469532 0.760777 0.448062
vn -0.966843 0.253635 -0.029730
vn 0.762595 0.600605 0.240255
vn 0.201972 0.943399 0.263070
vn -0.118455 0.923425 0.365040
vn -0.995104 -0.088785 0.043421
vn 0.501171 0.855476 0.130343
vn 0.303955 -0.217118 -0.927616
vn 0.621100 -0.110495 -0.775903
vn 0.699590 0.239547 -0.673195
vn -0.127607 -0.252736 -0.959083
vn 0.840385 -0.379086 -0.387359
vn 0.670922 -0.193804 -0.715754
vn 0.709939 -0.451729 -0.540304
vn 0.485277 -0.381306 -0.786837
vn 0.935169 0.241143 -0.259441
vn 0.533890 0.363740 0.763319
vn 0.813214 0.099995 0.573310
vn 0.919645 -0.021836 -0.392142
vn 0.938056 -0.105647 -0.329984
vn 0.996012 0.040972 -0.079260
vn 0.951021 0.003648 -0.309106
vn 0.647519 0.085365 0.757253
vn 0.449324 0.127743 0.884189
vn 0.986323 -0.154688 -0.056901
vn 0.361688 0.097089 0.927230
vn -0.338367 0.190142 0.921604
vn -0.103943 0.142605 0.984307
vn -0.188265 0.200248 0.961487
vn 0.012499 0.233452 0.972288
vn 0.627645 0.224720 0.745360
vn 0.907038 0.130184 0.400418
vn -0.270944 0.337817 0.901371
vn -0.249680 0.222458 0.942429
vn -0.284756 0.505560 0.814447
vn -0.569236 0.206051 0.795936
vn -0.321028 0.078393 0.943820
vn -0.823592 0.047525 0.565188
vn -0.977256 0.130913 0.166832
vn -0.844804 0.200098 0.496252
vn -0.692345 0.366023 0.621840
vn -0.429051 0.162101 -0.888616
vn -0.954714 0.268676 -0.127804
vn -0.987458 0.105630 0.117342
vn -0.434235 0.212700 -0.875328
vn 0.501480 0.003864 0.865161
vn 0.784711 -0.492966 -0.375783
vn 0.857630 -0.250652 -0.449049
vn 0.484651 0.114574 0.867172
vn -0.013058 0.256756 0.966388
vn -0.063991 0.212728 0.975014
vn 0.473195 0.142431 0.869368
vn -0.060742 0.193322 0.979253
vn 0.711263 -0.205378 -0.672253
vn 0.997619 -0.033350 -0.060361
vn 0.431051 -0.002179 0.902325
vn -0.076910 -0.005040 0.997025
vn 0.907194 -0.030330 -0.419619
vn 0.417326 -0.086142 0.904665
vn -0.102535 -0.032983 0.994183
vn 0.669510 -0.348384 -0.656037
vn 0.273553 -0.140900 0.951481
vn -0.232235 0.186235 0.954664
vn 0.845387 -0.532043 0.047449
vn 0.470187 -0.067705 0.879966
vn -0.255209 0.215924 0.942468
vn -0.776312 0.437456 0.453841
vn -0.667997 0.404364 0.624716
vn -0.659995 0.059520 0.748909
vn -0.717479 -0.027654 0.696031
vn -0.617270 0.104533 0.779776
vn -0.640432 0.107821 0.760409
vn -0.700196 0.276931 0.658054
vn -0.589377 -0.025637 -0.807451
vn -0.778294 -0.171456 -0.604038
vn -0.941542 -0.197142 -0.273193
vn -0.706286 -0.024036 -0.707518
vn -0.803580 0.034090 -0.594220
vn -0.847420 0.216452 -0.484797
vn -0.379589 0.035825 -0.924462
vn -0.677124 0.197542 -0.708859
vn -0.880308 0.270403 0.389795
vn -0.367288 0.297453 0.881261
vn 0.452788 0.074990 0.888459
vn -0.501827 0.144533 0.852807
vn -0.869106 0.280058 0.407705
vn -0.854373 0.208368 -0.476057
vn 0.377678 -0.043541 0.924913
vn 0.962500 -0.268065 -0.041649
vn 0.950409 -0.310774 -0.011880
vn 0.847134 -0.391510 -0.359282
vn 0.342468 -0.098909 0.934309
vn -0.496709 0.196212 0.845447
vn -0.854941 0.296137 0.425887
vn -0.889529 0.200974 0.410302
vn -0.908786 0.068442 -0.411610
vn -0.884249 0.116663 -0.452210
vn -0.932535 -0.050974 -0.357463
vn -0.889924 0.173730 0.421727
vn -0.717189 0.170052 -0.675812
vn -0.817247 0.479779 0.319249
vn -0.740194 0.101994 0.664613
vn -0.218313 0.457217 -0.862144
vn -0.490055 0.605978 0.626608
vn -0.289446 0.348166 0.891628
vn -0.497147 0.246656 0.831869
vn 0.444676 0.075708 0.892486
vn 0.485683 0.193951 0.852347
vn 0.422626 0.239619 0.874054
vn 0.476202 -0.202888 -0.855610
vn 0.980983 -0.186619 -0.053338
vn 0.918873 0.010693 -0.394409
vn 0.952110 0.146908 -0.268151
vn 0.111997 0.173983 0.978359
vn -0.394822 -0.079161 0.915341
vn -0.505534 -0.152077 0.849299
vn -0.916253 -0.367868 0.158600
vn -0.776786 0.113153 0.619516
vn -0.439609 -0.006487 0.898166
vn -0.691363 -0.056202 -0.720319
vn -0.992543 0.065231 -0.102969
vn -0.883493 0.015086 0.468202
vn -0.989178 0.075189 -0.125990
vn -0.693613 0.227609 0.683444
vn -0.707804 0.245675 0.662312
vn -0.959200 0.009361 -0.282573
vn -0.887458 0.267562 -0.375272
vn -0.820411 0.111035 0.560890
vn -0.934753 0.344883 -0.085393
vn -0.653997 0.378241 0.655151
vn -0.724064 0.642938 0.249723
vn -0.653672 0.123206 -0.746682
vn -0.490111 0.353093 0.796942
vn -0.550769 0.267206 0.790730
vn -0.823519 0.151565 0.546667
vn -0.788997 0.218137 0.574370
vn -0.139760 0.459165 0.877288
vn 0.006704 0.585697 0.810502
vn 0.120891 -0.121753 0.985171
vn 0.301897 0.273638 0.913225
vn 0.078018 0.356345 0.931092
vn -0.325103 0.147375 0.934125
vn -0.407196 0.258892 0.875880
vn -0.163318 0.555327 0.815438
vn 0.299267 0.461554 0.835109
vn 0.546394 0.182295 0.817449
vn 0.873029 0.008452 -0.487595
vn 0.682435 0.228176 -0.694420
vn 0.547604 0.411303 0.728670
vn 0.576722 0.251497 0.777265
vn 0.562582 0.423841 0.709831
vn 0.711437 0.246310 -0.658170
vn 0.941180 -0.049867 -0.334207
vn 0.678244 0.273780 0.681930
vn 0.258248 0.353698 0.899003
vn -0.347301 0.572196 0.742949
vn -0.781663 0.483065 0.394528
vn -0.790988 0.510373 -0.337427
vn 0.896770 -0.180488 -0.404015
vn 0.600957 0.469394 0.646931
vn 0.172565 0.734223 0.656610
vn 0.086556 0.742584 0.664137
vn -0.749218 0.659053 0.065731
vn 0.611766 0.125867 -0.780961
vn 0.265917 0.941115 0.208785
vn 0.984467 -0.175041 -0.013598
vn 0.613800 -0.335140 -0.714795
vn 0.228934 -0.214760 0.949456
vn 0.283906 -0.127509 0.950336
vn 0.545031 0.132758 0.827839
vn 0.831698 -0.333785 -0.443696
vn 0.639810 -0.054511 0.766597
vn 0.623799 -0.366840 -0.690147
vn 0.871151 -0.427246 -0.241985
vn 0.548070 -0.069669 0.833526
vn 0.634471 0.156767 0.756882
vn 0.838939 -0.247668 -0.484604
vn 0.574804 0.526538 0.626385
vn 0.872918 -0.120431 -0.472770
vn 0.592417 0.097570 0.799702
vn 0.785593 -0.271705 -0.555896
vn 0.850882 -0.462364 -0.249438
vn 0.481760 -0.076869 0.872925
vn 0.562583 0.171527 0.808751
vn 0.902059 -0.420183 -0.098675
vn 0.610209 0.188723 0.769434
vn 0.621320 -0.258853 -0.739565
vn 0.853575 0.182663 -0.487897
vn 0.562737 0.427728 0.707373
vn 0.901747 0.182687 -0.391763
vn 0.683475 0.241337 0.688925
vn 0.963256 -0.163580 -0.213024
vn 0.506802 0.345325 0.789875
vn 0.683366 0.390712 0.616729
vn 0.858567 -0.343138 -0.380946
vn 0.733791 0.005439 0.679354
vn 0.611845 -0.112746 -0.782901
vn 0.724063 0.179937 0.665850
vn 0.752627 -0.223324 -0.619418
vn 0.525850 0.513119 0.678374
vn 0.778891 0.455599 -0.430998
vn 0.383098 0.255458 -0.887681
vn 0.311571 0.944423 0.104828
vn 0.128632 0.982901 -0.131758
vn 0.285008 0.748413 0.598872
vn 0.505605 0.513893 0.693020
vn 0.187307 0.106482 0.976513
vn 0.078651 0.171045 0.982119
vn -0.572604 0.630986 0.523432
vn -0.622102 0.230642 0.748193
vn -0.515502 0.449539 0.729502
vn -0.431281 0.410640 0.803351
vn -0.649535 0.462587 0.603422
vn -0.552247 0.385568 0.739162
vn -0.376929 0.128201 0.917327
vn -0.403291 0.523468 0.750558
vn -0.591611 0.595059 0.543969
vn -0.579116 0.377186 0.722742
vn -0.420916 0.082497 0.903340
vn -0.592640 0.447475 0.669735
vn -0.539852 0.261116 0.800237
vn -0.891623 -0.362459 0.271353
vn -0.955263 0.155022 -0.251876
vn -0.815581 0.490984 0.306207
vn -0.927253 0.259504 -0.269926
vn -0.713121 0.645712 0.272975
vn -0.810227 0.563038 0.162850
vn -0.759432 0.627892 0.170338
vn -0.672267 0.356813 -0.648646
vn -0.559287 0.478961 -0.676605
vn -0.498405 0.149613 -0.853937
vn -0.938140 0.341648 0.056298
vn -0.930884 0.335146 0.145373
vn -0.974209 0.205290 0.093663
vn -0.974402 0.203783 0.094935
vn -0.855422 0.101812 -0.507826
vn -0.724944 -0.104591 -0.680821
vn -0.958124 0.202186 0.202780
vn -0.978200 0.159105 0.133454
vn -0.881126 0.247906 0.402691
vn -0.961862 0.199122 0.187541
vn -0.792028 -0.083091 -0.604804
vn -0.733614 0.030980 -0.678860
vn -0.854652 0.301344 0.422802
vn -0.683309 -0.073598 -0.726411
vn -0.910989 0.342691 0.229483
vn -0.706497 0.478324 0.521601
vn -0.679795 0.505521 0.531345
vn -0.781830 0.255493 -0.568740
vn -0.877894 0.412132 0.243824
vn -0.482275 -0.241638 -0.842035
vn -0.948974 0.255014 0.185514
vn -0.832482 0.055878 -0.551226
vn -0.959215 0.259494 0.112110
vn -0.596391 0.271698 -0.755313
vn -0.961775 0.271815 0.033262
vn -0.573779 -0.085337 -0.814553
vn -0.968843 0.179985 0.170145
vn -0.495392 -0.319223 -0.807888
vn -0.752458 0.161626 0.638501
vn -0.709371 0.087534 -0.699379
vn -0.658754 0.401817 0.636071
vn -0.830077 0.349494 -0.434541
vn -0.536126 0.684051 0.494614
vn -0.745984 0.252374 -0.616292
vn -0.240969 0.926692 0.288404
vn -0.079933 0.911068 -0.404432
vn -0.524101 0.307936 -0.794036
vn 0.122353 -0.112514 0.986088
vn 0.776475 -0.102102 0.621821
vn 0.293959 -0.029109 0.955375
vn 0.868079 -0.099208 0.486412
vn 0.807756 0.004651 0.589499
vn 0.168430 0.216992 0.961533
vn 0.594088 0.102852 0.797797
vn 0.813159 0.059650 0.578977
vn 0.786256 -0.051955 0.615712
vn 0.546321 -0.145378 0.824863
vn -0.771176 0.384315 0.507533
vn -0.671084 0.297496 0.679075
vn -0.793322 0.326377 0.513924
vn -0.895469 0.237725 0.376326
vn -0.632895 0.087323 0.769298
vn -0.960673 0.277322 0.014167
vn -0.892562 0.263505 -0.365921
vn -0.898438 0.403562 -0.173052
vn -0.880192 0.428753 -0.203553
vn -0.885792 0.424934 -0.186558
vn -0.902209 0.361379 -0.235423
vn -0.940592 0.328410 0.086225
vn 0.222593 0.126452 0.966676
vn 0.774364 -0.184005 0.605395
vn -0.782895 -0.010347 0.622068
vn 0.532425 -0.010449 0.846413
vn -0.945288 0.138257 -0.295492
vn -0.988710 0.137944 -0.058521
vn -0.831961 0.377696 0.406431
vn 0.392021 -0.059261 0.918045
vn 0.699078 0.048455 0.713401
vn 0.425995 -0.152889 0.891714
vn 0.084721 0.305656 0.948366
vn -0.383458 0.070573 0.920858
vn 0.137101 0.683954 0.716527
vn -0.902206 0.306211 0.303742
vn 0.227699 0.034781 0.973110
vn -0.130900 0.232209 0.963818
vn -0.031200 0.300990 0.953117
vn 0.670246 0.094815 0.736057
vn 0.482671 0.111269 0.868705
vn 0.090962 -0.165702 0.981972
vn 0.865162 0.131545 0.483933
vn 0.424551 0.181067 0.887114
vn 0.401201 0.157743 0.902305
vn 0.348938 0.580813 0.735458
vn 0.562978 0.170640 0.808664
vn 0.870613 0.252601 0.422169
vn 0.341775 0.642723 0.685636
vn 0.717855 -0.058346 0.693744
vn 0.020102 0.257541 0.966058
vn -0.141557 0.290012 0.946496
vn 0.407390 -0.059862 0.911290
vn 0.825902 -0.344343 0.446446
vn 0.057048 -0.254370 0.965423
vn -0.606211 -0.153752 0.780300
vn -0.484801 -0.038558 0.873774
vn -0.705325 0.407329 0.580172
vn -0.875299 0.421855 0.236409
vn -0.092649 0.118015 0.988680
vn -0.902338 0.420809 0.093310
vn -0.443638 -0.262217 0.856987
vn -0.933291 0.145860 0.328167
vn -0.956509 0.260796 0.130679
vn -0.966120 0.257682 -0.014564
vn -0.958829 0.189212 -0.211768
vn -0.886901 0.088581 -0.453388
vn -0.920091 0.352410 -0.170998
vn -0.946293 0.287495 -0.147903
vn -0.977429 0.208716 0.032727
vn -0.680366 0.024025 0.732479
vn -0.318111 0.254080 0.913372
vn -0.751448 0.433890 0.497056
vn -0.954533 0.284758 0.088205
vn 0.828006 -0.337241 0.447967
vn 0.103757 -0.066190 0.992398
vn -0.483455 0.181196 0.856411
vn 0.863970 -0.188204 0.467049
vn 0.288401 -0.083768 0.953838
vn -0.792353 0.044615 0.608430
vn -0.956799 0.227309 0.181292
vn -0.896541 0.194241 0.398100
vn -0.977309 0.181688 0.108888
vn -0.867788 0.040119 0.495312
vn -0.980035 0.191867 -0.052134
vn -0.897911 0.093509 0.430130
vn -0.979841 0.189582 -0.063015
vn -0.813312 0.101240 0.572952
vn -0.929703 0.360463 -0.075627
vn -0.534600 0.639598 0.552375
vn 0.054191 -0.020277 0.998325
vn -0.062441 -0.162411 0.984746
vn -0.268467 -0.067092 0.960950
vn -0.056148 0.570456 0.819407
vn 0.187366 0.942675 0.276149
vn -0.012562 0.974535 0.223882
vn -0.533600 0.844788 0.040057
vn 0.335340 0.727053 0.599117
vn -0.027713 0.975447 0.218484
vn 0.420229 -0.168696 0.891599
vn 0.657768 -0.223495 0.719299
vn 0.679298 -0.068298 0.730678
vn 0.314949 0.005673 0.949092
vn 0.819665 -0.095706 0.564792
vn 0.559771 -0.206403 0.802530
vn 0.650998 -0.127567 0.748283
vn 0.818189 -0.111351 0.564064
vn 0.900764 0.019530 0.433870
vn 0.653066 0.652142 0.384988
vn 0.906248 0.031498 0.421571
vn 0.912171 0.043281 0.407519
vn 0.066363 0.280773 0.957477
vn 0.418136 0.104464 0.902358
vn 0.848379 0.040413 0.527844
vn 0.504151 0.002511 0.863612
vn 0.634313 0.072940 0.769628
vn 0.671782 0.103621 0.733465
vn 0.704405 0.148001 0.694197
vn 0.681938 0.078137 0.727225
vn 0.760975 -0.003880 0.648769
vn 0.518616 0.058407 0.853010
vn 0.715602 -0.017479 0.698289
vn 0.501059 0.028937 0.864929
vn 0.568176 -0.063445 0.820458
vn 0.362702 0.031008 0.931389
vn 0.396216 0.162554 0.903653
vn 0.372206 -0.153394 0.915387
vn 0.288124 -0.125579 0.949323
vn 0.191016 -0.116204 0.974685
vn -0.157379 -0.374304 0.913853
vn 0.031945 -0.327665 0.944254
vn -0.141843 -0.192377 0.971016
vn 0.137494 -0.140039 0.980553
vn -0.121659 -0.119217 0.985386
vn -0.082421 -0.076708 0.993641
vn -0.073523 0.041157 0.996444
vn -0.013514 0.144808 0.989368
vn 0.058352 0.184450 0.981108
vn -0.052343 0.046722 0.997536
vn 0.138973 0.052828 0.988886
vn -0.026682 -0.143658 0.989268
vn 0.192646 -0.286221 0.938598
vn -0.004275 -0.540169 0.841546
vn 0.091716 -0.712140 0.696021
vn -0.058648 -0.361886 0.930376
vn 0.148217 -0.559395 0.815542
vn -0.181447 -0.169052 0.968761
vn 0.252180 -0.197582 0.947294
vn 0.170656 0.259001 0.950681
vn 0.206900 0.289208 0.934640
vn -0.146781 -0.049515 0.987929
vn -0.186708 0.216133 0.958346
vn 0.036238 0.125533 0.991427
vn -0.169554 -0.008284 0.985486
vn 0.017454 -0.348304 0.937219
vn -0.117565 -0.366772 0.922853
vn 0.059626 -0.619757 0.782525
vn 0.201583 -0.404506 0.892042
vn 0.259214 -0.477754 0.839381
vn 0.269996 -0.654766 0.705963
vn 0.161492 -0.656162 0.737137
vn -0.080839 -0.886075 0.456438
vn 0.318048 -0.932319 0.172123
vn -0.091782 -0.779700 0.619390
vn 0.021379 -0.593009 0.804912
vn -0.085925 -0.687651 0.720939
vn 0.028725 -0.551713 0.833539
vn 0.120447 -0.444796 0.887496
vn 0.261292 -0.284980 0.922233
vn 0.123114 0.066847 0.990139
vn -0.294335 0.047917 0.954500
vn -0.156096 0.210973 0.964948
vn 0.073578 0.128915 0.988922
vn 0.319953 -0.393063 0.862051
vn -0.083313 -0.203240 0.975578
vn 0.042058 0.004945 0.999103
vn 0.231431 0.067010 0.970541
vn 0.474791 0.019633 0.879880
vn 0.495750 -0.366131 0.787515
vn 0.243739 -0.488533 0.837811
vn 0.081488 -0.459450 0.884458
vn 0.217055 0.042579 0.975230
vn -0.106050 0.182937 0.977388
vn -0.206171 0.041704 0.977627
vn -0.106473 0.137223 0.984801
vn 0.003336 0.434784 0.900529
vn 0.126503 0.486184 0.864651
vn 0.356176 -0.038850 0.933611
vn 0.061276 -0.052342 0.996748
vn -0.168228 0.221680 0.960499
vn -0.257126 0.552040 0.793182
vn -0.248039 0.546655 0.799778
vn -0.096181 0.316025 0.943863
vn 0.262602 -0.119200 0.957513
vn -0.284429 -0.060899 0.956761
vn 0.123791 -0.082301 0.988889
vn 0.409679 0.356091 0.839858
vn -0.013561 0.768738 0.639420
vn -0.468063 0.881411 -0.063496
vn 0.738168 0.357862 0.571876
vn 0.749167 0.389864 0.535495
vn -0.001855 0.720957 0.692977
vn -0.021267 0.347191 0.937553
vn 0.191562 0.337687 0.921559
vn 0.213928 0.649348 0.729782
vn 0.311201 -0.063959 0.948190
vn 0.176092 0.032071 0.983851
vn -0.703838 0.039966 0.709235
vn -0.570922 0.269166 0.775627
vn -0.463340 0.405217 0.788109
vn -0.125129 0.012777 0.992058
vn 0.313165 -0.039067 0.948895
vn -0.068571 -0.005091 0.997633
vn -0.015225 -0.256600 0.966398
vn 0.129239 -0.352534 0.926832
vn 0.228679 -0.432604 0.872101
vn 0.325099 -0.150675 0.933599
vn 0.623780 0.149355 0.767197
vn 0.454740 -0.318285 0.831809
vn 0.086615 -0.389561 0.916919
vn -0.603399 0.036143 0.796620
vn -0.676919 0.135594 0.723460
vn -0.496466 0.018970 0.867849
vn -0.267441 -0.033848 0.962979
vn -0.626369 -0.029386 0.778973
vn -0.209128 -0.339882 0.916922
vn -0.722234 0.032766 0.690872
vn 0.315160 0.007782 0.949007
vn -0.333066 0.012412 0.942822
vn -0.475531 0.024864 0.879348
vn -0.855841 0.021866 0.516777
vn -0.372542 -0.239653 0.896537
vn -0.438561 -0.191331 0.878099
vn -0.779995 0.080298 0.620613
vn -0.718354 -0.165719 0.675652
vn -0.948153 -0.020397 0.317160
vn -0.999088 0.015891 0.039639
vn -0.704172 0.033691 0.709230
vn -0.901776 -0.020112 0.431737
vn 0.011741 -0.446545 0.894684
vn -0.906520 0.302406 0.294571
vn -0.203755 0.002681 0.979018
vn 0.071859 -0.122081 0.989915
vn -0.460383 -0.113750 0.880403
vn 0.120267 -0.624789 0.771476
vn -0.316218 -0.300576 0.899811
vn -0.425552 0.264247 0.865494
vn -0.014224 -0.072776 0.997247
vn 0.014561 0.049574 0.998664
vn 0.091924 0.113282 0.989301
vn -0.670521 0.207377 0.712318
vn -0.494893 0.220394 0.840540
vn -0.075827 -0.084276 0.993553
vn -0.678866 -0.101656 0.727192
vn -0.623324 -0.385090 0.680569
vn 0.192164 -0.420186 0.886858
vn 0.291657 -0.554879 0.779132
vn -0.146067 -0.479095 0.865524
vn -0.962040 0.058911 0.266473
vn -0.872748 -0.109994 0.475618
vn -0.354314 -0.278487 0.892696
vn -0.550202 -0.517424 0.655401
vn -0.985413 -0.095261 0.141023
vn 0.126614 -0.096272 0.987269
vn -0.179414 -0.050706 0.982466
vn -0.306226 -0.775400 0.552251
vn -0.528282 -0.782127 0.330448
vn -0.560735 -0.774373 0.293126
vn -0.553231 -0.788860 0.267648
vn -0.152421 -0.906953 0.392689
vn 0.223668 -0.527753 0.819420
vn 0.508317 -0.382539 0.771542
vn -0.014284 -0.494297 0.869176
vn -0.056661 -0.583912 0.809837
vn 0.283729 -0.494155 0.821772
vn 0.364638 -0.301079 0.881130
vn 0.399533 -0.336212 0.852839
vn 0.220577 -0.576439 0.786806
vn -0.082261 -0.685998 0.722939
vn 0.108591 -0.715682 0.689933
vn 0.401068 -0.012711 0.915960
vn 0.657333 -0.108174 0.745796
vn 0.666454 -0.071255 0.742133
vn 0.693867 -0.087840 0.714726
vn 0.426178 -0.225661 0.876042
vn 0.184565 -0.392921 0.900860
vn 0.239930 0.118904 0.963481
vn -0.474594 0.231104 0.849324
vn 0.429169 -0.454644 0.780457
vn 0.431145 -0.490294 0.757447
vn 0.162191 -0.757007 0.632957
vn -0.007239 -0.867882 0.496717
vn 0.081918 -0.887315 0.453830
vn -0.292939 0.576340 0.762902
vn 0.066392 0.502959 0.861757
vn -0.716814 0.350012 0.603051
vn -0.629343 0.264501 0.730730
vn -0.977855 0.121057 0.170716
vn -0.893666 0.294062 0.338953
vn 0.201970 0.614021 0.763012
vn -0.146605 0.547702 0.823729
vn -0.336957 0.362169 0.869076
vn 0.285451 0.376026 0.881545
vn -0.621085 0.071992 0.780430
vn -0.434560 0.217738 0.873927
vn -0.633694 0.123565 0.763652
vn -0.744600 0.229224 0.626919
vn -0.996561 0.020174 0.080366
vn -0.529372 0.554593 0.642022
vn 0.260206 0.415403 0.871627
vn -0.992691 0.120621 0.003887
vn -0.487920 0.737965 0.466198
vn 0.111908 0.196171 0.974163
vn -0.864833 0.476434 -0.158348
vn -0.458457 0.125675 0.879786
vn -0.788769 0.495094 0.364315
vn 0.129122 0.093194 0.987240
vn -0.544528 0.086645 0.834255
vn -0.393719 0.786322 0.476111
vn -0.540417 0.725289 -0.426504
vn -0.628967 0.297784 0.718140
vn -0.053395 0.122424 0.991041
vn -0.161626 0.517097 0.840528
vn -0.400690 0.640112 0.655518
vn -0.397412 0.302319 0.866410
vn -0.365242 0.209109 0.907123
vn -0.309643 0.247252 0.918144
vn -0.268582 0.181224 0.946056
vn 0.075806 0.213813 0.973929
vn -0.257688 0.322143 0.910945
vn -0.540463 0.115650 0.833381
vn -0.687709 0.664602 -0.292166
vn -0.282733 -0.028268 0.958782
vn -0.407657 -0.128893 0.903993
vn -0.344048 0.068652 0.936439
vn -0.625625 0.418487 0.658379
vn -0.591447 0.166537 0.788959
vn -0.708110 -0.068374 0.702784
vn -0.739365 -0.172657 0.650791
vn -0.371559 -0.714042 0.593371
vn -0.402045 -0.895781 0.189567
vn -0.440053 -0.694834 0.568823
vn -0.640452 -0.664756 0.384604
vn -0.489739 -0.634664 0.597793
vn -0.593681 -0.685098 0.422118
vn -0.362000 -0.794514 0.487549
vn -0.622648 -0.727538 0.288092
vn -0.396786 -0.837150 0.376484
vn -0.219254 -0.612004 0.759854
vn -0.216986 -0.647438 0.730577
vn -0.016509 -0.691448 0.722238
vn -0.264990 0.192950 0.944749
vn -0.339797 0.102975 0.934844
vn -0.561608 0.205836 0.801391
vn -0.127357 0.622357 0.772303
vn -0.227982 0.553826 0.800813
vn -0.419629 0.103421 0.901785
vn -0.392355 0.143584 0.908538
vn -0.220419 0.147720 0.964155
vn -0.536502 0.054138 0.842161
vn -0.654571 -0.014097 0.755869
vn -0.684282 -0.103274 0.721868
vn -0.585343 -0.169808 0.792804
vn -0.070713 0.092430 0.993205
vn -0.122453 -0.012474 0.992396
vn 0.141448 0.481079 0.865191
vn 0.028635 0.049421 0.998367
vn 0.261749 0.854200 0.449255
vn -0.045964 0.088103 0.995050
vn 0.296114 0.281041 0.912871
vn 0.307822 0.124419 0.943274
vn -0.166433 -0.093756 0.981586
vn -0.291564 -0.043614 0.955556
vn -0.614033 -0.209866 0.760868
vn -0.745790 -0.259698 0.613477
vn -0.821425 -0.291162 0.490394
vn -0.657577 -0.164694 0.735165
vn -0.867927 -0.035681 0.495408
vn -0.767057 0.021104 0.641232
vn -0.900055 0.182354 0.395789
vn -0.848894 0.296162 0.437797
vn -0.862304 0.372344 0.343208
vn -0.893057 0.222803 0.390906
vn -0.959842 0.094830 0.264028
vn -0.772055 0.284562 0.568292
vn -0.750874 0.195987 0.630695
vn -0.975189 0.048594 0.215973
vn -0.964623 0.025558 0.262390
vn -0.569804 0.117937 0.813274
vn -0.965296 0.024735 0.259983
vn -0.532042 0.336339 0.777050
vn -0.724497 0.683079 0.092237
vn -0.022622 0.991641 0.127031
vn -0.114669 -0.119174 0.986229
vn -0.424638 -0.020033 0.905142
vn -0.392007 0.265251 0.880893
vn -0.475078 0.678557 0.560233
vn -0.085456 0.697874 0.711105
vn 0.362898 0.371324 0.854648
vn 0.544981 0.246569 0.801373
vn 0.435924 0.282147 0.854613
vn 0.325651 0.726945 0.604568
vn 0.613216 0.132486 0.778725
vn 0.654620 0.183058 0.733459
vn 0.429731 0.007842 0.902923
vn 0.692373 0.187730 0.696690
vn 0.253692 0.435959 0.863470
vn 0.381805 0.760356 0.525437
vn 0.606259 0.626588 0.489732
vn 0.795463 0.475680 0.375456
vn 0.837936 0.247492 0.486427
vn 0.843632 0.227255 0.486457
vn 0.721380 0.691726 -0.033550
vn 0.775976 0.253585 0.577543
vn 0.787099 0.486310 0.379444
vn 0.726044 0.398715 0.560256
vn 0.772755 0.534824 0.341779
vn 0.615062 0.286425 0.734616
vn 0.421908 0.183302 0.887916
vn -0.118056 -0.448653 0.885874
vn -0.240309 -0.609361 0.755600
vn -0.079931 -0.252865 0.964194
vn -0.068101 -0.485977 0.871314
vn 0.014194 -0.723325 0.690362
vn 0.062100 -0.488043 0.870608
vn -0.232902 -0.704131 0.670787
vn -0.641813 -0.713304 0.281556
vn -0.436418 -0.821620 0.366714
vn -0.228974 -0.454210 0.860967
vn -0.627104 -0.763457 0.154513
vn -0.692535 -0.712217 0.114638
vn -0.956804 -0.290492 0.011853
vn 0.320880 -0.366615 0.873287
vn 0.241419 -0.683075 0.689293
vn 0.569635 -0.656969 0.493870
vn 0.696877 -0.398298 0.596424
vn 0.653099 -0.175516 0.736652
vn -0.606527 -0.550759 0.573402
vn -0.869807 -0.053003 0.490538
vn -0.249879 -0.755122 0.606095
vn -0.935881 0.289276 0.201113
vn -0.257827 -0.862048 0.436346
vn -0.127279 -0.903776 0.408642
vn -0.055360 -0.894468 0.443691
vn -0.224938 -0.878791 0.420866
vn 0.083821 -0.909284 0.407648
vn -0.102713 -0.941103 0.322142
vn -0.161688 -0.942800 0.291522
vn 0.105675 -0.939750 0.325121
vn 0.274715 -0.899944 0.338575
vn 0.316637 -0.904139 0.286834
vn 0.541851 -0.816643 0.198723
vn 0.402061 -0.807596 0.431434
vn -0.000019 -1.000000 0.000282
vn 0.076640 -0.878172 -0.472165
vn -0.000038 -1.000000 0.000565
vn -0.126381 0.073898 -0.989225
vn 0.028931 -0.433565 -0.900658
vn 0.003087 -0.363387 -0.931633
vn 0.000968 -0.362524 -0.931974
vn 0.000001 -0.361938 -0.932202
vn 0.020774 -0.280835 -0.959531
vn 0.158238 -0.247444 -0.955893
vn 0.203459 -0.362701 -0.909424
vn 0.171617 -0.183911 -0.967845
vn 0.084477 0.010222 -0.996373
vn 0.038760 -0.182025 -0.982530
vn -0.253283 -0.103885 -0.961798
vn -0.290138 0.102720 -0.951456
vn 0.151504 0.986976 0.054081
vn -0.017439 0.082978 -0.996399
vn 0.081432 0.264078 -0.961058
vn -0.474099 0.234923 -0.848552
vn 0.061230 0.047393 -0.996998
vn -0.059366 0.058516 -0.996520
vn -0.059894 -0.454782 -0.888586
vn -0.590138 -0.418214 -0.690532
vn 0.239388 -0.273793 -0.931521
vn 0.484413 -0.150042 -0.861877
vn -0.135884 0.234393 -0.962598
vn 0.392223 -0.040208 -0.918991
vn 0.058740 0.139725 -0.988447
vn 0.218274 -0.128893 -0.967338
vn 0.335142 0.159117 -0.928634
vn 0.091670 -0.097461 -0.991009
vn 0.266715 0.324875 -0.907370
vn -0.702139 0.436632 -0.562454
vn 0.039533 0.127619 -0.991035
vn -0.400068 0.206492 -0.892920
vn 0.201744 0.137206 -0.969781
vn -0.483747 0.167696 -0.858992
vn -0.264987 -0.236853 -0.934710
vn -0.635591 -0.096657 -0.765951
vn -0.585964 -0.234846 -0.775560
vn -0.514146 -0.436668 -0.738224
vn -0.266519 -0.473223 -0.839659
vn -0.143788 0.203695 -0.968418
vn -0.592631 -0.275786 -0.756790
vn -0.325572 0.184167 -0.927408
vn 0.333205 0.203028 -0.920736
vn 0.213173 -0.798273 0.563310
vn 0.213173 -0.798273 0.563310
vn 0.213173 -0.798273 0.563310
vn -0.711383 0.341647 0.614175
vn -0.416564 -0.881701 0.221536
vn -0.719318 -0.677152 0.155072
vn -0.904227 -0.426192 0.027091
vn -0.251609 -0.932375 0.259558
vn -0.322165 -0.892085 0.316851
vn -0.079137 -0.962123 0.260877
vn -0.195778 -0.887520 0.417109
vn 0.232810 0.707384 0.667388
vn 0.557106 -0.266790 0.786420
vn 0.026321 -0.126150 0.991662
vn 0.495314 -0.127398 0.859322
vn -0.356754 -0.116734 0.926876
vn -0.316540 -0.029295 0.948127
vn 0.255736 0.139593 0.956615
vn 0.219548 0.147172 0.964437
vn 0.690539 0.475280 0.545220
vn -0.069729 -0.078665 0.994460
vn -0.151064 0.052442 0.987132
vn 0.046319 -0.117421 0.992001
vn -0.114019 0.045751 0.992425
vn -0.998115 -0.060268 -0.011622
vn -0.852482 -0.016716 0.522489
vn -0.975025 0.068203 0.211362
vn -0.837069 0.029743 0.546289
vn -0.306887 0.047731 0.950548
vn -0.109879 -0.075328 0.991086
vn -0.365442 0.019566 0.930629
vn -0.424472 -0.125870 0.896649
vn -0.548662 -0.054099 0.834292
vn -0.439866 -0.243255 0.864491
vn 0.051611 -0.344381 0.937410
vn -0.228695 -0.311396 0.922351
vn -0.373077 -0.137649 0.917533
vn 0.202162 -0.410831 0.889015
vn 0.242041 -0.495759 0.834050
vn 0.020057 -0.774033 0.632828
vn 0.180417 -0.790209 0.585678
vn -0.230082 -0.739242 0.632917
vn -0.197489 -0.696377 0.689969
vn -0.008643 -0.780924 0.624566
vn 0.362324 -0.801968 0.474941
vn 0.211403 -0.934513 0.286346
vn 0.105574 -0.929013 0.354667
vn -0.052290 -0.962232 0.267163
vn -0.105258 -0.975525 0.193061
vn 0.222093 -0.928465 0.297703
vn -0.392213 -0.869188 0.301133
vn -0.209076 -0.825895 0.523627
vn -0.076036 -0.956287 0.282372
vn 0.007894 -0.887151 0.461411
vn 0.083247 -0.962209 0.259276
vn 0.015020 -0.954903 0.296536
vn 0.234264 -0.941341 0.242893
vn 0.283811 -0.955349 0.082221
vn 0.283811 -0.955349 0.082221
vn 0.283811 -0.955349 0.082221
vn -0.182809 -0.979612 0.083312
vn 0.019485 -0.996927 0.075879
vn 0.408280 0.029326 0.912386
vn 0.011548 0.007106 0.999908
vn 0.035274 0.134565 0.990277
vn 0.015858 -0.031243 0.999386
vn -0.492437 0.062203 0.868123
vn -0.210544 -0.234004 0.949165
vn -0.405851 -0.332812 0.851188
vn -0.574338 0.209294 0.791412
vn 0.030390 -0.981034 0.191438
vn 0.081637 -0.812867 0.576700
vn 0.064696 -0.983165 0.170882
vn 0.112428 -0.974165 0.195861
vn 0.075314 -0.989575 0.122756
vn 0.134994 -0.978490 0.155992
vn 0.290613 -0.265522 -0.919262
vn 0.371609 -0.818875 0.437436
vn 0.536550 -0.694343 0.479586
vn 0.562410 0.234661 -0.792861
vn 0.675684 0.001470 -0.737190
vn 0.515366 -0.783587 0.346972
vn 0.795935 -0.602935 0.054366
vn 0.729438 0.149465 -0.667518
vn -0.379310 0.098344 0.920029
vn -0.654567 -0.709102 0.262137
vn -0.501759 -0.863824 0.045230
vn -0.076077 -0.995765 0.051618
vn 0.077252 -0.992306 0.096758
vn -0.002557 -0.990696 -0.136072
vn -0.020182 -0.999473 0.025413
vn 0.019993 -0.996523 0.080883
vn 0.694688 -0.714339 -0.084427
vn 0.773923 0.030601 -0.632539
vn 0.854261 -0.199589 -0.480003
vn 0.772389 0.026681 -0.634589
vn -0.353303 -0.290181 0.889366
vn -0.303762 -0.751835 0.585211
vn -0.006207 -0.796825 0.604178
vn -0.156496 -0.837186 0.524050
vn -0.528279 -0.097390 0.843467
vn -0.848748 -0.297367 0.437265
vn -0.900806 -0.253546 0.352510
vn -0.887729 -0.152408 0.434406
vn -0.731915 -0.517039 0.443815
vn -0.978991 -0.202567 0.023319
vn -0.803845 0.222301 -0.551738
vn -0.648010 0.523906 -0.552816
vn -0.070597 -0.702415 0.708258
vn 0.034621 -0.980050 0.195711
vn -0.059183 -0.998126 0.015554
vn -0.244074 -0.964375 -0.102024
vn -0.499961 -0.765147 0.405695
vn -0.868724 -0.468515 0.160660
vn -0.968443 0.114028 0.221621
vn -0.892594 0.002495 0.450855
vn -0.998549 0.053734 -0.003587
vn -0.299429 -0.475657 0.827099
vn 0.476718 -0.084374 0.874998
vn 0.028934 -0.354287 0.934689
vn 0.814725 -0.151464 0.559716
vn 0.812919 -0.064591 0.578784
vn 0.716422 -0.156330 0.679927
vn 0.599067 -0.238579 0.764329
vn 0.393920 0.136299 0.908983
vn 0.047671 -0.876678 0.478709
vn 0.287681 -0.838853 0.462131
vn 0.748502 -0.635979 0.187819
vn -0.611343 0.085256 0.786760
vn -0.717969 -0.271625 0.640890
vn -0.798851 -0.203552 0.566041
vn -0.172028 -0.803660 0.569682
vn -0.587257 -0.762064 0.272743
vn -0.147921 -0.975206 0.164598
vn -0.275634 -0.956338 0.097183
vn 0.240216 -0.965332 0.102130
vn 0.167266 -0.979892 0.108780
vn 0.163836 -0.979452 0.117607
vn 0.938746 0.073733 0.336629
vn 0.524293 0.247767 0.814695
vn 0.131344 0.104547 0.985809
vn -0.004290 0.007701 0.999961
vn 0.017327 -0.098075 0.995028
vn 0.121955 -0.055780 0.990967
vn 0.954203 -0.053676 0.294304
vn 0.691440 -0.047384 0.720879
vn -0.093316 0.020136 0.995433
vn -0.174448 0.027546 0.984281
vn -0.509764 0.119050 0.852037
vn -0.550286 0.033556 0.834302
vn -0.839782 0.003589 0.542911
vn -0.845097 0.005382 0.534586
vn -0.564685 0.000969 0.825306
vn -0.838748 0.000083 0.544519
vn -0.575337 0.002526 0.817913
vn -0.837887 0.000244 0.545843
vn -0.128471 0.006335 0.991693
vn 0.017837 0.002179 0.999839
vn 0.046930 -0.003603 0.998892
vn 0.075907 -0.010936 0.997055
vn 0.176074 -0.002407 0.984374
vn 0.178623 -0.005373 0.983903
vn 0.642578 -0.003358 0.766213
vn 0.853387 -0.004255 0.521260
vn 0.963149 -0.003328 0.268947
vn 0.968365 -0.004898 0.249489
vn -0.045110 -0.133598 0.990008
vn -0.106595 -0.213585 0.971092
vn -0.074194 -0.166366 0.983269
vn 0.043840 -0.062401 0.997088
vn -0.069587 -0.025341 0.997254
vn 0.026728 -0.029130 0.999218
vn 0.112830 0.100601 0.988509
vn 0.036439 -0.269405 0.962337
vn 0.190657 -0.305011 0.933069
vn 0.351682 -0.127978 0.927330
vn -0.496857 -0.033893 0.867170
vn -0.030663 -0.045173 0.998509
vn -0.718021 0.135705 0.682664
vn -0.734518 -0.004460 0.678574
vn -0.764344 0.132005 0.631152
vn -0.762002 0.071672 0.643596
vn -0.393477 0.060450 0.917345
vn 0.323582 -0.010782 0.946139
vn 0.477733 -0.017435 0.878332
vn 0.050984 -0.006674 0.998677
vn -0.113878 0.004949 0.993482
vn 0.101360 0.007902 0.994819
vn 0.112522 -0.001841 0.993648
vn 0.120930 -0.005417 0.992646
vn -0.048635 0.000232 0.998817
vn -0.032228 -0.003125 0.999476
vn 0.113747 -0.003173 0.993505
vn 0.162869 -0.007481 0.986619
vn 0.004049 0.009355 0.999948
vn 0.003375 0.004618 0.999984
vn 0.003375 0.004618 0.999984
vn 0.002701 -0.000119 0.999996
vn 0.004048 0.009354 0.999948
vn 0.003375 0.004617 0.999984
vn 0.003375 0.004617 0.999984
vn 0.002703 -0.000120 0.999996
vn 0.004051 0.009364 0.999948
vn 0.003375 0.004622 0.999984
vn 0.003375 0.004622 0.999984
vn 0.002700 -0.000119 0.999996
vn 0.004049 0.009364 0.999948
vn 0.003375 0.004618 0.999984
vn 0.003375 0.004618 0.999984
vn 0.002700 -0.000129 0.999996
vn 0.004048 0.009364 0.999948
vn 0.003375 0.004623 0.999984
vn 0.003375 0.004623 0.999984
vn 0.002702 -0.000119 0.999996
vn 0.004048 0.009364 0.999948
vn 0.003373 0.004620 0.999984
vn 0.003373 0.004620 0.999984
vn 0.002698 -0.000124 0.999996
vn 0.004048 0.009365 0.999948
vn 0.003374 0.004622 0.999984
vn 0.003374 0.004622 0.999984
vn 0.002700 -0.000120 0.999996
vn 0.004049 0.009355 0.999948
vn 0.003375 0.004618 0.999984
vn 0.003375 0.004618 0.999984
vn 0.002701 -0.000119 0.999996
vn 0.004048 0.009354 0.999948
vn 0.003375 0.004617 0.999984
vn 0.003375 0.004617 0.999984
vn 0.002703 -0.000120 0.999996
vn 0.004051 0.009364 0.999948
vn 0.003375 0.004623 0.999984
vn 0.003375 0.004623 0.999984
vn 0.002700 -0.000119 0.999996
vn 0.004049 0.009363 0.999948
vn 0.003375 0.004618 0.999984
vn 0.003375 0.004618 0.999984
vn 0.002700 -0.000129 0.999996
vn 0.004048 0.009364 0.999948
vn 0.003375 0.004623 0.999984
vn 0.003375 0.004623 0.999984
vn 0.002702 -0.000119 0.999996
vn 0.004048 0.009364 0.999948
vn 0.003373 0.004620 0.999984
vn 0.003373 0.004620 0.999984
vn 0.002698 -0.000124 0.999996
vn 0.004048 0.009365 0.999948
vn 0.003374 0.004623 0.999984
vn 0.003374 0.004623 0.999984
vn 0.002700 -0.000120 0.999996
vn 0.004049 0.009355 0.999948
vn 0.003375 0.004618 0.999984
vn 0.003375 0.004618 0.999984
vn 0.002701 -0.000119 0.999996
vn 0.004048 0.009354 0.999948
vn 0.003375 0.004617 0.999984
vn 0.003375 0.004617 0.999984
vn 0.002703 -0.000120 0.999996
vn 0.004051 0.009364 0.999948
vn 0.003375 0.004623 0.999984
vn 0.003375 0.004623 0.999984
vn 0.002700 -0.000119 0.999996
vn 0.004049 0.009363 0.999948
vn 0.003375 0.004618 0.999984
vn 0.003375 0.004618 0.999984
vn 0.002700 -0.000129 0.999996
vn 0.004048 0.009364 0.999948
vn 0.003375 0.004623 0.999984
vn 0.003375 0.004623 0.999984
vn 0.002702 -0.000119 0.999996
vn 0.004048 0.009364 0.999948
vn 0.003373 0.004620 0.999984
vn 0.003373 0.004620 0.999984
vn 0.002698 -0.000124 0.999996
vn 0.004048 0.009364 0.999948
vn 0.003374 0.004622 0.999984
vn 0.003374 0.004622 0.999984
vn 0.002700 -0.000120 0.999996
vn 0.004049 0.009355 0.999948
vn 0.003375 0.004618 0.999984
vn 0.003375 0.004618 0.999984
vn 0.002701 -0.000119 0.999996
vn 0.004048 0.009354 0.999948
vn 0.003375 0.004617 0.999984
vn 0.003375 0.004617 0.999984
vn 0.002703 -0.000120 0.999996
vn 0.004051 0.009364 0.999948
vn 0.003375 0.004623 0.999984
vn 0.003375 0.004623 0.999984
vn 0.002700 -0.000119 0.999996
vn 0.004049 0.009364 0.999948
vn 0.003375 0.004618 0.999984
vn 0.003375 0.004618 0.999984
vn 0.002700 -0.000129 0.999996
vn 0.004048 0.009364 0.999948
vn 0.003375 0.004623 0.999984
vn 0.003375 0.004623 0.999984
vn 0.002702 -0.000119 0.999996
vn 0.004048 0.009364 0.999948
vn 0.003373 0.004620 0.999984
vn 0.003373 0.004620 0.999984
vn 0.002698 -0.000124 0.999996
vn 0.004048 0.009364 0.999948
vn 0.003374 0.004622 0.999984
vn 0.003374 0.004622 0.999984
vn 0.002700 -0.000120 0.999996
vn 0.004048 0.009364 0.999948
vn 0.003373 0.004620 0.999984
vn 0.003373 0.004620 0.999984
vn 0.002698 -0.000124 0.999996
vn 0.009358 -0.004048 0.999948
vn 0.004622 -0.003375 0.999984
vn 0.004622 -0.003375 0.999984
vn -0.000115 -0.002701 0.999996
vn 0.009355 -0.004048 0.999948
vn 0.004626 -0.003375 0.999984
vn 0.004626 -0.003375 0.999984
vn -0.000104 -0.002701 0.999996
vn 0.009363 -0.004048 0.999948
vn 0.004618 -0.003375 0.999984
vn 0.004618 -0.003375 0.999984
vn -0.000127 -0.002701 0.999996
vn 0.009366 -0.004049 0.999948
vn 0.004620 -0.003375 0.999984
vn 0.004620 -0.003375 0.999984
vn -0.000127 -0.002700 0.999996
vn 0.009358 -0.004049 0.999948
vn 0.004627 -0.003375 0.999984
vn 0.004627 -0.003375 0.999984
vn -0.000104 -0.002701 0.999996
vn 0.009358 -0.004048 0.999948
vn 0.004621 -0.003374 0.999984
vn 0.004621 -0.003374 0.999984
vn -0.000115 -0.002700 0.999996
vn 0.009357 -0.004048 0.999948
vn 0.004621 -0.003374 0.999984
vn 0.004621 -0.003374 0.999984
vn -0.000115 -0.002700 0.999996
vn 0.009349 -0.004048 0.999948
vn 0.004617 -0.003375 0.999984
vn 0.004617 -0.003375 0.999984
vn -0.000115 -0.002702 0.999996
vn 0.009367 -0.004048 0.999948
vn 0.004615 -0.003374 0.999984
vn 0.004615 -0.003374 0.999984
vn -0.000138 -0.002701 0.999996
vn 0.009365 -0.004048 0.999948
vn 0.004619 -0.003375 0.999984
vn 0.004619 -0.003375 0.999984
vn -0.000127 -0.002701 0.999996
vn 0.009354 -0.004049 0.999948
vn 0.004614 -0.003375 0.999984
vn 0.004614 -0.003375 0.999984
vn -0.000127 -0.002700 0.999996
vn 0.009365 -0.004049 0.999948
vn 0.004625 -0.003375 0.999984
vn 0.004625 -0.003375 0.999984
vn -0.000115 -0.002701 0.999996
vn 0.009370 -0.004048 0.999948
vn 0.004622 -0.003374 0.999984
vn 0.004622 -0.003374 0.999984
vn -0.000127 -0.002700 0.999996
vn 0.009360 -0.004048 0.999948
vn 0.004617 -0.003374 0.999984
vn 0.004617 -0.003374 0.999984
vn -0.000127 -0.002700 0.999996
vn 0.009353 -0.004048 0.999948
vn 0.004619 -0.003375 0.999984
vn 0.004619 -0.003375 0.999984
vn -0.000115 -0.002702 0.999996
vn 0.009354 -0.004048 0.999948
vn 0.004619 -0.003375 0.999984
vn 0.004619 -0.003375 0.999984
vn -0.000115 -0.002701 0.999996
vn 0.009363 -0.004049 0.999948
vn 0.004618 -0.003375 0.999984
vn 0.004618 -0.003375 0.999984
vn -0.000127 -0.002701 0.999996
vn 0.009354 -0.004049 0.999948
vn 0.004614 -0.003375 0.999984
vn 0.004614 -0.003375 0.999984
vn -0.000127 -0.002700 0.999996
vn 0.009365 -0.004049 0.999948
vn 0.004625 -0.003375 0.999984
vn 0.004625 -0.003375 0.999984
vn -0.000115 -0.002701 0.999996
vn 0.009365 -0.004048 0.999948
vn 0.004625 -0.003374 0.999984
vn 0.004625 -0.003374 0.999984
vn -0.000115 -0.002700 0.999996
vn 0.009360 -0.004048 0.999948
vn 0.004617 -0.003374 0.999984
vn 0.004617 -0.003374 0.999984
vn -0.000127 -0.002700 0.999996
vn 0.009358 -0.004048 0.999948
vn 0.004622 -0.003375 0.999984
vn 0.004622 -0.003375 0.999984
vn -0.000115 -0.002701 0.999996
vn 0.009355 -0.004048 0.999948
vn 0.004626 -0.003375 0.999984
vn 0.004626 -0.003375 0.999984
vn -0.000104 -0.002701 0.999996
vn 0.009363 -0.004049 0.999948
vn 0.004618 -0.003375 0.999984
vn 0.004618 -0.003375 0.999984
vn -0.000127 -0.002701 0.999996
vn 0.009366 -0.004049 0.999948
vn 0.004620 -0.003375 0.999984
vn 0.004620 -0.003375 0.999984
vn -0.000127 -0.002700 0.999996
vn 0.009358 -0.004049 0.999948
vn 0.004627 -0.003375 0.999984
vn 0.004627 -0.003375 0.999984
vn -0.000104 -0.002701 0.999996
vn 0.009358 -0.004048 0.999948
vn 0.004621 -0.003374 0.999984
vn 0.004621 -0.003374 0.999984
vn -0.000115 -0.002700 0.999996
vn 0.009357 -0.004048 0.999948
vn 0.004621 -0.003374 0.999984
vn 0.004621 -0.003374 0.999984
vn -0.000115 -0.002700 0.999996
vn 0.009349 -0.004048 0.999948
vn 0.004617 -0.003375 0.999984
vn 0.004617 -0.003375 0.999984
vn -0.000115 -0.002702 0.999996
vn 0.009356 -0.004048 0.999948
vn 0.004620 -0.003375 0.999984
vn 0.004620 -0.003375 0.999984
vn -0.000115 -0.002702 0.999996
vn 0.009365 -0.004048 0.999948
vn 0.004619 -0.003375 0.999984
vn 0.004619 -0.003375 0.999984
vn -0.000127 -0.002701 0.999996
vn 0.009354 -0.004049 0.999948
vn 0.004614 -0.003375 0.999984
vn 0.004614 -0.003375 0.999984
vn -0.000127 -0.002700 0.999996
vn 0.009365 -0.004049 0.999948
vn 0.004625 -0.003375 0.999984
vn 0.004625 -0.003375 0.999984
vn -0.000115 -0.002701 0.999996
vn 0.009370 -0.004048 0.999948
vn 0.004622 -0.003374 0.999984
vn 0.004622 -0.003374 0.999984
vn -0.000127 -0.002700 0.999996
vn 0.009360 -0.004048 0.999948
vn 0.004617 -0.003374 0.999984
vn 0.004617 -0.003374 0.999984
vn -0.000127 -0.002700 0.999996
vn 0.009353 -0.004048 0.999948
vn 0.004619 -0.003375 0.999984
vn 0.004619 -0.003375 0.999984
vn -0.000115 -0.002702 0.999996
vn 0.009354 -0.004048 0.999948
vn 0.004619 -0.003375 0.999984
vn 0.004619 -0.003375 0.999984
vn -0.000115 -0.002701 0.999996
vn 0.009363 -0.004049 0.999948
vn 0.004618 -0.003375 0.999984
vn 0.004618 -0.003375 0.999984
vn -0.000127 -0.002701 0.999996
vn 0.009354 -0.004643 0.999945
vn 0.004614 -0.003869 0.999982
vn 0.004614 -0.003869 0.999982
vn -0.000126 -0.003096 0.999995
vn 0.009362 -0.004642 0.999945
vn 0.004625 -0.003870 0.999982
vn 0.004625 -0.003870 0.999982
vn -0.000112 -0.003097 0.999995
vn 0.009363 -0.004642 0.999945
vn 0.004619 -0.003869 0.999982
vn 0.004619 -0.003869 0.999982
vn -0.000126 -0.003095 0.999995
vn 0.009366 -0.004642 0.999945
vn 0.004623 -0.003869 0.999982
vn 0.004623 -0.003869 0.999982
vn -0.000119 -0.003096 0.999995
vn 0.009357 -0.007573 0.999928
vn 0.004619 -0.006313 0.999969
vn 0.004619 -0.006313 0.999969
vn -0.000119 -0.005052 0.999987
vn 0.009366 -0.004642 0.999945
vn 0.004623 -0.003869 0.999982
vn 0.004623 -0.003869 0.999982
vn -0.000119 -0.003096 0.999995
vn 0.004049 0.009355 0.999948
vn 0.003375 0.004618 0.999984
vn 0.003375 0.004618 0.999984
vn 0.002701 -0.000119 0.999996
vn 0.004048 0.009354 0.999948
vn 0.003375 0.004617 0.999984
vn 0.003375 0.004617 0.999984
vn 0.002702 -0.000120 0.999996
vn 0.004051 0.009364 0.999948
vn 0.003375 0.004622 0.999984
vn 0.003375 0.004622 0.999984
vn 0.002700 -0.000119 0.999996
vn 0.004049 0.009364 0.999948
vn 0.003375 0.004618 0.999984
vn 0.003375 0.004618 0.999984
vn 0.002700 -0.000129 0.999996
vn 0.004048 0.009364 0.999948
vn 0.003375 0.004622 0.999984
vn 0.003375 0.004622 0.999984
vn 0.002702 -0.000119 0.999996
vn 0.004048 0.009363 0.999948
vn 0.003373 0.004620 0.999984
vn 0.003373 0.004620 0.999984
vn 0.002698 -0.000124 0.999996
vn 0.004048 0.009364 0.999948
vn 0.003374 0.004622 0.999984
vn 0.003374 0.004622 0.999984
vn 0.002700 -0.000120 0.999996
vn 0.004049 0.009355 0.999948
vn 0.003375 0.004618 0.999984
vn 0.003375 0.004618 0.999984
vn 0.002701 -0.000119 0.999996
vn 0.004048 0.009354 0.999948
vn 0.003375 0.004617 0.999984
vn 0.003375 0.004617 0.999984
vn 0.002702 -0.000120 0.999996
vn 0.004051 0.009364 0.999948
vn 0.003375 0.004622 0.999984
vn 0.003375 0.004622 0.999984
vn 0.002700 -0.000119 0.999996
vn 0.004049 0.009364 0.999948
vn 0.003375 0.004618 0.999984
vn 0.003375 0.004618 0.999984
vn 0.002700 -0.000129 0.999996
vn 0.004048 0.009364 0.999948
vn 0.003375 0.004622 0.999984
vn 0.003375 0.004622 0.999984
vn 0.002702 -0.000119 0.999996
vn 0.004048 0.009363 0.999948
vn 0.003373 0.004620 0.999984
vn 0.003373 0.004620 0.999984
vn 0.002698 -0.000124 0.999996
vn 0.004048 0.009364 0.999948
vn 0.003374 0.004622 0.999984
vn 0.003374 0.004622 0.999984
vn 0.002700 -0.000120 0.999996
vn 0.004049 0.009355 0.999948
vn 0.003375 0.004618 0.999984
vn 0.003375 0.004618 0.999984
vn 0.002701 -0.000119 0.999996
vn 0.004048 0.009354 0.999948
vn 0.003375 0.004617 0.999984
vn 0.003375 0.004617 0.999984
vn 0.002702 -0.000120 0.999996
vn 0.004051 0.009364 0.999948
vn 0.003375 0.004622 0.999984
vn 0.003375 0.004622 0.999984
vn 0.002700 -0.000119 0.999996
vn 0.004049 0.009364 0.999948
vn 0.003375 0.004618 0.999984
vn 0.003375 0.004618 0.999984
vn 0.002700 -0.000129 0.999996
vn 0.004048 0.009364 0.999948
vn 0.003375 0.004622 0.999984
vn 0.003375 0.004622 0.999984
vn 0.002702 -0.000119 0.999996
vn 0.004048 0.009363 0.999948
vn 0.003373 0.004620 0.999984
vn 0.003373 0.004620 0.999984
vn 0.002698 -0.000124 0.999996
vn 0.004048 0.009364 0.999948
vn 0.003374 0.004622 0.999984
vn 0.003374 0.004622 0.999984
vn 0.002700 -0.000120 0.999996
vn 0.004049 0.009355 0.999948
vn 0.003375 0.004618 0.999984
vn 0.003375 0.004618 0.999984
vn 0.002701 -0.000119 0.999996
vn 0.004048 0.009354 0.999948
vn 0.003375 0.004617 0.999984
vn 0.003375 0.004617 0.999984
vn 0.002702 -0.000120 0.999996
vn 0.004051 0.009364 0.999948
vn 0.003375 0.004622 0.999984
vn 0.003375 0.004622 0.999984
vn 0.002700 -0.000119 0.999996
vn 0.004049 0.009364 0.999948
vn 0.003375 0.004618 0.999984
vn 0.003375 0.004618 0.999984
vn 0.002700 -0.000129 0.999996
vn 0.004048 0.009364 0.999948
vn 0.003375 0.004622 0.999984
vn 0.003375 0.004622 0.999984
vn 0.002702 -0.000119 0.999996
vn 0.004048 0.009363 0.999948
vn 0.003373 0.004620 0.999984
vn 0.003373 0.004620 0.999984
vn 0.002698 -0.000124 0.999996
vn 0.004048 0.009364 0.999948
vn 0.003374 0.004622 0.999984
vn 0.003374 0.004622 0.999984
vn 0.002700 -0.000120 0.999996
vn 0.004048 0.009363 0.999948
vn 0.003373 0.004620 0.999984
vn 0.003373 0.004620 0.999984
vn 0.002698 -0.000124 0.999996
f 2/2/1 5/5/2 3/3/3
f 3/3/3 5/5/2 6/6/4
f 5/5/2 7/7/5 6/6/4
f 6/6/4 7/7/5 8/8/6
f 7/7/5 9/9/7 8/8/6
f 8/8/6 9/9/7 10/10/8
f 9/9/7 11/11/9 10/10/8
f 10/10/8 11/11/9 12/12/10
f 11/11/9 13/13/11 12/12/10
f 12/12/10 13/13/11 14/14/12
f 13/13/11 15/15/13 14/14/12
f 14/14/12 15/15/13 16/16/14
f 15/15/13 17/17/15 16/16/14
f 16/16/14 17/17/15 18/18/16
f 16/16/14 19/19/17 14/14/12
f 14/14/12 19/19/17 20/20/18
f 12/12/10 14/14/12 21/21/19
f 21/21/19 14/14/12 20/20/18
f 21/21/19 22/22/20 12/12/10
f 12/12/10 22/22/20 10/10/8
f 22/22/20 23/23/21 10/10/8
f 10/10/8 23/23/21 8/8/6
f 23/23/21 24/24/22 8/8/6
f 8/8/6 24/24/22 6/6/4
f 6/6/4 24/24/22 3/3/3
f 3/3/3 24/24/22 25/25/23
f 25/25/23 24/24/22 32/32/24
f 32/32/24 24/24/22 33/33/25
f 24/24/22 23/23/21 33/33/25
f 33/33/25 23/23/21 34/34/26
f 23/23/21 22/22/20 34/34/26
f 34/34/26 22/22/20 35/35/27
f 22/22/20 21/21/19 35/35/27
f 35/35/27 21/21/19 36/36/28
f 21/21/19 20/20/18 36/36/28
f 36/36/28 20/20/18 37/37/29
f 20/20/18 19/19/17 37/37/29
f 37/37/29 19/19/17 38/38/30
f 36/36/28 39/39/31 35/35/27
f 35/35/27 39/39/31 40/40/32
f 39/39/31 41/41/33 40/40/32
f 40/40/32 41/41/33 42/42/34
f 37/37/29 43/43/35 36/36/28
f 36/36/28 43/43/35 39/39/31
f 39/39/31 43/43/35 41/41/33
f 41/41/33 43/43/35 44/44/36
f 44/44/36 43/43/35 46/46/37
f 46/46/37 43/43/35 45/45/38
f 46/46/37 45/45/38 48/48/39
f 48/48/39 45/45/38 47/47/40
f 37/37/29 38/38/30 43/43/35
f 43/43/35 38/38/30 45/45/38
f 38/38/30 49/49/41 45/45/38
f 45/45/38 49/49/41 47/47/40
f 19/19/17 50/50/42 38/38/30
f 38/38/30 50/50/42 49/49/41
f 16/16/14 18/18/16 19/19/17
f 19/19/17 18/18/16 50/50/42
f 17/17/15 51/51/43 18/18/16
f 18/18/16 51/51/43 52/52/44
f 18/18/16 52/52/44 50/50/42
f 50/50/42 52/52/44 53/53/45
f 50/50/42 53/53/45 49/49/41
f 49/49/41 53/53/45 54/54/46
f 49/49/41 54/54/46 47/47/40
f 47/47/40 54/54/46 55/55/47
f 47/47/40 55/55/47 57/57/48
f 57/57/48 55/55/47 56/56/49
f 47/47/40 57/57/48 48/48/39
f 48/48/39 57/57/48 58/58/50
f 35/35/27 40/40/32 34/34/26
f 34/34/26 40/40/32 59/59/51
f 59/59/51 60/60/52 34/34/26
f 34/34/26 60/60/52 33/33/25
f 60/60/52 61/61/53 33/33/25
f 33/33/25 61/61/53 32/32/24
f 61/61/53 60/60/52 64/64/54
f 64/64/54 60/60/52 70/70/55
f 60/60/52 59/59/51 70/70/55
f 70/70/55 59/59/51 71/71/56
f 64/64/54 70/70/55 69/69/57
f 69/69/57 70/70/55 72/72/58
f 71/71/56 73/73/59 70/70/55
f 70/70/55 73/73/59 72/72/58
f 42/42/34 71/71/56 40/40/32
f 40/40/32 71/71/56 59/59/51
f 71/71/56 42/42/34 73/73/59
f 51/51/43 74/74/60 52/52/44
f 52/52/44 74/74/60 75/75/61
f 77/77/62 75/75/61 76/76/63
f 75/75/61 74/74/60 76/76/63
f 77/77/62 76/76/63 79/79/64
f 79/79/64 76/76/63 78/78/65
f 75/75/61 80/80/66 52/52/44
f 52/52/44 80/80/66 53/53/45
f 53/53/45 80/80/66 54/54/46
f 54/54/46 80/80/66 81/81/67
f 54/54/46 81/81/67 55/55/47
f 55/55/47 81/81/67 56/56/49
f 80/80/66 82/82/68 81/81/67
f 81/81/67 82/82/68 83/83/69
f 75/75/61 77/77/62 80/80/66
f 80/80/66 77/77/62 82/82/68
f 77/77/62 79/79/64 82/82/68
f 81/81/67 83/83/69 56/56/49
f 56/56/49 83/83/69 84/84/70
f 83/83/69 82/82/68 86/86/71
f 86/86/71 82/82/68 85/85/72
f 86/86/71 87/87/73 83/83/69
f 83/83/69 87/87/73 84/84/70
f 82/82/68 79/79/64 85/85/72
f 85/85/72 79/79/64 88/88/74
f 84/84/70 89/89/75 56/56/49
f 56/56/49 89/89/75 57/57/48
f 57/57/48 89/89/75 90/90/76
f 57/57/48 90/90/76 58/58/50
f 58/58/50 90/90/76 91/91/77
f 87/87/73 92/92/78 84/84/70
f 84/84/70 92/92/78 89/89/75
f 89/89/75 92/92/78 93/93/79
f 89/89/75 93/93/79 90/90/76
f 90/90/76 93/93/79 94/94/80
f 94/94/80 1473/1956/81 90/90/76
f 90/90/76 1473/1956/81 91/91/77
f 95/95/82 94/94/80 97/97/83
f 97/97/83 94/94/80 96/96/84
f 93/93/79 98/98/85 94/94/80
f 94/94/80 98/98/85 96/96/84
f 93/93/79 92/92/78 100/100/86
f 100/100/86 92/92/78 99/99/87
f 100/100/86 101/101/88 93/93/79
f 93/93/79 101/101/88 98/98/85
f 104/104/89 105/105/90 101/101/88
f 101/101/88 105/105/90 98/98/85
f 105/105/90 106/106/91 98/98/85
f 98/98/85 106/106/91 96/96/84
f 106/106/91 107/107/92 96/96/84
f 96/96/84 107/107/92 97/97/83
f 107/107/92 106/106/91 108/108/93
f 105/105/90 109/109/94 106/106/91
f 106/106/91 109/109/94 108/108/93
f 105/105/90 104/104/89 109/109/94
f 109/109/94 104/104/89 110/110/95
f 104/104/89 103/103/96 110/110/95
f 110/110/95 103/103/96 111/111/97
f 102/102/98 112/112/99 103/103/96
f 103/103/96 112/112/99 111/111/97
f 111/111/97 112/112/99 114/114/100
f 114/114/100 112/112/99 113/113/101
f 111/111/97 114/114/100 110/110/95
f 114/114/100 115/115/102 110/110/95
f 110/110/95 115/115/102 109/109/94
f 115/115/102 116/116/103 109/109/94
f 109/109/94 116/116/103 108/108/93
f 114/114/100 113/113/101 118/118/104
f 118/118/104 113/113/101 117/117/105
f 118/118/104 119/119/106 114/114/100
f 114/114/100 119/119/106 115/115/102
f 119/119/106 120/120/107 115/115/102
f 115/115/102 120/120/107 116/116/103
f 119/119/106 118/118/104 121/121/108
f 117/117/105 122/122/109 118/118/104
f 118/118/104 122/122/109 121/121/108
f 121/121/108 123/123/110 119/119/106
f 119/119/106 123/123/110 120/120/107
f 123/123/110 121/121/108 125/125/111
f 125/125/111 121/121/108 124/124/112
f 122/122/109 126/126/113 121/121/108
f 121/121/108 126/126/113 124/124/112
f 126/126/113 127/127/114 124/124/112
f 124/124/112 127/127/114 128/128/115
f 128/128/115 129/129/116 124/124/112
f 124/124/112 129/129/116 125/125/111
f 128/128/115 1485/1968/117 130/130/118
f 130/130/118 131/131/119 128/128/115
f 128/128/115 131/131/119 129/129/116
f 147/147/120 150/150/121 1394/1393/122
f 1394/1393/122 150/150/121 1393/1392/123
f 148/148/124 151/151/125 155/155/126
f 155/155/126 151/151/125 154/154/127
f 168/168/128 163/163/129 170/170/130
f 170/170/130 163/163/129 169/169/131
f 162/162/132 171/171/133 163/163/129
f 163/163/129 171/171/133 169/169/131
f 154/154/127 171/171/133 155/155/126
f 155/155/126 171/171/133 162/162/132
f 153/153/134 152/152/135 177/177/136
f 177/177/136 152/152/135 176/176/137
f 194/193/138 1487/1970/139 193/192/140
f 1486/1969/141 195/194/142 194/193/138
f 194/193/138 195/194/142 196/195/143
f 190/190/144 194/193/138 188/188/145
f 188/188/145 194/193/138 197/196/146
f 197/196/146 198/197/147 188/188/145
f 188/188/145 198/197/147 189/189/148
f 198/197/147 199/198/149 189/189/148
f 189/189/148 199/198/149 187/187/150
f 194/193/138 196/195/143 197/196/146
f 197/196/146 196/195/143 200/199/151
f 197/196/146 200/199/151 198/197/147
f 198/197/147 200/199/151 201/200/152
f 201/200/152 202/201/153 198/197/147
f 198/197/147 202/201/153 199/198/149
f 202/201/153 205/204/154 199/198/149
f 199/198/149 205/204/154 206/205/155
f 206/205/155 207/206/156 199/198/149
f 199/198/149 207/206/156 187/187/150
f 221/220/157 220/219/158 1450/1932/159
f 1450/1932/159 220/219/158 222/221/160
f 220/219/158 1456/1629/161 222/221/160
f 1472/1955/162 233/232/163 1455/1630/164
f 1455/1630/164 233/232/163 229/228/165
f 233/232/163 234/233/166 229/228/165
f 229/228/165 234/233/166 235/234/167
f 235/234/167 236/235/168 229/228/165
f 229/228/165 236/235/168 230/229/169
f 230/229/169 1477/1960/170 231/230/171
f 236/235/168 235/234/167 239/238/172
f 239/238/172 235/234/167 238/237/173
f 235/234/167 1478/1961/174 238/237/173
f 238/237/173 1478/1961/174 240/239/175
f 238/237/173 240/239/175 242/241/176
f 242/241/176 240/239/175 241/240/177
f 238/237/173 242/241/176 239/238/172
f 242/241/176 243/242/178 239/238/172
f 239/238/172 243/242/178 244/243/179
f 1475/1958/180 1476/1959/181 245/244/182
f 1475/1958/180 245/244/182 1474/1957/183
f 237/236/184 236/235/168 244/243/179
f 244/243/179 236/235/168 239/238/172
f 202/201/153 204/203/185 205/204/154
f 246/245/186 247/246/187 249/248/188
f 249/248/188 247/246/187 248/247/189
f 247/246/187 250/249/190 248/247/189
f 248/247/189 250/249/190 251/250/191
f 250/249/190 252/251/192 251/250/191
f 251/250/191 252/251/192 253/252/193
f 253/252/193 252/251/192 255/254/194
f 255/254/194 252/251/192 254/253/195
f 254/253/195 256/255/196 255/254/194
f 255/254/194 256/255/196 257/256/197
f 257/256/197 256/255/196 259/258/198
f 259/258/198 256/255/196 258/257/199
f 259/258/198 258/257/199 261/260/200
f 261/260/200 258/257/199 260/259/201
f 261/260/200 260/259/201 263/262/202
f 263/262/202 260/259/201 262/261/203
f 262/261/203 264/263/204 263/262/202
f 263/262/202 264/263/204 265/264/205
f 265/264/205 264/263/204 267/266/206
f 267/266/206 264/263/204 266/265/207
f 261/260/200 268/267/208 259/258/198
f 259/258/198 268/267/208 269/268/209
f 261/260/200 263/262/202 268/267/208
f 270/269/210 263/262/202 267/266/206
f 267/266/206 263/262/202 265/264/205
f 271/270/211 272/271/212 268/267/208
f 268/267/208 272/271/212 269/268/209
f 259/258/198 269/268/209 257/256/197
f 257/256/197 269/268/209 273/272/213
f 273/272/213 274/273/214 257/256/197
f 257/256/197 274/273/214 255/254/194
f 274/273/214 275/274/215 255/254/194
f 255/254/194 275/274/215 253/252/193
f 275/274/215 276/275/216 253/252/193
f 253/252/193 276/275/216 251/250/191
f 276/275/216 277/276/217 251/250/191
f 251/250/191 277/276/217 248/247/189
f 277/276/217 278/277/218 248/247/189
f 248/247/189 278/277/218 249/248/188
f 249/248/188 278/277/218 279/278/219
f 278/277/218 280/279/220 279/278/219
f 279/278/219 280/279/220 281/280/221
f 277/276/217 282/281/222 278/277/218
f 278/277/218 282/281/222 280/279/220
f 276/275/216 283/282/223 277/276/217
f 277/276/217 283/282/223 282/281/222
f 275/274/215 284/283/224 276/275/216
f 276/275/216 284/283/224 283/282/223
f 275/274/215 274/273/214 284/283/224
f 284/283/224 274/273/214 285/284/225
f 274/273/214 273/272/213 285/284/225
f 285/284/225 273/272/213 286/285/226
f 272/271/212 286/285/226 269/268/209
f 269/268/209 286/285/226 273/272/213
f 288/287/227 289/288/228 287/286/229
f 287/286/229 289/288/228 290/289/230
f 289/288/228 288/287/227 292/291/231
f 292/291/231 288/287/227 291/290/232
f 292/291/231 291/290/232 294/293/233
f 294/293/233 291/290/232 293/292/234
f 294/293/233 293/292/234 296/295/235
f 296/295/235 293/292/234 295/294/236
f 296/295/235 295/294/236 298/297/237
f 298/297/237 295/294/236 297/296/238
f 298/297/237 297/296/238 300/299/239
f 300/299/239 297/296/238 299/298/240
f 300/299/239 299/298/240 302/301/241
f 302/301/241 299/298/240 301/300/242
f 302/301/241 301/300/242 304/303/243
f 304/303/243 301/300/242 303/302/244
f 304/303/243 303/302/244 306/305/245
f 306/305/245 303/302/244 305/304/246
f 306/305/245 305/304/246 308/307/247
f 308/307/247 305/304/246 307/306/248
f 308/307/247 307/306/248 309/308/249
f 300/299/239 302/301/241 311/310/250
f 311/310/250 302/301/241 310/309/251
f 304/303/243 312/311/252 302/301/241
f 302/301/241 312/311/252 310/309/251
f 306/305/245 313/312/253 304/303/243
f 304/303/243 313/312/253 312/311/252
f 308/307/247 314/313/254 306/305/245
f 306/305/245 314/313/254 313/312/253
f 308/307/247 315/314/255 314/313/254
f 314/313/254 315/314/255 317/316/256
f 317/316/256 315/314/255 316/315/257
f 317/316/256 318/317/258 314/313/254
f 314/313/254 318/317/258 313/312/253
f 318/317/258 319/318/259 313/312/253
f 313/312/253 319/318/259 312/311/252
f 319/318/259 320/319/260 312/311/252
f 312/311/252 320/319/260 310/309/251
f 320/319/260 321/320/261 310/309/251
f 310/309/251 321/320/261 311/310/250
f 311/310/250 322/321/262 300/299/239
f 300/299/239 322/321/262 298/297/237
f 321/320/261 323/322/263 311/310/250
f 311/310/250 323/322/263 322/321/262
f 322/321/262 324/323/264 298/297/237
f 298/297/237 324/323/264 296/295/235
f 324/323/264 325/324/265 296/295/235
f 296/295/235 325/324/265 294/293/233
f 325/324/265 326/325/266 294/293/233
f 294/293/233 326/325/266 292/291/231
f 326/325/266 327/326/267 292/291/231
f 292/291/231 327/326/267 289/288/228
f 327/326/267 328/327/268 289/288/228
f 289/288/228 328/327/268 290/289/230
f 327/326/267 329/328/269 328/327/268
f 328/327/268 329/328/269 330/329/270
f 327/326/267 326/325/266 329/328/269
f 329/328/269 326/325/266 331/330/271
f 326/325/266 325/324/265 331/330/271
f 331/330/271 325/324/265 332/331/272
f 325/324/265 324/323/264 332/331/272
f 332/331/272 324/323/264 333/332/273
f 323/322/263 333/332/273 322/321/262
f 322/321/262 333/332/273 324/323/264
f 332/331/272 333/332/273 334/333/274
f 332/331/272 334/333/274 331/330/271
f 331/330/271 334/333/274 335/334/275
f 331/330/271 335/334/275 329/328/269
f 329/328/269 335/334/275 336/335/276
f 330/329/270 329/328/269 336/335/276
f 338/337/277 339/338/278 337/336/279
f 337/336/279 339/338/278 340/339/280
f 339/338/278 338/337/277 342/341/281
f 342/341/281 338/337/277 341/340/282
f 342/341/281 341/340/282 343/342/283
f 341/340/282 344/343/284 343/342/283
f 343/342/283 344/343/284 345/344/285
f 344/343/284 346/345/286 345/344/285
f 345/344/285 346/345/286 347/346/287
f 347/346/287 346/345/286 349/348/288
f 349/348/288 346/345/286 348/347/289
f 349/348/288 348/347/289 351/350/290
f 351/350/290 348/347/289 350/349/291
f 350/349/291 352/351/292 351/350/290
f 351/350/290 352/351/292 353/352/293
f 353/352/293 352/351/292 355/354/294
f 355/354/294 352/351/292 354/353/295
f 353/352/293 355/354/294 357/356/296
f 357/356/296 355/354/294 356/355/297
f 353/352/293 357/356/296 351/350/290
f 351/350/290 357/356/296 358/357/298
f 358/357/298 359/358/299 351/350/290
f 351/350/290 359/358/299 349/348/288
f 349/348/288 359/358/299 347/346/287
f 347/346/287 359/358/299 360/359/300
f 360/359/300 361/360/301 347/346/287
f 347/346/287 361/360/301 345/344/285
f 345/344/285 361/360/301 343/342/283
f 343/342/283 361/360/301 362/361/302
f 362/361/302 363/362/303 343/342/283
f 343/342/283 363/362/303 342/341/281
f 363/362/303 364/363/304 342/341/281
f 342/341/281 364/363/304 339/338/278
f 340/339/280 339/338/278 365/364/305
f 365/364/305 339/338/278 364/363/304
f 365/364/305 364/363/304 367/366/306
f 367/366/306 364/363/304 366/365/307
f 364/363/304 363/362/303 366/365/307
f 366/365/307 363/362/303 368/367/308
f 363/362/303 362/361/302 368/367/308
f 368/367/308 362/361/302 369/368/309
f 362/361/302 361/360/301 369/368/309
f 369/368/309 361/360/301 370/369/310
f 361/360/301 360/359/300 370/369/310
f 370/369/310 360/359/300 371/370/311
f 359/358/299 372/371/312 360/359/300
f 360/359/300 372/371/312 371/370/311
f 358/357/298 373/372/313 359/358/299
f 359/358/299 373/372/313 372/371/312
f 369/368/309 374/373/314 368/367/308
f 368/367/308 374/373/314 375/374/315
f 375/374/315 374/373/314 377/376/316
f 377/376/316 374/373/314 376/375/317
f 370/369/310 378/377/318 369/368/309
f 369/368/309 378/377/318 374/373/314
f 374/373/314 378/377/318 376/375/317
f 376/375/317 378/377/318 379/378/319
f 376/375/317 379/378/319 381/380/320
f 381/380/320 379/378/319 380/379/321
f 376/375/317 381/380/320 377/376/316
f 377/376/316 381/380/320 382/381/322
f 368/367/308 375/374/315 366/365/307
f 366/365/307 375/374/315 383/382/323
f 377/376/316 384/383/324 375/374/315
f 375/374/315 384/383/324 383/382/323
f 366/365/307 383/382/323 367/366/306
f 367/366/306 383/382/323 385/384/325
f 384/383/324 386/385/326 383/382/323
f 383/382/323 386/385/326 385/384/325
f 384/383/324 387/386/327 386/385/326
f 386/385/326 387/386/327 388/387/328
f 384/383/324 377/376/316 387/386/327
f 387/386/327 377/376/316 382/381/322
f 387/386/327 382/381/322 390/389/329
f 390/389/329 382/381/322 389/388/330
f 382/381/322 381/380/320 389/388/330
f 389/388/330 381/380/320 391/390/331
f 381/380/320 380/379/321 391/390/331
f 391/390/331 380/379/321 392/391/332
f 390/389/329 393/392/333 387/386/327
f 387/386/327 393/392/333 388/387/328
f 390/389/329 394/393/334 393/392/333
f 393/392/333 394/393/334 395/394/335
f 395/394/335 394/393/334 397/396/336
f 397/396/336 394/393/334 396/395/337
f 396/395/337 398/397/338 397/396/336
f 397/396/336 398/397/338 399/398/339
f 390/389/329 389/388/330 394/393/334
f 394/393/334 389/388/330 400/399/340
f 394/393/334 400/399/340 396/395/337
f 396/395/337 400/399/340 401/400/341
f 396/395/337 401/400/341 398/397/338
f 398/397/338 401/400/341 402/401/342
f 398/397/338 402/401/342 404/403/343
f 404/403/343 402/401/342 403/402/344
f 404/403/343 405/404/345 398/397/338
f 398/397/338 405/404/345 399/398/339
f 389/388/330 391/390/331 400/399/340
f 400/399/340 391/390/331 406/405/346
f 400/399/340 406/405/346 401/400/341
f 401/400/341 406/405/346 407/406/347
f 401/400/341 407/406/347 402/401/342
f 402/401/342 407/406/347 408/407/348
f 402/401/342 408/407/348 403/402/344
f 403/402/344 408/407/348 409/408/349
f 408/407/348 407/406/347 410/409/350
f 410/409/350 411/410/351 408/407/348
f 408/407/348 411/410/351 409/408/349
f 406/405/346 412/411/352 407/406/347
f 407/406/347 412/411/352 410/409/350
f 392/391/332 412/411/352 391/390/331
f 391/390/331 412/411/352 406/405/346
f 412/411/352 413/412/353 410/409/350
f 410/409/350 413/412/353 414/413/354
f 410/409/350 414/413/354 411/410/351
f 411/410/351 414/413/354 415/414/355
f 412/411/352 392/391/332 413/412/353
f 392/391/332 416/415/356 413/412/353
f 413/412/353 416/415/356 417/416/357
f 413/412/353 417/416/357 414/413/354
f 414/413/354 417/416/357 418/417/358
f 414/413/354 418/417/358 415/414/355
f 415/414/355 418/417/358 419/418/359
f 419/418/359 418/417/358 420/419/360
f 417/416/357 421/420/361 418/417/358
f 418/417/358 421/420/361 420/419/360
f 416/415/356 422/421/362 417/416/357
f 417/416/357 422/421/362 421/420/361
f 380/379/321 423/422/363 392/391/332
f 392/391/332 423/422/363 416/415/356
f 379/378/319 424/423/364 380/379/321
f 380/379/321 424/423/364 423/422/363
f 379/378/319 378/377/318 424/423/364
f 424/423/364 378/377/318 425/424/365
f 370/369/310 371/370/311 378/377/318
f 378/377/318 371/370/311 425/424/365
f 371/370/311 372/371/312 425/424/365
f 425/424/365 372/371/312 426/425/366
f 424/423/364 425/424/365 427/426/367
f 427/426/367 425/424/365 426/425/366
f 423/422/363 424/423/364 428/427/368
f 428/427/368 424/423/364 427/426/367
f 423/422/363 428/427/368 416/415/356
f 416/415/356 428/427/368 422/421/362
f 421/420/361 429/428/369 420/419/360
f 420/419/360 429/428/369 430/429/370
f 422/421/362 431/430/371 421/420/361
f 421/420/361 431/430/371 429/428/369
f 428/427/368 432/431/372 422/421/362
f 422/421/362 432/431/372 431/430/371
f 428/427/368 427/426/367 432/431/372
f 432/431/372 427/426/367 433/432/373
f 426/425/366 434/433/374 427/426/367
f 427/426/367 434/433/374 433/432/373
f 373/372/313 434/433/374 372/371/312
f 372/371/312 434/433/374 426/425/366
f 429/428/369 435/434/375 430/429/370
f 430/429/370 435/434/375 436/435/376
f 435/434/375 437/436/377 436/435/376
f 436/435/376 437/436/377 438/437/378
f 429/428/369 431/430/371 435/434/375
f 435/434/375 431/430/371 439/438/379
f 439/438/379 440/439/380 435/434/375
f 435/434/375 440/439/380 437/436/377
f 431/430/371 432/431/372 439/438/379
f 439/438/379 432/431/372 441/440/381
f 439/438/379 441/440/381 440/439/380
f 440/439/380 441/440/381 442/441/382
f 432/431/372 433/432/373 441/440/381
f 441/440/381 433/432/373 443/442/383
f 443/442/383 444/443/384 441/440/381
f 441/440/381 444/443/384 442/441/382
f 434/433/374 445/444/385 433/432/373
f 433/432/373 445/444/385 443/442/383
f 443/442/383 445/444/385 444/443/384
f 444/443/384 445/444/385 446/445/386
f 434/433/374 373/372/313 445/444/385
f 445/444/385 373/372/313 447/446/387
f 357/356/296 447/446/387 358/357/298
f 358/357/298 447/446/387 373/372/313
f 447/446/387 448/447/388 445/444/385
f 445/444/385 448/447/388 446/445/386
f 446/445/386 449/448/389 444/443/384
f 444/443/384 449/448/389 450/449/390
f 446/445/386 448/447/388 451/450/391
f 446/445/386 451/450/391 449/448/389
f 451/450/391 452/451/392 449/448/389
f 449/448/389 452/451/392 453/452/393
f 449/448/389 453/452/393 450/449/390
f 450/449/390 453/452/393 454/453/394
f 450/449/390 455/454/395 444/443/384
f 444/443/384 455/454/395 442/441/382
f 455/454/395 456/455/396 442/441/382
f 442/441/382 456/455/396 440/439/380
f 456/455/396 457/456/397 440/439/380
f 440/439/380 457/456/397 437/436/377
f 457/456/397 456/455/396 459/458/398
f 459/458/398 456/455/396 458/457/399
f 456/455/396 455/454/395 458/457/399
f 458/457/399 455/454/395 460/459/400
f 450/449/390 454/453/394 455/454/395
f 455/454/395 454/453/394 460/459/400
f 458/457/399 460/459/400 462/461/401
f 462/461/401 460/459/400 461/460/402
f 462/461/401 463/462/403 458/457/399
f 458/457/399 463/462/403 459/458/398
f 463/462/403 464/463/404 459/458/398
f 459/458/398 464/463/404 465/464/405
f 465/464/405 464/463/404 467/466/406
f 467/466/406 464/463/404 466/465/407
f 467/466/406 466/465/407 469/468/408
f 469/468/408 466/465/407 468/467/409
f 469/468/408 468/467/409 471/470/410
f 471/470/410 468/467/409 470/469/411
f 471/470/410 470/469/411 473/472/412
f 473/472/412 470/469/411 472/471/413
f 460/459/400 454/453/394 461/460/402
f 461/460/402 454/453/394 474/473/414
f 453/452/393 475/474/415 454/453/394
f 454/453/394 475/474/415 474/473/414
f 452/451/392 476/475/416 453/452/393
f 453/452/393 476/475/416 475/474/415
f 476/475/416 452/451/392 477/476/417
f 477/476/417 478/477/418 476/475/416
f 476/475/416 478/477/418 479/478/419
f 476/475/416 479/478/419 475/474/415
f 479/478/419 480/479/420 475/474/415
f 475/474/415 480/479/420 474/473/414
f 474/473/414 480/479/420 461/460/402
f 461/460/402 480/479/420 481/480/421
f 461/460/402 481/480/421 462/461/401
f 462/461/401 481/480/421 482/481/422
f 462/461/401 482/481/422 463/462/403
f 463/462/403 482/481/422 464/463/404
f 482/481/422 483/482/423 464/463/404
f 464/463/404 483/482/423 466/465/407
f 466/465/407 483/482/423 468/467/409
f 468/467/409 483/482/423 470/469/411
f 470/469/411 483/482/423 472/471/413
f 481/480/421 484/483/424 482/481/422
f 482/481/422 484/483/424 485/484/425
f 482/481/422 485/484/425 483/482/423
f 480/479/420 486/485/426 481/480/421
f 481/480/421 486/485/426 484/483/424
f 480/479/420 479/478/419 486/485/426
f 486/485/426 479/478/419 487/486/427
f 479/478/419 478/477/418 487/486/427
f 477/476/417 488/487/428 478/477/418
f 478/477/418 488/487/428 489/488/429
f 487/486/427 478/477/418 490/489/430
f 490/489/430 478/477/418 489/488/429
f 490/489/430 491/490/431 487/486/427
f 487/486/427 491/490/431 486/485/426
f 486/485/426 491/490/431 484/483/424
f 484/483/424 491/490/431 492/491/432
f 484/483/424 492/491/432 485/484/425
f 485/484/425 492/491/432 493/492/433
f 483/482/423 485/484/425 472/471/413
f 472/471/413 485/484/425 494/493/434
f 485/484/425 493/492/433 494/493/434
f 447/446/387 357/356/296 448/447/388
f 448/447/388 357/356/296 356/355/297
f 354/353/295 495/494/435 355/354/294
f 355/354/294 495/494/435 496/495/436
f 355/354/294 496/495/436 356/355/297
f 356/355/297 496/495/436 497/496/437
f 495/494/435 498/497/438 496/495/436
f 496/495/436 498/497/438 499/498/439
f 499/498/439 498/497/438 501/500/440
f 501/500/440 498/497/438 500/499/441
f 501/500/440 1468/1949/442 503/502/443
f 503/502/443 1468/1949/442 502/501/444
f 505/504/445 1467/1947/446 504/503/447
f 496/495/436 499/498/439 497/496/437
f 499/498/439 506/505/448 497/496/437
f 497/496/437 506/505/448 507/506/449
f 497/496/437 507/506/449 356/355/297
f 356/355/297 507/506/449 448/447/388
f 507/506/449 508/507/450 448/447/388
f 448/447/388 508/507/450 451/450/391
f 451/450/391 508/507/450 452/451/392
f 452/451/392 508/507/450 509/508/451
f 452/451/392 509/508/451 477/476/417
f 477/476/417 509/508/451 510/509/452
f 488/487/428 477/476/417 511/510/453
f 511/510/453 477/476/417 510/509/452
f 488/487/428 511/510/453 512/511/454
f 512/511/454 511/510/453 514/513/455
f 514/513/455 511/510/453 513/512/456
f 511/510/453 510/509/452 513/512/456
f 513/512/456 510/509/452 515/514/457
f 509/508/451 516/515/458 510/509/452
f 510/509/452 516/515/458 515/514/457
f 509/508/451 508/507/450 516/515/458
f 516/515/458 508/507/450 517/516/459
f 517/516/459 508/507/450 506/505/448
f 506/505/448 508/507/450 507/506/449
f 514/513/455 513/512/456 519/518/460
f 519/518/460 513/512/456 518/517/461
f 513/512/456 515/514/457 518/517/461
f 518/517/461 515/514/457 520/519/462
f 516/515/458 521/520/463 515/514/457
f 515/514/457 521/520/463 520/519/462
f 517/516/459 522/521/464 516/515/458
f 516/515/458 522/521/464 521/520/463
f 506/505/448 523/522/465 517/516/459
f 517/516/459 523/522/465 522/521/464
f 499/498/439 501/500/440 506/505/448
f 506/505/448 501/500/440 523/522/465
f 503/502/443 524/523/466 501/500/440
f 501/500/440 524/523/466 523/522/465
f 523/522/465 524/523/466 522/521/464
f 522/521/464 524/523/466 525/524/467
f 525/524/467 526/525/468 522/521/464
f 522/521/464 526/525/468 521/520/463
f 526/525/468 527/526/469 521/520/463
f 521/520/463 527/526/469 520/519/462
f 527/526/469 528/527/470 520/519/462
f 520/519/462 528/527/470 518/517/461
f 518/517/461 528/527/470 519/518/460
f 519/518/460 528/527/470 529/528/471
f 503/502/443 505/504/445 524/523/466
f 524/523/466 505/504/445 530/529/472
f 530/529/472 531/530/473 524/523/466
f 524/523/466 531/530/473 525/524/467
f 531/530/473 532/531/474 525/524/467
f 525/524/467 532/531/474 526/525/468
f 532/531/474 533/532/475 526/525/468
f 526/525/468 533/532/475 527/526/469
f 528/527/470 527/526/469 534/533/476
f 527/526/469 533/532/475 534/533/476
f 528/527/470 534/533/476 529/528/471
f 534/533/476 533/532/475 536/535/477
f 536/535/477 533/532/475 535/534/478
f 533/532/475 532/531/474 535/534/478
f 535/534/478 532/531/474 537/536/479
f 536/535/477 535/534/478 539/538/480
f 539/538/480 535/534/478 538/537/481
f 535/534/478 537/536/479 538/537/481
f 538/537/481 537/536/479 540/539/482
f 532/531/474 531/530/473 541/540/483
f 532/531/474 541/540/483 537/536/479
f 537/536/479 541/540/483 542/541/484
f 537/536/479 542/541/484 540/539/482
f 540/539/482 542/541/484 543/542/485
f 541/540/483 544/543/486 542/541/484
f 542/541/484 544/543/486 545/544/487
f 542/541/484 545/544/487 543/542/485
f 543/542/485 545/544/487 546/545/488
f 531/530/473 547/546/489 541/540/483
f 541/540/483 547/546/489 544/543/486
f 531/530/473 530/529/472 547/546/489
f 544/543/486 548/547/490 545/544/487
f 545/544/487 548/547/490 549/548/491
f 545/544/487 549/548/491 546/545/488
f 546/545/488 549/548/491 550/549/492
f 547/546/489 551/550/493 544/543/486
f 544/543/486 551/550/493 548/547/490
f 547/546/489 530/529/472 551/550/493
f 530/529/472 552/551/494 551/550/493
f 551/550/493 552/551/494 553/552/495
f 505/504/445 554/553/496 530/529/472
f 530/529/472 554/553/496 552/551/494
f 552/551/494 554/553/496 553/552/495
f 553/552/495 554/553/496 555/554/497
f 505/504/445 504/503/447 554/553/496
f 554/553/496 504/503/447 556/555/498
f 554/553/496 556/555/498 555/554/497
f 555/554/497 556/555/498 557/556/499
f 504/503/447 558/557/500 556/555/498
f 556/555/498 558/557/500 559/558/501
f 556/555/498 559/558/501 557/556/499
f 557/556/499 559/558/501 560/559/502
f 559/558/501 558/557/500 562/561/503
f 562/561/503 558/557/500 561/560/504
f 559/558/501 562/561/503 560/559/502
f 560/559/502 562/561/503 563/562/505
f 561/560/504 564/563/506 562/561/503
f 562/561/503 564/563/506 565/564/507
f 562/561/503 565/564/507 563/562/505
f 563/562/505 565/564/507 566/565/508
f 563/562/505 566/565/508 568/567/509
f 568/567/509 566/565/508 567/566/510
f 568/567/509 569/568/511 563/562/505
f 563/562/505 569/568/511 560/559/502
f 569/568/511 570/569/512 560/559/502
f 560/559/502 570/569/512 557/556/499
f 570/569/512 571/570/513 557/556/499
f 557/556/499 571/570/513 555/554/497
f 571/570/513 572/571/514 555/554/497
f 555/554/497 572/571/514 553/552/495
f 553/552/495 572/571/514 551/550/493
f 551/550/493 572/571/514 573/572/515
f 568/567/509 567/566/510 575/574/516
f 575/574/516 567/566/510 574/573/517
f 575/574/516 576/575/518 568/567/509
f 568/567/509 576/575/518 569/568/511
f 576/575/518 577/576/519 569/568/511
f 569/568/511 577/576/519 570/569/512
f 570/569/512 577/576/519 571/570/513
f 571/570/513 577/576/519 578/577/520
f 571/570/513 711/578/521 572/571/514
f 572/571/514 711/578/521 573/572/515
f 551/550/493 573/572/515 548/547/490
f 548/547/490 573/572/515 579/579/522
f 573/572/515 711/578/521 579/579/522
f 579/579/522 711/578/521 712/580/523
f 578/577/520 577/576/519 582/582/524
f 582/582/524 577/576/519 581/581/525
f 576/575/518 583/583/526 577/576/519
f 577/576/519 583/583/526 581/581/525
f 575/574/516 584/584/527 576/575/518
f 576/575/518 584/584/527 583/583/526
f 574/573/517 585/585/528 575/574/516
f 575/574/516 585/585/528 584/584/527
f 538/537/481 540/539/482 587/587/529
f 587/587/529 540/539/482 586/586/530
f 587/587/529 588/588/531 538/537/481
f 538/537/481 588/588/531 539/538/480
f 586/586/530 589/589/532 587/587/529
f 587/587/529 589/589/532 590/590/533
f 587/587/529 590/590/533 588/588/531
f 588/588/531 590/590/533 591/591/534
f 591/591/534 590/590/533 593/593/535
f 593/593/535 590/590/533 592/592/536
f 590/590/533 589/589/532 592/592/536
f 592/592/536 589/589/532 594/594/537
f 592/592/536 595/595/538 593/593/535
f 593/593/535 595/595/538 596/596/539
f 592/592/536 594/594/537 595/595/538
f 595/595/538 594/594/537 597/597/540
f 595/595/538 598/598/541 596/596/539
f 596/596/539 598/598/541 599/599/542
f 599/599/542 598/598/541 601/601/543
f 601/601/543 598/598/541 600/600/544
f 595/595/538 597/597/540 598/598/541
f 598/598/541 597/597/540 602/602/545
f 594/594/537 603/603/546 597/597/540
f 597/597/540 603/603/546 604/604/547
f 597/597/540 604/604/547 602/602/545
f 602/602/545 604/604/547 605/605/548
f 602/602/545 605/605/548 607/607/549
f 607/607/549 605/605/548 606/606/550
f 607/607/549 600/600/544 602/602/545
f 602/602/545 600/600/544 598/598/541
f 600/600/544 607/607/549 609/609/551
f 609/609/551 607/607/549 608/608/552
f 607/607/549 606/606/550 608/608/552
f 606/606/550 610/610/553 608/608/552
f 608/608/552 610/610/553 611/611/554
f 611/611/554 610/610/553 612/612/555
f 612/612/555 610/610/553 614/614/556
f 614/614/556 610/610/553 613/613/557
f 613/613/557 610/610/553 615/615/558
f 615/615/558 610/610/553 606/606/550
f 615/615/558 606/606/550 616/616/559
f 616/616/559 606/606/550 605/605/548
f 611/611/554 617/617/560 608/608/552
f 608/608/552 617/617/560 609/609/551
f 611/611/554 612/612/555 617/617/560
f 617/617/560 612/612/555 618/618/561
f 609/609/551 617/617/560 620/620/562
f 620/620/562 617/617/560 619/619/563
f 620/620/562 601/601/543 609/609/551
f 609/609/551 601/601/543 600/600/544
f 617/617/560 618/618/561 619/619/563
f 619/619/563 618/618/561 621/621/564
f 618/618/561 622/622/565 621/621/564
f 621/621/564 622/622/565 623/623/566
f 612/612/555 624/624/567 618/618/561
f 618/618/561 624/624/567 622/622/565
f 612/612/555 614/614/556 624/624/567
f 624/624/567 614/614/556 625/625/568
f 624/624/567 625/625/568 627/627/569
f 627/627/569 625/625/568 626/626/570
f 627/627/569 626/626/570 629/629/571
f 629/629/571 626/626/570 628/628/572
f 629/629/571 628/628/572 630/630/573
f 629/629/571 630/630/573 632/632/574
f 632/632/574 630/630/573 631/631/575
f 632/632/574 631/631/575 633/633/576
f 633/633/576 634/634/577 632/632/574
f 632/632/574 634/634/577 635/635/578
f 635/635/578 627/627/569 632/632/574
f 632/632/574 627/627/569 629/629/571
f 624/624/567 627/627/569 622/622/565
f 622/622/565 627/627/569 635/635/578
f 634/634/577 623/623/566 635/635/578
f 635/635/578 623/623/566 622/622/565
f 616/616/559 605/605/548 636/636/579
f 636/636/579 605/605/548 604/604/547
f 636/636/579 604/604/547 637/637/580
f 637/637/580 604/604/547 603/603/546
f 637/637/580 603/603/546 639/639/581
f 639/639/581 603/603/546 638/638/582
f 603/603/546 594/594/537 638/638/582
f 638/638/582 594/594/537 589/589/532
f 638/638/582 640/640/583 639/639/581
f 639/639/581 640/640/583 641/641/584
f 641/641/584 1480/1963/585 639/639/581
f 639/639/581 1480/1963/585 643/643/586
f 640/640/583 638/638/582 589/589/532
f 589/589/532 586/586/530 640/640/583
f 586/586/530 644/644/587 640/640/583
f 644/644/587 645/645/588 640/640/583
f 640/640/583 645/645/588 641/641/584
f 645/645/588 646/646/589 641/641/584
f 641/641/584 646/646/589 642/642/590
f 644/644/587 647/647/591 645/645/588
f 645/645/588 647/647/591 648/648/592
f 648/648/592 1481/1965/593 645/645/588
f 645/645/588 1481/1965/593 646/646/589
f 540/539/482 543/542/485 586/586/530
f 543/542/485 647/647/591 586/586/530
f 586/586/530 647/647/591 644/644/587
f 543/542/485 546/545/488 647/647/591
f 647/647/591 650/650/594 648/648/592
f 648/648/592 650/650/594 651/651/595
f 648/648/592 651/651/595 649/649/596
f 649/649/596 651/651/595 652/652/597
f 651/651/595 653/653/598 652/652/597
f 652/652/597 653/653/598 654/654/599
f 647/647/591 546/545/488 650/650/594
f 650/650/594 546/545/488 550/549/492
f 650/650/594 655/655/600 651/651/595
f 651/651/595 655/655/600 653/653/598
f 550/549/492 656/656/601 650/650/594
f 650/650/594 656/656/601 655/655/600
f 549/548/491 657/657/602 550/549/492
f 550/549/492 657/657/602 656/656/601
f 579/579/522 657/657/602 548/547/490
f 548/547/490 657/657/602 549/548/491
f 657/657/602 658/658/603 656/656/601
f 656/656/601 658/658/603 659/659/604
f 656/656/601 659/659/604 655/655/600
f 655/655/600 659/659/604 660/660/605
f 655/655/600 660/660/605 653/653/598
f 653/653/598 660/660/605 661/661/606
f 653/653/598 661/661/606 654/654/599
f 654/654/599 661/661/606 662/662/607
f 661/661/606 663/663/608 662/662/607
f 662/662/607 663/663/608 664/664/609
f 664/664/609 663/663/608 666/666/610
f 666/666/610 663/663/608 665/665/611
f 665/665/611 667/667/612 666/666/610
f 666/666/610 667/667/612 668/668/613
f 667/667/612 669/669/614 668/668/613
f 668/668/613 669/669/614 670/670/615
f 669/669/614 671/671/616 670/670/615
f 670/670/615 671/671/616 672/672/617
f 671/671/616 673/673/618 672/672/617
f 672/672/617 673/673/618 674/674/619
f 661/661/606 660/660/605 663/663/608
f 663/663/608 660/660/605 675/675/620
f 663/663/608 675/675/620 665/665/611
f 665/665/611 675/675/620 676/676/621
f 665/665/611 676/676/621 667/667/612
f 667/667/612 676/676/621 677/677/622
f 677/677/622 678/678/623 667/667/612
f 667/667/612 678/678/623 669/669/614
f 678/678/623 679/679/624 669/669/614
f 669/669/614 679/679/624 671/671/616
f 679/679/624 680/680/625 671/671/616
f 671/671/616 680/680/625 673/673/618
f 660/660/605 659/659/604 675/675/620
f 675/675/620 659/659/604 681/681/626
f 681/681/626 682/682/627 675/675/620
f 675/675/620 682/682/627 676/676/621
f 676/676/621 682/682/627 677/677/622
f 677/677/622 682/682/627 683/683/628
f 683/683/628 684/684/629 677/677/622
f 677/677/622 684/684/629 678/678/623
f 684/684/629 685/685/630 678/678/623
f 678/678/623 685/685/630 679/679/624
f 685/685/630 686/686/631 679/679/624
f 679/679/624 686/686/631 680/680/625
f 680/680/625 686/686/631 688/688/632
f 688/688/632 686/686/631 687/687/633
f 680/680/625 688/688/632 673/673/618
f 673/673/618 688/688/632 689/689/634
f 673/673/618 689/689/634 674/674/619
f 674/674/619 689/689/634 690/690/635
f 688/688/632 691/691/636 689/689/634
f 689/689/634 691/691/636 692/692/637
f 689/689/634 692/692/637 690/690/635
f 690/690/635 692/692/637 693/693/638
f 688/688/632 687/687/633 691/691/636
f 691/691/636 687/687/633 694/694/639
f 691/691/636 695/695/640 692/692/637
f 692/692/637 695/695/640 696/696/641
f 692/692/637 696/696/641 693/693/638
f 693/693/638 696/696/641 1482/1716/642
f 691/691/636 694/694/639 695/695/640
f 695/695/640 694/694/639 698/698/643
f 686/686/631 699/699/644 687/687/633
f 687/687/633 699/699/644 700/700/645
f 687/687/633 700/700/645 694/694/639
f 694/694/639 700/700/645 701/701/646
f 694/694/639 701/701/646 698/698/643
f 698/698/643 701/701/646 702/702/647
f 685/685/630 703/703/648 686/686/631
f 686/686/631 703/703/648 699/699/644
f 684/684/629 704/704/649 685/685/630
f 685/685/630 704/704/649 703/703/648
f 683/683/628 705/705/650 684/684/629
f 684/684/629 705/705/650 704/704/649
f 682/682/627 706/706/651 683/683/628
f 683/683/628 706/706/651 705/705/650
f 706/706/651 682/682/627 708/708/652
f 708/708/652 682/682/627 707/707/653
f 682/682/627 681/681/626 707/707/653
f 707/707/653 709/709/654 708/708/652
f 708/708/652 709/709/654 710/710/655
f 681/681/626 659/659/604 707/707/653
f 707/707/653 659/659/604 658/658/603
f 707/707/653 658/658/603 709/709/654
f 658/658/603 657/657/602 579/579/522
f 571/570/513 578/577/520 711/578/521
f 711/578/521 578/577/520 712/580/523
f 712/580/523 578/577/520 580/711/656
f 709/709/654 658/658/603 712/580/523
f 712/580/523 658/658/603 579/579/522
f 712/580/523 580/711/656 709/709/654
f 709/709/654 580/711/656 710/710/655
f 713/712/657 714/713/658 716/715/659
f 716/715/659 714/713/658 715/714/660
f 714/713/658 717/716/661 715/714/660
f 715/714/660 717/716/661 718/717/662
f 715/714/660 718/717/662 720/719/663
f 720/719/663 718/717/662 719/718/664
f 720/719/663 721/720/665 715/714/660
f 715/714/660 721/720/665 716/715/659
f 721/720/665 722/721/666 716/715/659
f 716/715/659 722/721/666 723/722/667
f 723/722/667 724/723/668 716/715/659
f 716/715/659 724/723/668 713/712/657
f 722/721/666 721/720/665 726/725/669
f 726/725/669 721/720/665 725/724/670
f 726/725/669 725/724/670 728/727/671
f 728/727/671 725/724/670 727/726/672
f 721/720/665 720/719/663 725/724/670
f 725/724/670 720/719/663 727/726/672
f 727/726/672 720/719/663 729/728/673
f 730/729/674 731/730/675 727/726/672
f 728/727/671 727/726/672 731/730/675
f 727/726/672 729/728/673 730/729/674
f 730/729/674 729/728/673 732/731/676
f 720/719/663 719/718/664 729/728/673
f 729/728/673 719/718/664 732/731/676
f 732/731/676 719/718/664 733/732/677
f 734/733/678 735/734/679 732/731/676
f 730/729/674 732/731/676 735/734/679
f 731/730/675 730/729/674 736/735/680
f 730/729/674 735/734/679 736/735/680
f 733/732/677 737/736/681 732/731/676
f 732/731/676 737/736/681 734/733/678
f 718/717/662 717/716/661 739/738/682
f 739/738/682 717/716/661 738/737/683
f 738/737/683 740/739/684 739/738/682
f 739/738/682 740/739/684 741/740/685
f 718/717/662 739/738/682 719/718/664
f 719/718/664 739/738/682 742/741/686
f 739/738/682 741/740/685 742/741/686
f 742/741/686 741/740/685 743/742/687
f 741/740/685 744/743/688 743/742/687
f 743/742/687 744/743/688 745/744/689
f 740/739/684 746/745/690 741/740/685
f 741/740/685 746/745/690 744/743/688
f 746/745/690 747/746/691 744/743/688
f 744/743/688 747/746/691 748/747/692
f 744/743/688 748/747/692 745/744/689
f 745/744/689 748/747/692 749/748/693
f 747/746/691 750/749/694 748/747/692
f 748/747/692 750/749/694 751/750/695
f 748/747/692 751/750/695 749/748/693
f 749/748/693 751/750/695 752/751/696
f 750/749/694 753/752/697 751/750/695
f 751/750/695 753/752/697 754/753/698
f 751/750/695 754/753/698 752/751/696
f 752/751/696 754/753/698 755/754/699
f 753/752/697 756/755/700 754/753/698
f 754/753/698 756/755/700 757/756/701
f 757/756/701 758/757/702 754/753/698
f 754/753/698 758/757/702 755/754/699
f 758/757/702 759/758/703 755/754/699
f 755/754/699 759/758/703 760/759/704
f 755/754/699 760/759/704 752/751/696
f 752/751/696 760/759/704 761/760/705
f 752/751/696 761/760/705 749/748/693
f 749/748/693 761/760/705 762/761/706
f 762/761/706 763/762/707 749/748/693
f 749/748/693 763/762/707 745/744/689
f 763/762/707 764/763/708 745/744/689
f 745/744/689 764/763/708 743/742/687
f 764/763/708 765/764/709 743/742/687
f 743/742/687 765/764/709 742/741/686
f 765/764/709 733/732/677 742/741/686
f 742/741/686 733/732/677 719/718/664
f 737/736/681 733/732/677 766/765/710
f 766/765/710 733/732/677 765/764/709
f 764/763/708 767/766/711 765/764/709
f 765/764/709 767/766/711 766/765/710
f 763/762/707 768/767/712 764/763/708
f 764/763/708 768/767/712 767/766/711
f 762/761/706 769/768/713 763/762/707
f 763/762/707 769/768/713 768/767/712
f 761/760/705 770/769/714 762/761/706
f 762/761/706 770/769/714 769/768/713
f 760/759/704 771/770/715 761/760/705
f 761/760/705 771/770/715 770/769/714
f 759/758/703 772/771/716 760/759/704
f 760/759/704 772/771/716 771/770/715
f 772/771/716 759/758/703 774/773/717
f 774/773/717 759/758/703 773/772/718
f 758/757/702 775/774/719 759/758/703
f 759/758/703 775/774/719 773/772/718
f 757/756/701 776/775/720 758/757/702
f 758/757/702 776/775/720 775/774/719
f 775/774/719 777/776/721 773/772/718
f 773/772/718 777/776/721 778/777/722
f 778/777/722 779/778/723 773/772/718
f 773/772/718 779/778/723 774/773/717
f 776/775/720 780/779/724 775/774/719
f 775/774/719 780/779/724 777/776/721
f 756/755/700 781/780/725 757/756/701
f 757/756/701 781/780/725 776/775/720
f 781/780/725 782/781/726 776/775/720
f 776/775/720 782/781/726 780/779/724
f 782/781/726 783/782/727 780/779/724
f 780/779/724 783/782/727 784/783/728
f 780/779/724 784/783/728 777/776/721
f 777/776/721 784/783/728 785/784/729
f 777/776/721 785/784/729 789/786/730
f 789/786/730 785/784/729 786/785/731
f 786/785/731 787/787/732 789/786/730
f 789/786/730 787/787/732 788/788/733
f 789/786/730 788/788/733 778/777/722
f 778/777/722 788/788/733 779/778/723
f 777/776/721 789/786/730 778/777/722
f 787/787/732 786/785/731 791/790/734
f 791/790/734 786/785/731 790/789/735
f 791/790/734 790/789/735 793/792/736
f 793/792/736 790/789/735 792/791/737
f 792/791/737 794/793/738 793/792/736
f 793/792/736 794/793/738 795/794/739
f 794/793/738 792/791/737 797/796/740
f 797/796/740 792/791/737 796/795/741
f 790/789/735 798/797/742 792/791/737
f 792/791/737 798/797/742 796/795/741
f 785/784/729 798/797/742 786/785/731
f 786/785/731 798/797/742 790/789/735
f 784/783/728 799/798/743 785/784/729
f 785/784/729 799/798/743 798/797/742
f 799/798/743 800/799/744 798/797/742
f 798/797/742 800/799/744 796/795/741
f 800/799/744 801/800/745 796/795/741
f 796/795/741 801/800/745 797/796/740
f 783/782/727 802/801/746 784/783/728
f 784/783/728 802/801/746 799/798/743
f 802/801/746 803/802/747 799/798/743
f 799/798/743 803/802/747 800/799/744
f 803/802/747 804/803/748 800/799/744
f 800/799/744 804/803/748 801/800/745
f 804/803/748 805/804/749 801/800/745
f 801/800/745 805/804/749 806/805/750
f 801/800/745 806/805/750 797/796/740
f 797/796/740 806/805/750 807/806/751
f 797/796/740 807/806/751 794/793/738
f 807/806/751 808/807/752 794/793/738
f 808/807/752 809/808/753 794/793/738
f 794/793/738 809/808/753 795/794/739
f 808/807/752 807/806/751 811/810/754
f 811/810/754 807/806/751 810/809/755
f 811/810/754 812/811/756 808/807/752
f 808/807/752 812/811/756 809/808/753
f 812/811/756 811/810/754 814/813/757
f 814/813/757 811/810/754 813/812/758
f 814/813/757 813/812/758 816/815/759
f 816/815/759 813/812/758 815/814/760
f 815/814/760 817/816/761 816/815/759
f 816/815/759 817/816/761 818/817/762
f 818/817/762 817/816/761 820/819/763
f 820/819/763 817/816/761 819/818/764
f 820/819/763 819/818/764 822/821/765
f 822/821/765 819/818/764 821/820/766
f 821/820/766 823/822/767 822/821/765
f 822/821/765 823/822/767 824/823/768
f 811/810/754 810/809/755 813/812/758
f 813/812/758 810/809/755 825/824/769
f 813/812/758 825/824/769 815/814/760
f 815/814/760 825/824/769 826/825/770
f 826/825/770 827/826/771 815/814/760
f 815/814/760 827/826/771 817/816/761
f 817/816/761 827/826/771 819/818/764
f 819/818/764 827/826/771 828/827/772
f 819/818/764 828/827/772 821/820/766
f 821/820/766 828/827/772 829/828/773
f 829/828/773 830/829/774 821/820/766
f 821/820/766 830/829/774 823/822/767
f 806/805/750 831/830/775 807/806/751
f 807/806/751 831/830/775 810/809/755
f 831/830/775 832/831/776 810/809/755
f 810/809/755 832/831/776 825/824/769
f 832/831/776 833/832/777 825/824/769
f 825/824/769 833/832/777 826/825/770
f 833/832/777 834/833/778 826/825/770
f 826/825/770 834/833/778 827/826/771
f 834/833/778 835/834/779 827/826/771
f 827/826/771 835/834/779 828/827/772
f 835/834/779 836/835/780 828/827/772
f 828/827/772 836/835/780 829/828/773
f 836/835/780 837/836/781 829/828/773
f 829/828/773 837/836/781 830/829/774
f 806/805/750 805/804/749 838/837/782
f 806/805/750 838/837/782 831/830/775
f 838/837/782 805/804/749 839/838/783
f 839/838/783 840/839/784 838/837/782
f 838/837/782 840/839/784 841/840/785
f 841/840/785 832/831/776 838/837/782
f 838/837/782 832/831/776 831/830/775
f 832/831/776 841/840/785 833/832/777
f 841/840/785 842/841/786 833/832/777
f 833/832/777 842/841/786 834/833/778
f 834/833/778 842/841/786 835/834/779
f 835/834/779 842/841/786 836/835/780
f 842/841/786 843/842/787 836/835/780
f 836/835/780 843/842/787 837/836/781
f 840/839/784 844/843/788 841/840/785
f 841/840/785 844/843/788 842/841/786
f 844/843/788 845/844/789 842/841/786
f 842/841/786 845/844/789 843/842/787
f 843/842/787 846/845/790 837/836/781
f 837/836/781 846/845/790 847/846/791
f 847/846/791 848/847/792 837/836/781
f 837/836/781 848/847/792 830/829/774
f 830/829/774 848/847/792 823/822/767
f 823/822/767 848/847/792 849/848/793
f 823/822/767 849/848/793 824/823/768
f 824/823/768 849/848/793 850/849/794
f 843/842/787 845/844/789 846/845/790
f 846/845/790 845/844/789 851/850/795
f 846/845/790 852/851/796 847/846/791
f 847/846/791 852/851/796 853/852/797
f 853/852/797 854/853/798 847/846/791
f 847/846/791 854/853/798 848/847/792
f 854/853/798 855/854/799 848/847/792
f 848/847/792 855/854/799 849/848/793
f 849/848/793 855/854/799 850/849/794
f 851/850/795 856/855/800 846/845/790
f 846/845/790 856/855/800 852/851/796
f 853/852/797 852/851/796 857/856/801
f 852/851/796 856/855/800 857/856/801
f 854/853/798 853/852/797 857/856/801
f 855/854/799 854/853/798 857/856/801
f 858/857/802 859/858/803 861/860/804
f 861/860/804 859/858/803 860/859/805
f 860/859/805 859/858/803 863/862/806
f 863/862/806 859/858/803 862/861/807
f 863/862/806 862/861/807 865/864/808
f 865/864/808 862/861/807 864/863/809
f 864/863/809 866/865/810 865/864/808
f 865/864/808 866/865/810 867/866/811
f 867/866/811 866/865/810 869/868/812
f 869/868/812 866/865/810 868/867/813
f 869/868/812 868/867/813 871/870/814
f 871/870/814 868/867/813 870/869/815
f 871/870/814 870/869/815 873/872/816
f 873/872/816 870/869/815 872/871/817
f 872/871/817 874/873/818 873/872/816
f 873/872/816 874/873/818 875/874/819
f 875/874/819 874/873/818 877/876/820
f 877/876/820 874/873/818 876/875/821
f 877/876/820 876/875/821 879/878/822
f 879/878/822 876/875/821 878/877/823
f 878/877/823 880/879/824 879/878/822
f 879/878/822 880/879/824 881/880/825
f 880/879/824 882/881/826 881/880/825
f 881/880/825 882/881/826 883/882/827
f 882/881/826 884/883/828 883/882/827
f 883/882/827 884/883/828 885/884/829
f 885/884/829 884/883/828 887/886/830
f 887/886/830 884/883/828 886/885/831
f 887/886/830 886/885/831 889/888/832
f 889/888/832 886/885/831 888/887/833
f 889/888/832 888/887/833 891/890/834
f 891/890/834 888/887/833 890/889/835
f 891/890/834 890/889/835 893/892/836
f 893/892/836 890/889/835 892/891/837
f 892/891/837 894/893/838 893/892/836
f 893/892/836 894/893/838 895/894/839
f 895/894/839 896/895/840 893/892/836
f 893/892/836 896/895/840 897/896/841
f 893/892/836 897/896/841 891/890/834
f 891/890/834 897/896/841 898/897/842
f 891/890/834 898/897/842 889/888/832
f 889/888/832 898/897/842 899/898/843
f 899/898/843 900/899/844 889/888/832
f 889/888/832 900/899/844 887/886/830
f 900/899/844 901/900/845 887/886/830
f 887/886/830 901/900/845 885/884/829
f 901/900/845 902/901/846 885/884/829
f 885/884/829 902/901/846 883/882/827
f 902/901/846 903/902/847 883/882/827
f 883/882/827 903/902/847 881/880/825
f 903/902/847 904/903/848 881/880/825
f 881/880/825 904/903/848 879/878/822
f 904/903/848 905/904/849 879/878/822
f 879/878/822 905/904/849 877/876/820
f 905/904/849 906/905/850 877/876/820
f 877/876/820 906/905/850 875/874/819
f 906/905/850 907/906/851 875/874/819
f 875/874/819 907/906/851 873/872/816
f 907/906/851 908/907/852 873/872/816
f 873/872/816 908/907/852 871/870/814
f 908/907/852 909/908/853 871/870/814
f 871/870/814 909/908/853 869/868/812
f 909/908/853 910/909/854 869/868/812
f 869/868/812 910/909/854 867/866/811
f 910/909/854 911/910/855 867/866/811
f 867/866/811 911/910/855 865/864/808
f 911/910/855 912/911/856 865/864/808
f 865/864/808 912/911/856 863/862/806
f 912/911/856 913/912/857 863/862/806
f 863/862/806 913/912/857 860/859/805
f 913/912/857 914/913/858 860/859/805
f 860/859/805 914/913/858 861/860/804
f 914/913/858 913/912/857 916/915/859
f 916/915/859 913/912/857 915/914/860
f 916/915/859 915/914/860 918/917/861
f 918/917/861 915/914/860 917/916/862
f 913/912/857 912/911/856 915/914/860
f 915/914/860 912/911/856 919/918/863
f 915/914/860 919/918/863 917/916/862
f 917/916/862 919/918/863 920/919/864
f 918/917/861 917/916/862 922/921/865
f 922/921/865 917/916/862 921/920/866
f 917/916/862 920/919/864 921/920/866
f 921/920/866 920/919/864 923/922/867
f 919/918/863 924/923/868 920/919/864
f 920/919/864 924/923/868 925/924/869
f 911/910/855 924/923/868 912/911/856
f 912/911/856 924/923/868 919/918/863
f 911/910/855 910/909/854 924/923/868
f 924/923/868 910/909/854 926/925/870
f 924/923/868 926/925/870 925/924/869
f 925/924/869 926/925/870 927/926/871
f 925/924/869 928/927/872 920/919/864
f 920/919/864 928/927/872 923/922/867
f 925/924/869 927/926/871 928/927/872
f 928/927/872 927/926/871 929/928/873
f 926/925/870 930/929/874 927/926/871
f 927/926/871 930/929/874 931/930/875
f 930/929/874 926/925/870 909/908/853
f 909/908/853 926/925/870 910/909/854
f 909/908/853 908/907/852 930/929/874
f 930/929/874 908/907/852 932/931/876
f 932/931/876 933/932/877 930/929/874
f 930/929/874 933/932/877 931/930/875
f 931/930/875 933/932/877 935/934/878
f 935/934/878 933/932/877 934/933/879
f 935/934/878 929/928/873 931/930/875
f 931/930/875 929/928/873 927/926/871
f 933/932/877 936/935/880 934/933/879
f 934/933/879 936/935/880 937/936/881
f 932/931/876 938/937/882 933/932/877
f 933/932/877 938/937/882 936/935/880
f 908/907/852 907/906/851 932/931/876
f 932/931/876 907/906/851 938/937/882
f 907/906/851 906/905/850 938/937/882
f 938/937/882 906/905/850 939/938/883
f 938/937/882 939/938/883 936/935/880
f 936/935/880 939/938/883 940/939/884
f 936/935/880 940/939/884 937/936/881
f 937/936/881 940/939/884 941/940/885
f 906/905/850 905/904/849 939/938/883
f 939/938/883 905/904/849 942/941/886
f 939/938/883 942/941/886 940/939/884
f 940/939/884 942/941/886 941/940/885
f 941/940/885 942/941/886 943/942/887
f 942/941/886 905/904/849 944/943/888
f 944/943/888 905/904/849 904/903/848
f 944/943/888 945/944/889 942/941/886
f 942/941/886 945/944/889 943/942/887
f 904/903/848 903/902/847 944/943/888
f 944/943/888 903/902/847 946/945/890
f 944/943/888 946/945/890 945/944/889
f 945/944/889 946/945/890 947/946/891
f 903/902/847 902/901/846 946/945/890
f 946/945/890 902/901/846 948/947/892
f 946/945/890 948/947/892 947/946/891
f 947/946/891 948/947/892 949/948/893
f 902/901/846 901/900/845 948/947/892
f 948/947/892 901/900/845 950/949/894
f 948/947/892 950/949/894 949/948/893
f 949/948/893 950/949/894 951/950/895
f 901/900/845 900/899/844 950/949/894
f 950/949/894 900/899/844 952/951/896
f 952/951/896 953/952/897 950/949/894
f 950/949/894 953/952/897 951/950/895
f 900/899/844 899/898/843 952/951/896
f 952/951/896 899/898/843 954/953/898
f 954/953/898 955/954/899 952/951/896
f 952/951/896 955/954/899 953/952/897
f 898/897/842 956/955/900 899/898/843
f 899/898/843 956/955/900 954/953/898
f 954/953/898 956/955/900 955/954/899
f 955/954/899 956/955/900 957/956/901
f 897/896/841 958/957/902 898/897/842
f 898/897/842 958/957/902 956/955/900
f 896/895/840 959/958/903 897/896/841
f 897/896/841 959/958/903 958/957/902
f 956/955/900 958/957/902 957/956/901
f 957/956/901 958/957/902 960/959/904
f 958/957/902 959/958/903 960/959/904
f 964/963/905 961/960/906 963/962/907
f 961/960/906 962/961/908 963/962/907
f 962/961/908 965/964/909 963/962/907
f 963/962/907 965/964/909 966/965/910
f 966/965/910 965/964/909 968/967/911
f 968/967/911 965/964/909 967/966/912
f 967/966/912 969/968/913 968/967/911
f 968/967/911 969/968/913 970/969/914
f 970/969/914 971/970/915 968/967/911
f 968/967/911 971/970/915 972/971/916
f 972/971/916 973/972/917 968/967/911
f 968/967/911 973/972/917 966/965/910
f 973/972/917 974/973/918 966/965/910
f 966/965/910 974/973/918 963/962/907
f 964/963/905 963/962/907 975/974/919
f 975/974/919 963/962/907 974/973/918
f 975/974/919 974/973/918 977/976/920
f 974/973/918 976/975/921 977/976/920
f 973/972/917 978/977/922 974/973/918
f 974/973/918 978/977/922 976/975/921
f 972/971/916 979/978/923 973/972/917
f 973/972/917 979/978/923 978/977/922
f 972/971/916 971/970/915 979/978/923
f 979/978/923 971/970/915 980/979/924
f 980/979/924 971/970/915 982/981/925
f 982/981/925 971/970/915 981/980/926
f 970/969/914 983/982/927 971/970/915
f 971/970/915 983/982/927 981/980/926
f 969/968/913 984/983/928 970/969/914
f 970/969/914 984/983/928 983/982/927
f 981/980/926 983/982/927 986/985/929
f 986/985/929 983/982/927 985/984/930
f 986/985/929 987/986/931 981/980/926
f 981/980/926 987/986/931 982/981/925
f 987/986/931 986/985/929 989/988/932
f 989/988/932 986/985/929 988/987/933
f 985/984/930 990/989/934 986/985/929
f 986/985/929 990/989/934 988/987/933
f 984/983/928 991/990/935 983/982/927
f 983/982/927 991/990/935 985/984/930
f 991/990/935 992/991/936 985/984/930
f 985/984/930 992/991/936 990/989/934
f 990/989/934 992/991/936 994/993/937
f 994/993/937 992/991/936 993/992/938
f 994/993/937 995/994/939 990/989/934
f 990/989/934 995/994/939 988/987/933
f 989/988/932 988/987/933 996/995/940
f 996/995/940 988/987/933 995/994/939
f 995/994/939 994/993/937 998/997/941
f 998/997/941 994/993/937 997/996/942
f 993/992/938 999/998/943 994/993/937
f 994/993/937 999/998/943 997/996/942
f 999/998/943 1000/999/944 997/996/942
f 997/996/942 1000/999/944 1001/1000/945
f 1001/1000/945 1002/1001/946 997/996/942
f 997/996/942 1002/1001/946 998/997/941
f 1000/999/944 1003/1002/947 1001/1000/945
f 1001/1000/945 1003/1002/947 1004/1003/948
f 1001/1000/945 1004/1003/948 1002/1001/946
f 1002/1001/946 1004/1003/948 1005/1004/949
f 1004/1003/948 1006/1005/950 1005/1004/949
f 1005/1004/949 1006/1005/950 1007/1006/951
f 1003/1002/947 1008/1007/952 1004/1003/948
f 1004/1003/948 1008/1007/952 1006/1005/950
f 1006/1005/950 1008/1007/952 1009/1008/953
f 1006/1005/950 1009/1008/953 1007/1006/951
f 1007/1006/951 1009/1008/953 1010/1009/954
f 1005/1004/949 1007/1006/951 1012/1011/955
f 1012/1011/955 1007/1006/951 1011/1010/956
f 1010/1009/954 1013/1012/957 1007/1006/951
f 1007/1006/951 1013/1012/957 1011/1010/956
f 1010/1009/954 1014/1013/958 1013/1012/957
f 1013/1012/957 1014/1013/958 1015/1014/959
f 1013/1012/957 1015/1014/959 1017/1016/960
f 1017/1016/960 1015/1014/959 1016/1015/961
f 1017/1016/960 1018/1017/962 1013/1012/957
f 1013/1012/957 1018/1017/962 1011/1010/956
f 1018/1017/962 1019/1018/963 1011/1010/956
f 1011/1010/956 1019/1018/963 1012/1011/955
f 1012/1011/955 1020/1019/964 1005/1004/949
f 1005/1004/949 1020/1019/964 1002/1001/946
f 1019/1018/963 1021/1020/965 1012/1011/955
f 1012/1011/955 1021/1020/965 1020/1019/964
f 1020/1019/964 1022/1021/966 1002/1001/946
f 1002/1001/946 1022/1021/966 998/997/941
f 998/997/941 1022/1021/966 995/994/939
f 1022/1021/966 996/995/940 995/994/939
f 996/995/940 1022/1021/966 1024/1023/967
f 1024/1023/967 1022/1021/966 1023/1022/968
f 1023/1022/968 1025/1024/969 1024/1023/967
f 1024/1023/967 1025/1024/969 1026/1025/970
f 996/995/940 1024/1023/967 989/988/932
f 1024/1023/967 1026/1025/970 989/988/932
f 989/988/932 1026/1025/970 1027/1026/971
f 989/988/932 1027/1026/971 987/986/931
f 1022/1021/966 1020/1019/964 1023/1022/968
f 1023/1022/968 1020/1019/964 1021/1020/965
f 1025/1024/969 1023/1022/968 1028/1027/972
f 1028/1027/972 1023/1022/968 1021/1020/965
f 1019/1018/963 1029/1028/973 1021/1020/965
f 1021/1020/965 1029/1028/973 1028/1027/972
f 1018/1017/962 1030/1029/974 1019/1018/963
f 1019/1018/963 1030/1029/974 1029/1028/973
f 1017/1016/960 1031/1030/975 1018/1017/962
f 1018/1017/962 1031/1030/975 1030/1029/974
f 1017/1016/960 1016/1015/961 1031/1030/975
f 1031/1030/975 1016/1015/961 1032/1031/976
f 1031/1030/975 1032/1031/976 1033/1032/977
f 1033/1032/977 1034/1033/978 1031/1030/975
f 1031/1030/975 1034/1033/978 1030/1029/974
f 1014/1013/958 1035/1034/979 1015/1014/959
f 1015/1014/959 1035/1034/979 1036/1035/980
f 1015/1014/959 1036/1035/980 1016/1015/961
f 1016/1015/961 1036/1035/980 1032/1031/976
f 1032/1031/976 1036/1035/980 1037/1036/981
f 1035/1034/979 1038/1037/982 1036/1035/980
f 1036/1035/980 1038/1037/982 1039/1038/983
f 1036/1035/980 1039/1038/983 1037/1036/981
f 1032/1031/976 1037/1036/981 1033/1032/977
f 1033/1032/977 1037/1036/981 1040/1039/984
f 1033/1032/977 1040/1039/984 1041/1040/985
f 1033/1032/977 1041/1040/985 1034/1033/978
f 1034/1033/978 1041/1040/985 1042/1041/986
f 1042/1041/986 1041/1040/985 1044/1043/987
f 1044/1043/987 1041/1040/985 1043/1042/988
f 1044/1043/987 1043/1042/988 1046/1045/989
f 1046/1045/989 1043/1042/988 1045/1044/990
f 1046/1045/989 1045/1044/990 1048/1047/991
f 1048/1047/991 1045/1044/990 1047/1046/992
f 1048/1047/991 1047/1046/992 1050/1049/993
f 1050/1049/993 1047/1046/992 1049/1048/994
f 1041/1040/985 1040/1039/984 1043/1042/988
f 1043/1042/988 1040/1039/984 1051/1050/995
f 1051/1050/995 1052/1051/996 1043/1042/988
f 1043/1042/988 1052/1051/996 1045/1044/990
f 1045/1044/990 1052/1051/996 1047/1046/992
f 1047/1046/992 1052/1051/996 1053/1052/997
f 1047/1046/992 1053/1052/997 1049/1048/994
f 1049/1048/994 1053/1052/997 1054/1053/998
f 1049/1048/994 1054/1053/998 1056/1055/999
f 1056/1055/999 1054/1053/998 1055/1054/1000
f 1056/1055/999 1057/1056/1001 1049/1048/994
f 1049/1048/994 1057/1056/1001 1050/1049/993
f 1054/1053/998 1058/1057/1002 1055/1054/1000
f 1055/1054/1000 1058/1057/1002 1059/1058/1003
f 1058/1057/1002 1054/1053/998 1060/1059/1004
f 1060/1059/1004 1054/1053/998 1053/1052/997
f 1053/1052/997 1052/1051/996 1060/1059/1004
f 1060/1059/1004 1052/1051/996 1061/1060/1005
f 1052/1051/996 1051/1050/995 1061/1060/1005
f 1061/1060/1005 1051/1050/995 1062/1061/1006
f 1062/1061/1006 1051/1050/995 1063/1062/1007
f 1051/1050/995 1040/1039/984 1063/1062/1007
f 1037/1036/981 1039/1038/983 1040/1039/984
f 1040/1039/984 1039/1038/983 1063/1062/1007
f 1038/1037/982 1064/1063/1008 1039/1038/983
f 1039/1038/983 1064/1063/1008 1063/1062/1007
f 1063/1062/1007 1064/1063/1008 1062/1061/1006
f 1062/1061/1006 1064/1063/1008 1065/1064/1009
f 1065/1064/1009 1066/1065/1010 1062/1061/1006
f 1062/1061/1006 1066/1065/1010 1061/1060/1005
f 1066/1065/1010 1067/1066/1011 1061/1060/1005
f 1061/1060/1005 1067/1066/1011 1060/1059/1004
f 1067/1066/1011 1068/1067/1012 1060/1059/1004
f 1060/1059/1004 1068/1067/1012 1058/1057/1002
f 1059/1058/1003 1058/1057/1002 1069/1068/1013
f 1058/1057/1002 1068/1067/1012 1069/1068/1013
f 1070/1069/1014 1071/1070/1015 1073/1072/1016
f 1073/1072/1016 1071/1070/1015 1072/1071/1017
f 1071/1070/1015 1074/1073/1018 1072/1071/1017
f 1072/1071/1017 1074/1073/1018 1075/1074/1019
f 1074/1073/1018 1076/1075/1020 1075/1074/1019
f 1075/1074/1019 1076/1075/1020 1077/1076/1021
f 1076/1075/1020 1078/1077/1022 1077/1076/1021
f 1077/1076/1021 1078/1077/1022 1079/1078/1023
f 1078/1077/1022 1080/1079/1024 1079/1078/1023
f 1079/1078/1023 1080/1079/1024 1081/1080/1025
f 1080/1079/1024 1082/1081/1026 1081/1080/1025
f 1081/1080/1025 1082/1081/1026 1083/1082/1027
f 1082/1081/1026 1084/1083/1028 1083/1082/1027
f 1083/1082/1027 1084/1083/1028 1085/1084/1029
f 1087/1086/1030 1085/1084/1029 1086/1085/1031
f 1085/1084/1029 1084/1083/1028 1086/1085/1031
f 1086/1085/1031 1088/1087/1032 1087/1086/1030
f 1087/1086/1030 1088/1087/1032 1089/1088/1033
f 1088/1087/1032 1090/1089/1034 1089/1088/1033
f 1089/1088/1033 1090/1089/1034 1091/1090/1035
f 1090/1089/1034 1092/1091/1036 1091/1090/1035
f 1091/1090/1035 1092/1091/1036 1093/1092/1037
f 1092/1091/1036 1094/1093/1038 1093/1092/1037
f 1093/1092/1037 1094/1093/1038 1095/1094/1039
f 1094/1093/1038 1096/1095/1040 1095/1094/1039
f 1095/1094/1039 1096/1095/1040 1097/1096/1041
f 1096/1095/1040 1098/1097/1042 1097/1096/1041
f 1097/1096/1041 1098/1097/1042 1099/1098/1043
f 1098/1097/1042 1100/1099/1044 1099/1098/1043
f 1099/1098/1043 1100/1099/1044 1101/1100/1045
f 1100/1099/1044 1102/1101/1046 1101/1100/1045
f 1101/1100/1045 1102/1101/1046 1103/1102/1047
f 1102/1101/1046 1104/1103/1048 1103/1102/1047
f 1103/1102/1047 1104/1103/1048 1105/1104/1049
f 1104/1103/1048 1106/1105/1050 1105/1104/1049
f 1105/1104/1049 1106/1105/1050 1107/1106/1051
f 1106/1105/1050 1108/1107/1052 1107/1106/1051
f 1107/1106/1051 1108/1107/1052 1109/1108/1053
f 1109/1108/1053 1108/1107/1052 1111/1110/1054
f 1111/1110/1054 1108/1107/1052 1110/1109/1055
f 1110/1109/1055 1112/1111/1056 1111/1110/1054
f 1111/1110/1054 1112/1111/1056 1113/1112/1057
f 1112/1111/1056 1114/1113/1058 1113/1112/1057
f 1113/1112/1057 1114/1113/1058 1115/1114/1059
f 1114/1113/1058 1116/1115/1060 1115/1114/1059
f 1115/1114/1059 1116/1115/1060 1117/1116/1061
f 1116/1115/1060 1118/1117/1062 1117/1116/1061
f 1117/1116/1061 1118/1117/1062 1119/1118/1063
f 1118/1117/1062 1120/1119/1064 1119/1118/1063
f 1119/1118/1063 1120/1119/1064 1121/1120/1065
f 1121/1120/1065 1120/1119/1064 1123/1122/1066
f 1123/1122/1066 1120/1119/1064 1122/1121/1067
f 1123/1122/1066 1124/1123/1068 1121/1120/1065
f 1121/1120/1065 1124/1123/1068 1125/1124/1069
f 1117/1116/1061 1119/1118/1063 1127/1126/1070
f 1127/1126/1070 1119/1118/1063 1126/1125/1071
f 1125/1124/1069 1126/1125/1071 1121/1120/1065
f 1121/1120/1065 1126/1125/1071 1119/1118/1063
f 1127/1126/1070 1128/1127/1072 1117/1116/1061
f 1117/1116/1061 1128/1127/1072 1115/1114/1059
f 1129/1128/1073 1130/1129/1074 1113/1112/1057
f 1113/1112/1057 1130/1129/1074 1111/1110/1054
f 1111/1110/1054 1130/1129/1074 1109/1108/1053
f 1109/1108/1053 1130/1129/1074 1131/1130/1075
f 1109/1108/1053 1131/1130/1075 1107/1106/1051
f 1107/1106/1051 1131/1130/1075 1132/1131/1076
f 1107/1106/1051 1132/1131/1076 1105/1104/1049
f 1105/1104/1049 1132/1131/1076 1133/1132/1077
f 1133/1132/1077 1134/1133/1078 1105/1104/1049
f 1105/1104/1049 1134/1133/1078 1103/1102/1047
f 1101/1100/1045 1103/1102/1047 1135/1134/1079
f 1101/1100/1045 1135/1134/1079 1099/1098/1043
f 1099/1098/1043 1135/1134/1079 1136/1135/1080
f 1099/1098/1043 1136/1135/1080 1097/1096/1041
f 1097/1096/1041 1136/1135/1080 1137/1136/1081
f 1137/1136/1081 1138/1137/1082 1097/1096/1041
f 1097/1096/1041 1138/1137/1082 1095/1094/1039
f 1095/1094/1039 1138/1137/1082 1093/1092/1037
f 1093/1092/1037 1138/1137/1082 1139/1138/1083
f 1139/1138/1083 1140/1139/1084 1093/1092/1037
f 1093/1092/1037 1140/1139/1084 1091/1090/1035
f 1140/1139/1084 1141/1140/1085 1091/1090/1035
f 1091/1090/1035 1141/1140/1085 1089/1088/1033
f 1141/1140/1085 1142/2085/1086 1089/1088/1033
f 1089/1088/1033 1142/2085/1086 1087/1086/1030
f 1087/1086/1030 1142/2085/1086 1085/1084/1029
f 1085/1084/1029 1142/2085/1086 1143/2084/1087
f 1143/2084/1087 1144/2083/1088 1085/1084/1029
f 1085/1084/1029 1144/2083/1088 1083/1082/1027
f 1144/2083/1088 1145/2082/1089 1083/1082/1027
f 1083/1082/1027 1145/2082/1089 1081/1080/1025
f 1145/2082/1089 1146/2081/1090 1081/1080/1025
f 1081/1080/1025 1146/2081/1090 1079/1078/1023
f 1146/2081/1090 1147/2080/1091 1079/1078/1023
f 1079/1078/1023 1147/2080/1091 1077/1076/1021
f 1147/2080/1091 1148/2077/1092 1077/1076/1021
f 1077/1076/1021 1148/2077/1092 1075/1074/1019
f 1148/2077/1092 1149/1148/1093 1075/1074/1019
f 1075/1074/1019 1149/1148/1093 1072/1071/1017
f 1072/1071/1017 1149/1148/1093 1073/1072/1016
f 1073/1072/1016 1149/1148/1093 1150/1149/1094
f 1150/1149/1094 1151/1150/1095 1073/1072/1016
f 1073/1072/1016 1151/1150/1095 1152/1151/1096
f 1150/1149/1094 1149/1148/1093 1154/2079/1097
f 1154/2079/1097 1149/1148/1093 1153/2078/1098
f 1153/2078/1098 1149/1148/1093 1148/2077/1092
f 1148/1147/1092 1155/1154/1099 1153/1152/1098
f 1153/1152/1098 1155/1154/1099 1156/1155/1100
f 1153/1152/1098 1156/1155/1100 1154/1153/1097
f 1154/1153/1097 1156/1155/1100 1157/1156/1101
f 1157/1156/1101 1158/1157/1102 1154/1153/1097
f 1154/1153/1097 1158/1157/1102 1159/1158/1103
f 1158/1157/1102 1157/1156/1101 1160/1159/1104
f 1160/1159/1104 1157/1156/1101 1161/1160/1105
f 1161/1160/1105 1157/1156/1101 1163/1162/1106
f 1163/1162/1106 1157/1156/1101 1162/1161/1107
f 1162/1161/1107 1164/1163/1108 1163/1162/1106
f 1163/1162/1106 1164/1163/1108 1165/1164/1109
f 1162/1161/1107 1157/1156/1101 1156/1155/1100
f 1162/1161/1107 1156/1155/1100 1164/1163/1108
f 1164/1163/1108 1156/1155/1100 1166/1165/1110
f 1165/1164/1109 1164/1163/1108 1167/1166/1111
f 1164/1163/1108 1166/1165/1110 1167/1166/1111
f 1167/1166/1111 1166/1165/1110 1168/1167/1112
f 1156/1155/1100 1155/1154/1099 1166/1165/1110
f 1147/1146/1091 1169/1168/1113 1148/1147/1092
f 1148/1147/1092 1169/1168/1113 1155/1154/1099
f 1146/1145/1090 1170/1169/1114 1147/1146/1091
f 1147/1146/1091 1170/1169/1114 1169/1168/1113
f 1146/1145/1090 1145/1144/1089 1170/1169/1114
f 1170/1169/1114 1145/1144/1089 1171/1170/1115
f 1145/1144/1089 1144/1143/1088 1171/1170/1115
f 1171/1170/1115 1144/1143/1088 1172/1171/1116
f 1143/1142/1087 1173/1172/1117 1144/1143/1088
f 1144/1143/1088 1173/1172/1117 1172/1171/1116
f 1142/1141/1086 1174/1173/1118 1143/1142/1087
f 1143/1142/1087 1174/1173/1118 1173/1172/1117
f 1141/2076/1085 1175/1174/1119 1142/1141/1086
f 1142/1141/1086 1175/1174/1119 1174/1173/1118
f 1175/1174/1119 1176/1175/1120 1174/1173/1118
f 1174/1173/1118 1176/1175/1120 1177/1176/1121
f 1174/1173/1118 1177/1176/1121 1173/1172/1117
f 1173/1172/1117 1177/1176/1121 1178/1177/1122
f 1173/1172/1117 1178/1177/1122 1172/1171/1116
f 1172/1171/1116 1178/1177/1122 1179/1178/1123
f 1179/1178/1123 1180/1179/1124 1172/1171/1116
f 1172/1171/1116 1180/1179/1124 1171/1170/1115
f 1166/1165/1110 1155/1154/1099 1168/1167/1112
f 1168/1167/1112 1155/1154/1099 1181/1180/1125
f 1181/1180/1125 1182/1181/1126 1168/1167/1112
f 1168/1167/1112 1182/1181/1126 1183/1182/1127
f 1155/1154/1099 1169/1168/1113 1181/1180/1125
f 1170/1169/1114 1182/1181/1126 1169/1168/1113
f 1169/1168/1113 1182/1181/1126 1181/1180/1125
f 1170/1169/1114 1184/1183/1128 1182/1181/1126
f 1180/1179/1124 1184/1183/1128 1171/1170/1115
f 1171/1170/1115 1184/1183/1128 1170/1169/1114
f 1182/1181/1126 1184/1183/1128 1186/1185/1129
f 1186/1185/1129 1184/1183/1128 1185/1184/1130
f 1186/1185/1129 1187/1186/1131 1182/1181/1126
f 1182/1181/1126 1187/1186/1131 1183/1182/1127
f 1188/1187/1132 1167/1166/1111 1183/1182/1127
f 1168/1167/1112 1183/1182/1127 1167/1166/1111
f 1187/1186/1131 1189/1188/1133 1183/1182/1127
f 1183/1182/1127 1189/1188/1133 1188/1187/1132
f 1189/1188/1133 1187/1186/1131 1191/1190/1134
f 1191/1190/1134 1187/1186/1131 1190/1189/1135
f 1187/1186/1131 1186/1185/1129 1190/1189/1135
f 1190/1189/1135 1186/1185/1129 1192/1191/1136
f 1186/1185/1129 1185/1184/1130 1192/1191/1136
f 1192/1191/1136 1185/1184/1130 1193/1192/1137
f 1192/1191/1136 1193/1192/1137 1194/1193/1138
f 1192/1191/1136 1194/1193/1138 1195/1194/1139
f 1190/1189/1135 1990/2508/1140 1196/1195/1141
f 1191/1190/1134 1190/1189/1135 1197/1196/1142
f 1190/1189/1135 1196/1195/1141 1197/1196/1142
f 1194/1193/1138 1193/1192/1137 1199/1198/1143
f 1199/1198/1143 1193/1192/1137 1198/1197/1144
f 1199/1198/1143 1200/1199/1145 1194/1193/1138
f 1194/1193/1138 1200/1199/1145 1195/1194/1139
f 1193/1192/1137 1201/1200/1146 1198/1197/1144
f 1198/1197/1144 1201/1200/1146 1202/1201/1147
f 1202/1201/1147 1203/1202/1148 1198/1197/1144
f 1198/1197/1144 1203/1202/1148 1204/1203/1149
f 1198/1197/1144 1204/1203/1149 1199/1198/1143
f 1185/1184/1130 1205/1204/1150 1193/1192/1137
f 1193/1192/1137 1205/1204/1150 1201/1200/1146
f 1184/1183/1128 1180/1179/1124 1185/1184/1130
f 1185/1184/1130 1180/1179/1124 1205/1204/1150
f 1180/1179/1124 1179/1178/1123 1205/1204/1150
f 1179/1178/1123 1178/1177/1122 1205/1204/1150
f 1205/1204/1150 1178/1177/1122 1206/1205/1151
f 1177/1176/1121 1207/1206/1152 1178/1177/1122
f 1178/1177/1122 1207/1206/1152 1206/1205/1151
f 1205/1204/1150 1206/1205/1151 1201/1200/1146
f 1201/1200/1146 1206/1205/1151 1208/1207/1153
f 1201/1200/1146 1208/1207/1153 1202/1201/1147
f 1202/1201/1147 1208/1207/1153 1209/1208/1154
f 1209/1208/1154 1210/1209/1155 1202/1201/1147
f 1202/1201/1147 1210/1209/1155 1203/1202/1148
f 1210/1209/1155 1209/1208/1154 1212/1211/1156
f 1212/1211/1156 1209/1208/1154 1211/1210/1157
f 1212/1211/1156 1211/1210/1157 1214/1213/1158
f 1214/1213/1158 1211/1210/1157 1213/1212/1159
f 1208/1207/1153 1215/1214/1160 1209/1208/1154
f 1209/1208/1154 1215/1214/1160 1211/1210/1157
f 1206/1205/1151 1207/1206/1152 1208/1207/1153
f 1208/1207/1153 1207/1206/1152 1215/1214/1160
f 1177/1176/1121 1176/1175/1120 1207/1206/1152
f 1207/1206/1152 1176/1175/1120 1216/1215/1161
f 1207/1206/1152 1216/1215/1161 1215/1214/1160
f 1215/1214/1160 1216/1215/1161 1217/1216/1162
f 1211/1210/1157 1215/1214/1160 1213/1212/1159
f 1213/1212/1159 1215/1214/1160 1217/1216/1162
f 1214/1213/1158 1213/1212/1159 1219/1218/1163
f 1219/1218/1163 1213/1212/1159 1218/1217/1164
f 1213/1212/1159 1217/1216/1162 1218/1217/1164
f 1218/1217/1164 1217/1216/1162 1220/1219/1165
f 1218/1217/1164 1220/1219/1165 1221/1220/1166
f 1221/1220/1166 1222/1221/1167 1218/1217/1164
f 1218/1217/1164 1222/1221/1167 1219/1218/1163
f 1217/1216/1162 1216/1215/1161 1220/1219/1165
f 1220/1219/1165 1216/1215/1161 1223/1222/1168
f 1223/1222/1168 1224/1223/1169 1220/1219/1165
f 1220/1219/1165 1224/1223/1169 1221/1220/1166
f 1224/1223/1169 1225/1224/1170 1221/1220/1166
f 1221/1220/1166 1225/1224/1170 1226/1225/1171
f 1221/1220/1166 1226/1225/1171 1222/1221/1167
f 1226/1225/1171 1225/1224/1170 1228/1227/1172
f 1228/1227/1172 1225/1224/1170 1227/1226/1173
f 1227/1226/1173 1225/1224/1170 1229/1228/1174
f 1229/1228/1174 1225/1224/1170 1230/1229/1175
f 1230/1229/1175 1225/1224/1170 1224/1223/1169
f 1224/1223/1169 1223/1222/1168 1230/1229/1175
f 1230/1229/1175 1223/1222/1168 1231/1230/1176
f 1223/1222/1168 1216/1215/1161 1231/1230/1176
f 1231/1230/1176 1216/1215/1161 1176/1175/1120
f 1175/1174/1119 1232/1231/1177 1176/1175/1120
f 1176/1175/1120 1232/1231/1177 1231/1230/1176
f 1175/1174/1119 1141/2076/1085 1232/1231/1177
f 1232/1231/1177 1141/2076/1085 1233/2075/1178
f 1141/1140/1085 1140/1139/1084 1233/1232/1178
f 1233/1232/1178 1140/1139/1084 1234/1233/1179
f 1140/1139/1084 1139/1138/1083 1234/1233/1179
f 1234/1233/1179 1139/1138/1083 1235/1234/1180
f 1234/1233/1179 1236/1235/1181 1233/1232/1178
f 1233/1232/1178 1236/1235/1181 1237/2074/1182
f 1237/1236/1182 1238/1237/1183 1233/2075/1178
f 1233/2075/1178 1238/1237/1183 1232/1231/1177
f 1232/1231/1177 1238/1237/1183 1231/1230/1176
f 1231/1230/1176 1238/1237/1183 1239/1238/1184
f 1231/1230/1176 1239/1238/1184 1230/1229/1175
f 1234/1233/1179 1235/1234/1180 1236/1235/1181
f 1236/1235/1181 1235/1234/1180 1240/1239/1185
f 1138/1137/1082 1241/1240/1186 1139/1138/1083
f 1139/1138/1083 1241/1240/1186 1235/1234/1180
f 1235/1234/1180 1241/1240/1186 1240/1239/1185
f 1240/1239/1185 1241/1240/1186 1242/1241/1187
f 1137/1136/1081 1243/1242/1188 1138/1137/1082
f 1138/1137/1082 1243/1242/1188 1241/1240/1186
f 1136/1135/1080 1244/1243/1189 1137/1136/1081
f 1137/1136/1081 1244/1243/1189 1243/1242/1188
f 1136/1135/1080 1135/1134/1079 1244/1243/1189
f 1244/1243/1189 1135/1134/1079 1245/1244/1190
f 1135/1134/1079 1103/1102/1047 1245/1244/1190
f 1245/1244/1190 1103/1102/1047 1134/1133/1078
f 1241/1240/1186 1243/1242/1188 1242/1241/1187
f 1243/1242/1188 1244/1243/1189 1242/1241/1187
f 1242/1241/1187 1244/1243/1189 1134/1133/1078
f 1134/1133/1078 1244/1243/1189 1245/1244/1190
f 1240/1239/1185 1242/1241/1187 1246/1245/1191
f 1242/1241/1187 1134/1133/1078 1246/1245/1191
f 1134/1133/1078 1133/1132/1077 1246/1245/1191
f 1246/1245/1191 1133/1132/1077 1247/1246/1192
f 1236/2073/1181 1248/1247/1193 1237/1236/1182
f 1237/1236/1182 1248/1247/1193 1249/1248/1194
f 1249/1248/1194 1250/1249/1195 1237/1236/1182
f 1237/1236/1182 1250/1249/1195 1238/1237/1183
f 1238/1237/1183 1250/1249/1195 1239/1238/1184
f 1239/1238/1184 1250/1249/1195 1251/1250/1196
f 1239/1238/1184 1251/1250/1196 1230/1229/1175
f 1230/1229/1175 1251/1250/1196 1252/1251/1197
f 1230/1229/1175 1252/1251/1197 1229/1228/1174
f 1254/1253/1198 1256/2098/1199 1255/1254/1200
f 1255/1254/1200 1256/2098/1199 1257/1256/1201
f 1257/1256/1201 1258/1257/1202 1255/1254/1200
f 1255/1254/1200 1258/1257/1202 1259/1258/1203
f 1254/2099/1198 1253/1252/1204 1256/1255/1199
f 1256/1255/1199 1253/1252/1204 1260/1259/1205
f 1247/1246/1192 1260/1259/1205 1246/1245/1191
f 1246/1245/1191 1260/1259/1205 1253/1252/1204
f 1260/1259/1205 1261/1260/1206 1256/1255/1199
f 1256/1255/1199 1261/1260/1206 1262/1261/1207
f 1260/1259/1205 1247/1246/1192 1261/1260/1206
f 1261/1260/1206 1247/1246/1192 1263/1262/1208
f 1261/1260/1206 1263/1262/1208 1265/1264/1209
f 1265/1264/1209 1263/1262/1208 1264/1263/1210
f 1256/2098/1199 1262/2097/1207 1257/1256/1201
f 1257/1256/1201 1262/2097/1207 1266/1265/1211
f 1266/1265/1211 1267/1266/1212 1257/1256/1201
f 1257/1256/1201 1267/1266/1212 1258/1257/1202
f 1266/1265/1211 1262/2097/1207 1269/1268/1213
f 1269/1268/1213 1262/2097/1207 1268/2096/1214
f 1269/1268/1213 1270/1269/1215 1266/1265/1211
f 1266/1265/1211 1270/1269/1215 1267/1266/1212
f 1261/1260/1206 1265/1264/1209 1262/1261/1207
f 1262/1261/1207 1265/1264/1209 1268/1267/1214
f 1269/1268/1213 1268/2096/1214 1272/1271/1216
f 1272/1271/1216 1268/2096/1214 1271/2087/1217
f 1272/1271/1216 1273/1272/1218 1269/1268/1213
f 1269/1268/1213 1273/1272/1218 1270/1269/1215
f 1265/1264/1209 1274/1273/1219 1268/1267/1214
f 1268/1267/1214 1274/1273/1219 1271/1270/1217
f 1265/1264/1209 1264/1263/1210 1274/1273/1219
f 1274/1273/1219 1264/1263/1210 1275/1274/1220
f 1271/1270/1217 1274/1273/1219 1457/2086/1221
f 1457/2086/1221 1274/1273/1219 1276/1275/1222
f 1457/1937/1221 1458/1938/1223 1271/2087/1217
f 1271/2087/1217 1458/1938/1223 1272/1271/1216
f 1458/1938/1223 1459/1939/1224 1272/1271/1216
f 1272/1271/1216 1459/1939/1224 1273/1272/1218
f 1274/1273/1219 1275/1274/1220 1276/1275/1222
f 1276/1275/1222 1275/1274/1220 1280/1279/1225
f 1132/1131/1076 1281/1280/1226 1133/1132/1077
f 1133/1132/1077 1281/1280/1226 1247/1246/1192
f 1247/1246/1192 1281/1280/1226 1263/1262/1208
f 1263/1262/1208 1281/1280/1226 1264/1263/1210
f 1264/1263/1210 1281/1280/1226 1282/1281/1227
f 1264/1263/1210 1282/1281/1227 1275/1274/1220
f 1275/1274/1220 1282/1281/1227 1283/1282/1228
f 1275/1274/1220 1283/1282/1228 1280/1279/1225
f 1280/1279/1225 1283/1282/1228 1284/1283/1229
f 1280/1279/1225 1284/1283/1229 1286/1285/1230
f 1286/1285/1230 1284/1283/1229 1285/1284/1231
f 1286/1285/1230 1287/1286/1232 1280/1279/1225
f 1280/1279/1225 1287/1286/1232 1276/1275/1222
f 1276/1275/1222 1287/1286/1232 1277/1276/1233
f 1277/2095/1233 1287/2094/1232 1278/1277/1234
f 1278/1277/1234 1287/2094/1232 1288/1287/1235
f 1278/1277/1234 1288/1287/1235 1279/1278/1236
f 1132/1131/1076 1131/1130/1075 1281/1280/1226
f 1281/1280/1226 1131/1130/1075 1289/1288/1237
f 1131/1130/1075 1130/1129/1074 1289/1288/1237
f 1289/1288/1237 1130/1129/1074 1290/1289/1238
f 1130/1129/1074 1129/1128/1073 1290/1289/1238
f 1290/1289/1238 1129/1128/1073 1291/1290/1239
f 1281/1280/1226 1289/1288/1237 1282/1281/1227
f 1290/1289/1238 1283/1282/1228 1289/1288/1237
f 1289/1288/1237 1283/1282/1228 1282/1281/1227
f 1284/1283/1229 1283/1282/1228 1292/1291/1240
f 1291/1290/1239 1292/1291/1240 1290/1289/1238
f 1290/1289/1238 1292/1291/1240 1283/1282/1228
f 1284/1283/1229 1292/1291/1240 1285/1284/1231
f 1285/1284/1231 1292/1291/1240 1293/1292/1241
f 1291/1290/1239 1294/1293/1242 1292/1291/1240
f 1292/1291/1240 1294/1293/1242 1293/1292/1241
f 1129/1128/1073 1128/1127/1072 1291/1290/1239
f 1291/1290/1239 1128/1127/1072 1294/1293/1242
f 1293/1292/1241 1294/1293/1242 1296/1295/1243
f 1296/1295/1243 1294/1293/1242 1295/1294/1244
f 1296/1295/1243 1295/1294/1244 1298/1297/1245
f 1298/1297/1245 1295/1294/1244 1297/1296/1246
f 1298/1297/1245 1297/1296/1246 1300/1299/1247
f 1300/1299/1247 1297/1296/1246 1299/1298/1248
f 1300/1299/1247 1299/1298/1248 1302/1301/1249
f 1302/1301/1249 1299/1298/1248 1301/1300/1250
f 1302/1301/1249 1301/1300/1250 1304/1303/1251
f 1304/1303/1251 1301/1300/1250 1303/1302/1252
f 1128/1127/1072 1127/1126/1070 1294/1293/1242
f 1294/1293/1242 1127/1126/1070 1295/1294/1244
f 1127/1126/1070 1126/1125/1071 1295/1294/1244
f 1295/1294/1244 1126/1125/1071 1305/1304/1253
f 1295/1294/1244 1305/1304/1253 1297/1296/1246
f 1126/1125/1071 1125/1124/1069 1305/1304/1253
f 1305/1304/1253 1125/1124/1069 1306/1305/1254
f 1124/1123/1068 1307/1306/1255 1125/1124/1069
f 1125/1124/1069 1307/1306/1255 1306/1305/1254
f 1306/1305/1254 1299/1298/1248 1305/1304/1253
f 1305/1304/1253 1299/1298/1248 1297/1296/1246
f 1307/1306/1255 1301/1300/1250 1306/1305/1254
f 1306/1305/1254 1301/1300/1250 1299/1298/1248
f 1301/1300/1250 1307/1306/1255 1303/1302/1252
f 1293/1292/1241 1308/1307/1256 1285/1284/1231
f 1285/1284/1231 1308/1307/1256 1309/1308/1257
f 1293/1292/1241 1296/1295/1243 1308/1307/1256
f 1308/1307/1256 1296/1295/1243 1310/1309/1258
f 1310/1309/1258 1311/1310/1259 1308/1307/1256
f 1308/1307/1256 1311/1310/1259 1312/1311/1260
f 1308/1307/1256 1312/1311/1260 1309/1308/1257
f 1309/1308/1257 1312/1311/1260 1313/1312/1261
f 1285/1284/1231 1309/1308/1257 1286/1285/1230
f 1286/1285/1230 1309/1308/1257 1314/1313/1262
f 1314/1313/1262 1315/2093/1263 1286/1285/1230
f 1286/1285/1230 1315/2093/1263 1287/1286/1232
f 1315/1314/1263 1316/1315/1264 1287/2094/1232
f 1287/2094/1232 1316/1315/1264 1288/1287/1235
f 1288/1287/1235 1316/1315/1264 1317/1316/1265
f 1317/1316/1265 1316/1315/1264 1319/1318/1266
f 1319/1318/1266 1316/1315/1264 1318/1317/1267
f 1316/1315/1264 1315/1314/1263 1318/1317/1267
f 1318/1317/1267 1315/1314/1263 1320/1319/1268
f 1314/2092/1262 1321/1320/1269 1315/1314/1263
f 1315/1314/1263 1321/1320/1269 1320/1319/1268
f 1309/1308/1257 1313/1312/1261 1314/1313/1262
f 1314/1313/1262 1313/1312/1261 1321/2091/1269
f 1312/1311/1260 1322/2089/1270 1313/1312/1261
f 1313/1312/1261 1322/2089/1270 1323/2090/1271
f 1313/1312/1261 1323/2090/1271 1321/2091/1269
f 1311/1310/1259 1324/1323/1272 1312/1311/1260
f 1312/1311/1260 1324/1323/1272 1322/2089/1270
f 1324/2088/1272 1325/1324/1273 1322/1321/1270
f 1322/1321/1270 1325/1324/1273 1326/1325/1274
f 1322/1321/1270 1326/1325/1274 1323/1322/1271
f 1323/1322/1271 1326/1325/1274 1327/1326/1275
f 1327/1326/1275 1328/1327/1276 1323/1322/1271
f 1323/1322/1271 1328/1327/1276 1321/1320/1269
f 1321/1320/1269 1328/1327/1276 1320/1319/1268
f 1320/1319/1268 1328/1327/1276 1329/1328/1277
f 1329/1328/1277 1330/1329/1278 1320/1319/1268
f 1320/1319/1268 1330/1329/1278 1318/1317/1267
f 1330/1329/1278 1331/1330/1279 1318/1317/1267
f 1318/1317/1267 1331/1330/1279 1319/1318/1266
f 1331/1330/1279 1330/1329/1278 1333/1332/1280
f 1333/1332/1280 1330/1329/1278 1332/1331/1281
f 1333/1332/1280 1332/1331/1281 1335/1334/1282
f 1335/1334/1282 1332/1331/1281 1334/1333/1283
f 1335/1334/1282 1334/1333/1283 1337/1336/1284
f 1337/1336/1284 1334/1333/1283 1336/1335/1285
f 1337/1336/1284 1336/1335/1285 1339/1338/1286
f 1339/1338/1286 1336/1335/1285 1338/1337/1287
f 1339/1338/1286 1338/1337/1287 1341/1340/1288
f 1341/1340/1288 1338/1337/1287 1340/1339/1289
f 1340/1339/1289 1342/1341/1290 1341/1340/1288
f 1341/1340/1288 1342/1341/1290 1343/1342/1291
f 1343/1342/1291 1342/1341/1290 1345/1344/1292
f 1345/1344/1292 1342/1341/1290 1344/1343/1293
f 1345/1344/1292 1344/1343/1293 1347/1346/1294
f 1347/1346/1294 1344/1343/1293 1346/1345/1295
f 1347/1346/1294 1346/1345/1295 1349/1348/1296
f 1349/1348/1296 1346/1345/1295 1348/1347/1297
f 1332/1331/1281 1350/1349/1298 1334/1333/1283
f 1334/1333/1283 1350/1349/1298 1351/1350/1299
f 1334/1333/1283 1351/1350/1299 1336/1335/1285
f 1336/1335/1285 1351/1350/1299 1352/1351/1300
f 1352/1351/1300 1353/1352/1301 1336/1335/1285
f 1336/1335/1285 1353/1352/1301 1338/1337/1287
f 1338/1337/1287 1353/1352/1301 1340/1339/1289
f 1340/1339/1289 1353/1352/1301 1354/1353/1302
f 1340/1339/1289 1354/1353/1302 1342/1341/1290
f 1342/1341/1290 1354/1353/1302 1355/1354/1303
f 1342/1341/1290 1355/1354/1303 1344/1343/1293
f 1344/1343/1293 1355/1354/1303 1356/1355/1304
f 1356/1355/1304 1357/1356/1305 1344/1343/1293
f 1344/1343/1293 1357/1356/1305 1346/1345/1295
f 1357/1356/1305 1358/1357/1306 1346/1345/1295
f 1346/1345/1295 1358/1357/1306 1348/1347/1297
f 1330/1329/1278 1329/1328/1277 1332/1331/1281
f 1332/1331/1281 1329/1328/1277 1350/1349/1298
f 1329/1328/1277 1328/1327/1276 1350/1349/1298
f 1328/1327/1276 1327/1326/1275 1350/1349/1298
f 1350/1349/1298 1327/1326/1275 1359/1358/1307
f 1326/1325/1274 1360/1359/1308 1327/1326/1275
f 1327/1326/1275 1360/1359/1308 1359/1358/1307
f 1359/1358/1307 1361/1360/1309 1350/1349/1298
f 1350/1349/1298 1361/1360/1309 1351/1350/1299
f 1360/1359/1308 1362/1361/1310 1359/1358/1307
f 1359/1358/1307 1362/1361/1310 1361/1360/1309
f 1351/1350/1299 1361/1360/1309 1352/1351/1300
f 1352/1351/1300 1361/1360/1309 1363/1362/1311
f 1352/1351/1300 1363/1362/1311 1353/1352/1301
f 1353/1352/1301 1363/1362/1311 1364/1363/1312
f 1353/1352/1301 1364/1363/1312 1354/1353/1302
f 1354/1353/1302 1364/1363/1312 1365/1364/1313
f 1354/1353/1302 1365/1364/1313 1355/1354/1303
f 1355/1354/1303 1365/1364/1313 1366/1365/1314
f 1366/1365/1314 1367/1366/1315 1355/1354/1303
f 1355/1354/1303 1367/1366/1315 1356/1355/1304
f 1367/1366/1315 1368/1367/1316 1356/1355/1304
f 1356/1355/1304 1368/1367/1316 1357/1356/1305
f 1368/1367/1316 1369/1368/1317 1357/1356/1305
f 1357/1356/1305 1369/1368/1317 1358/1357/1306
f 1362/1361/1310 1370/1369/1318 1361/1360/1309
f 1361/1360/1309 1370/1369/1318 1363/1362/1311
f 1363/1362/1311 1370/1369/1318 1364/1363/1312
f 1364/1363/1312 1370/1369/1318 1372/1371/1319
f 1372/1371/1319 1370/1369/1318 1371/1370/1320
f 1364/1363/1312 1372/1371/1319 1365/1364/1313
f 1365/1364/1313 1372/1371/1319 1373/1372/1321
f 1365/1364/1313 1373/1372/1321 1366/1365/1314
f 1370/1369/1318 1362/1361/1310 1371/1370/1320
f 1371/1370/1320 1362/1361/1310 1374/1373/1322
f 1362/1361/1310 1360/1359/1308 1374/1373/1322
f 1374/1373/1322 1360/1359/1308 1375/1374/1323
f 1325/1324/1273 1375/1374/1323 1326/1325/1274
f 1326/1325/1274 1375/1374/1323 1360/1359/1308
f 1376/1378/1324 1379/1379/1325 1123/1122/1066
f 1123/1122/1066 1379/1379/1325 1124/1123/1068
f 1376/1378/1324 1378/1380/1326 1379/1379/1325
f 1379/1379/1325 1378/1380/1326 1380/1381/1327
f 1379/1379/1325 1381/1382/1328 1124/1123/1068
f 1124/1123/1068 1381/1382/1328 1307/1306/1255
f 1379/1379/1325 1380/1381/1327 1381/1382/1328
f 1381/1382/1328 1380/1381/1327 1382/1383/1329
f 1381/1382/1328 1383/1384/1330 1307/1306/1255
f 1307/1306/1255 1383/1384/1330 1303/1302/1252
f 1383/1384/1330 1384/1385/1331 1303/1302/1252
f 1303/1302/1252 1384/1385/1331 1304/1303/1251
f 1384/1385/1331 1383/1384/1330 1387/1388/1332
f 1387/1388/1332 1383/1384/1330 1386/1387/1333
f 1384/1385/1331 1387/1388/1332 1385/1386/1334
f 1385/1386/1334 1387/1388/1332 1388/1389/1335
f 1385/1386/1334 1388/1389/1335 1389/1390/1336
f 1381/1382/1328 1382/1383/1329 1383/1384/1330
f 1383/1384/1330 1382/1383/1329 1386/1387/1333
f 1390/1377/1337 1378/1380/1326 1391/1375/1338
f 1391/1375/1338 1378/1380/1326 1376/1378/1324
f 1123/1122/1066 1391/1375/1338 1376/1378/1324
f 1391/1375/1338 1377/1376/1339 1390/1377/1337
f 1390/1377/1337 1377/1376/1339 1444/1931/1340
f 1123/1122/1066 1122/1121/1067 1391/1375/1338
f 152/152/135 1393/1392/123 183/183/1341
f 183/183/1341 1393/1392/123 150/150/121
f 151/151/125 1393/1392/123 153/153/134
f 153/153/134 1393/1392/123 152/152/135
f 148/148/124 1394/1393/122 151/151/125
f 151/151/125 1394/1393/122 1393/1392/123
f 268/267/208 263/262/202 271/270/211
f 271/270/211 263/262/202 270/269/210
f 308/307/247 309/308/249 315/314/255
f 100/100/86 143/143/1342 101/101/88
f 101/101/88 143/143/1342 145/145/1343
f 99/99/87 142/142/1344 100/100/86
f 100/100/86 142/142/1344 143/143/1342
f 101/101/88 145/145/1343 104/104/89
f 104/104/89 145/145/1343 103/103/96
f 103/103/96 145/145/1343 144/144/1345
f 99/99/87 92/1396/78 87/87/73
f 142/142/1344 99/99/87 141/141/1346
f 87/87/73 140/140/1347 99/99/87
f 99/99/87 140/140/1347 141/141/1346
f 86/86/71 85/85/72 138/138/1348
f 138/138/1348 85/85/72 137/137/1349
f 87/87/73 86/86/71 139/139/1350
f 139/139/1350 86/86/71 138/138/1348
f 87/87/73 139/139/1350 140/140/1347
f 137/137/1349 85/85/72 136/136/1351
f 85/85/72 88/88/74 136/136/1351
f 136/136/1351 88/88/74 135/135/1352
f 88/88/74 79/79/64 135/135/1352
f 135/135/1352 79/79/64 133/133/1353
f 133/133/1353 79/79/64 1397/1397/1354
f 1397/1397/1354 79/79/64 78/78/65
f 132/132/1355 1399/1399/1356 134/134/1357
f 258/1404/199 256/1405/196 272/1407/212
f 272/1407/212 256/1405/196 286/1406/226
f 260/1408/201 258/1409/199 271/1411/211
f 271/1411/211 258/1409/199 272/1410/212
f 260/1413/201 271/1414/211 262/1412/203
f 262/1412/203 271/1414/211 270/1415/210
f 264/1416/204 262/1417/203 267/1419/206
f 267/1419/206 262/1417/203 270/1418/210
f 266/1420/207 264/1421/204 267/1422/206
f 256/1423/196 254/1424/195 286/1426/226
f 286/1426/226 254/1424/195 285/1425/225
f 252/1428/192 284/1429/224 254/1427/195
f 254/1427/195 284/1429/224 285/1430/225
f 250/1432/190 283/1433/223 252/1431/192
f 252/1431/192 283/1433/223 284/1434/224
f 247/1436/187 282/1437/222 250/1435/190
f 250/1435/190 282/1437/222 283/1438/223
f 246/1440/186 280/1441/220 247/1439/187
f 247/1439/187 280/1441/220 282/1442/222
f 281/1443/221 280/1444/220 246/1445/186
f 747/1447/691 769/1448/713 750/1446/694
f 750/1446/694 769/1448/713 770/1449/714
f 771/1451/715 753/1452/697 770/1450/714
f 770/1450/714 753/1452/697 750/1453/694
f 756/1454/700 753/1455/697 772/1457/716
f 772/1457/716 753/1455/697 771/1456/715
f 774/1459/717 783/1460/727 772/1458/716
f 756/1463/700 772/1458/716 781/1462/725
f 783/1460/727 782/1461/726 772/1458/716
f 772/1458/716 782/1461/726 781/1462/725
f 783/1465/727 774/1466/717 802/1464/746
f 774/1466/717 779/1467/723 802/1464/746
f 787/1469/732 802/1464/746 788/1468/733
f 802/1464/746 779/1467/723 788/1468/733
f 803/1470/747 802/1471/746 793/1474/736
f 793/1474/736 802/1471/746 791/1473/734
f 802/1471/746 787/1472/732 791/1473/734
f 795/1476/739 804/1477/748 793/1475/736
f 793/1475/736 804/1477/748 803/1478/747
f 804/1480/748 795/1481/739 805/1479/749
f 805/1479/749 795/1481/739 809/1482/753
f 809/1483/753 812/1484/756 805/1486/749
f 805/1486/749 812/1484/756 839/1485/783
f 839/1488/783 812/1489/756 840/1487/784
f 812/1489/756 814/1490/757 840/1487/784
f 840/1487/784 814/1490/757 816/1491/759
f 818/1493/762 844/1494/788 816/1492/759
f 816/1492/759 844/1494/788 840/1495/784
f 818/1496/762 820/1497/763 844/1499/788
f 844/1499/788 820/1497/763 845/1498/789
f 851/1500/795 845/1501/789 824/1504/768
f 820/1502/763 822/1503/765 845/1501/789
f 845/1501/789 822/1503/765 824/1504/768
f 851/1506/795 824/1507/768 856/1505/800
f 824/1507/768 850/1508/794 856/1505/800
f 856/1505/800 850/1508/794 855/1509/799
f 855/1510/799 857/1511/801 856/1512/800
f 747/1513/691 746/1514/690 769/1516/713
f 769/1516/713 746/1514/690 768/1515/712
f 768/1518/712 746/1519/690 767/1517/711
f 767/1517/711 746/1519/690 740/1520/684
f 738/1522/683 766/1523/710 740/1521/684
f 740/1521/684 766/1523/710 767/1524/711
f 737/1525/681 766/1526/710 717/1528/661
f 717/1528/661 766/1526/710 738/1527/683
f 717/1529/661 714/1530/658 737/1532/681
f 714/1530/658 734/1531/678 737/1532/681
f 734/1533/678 714/1534/658 713/1535/657
f 316/1536/257 315/1537/255 309/1538/249
f 872/1540/817 937/1541/881 874/1539/818
f 874/1539/818 937/1541/881 941/1542/885
f 941/1543/885 943/1544/887 874/1546/818
f 874/1546/818 943/1544/887 876/1545/821
f 876/1548/821 943/1549/887 878/1547/823
f 878/1547/823 943/1549/887 945/1550/889
f 947/1552/891 880/1553/824 945/1551/889
f 945/1551/889 880/1553/824 878/1554/823
f 880/1556/824 947/1557/891 882/1555/826
f 882/1555/826 947/1557/891 949/1558/893
f 951/1560/895 884/1561/828 949/1559/893
f 949/1559/893 884/1561/828 882/1562/826
f 884/1564/828 951/1565/895 886/1563/831
f 886/1563/831 951/1565/895 953/1566/897
f 955/1568/899 888/1569/833 953/1567/897
f 953/1567/897 888/1569/833 886/1570/831
f 955/1571/899 957/1572/901 888/1574/833
f 888/1574/833 957/1572/901 890/1573/835
f 892/1575/837 890/1576/835 960/1578/904
f 960/1578/904 890/1576/835 957/1577/901
f 959/1580/903 894/1581/838 960/1579/904
f 960/1579/904 894/1581/838 892/1582/837
f 894/1583/838 959/1584/903 896/1585/840
f 896/1586/840 895/1587/839 894/1588/838
f 870/1590/815 934/1591/879 872/1589/817
f 872/1589/817 934/1591/879 937/1592/881
f 934/1594/879 870/1595/815 935/1593/878
f 935/1593/878 870/1595/815 868/1596/813
f 866/1598/810 929/1599/873 868/1597/813
f 868/1597/813 929/1599/873 935/1600/878
f 929/1602/873 866/1603/810 928/1601/872
f 928/1601/872 866/1603/810 864/1604/809
f 862/1606/807 923/1607/867 864/1605/809
f 864/1605/809 923/1607/867 928/1608/872
f 923/1610/867 862/1611/807 921/1609/866
f 921/1609/866 862/1611/807 859/1612/803
f 859/1613/803 918/1617/861 922/1618/865
f 859/1613/803 922/1618/865 921/1619/866
f 858/1614/802 914/1615/858 859/1613/803
f 859/1613/803 914/1615/858 916/1616/859
f 859/1613/803 916/1616/859 918/1617/861
f 1479/1962/1358 1448/1881/1359 191/1625/1360
f 628/1631/572 626/1632/570 1414/1759/1361
f 1414/1759/1361 626/1632/570 1413/1757/1362
f 630/1635/573 628/1636/572 1414/1760/1361
f 625/1640/568 1412/1755/1363 626/1639/570
f 626/1639/570 1412/1755/1363 1413/1758/1362
f 614/1644/556 1411/1753/1364 625/1643/568
f 625/1643/568 1411/1753/1364 1412/1756/1363
f 613/1648/557 1410/1751/1365 614/1647/556
f 614/1647/556 1410/1751/1365 1411/1754/1364
f 615/1652/558 1409/1749/1366 613/1651/557
f 613/1651/557 1409/1749/1366 1410/1752/1365
f 616/1656/559 1408/1747/1367 615/1655/558
f 615/1655/558 1408/1747/1367 1409/1750/1366
f 639/1659/581 643/1660/586 637/1661/580
f 636/1663/579 1407/1745/1368 616/1662/559
f 616/1662/559 1407/1745/1368 1408/1748/1367
f 636/1666/579 637/1667/580 1407/1746/1368
f 1407/1746/1368 637/1667/580 1406/1743/1369
f 643/1671/586 1405/1741/1370 637/1670/580
f 637/1670/580 1405/1741/1370 1406/1744/1369
f 1480/1964/585 1404/1739/1371 643/1674/586
f 643/1674/586 1404/1739/1371 1405/1742/1370
f 646/1679/589 1403/1737/1372 642/1678/590
f 642/1678/590 1403/1737/1372 1404/1740/1371
f 1481/1717/593 1402/1735/1373 646/1682/589
f 646/1682/589 1402/1735/1373 1403/1738/1372
f 704/1686/649 705/1687/650 664/1689/609
f 664/1689/609 705/1687/650 662/1688/607
f 664/1690/609 666/1691/610 704/1694/649
f 666/1691/610 668/1692/613 704/1694/649
f 704/1694/649 668/1692/613 703/1693/648
f 703/1696/648 668/1697/613 699/1695/644
f 668/1697/613 670/1698/615 699/1695/644
f 699/1695/644 670/1698/615 672/1699/617
f 672/1700/617 674/1701/619 699/1703/644
f 699/1703/644 674/1701/619 700/1702/645
f 674/1704/619 690/1705/635 700/1707/645
f 700/1707/645 690/1705/635 701/1706/646
f 702/1708/647 693/1713/638 1482/1715/642
f 697/697/1374 696/696/641 695/695/640
f 697/697/1374 695/695/640 698/698/643
f 697/697/1374 698/698/643 702/702/647
f 701/1709/646 690/1710/635 702/1714/647
f 702/1714/647 690/1710/635 693/1711/638
f 705/1718/650 706/1719/651 662/1721/607
f 662/1721/607 706/1719/651 654/1720/599
f 654/1722/599 706/1723/651 652/1724/597
f 649/1727/596 652/1728/597 1426/1894/1375
f 652/1728/597 706/1725/651 1426/1894/1375
f 706/1725/651 708/1726/652 1426/1894/1375
f 1402/1736/1373 649/1730/596 1427/1896/1376
f 1427/1896/1376 649/1730/596 1426/1895/1375
f 1415/1762/1377 1402/1736/1373 1428/1897/1378
f 1428/1897/1378 1402/1736/1373 1427/1896/1376
f 1402/1735/1373 1415/1761/1377 1403/1738/1372
f 1403/1738/1372 1415/1761/1377 588/1685/531
f 1404/1740/1371 1403/1737/1372 591/1681/534
f 591/1681/534 1403/1737/1372 588/1680/531
f 1405/1742/1370 1404/1739/1371 593/1677/535
f 593/1677/535 1404/1739/1371 591/1676/534
f 1405/1741/1370 593/1672/535 1406/1744/1369
f 1406/1744/1369 593/1672/535 596/1673/539
f 1407/1746/1368 1406/1743/1369 599/1669/542
f 599/1669/542 1406/1743/1369 596/1668/539
f 1408/1748/1367 1407/1745/1368 601/1665/543
f 601/1665/543 1407/1745/1368 599/1664/542
f 1409/1750/1366 1408/1747/1367 620/1658/562
f 620/1658/562 1408/1747/1367 601/1657/543
f 1409/1749/1366 620/1653/562 1410/1752/1365
f 1410/1752/1365 620/1653/562 619/1654/563
f 1410/1751/1365 619/1649/563 1411/1754/1364
f 1411/1754/1364 619/1649/563 621/1650/564
f 1411/1753/1364 621/1645/564 1412/1756/1363
f 1412/1756/1363 621/1645/564 623/1646/566
f 1412/1755/1363 623/1641/566 1413/1758/1362
f 1413/1758/1362 623/1641/566 634/1642/577
f 1414/1759/1361 1413/1757/1362 633/1634/576
f 633/1634/576 1413/1757/1362 634/1633/577
f 630/1635/573 1414/1760/1361 631/1638/575
f 631/1638/575 1414/1760/1361 633/1637/576
f 539/1729/480 1415/1762/1377 1429/1898/1379
f 1429/1898/1379 1415/1762/1377 1428/1897/1378
f 588/1685/531 1415/1761/1377 539/1684/480
f 565/1764/507 574/1765/517 566/1763/508
f 566/1763/508 574/1765/517 567/1766/510
f 564/1768/506 585/1769/528 565/1767/507
f 565/1767/507 585/1769/528 574/1770/517
f 561/1772/504 584/1773/527 564/1771/506
f 564/1771/506 584/1773/527 585/1774/528
f 558/1776/500 583/1777/526 561/1775/504
f 561/1775/504 583/1777/526 584/1778/527
f 504/1780/447 581/1781/525 558/1779/500
f 558/1779/500 581/1781/525 583/1782/526
f 504/1783/447 1416/1791/1380 581/1786/525
f 581/1786/525 1416/1791/1380 582/1785/524
f 1417/1793/1381 1418/1794/1382 578/1789/520
f 1417/1793/1381 578/1789/520 1416/1792/1380
f 1416/1792/1380 578/1789/520 582/1790/524
f 504/1783/447 1467/1948/446 1416/1791/1380
f 502/1787/444 1417/1793/1381 1416/1792/1380
f 1469/1951/1383 1418/1794/1382 1468/1950/442
f 1417/1793/1381 502/1787/444 1418/1794/1382
f 502/1787/444 1468/1950/442 1418/1794/1382
f 539/1798/480 1419/1799/1384 536/1797/477
f 1430/1900/1385 1419/1799/1384 1429/1899/1379
f 1429/1899/1379 1419/1799/1384 539/1798/480
f 534/1800/476 536/1801/477 1419/1802/1384
f 1430/1901/1385 1431/1902/1386 1419/1808/1384
f 1419/1808/1384 1431/1902/1386 534/1807/476
f 519/1805/460 529/1806/471 1431/1902/1386
f 1431/1902/1386 529/1806/471 534/1807/476
f 1432/1904/1387 514/1811/455 1431/1903/1386
f 1431/1903/1386 514/1811/455 519/1812/460
f 514/1814/455 1432/1905/1387 512/1813/454
f 512/1813/454 1432/1905/1387 1433/1906/1388
f 1433/1907/1388 1434/1908/1389 512/1820/454
f 512/1820/454 1434/1908/1389 488/1819/428
f 489/1821/429 488/1822/428 1435/1910/1390
f 1435/1910/1390 488/1822/428 1434/1909/1389
f 1443/1925/1391 419/1828/359 420/1829/360
f 1439/1919/1392 1440/1920/1393 415/1831/355
f 409/1834/349 411/1830/351 1440/1920/1393
f 411/1830/351 415/1831/355 1440/1920/1393
f 1440/1921/1393 1441/1922/1394 409/1839/349
f 404/1837/343 403/1838/344 1441/1922/1394
f 1441/1922/1394 403/1838/344 409/1839/349
f 405/1840/345 404/1841/343 1442/1924/1395
f 1442/1924/1395 404/1841/343 1441/1923/1394
f 436/1845/376 438/1846/378 1422/1887/1396
f 1423/1890/1397 1425/1893/1398 1422/1888/1396
f 436/1849/376 1422/1888/1396 430/1848/370
f 430/1848/370 1422/1888/1396 1425/1893/1398
f 420/1850/360 430/1851/370 1425/1892/1398
f 1420/1884/1399 1421/1885/1400 1436/1913/1401
f 1421/1885/1400 489/1858/429 1436/1913/1401
f 1436/1913/1401 489/1858/429 1435/1911/1390
f 491/1859/431 490/1860/430 1421/1886/1400
f 1421/1886/1400 490/1860/430 489/1861/429
f 494/1865/434 493/1866/433 457/1867/397
f 472/1868/413 494/1869/434 457/1870/397
f 473/1871/412 472/1872/413 457/1873/397
f 471/1874/410 473/1875/412 457/1876/397
f 469/1877/408 471/1874/410 457/1876/397
f 467/1878/406 469/1877/408 457/1876/397
f 465/1879/405 467/1878/406 457/1876/397
f 459/1880/398 465/1879/405 457/1876/397
f 1420/1883/1399 492/1862/432 1421/1885/1400
f 1421/1885/1400 492/1862/432 491/1859/431
f 1422/1887/1396 438/1846/378 437/1847/377
f 1423/1889/1397 1422/1888/1396 1424/1891/1402
f 1424/1891/1402 1422/1888/1396 437/1856/377
f 1420/1883/1399 1423/1890/1397 1424/1891/1402
f 437/1856/377 457/1864/397 1424/1891/1402
f 1424/1891/1402 457/1864/397 493/1863/433
f 1424/1891/1402 493/1863/433 1420/1883/1399
f 1420/1883/1399 493/1863/433 492/1862/432
f 1436/1912/1401 1437/1915/1403 1423/1890/1397
f 1423/1890/1397 1437/1915/1403 1425/1893/1398
f 1426/1895/1375 708/1731/652 1427/1896/1376
f 1427/1896/1376 708/1731/652 710/1732/655
f 1428/1897/1378 1427/1896/1376 580/1733/656
f 580/1733/656 1427/1896/1376 710/1732/655
f 1429/1898/1379 1428/1897/1378 578/1734/520
f 578/1734/520 1428/1897/1378 580/1733/656
f 1418/1796/1382 1430/1900/1385 578/1795/520
f 578/1795/520 1430/1900/1385 1429/1899/1379
f 1418/1803/1382 1469/1952/1383 1430/1901/1385
f 1430/1901/1385 1469/1952/1383 1431/1902/1386
f 498/1810/438 1432/1904/1387 500/1809/441
f 500/1809/441 1432/1904/1387 1431/1903/1386
f 1432/1905/1387 498/1815/438 1433/1906/1388
f 1433/1906/1388 498/1815/438 495/1816/435
f 354/1818/295 1434/1908/1389 495/1817/435
f 495/1817/435 1434/1908/1389 1433/1907/1388
f 1434/1909/1389 354/1823/295 1435/1910/1390
f 1435/1910/1390 354/1823/295 352/1824/292
f 352/1857/292 1436/1913/1401 1435/1911/1390
f 352/1854/292 350/1855/291 1436/1912/1401
f 1436/1912/1401 350/1855/291 1437/1915/1403
f 1437/1914/1403 350/1852/291 1438/1917/1404
f 1438/1917/1404 350/1852/291 348/1853/289
f 346/1826/286 1439/1918/1392 348/1825/289
f 348/1825/289 1439/1918/1392 1438/1916/1404
f 1440/1920/1393 1439/1919/1392 344/1833/284
f 344/1833/284 1439/1919/1392 346/1832/286
f 341/1836/282 1441/1922/1394 344/1835/284
f 344/1835/284 1441/1922/1394 1440/1921/1393
f 1442/1924/1395 1441/1923/1394 337/1844/279
f 337/1844/279 1441/1923/1394 338/1843/277
f 1441/1923/1394 341/1842/282 338/1843/277
f 1436/1912/1401 1423/1890/1397 1420/1883/1399
f 420/1850/360 1425/1892/1398 1443/1926/1391
f 1425/1892/1398 1437/1914/1403 1443/1926/1391
f 1443/1926/1391 1437/1914/1403 1438/1917/1404
f 1438/1916/1404 1439/1918/1392 1443/1925/1391
f 415/1827/355 419/1828/359 1439/1918/1392
f 1439/1918/1392 419/1828/359 1443/1925/1391
f 1349/1927/1296 1348/1928/1297 1369/1930/1317
f 1369/1930/1317 1348/1928/1297 1358/1929/1306
f 1445/1403/1405 1447/1882/1406 1446/1402/1407
f 1451/1933/1408 1450/1932/159 222/221/160
f 1457/2086/1221 1276/1275/1222 1277/1276/1233
f 1458/1938/1223 1457/1937/1221 1278/1277/1234
f 1278/1277/1234 1457/1937/1221 1277/2095/1233
f 1459/1939/1224 1458/1938/1223 1279/1278/1236
f 1279/1278/1236 1458/1938/1223 1278/1277/1234
f 211/210/1409 1461/1941/1410 1460/1940/1411
f 211/210/1409 1462/1942/1412 1461/1941/1410
f 210/209/1413 1463/1943/1414 211/210/1409
f 211/210/1409 1463/1943/1414 1462/1942/1412
f 204/203/185 1464/1944/1415 210/209/1413
f 210/209/1413 1464/1944/1415 1463/1943/1414
f 502/501/444 1467/1947/446 503/502/443
f 503/502/443 1467/1947/446 505/504/445
f 1416/1791/1380 1467/1948/446 502/1784/444
f 501/500/440 500/499/441 1468/1949/442
f 1469/1951/1383 1468/1950/442 500/1788/441
f 1431/1902/1386 1469/1952/1383 500/1804/441
f 1473/1956/81 94/94/80 95/95/82
f 1475/1958/180 1474/1957/183 242/241/176
f 242/241/176 1474/1957/183 243/242/178
f 241/240/177 1476/1959/181 242/241/176
f 242/241/176 1476/1959/181 1475/1958/180
f 236/235/168 237/236/184 230/229/169
f 230/229/169 237/236/184 1477/1960/170
f 235/234/167 234/233/166 1478/1961/174
f 1480/1963/585 641/641/584 642/642/590
f 1404/1739/1371 1480/1964/585 642/1675/590
f 1481/1965/593 648/648/592 649/649/596
f 1402/1735/1373 1481/1717/593 649/1683/596
f 1482/1716/642 696/696/641 697/697/1374
f 702/1708/647 1482/1715/642 697/1712/1374
f 128/128/115 127/127/114 1485/1968/117
f 194/193/138 193/192/140 1486/1969/141
f 191/191/1416 1487/1970/139 190/190/144
f 190/190/144 1487/1970/139 194/193/138
f 1490/1973/1417 1491/1974/1418 1489/1972/1419
f 1489/1972/1419 1491/1974/1418 1492/1975/1420
f 1491/1974/1418 1493/1976/1421 1492/1975/1420
f 1492/1975/1420 1493/1976/1421 1494/1977/1422
f 1493/1976/1421 1495/2072/1423 1494/1977/1422
f 1494/1977/1422 1495/2072/1423 1496/1979/1424
f 1493/2071/1421 1497/1980/1425 1495/1978/1423
f 1495/1978/1423 1497/1980/1425 1498/1981/1426
f 1497/1980/1425 1499/1982/1427 1498/1981/1426
f 1498/1981/1426 1499/1982/1427 1500/1983/1428
f 1501/1984/1429 1502/1985/1430 1504/1987/1431
f 1504/1987/1431 1502/1985/1430 1503/1986/1432
f 1500/1983/1428 1499/1982/1427 1506/1989/1433
f 1506/1989/1433 1499/1982/1427 1505/1988/1434
f 1507/1990/1435 1508/1991/1436 1505/1988/1434
f 1506/1989/1433 1505/1988/1434 1508/1991/1436
f 1502/1985/1430 1508/1991/1436 1503/1986/1432
f 1503/1986/1432 1508/1991/1436 1507/1990/1435
f 1507/1990/1435 1505/1988/1434 1511/1994/1437
f 1505/1988/1434 1514/1997/1438 1511/1994/1437
f 1521/2004/1439 1514/1997/1438 1499/1982/1427
f 1499/1982/1427 1514/1997/1438 1505/1988/1434
f 1499/1982/1427 1497/1980/1425 1521/2004/1439
f 1497/1980/1425 1522/2005/1440 1521/2004/1439
f 1493/2071/1421 1523/2070/1441 1497/1980/1425
f 1497/1980/1425 1523/2070/1441 1522/2005/1440
f 1493/1976/1421 1491/1974/1418 1523/2006/1441
f 1523/2006/1441 1491/1974/1418 1524/2007/1442
f 1491/1974/1418 1490/1973/1417 1524/2007/1442
f 1524/2007/1442 1490/1973/1417 1525/2008/1443
f 1523/2006/1441 1524/2007/1442 1527/2069/1444
f 1527/2069/1444 1524/2007/1442 1526/2009/1445
f 1527/2010/1444 1528/2011/1446 1523/2070/1441
f 1523/2070/1441 1528/2011/1446 1522/2005/1440
f 1522/2005/1440 1528/2011/1446 1521/2004/1439
f 1521/2004/1439 1528/2011/1446 1529/2012/1447
f 1521/2004/1439 1529/2012/1447 1520/2003/1448
f 1524/2007/1442 1525/2008/1443 1526/2009/1445
f 1526/2009/1445 1525/2008/1443 1530/2013/1449
f 1530/2013/1449 1531/2014/1450 1526/2009/1445
f 1531/2067/1450 1532/2015/1451 1526/2068/1445
f 1526/2068/1445 1532/2015/1451 1527/2010/1444
f 1532/2015/1451 1533/2016/1452 1527/2010/1444
f 1527/2010/1444 1533/2016/1452 1528/2011/1446
f 1533/2016/1452 1534/2017/1453 1528/2011/1446
f 1528/2011/1446 1534/2017/1453 1529/2012/1447
f 1529/2012/1447 1534/2017/1453 1520/2003/1448
f 1520/2003/1448 1534/2017/1453 1535/2018/1454
f 1538/2021/1455 1537/2020/1456 1544/2027/1457
f 1544/2027/1457 1537/2020/1456 1545/2028/1458
f 1548/2031/1459 1549/2032/1460 1546/2029/1461
f 1546/2029/1461 1549/2032/1460 1545/2028/1458
f 1545/2028/1458 1549/2032/1460 1544/2027/1457
f 1550/2033/1462 1551/2034/1463 1547/2030/1464
f 1549/2032/1460 1552/2035/1465 1544/2027/1457
f 1544/2027/1457 1552/2035/1465 1553/2036/1466
f 215/214/1467 217/216/1468 216/215/1469
f 216/215/1469 217/216/1468 218/217/1470
f 216/215/1469 218/217/1470 220/219/158
f 220/219/158 218/217/1470 219/218/1471
f 1455/1630/164 229/228/165 1454/1936/1472
f 1454/1936/1472 229/228/165 230/229/169
f 230/229/169 231/230/171 1454/1936/1472
f 1454/1936/1472 231/230/171 232/231/1473
f 219/218/1471 223/222/1474 220/219/158
f 220/219/158 223/222/1474 1456/1629/161
f 1554/2037/1475 226/225/1476 1555/2038/1477
f 1555/2038/1477 226/225/1476 1471/1954/1478
f 1557/2040/1479 1555/2038/1477 227/226/1480
f 227/226/1480 1555/2038/1477 1471/1954/1478
f 192/1623/1481 1448/1881/1359 1479/1962/1358
f 176/176/137 152/152/135 185/185/1482
f 183/183/1341 184/184/1483 152/152/135
f 184/184/1483 185/185/1482 152/152/135
f 1483/1966/1484 1401/1622/1485 192/1621/1481
f 192/1623/1481 1401/1624/1485 1448/1881/1359
f 186/186/1486 184/184/1483 1559/2042/1487
f 184/1620/1483 1401/1622/1485 1559/2043/1487
f 1560/2044/1488 1559/2043/1487 1401/1622/1485
f 1483/1966/1484 1560/2044/1488 1401/1622/1485
f 184/184/1483 186/186/1486 185/185/1482
f 187/187/150 207/206/156 182/182/1489
f 1536/2019/1490 1538/2021/1455 1540/2023/1491
f 1540/2023/1491 1538/2021/1455 1539/2022/1492
f 1544/2027/1457 1553/2036/1466 1543/2026/1493
f 1543/2026/1493 1539/2022/1492 1544/2027/1457
f 1544/2027/1457 1539/2022/1492 1538/2021/1455
f 1540/2023/1491 1539/2022/1492 1542/2025/1494
f 1542/2025/1494 1539/2022/1492 1562/2047/1495
f 1541/2024/1496 1539/2022/1492 1543/2026/1493
f 1562/2047/1495 1539/2022/1492 1541/2024/1496
f 1398/1398/1497 132/132/1355 1397/1397/1354
f 1397/1397/1354 132/132/1355 133/133/1353
f 132/132/1355 1398/1398/1497 1399/1399/1356
f 1563/2048/1498 1488/1971/1499 1400/1400/1500
f 1488/1971/1499 1398/1398/1497 1400/1400/1500
f 1399/1399/1356 1398/1398/1497 1488/1971/1499
f 151/151/125 153/153/134 154/154/127
f 154/154/127 153/153/134 173/173/1501
f 173/173/1501 153/153/134 174/174/1502
f 178/178/1503 174/174/1502 177/177/136
f 177/177/136 174/174/1502 153/153/134
f 1484/1967/1504 174/174/1502 178/178/1503
f 169/169/131 171/171/133 172/172/1505
f 171/171/133 154/154/127 172/172/1505
f 172/172/1505 154/154/127 173/173/1501
f 172/172/1505 173/173/1501 175/175/1506
f 175/175/1506 173/173/1501 174/174/1502
f 180/180/1507 181/181/1508 1564/2049/1509
f 1564/2049/1509 181/181/1508 179/179/1510
f 175/175/1506 174/174/1502 179/179/1510
f 179/179/1510 174/174/1502 1564/2049/1509
f 1449/1401/1511 1561/2046/1512 179/1628/1510
f 1561/2045/1512 175/1626/1506 179/1627/1510
f 1564/2049/1509 174/174/1502 1484/1967/1504
f 1128/1127/1072 1129/1128/1073 1115/1114/1059
f 1115/1114/1059 1129/1128/1073 1113/1112/1057
f 1520/2003/1448 1515/1998/1513 1521/2004/1439
f 1521/2004/1439 1515/1998/1513 1514/1997/1438
f 1519/2002/1514 1515/1998/1513 1535/2018/1454
f 1535/2018/1454 1515/1998/1513 1520/2003/1448
f 1517/2000/1515 1518/2001/1516 1512/1995/1517
f 1512/1995/1517 1518/2001/1516 1516/1999/1518
f 1504/1987/1431 1503/1986/1432 1510/1993/1519
f 1510/1993/1519 1503/1986/1432 1509/1992/1520
f 1503/1986/1432 1507/1990/1435 1509/1992/1520
f 1509/1992/1520 1507/1990/1435 1511/1994/1437
f 1509/1992/1520 1511/1994/1437 1512/1995/1517
f 1513/1996/1521 1509/1992/1520 1516/1999/1518
f 1516/1999/1518 1509/1992/1520 1512/1995/1517
f 1511/1994/1437 1514/1997/1438 1512/1995/1517
f 1512/1995/1517 1514/1997/1438 1515/1998/1513
f 1517/2000/1515 1512/1995/1517 1519/2002/1514
f 1519/2002/1514 1512/1995/1517 1515/1998/1513
f 1509/1992/1520 1513/1996/1521 1510/1993/1519
f 201/200/152 203/202/1522 202/201/153
f 202/201/153 203/202/1522 204/203/185
f 196/195/143 208/207/1523 200/199/151
f 200/199/151 208/207/1523 209/208/1524
f 200/199/151 209/208/1524 201/200/152
f 201/200/152 209/208/1524 203/202/1522
f 195/194/142 213/212/1525 196/195/143
f 196/195/143 213/212/1525 208/207/1523
f 1566/2051/1526 214/213/1527 1565/2050/1528
f 1565/2050/1528 214/213/1527 212/211/1529
f 214/213/1527 215/214/1467 212/211/1529
f 212/211/1529 215/214/1467 216/215/1469
f 220/219/158 221/220/157 216/215/1469
f 216/215/1469 221/220/157 212/211/1529
f 1465/1945/1530 1464/1944/1415 203/202/1522
f 203/202/1522 1464/1944/1415 204/203/185
f 203/202/1522 209/208/1524 1465/1945/1530
f 1465/1945/1530 209/208/1524 1466/1946/1531
f 1466/1946/1531 209/208/1524 1565/2050/1528
f 1565/2050/1528 209/208/1524 208/207/1523
f 1565/2050/1528 208/207/1523 1566/2051/1526
f 1566/2051/1526 208/207/1523 213/212/1525
f 1377/1376/1339 1391/1375/1338 1122/1121/1067
f 1392/1391/1532 1377/1376/1339 1122/1121/1067
f 1392/1391/1532 1444/1931/1340 1377/1376/1339
f 223/222/1474 219/218/1471 1453/1935/1533
f 1453/1935/1533 219/218/1471 1452/1934/1534
f 1453/1935/1533 1452/1934/1534 224/223/1535
f 218/217/1470 225/224/1536 219/218/1471
f 219/218/1471 225/224/1536 1452/1934/1534
f 217/216/1468 226/225/1476 218/217/1470
f 218/217/1470 226/225/1476 225/224/1536
f 225/224/1536 1567/2052/1537 1452/1934/1534
f 1452/1934/1534 1567/2052/1537 224/223/1535
f 1558/2041/1538 225/224/1536 1554/2037/1475
f 1554/2037/1475 225/224/1536 226/225/1476
f 1567/2052/1539 225/224/1536 1558/2041/1538
f 1470/1953/1540 1556/2039/1541 228/227/1542
f 1556/2039/1541 1557/2040/1479 228/227/1542
f 1557/2040/1479 227/226/1480 228/227/1542
f 146/146/1543 147/147/120 1395/1394/1544
f 1395/1394/1544 147/147/120 1394/1393/122
f 149/149/1545 148/148/124 156/156/1546
f 156/156/1546 148/148/124 155/155/126
f 1568/2053/1547 1569/2054/1548 156/156/1546
f 156/156/1546 1569/2054/1548 149/149/1545
f 1571/2056/1549 146/146/1543 1570/2055/1550
f 1570/2055/1550 146/146/1543 1395/1394/1544
f 1568/2053/1547 156/156/1546 1572/2057/1551
f 1572/2057/1551 156/156/1546 160/160/1552
f 156/156/1546 155/155/126 160/160/1552
f 160/160/1552 155/155/126 162/162/132
f 160/160/1552 162/162/132 164/164/1553
f 164/164/1553 162/162/132 163/163/129
f 1572/2057/1551 160/160/1552 1573/2058/1554
f 1573/2058/1554 160/160/1552 164/164/1553
f 1574/2059/1555 1573/2058/1554 166/166/1556
f 166/166/1556 1573/2058/1554 164/164/1553
f 163/163/129 168/168/128 164/164/1553
f 164/164/1553 168/168/128 166/166/1556
f 1394/1393/122 148/148/124 1395/1394/1544
f 1395/1394/1544 148/148/124 149/149/1545
f 1569/2054/1548 1570/2055/1550 149/149/1545
f 149/149/1545 1570/2055/1550 1395/1394/1544
f 1573/2058/1557 1574/2059/1558 165/165/1559
f 165/165/1559 1574/2059/1558 167/167/1560
f 1573/2058/1557 165/165/1559 1572/2057/1561
f 1572/2057/1561 165/165/1559 161/161/1562
f 1572/2057/1561 161/161/1562 1568/2053/1563
f 1568/2053/1563 161/161/1562 157/157/1564
f 1569/2054/1565 1568/2053/1563 158/158/1566
f 158/158/1566 1568/2053/1563 157/157/1564
f 1569/2054/1565 158/158/1566 1570/2055/1567
f 1570/2055/1567 158/158/1566 1396/1395/1568
f 1570/2055/1567 1396/1395/1568 1571/2056/1569
f 1571/2056/1569 1396/1395/1568 159/159/1570
f 1/1/1571 2/2/1 4/4/1572
f 4/4/1572 2/2/1 3/3/3
f 3/3/3 25/25/23 4/4/1572
f 4/4/1572 25/25/23 26/26/1573
f 1576/2061/1574 1/1/1571 1575/2060/1575
f 1575/2060/1575 1/1/1571 4/4/1572
f 1575/2060/1575 4/4/1572 1577/2062/1576
f 1577/2062/1576 4/4/1572 26/26/1573
f 1577/2062/1576 26/26/1573 1578/2063/1577
f 1578/2063/1577 26/26/1573 30/30/1578
f 26/26/1573 25/25/23 30/30/1578
f 30/30/1578 25/25/23 32/32/24
f 61/61/53 62/62/1579 32/32/24
f 32/32/24 62/62/1579 30/30/1578
f 1578/2063/1577 30/30/1578 1579/2064/1580
f 1579/2064/1580 30/30/1578 62/62/1579
f 62/62/1579 61/61/53 65/65/1581
f 65/65/1581 61/61/53 64/64/54
f 1579/2064/1580 62/62/1579 1580/2065/1582
f 1580/2065/1582 62/62/1579 65/65/1581
f 1580/2065/1582 65/65/1581 1581/2066/1583
f 1581/2066/1583 65/65/1581 67/67/1584
f 65/65/1581 64/64/54 67/67/1584
f 67/67/1584 64/64/54 69/69/57
f 1581/2066/1585 68/68/1586 1580/2065/1587
f 1580/2065/1587 68/68/1586 66/66/1588
f 1580/2065/1587 66/66/1588 1579/2064/1589
f 1579/2064/1589 66/66/1588 63/63/1590
f 1579/2064/1589 63/63/1590 1578/2063/1591
f 1578/2063/1591 63/63/1590 31/31/1592
f 1578/2063/1591 31/31/1592 1577/2062/1593
f 1577/2062/1593 31/31/1592 29/29/1594
f 1575/2060/1595 1577/2062/1593 27/27/1596
f 27/27/1596 1577/2062/1593 29/29/1594
f 1575/2060/1595 27/27/1596 1576/2061/1597
f 1576/2061/1597 27/27/1596 28/28/1598
f 1582/2100/1599 1583/2101/1600 1585/2103/1601
f 1585/2103/1601 1583/2101/1600 1584/2102/1602
f 1586/2104/1603 1587/2105/1604 1589/2107/1605
f 1589/2107/1605 1587/2105/1604 1588/2106/1606
f 1590/2108/1607 1591/2109/1608 1593/2111/1609
f 1593/2111/1609 1591/2109/1608 1592/2110/1610
f 1594/2112/1611 1595/2113/1612 1597/2115/1613
f 1597/2115/1613 1595/2113/1612 1596/2114/1614
f 1598/2116/1615 1599/2117/1616 1601/2119/1617
f 1601/2119/1617 1599/2117/1616 1600/2118/1618
f 1602/2120/1619 1603/2121/1620 1605/2123/1621
f 1605/2123/1621 1603/2121/1620 1604/2122/1622
f 1606/2124/1623 1607/2125/1624 1609/2127/1625
f 1609/2127/1625 1607/2125/1624 1608/2126/1626
f 1610/2128/1627 1611/2129/1628 1613/2131/1629
f 1613/2131/1629 1611/2129/1628 1612/2130/1630
f 1614/2132/1631 1615/2133/1632 1617/2135/1633
f 1617/2135/1633 1615/2133/1632 1616/2134/1634
f 1618/2136/1635 1619/2137/1636 1621/2139/1637
f 1621/2139/1637 1619/2137/1636 1620/2138/1638
f 1622/2140/1639 1623/2141/1640 1625/2143/1641
f 1625/2143/1641 1623/2141/1640 1624/2142/1642
f 1626/2144/1643 1627/2145/1644 1629/2147/1645
f 1629/2147/1645 1627/2145/1644 1628/2146/1646
f 1630/2148/1647 1631/2149/1648 1633/2151/1649
f 1633/2151/1649 1631/2149/1648 1632/2150/1650
f 1634/2152/1651 1635/2153/1652 1637/2155/1653
f 1637/2155/1653 1635/2153/1652 1636/2154/1654
f 1638/2156/1655 1639/2157/1656 1641/2159/1657
f 1641/2159/1657 1639/2157/1656 1640/2158/1658
f 1642/2160/1659 1643/2161/1660 1645/2163/1661
f 1645/2163/1661 1643/2161/1660 1644/2162/1662
f 1646/2164/1663 1647/2165/1664 1649/2167/1665
f 1649/2167/1665 1647/2165/1664 1648/2166/1666
f 1650/2168/1667 1651/2169/1668 1653/2171/1669
f 1653/2171/1669 1651/2169/1668 1652/2170/1670
f 1654/2172/1671 1655/2173/1672 1657/2175/1673
f 1657/2175/1673 1655/2173/1672 1656/2174/1674
f 1658/2176/1675 1659/2177/1676 1661/2179/1677
f 1661/2179/1677 1659/2177/1676 1660/2178/1678
f 1662/2180/1679 1663/2181/1680 1665/2183/1681
f 1665/2183/1681 1663/2181/1680 1664/2182/1682
f 1666/2184/1683 1667/2185/1684 1669/2187/1685
f 1669/2187/1685 1667/2185/1684 1668/2186/1686
f 1670/2188/1687 1671/2189/1688 1673/2191/1689
f 1673/2191/1689 1671/2189/1688 1672/2190/1690
f 1674/2192/1691 1675/2193/1692 1677/2195/1693
f 1677/2195/1693 1675/2193/1692 1676/2194/1694
f 1678/2196/1695 1679/2197/1696 1681/2199/1697
f 1681/2199/1697 1679/2197/1696 1680/2198/1698
f 1682/2200/1699 1683/2201/1700 1685/2203/1701
f 1685/2203/1701 1683/2201/1700 1684/2202/1702
f 1686/2204/1703 1687/2205/1704 1689/2207/1705
f 1689/2207/1705 1687/2205/1704 1688/2206/1706
f 1690/2208/1707 1691/2209/1708 1693/2211/1709
f 1693/2211/1709 1691/2209/1708 1692/2210/1710
f 1694/2212/1711 1695/2213/1712 1697/2215/1713
f 1697/2215/1713 1695/2213/1712 1696/2214/1714
f 1698/2216/1715 1699/2217/1716 1701/2219/1717
f 1701/2219/1717 1699/2217/1716 1700/2218/1718
f 1702/2220/1719 1703/2221/1720 1705/2223/1721
f 1705/2223/1721 1703/2221/1720 1704/2222/1722
f 1706/2224/1723 1707/2225/1724 1709/2227/1725
f 1709/2227/1725 1707/2225/1724 1708/2226/1726
f 1710/2228/1727 1711/2229/1728 1713/2231/1729
f 1713/2231/1729 1711/2229/1728 1712/2230/1730
f 1714/2232/1731 1715/2233/1732 1717/2235/1733
f 1717/2235/1733 1715/2233/1732 1716/2234/1734
f 1718/2236/1735 1719/2237/1736 1721/2239/1737
f 1721/2239/1737 1719/2237/1736 1720/2238/1738
f 1722/2240/1739 1723/2241/1740 1725/2243/1741
f 1725/2243/1741 1723/2241/1740 1724/2242/1742
f 1726/2244/1743 1727/2245/1744 1729/2247/1745
f 1729/2247/1745 1727/2245/1744 1728/2246/1746
f 1730/2248/1747 1731/2249/1748 1733/2251/1749
f 1733/2251/1749 1731/2249/1748 1732/2250/1750
f 1734/2252/1751 1735/2253/1752 1737/2255/1753
f 1737/2255/1753 1735/2253/1752 1736/2254/1754
f 1738/2256/1755 1739/2257/1756 1741/2259/1757
f 1741/2259/1757 1739/2257/1756 1740/2258/1758
f 1742/2260/1759 1743/2261/1760 1745/2263/1761
f 1745/2263/1761 1743/2261/1760 1744/2262/1762
f 1746/2264/1763 1747/2265/1764 1749/2267/1765
f 1749/2267/1765 1747/2265/1764 1748/2266/1766
f 1750/2268/1767 1751/2269/1768 1753/2271/1769
f 1753/2271/1769 1751/2269/1768 1752/2270/1770
f 1754/2272/1771 1755/2273/1772 1757/2275/1773
f 1757/2275/1773 1755/2273/1772 1756/2274/1774
f 1758/2276/1775 1759/2277/1776 1761/2279/1777
f 1761/2279/1777 1759/2277/1776 1760/2278/1778
f 1762/2280/1779 1763/2281/1780 1765/2283/1781
f 1765/2283/1781 1763/2281/1780 1764/2282/1782
f 1766/2284/1783 1767/2285/1784 1769/2287/1785
f 1769/2287/1785 1767/2285/1784 1768/2286/1786
f 1770/2288/1787 1771/2289/1788 1773/2291/1789
f 1773/2291/1789 1771/2289/1788 1772/2290/1790
f 1774/2292/1791 1775/2293/1792 1777/2295/1793
f 1777/2295/1793 1775/2293/1792 1776/2294/1794
f 1778/2296/1795 1779/2297/1796 1781/2299/1797
f 1781/2299/1797 1779/2297/1796 1780/2298/1798
f 1782/2300/1799 1783/2301/1800 1785/2303/1801
f 1785/2303/1801 1783/2301/1800 1784/2302/1802
f 1786/2304/1803 1787/2305/1804 1789/2307/1805
f 1789/2307/1805 1787/2305/1804 1788/2306/1806
f 1790/2308/1807 1791/2309/1808 1793/2311/1809
f 1793/2311/1809 1791/2309/1808 1792/2310/1810
f 1794/2312/1811 1795/2313/1812 1797/2315/1813
f 1797/2315/1813 1795/2313/1812 1796/2314/1814
f 1798/2316/1815 1799/2317/1816 1801/2319/1817
f 1801/2319/1817 1799/2317/1816 1800/2318/1818
f 1802/2320/1819 1803/2321/1820 1805/2323/1821
f 1805/2323/1821 1803/2321/1820 1804/2322/1822
f 1806/2324/1823 1807/2325/1824 1809/2327/1825
f 1809/2327/1825 1807/2325/1824 1808/2326/1826
f 1810/2328/1827 1811/2329/1828 1813/2331/1829
f 1813/2331/1829 1811/2329/1828 1812/2330/1830
f 1814/2332/1831 1815/2333/1832 1817/2335/1833
f 1817/2335/1833 1815/2333/1832 1816/2334/1834
f 1818/2336/1835 1819/2337/1836 1821/2339/1837
f 1821/2339/1837 1819/2337/1836 1820/2338/1838
f 1822/2340/1839 1823/2341/1840 1825/2343/1841
f 1825/2343/1841 1823/2341/1840 1824/2342/1842
f 1826/2344/1843 1827/2345/1844 1829/2347/1845
f 1829/2347/1845 1827/2345/1844 1828/2346/1846
f 1830/2348/1847 1831/2349/1848 1833/2351/1849
f 1833/2351/1849 1831/2349/1848 1832/2350/1850
f 1834/2352/1851 1835/2353/1852 1837/2355/1853
f 1837/2355/1853 1835/2353/1852 1836/2354/1854
f 1838/2356/1855 1839/2357/1856 1841/2359/1857
f 1841/2359/1857 1839/2357/1856 1840/2358/1858
f 1842/2360/1859 1843/2361/1860 1845/2363/1861
f 1845/2363/1861 1843/2361/1860 1844/2362/1862
f 1846/2364/1863 1847/2365/1864 1849/2367/1865
f 1849/2367/1865 1847/2365/1864 1848/2366/1866
f 1850/2368/1867 1851/2369/1868 1853/2371/1869
f 1853/2371/1869 1851/2369/1868 1852/2370/1870
f 1854/2372/1871 1855/2373/1872 1857/2375/1873
f 1857/2375/1873 1855/2373/1872 1856/2374/1874
f 1858/2376/1875 1859/2377/1876 1861/2379/1877
f 1861/2379/1877 1859/2377/1876 1860/2378/1878
f 1862/2380/1879 1863/2381/1880 1865/2383/1881
f 1865/2383/1881 1863/2381/1880 1864/2382/1882
f 1866/2384/1883 1867/2385/1884 1869/2387/1885
f 1869/2387/1885 1867/2385/1884 1868/2386/1886
f 1870/2388/1887 1871/2389/1888 1873/2391/1889
f 1873/2391/1889 1871/2389/1888 1872/2390/1890
f 1874/2392/1891 1875/2393/1892 1877/2395/1893
f 1877/2395/1893 1875/2393/1892 1876/2394/1894
f 1878/2396/1895 1879/2397/1896 1881/2399/1897
f 1881/2399/1897 1879/2397/1896 1880/2398/1898
f 1882/2400/1899 1883/2401/1900 1885/2403/1901
f 1885/2403/1901 1883/2401/1900 1884/2402/1902
f 1886/2404/1903 1887/2405/1904 1889/2407/1905
f 1889/2407/1905 1887/2405/1904 1888/2406/1906
f 1890/2408/1907 1891/2409/1908 1893/2411/1909
f 1893/2411/1909 1891/2409/1908 1892/2410/1910
f 1894/2412/1911 1895/2413/1912 1897/2415/1913
f 1897/2415/1913 1895/2413/1912 1896/2414/1914
f 1898/2416/1915 1899/2417/1916 1901/2419/1917
f 1901/2419/1917 1899/2417/1916 1900/2418/1918
f 1902/2420/1919 1903/2421/1920 1905/2423/1921
f 1905/2423/1921 1903/2421/1920 1904/2422/1922
f 1906/2424/1923 1907/2425/1924 1909/2427/1925
f 1909/2427/1925 1907/2425/1924 1908/2426/1926
f 1910/2428/1927 1911/2429/1928 1913/2431/1929
f 1913/2431/1929 1911/2429/1928 1912/2430/1930
f 1914/2432/1931 1915/2433/1932 1917/2435/1933
f 1917/2435/1933 1915/2433/1932 1916/2434/1934
f 1918/2436/1935 1919/2437/1936 1921/2439/1937
f 1921/2439/1937 1919/2437/1936 1920/2438/1938
f 1922/2440/1939 1923/2441/1940 1925/2443/1941
f 1925/2443/1941 1923/2441/1940 1924/2442/1942
f 1926/2444/1943 1927/2445/1944 1929/2447/1945
f 1929/2447/1945 1927/2445/1944 1928/2446/1946
f 1930/2448/1947 1931/2449/1948 1933/2451/1949
f 1933/2451/1949 1931/2449/1948 1932/2450/1950
f 1934/2452/1951 1935/2453/1952 1937/2455/1953
f 1937/2455/1953 1935/2453/1952 1936/2454/1954
f 1938/2456/1955 1939/2457/1956 1941/2459/1957
f 1941/2459/1957 1939/2457/1956 1940/2458/1958
f 1942/2460/1959 1943/2461/1960 1945/2463/1961
f 1945/2463/1961 1943/2461/1960 1944/2462/1962
f 1946/2464/1963 1947/2465/1964 1949/2467/1965
f 1949/2467/1965 1947/2465/1964 1948/2466/1966
f 1950/2468/1967 1951/2469/1968 1953/2471/1969
f 1953/2471/1969 1951/2469/1968 1952/2470/1970
f 1954/2472/1971 1955/2473/1972 1957/2475/1973
f 1957/2475/1973 1955/2473/1972 1956/2474/1974
f 1958/2476/1975 1959/2477/1976 1961/2479/1977
f 1961/2479/1977 1959/2477/1976 1960/2478/1978
f 1962/2480/1979 1963/2481/1980 1965/2483/1981
f 1965/2483/1981 1963/2481/1980 1964/2482/1982
f 1966/2484/1983 1967/2485/1984 1969/2487/1985
f 1969/2487/1985 1967/2485/1984 1968/2486/1986
f 1970/2488/1987 1971/2489/1988 1973/2491/1989
f 1973/2491/1989 1971/2489/1988 1972/2490/1990
f 1974/2492/1991 1975/2493/1992 1977/2495/1993
f 1977/2495/1993 1975/2493/1992 1976/2494/1994
f 1978/2496/1995 1979/2497/1996 1981/2499/1997
f 1981/2499/1997 1979/2497/1996 1980/2498/1998
f 1982/2500/1999 1983/2501/2000 1985/2503/2001
f 1985/2503/2001 1983/2501/2000 1984/2502/2002
f 1986/2504/2003 1987/2505/2004 1989/2507/2005
f 1989/2507/2005 1987/2505/2004 1988/2506/2006
f 1195/1194/1139 1990/2508/1140 1192/1191/1136
f 1192/1191/1136 1990/2508/1140 1190/1189/1135
