# This file uses centimeters as units for non-parametric coordinates.

v -6.758904 -2.136858 -7.606242
v -7.122643 -0.122496 -6.929081
v -7.838390 0.118268 -6.948170
v -7.876402 -2.142913 -7.709748
v -7.752040 1.928126 -7.340448
v -7.928745 1.804596 -7.051224
v -7.960842 2.858767 -7.213743
v -8.468300 3.131838 -6.928037
v -8.202880 3.457176 -7.195876
v -8.701611 3.751956 -7.012457
v -8.417935 3.934298 -7.259335
v -9.076570 4.006231 -7.157736
v -8.757588 4.178274 -7.312064
v -9.234601 4.557647 -6.923834
v -9.036444 4.716472 -7.225090
v -9.468128 4.919132 -6.885626
v -9.328356 5.033749 -7.091840
v -9.632388 5.234282 -6.639621
v -9.951969 4.721057 -6.600282
v -9.958143 4.259528 -7.031495
v -9.858462 3.990058 -6.864067
v -9.781738 3.499748 -7.072361
v -9.659286 2.879210 -7.153775
v -9.203815 2.181615 -6.636322
v -9.020552 -0.470650 -7.096038
v -9.069004 -1.877812 -7.835582
v -7.523532 -9.533493 -7.682426
v -6.431378 -9.612730 -7.863317
v -9.070261 -9.603870 -7.988146
v -9.506278 -1.561309 -7.886175
v -10.437047 -9.537436 -7.348730
v -9.426598 -0.206678 -6.946298
v -9.498287 2.119186 -6.638206
v -9.941446 2.773296 -7.120932
v -10.125384 3.522100 -6.931353
v -10.155272 3.990938 -6.789363
v -10.193624 4.238810 -6.918168
v -10.170031 4.658013 -6.502656
v -10.530192 3.795126 -6.874194
v -10.434393 3.364785 -6.869405
v -10.760457 3.745955 -6.723388
v -10.603294 3.247814 -6.913518
v -10.639450 4.226157 -6.748385
v -10.956452 4.142576 -6.543730
v -10.630965 5.026574 -6.125799
v -11.054020 4.742082 -6.353463
v -10.804666 5.434650 -6.436755
v -11.258853 5.023170 -6.451159
v -10.276818 5.464219 -6.411045
v -10.043592 5.399921 -6.324898
v -9.583530 5.537222 -6.835371
v -9.817163 5.790470 -6.503877
v -10.145041 5.748797 -6.436777
v -10.379195 5.728151 -6.464840
v -10.772495 5.733095 -6.563444
v -10.990631 5.989537 -6.574815
v -11.163464 5.712830 -6.481306
v -11.592974 5.252838 -6.309409
v -10.281282 2.501835 -7.132318
v -10.329921 2.071019 -6.930519
v -10.379131 0.181713 -6.799421
v -10.475366 -1.029521 -7.222071
v -11.237738 -9.508408 -7.825420
v -10.725885 0.816769 -6.821820
v -11.027344 -0.287249 -7.158199
v -11.775708 -9.479397 -7.093802
v -11.435053 0.594549 -7.666037
v -12.400515 -3.294573 -8.021810
v -11.058120 1.239505 -7.112935
v -10.534818 2.222519 -6.839431
v -10.439104 2.545425 -7.038730
v -10.743171 2.067672 -7.014387
v -10.646450 2.372385 -7.078009
v -9.614384 5.974432 -6.674802
v -9.893685 6.322630 -6.263698
v -9.679668 6.566078 -6.427788
v -9.996424 6.502487 -6.580895
v -8.705522 6.739115 -6.243508
v -9.135063 7.061122 -5.390228
v -10.299737 6.217318 -6.460785
v -10.509671 6.193089 -6.448222
v -10.402908 6.674250 -6.539778
v -10.653647 6.568202 -6.625934
v -11.145613 6.437632 -6.670280
v -9.853713 6.950344 -5.837709
v -10.146902 6.929523 -6.018517
v -10.824662 6.861117 -6.085319
v -9.275352 7.125372 -5.399585
v -11.609562 6.143925 -6.659672
v -11.798140 5.888358 -6.242573
v -11.891668 5.554769 -6.282583
v -11.579580 6.840700 -6.057010
v -12.093100 6.614577 -6.244806
v -12.344925 6.145866 -5.936430
v -12.474388 5.771386 -6.024913
v -12.641097 6.466658 -5.806405
v -12.772583 6.180702 -6.212688
v -12.530621 6.765023 -6.140697
v -11.349234 7.103956 -5.679243
v -11.901817 7.104933 -5.666095
v -12.276463 7.340212 -5.900129
v -12.363352 7.990938 -6.416368
v -12.360014 7.941748 -6.051544
v -12.577326 7.658337 -6.039019
v -12.872801 7.341752 -5.988072
v -13.061395 7.064973 -5.989756
v -13.175302 6.796399 -6.229887
v -13.349966 7.475085 -6.577619
v -13.052159 7.726046 -6.089503
v -12.784714 8.042305 -6.140814
v -12.560161 8.148274 -6.064486
v -12.461542 7.944084 -6.467602
v -12.340805 8.751326 -6.574087
v -12.580168 8.575812 -6.247578
v -13.074834 8.215111 -6.335192
v -13.433153 7.947347 -6.512439
v -12.050833 9.548468 -6.674082
v -12.272006 9.463372 -6.317355
v -12.736707 9.110343 -6.346903
v -13.217216 8.815495 -6.618128
v -12.082041 10.470142 -6.208021
v -11.936694 10.372260 -6.609154
v -12.540928 10.048053 -6.483746
v -12.150493 10.846241 -6.182105
v -12.385598 10.608378 -6.413539
v -12.054377 10.778120 -6.583135
v -12.191849 11.102776 -6.626555
v -12.169553 11.157762 -6.211274
v -12.401617 10.896649 -6.418219
v -12.362479 11.431815 -6.341104
v -12.494035 11.234825 -6.517422
v -8.259733 7.243043 -5.164631
v -8.242592 7.990805 -5.075557
v -8.777935 7.990785 -5.052820
v -8.827147 7.228765 -5.028543
v -7.587150 7.532053 -5.250429
v -7.788782 7.990865 -5.106324
v -7.386892 7.990794 -5.237072
v -7.533669 7.990926 -5.124284
v -7.223701 7.991538 -5.468219
v -7.470239 7.991139 -5.436417
v -7.439601 8.010341 -5.985820
v -7.649008 7.998736 -5.984395
v -9.303240 7.990735 -5.027056
v -9.194491 7.201380 -5.022887
v -9.443959 7.990705 -5.017334
v -9.462169 7.235368 -5.034827
v -9.810256 7.990725 -5.016046
v -9.779893 7.318266 -5.030016
v -10.168280 7.990715 -5.011294
v -10.192059 7.388696 -5.105190
v -10.561715 7.990726 -5.012526
v -10.569503 7.249234 -5.145191
v -10.829273 7.990746 -4.988303
v -10.920622 7.311366 -5.071231
v -11.390346 7.990710 -5.184446
v -11.243355 7.362916 -5.105078
v -11.829321 7.990731 -5.413766
v -11.641039 7.453319 -5.230092
v -12.048502 7.990772 -5.408591
v -12.107033 7.616562 -5.369285
v -12.267085 7.990873 -5.689759
v -12.407537 7.619329 -5.808940
v -8.845572 7.990948 -5.410638
v -9.356758 7.990887 -5.380582
v -8.272968 7.990964 -5.387787
v -7.919707 7.990973 -5.405068
v -7.716779 7.990973 -5.410896
v -7.982570 7.990893 -5.987103
v -8.282161 7.990904 -5.981106
v -8.603597 7.990904 -5.971771
v -9.167967 7.990852 -5.915455
v -9.829082 7.990867 -5.365204
v -10.263063 7.990897 -5.366392
v -10.665277 7.990804 -5.505931
v -10.937038 7.990813 -5.479163
v -11.313538 7.990834 -5.488491
v -11.512756 7.990855 -5.511949
v -11.945482 7.990844 -5.728627
v -12.292416 7.990929 -6.474217
v -11.801663 7.990613 -5.977101
v -11.043520 7.990988 -5.705460
v -11.356428 7.990968 -5.708231
v -10.769751 7.990958 -5.728026
v -10.422920 7.990949 -5.787372
v -9.967158 7.991031 -5.808069
v -9.596368 7.990411 -5.843948
v -8.919978 7.990516 -6.470456
v -9.413287 7.991015 -6.470440
v -9.936742 7.991031 -6.470463
v -10.286360 7.991001 -6.470523
v -10.721177 7.990719 -6.470475
v -11.082780 7.991135 -6.470479
v -11.360283 7.991112 -6.471888
v -11.666326 7.991025 -6.472752
v -11.851673 7.990954 -6.188941
v -8.550934 7.990812 -6.470458
v -8.163195 7.990848 -6.470465
v -7.722566 7.991152 -6.470118
v 2.026952 -2.331410 -7.325351
v 1.598524 -0.766601 -7.622039
v 0.681157 -1.094181 -7.169457
v 1.240836 -2.475381 -6.696304
v 1.266561 2.122029 -6.566718
v -0.138097 2.145129 -6.250231
v 1.050354 3.958347 -5.950835
v -0.509212 3.583709 -6.006659
v -1.637222 1.809465 -6.272467
v -1.510619 -1.361861 -6.570087
v -1.289900 -2.772305 -6.663975
v -1.263670 -11.369896 -7.001653
v 1.210901 -11.280172 -6.798038
v 2.088930 -11.393426 -8.257776
v -2.974735 -2.690742 -6.939446
v -2.780622 -11.338673 -6.640257
v -3.111881 -1.158182 -7.010492
v -3.953223 -0.603461 -7.504683
v -4.124817 -1.997334 -7.122524
v -4.018491 -11.205133 -6.968264
v -4.653889 -2.288508 -7.964672
v -4.689553 -11.266358 -7.998339
v -4.544330 -0.793902 -7.831116
v -3.766764 0.768990 -7.599957
v -4.250948 0.369694 -7.704353
v -2.771812 0.299183 -6.736821
v -3.133596 2.109925 -7.021430
v -1.965735 3.219560 -6.054437
v -2.403751 3.945605 -5.867929
v -2.998237 4.130507 -6.493567
v 1.034210 4.548685 -4.896789
v -0.431480 4.418200 -4.906135
v -2.064920 4.743060 -4.812718
v -3.198173 4.547044 -5.673103
v 0.978414 4.908961 -4.953050
v -0.470492 4.910679 -4.840447
v -2.079412 4.953764 -4.766844
v -0.483535 4.910058 -5.500988
v -1.899114 4.953650 -5.445146
v -3.008858 4.938947 -5.156677
v -2.358334 4.938907 -5.492729
v -3.192594 4.938934 -5.626204
v -2.795953 4.938906 -6.244337
v 0.567622 4.910965 -5.554012
v 1.438025 3.767026 -6.417617
v 1.441483 3.935107 -6.376972
v 1.561563 4.653970 -5.098882
v 1.504593 4.908913 -5.131233
v 1.861839 4.723434 -5.221013
v 1.827884 4.897476 -5.236115
v 1.255228 4.910965 -5.487784
v 1.575850 4.911013 -5.449750
v 1.976567 4.908435 -5.606946
v 1.615805 4.910965 -5.669368
v 2.031578 4.824546 -5.608540
v 0.828919 4.910965 -5.869732
v 0.357678 4.910965 -5.838760
v -0.529864 4.909390 -5.899428
v -1.628938 4.953942 -5.851746
v -2.084857 4.954420 -5.952823
v -0.608233 4.911204 -6.138599
v -1.404488 4.954110 -6.114662
v -0.087647 4.910965 -6.180830
v 0.467597 4.910917 -6.374470
v 1.322753 4.910965 -6.171169
v 1.893755 4.905477 -5.814051
v 2.012172 4.849834 -5.677810
v 0.364352 5.849802 -7.146203
v -0.048878 6.143852 -6.601981
v 0.634271 6.397821 -7.081526
v 0.166956 7.230966 -6.205570
v -0.594911 6.364159 -6.257747
v -1.241005 6.365980 -6.230906
v -2.141870 6.290643 -6.247833
v -0.539543 7.376019 -5.899980
v -1.196743 7.453510 -5.859686
v -2.115277 6.991409 -6.616542
v -1.465362 8.309429 -6.166635
v -2.345346 7.866745 -6.919436
v -2.547315 6.747393 -7.114769
v -2.748787 6.125299 -6.636553
v -2.749221 5.389401 -6.273224
v 0.208445 8.112082 -5.899347
v -0.605705 8.383190 -6.059490
v -0.455020 9.350906 -4.890840
v -1.229699 9.350494 -4.598360
v -2.130736 9.403343 -4.538393
v -2.720931 9.404443 -4.548865
v -2.767718 8.573512 -6.559305
v -2.928501 9.405315 -4.652483
v -3.275244 8.718731 -6.266918
v -3.416795 9.403766 -6.062322
v 0.109824 9.220333 -5.860115
v 0.762575 7.651896 -6.861488
v 0.645547 8.879269 -6.467286
v 0.791912 9.821539 -6.306247
v 0.058439 9.888506 -6.125195
v 0.752338 10.842259 -6.227591
v 0.020669 10.805939 -6.300154
v -0.755109 10.922497 -6.345771
v -0.827564 9.857172 -6.073142
v -0.768277 9.356747 -6.200600
v -1.570847 9.359118 -5.997915
v -2.220578 9.404366 -6.168037
v -2.737191 9.404379 -6.167310
v -3.167006 9.404457 -6.167233
v -1.490615 9.771262 -6.448629
v -1.054327 10.906658 -6.584433
v -0.957209 12.363926 -6.662565
v -0.135745 12.173719 -5.739741
v 0.707644 12.151508 -6.105682
v 0.468144 12.656231 -5.075815
v -0.495146 12.655869 -5.115006
v 1.043000 12.199605 -6.105887
v 0.940964 12.657470 -5.041841
v 1.268468 12.235776 -6.105894
v 1.460433 12.656057 -5.596630
v -0.767012 12.713560 -6.182124
v 0.336495 12.657436 -6.022690
v -0.077992 12.657475 -6.306280
v 0.752290 12.656260 -6.112684
v 1.262793 12.656240 -6.095228
v -0.356262 13.566032 -6.219435
v -0.896682 13.529221 -6.221313
v -1.435931 13.172037 -6.555743
v -1.212449 12.684456 -6.639829
v 0.007135 13.542877 -6.441076
v -0.034939 14.400932 -6.639554
v -0.386522 14.497993 -6.414558
v -0.911955 14.461092 -6.401782
v -1.258245 14.201624 -6.793358
v -0.333246 15.219582 -6.632744
v -0.612276 15.220127 -6.631716
v 0.213751 15.105967 -6.942716
v 0.215521 16.058447 -7.206124
v 0.003247 16.092447 -6.874112
v -0.288224 16.097498 -7.216906
v -0.827117 15.345173 -7.145744
v -0.050912 16.696989 -7.115677
v 7.457540 -10.603179 -7.828762
v 7.145452 -4.422398 -8.045158
v 6.524942 -3.543265 -6.735219
v 7.040412 -10.407100 -6.946715
v 7.022893 -3.526829 -7.912154
v 6.335079 -2.154044 -7.042618
v 6.874715 -1.922353 -7.449444
v 6.294827 -1.200264 -7.155464
v 6.761128 -1.338749 -7.552309
v 6.171617 -0.442213 -7.059838
v 6.614301 -0.511649 -7.606011
v 6.117752 0.497248 -6.903934
v 6.652457 0.228383 -7.508301
v 6.131625 1.417155 -7.042154
v 6.629265 0.606365 -7.483722
v 6.085490 1.932983 -7.008449
v 6.716944 1.295259 -7.374138
v 6.124442 1.997205 -7.018596
v 6.772706 1.542853 -7.352468
v 6.250865 2.087547 -7.162688
v 6.909812 1.734458 -7.208222
v 6.380393 2.195426 -7.129513
v 7.125259 1.965741 -7.058033
v 6.575660 2.567523 -7.062778
v 7.303522 2.178305 -7.027695
v 6.751517 2.756457 -7.021627
v 7.541424 2.495080 -6.929462
v 6.840994 3.033053 -7.026474
v 7.676906 2.853773 -7.027487
v 6.903557 3.246500 -7.041272
v 7.552985 3.300693 -7.125973
v 6.917779 3.416219 -7.022041
v 7.427648 3.635619 -7.117431
v 6.859275 3.758564 -6.927362
v 7.577159 3.892505 -6.922612
v 7.008016 4.456217 -6.220114
v 7.793183 4.167807 -6.602480
v 7.212836 4.775087 -6.166400
v 8.027721 4.349775 -6.518485
v 7.461169 4.968926 -6.100482
v 8.220410 4.696531 -6.480076
v 7.704914 5.105436 -6.536172
v 8.392362 5.169897 -6.421482
v 7.827588 5.474370 -6.658182
v 8.585884 5.722207 -6.580370
v 7.907074 6.020944 -6.625051
v 8.670602 6.131172 -6.424826
v 8.025127 6.379360 -6.371842
v 8.592935 6.617477 -6.309071
v 8.006902 6.627323 -6.084766
v 8.542026 6.949317 -6.221811
v 7.858551 7.090384 -5.910542
v 10.098589 7.399815 -6.221521
v 8.660346 7.374954 -5.000451
v 7.943133 7.316744 -5.567179
v 7.285195 7.148722 -5.563601
v 7.299671 6.909114 -5.753716
v 7.227548 6.685084 -5.918227
v 7.201626 6.372811 -6.276961
v 7.108208 5.937903 -6.463176
v 7.011271 5.595638 -6.463823
v 6.847700 5.362837 -6.465951
v 6.774814 5.128699 -6.507917
v 6.489534 4.981925 -6.342989
v 6.287586 4.085829 -6.698041
v 6.724324 3.489083 -7.081280
v 6.587105 3.332692 -7.088379
v 6.492711 3.202399 -7.071254
v 6.325110 3.068134 -7.005706
v 6.076943 3.072520 -6.672250
v 5.797686 2.923904 -6.681011
v 5.598747 2.743569 -6.736677
v 5.445004 2.247234 -6.930294
v 5.361694 2.045694 -6.817316
v 5.349357 1.558378 -6.767105
v 5.400224 0.643324 -6.816265
v 5.457399 0.389698 -6.707034
v 5.381208 0.183496 -6.387490
v 5.507242 -0.956769 -6.332692
v 5.976579 -4.564231 -7.620272
v 6.152991 -10.581299 -7.123610
v 6.338041 -11.197355 -6.624401
v 6.919282 -11.282343 -6.386048
v 5.664335 -4.106670 -6.931518
v 5.972896 -10.725739 -7.120280
v 4.973804 -1.204152 -6.457624
v 4.917538 -4.530202 -7.257814
v 4.860217 -10.386395 -7.484204
v 4.960115 -11.255099 -7.002752
v 5.708088 -10.801229 -6.216174
v 4.829484 -10.908913 -7.117563
v 4.700823 -11.039112 -6.786005
v 4.578458 -10.193175 -7.383688
v 4.468529 -10.845373 -6.718247
v 4.350220 -10.377218 -7.463104
v 4.188783 -10.894213 -6.955767
v 4.550498 -3.993969 -6.540138
v 4.142237 -9.999435 -7.280732
v 4.193771 -4.036213 -6.791278
v 4.980244 -0.213769 -6.478216
v 5.092024 0.066067 -6.862460
v 5.114955 1.005651 -6.926611
v 5.038302 1.569692 -6.980618
v 5.109940 1.923725 -7.024531
v 5.189309 2.292689 -6.889601
v 5.260889 2.767071 -6.674727
v 5.005721 2.795317 -6.625895
v 4.804394 2.324956 -6.857399
v 4.683887 1.926865 -6.583223
v 4.642371 1.410694 -6.449306
v 4.626477 1.147749 -6.799715
v 4.741264 -0.977261 -6.672761
v 4.455814 -0.430337 -6.876124
v 3.972480 -4.518856 -7.222217
v 4.567785 0.605034 -6.856908
v 4.306520 0.943641 -6.953098
v 4.261153 -0.406829 -7.195089
v 3.891534 -4.325145 -7.285361
v 3.952244 -10.061304 -7.123346
v 3.853239 -9.898943 -7.129658
v 3.751088 -4.093194 -7.582248
v 3.745766 -9.593677 -7.171314
v 3.999313 0.143970 -7.178549
v 3.998848 1.447099 -6.779411
v 3.790603 0.919303 -6.897510
v 3.655028 0.207922 -6.912547
v 3.554529 -8.537012 -7.858159
v 3.622961 -9.466778 -7.183672
v 3.913207 1.871893 -6.327891
v 3.875613 0.278789 -7.094440
v 4.009058 -0.136774 -6.945442
v 4.166917 1.718022 -6.748898
v 4.026822 2.126110 -6.486401
v 4.099499 1.793572 -6.625239
v 3.885341 1.503722 -6.634114
v 4.304307 1.637986 -6.410038
v 4.412650 1.986139 -6.364050
v 4.449823 2.502156 -6.702937
v 4.232510 2.068088 -6.735092
v 4.104077 2.389507 -6.500571
v 4.112138 1.965240 -6.653852
v 4.184896 2.610782 -6.569567
v 4.130547 2.259737 -6.701046
v 4.203498 2.911942 -6.413833
v 4.106450 2.826955 -6.586041
v 4.345197 2.481097 -6.759201
v 4.571828 3.008941 -6.288013
v 4.380429 3.122235 -6.106783
v 4.218747 3.237483 -6.181319
v 4.164873 3.108346 -6.470365
v 4.331974 3.306805 -6.084074
v 4.271989 3.511194 -6.044023
v 4.258767 3.374479 -6.347414
v 4.550960 3.396475 -5.810672
v 4.426951 3.612415 -5.979492
v 3.988103 3.754228 -5.853076
v 3.896869 3.639617 -6.300539
v 3.751074 4.038164 -5.506155
v 3.580199 3.878209 -6.305845
v 3.919468 3.981182 -5.315568
v 4.583111 3.689535 -6.024180
v 4.791553 3.435884 -6.241850
v 5.237535 3.233559 -6.545279
v 5.467017 3.317612 -6.285006
v 5.675338 3.347558 -6.325956
v 5.942049 3.462991 -6.370952
v 5.586809 3.721095 -6.123637
v 5.387152 3.678107 -6.046574
v 5.232661 3.421810 -6.380345
v 4.801065 3.543889 -6.185060
v 5.829098 3.852297 -6.307895
v 6.082433 3.571509 -6.373672
v 5.977321 3.930375 -6.380735
v 6.326087 3.443482 -6.982524
v 6.419119 3.478219 -7.020560
v 6.490631 3.643044 -7.009037
v 5.885535 4.355750 -6.284373
v 6.032229 5.130105 -6.432930
v 5.588216 4.355521 -5.593218
v 5.606502 3.877082 -6.051284
v 5.362112 3.864835 -5.911452
v 5.122905 3.831812 -5.805072
v 4.741609 3.901581 -5.608912
v 4.235874 3.961052 -5.430641
v 5.286157 4.355631 -5.260427
v 5.044171 4.356074 -5.214669
v 4.445131 4.354524 -5.036535
v 4.217957 4.354413 -5.131886
v 3.979080 4.354398 -5.110131
v 3.700799 4.354405 -5.370384
v 3.411465 4.354405 -5.785974
v 5.700181 4.355528 -6.200958
v 5.470572 4.355536 -5.718544
v 5.261131 4.355528 -5.515879
v 5.049755 4.355565 -5.415438
v 4.531763 4.354310 -5.241483
v 4.341427 4.354391 -5.235794
v 4.143433 4.354391 -5.234144
v 3.902538 4.354391 -5.450251
v 3.447283 4.354413 -6.178177
v 5.522275 4.355536 -6.207319
v 5.355918 4.355536 -6.058723
v 5.183335 4.355536 -5.921561
v 5.055472 4.355528 -5.829108
v 4.661208 4.355536 -5.631146
v 4.531875 4.354686 -5.643115
v 4.795891 4.355536 -6.158152
v 4.629531 4.355247 -6.097233
v 5.107692 4.355528 -6.174184
v 5.239788 4.355602 -6.301680
v 5.332046 4.317582 -6.332053
v 5.573762 4.721271 -6.463846
v 5.343574 4.746553 -6.464490
v 5.328053 4.617191 -6.602508
v 5.297810 4.318477 -6.423092
v 5.219451 4.355609 -6.384901
v 5.127055 4.355521 -6.338285
v 4.847844 4.355137 -6.314192
v 4.693777 4.354878 -6.313323
v 4.459202 4.354753 -6.312294
v 4.334412 4.354575 -5.905952
v 4.207068 4.354391 -5.557549
v 3.865657 4.354214 -5.981115
v 4.161678 4.354258 -6.063874
v 4.243042 4.354944 -6.311780
v 3.587237 4.354413 -6.304248
v 3.830603 4.354405 -6.311541
v 5.795359 4.696692 -6.535932
v 5.818624 4.999441 -6.699159
v 5.531192 5.096059 -6.646127
v 5.952753 5.359821 -6.500377
v 5.902808 5.641244 -6.527642
v 5.809031 5.377959 -6.876889
v 5.332893 5.106280 -6.576880
v 5.312825 4.982135 -6.816480
v 5.544489 5.476817 -6.797770
v 5.337759 5.499487 -6.736478
v 5.321410 5.359796 -6.979435
v 5.615191 5.606562 -6.879915
v 5.405797 5.635699 -6.887813
v 5.384132 5.574795 -6.980137
v 5.800273 5.579676 -6.906275
v 5.829061 5.823387 -6.698070
v 5.825216 5.723886 -6.896739
v 5.742700 5.815854 -6.910626
v 5.685312 5.843184 -6.912122
v 5.660194 5.795593 -6.921394
v 5.821321 5.842861 -6.882487
v 6.278048 5.556852 -6.533110
v 6.194735 5.805016 -6.563686
v 6.094094 5.930559 -6.758045
v 6.001536 6.051918 -6.830121
v 6.071120 6.268672 -6.887125
v 5.869759 6.138350 -6.951711
v 5.689655 6.030738 -6.954968
v 5.604174 6.002606 -6.995246
v 6.414387 5.763449 -6.488216
v 6.530206 6.048718 -6.237462
v 6.618326 6.289174 -6.091692
v 6.322345 6.020411 -6.735846
v 6.323474 6.337686 -6.809764
v 6.699169 6.527614 -6.305869
v 6.694021 6.925828 -5.915537
v 6.407502 6.772866 -6.794703
v 6.483665 6.987540 -5.866372
v 6.360100 6.966931 -6.345240
v 6.409600 7.149287 -5.871197
v 6.268609 7.039539 -6.195642
v 6.320432 7.280151 -5.697157
v 6.136163 7.165349 -6.180294
v 6.253579 7.395787 -5.304584
v 6.015933 7.319593 -6.180508
v 6.707283 7.118733 -5.758431
v 6.749451 7.216178 -5.613745
v 6.860990 7.364286 -5.532135
v 6.090872 6.634566 -6.977356
v 5.888358 6.608966 -6.985244
v 6.226863 6.822470 -6.930318
v 6.068963 6.864290 -7.055007
v 5.907418 6.831964 -6.977773
v 5.780458 6.725935 -7.072429
v 5.717438 6.530546 -7.061650
v 5.628879 6.470419 -7.086474
v 5.435794 6.347822 -7.133590
v 5.369196 6.268909 -7.192735
v 5.284510 6.640927 -7.226557
v 5.194849 6.525135 -7.339815
v 5.421726 6.864038 -7.085668
v 5.547515 6.841217 -7.177602
v 5.780635 6.867723 -7.134907
v 5.609526 6.940976 -7.058384
v 5.859970 6.879199 -7.214900
v 5.743127 7.095035 -7.145893
v 5.656495 7.082938 -7.183786
v 5.497571 7.143650 -7.093642
v 5.394902 7.057807 -7.140217
v 5.310796 7.041708 -7.155805
v 5.160081 6.949729 -7.208318
v 5.064271 6.844754 -7.396912
v 4.969273 7.361860 -7.223912
v 4.897599 7.263842 -7.418743
v 4.957613 7.668161 -7.232939
v 4.831566 7.505419 -7.420907
v 4.939290 7.862977 -7.297450
v 4.836738 7.723822 -7.478423
v 4.967608 7.978727 -7.437880
v 4.891427 7.938937 -7.562888
v 4.968842 8.189000 -7.375656
v 4.926516 8.118992 -7.581614
v 4.985128 8.454384 -7.468463
v 4.934657 8.404264 -7.685078
v 4.984001 8.733066 -7.533060
v 4.919200 8.666777 -7.745912
v 4.975973 8.957697 -7.548052
v 4.921222 8.916023 -7.757984
v 5.015897 9.155439 -7.668416
v 4.948932 9.133299 -7.709306
v 5.261804 7.563135 -7.036219
v 5.178570 7.877478 -7.012496
v 5.165474 8.028031 -7.020350
v 5.163914 8.138994 -7.139867
v 5.182063 8.223366 -7.351157
v 5.167732 8.509174 -7.450969
v 5.133811 8.759865 -7.521648
v 5.092717 8.950356 -7.540773
v 5.092657 9.134000 -7.650167
v 5.393619 7.582468 -7.105193
v 5.524615 7.501051 -7.207351
v 5.247506 7.914981 -7.020107
v 5.392451 7.872478 -7.183248
v 5.241689 8.028923 -7.013435
v 5.267397 8.144159 -7.129852
v 5.338637 8.234653 -7.381335
v 5.279685 8.430557 -7.599334
v 5.234488 8.735054 -7.684003
v 5.193369 8.925611 -7.704094
v 5.137262 9.097292 -7.683632
v 5.325007 8.025642 -7.097279
v 5.485205 7.953978 -7.324959
v 5.436057 8.073042 -7.382949
v 5.379778 8.235183 -7.475184
v 5.539984 7.858876 -7.279391
v 5.574596 7.515151 -7.267167
v 8.684163 7.549809 -4.797101
v 10.270645 7.643162 -5.225191
v 8.743713 7.769516 -4.775462
v 8.022109 7.517884 -5.132775
v 7.854779 7.819404 -4.996848
v 7.089511 7.580290 -5.110326
v 7.014939 7.851954 -4.938645
v 6.300793 7.602876 -5.011253
v 5.827816 7.508790 -6.180521
v 5.612150 7.651321 -6.128857
v 6.258232 7.828859 -4.903353
v 5.786270 7.780234 -5.245574
v 5.571888 7.815672 -5.351013
v 5.535954 7.903998 -6.087066
v 5.521378 8.130299 -5.398339
v 5.545327 8.130260 -6.087065
v 5.697872 8.130299 -5.053512
v 6.090318 8.141037 -4.920616
v 7.092307 8.141155 -4.879648
v 7.934961 8.141176 -4.844945
v 8.850354 8.130474 -4.828156
v 10.378572 8.130529 -5.308379
v 9.923171 8.130531 -5.032257
v 9.857660 7.768243 -4.971354
v 9.658116 7.478087 -5.036741
v 10.628753 7.770420 -6.221426
v 10.562465 8.122761 -6.221712
v 10.270449 8.122655 -5.633757
v 10.153583 8.130478 -5.313473
v 10.073734 8.122612 -5.684486
v 9.797317 8.130389 -5.434503
v 9.469964 8.130434 -5.298930
v 8.841735 8.130342 -5.056161
v 8.091104 8.130289 -5.030542
v 7.104147 8.130162 -4.984526
v 6.266002 8.130124 -5.054247
v 5.881076 8.130172 -5.143935
v 5.892912 8.130264 -5.500018
v 6.322940 8.130224 -5.504332
v 5.982307 8.130203 -5.889091
v 5.751507 8.130230 -6.179848
v 6.290138 8.130188 -5.805050
v 6.058550 8.130098 -6.178820
v 7.029538 8.130100 -5.423935
v 7.900510 8.130132 -5.440361
v 8.631973 8.130196 -5.436954
v 9.018275 8.130274 -5.488830
v 9.530890 8.130241 -5.735677
v 9.950493 8.123587 -6.216270
v 10.485536 8.122664 -6.220482
v 10.343389 8.130440 -6.218413
v 9.442205 8.129747 -6.201977
v 8.944548 8.130176 -6.017430
v 8.522884 8.130603 -5.961679
v 8.024578 8.130077 -5.854628
v 7.150455 8.130037 -5.829281
v 7.103661 8.130203 -6.189427
v 6.482111 8.130066 -6.191086
v 7.982824 8.129987 -6.189131
v 8.518694 8.130033 -6.189250
v 8.981842 8.130024 -6.189398
v 0.782668 2.020512 -6.287076
v 1.178752 -0.625236 -7.259024
v 1.790400 -2.008719 -6.836181
v 1.783805 -11.337206 -7.072361
v -12.063277 7.990910 -6.474168
v -8.457180 6.888930 -6.231236
v -7.488033 7.273865 -6.468403
v -7.219893 7.557468 -5.545112
v -7.418719 7.982589 -6.359139
v 1.580084 4.052377 -6.310346
v 10.365328 7.870656 -5.183898
v 5.219451 4.075843 -6.229940
v 5.127055 4.030082 -6.259823
v 4.657370 4.048583 -6.055865
v 0.686683 4.910965 -6.274379
v 0.402699 12.656889 -5.579649
v 0.894690 12.656866 -5.495805
v -2.840595 4.589385 -6.177011
v -1.733091 9.363129 -6.275913
v -1.489493 9.477109 -6.283700
v -1.573292 9.478428 -6.381497
v -0.780327 12.107222 -6.505245
v -0.929667 11.973038 -6.605129
v -0.820222 13.024015 -6.320047
v -0.203144 13.049614 -6.297129
v -1.459232 9.963200 -6.473094
v 5.671798 5.757056 -6.893032
v 5.566365 5.794037 -6.870626
v 5.547722 5.752949 -6.914275
v -1.489040 9.377091 -5.195536
v -2.154296 9.403851 -5.176178
v -2.672468 9.404351 -5.285037
v -3.064924 9.404831 -5.226812
v -3.420519 9.403477 -5.151725
v -3.441357 9.077495 -6.167305
v -3.417087 9.077410 -5.358636
v -3.088857 9.074763 -4.807309
v -2.683582 9.052177 -4.833146
v -2.261216 9.041939 -4.742563
v -1.329906 9.065257 -4.740221
v -0.453295 9.004477 -5.026617
v 1.466744 12.285108 -6.105967
v 0.851040 12.144534 -6.105765
v 0.728820 12.656996 -5.097058
v 0.619705 12.656879 -5.559006
v 0.511824 12.656199 -6.083941
v 0.139763 12.898970 -6.687167
v 1.034366 12.656603 -6.093491
v 1.374840 12.656493 -6.101500
v -12.355460 5.687696 -6.051104
v -0.146481 16.616205 -7.156445
v -0.030311 16.633682 -7.023790
v 0.051050 16.618650 -7.150291
v -1.459247 13.366590 -6.598173
v -0.026424 14.549038 -6.699666
v -3.026346 4.938907 -6.019309
v 1.063216 4.910965 -6.248787
v 1.627931 4.910965 -6.022293
v -2.714971 4.946251 -4.876332
v -2.686704 4.639974 -4.843151
v -12.251203 11.314688 -6.504637
v -3.538215 9.403139 -5.719155
v 0.569590 6.220427 -7.155322
v 0.339153 5.653441 -7.116687
v -7.139995 7.701877 -6.031692
v 9.509431 7.885870 -6.386761
v 9.510158 8.827830 -6.293826
v 9.306404 8.727128 -6.145017
v 9.255268 7.559896 -6.346729
v 9.186123 8.806684 -6.300329
v 9.164530 7.485066 -6.401253
v 8.899276 7.711323 -6.262531
v 9.081926 7.422788 -6.242343
v 9.022517 8.782195 -6.308590
v 8.835621 7.705281 -6.279717
v 8.952821 8.771604 -6.314238
v 8.756827 7.671384 -6.286035
v 8.468202 7.632095 -6.929103
v 8.448107 7.881407 -6.496202
v 8.528296 8.258800 -6.434342
v 8.434599 8.136941 -6.661234
v 8.852656 8.847692 -6.260590
v 8.649132 7.786900 -6.305809
v 8.672127 8.831001 -6.186089
v 8.596429 7.743952 -6.492334
v 8.652169 9.589349 -6.483913
v 8.535286 8.717166 -6.571577
v 8.834642 9.727831 -6.389069
v 8.818191 10.638431 -5.947974
v 8.659892 9.720510 -6.668955
v 8.982768 9.968747 -5.971513
v 9.016122 10.577922 -5.788413
v 8.615638 10.715666 -6.252288
v 8.228916 10.686146 -5.128204
v 8.010575 10.834449 -5.868751
v 8.593132 10.737389 -5.109477
v 9.485180 10.787023 -5.734658
v 9.467177 10.431355 -5.829228
v 9.694495 10.212095 -6.127258
v 9.732023 9.973944 -6.051266
v 9.940951 9.970881 -6.053568
v 10.004872 9.825238 -6.133087
v 10.711352 10.695508 -5.660452
v 10.408785 10.656957 -5.643692
v 9.936072 10.726986 -5.668045
v 9.695426 10.734906 -5.713599
v 11.052816 10.815027 -5.719133
v 11.260028 11.220696 -6.207662
v 10.920326 11.257540 -5.036835
v 10.807985 10.837214 -5.269331
v 10.450351 10.826251 -5.234745
v 10.149217 10.796692 -5.211972
v 9.702291 10.859143 -5.176696
v 8.977322 10.837958 -5.161348
v 10.486092 11.257407 -4.983376
v 10.138219 11.256884 -4.969512
v 9.251237 11.258117 -4.963531
v 8.950466 11.258492 -4.978637
v 8.607062 11.258861 -5.034246
v 8.207012 11.258129 -5.212107
v 7.970254 11.258130 -5.427821
v 11.081285 11.257997 -6.207437
v 10.751204 11.258026 -5.238612
v 10.450114 11.258040 -5.201234
v 10.146244 11.258235 -5.180763
v 9.401588 11.258979 -5.181128
v 9.127965 11.259563 -5.182672
v 8.843332 11.259895 -5.240275
v 8.497027 11.259511 -5.580407
v 7.991309 10.862767 -6.194300
v 7.974838 11.241719 -6.206728
v 10.825531 11.257998 -6.206860
v 10.639769 11.258026 -5.805466
v 10.391667 11.258030 -5.677093
v 10.154465 11.258040 -5.672565
v 9.654663 11.258661 -5.682028
v 9.288196 11.258534 -5.703993
v 9.810145 11.235736 -6.201121
v 9.570990 11.235959 -6.201266
v 10.229534 11.258055 -6.202206
v 10.419432 11.258059 -6.202285
v 10.552061 11.257998 -6.204245
v 9.117880 11.258658 -6.201534
v 8.934814 11.259471 -5.738090
v 8.361286 11.258715 -6.204722
v -12.389660 10.511085 -6.237122
v -12.113183 10.414174 -6.205368
v -12.302031 10.432213 -6.231668
v -12.317899 10.504895 -5.920478
v -12.402859 10.560150 -6.137354
v -12.808958 10.550745 -5.234194
v -13.060179 10.533269 -6.113103
v -12.338717 10.571103 -5.244691
v -11.916170 10.545710 -5.919237
v -11.959211 10.381466 -6.177873
v -11.825764 10.394174 -6.355702
v -10.361827 10.423573 -5.986670
v -10.744253 10.402324 -6.029591
v -11.538314 10.501312 -6.050389
v -11.798460 10.501002 -5.968010
v -9.998234 10.537237 -5.921023
v -9.965421 10.901887 -5.892888
v -10.129740 10.938730 -5.047478
v -10.154394 10.559206 -5.126713
v -10.648536 10.558663 -5.211524
v -11.094116 10.570560 -5.255517
v -11.799183 10.579709 -5.262749
v -12.080277 10.595231 -5.226482
v -10.563974 10.938598 -5.018043
v -10.911847 10.938074 -5.031658
v -11.798829 10.939307 -5.048104
v -12.099600 10.939682 -5.070599
v -12.443004 10.940051 -5.090501
v -12.843054 10.939320 -5.167188
v -13.159270 10.933033 -5.519607
v -10.144163 10.939187 -5.901428
v -10.298862 10.939217 -5.174383
v -10.599952 10.939231 -5.150874
v -10.903822 10.939425 -5.143475
v -11.648478 10.940169 -5.155124
v -11.922101 10.940754 -5.174357
v -12.206734 10.941086 -5.186477
v -12.553039 10.940701 -5.389350
v -13.159022 10.807188 -6.113103
v -13.075228 10.922910 -6.113108
v -10.299786 10.939188 -5.923235
v -10.463687 10.939217 -5.645783
v -10.711788 10.939220 -5.632091
v -10.895601 10.939231 -5.627563
v -11.462388 10.939852 -5.637027
v -11.648315 10.939725 -5.715081
v -11.239921 10.916926 -6.139843
v -11.479076 10.917150 -6.134329
v -10.820532 10.939245 -6.098767
v -10.630634 10.939249 -6.095851
v -10.498005 10.939188 -6.021857
v -11.932186 10.939849 -6.124194
v -12.115252 10.940661 -5.693089
v -12.688780 10.939905 -6.006517
v -12.126309 10.939962 -6.131701
v -12.678267 10.918663 -6.114381
v 0.472495 12.320609 -5.068633
v 0.717155 12.319846 -5.156954
v 1.339854 12.366675 -5.036522
v 1.470863 12.447598 -5.587770
v 0.934828 12.320120 -5.108108
v -0.433073 12.320835 -5.135313
v 1.458477 12.451031 -6.102775
v 2.031119 4.723330 -5.655031
v 1.928510 4.721116 -5.779863
v -2.925664 4.404618 -6.127515
v -13.102079 10.528635 -5.609583
v -12.846860 10.819398 -5.175373
v -13.169699 10.796528 -5.561528
v -7.140050 7.990492 -6.017798
v -2.922927 4.564275 -5.206573
v 0.115616 8.902366 -5.869804
v 0.634005 8.506261 -6.588896
v 3.654742 4.354405 -5.922976
v -0.692411 12.682095 -5.456848
v -0.633960 12.336707 -5.548896
v 1.367049 12.651055 -5.085761
v -1.273898 -4.859525 -6.869981
v 1.219060 -4.768316 -6.770308
v 1.785657 -4.870163 -7.006043
v 2.068144 -4.997000 -7.945067
v -2.851850 -4.783547 -6.750042
v -4.036900 -4.607492 -6.994973
v -4.680500 -4.714832 -7.989792
v -7.615221 -4.069215 -7.689526
v -6.567199 -4.406492 -7.756711
v -9.069757 -4.269608 -7.926927
v -10.180153 -3.912343 -7.497066
v -10.987988 -3.257991 -7.627766
v -11.608262 -3.075388 -7.108211
v -12.254637 -2.706939 -7.968053
vt 0.333369 0.268215
vt 0.321538 0.320485
vt 0.293736 0.291974
vt 0.292553 0.231785
vt 0.296765 0.358585
vt 0.290709 0.316969
vt 0.291776 0.420122
vt 0.270797 0.391336
vt 0.284176 0.457225
vt 0.262937 0.432027
vt 0.276840 0.485288
vt 0.252456 0.460090
vt 0.267138 0.500983
vt 0.245120 0.485347
vt 0.255092 0.525618
vt 0.236736 0.506394
vt 0.245136 0.543338
vt 0.230972 0.526038
vt 0.219444 0.488153
vt 0.221540 0.468509
vt 0.223636 0.444656
vt 0.226256 0.412383
vt 0.230972 0.374498
vt 0.243548 0.312760
vt 0.251932 0.259440
vt 0.250360 0.221556
vt 0.304334 0.162623
vt 0.338394 0.220152
vt 0.241452 0.141576
vt 0.235688 0.229974
vt 0.213155 0.172446
vt 0.238308 0.266456
vt 0.233592 0.308551
vt 0.221540 0.367483
vt 0.214728 0.413786
vt 0.213680 0.444656
vt 0.213680 0.467106
vt 0.212107 0.483943
vt 0.204247 0.446059
vt 0.206867 0.415190
vt 0.197959 0.448865
vt 0.203199 0.416593
vt 0.200579 0.474122
vt 0.191671 0.475525
vt 0.197435 0.512006
vt 0.189302 0.511906
vt 0.192195 0.541472
vt 0.182490 0.530147
vt 0.208439 0.537263
vt 0.216300 0.533054
vt 0.235449 0.576652
vt 0.224684 0.562520
vt 0.213679 0.559713
vt 0.205819 0.558310
vt 0.193243 0.561117
vt 0.185907 0.577954
vt 0.180143 0.559713
vt 0.170698 0.542674
vt 0.212631 0.361870
vt 0.211059 0.333807
vt 0.209487 0.293116
vt 0.206343 0.260844
vt 0.181191 0.172446
vt 0.197959 0.309954
vt 0.188003 0.280488
vt 0.174903 0.206121
vt 0.183287 0.291713
vt 0.175951 0.229974
vt 0.194291 0.322582
vt 0.204247 0.343629
vt 0.207391 0.364676
vt 0.200579 0.349242
vt 0.203723 0.368886
vt 0.234401 0.604715
vt 0.222064 0.597598
vt 0.231505 0.629972
vt 0.219444 0.613033
vt 0.226447 0.641096
vt 0.217081 0.636873
vt 0.208439 0.590582
vt 0.201103 0.587776
vt 0.205819 0.624258
vt 0.197435 0.617242
vt 0.180667 0.607420
vt 0.203075 0.637029
vt 0.196314 0.635953
vt 0.180009 0.628855
vt 0.213532 0.640908
vt 0.165470 0.589180
vt 0.159182 0.572342
vt 0.160221 0.562057
vt 0.167042 0.627064
vt 0.149226 0.620049
vt 0.140842 0.589180
vt 0.142395 0.577391
vt 0.130885 0.610227
vt 0.129313 0.600405
vt 0.134554 0.629871
vt 0.166531 0.633191
vt 0.151211 0.637961
vt 0.140619 0.662614
vt 0.146954 0.717159
vt 0.136468 0.700228
vt 0.133681 0.691296
vt 0.123807 0.668276
vt 0.117519 0.650036
vt 0.116939 0.638317
vt 0.110182 0.683711
vt 0.116737 0.693012
vt 0.124073 0.712656
vt 0.131410 0.719672
vt 0.139022 0.742223
vt 0.136126 0.761766
vt 0.126693 0.746332
vt 0.113593 0.725285
vt 0.107296 0.714320
vt 0.128538 0.798711
vt 0.122501 0.788426
vt 0.110973 0.772992
vt 0.105209 0.763170
vt 0.109401 0.833327
vt 0.119881 0.837536
vt 0.100493 0.820699
vt 0.105733 0.851568
vt 0.101017 0.844552
vt 0.111773 0.853795
vt 0.109410 0.874741
vt 0.106257 0.869809
vt 0.100493 0.859987
vt 0.104161 0.892259
vt 0.101014 0.883840
vt 0.227420 0.662712
vt 0.223247 0.683948
vt 0.217770 0.679730
vt 0.219417 0.650542
vt 0.234970 0.673789
vt 0.227338 0.687280
vt 0.236006 0.688976
vt 0.232412 0.687908
vt 0.240011 0.691098
vt 0.236829 0.703072
vt 0.241420 0.703862
vt 0.240573 0.710855
vt 0.210535 0.674771
vt 0.211736 0.643733
vt 0.207391 0.670562
vt 0.206317 0.644166
vt 0.199007 0.673368
vt 0.199576 0.638356
vt 0.190623 0.671965
vt 0.191478 0.638464
vt 0.181191 0.673368
vt 0.180046 0.629213
vt 0.174379 0.674771
vt 0.177193 0.634384
vt 0.162850 0.676175
vt 0.167253 0.638166
vt 0.152370 0.678981
vt 0.156817 0.647790
vt 0.147130 0.684593
vt 0.151938 0.653439
vt 0.140076 0.695792
vt 0.143131 0.665145
vt 0.216339 0.706574
vt 0.211059 0.704238
vt 0.223037 0.708631
vt 0.229389 0.704757
vt 0.234511 0.707603
vt 0.241159 0.721058
vt 0.236123 0.725234
vt 0.233068 0.732300
vt 0.221016 0.730897
vt 0.200579 0.701431
vt 0.190623 0.705641
vt 0.183287 0.700028
vt 0.176475 0.700028
vt 0.167566 0.702834
vt 0.162850 0.705641
vt 0.154170 0.710064
vt 0.154564 0.732302
vt 0.161802 0.733704
vt 0.176475 0.732300
vt 0.169138 0.729494
vt 0.183287 0.729494
vt 0.192195 0.730897
vt 0.202675 0.742122
vt 0.210535 0.739316
vt 0.236711 0.747745
vt 0.222842 0.763254
vt 0.210790 0.766060
vt 0.202405 0.764657
vt 0.190623 0.765976
vt 0.184583 0.761288
vt 0.176475 0.756154
vt 0.169662 0.750541
vt 0.162850 0.744929
vt 0.239613 0.737928
vt 0.242694 0.725965
vt 0.245708 0.710919
vt 0.463633 0.263650
vt 0.449692 0.311837
vt 0.434289 0.287503
vt 0.444769 0.236990
vt 0.440523 0.375014
vt 0.418320 0.364398
vt 0.437727 0.447176
vt 0.411837 0.420406
vt 0.389748 0.350645
vt 0.392892 0.269262
vt 0.397084 0.217346
vt 0.398132 0.178058
vt 0.444245 0.199105
vt 0.463633 0.224362
vt 0.366167 0.228571
vt 0.369835 0.185074
vt 0.363547 0.284697
vt 0.347827 0.304341
vt 0.344683 0.253828
vt 0.346779 0.215943
vt 0.336822 0.266456
vt 0.336822 0.222959
vt 0.338918 0.311357
vt 0.357267 0.346158
vt 0.344159 0.338017
vt 0.369835 0.336613
vt 0.364595 0.395546
vt 0.383460 0.402561
vt 0.379267 0.450268
vt 0.365643 0.460090
vt 0.435183 0.457478
vt 0.411756 0.440446
vt 0.383146 0.460284
vt 0.361451 0.469912
vt 0.437957 0.475525
vt 0.409136 0.458687
vt 0.382807 0.468669
vt 0.409136 0.489556
vt 0.381887 0.490959
vt 0.361745 0.477235
vt 0.373503 0.497975
vt 0.356211 0.483944
vt 0.362356 0.497389
vt 0.430097 0.499378
vt 0.445923 0.459666
vt 0.445494 0.459987
vt 0.445452 0.467824
vt 0.448437 0.483944
vt 0.451313 0.482272
vt 0.451309 0.489748
vt 0.443721 0.502185
vt 0.450009 0.506394
vt 0.454972 0.507603
vt 0.451057 0.516216
vt 0.455706 0.485279
vt 0.435861 0.520425
vt 0.426429 0.519022
vt 0.409136 0.512007
vt 0.388176 0.514813
vt 0.379267 0.519022
vt 0.408612 0.533054
vt 0.393416 0.533054
vt 0.418568 0.538666
vt 0.430097 0.534457
vt 0.446548 0.529904
vt 0.454008 0.518737
vt 0.457916 0.505985
vt 0.422673 0.552698
vt 0.416472 0.552698
vt 0.424798 0.572562
vt 0.416996 0.584970
vt 0.403896 0.554101
vt 0.391320 0.554101
vt 0.374551 0.554101
vt 0.401276 0.584970
vt 0.388176 0.587776
vt 0.374027 0.583567
vt 0.382936 0.620049
vt 0.369835 0.615839
vt 0.368787 0.583567
vt 0.365119 0.555504
vt 0.361975 0.513410
vt 0.416472 0.618646
vt 0.399704 0.622855
vt 0.400228 0.649515
vt 0.380839 0.643902
vt 0.367739 0.653724
vt 0.358307 0.656531
vt 0.359879 0.628468
vt 0.353312 0.659822
vt 0.350809 0.650318
vt 0.348842 0.669858
vt 0.414900 0.655127
vt 0.427455 0.612590
vt 0.425049 0.658304
vt 0.427521 0.691167
vt 0.414376 0.690206
vt 0.427588 0.725285
vt 0.414900 0.723881
vt 0.399704 0.728091
vt 0.396036 0.704238
vt 0.398132 0.678981
vt 0.381887 0.673368
vt 0.368223 0.681368
vt 0.359670 0.678729
vt 0.352543 0.678981
vt 0.387541 0.700030
vt 0.395106 0.736362
vt 0.399180 0.774395
vt 0.412280 0.749138
vt 0.426219 0.748970
vt 0.425905 0.771588
vt 0.412280 0.767379
vt 0.435492 0.764061
vt 0.437433 0.777545
vt 0.441940 0.769338
vt 0.445106 0.777696
vt 0.401613 0.781720
vt 0.424012 0.791629
vt 0.416996 0.792636
vt 0.433230 0.791224
vt 0.443010 0.788753
vt 0.412804 0.820699
vt 0.402324 0.819295
vt 0.395829 0.812573
vt 0.395512 0.785620
vt 0.416598 0.819740
vt 0.418369 0.853414
vt 0.413328 0.854374
vt 0.403372 0.852971
vt 0.397084 0.847358
vt 0.414376 0.881034
vt 0.409136 0.881034
vt 0.420576 0.879041
vt 0.422790 0.913972
vt 0.420664 0.913307
vt 0.415424 0.916113
vt 0.405468 0.889453
vt 0.417107 0.944251
vt 0.816332 0.169652
vt 0.807292 0.207096
vt 0.798241 0.187457
vt 0.810103 0.141733
vt 0.802121 0.232665
vt 0.789590 0.224250
vt 0.800111 0.254987
vt 0.788251 0.251275
vt 0.795881 0.274528
vt 0.784445 0.271255
vt 0.790455 0.298457
vt 0.782650 0.297904
vt 0.793135 0.309880
vt 0.784468 0.313796
vt 0.791743 0.320814
vt 0.782931 0.328428
vt 0.794710 0.336528
vt 0.784227 0.352356
vt 0.797165 0.352653
vt 0.785811 0.370660
vt 0.805224 0.361662
vt 0.790087 0.377694
vt 0.810630 0.381016
vt 0.796531 0.401905
vt 0.816872 0.394031
vt 0.802336 0.414214
vt 0.823617 0.405068
vt 0.805956 0.429385
vt 0.827562 0.431169
vt 0.808026 0.443295
vt 0.823294 0.458790
vt 0.808496 0.454349
vt 0.819508 0.480888
vt 0.806561 0.476631
vt 0.823453 0.499489
vt 0.814378 0.510922
vt 0.831375 0.517491
vt 0.821216 0.531918
vt 0.838454 0.529310
vt 0.829506 0.544703
vt 0.844981 0.551184
vt 0.833812 0.567043
vt 0.850511 0.581120
vt 0.837863 0.591049
vt 0.857279 0.616474
vt 0.840490 0.626601
vt 0.859530 0.643410
vt 0.844390 0.649927
vt 0.860915 0.665292
vt 0.843790 0.666050
vt 0.858285 0.686336
vt 0.842650 0.684664
vt 0.858079 0.694324
vt 0.840520 0.697851
vt 0.824265 0.703371
vt 0.823801 0.687482
vt 0.824118 0.672259
vt 0.821709 0.657512
vt 0.820117 0.639441
vt 0.817003 0.610890
vt 0.813904 0.587944
vt 0.808452 0.572638
vt 0.804398 0.563458
vt 0.797069 0.545383
vt 0.787018 0.500511
vt 0.801438 0.461810
vt 0.796908 0.451622
vt 0.793792 0.443137
vt 0.788260 0.434380
vt 0.782099 0.425309
vt 0.772815 0.415530
vt 0.766202 0.403690
vt 0.761293 0.370161
vt 0.759552 0.343167
vt 0.760113 0.324037
vt 0.760455 0.308114
vt 0.763742 0.277985
vt 0.764230 0.255254
vt 0.768525 0.222186
vt 0.777503 0.170542
vt 0.783402 0.135818
vt 0.790012 0.120326
vt 0.803621 0.120375
vt 0.770180 0.165717
vt 0.773679 0.134093
vt 0.748068 0.228499
vt 0.741588 0.174425
vt 0.739679 0.144282
vt 0.745239 0.121618
vt 0.768173 0.116235
vt 0.738656 0.129418
vt 0.734468 0.130552
vt 0.730273 0.149708
vt 0.727983 0.134417
vt 0.720066 0.162449
vt 0.715375 0.149566
vt 0.729333 0.189590
vt 0.712656 0.168165
vt 0.714350 0.200987
vt 0.748281 0.256996
vt 0.749136 0.281759
vt 0.749899 0.308502
vt 0.750997 0.326061
vt 0.751979 0.344822
vt 0.752784 0.373085
vt 0.755162 0.404162
vt 0.746671 0.405960
vt 0.739975 0.375119
vt 0.737584 0.349465
vt 0.736193 0.334697
vt 0.732798 0.317133
vt 0.737398 0.252183
vt 0.727125 0.272331
vt 0.710295 0.214701
vt 0.730847 0.301725
vt 0.720278 0.322969
vt 0.718788 0.284958
vt 0.708162 0.224992
vt 0.709937 0.189598
vt 0.706903 0.203122
vt 0.703807 0.228998
vt 0.703531 0.212363
vt 0.711486 0.290267
vt 0.711462 0.326939
vt 0.704588 0.312041
vt 0.700116 0.291993
vt 0.698378 0.231236
vt 0.699746 0.217947
vt 0.708631 0.338877
vt 0.702785 0.318297
vt 0.699243 0.298850
vt 0.719927 0.358527
vt 0.715298 0.369986
vt 0.709419 0.378037
vt 0.705295 0.348138
vt 0.723045 0.352058
vt 0.726563 0.362478
vt 0.728172 0.386650
vt 0.722092 0.368394
vt 0.717848 0.377416
vt 0.709826 0.388774
vt 0.717590 0.404240
vt 0.710735 0.407662
vt 0.718200 0.423816
vt 0.712214 0.428160
vt 0.722887 0.395844
vt 0.732227 0.419864
vt 0.725855 0.427247
vt 0.718700 0.444979
vt 0.715183 0.446744
vt 0.723163 0.445416
vt 0.720455 0.462781
vt 0.718257 0.463928
vt 0.732280 0.441139
vt 0.726306 0.465361
vt 0.723882 0.482279
vt 0.719402 0.481039
vt 0.723397 0.490970
vt 0.719385 0.496520
vt 0.727498 0.484448
vt 0.731479 0.470420
vt 0.738389 0.453920
vt 0.753166 0.440815
vt 0.762802 0.436443
vt 0.769754 0.438450
vt 0.778654 0.446084
vt 0.766861 0.462669
vt 0.760196 0.459807
vt 0.753003 0.453087
vt 0.738703 0.460964
vt 0.774064 0.475346
vt 0.783338 0.453239
vt 0.778996 0.480488
vt 0.788291 0.458771
vt 0.791362 0.461046
vt 0.793723 0.471771
vt 0.775940 0.504817
vt 0.781798 0.555043
vt 0.768218 0.496176
vt 0.767518 0.472922
vt 0.759392 0.471910
vt 0.751405 0.469695
vt 0.738671 0.474207
vt 0.732061 0.478078
vt 0.758954 0.491371
vt 0.750809 0.488766
vt 0.738709 0.494720
vt 0.732608 0.501249
vt 0.726703 0.503010
vt 0.721498 0.502686
vt 0.718211 0.507950
vt 0.771754 0.522840
vt 0.762976 0.509310
vt 0.756016 0.506490
vt 0.748958 0.505273
vt 0.739340 0.508822
vt 0.734508 0.512373
vt 0.729636 0.513956
vt 0.725223 0.515858
vt 0.716903 0.516329
vt 0.761743 0.526923
vt 0.756249 0.522666
vt 0.750549 0.522005
vt 0.746326 0.520318
vt 0.739777 0.520984
vt 0.736233 0.522347
vt 0.733666 0.523064
vt 0.730733 0.520248
vt 0.744475 0.525979
vt 0.749620 0.527072
vt 0.754637 0.530438
vt 0.763443 0.541691
vt 0.755839 0.543294
vt 0.753286 0.542909
vt 0.750884 0.536177
vt 0.749258 0.533241
vt 0.745341 0.529501
vt 0.734396 0.526627
vt 0.731196 0.527171
vt 0.726432 0.527579
vt 0.725127 0.520742
vt 0.728572 0.525557
vt 0.724196 0.525080
vt 0.721132 0.520773
vt 0.723432 0.526482
vt 0.720221 0.525460
vt 0.717605 0.520425
vt 0.770762 0.540133
vt 0.771528 0.559821
vt 0.763153 0.561130
vt 0.779143 0.570132
vt 0.777474 0.588629
vt 0.771210 0.584434
vt 0.756576 0.561763
vt 0.753771 0.563387
vt 0.763591 0.585995
vt 0.756734 0.587440
vt 0.754050 0.587851
vt 0.764805 0.599267
vt 0.759289 0.600497
vt 0.757508 0.601162
vt 0.770919 0.597550
vt 0.777464 0.600921
vt 0.771742 0.606933
vt 0.767904 0.610515
vt 0.764316 0.611583
vt 0.762402 0.613056
vt 0.777267 0.611654
vt 0.790006 0.583145
vt 0.787223 0.599449
vt 0.786217 0.607935
vt 0.784132 0.621738
vt 0.780772 0.638892
vt 0.774100 0.630355
vt 0.769169 0.625140
vt 0.764235 0.623648
vt 0.794558 0.596753
vt 0.799173 0.612754
vt 0.802123 0.628621
vt 0.788161 0.626303
vt 0.788198 0.646939
vt 0.803376 0.649517
vt 0.803940 0.673096
vt 0.789915 0.667539
vt 0.796068 0.686511
vt 0.790003 0.685737
vt 0.789211 0.697382
vt 0.786384 0.692589
vt 0.786222 0.705338
vt 0.781902 0.701140
vt 0.784985 0.710672
vt 0.778202 0.710772
vt 0.804383 0.685790
vt 0.804006 0.695805
vt 0.803543 0.708623
vt 0.780958 0.666295
vt 0.775637 0.657499
vt 0.783630 0.674969
vt 0.778731 0.679569
vt 0.776270 0.672102
vt 0.772049 0.665139
vt 0.769955 0.652336
vt 0.767011 0.648385
vt 0.761598 0.647955
vt 0.756886 0.640405
vt 0.756900 0.665643
vt 0.750912 0.658950
vt 0.761191 0.669807
vt 0.764536 0.671726
vt 0.768492 0.675002
vt 0.767460 0.674895
vt 0.770240 0.679130
vt 0.767668 0.690197
vt 0.764795 0.689393
vt 0.760541 0.687190
vt 0.757022 0.684098
vt 0.754156 0.683298
vt 0.749625 0.681537
vt 0.746594 0.679725
vt 0.748047 0.711190
vt 0.740130 0.705913
vt 0.744387 0.727900
vt 0.737945 0.721626
vt 0.743777 0.740644
vt 0.737902 0.736582
vt 0.744146 0.750492
vt 0.739390 0.750698
vt 0.744570 0.762712
vt 0.740760 0.762424
vt 0.744262 0.780068
vt 0.741555 0.780891
vt 0.743904 0.798082
vt 0.740618 0.798086
vt 0.743733 0.812326
vt 0.740655 0.814069
vt 0.743654 0.826515
vt 0.742378 0.826438
vt 0.753745 0.714937
vt 0.751300 0.734686
vt 0.751480 0.744783
vt 0.751255 0.754179
vt 0.750696 0.764249
vt 0.749795 0.783360
vt 0.747397 0.799433
vt 0.746107 0.811865
vt 0.745292 0.825808
vt 0.756216 0.718179
vt 0.759540 0.719329
vt 0.753602 0.737163
vt 0.757101 0.739488
vt 0.754027 0.744854
vt 0.754708 0.754534
vt 0.753577 0.765870
vt 0.752324 0.782652
vt 0.750102 0.799898
vt 0.747763 0.812331
vt 0.746297 0.825615
vt 0.756313 0.746544
vt 0.759120 0.751342
vt 0.757812 0.759296
vt 0.756057 0.769525
vt 0.760508 0.744208
vt 0.761548 0.721843
vt 0.850007 0.702006
vt 0.862386 0.704268
vt 0.854976 0.705223
vt 0.840193 0.706194
vt 0.824424 0.711066
vt 0.842011 0.711964
vt 0.825369 0.718938
vt 0.803867 0.716156
vt 0.804370 0.724863
vt 0.784227 0.717136
vt 0.774028 0.719267
vt 0.770210 0.723341
vt 0.783845 0.733494
vt 0.773611 0.734020
vt 0.768551 0.743011
vt 0.766060 0.752460
vt 0.769634 0.764319
vt 0.764252 0.772140
vt 0.774351 0.753395
vt 0.784341 0.755312
vt 0.806357 0.745349
vt 0.826305 0.739612
vt 0.843542 0.738214
vt 0.867457 0.747866
vt 0.859056 0.744083
vt 0.866456 0.700528
vt 0.871540 0.753162
vt 0.866948 0.759897
vt 0.865458 0.755920
vt 0.860047 0.764608
vt 0.857334 0.760106
vt 0.853233 0.752631
vt 0.843354 0.749862
vt 0.827379 0.753076
vt 0.807851 0.757531
vt 0.787756 0.766028
vt 0.778375 0.764814
vt 0.773335 0.774984
vt 0.782608 0.778609
vt 0.775802 0.783258
vt 0.771680 0.784211
vt 0.780524 0.786425
vt 0.773860 0.796076
vt 0.800223 0.782019
vt 0.819146 0.779297
vt 0.835035 0.773741
vt 0.841244 0.767749
vt 0.846760 0.774289
vt 0.849739 0.779910
vt 0.869186 0.763921
vt 0.862002 0.769191
vt 0.840292 0.791596
vt 0.835633 0.792898
vt 0.831680 0.793777
vt 0.817426 0.797097
vt 0.799104 0.799306
vt 0.798027 0.811801
vt 0.782505 0.801386
vt 0.813444 0.809102
vt 0.826341 0.806770
vt 0.831112 0.801796
vt 0.432487 0.371172
vt 0.444316 0.303344
vt 0.456993 0.254265
vt 0.456903 0.215595
vt 0.162880 0.743892
vt 0.167316 0.627120
vt 0.148529 0.725287
vt 0.226592 0.640900
vt 0.235530 0.661578
vt 0.236857 0.671841
vt 0.240809 0.704339
vt 0.378688 0.687401
vt 0.274872 0.176001
vt 0.240937 0.166083
vt 0.237487 0.165333
vt 0.349421 0.667728
vt 0.252130 0.183162
vt 0.254026 0.183162
vt 0.252112 0.183885
vt 0.251671 0.183436
vt 0.251722 0.183314
vt 0.253069 0.183524
vt 0.251995 0.183226
vt 0.254141 0.183226
vt 0.251786 0.183918
vt 0.241590 0.196450
vt 0.237199 0.206040
vt 0.269523 0.175943
vt 0.239842 0.205123
vt 0.249624 0.180079
vt 0.389739 0.710591
vt 0.414955 0.808827
vt 0.435861 0.785620
vt 0.424289 0.784199
vt 0.252862 0.183602
vt 0.252932 0.165333
vt 0.238099 0.169138
vt 0.257600 0.169138
vt 0.272619 0.182711
vt 0.277888 0.197215
vt 0.863220 0.711442
vt 0.387517 0.683905
vt 0.385762 0.690186
vt 0.399386 0.756184
vt 0.397374 0.757537
vt 0.402472 0.803882
vt 0.767059 0.607449
vt 0.763363 0.609481
vt 0.761674 0.611287
vt 0.381569 0.664403
vt 0.367981 0.667546
vt 0.359068 0.668924
vt 0.352301 0.669918
vt 0.350133 0.665113
vt 0.348085 0.663255
vt 0.350265 0.659216
vt 0.353025 0.654835
vt 0.358667 0.650099
vt 0.368173 0.645883
vt 0.381284 0.638840
vt 0.400065 0.641208
vt 0.442764 0.771513
vt 0.240646 0.169171
vt 0.431436 0.757460
vt 0.433021 0.775266
vt 0.429391 0.784826
vt 0.428621 0.791426
vt 0.420988 0.803094
vt 0.439142 0.789730
vt 0.443558 0.785860
vt 0.270042 0.169191
vt 0.147998 0.572571
vt 0.416430 0.932919
vt 0.418460 0.932480
vt 0.419282 0.932663
vt 0.396113 0.820448
vt 0.418892 0.859482
vt 0.361034 0.494497
vt 0.238752 0.200504
vt 0.441061 0.531422
vt 0.251926 0.183457
vt 0.450698 0.523692
vt 0.251867 0.183635
vt 0.375011 0.471212
vt 0.374295 0.464779
vt 0.106495 0.884471
vt 0.423510 0.560521
vt 0.424613 0.547929
vt 0.240254 0.678236
vt 0.796531 0.401905
vt 0.782099 0.425309
vt 0.772815 0.415530
vt 0.790087 0.377694
vt 0.766202 0.403690
vt 0.785811 0.370660
vt 0.761293 0.370161
vt 0.784227 0.352356
vt 0.755162 0.404162
vt 0.752784 0.373085
vt 0.746671 0.405960
vt 0.739975 0.375119
vt 0.710735 0.407662
vt 0.717590 0.404240
vt 0.718200 0.423816
vt 0.712214 0.428160
vt 0.732227 0.419864
vt 0.728172 0.386650
vt 0.725855 0.427247
vt 0.722887 0.395844
vt 0.718700 0.444979
vt 0.715183 0.446744
vt 0.723163 0.445416
vt 0.720455 0.462781
vt 0.718257 0.463928
vt 0.732280 0.441139
vt 0.726306 0.465361
vt 0.719402 0.481039
vt 0.723397 0.490970
vt 0.719385 0.496520
vt 0.727498 0.484448
vt 0.731479 0.470420
vt 0.738142 0.457749
vt 0.753166 0.440815
vt 0.762802 0.436443
vt 0.769754 0.438450
vt 0.778654 0.446084
vt 0.766861 0.462669
vt 0.760196 0.459807
vt 0.753003 0.453087
vt 0.738703 0.460964
vt 0.774064 0.475346
vt 0.775940 0.504817
vt 0.768218 0.496176
vt 0.767518 0.472922
vt 0.759392 0.471910
vt 0.751405 0.469695
vt 0.738671 0.474207
vt 0.732061 0.478078
vt 0.758954 0.491371
vt 0.750809 0.488766
vt 0.738709 0.494720
vt 0.732608 0.501249
vt 0.726703 0.503010
vt 0.721498 0.502686
vt 0.718211 0.507950
vt 0.769770 0.517314
vt 0.762976 0.509310
vt 0.756016 0.506490
vt 0.748958 0.505273
vt 0.739340 0.508822
vt 0.734508 0.512373
vt 0.729636 0.513956
vt 0.725223 0.515858
vt 0.716910 0.503826
vt 0.716903 0.516329
vt 0.761743 0.526923
vt 0.756249 0.522666
vt 0.750549 0.522005
vt 0.746326 0.520318
vt 0.739777 0.520984
vt 0.736233 0.522347
vt 0.739094 0.533580
vt 0.736161 0.530764
vt 0.744475 0.525979
vt 0.749620 0.527072
vt 0.754637 0.530438
vt 0.730554 0.531258
vt 0.728572 0.525557
vt 0.724196 0.525080
vt 0.720455 0.462781
vt 0.725499 0.439248
vt 0.721602 0.456417
vt 0.723882 0.482279
vt 0.719402 0.481039
vt 0.723397 0.490970
vt 0.721251 0.502626
vt 0.727498 0.484448
vt 0.731479 0.470420
vt 0.724075 0.426830
vt 0.725689 0.370426
vt 0.763638 0.465383
vt 0.756973 0.462520
vt 0.753003 0.453087
vt 0.738703 0.460964
vt 0.770841 0.478060
vt 0.772717 0.507531
vt 0.765165 0.492444
vt 0.764295 0.475636
vt 0.756170 0.474624
vt 0.748182 0.472408
vt 0.738671 0.474207
vt 0.732061 0.478078
vt 0.755901 0.487639
vt 0.747587 0.491480
vt 0.738709 0.494720
vt 0.732608 0.501249
vt 0.726703 0.503010
vt 0.721498 0.502686
vt 0.718211 0.507950
vt 0.766548 0.520028
vt 0.759753 0.512023
vt 0.752794 0.509203
vt 0.745735 0.507987
vt 0.739340 0.508822
vt 0.734508 0.512373
vt 0.729636 0.513956
vt 0.725223 0.515858
vt 0.716910 0.503826
vt 0.716903 0.516329
vt 0.757673 0.525397
vt 0.753027 0.525379
vt 0.747326 0.524719
vt 0.743103 0.523032
vt 0.739777 0.520984
vt 0.736233 0.522347
vt 0.735871 0.527134
vt 0.736161 0.521605
vt 0.741253 0.528693
vt 0.745549 0.525546
vt 0.750567 0.528911
vt 0.730554 0.531258
vt 0.728572 0.525557
vt 0.724196 0.525080
vt 0.726560 0.531289
vt 0.720221 0.525460
vt 0.425996 0.765042
vt 0.432586 0.770378
vt 0.439558 0.775141
vt 0.444050 0.774908
vt 0.436837 0.773406
vt 0.245576 0.175160
vt 0.412280 0.762094
vt 0.259415 0.169184
vt 0.453678 0.480255
vt 0.252506 0.183162
vt 0.252053 0.183366
vt 0.237382 0.201403
vt 0.265789 0.174706
vt 0.722326 0.496787
vt 0.722328 0.497568
vt 0.720259 0.502394
vt 0.239503 0.694557
vt 0.367359 0.467551
vt 0.415322 0.645337
vt 0.425780 0.644411
vt 0.720635 0.516118
vt 0.407455 0.766625
vt 0.407431 0.773898
vt 0.440559 0.777606
vt 0.397723 0.193378
vt 0.444388 0.209432
vt 0.456928 0.226453
vt 0.463633 0.237538
vt 0.368489 0.201035
vt 0.346416 0.222502
vt 0.336822 0.234001
vt 0.301273 0.180594
vt 0.336310 0.240083
vt 0.245027 0.173670
vt 0.219375 0.188324
vt 0.189431 0.201404
vt 0.177834 0.222760
vt 0.177059 0.239303
vn -0.059294 -0.150666 0.986805
vn 0.628757 0.146593 0.763659
vn 0.198109 -0.081395 0.976795
vn 0.596832 0.094078 0.796832
vn 0.654706 0.155067 0.739807
vn 0.260052 0.216126 0.941097
vn 0.510942 0.275263 0.814352
vn 0.144581 0.282324 0.948362
vn 0.293109 0.495582 0.817610
vn 0.266720 0.121433 0.956093
vn 0.512504 0.185355 0.838441
vn 0.426805 0.015845 0.904205
vn 0.694024 0.331477 0.639103
vn 0.669306 0.126916 0.732067
vn 0.797613 0.177420 0.576486
vn 0.735810 -0.035209 0.676272
vn 0.452758 -0.391355 0.801157
vn 0.203020 0.039693 0.978370
vn 0.215308 -0.037914 0.975810
vn 0.182438 -0.118870 0.976005
vn -0.097972 0.241592 0.965419
vn 0.077998 0.101701 0.991753
vn -0.067883 -0.357943 0.931273
vn 0.095629 -0.320296 0.942478
vn -0.135196 0.231808 0.963321
vn 0.026958 0.111722 0.993374
vn 0.225841 -0.194834 0.954482
vn 0.177770 0.123050 0.976349
vn 0.427066 -0.243369 0.870854
vn 0.294985 -0.437209 0.849607
vn 0.239592 -0.107979 0.964850
vn 0.222417 -0.147270 0.963765
vn 0.430323 -0.111387 0.895776
vn -0.048996 -0.247532 0.967640
vn 0.324825 -0.289696 0.900314
vn 0.561878 -0.131189 0.816751
vn 0.035750 -0.307930 0.950737
vn -0.036858 -0.048666 0.998135
vn -0.156173 0.121657 0.980209
vn -0.116186 0.348615 0.930037
vn -0.053662 0.176744 0.982793
vn 0.200449 -0.024035 0.979409
vn 0.830640 0.054439 0.554142
vn 0.484206 -0.029384 0.874460
vn -0.041614 0.169584 0.984637
vn -0.120295 0.105106 0.987159
vn -0.062664 0.156169 0.985741
vn 0.210242 0.249776 0.945204
vn -0.107710 0.179024 0.977931
vn 0.243033 -0.036805 0.969319
vn 0.309851 0.135197 0.941124
vn -0.004467 0.226987 0.973888
vn -0.143511 -0.135342 0.980350
vn -0.381403 -0.032335 0.923843
vn -0.202619 0.316766 0.926609
vn 0.068565 0.070438 0.995157
vn -0.689528 0.050401 0.722503
vn -0.729546 0.273223 0.626987
vn -0.508804 0.271243 0.817035
vn 0.727725 -0.192461 0.658312
vn 0.088029 0.186663 0.978472
vn -0.305571 -0.009279 0.952124
vn 0.151512 -0.523889 0.838203
vn -0.055401 -0.883107 0.465889
vn 0.264159 -0.850897 0.454086
vn -0.062868 0.120925 0.990669
vn -0.190941 0.081298 0.978229
vn -0.110483 -0.500036 0.858928
vn -0.088959 -0.426327 0.900184
vn 0.095034 -0.458044 0.883835
vn 0.029779 -0.898261 0.438453
vn -0.197819 -0.857099 0.475656
vn 0.023965 -0.881115 0.472294
vn -0.218247 -0.893864 0.391632
vn 0.309875 0.053645 0.949263
vn 0.447338 0.106791 0.887966
vn 0.185170 -0.168044 0.968232
vn 0.106200 -0.764971 0.635249
vn 0.223806 -0.252641 0.941320
vn 0.182578 -0.022449 0.982935
vn 0.276426 -0.233714 0.932184
vn -0.264624 -0.134159 0.954974
vn -0.596667 -0.392442 0.699984
vn -0.206459 -0.137783 0.968706
vn 0.319714 0.088654 0.943358
vn -0.284621 -0.708793 0.645448
vn -0.095066 -0.856552 0.507229
vn -0.481160 -0.397234 0.781467
vn -0.344917 0.172888 0.922574
vn -0.078833 0.038464 0.996146
vn -0.430001 0.075905 0.899632
vn -0.788687 -0.255110 0.559367
vn -0.859331 -0.047537 0.509206
vn -0.460671 0.188112 0.867408
vn -0.279949 0.220097 0.934444
vn -0.365376 0.793500 0.486680
vn 0.443101 0.424012 0.789858
vn -0.248321 0.968508 -0.018140
vn 0.567222 0.814509 0.121793
vn 0.272523 0.140463 0.951841
vn 0.840316 -0.184647 0.509681
vn -0.460618 0.278445 0.842793
vn -0.676325 0.122252 0.726387
vn 0.648106 -0.166946 0.743026
vn 0.853076 -0.204016 0.480249
vn -0.386012 0.145849 0.910891
vn -0.577371 0.234075 0.782209
vn 0.235407 0.049595 0.970631
vn 0.918993 -0.040075 0.392232
vn -0.597686 0.175336 0.782323
vn -0.616066 -0.048191 0.786219
vn 0.328295 0.167652 0.929578
vn 0.938536 0.273645 0.210401
vn 0.964785 0.263035 -0.001823
vn 0.280771 0.366704 0.886959
vn -0.684215 0.009344 0.729221
vn 0.882700 0.469903 0.005686
vn 0.099940 0.482573 0.870135
vn -0.693039 -0.066341 0.717841
vn 0.073554 0.645432 0.760268
vn 0.068103 0.594309 0.801348
vn 0.292265 -0.651420 0.700167
vn 0.137807 -0.678396 0.721656
vn 0.342105 -0.365583 0.865629
vn 0.042447 0.786903 0.615615
vn 0.213170 0.799121 0.562107
vn 0.631120 0.420528 0.651800
vn -0.096348 -0.574315 0.812945
vn 0.017222 0.705816 0.708186
vn -0.055708 -0.582995 0.810564
vn 0.019387 0.698955 0.714903
vn -0.145041 -0.427191 0.892452
vn -0.048174 0.516748 0.854781
vn -0.061388 -0.511396 0.857150
vn 0.003021 0.805878 0.592074
vn 0.047895 0.514759 0.855996
vn 0.086743 -0.691388 0.717257
vn -0.045869 -0.598634 0.799708
vn -0.088725 0.690303 0.718059
vn -0.289894 -0.400000 0.869460
vn -0.207968 0.817823 0.536576
vn -0.323936 -0.339742 0.882973
vn -0.138565 0.770766 0.621867
vn -0.587862 -0.158181 0.793346
vn -0.260351 0.791215 0.553350
vn -0.663104 0.675975 0.321481
vn -0.861369 -0.012353 0.507830
vn -0.000078 1.000000 0.000176
vn -0.000269 1.000000 -0.000026
vn -0.000021 1.000000 0.000199
vn -0.000016 1.000000 0.000149
vn -0.003947 0.999983 0.004242
vn -0.008618 0.999864 0.014070
vn -0.020223 0.999755 -0.009017
vn -0.007938 0.999968 -0.000257
vn -0.000011 1.000000 -0.000129
vn -0.000183 1.000000 -0.000241
vn -0.000233 1.000000 -0.000137
vn 0.000247 1.000000 0.000144
vn -0.000106 1.000000 0.000334
vn -0.000043 1.000000 0.000336
vn 0.000046 1.000000 0.000467
vn 0.000021 1.000000 0.000564
vn -0.000137 1.000000 0.000204
vn -0.029111 0.999576 0.000220
vn -0.000053 1.000000 0.000428
vn -0.053658 0.996407 -0.065530
vn 0.000018 1.000000 0.000440
vn -0.000379 1.000000 0.000348
vn 0.000274 1.000000 0.000264
vn -0.000202 1.000000 0.000121
vn 0.000495 1.000000 0.000084
vn 0.000212 1.000000 0.000026
vn 0.000017 1.000000 -0.000368
vn 0.000043 1.000000 0.000506
vn 0.000541 1.000000 0.000349
vn -0.000304 1.000000 -0.000006
vn 0.000158 1.000000 -0.000208
vn 0.000397 1.000000 0.000045
vn -0.000145 1.000000 0.000192
vn -0.000039 1.000000 0.000506
vn 0.000006 1.000000 0.000752
vn -0.000300 1.000000 -0.000198
vn -0.000249 1.000000 -0.000026
vn -0.000104 1.000000 -0.000079
vn 0.789030 0.201285 0.580444
vn 0.546318 -0.189889 0.815769
vn 0.376063 -0.042440 0.925622
vn 0.309790 -0.220008 0.925001
vn 0.131520 0.085959 0.987580
vn 0.109993 -0.192084 0.975195
vn -0.060408 -0.087702 0.994313
vn -0.195058 -0.119114 0.973532
vn -0.644304 0.112911 0.756388
vn -0.471829 0.136379 0.871079
vn -0.393739 0.067633 0.916731
vn -0.531069 0.077985 0.843732
vn -0.313506 0.038762 0.948795
vn -0.470424 -0.012779 0.882348
vn 0.021195 -0.373388 0.927433
vn 0.387608 -0.616180 0.685626
vn 0.017089 -0.533588 0.845572
vn 0.250800 -0.281310 0.926264
vn 0.085841 0.738286 0.669003
vn 0.044390 0.765391 0.642033
vn -0.030969 -0.370080 0.928483
vn -0.043283 0.627764 0.777200
vn 0.003164 0.999987 -0.003995
vn 0.016530 0.999861 0.002008
vn -0.000119 1.000000 0.000944
vn 0.211344 0.767223 0.605559
vn 0.000046 0.999996 0.002952
vn 0.011267 0.999885 0.010189
vn -0.000024 1.000000 -0.000018
vn 0.006196 0.999977 -0.002809
vn -0.000733 1.000000 0.000250
vn 0.022211 0.999742 0.004756
vn 0.013160 0.999856 0.010716
vn -0.012767 0.999916 -0.002256
vn 0.073280 0.749165 0.658318
vn 0.164438 0.551707 0.817667
vn -0.112027 0.771778 0.625946
vn 0.240520 0.864947 0.440474
vn 0.061681 0.982316 0.176777
vn -0.000035 1.000000 -0.000020
vn 0.614951 -0.144323 0.775246
vn 0.690290 0.309557 0.653968
vn 0.734233 -0.179802 0.654655
vn 0.634784 -0.414427 0.652150
vn 0.681755 -0.351343 0.641692
vn 0.553125 -0.315786 0.770929
vn 0.277020 -0.189264 0.942040
vn -0.073488 -0.030494 0.996830
vn -0.324918 0.352886 0.877439
vn 0.109189 -0.175235 0.978453
vn -0.268099 -0.012296 0.963313
vn -0.617569 0.123226 0.776804
vn -0.722441 0.329164 0.608054
vn -0.560124 0.495847 0.663624
vn -0.430807 0.221189 0.874918
vn 0.041636 0.506986 0.860948
vn -0.199820 0.468680 0.860471
vn -0.142075 -0.764522 0.628745
vn -0.132042 -0.815933 0.562865
vn -0.478969 -0.616506 0.624907
vn -0.322513 0.614567 0.719926
vn -0.767899 0.479041 0.425267
vn -0.872935 -0.437989 0.214826
vn 0.197831 0.498420 0.844062
vn 0.029433 0.999566 0.001000
vn 0.025651 0.999658 -0.005027
vn 0.001380 0.999999 -0.000095
vn -0.001445 0.999999 -0.000222
vn -0.018129 0.762202 0.647086
vn -0.286185 0.146134 0.946965
vn -0.406663 0.627976 0.663529
vn -0.575326 0.323750 0.751123
vn -0.488776 0.245711 0.837093
vn -0.019660 0.994986 0.098066
vn -0.248462 0.948745 0.195318
vn 0.037262 0.999268 -0.008642
vn -0.000467 1.000000 -0.000355
vn 0.002297 0.999997 -0.000791
vn 0.000900 0.999999 0.000674
vn -0.005493 0.940109 0.340831
vn 0.753187 0.433536 0.494729
vn 0.598317 0.044953 0.799998
vn 0.236621 0.148237 0.960227
vn 0.238362 0.072037 0.968501
vn 0.552407 0.228171 0.801739
vn 0.305227 0.252340 0.918238
vn -0.449915 0.316274 0.835193
vn -0.422461 0.053415 0.904806
vn -0.585550 0.213150 0.782111
vn -0.469148 -0.156176 0.869200
vn -0.393235 0.452444 0.800413
vn 0.336034 0.196669 0.921088
vn 0.559486 0.208008 0.802314
vn 0.633665 0.115952 0.764868
vn 0.160934 0.304601 0.938785
vn 0.838207 0.168559 0.518650
vn -0.713496 0.433285 0.550625
vn -0.767088 0.475735 0.430409
vn 0.021184 0.610732 0.791554
vn 0.799945 0.372844 0.470186
vn -0.018420 0.821406 0.570046
vn -0.741649 0.270413 0.613868
vn -0.738876 0.290972 0.607781
vn -0.627915 -0.412310 0.660093
vn 0.907480 0.060377 0.415733
vn 0.914221 0.061618 0.400504
vn 0.071334 0.292825 0.953501
vn 0.425294 0.100025 0.899511
vn 0.848379 0.040413 0.527844
vn 0.504151 0.002511 0.863612
vn 0.634313 0.072940 0.769628
vn 0.671782 0.103621 0.733465
vn 0.704405 0.148001 0.694197
vn 0.681938 0.078137 0.727225
vn 0.760975 -0.003880 0.648769
vn 0.518616 0.058407 0.853010
vn 0.715602 -0.017479 0.698289
vn 0.501059 0.028937 0.864929
vn 0.568176 -0.063445 0.820458
vn 0.362702 0.031008 0.931389
vn 0.396216 0.162554 0.903653
vn 0.372206 -0.153394 0.915387
vn 0.288124 -0.125579 0.949323
vn 0.191016 -0.116204 0.974685
vn -0.157379 -0.374304 0.913853
vn 0.031945 -0.327665 0.944254
vn -0.141843 -0.192377 0.971016
vn 0.137494 -0.140039 0.980553
vn -0.121659 -0.119217 0.985386
vn -0.082421 -0.076708 0.993641
vn -0.073523 0.041157 0.996444
vn -0.013514 0.144808 0.989368
vn 0.058352 0.184450 0.981108
vn -0.052343 0.046722 0.997536
vn 0.138973 0.052828 0.988886
vn -0.026682 -0.143658 0.989268
vn 0.192646 -0.286221 0.938598
vn -0.004275 -0.540169 0.841546
vn 0.091716 -0.712140 0.696021
vn -0.058648 -0.361886 0.930376
vn 0.148217 -0.559395 0.815542
vn -0.181447 -0.169052 0.968761
vn 0.252180 -0.197582 0.947294
vn 0.170656 0.259001 0.950681
vn 0.206900 0.289208 0.934640
vn -0.146781 -0.049515 0.987929
vn -0.186708 0.216133 0.958346
vn 0.036238 0.125533 0.991427
vn -0.169554 -0.008284 0.985486
vn 0.017454 -0.348304 0.937219
vn -0.117565 -0.366772 0.922853
vn 0.059626 -0.619757 0.782525
vn 0.201583 -0.404506 0.892042
vn 0.259214 -0.477754 0.839381
vn 0.269996 -0.654766 0.705963
vn 0.161492 -0.656162 0.737137
vn -0.080839 -0.886075 0.456438
vn 0.318048 -0.932319 0.172123
vn -0.091782 -0.779700 0.619390
vn 0.021379 -0.593009 0.804912
vn -0.085925 -0.687651 0.720939
vn 0.028725 -0.551713 0.833539
vn 0.120447 -0.444796 0.887496
vn 0.261292 -0.284980 0.922233
vn 0.123114 0.066847 0.990139
vn -0.294335 0.047917 0.954500
vn -0.156096 0.210973 0.964948
vn 0.073578 0.128915 0.988922
vn 0.319953 -0.393063 0.862051
vn -0.083313 -0.203240 0.975578
vn 0.042058 0.004945 0.999103
vn 0.231431 0.067010 0.970541
vn 0.474791 0.019633 0.879880
vn 0.495750 -0.366131 0.787515
vn 0.243739 -0.488533 0.837811
vn 0.081488 -0.459450 0.884458
vn 0.217055 0.042579 0.975230
vn -0.106050 0.182937 0.977388
vn -0.206171 0.041704 0.977627
vn -0.106473 0.137223 0.984801
vn 0.003336 0.434784 0.900529
vn 0.126503 0.486184 0.864651
vn 0.356176 -0.038850 0.933611
vn 0.058581 -0.040989 0.997441
vn -0.180148 0.246110 0.952353
vn -0.257127 0.552040 0.793182
vn -0.248040 0.546654 0.799779
vn -0.101380 0.320079 0.941951
vn 0.266095 -0.120624 0.956370
vn -0.284429 -0.060899 0.956761
vn 0.118530 -0.100020 0.987900
vn 0.408174 0.351222 0.842637
vn -0.013563 0.768738 0.639420
vn -0.468063 0.881411 -0.063499
vn 0.738165 0.357863 0.571879
vn 0.749167 0.389864 0.535495
vn -0.001855 0.720958 0.692977
vn -0.024971 0.341159 0.939674
vn 0.165684 0.307684 0.936952
vn 0.213928 0.649349 0.729781
vn 0.279852 -0.102921 0.954510
vn 0.152648 0.000248 0.988281
vn -0.701787 0.031895 0.711672
vn -0.570922 0.269166 0.775627
vn -0.463340 0.405217 0.788109
vn -0.125129 0.012777 0.992058
vn 0.313165 -0.039067 0.948895
vn -0.068571 -0.005091 0.997633
vn -0.015225 -0.256600 0.966398
vn 0.129239 -0.352534 0.926832
vn 0.228679 -0.432604 0.872101
vn 0.325099 -0.150675 0.933599
vn 0.623780 0.149355 0.767197
vn 0.454740 -0.318285 0.831809
vn 0.086615 -0.389561 0.916919
vn -0.603399 0.036143 0.796620
vn -0.676919 0.135594 0.723460
vn -0.487076 0.021448 0.873096
vn -0.267441 -0.033848 0.962979
vn -0.626369 -0.029386 0.778973
vn -0.280455 -0.316245 0.906275
vn -0.713355 0.040913 0.699607
vn 0.321492 0.015716 0.946782
vn -0.307775 0.025188 0.951126
vn -0.447789 0.051133 0.892676
vn -0.320069 -0.011593 0.947323
vn 0.185645 -0.189805 0.964111
vn 0.086609 -0.354498 0.931037
vn 0.853999 -0.213388 0.474501
vn 0.688428 -0.484246 0.539974
vn -0.234749 -0.049891 0.970775
vn -0.660526 0.071188 0.747421
vn 0.950639 -0.293091 0.101902
vn -0.580477 -0.018237 -0.814073
vn -0.488524 -0.429245 -0.759667
vn -0.097322 0.038733 0.994499
vn -0.537759 -0.455294 0.709593
vn -0.827740 0.185994 -0.529390
vn -0.937830 0.261151 -0.228638
vn -0.344554 -0.249535 0.904994
vn -0.425552 0.264247 0.865494
vn -0.014224 -0.072776 0.997247
vn 0.014561 0.049574 0.998664
vn -0.447939 0.070977 0.891242
vn -0.910253 0.077298 -0.406774
vn -0.992136 0.042141 0.117856
vn -0.396129 -0.236551 0.887201
vn -0.777306 -0.151131 0.610701
vn -0.623324 -0.385090 0.680569
vn 0.192164 -0.420186 0.886858
vn 0.291657 -0.554879 0.779132
vn -0.146067 -0.479095 0.865524
vn -0.962040 0.058911 0.266473
vn -0.872748 -0.109994 0.475618
vn -0.354314 -0.278487 0.892696
vn -0.550202 -0.517424 0.655401
vn -0.985413 -0.095261 0.141023
vn 0.126614 -0.096272 0.987269
vn -0.179414 -0.050706 0.982466
vn -0.306226 -0.775400 0.552251
vn -0.528282 -0.782127 0.330448
vn -0.752845 -0.625447 0.205041
vn -0.702146 -0.592841 0.394374
vn -0.249473 -0.706718 0.662052
vn 0.223668 -0.527753 0.819420
vn 0.508317 -0.382539 0.771542
vn -0.014284 -0.494297 0.869176
vn -0.056661 -0.583912 0.809837
vn 0.283729 -0.494155 0.821772
vn 0.364638 -0.301079 0.881130
vn 0.451724 -0.346402 0.822163
vn 0.220577 -0.576439 0.786806
vn -0.082261 -0.685998 0.722939
vn 0.108591 -0.715682 0.689933
vn 0.521806 -0.094290 0.847837
vn 0.657333 -0.108174 0.745796
vn 0.666454 -0.071255 0.742133
vn 0.693867 -0.087840 0.714726
vn 0.426178 -0.225661 0.876042
vn 0.184565 -0.392921 0.900860
vn 0.431859 0.176885 0.884426
vn -0.474594 0.231104 0.849324
vn 0.617819 -0.406574 0.673050
vn 0.540603 0.707492 0.455196
vn 0.448963 -0.594445 0.667134
vn 0.193299 -0.745306 0.638087
vn 0.090778 -0.804059 0.587578
vn 0.050136 -0.764037 0.643221
vn 0.470493 0.407677 0.782583
vn 0.238676 0.374865 0.895829
vn 0.012822 0.421494 0.906741
vn 0.003802 0.490525 0.871419
vn -0.206939 0.800037 0.563131
vn -0.628266 0.580672 0.517785
vn 0.095120 0.928085 0.360015
vn 0.000028 1.000000 0.000025
vn 0.000005 1.000000 -0.000128
vn -0.000566 1.000000 -0.000513
vn -0.002327 0.999997 -0.000240
vn -0.000039 1.000000 -0.000057
vn -0.000011 1.000000 -0.000081
vn 0.036807 0.998166 -0.048054
vn -0.196934 0.899385 0.390288
vn -0.000071 1.000000 0.000057
vn 0.000008 1.000000 -0.000025
vn -0.002776 0.999996 0.000471
vn -0.002690 0.999996 0.000521
vn -0.002643 0.999996 -0.000748
vn -0.001053 0.999998 -0.001448
vn -0.000448 1.000000 -0.000471
vn 0.115909 0.992398 -0.041369
vn -0.270654 0.920382 0.282212
vn 0.066392 0.502959 0.861757
vn -0.629343 0.264501 0.730730
vn -0.977855 0.121057 0.170716
vn -0.390362 0.907398 0.155712
vn 0.246201 0.966417 -0.073648
vn -0.000964 1.000000 -0.000013
vn -0.001067 0.999998 -0.001974
vn -0.001629 0.999996 -0.002496
vn -0.000972 1.000000 0.000191
vn -0.001360 0.999999 -0.000089
vn -0.000538 0.999999 0.000893
vn -0.000206 0.999996 0.002702
vn -0.000414 0.999999 0.001164
vn -0.146605 0.547702 0.823729
vn -0.336957 0.362169 0.869076
vn 0.285451 0.376026 0.881545
vn -0.621085 0.071992 0.780430
vn -0.434560 0.217738 0.873927
vn -0.633694 0.123565 0.763652
vn -0.744600 0.229224 0.626919
vn -0.996561 0.020174 0.080366
vn -0.529372 0.554593 0.642022
vn 0.260206 0.415403 0.871627
vn -0.992691 0.120621 0.003887
vn -0.487920 0.737965 0.466198
vn 0.111908 0.196171 0.974163
vn -0.864833 0.476434 -0.158348
vn -0.458457 0.125675 0.879786
vn -0.788769 0.495094 0.364315
vn 0.129122 0.093194 0.987240
vn -0.544528 0.086645 0.834255
vn -0.393719 0.786322 0.476111
vn -0.540417 0.725289 -0.426504
vn -0.628967 0.297784 0.718140
vn -0.053395 0.122424 0.991041
vn -0.161626 0.517097 0.840528
vn -0.400690 0.640112 0.655518
vn -0.397412 0.302319 0.866410
vn -0.365242 0.209109 0.907123
vn -0.309643 0.247252 0.918144
vn -0.268582 0.181224 0.946056
vn 0.075806 0.213813 0.973929
vn -0.257688 0.322143 0.910945
vn -0.540463 0.115650 0.833381
vn -0.687709 0.664602 -0.292166
vn -0.282733 -0.028268 0.958782
vn -0.407657 -0.128893 0.903993
vn -0.344048 0.068652 0.936439
vn -0.625625 0.418487 0.658379
vn -0.591447 0.166537 0.788959
vn -0.708110 -0.068374 0.702784
vn -0.739365 -0.172657 0.650791
vn -0.371559 -0.714042 0.593371
vn -0.402045 -0.895781 0.189567
vn -0.440053 -0.694834 0.568823
vn -0.640452 -0.664756 0.384604
vn -0.489739 -0.634664 0.597793
vn -0.593681 -0.685098 0.422118
vn -0.362000 -0.794514 0.487549
vn -0.622648 -0.727538 0.288092
vn -0.396786 -0.837150 0.376484
vn -0.219254 -0.612004 0.759854
vn -0.216986 -0.647438 0.730577
vn -0.016509 -0.691448 0.722238
vn -0.264990 0.192950 0.944749
vn -0.339797 0.102975 0.934844
vn -0.561608 0.205836 0.801391
vn -0.127357 0.622357 0.772303
vn -0.227982 0.553826 0.800813
vn -0.419629 0.103421 0.901785
vn -0.392355 0.143584 0.908538
vn -0.220419 0.147720 0.964155
vn -0.536502 0.054138 0.842161
vn -0.654571 -0.014097 0.755869
vn -0.684282 -0.103274 0.721868
vn -0.585343 -0.169808 0.792804
vn -0.070713 0.092430 0.993205
vn -0.122453 -0.012474 0.992396
vn 0.141448 0.481079 0.865191
vn 0.028635 0.049421 0.998367
vn 0.261749 0.854200 0.449255
vn -0.045964 0.088103 0.995050
vn 0.296114 0.281041 0.912871
vn 0.307822 0.124419 0.943274
vn -0.166433 -0.093756 0.981586
vn -0.291564 -0.043614 0.955556
vn -0.614033 -0.209866 0.760868
vn -0.745790 -0.259698 0.613477
vn -0.821425 -0.291162 0.490394
vn -0.657577 -0.164694 0.735165
vn -0.867927 -0.035681 0.495408
vn -0.767057 0.021104 0.641232
vn -0.900055 0.182354 0.395789
vn -0.848894 0.296162 0.437797
vn -0.862304 0.372344 0.343208
vn -0.893057 0.222803 0.390906
vn -0.959842 0.094830 0.264028
vn -0.772055 0.284562 0.568292
vn -0.750874 0.195987 0.630695
vn -0.975189 0.048594 0.215973
vn -0.964623 0.025558 0.262390
vn -0.569804 0.117937 0.813274
vn -0.965296 0.024735 0.259983
vn -0.532042 0.336339 0.777050
vn -0.724497 0.683079 0.092237
vn -0.022622 0.991641 0.127031
vn -0.114669 -0.119174 0.986229
vn -0.424638 -0.020033 0.905142
vn -0.392007 0.265251 0.880893
vn -0.475078 0.678557 0.560233
vn -0.085456 0.697874 0.711105
vn 0.362898 0.371324 0.854648
vn 0.544981 0.246569 0.801373
vn 0.435924 0.282147 0.854613
vn 0.325651 0.726945 0.604568
vn 0.613216 0.132486 0.778725
vn 0.654620 0.183058 0.733459
vn 0.429731 0.007842 0.902923
vn 0.692373 0.187730 0.696690
vn 0.253692 0.435959 0.863470
vn 0.381805 0.760356 0.525437
vn 0.606259 0.626588 0.489732
vn 0.795463 0.475680 0.375456
vn 0.837936 0.247492 0.486427
vn 0.843632 0.227255 0.486457
vn 0.721380 0.691726 -0.033550
vn 0.775976 0.253585 0.577543
vn 0.787099 0.486310 0.379444
vn 0.726044 0.398715 0.560256
vn 0.772755 0.534824 0.341779
vn 0.615062 0.286425 0.734616
vn 0.421908 0.183302 0.887916
vn -0.118056 -0.448653 0.885874
vn -0.240309 -0.609361 0.755600
vn -0.058914 -0.162588 0.984934
vn -0.071819 -0.412795 0.907988
vn 0.014194 -0.723325 0.690362
vn 0.060132 -0.382227 0.922110
vn -0.232902 -0.704131 0.670787
vn -0.641813 -0.713304 0.281556
vn -0.450803 -0.680268 0.577937
vn -0.207727 -0.276498 0.938296
vn -0.627104 -0.763457 0.154513
vn -0.822695 -0.462606 0.330408
vn -0.990742 -0.135740 0.002308
vn -0.248359 0.658779 0.710161
vn -0.597134 0.332270 0.730087
vn 0.011695 0.519665 0.854290
vn -0.081006 0.672153 0.735967
vn 0.067284 0.831880 0.550861
vn 0.290823 -0.134743 0.947242
vn 0.191846 0.845594 0.498163
vn 0.241419 -0.683075 0.689293
vn 0.002603 0.999898 -0.014038
vn 0.004536 0.999961 -0.007603
vn -0.000153 1.000000 -0.000382
vn -0.000204 1.000000 -0.000398
vn 0.001531 0.999829 -0.018448
vn 0.001603 0.998993 -0.044832
vn 0.004405 0.999171 -0.040475
vn 0.000067 1.000000 -0.000073
vn 0.000119 1.000000 0.000094
vn -0.000074 1.000000 -0.000211
vn -0.000068 1.000000 0.000036
vn -0.000178 1.000000 -0.000262
vn 0.005972 0.999978 -0.003020
vn 0.002936 0.999996 0.000355
vn 0.004348 0.999989 -0.001748
vn 0.000365 1.000000 -0.000725
vn -0.000051 1.000000 -0.000730
vn -0.000425 1.000000 0.000050
vn 0.000032 1.000000 -0.000000
vn 0.000131 1.000000 -0.000193
vn 0.000005 1.000000 -0.000009
vn 0.000012 1.000000 0.000455
vn -0.000245 1.000000 -0.000618
vn 0.000204 0.999998 -0.001961
vn 0.000300 1.000000 -0.000813
vn 0.569635 -0.656969 0.493870
vn 0.711332 -0.051936 0.700935
vn 0.653099 -0.175516 0.736652
vn 0.274715 -0.899944 0.338575
vn 0.758017 -0.523069 0.389627
vn -0.000019 -1.000000 0.000282
vn 0.076640 -0.878172 -0.472165
vn -0.000038 -1.000000 0.000565
vn 0.213173 -0.798273 0.563310
vn 0.213173 -0.798273 0.563310
vn 0.213173 -0.798273 0.563310
vn -0.583058 0.633893 0.508157
vn 0.000474 1.000000 -0.000148
vn -0.001911 0.999998 0.000190
vn -0.724126 0.689225 -0.024686
vn -0.975021 -0.200464 -0.095646
vn -0.416564 -0.881701 0.221536
vn -0.322165 -0.892085 0.316851
vn -0.606434 0.766026 -0.213169
vn 0.557106 -0.266790 0.786420
vn 0.026321 -0.126150 0.991662
vn 0.495314 -0.127398 0.859322
vn -0.356754 -0.116734 0.926876
vn -0.316540 -0.029295 0.948127
vn 0.255736 0.139593 0.956615
vn 0.219548 0.147172 0.964437
vn 0.690539 0.475280 0.545220
vn -0.069729 -0.078665 0.994460
vn -0.151064 0.052442 0.987132
vn 0.046319 -0.117421 0.992001
vn -0.114019 0.045751 0.992425
vn -0.998115 -0.060268 -0.011622
vn -0.852482 -0.016716 0.522489
vn -0.975025 0.068203 0.211362
vn -0.837069 0.029743 0.546289
vn -0.306887 0.047731 0.950548
vn -0.109879 -0.075328 0.991086
vn -0.365442 0.019566 0.930629
vn -0.424472 -0.125870 0.896649
vn -0.548662 -0.054099 0.834292
vn -0.439866 -0.243255 0.864491
vn 0.051611 -0.344381 0.937410
vn -0.228695 -0.311396 0.922351
vn -0.373077 -0.137649 0.917533
vn 0.202162 -0.410831 0.889015
vn 0.242041 -0.495759 0.834050
vn 0.020057 -0.774033 0.632828
vn 0.180417 -0.790209 0.585678
vn -0.230082 -0.739242 0.632917
vn -0.197489 -0.696377 0.689969
vn -0.008643 -0.780924 0.624566
vn 0.667135 -0.592106 0.452042
vn 0.537078 0.830390 0.148321
vn 0.718225 0.346625 0.603328
vn 0.309680 -0.734127 0.604282
vn 0.099525 -0.754499 0.648712
vn -0.008471 -0.828402 0.560070
vn -0.059878 -0.835577 0.546100
vn 0.106999 -0.666411 0.737867
vn 0.079681 0.496445 0.864404
vn 0.038680 0.510741 0.858864
vn -0.001491 0.528889 0.848690
vn -0.066908 0.765742 0.639658
vn -0.105320 0.637254 0.763423
vn -0.045388 -0.649125 0.759326
vn 0.033579 0.999408 0.007437
vn 0.068334 0.997392 0.023241
vn 0.000154 0.999997 0.002460
vn 0.000831 0.999998 0.001982
vn 0.001228 0.999996 0.002429
vn 0.001555 0.999996 0.002294
vn -0.000295 0.999998 0.002171
vn 0.000096 1.000000 -0.000044
vn 0.000001 1.000000 -0.000066
vn 0.000114 1.000000 -0.000056
vn -0.009957 0.999897 -0.010354
vn 0.001211 0.999755 -0.022118
vn 0.009945 0.999892 -0.010810
vn 0.017769 0.999232 -0.034933
vn -0.016720 0.999360 -0.031631
vn -0.017718 0.999840 -0.002477
vn 0.000161 1.000000 -0.000021
vn 0.000228 1.000000 -0.000121
vn 0.017617 0.999824 -0.006428
vn 0.001046 0.999999 -0.001039
vn -0.008674 0.999962 -0.001325
vn -0.014749 0.999890 0.001790
vn -0.738725 0.673863 0.013953
vn -0.392213 -0.869188 0.301133
vn -0.209076 -0.825895 0.523627
vn -0.076036 -0.956287 0.282372
vn 0.007894 -0.887151 0.461411
vn -0.005165 -0.987754 0.155937
vn 0.019502 -0.965758 0.258709
vn 0.234264 -0.941341 0.242893
vn 0.754983 -0.634391 0.165975
vn 0.769289 0.623631 0.138851
vn 0.493455 -0.646161 0.582219
vn 0.466478 0.733598 0.494199
vn 0.098008 -0.984693 0.144132
vn -0.060378 -0.800989 0.595626
vn -0.045917 -0.982991 0.177824
vn -0.058512 -0.825949 0.560700
vn -0.050734 -0.920484 0.387474
vn 0.006218 -0.762366 0.647116
vn -0.036209 0.568943 0.821580
vn -0.040208 0.692230 0.720556
vn -0.004150 0.286050 0.958206
vn -0.044349 0.539093 0.841078
vn 0.039056 0.999234 0.002335
vn 0.067731 0.997600 0.014356
vn 0.000056 0.999993 0.003638
vn 0.000756 0.999992 0.003847
vn 0.001049 0.999987 0.005020
vn 0.001312 0.999986 0.005043
vn 0.000034 1.000000 -0.000051
vn 0.000029 1.000000 -0.000082
vn 0.000162 1.000000 -0.000064
vn -0.009860 0.999893 -0.010761
vn 0.003701 0.999729 -0.023007
vn 0.012293 0.999827 -0.013946
vn 0.022623 0.998865 -0.041907
vn -0.016877 0.999316 -0.032895
vn -0.017436 0.999844 -0.002738
vn 0.000183 1.000000 0.000095
vn 0.000146 1.000000 -0.000009
vn 0.017291 0.999776 -0.012184
vn 0.000578 0.999999 -0.001122
vn -0.000267 0.999988 0.004993
vn -0.010393 0.999944 -0.001877
vn -0.014662 0.997639 -0.067089
vn -0.016410 0.996893 -0.077039
vn -0.017056 0.980694 -0.194805
vn 0.408280 0.029326 0.912386
vn 0.011548 0.007106 0.999908
vn 0.035274 0.134565 0.990277
vn 0.015858 -0.031243 0.999386
vn -0.492437 0.062203 0.868123
vn -0.285573 -0.060513 0.956445
vn -0.606207 -0.237406 0.759046
vn -0.574338 0.209294 0.791412
vn 0.075369 -0.852971 0.516489
vn -0.011558 0.546033 0.837684
vn 0.092565 -0.657730 0.747545
vn -0.008582 0.704862 0.709292
vn 0.081637 -0.812867 0.576700
vn 0.112428 -0.974165 0.195861
vn -0.080971 -0.729588 0.679076
vn 0.134994 -0.978490 0.155992
vn 0.505219 0.648279 0.569639
vn 0.435422 0.900174 0.009697
vn 0.458609 0.638985 -0.617557
vn 0.185078 0.789310 -0.585436
vn 0.866574 0.302956 -0.396568
vn 0.538264 0.710999 -0.452495
vn 0.725575 0.058839 -0.685623
vn 0.417863 -0.387122 0.821905
vn 0.536550 -0.694343 0.479586
vn 0.751982 -0.323504 0.574341
vn 0.947516 0.260041 0.185988
vn 0.948589 -0.305777 -0.081725
vn 0.675684 0.001470 -0.737190
vn -0.827257 0.542560 0.145863
vn -0.627663 0.693296 -0.354091
vn -0.174833 0.899044 0.401439
vn -0.444778 0.891691 -0.084022
vn -0.654567 -0.709102 0.262137
vn -0.501759 -0.863824 0.045230
vn -0.076077 -0.995765 0.051618
vn 0.036744 -0.806915 0.589524
vn -0.080183 0.451881 0.888467
vn -0.375032 -0.916431 -0.139664
vn -0.677547 -0.722584 0.137126
vn -0.321091 -0.654374 0.684614
vn -0.544201 -0.147562 0.825876
vn -0.350549 0.711061 0.609515
vn -0.741311 0.579917 0.337867
vn -0.999194 0.002744 -0.040039
vn -0.945993 -0.040111 0.321695
vn 0.687125 0.691543 0.222774
vn 0.003520 0.999888 -0.014574
vn 0.003915 0.999932 -0.010980
vn 0.694688 -0.714339 -0.084427
vn 0.425613 0.818182 -0.386564
vn 0.670455 0.716308 -0.193370
vn 0.965718 -0.128233 -0.225711
vn -0.353303 -0.290181 0.889366
vn -0.303762 -0.751835 0.585211
vn -0.443192 -0.421504 0.791148
vn -0.240286 0.718577 0.652618
vn -0.733004 0.462692 0.498619
vn -0.528279 -0.097390 0.843467
vn -0.848748 -0.297367 0.437265
vn -0.748831 -0.464302 0.472944
vn -0.972220 -0.150554 -0.179226
vn -0.816361 0.030485 -0.576736
vn -0.648010 0.523906 -0.552816
vn -0.322683 0.590638 0.739610
vn -0.804911 0.519963 0.285931
vn -0.997598 -0.041545 0.055424
vn -0.821079 -0.570638 0.014235
vn -0.070597 -0.702415 0.708258
vn -0.534321 -0.606632 0.588642
vn -0.499961 -0.765147 0.405695
vn -0.868724 -0.468515 0.160660
vn -0.968443 0.114028 0.221621
vn -0.892594 0.002495 0.450855
vn -0.998549 0.053734 -0.003587
vn -0.299429 -0.475657 0.827099
vn 0.476718 -0.084374 0.874998
vn 0.028934 -0.354287 0.934689
vn 0.567901 -0.499481 0.654223
vn 0.481627 0.575181 0.661213
vn 0.114144 -0.666829 0.736417
vn 0.589622 0.232157 0.773595
vn 0.650412 -0.195819 0.733907
vn 0.814725 -0.151464 0.559716
vn 0.812919 -0.064591 0.578784
vn 0.716422 -0.156330 0.679927
vn 0.936790 -0.271739 0.220415
vn 0.532470 0.803659 0.265722
vn 0.392442 0.916737 0.074714
vn 0.026832 0.999591 0.009858
vn 0.004433 0.999979 -0.004759
vn 0.011323 0.999852 0.012967
vn 0.003614 0.999969 -0.007004
vn -0.915459 0.302150 0.265781
vn 0.000140 1.000000 -0.000130
vn -0.481632 0.875270 -0.043969
vn 0.000295 1.000000 -0.000082
vn -0.000433 1.000000 0.000078
vn 0.000038 1.000000 -0.000125
vn 0.000311 1.000000 0.000153
vn -0.710105 0.695284 0.111047
vn -0.311806 0.950083 -0.010907
vn -0.000070 0.999873 -0.015917
vn 0.000117 1.000000 0.000016
vn 0.000195 1.000000 -0.000169
vn 0.000284 1.000000 -0.000135
vn 0.000212 1.000000 -0.000285
vn -0.048560 0.898610 0.436053
vn -0.611343 0.085256 0.786760
vn -0.717969 -0.271625 0.640890
vn -0.823664 -0.207278 0.527838
vn -0.252786 0.847512 0.466715
vn -0.172028 -0.803660 0.569682
vn -0.468839 -0.531773 0.705271
vn -0.737392 0.667286 0.104797
vn -0.627684 0.215004 0.748189
vn -0.871521 -0.420340 0.252517
vn -0.657072 -0.694769 0.292492
vn -0.837601 0.279578 0.469320
vn -0.082130 0.523380 0.848132
vn 0.001785 0.999998 0.000267
vn 0.000209 1.000000 -0.000390
vn -0.000425 0.999999 -0.000993
vn 0.514171 -0.602964 0.609969
vn 0.991979 -0.074941 0.101795
vn 0.874859 0.447730 0.184825
vn 0.760131 0.649762 0.003306
vn 0.077746 0.761940 0.642965
vn 0.358655 0.931443 -0.061486
vn -0.000405 0.999999 -0.001291
vn 0.163836 -0.979452 0.117607
vn 0.833860 -0.545248 0.085925
vn 0.984781 0.159794 -0.068359
vn 0.938746 0.073733 0.336629
vn 0.524293 0.247767 0.814695
vn 0.131344 0.104547 0.985809
vn -0.004290 0.007701 0.999961
vn 0.017327 -0.098075 0.995028
vn 0.121955 -0.055780 0.990967
vn 0.954203 -0.053676 0.294304
vn 0.691440 -0.047384 0.720879
vn -0.093316 0.020136 0.995433
vn -0.174448 0.027546 0.984281
vn -0.509764 0.119050 0.852037
vn -0.550286 0.033556 0.834302
vn -0.839782 0.003589 0.542911
vn -0.845097 0.005382 0.534586
vn -0.564590 0.001766 0.825369
vn -0.838749 0.000151 0.544518
vn -0.575162 0.004616 0.818026
vn -0.837892 0.000446 0.545835
vn -0.128060 0.011576 0.991699
vn 0.018110 0.003965 0.999828
vn 0.047080 -0.006617 0.998869
vn 0.075976 -0.020043 0.996908
vn 0.175942 -0.004412 0.984391
vn 0.178547 -0.009855 0.983882
vn 0.642336 -0.006170 0.766398
vn 0.853240 -0.007844 0.521459
vn 0.963085 -0.006147 0.269127
vn 0.968289 -0.009059 0.249667
vn -0.045110 -0.133598 0.990008
vn -0.106595 -0.213585 0.971092
vn -0.074194 -0.166366 0.983269
vn 0.043840 -0.062401 0.997088
vn -0.069587 -0.025341 0.997254
vn 0.026728 -0.029130 0.999218
vn 0.112830 0.100601 0.988509
vn 0.036439 -0.269405 0.962337
vn 0.190657 -0.305011 0.933069
vn 0.351682 -0.127978 0.927330
vn -0.496857 -0.033893 0.867170
vn -0.030663 -0.045173 0.998509
vn -0.718021 0.135705 0.682664
vn -0.734518 -0.004460 0.678574
vn -0.764344 0.132005 0.631152
vn -0.762311 0.076766 0.642642
vn -0.394429 0.061795 0.916846
vn 0.322076 -0.020948 0.946482
vn 0.474324 -0.033692 0.879706
vn 0.047280 -0.011850 0.998811
vn -0.116379 0.010719 0.993147
vn 0.102081 0.016037 0.994647
vn 0.112856 -0.003947 0.993604
vn 0.120936 -0.011403 0.992595
vn -0.048386 0.000486 0.998829
vn -0.032190 -0.006637 0.999460
vn 0.113639 -0.006802 0.993499
vn 0.162254 -0.015970 0.986620
f 2/2/1 5/5/2 3/3/3
f 3/3/3 5/5/2 6/6/4
f 5/5/2 7/7/5 6/6/4
f 6/6/4 7/7/5 8/8/6
f 7/7/5 9/9/7 8/8/6
f 8/8/6 9/9/7 10/10/8
f 9/9/7 11/11/9 10/10/8
f 10/10/8 11/11/9 12/12/10
f 11/11/9 13/13/11 12/12/10
f 12/12/10 13/13/11 14/14/12
f 13/13/11 15/15/13 14/14/12
f 14/14/12 15/15/13 16/16/14
f 15/15/13 17/17/15 16/16/14
f 16/16/14 17/17/15 18/18/16
f 16/16/14 19/19/17 14/14/12
f 14/14/12 19/19/17 20/20/18
f 12/12/10 14/14/12 21/21/19
f 21/21/19 14/14/12 20/20/18
f 21/21/19 22/22/20 12/12/10
f 12/12/10 22/22/20 10/10/8
f 22/22/20 23/23/21 10/10/8
f 10/10/8 23/23/21 8/8/6
f 23/23/21 24/24/22 8/8/6
f 8/8/6 24/24/22 6/6/4
f 6/6/4 24/24/22 3/3/3
f 3/3/3 24/24/22 25/25/23
f 25/25/23 24/24/22 32/32/24
f 32/32/24 24/24/22 33/33/25
f 24/24/22 23/23/21 33/33/25
f 33/33/25 23/23/21 34/34/26
f 23/23/21 22/22/20 34/34/26
f 34/34/26 22/22/20 35/35/27
f 22/22/20 21/21/19 35/35/27
f 35/35/27 21/21/19 36/36/28
f 21/21/19 20/20/18 36/36/28
f 36/36/28 20/20/18 37/37/29
f 20/20/18 19/19/17 37/37/29
f 37/37/29 19/19/17 38/38/30
f 36/36/28 39/39/31 35/35/27
f 35/35/27 39/39/31 40/40/32
f 39/39/31 41/41/33 40/40/32
f 40/40/32 41/41/33 42/42/34
f 37/37/29 43/43/35 36/36/28
f 36/36/28 43/43/35 39/39/31
f 39/39/31 43/43/35 41/41/33
f 41/41/33 43/43/35 44/44/36
f 44/44/36 43/43/35 46/46/37
f 46/46/37 43/43/35 45/45/38
f 46/46/37 45/45/38 48/48/39
f 48/48/39 45/45/38 47/47/40
f 37/37/29 38/38/30 43/43/35
f 43/43/35 38/38/30 45/45/38
f 38/38/30 49/49/41 45/45/38
f 45/45/38 49/49/41 47/47/40
f 19/19/17 50/50/42 38/38/30
f 38/38/30 50/50/42 49/49/41
f 16/16/14 18/18/16 19/19/17
f 19/19/17 18/18/16 50/50/42
f 17/17/15 51/51/43 18/18/16
f 18/18/16 51/51/43 52/52/44
f 18/18/16 52/52/44 50/50/42
f 50/50/42 52/52/44 53/53/45
f 50/50/42 53/53/45 49/49/41
f 49/49/41 53/53/45 54/54/46
f 49/49/41 54/54/46 47/47/40
f 47/47/40 54/54/46 55/55/47
f 47/47/40 55/55/47 57/57/48
f 57/57/48 55/55/47 56/56/49
f 47/47/40 57/57/48 48/48/39
f 48/48/39 57/57/48 58/58/50
f 35/35/27 40/40/32 34/34/26
f 34/34/26 40/40/32 59/59/51
f 59/59/51 60/60/52 34/34/26
f 34/34/26 60/60/52 33/33/25
f 60/60/52 61/61/53 33/33/25
f 33/33/25 61/61/53 32/32/24
f 61/61/53 60/60/52 64/64/54
f 64/64/54 60/60/52 70/70/55
f 60/60/52 59/59/51 70/70/55
f 70/70/55 59/59/51 71/71/56
f 64/64/54 70/70/55 69/69/57
f 69/69/57 70/70/55 72/72/58
f 71/71/56 73/73/59 70/70/55
f 70/70/55 73/73/59 72/72/58
f 42/42/34 71/71/56 40/40/32
f 40/40/32 71/71/56 59/59/51
f 71/71/56 42/42/34 73/73/59
f 51/51/43 74/74/60 52/52/44
f 52/52/44 74/74/60 75/75/61
f 77/77/62 75/75/61 76/76/63
f 75/75/61 74/74/60 76/76/63
f 77/77/62 76/76/63 79/79/64
f 79/79/64 76/76/63 78/78/65
f 75/75/61 80/80/66 52/52/44
f 52/52/44 80/80/66 53/53/45
f 53/53/45 80/80/66 54/54/46
f 54/54/46 80/80/66 81/81/67
f 54/54/46 81/81/67 55/55/47
f 55/55/47 81/81/67 56/56/49
f 80/80/66 82/82/68 81/81/67
f 81/81/67 82/82/68 83/83/69
f 75/75/61 77/77/62 80/80/66
f 80/80/66 77/77/62 82/82/68
f 77/77/62 79/79/64 82/82/68
f 81/81/67 83/83/69 56/56/49
f 56/56/49 83/83/69 84/84/70
f 83/83/69 82/82/68 86/86/71
f 86/86/71 82/82/68 85/85/72
f 86/86/71 87/87/73 83/83/69
f 83/83/69 87/87/73 84/84/70
f 82/82/68 79/79/64 85/85/72
f 85/85/72 79/79/64 88/88/74
f 84/84/70 89/89/75 56/56/49
f 56/56/49 89/89/75 57/57/48
f 57/57/48 89/89/75 90/90/76
f 57/57/48 90/90/76 58/58/50
f 58/58/50 90/90/76 91/91/77
f 87/87/73 92/92/78 84/84/70
f 84/84/70 92/92/78 89/89/75
f 89/89/75 92/92/78 93/93/79
f 89/89/75 93/93/79 90/90/76
f 90/90/76 93/93/79 94/94/80
f 94/94/80 792/814/81 90/90/76
f 90/90/76 792/814/81 91/91/77
f 95/95/82 94/94/80 97/97/83
f 97/97/83 94/94/80 96/96/84
f 93/93/79 98/98/85 94/94/80
f 94/94/80 98/98/85 96/96/84
f 93/93/79 92/92/78 100/100/86
f 100/100/86 92/92/78 99/99/87
f 100/100/86 101/101/88 93/93/79
f 93/93/79 101/101/88 98/98/85
f 104/104/89 105/105/90 101/101/88
f 101/101/88 105/105/90 98/98/85
f 105/105/90 106/106/91 98/98/85
f 98/98/85 106/106/91 96/96/84
f 106/106/91 107/107/92 96/96/84
f 96/96/84 107/107/92 97/97/83
f 107/107/92 106/106/91 108/108/93
f 105/105/90 109/109/94 106/106/91
f 106/106/91 109/109/94 108/108/93
f 105/105/90 104/104/89 109/109/94
f 109/109/94 104/104/89 110/110/95
f 104/104/89 103/103/96 110/110/95
f 110/110/95 103/103/96 111/111/97
f 102/102/98 112/112/99 103/103/96
f 103/103/96 112/112/99 111/111/97
f 111/111/97 112/112/99 114/114/100
f 114/114/100 112/112/99 113/113/101
f 111/111/97 114/114/100 110/110/95
f 114/114/100 115/115/102 110/110/95
f 110/110/95 115/115/102 109/109/94
f 115/115/102 116/116/103 109/109/94
f 109/109/94 116/116/103 108/108/93
f 114/114/100 113/113/101 118/118/104
f 118/118/104 113/113/101 117/117/105
f 118/118/104 119/119/106 114/114/100
f 114/114/100 119/119/106 115/115/102
f 119/119/106 120/120/107 115/115/102
f 115/115/102 120/120/107 116/116/103
f 119/119/106 118/118/104 121/121/108
f 117/117/105 122/122/109 118/118/104
f 118/118/104 122/122/109 121/121/108
f 121/121/108 123/123/110 119/119/106
f 119/119/106 123/123/110 120/120/107
f 123/123/110 121/121/108 125/125/111
f 125/125/111 121/121/108 124/124/112
f 122/122/109 126/126/113 121/121/108
f 121/121/108 126/126/113 124/124/112
f 126/126/113 127/127/114 124/124/112
f 124/124/112 127/127/114 128/128/115
f 128/128/115 129/129/116 124/124/112
f 124/124/112 129/129/116 125/125/111
f 128/128/115 803/828/117 130/130/118
f 130/130/118 131/131/119 128/128/115
f 128/128/115 131/131/119 129/129/116
f 133/133/120 134/134/121 132/132/122
f 132/132/122 134/134/121 135/135/123
f 132/132/122 136/136/124 133/133/120
f 133/133/120 136/136/124 137/137/125
f 139/139/126 136/136/124 138/138/127
f 135/135/123 134/134/121 145/145/128
f 145/145/128 134/134/121 144/144/129
f 145/145/128 144/144/129 147/147/130
f 147/147/130 144/144/129 146/146/131
f 147/147/130 146/146/131 149/149/132
f 149/149/132 146/146/131 148/148/133
f 149/149/132 148/148/133 151/151/134
f 151/151/134 148/148/133 150/150/135
f 150/150/135 152/152/136 151/151/134
f 151/151/134 152/152/136 153/153/137
f 153/153/137 152/152/136 155/155/138
f 155/155/138 152/152/136 154/154/139
f 155/155/138 154/154/139 157/157/140
f 157/157/140 154/154/139 156/156/141
f 157/157/140 156/156/141 159/159/142
f 159/159/142 156/156/141 158/158/143
f 159/159/142 158/158/143 161/161/144
f 161/161/144 158/158/143 160/160/145
f 160/160/145 162/162/146 161/161/144
f 161/161/144 162/162/146 163/163/147
f 134/134/121 164/164/148 144/144/129
f 144/144/129 164/164/148 165/165/149
f 133/133/120 166/166/150 134/134/121
f 134/134/121 166/166/150 164/164/148
f 137/137/125 167/167/151 133/133/120
f 133/133/120 167/167/151 166/166/150
f 139/139/126 168/168/152 137/137/125
f 137/137/125 168/168/152 167/167/151
f 139/139/126 141/141/153 168/168/152
f 141/141/153 143/143/154 168/168/152
f 168/168/152 143/143/154 169/169/155
f 168/168/152 169/169/155 167/167/151
f 167/167/151 169/169/155 170/170/156
f 167/167/151 170/170/156 166/166/150
f 166/166/150 170/170/156 171/171/157
f 166/166/150 171/171/157 164/164/148
f 164/164/148 171/171/157 172/172/158
f 144/144/129 165/165/149 146/146/131
f 146/146/131 165/165/149 173/173/159
f 146/146/131 173/173/159 148/148/133
f 148/148/133 173/173/159 150/150/135
f 150/150/135 173/173/159 174/174/160
f 150/150/135 174/174/160 152/152/136
f 152/152/136 174/174/160 175/175/161
f 152/152/136 175/175/161 154/154/139
f 154/154/139 175/175/161 176/176/162
f 154/154/139 176/176/162 156/156/141
f 156/156/141 176/176/162 177/177/163
f 177/177/163 178/178/164 156/156/141
f 156/156/141 178/178/164 158/158/143
f 178/178/164 179/179/165 158/158/143
f 158/158/143 179/179/165 160/160/145
f 160/160/145 179/179/165 162/162/146
f 178/178/164 181/181/166 179/179/165
f 179/179/165 181/181/166 180/180/167
f 176/176/162 182/182/168 177/177/163
f 177/177/163 182/182/168 183/183/169
f 177/177/163 183/183/169 178/178/164
f 178/178/164 183/183/169 181/181/166
f 175/175/161 184/184/170 176/176/162
f 176/176/162 184/184/170 182/182/168
f 174/174/160 185/185/171 175/175/161
f 175/175/161 185/185/171 184/184/170
f 173/173/159 186/186/172 174/174/160
f 174/174/160 186/186/172 185/185/171
f 165/165/149 187/187/173 173/173/159
f 173/173/159 187/187/173 186/186/172
f 164/164/148 172/172/158 165/165/149
f 165/165/149 172/172/158 187/187/173
f 171/171/157 188/188/174 172/172/158
f 172/172/158 188/188/174 189/189/175
f 172/172/158 189/189/175 187/187/173
f 187/187/173 189/189/175 190/190/176
f 187/187/173 190/190/176 186/186/172
f 186/186/172 190/190/176 191/191/177
f 186/186/172 191/191/177 185/185/171
f 185/185/171 191/191/177 192/192/178
f 185/185/171 192/192/178 184/184/170
f 184/184/170 192/192/178 193/193/179
f 184/184/170 193/193/179 182/182/168
f 182/182/168 193/193/179 194/194/180
f 182/182/168 194/194/180 183/183/169
f 183/183/169 194/194/180 195/195/181
f 183/183/169 195/195/181 181/181/166
f 181/181/166 195/195/181 196/196/182
f 170/170/156 197/197/183 171/171/157
f 171/171/157 197/197/183 188/188/174
f 169/169/155 198/198/184 170/170/156
f 170/170/156 198/198/184 197/197/183
f 747/747/185 180/180/167 196/196/182
f 196/196/182 180/180/167 181/181/166
f 201/201/186 204/204/187 744/744/188
f 744/744/188 204/204/187 743/743/189
f 202/202/190 205/205/191 209/209/192
f 209/209/192 205/205/191 208/208/193
f 222/222/194 217/217/195 224/224/196
f 224/224/196 217/217/195 223/223/197
f 216/216/198 225/225/199 217/217/195
f 217/217/195 225/225/199 223/223/197
f 208/208/193 225/225/199 209/209/192
f 209/209/192 225/225/199 216/216/198
f 207/207/200 206/206/201 231/231/202
f 231/231/202 206/206/201 230/230/203
f 230/230/203 234/234/204 231/231/202
f 231/231/202 234/234/204 235/235/205
f 231/231/202 235/235/205 232/232/206
f 232/232/206 235/235/205 236/236/207
f 236/236/207 235/235/205 238/238/208
f 238/238/208 235/235/205 237/237/209
f 234/234/204 243/243/210 235/235/205
f 235/235/205 243/243/210 237/237/209
f 247/247/211 250/250/212 234/234/204
f 234/234/204 250/250/212 243/243/210
f 250/250/212 251/251/213 255/255/214
f 251/251/213 253/253/215 255/255/214
f 250/250/212 255/255/214 243/243/210
f 243/243/210 255/255/214 256/256/216
f 243/243/210 256/256/216 237/237/209
f 237/237/209 256/256/216 257/257/217
f 257/257/217 258/258/218 237/237/209
f 237/237/209 258/258/218 238/238/208
f 238/238/208 258/258/218 240/240/219
f 258/258/218 257/257/217 261/261/220
f 261/261/220 257/257/217 260/260/221
f 258/258/218 261/261/220 259/259/222
f 256/256/216 262/262/223 257/257/217
f 257/257/217 262/262/223 260/260/221
f 255/255/214 263/263/224 256/256/216
f 256/256/216 263/263/224 262/262/223
f 255/255/214 799/822/225 263/263/224
f 268/268/226 806/830/227 267/267/228
f 805/829/229 269/269/230 268/268/226
f 268/268/226 269/269/230 270/270/231
f 262/262/223 268/268/226 260/260/221
f 260/260/221 268/268/226 271/271/232
f 271/271/232 272/272/233 260/260/221
f 260/260/221 272/272/233 261/261/220
f 272/272/233 273/273/234 261/261/220
f 261/261/220 273/273/234 259/259/222
f 268/268/226 270/270/231 271/271/232
f 271/271/232 270/270/231 274/274/235
f 271/271/232 274/274/235 272/272/233
f 272/272/233 274/274/235 275/275/236
f 275/275/236 276/276/237 272/272/233
f 272/272/233 276/276/237 273/273/234
f 276/276/237 279/279/238 273/273/234
f 273/273/234 279/279/238 280/280/239
f 280/280/239 281/281/240 273/273/234
f 273/273/234 281/281/240 259/259/222
f 286/286/241 287/287/242 781/801/243
f 781/801/243 287/287/242 780/800/244
f 779/799/245 780/800/244 289/289/246
f 289/289/246 780/800/244 287/287/242
f 289/289/246 776/796/247 779/799/245
f 779/799/245 776/796/247 778/798/248
f 285/285/249 772/792/250 286/286/241
f 286/286/241 772/792/250 773/793/251
f 286/286/241 773/793/251 287/287/242
f 287/287/242 773/793/251 774/794/252
f 287/287/242 774/794/252 289/289/246
f 289/289/246 774/794/252 775/795/253
f 301/301/254 300/300/255 762/784/256
f 762/784/256 300/300/255 306/306/257
f 300/300/255 768/773/258 306/306/257
f 301/301/254 762/784/256 302/302/259
f 302/302/259 761/754/260 303/303/261
f 787/808/262 788/809/263 758/776/264
f 758/776/264 788/809/263 318/318/265
f 789/810/266 326/326/267 767/774/268
f 767/774/268 326/326/267 322/322/269
f 326/326/267 327/327/270 322/322/269
f 322/322/269 327/327/270 328/328/271
f 328/328/271 329/329/272 322/322/269
f 322/322/269 329/329/272 323/323/273
f 323/323/273 796/818/274 324/324/275
f 329/329/272 328/328/271 332/332/276
f 332/332/276 328/328/271 331/331/277
f 328/328/271 797/819/278 331/331/277
f 331/331/277 797/819/278 333/333/279
f 331/331/277 333/333/279 335/335/280
f 335/335/280 333/333/279 334/334/281
f 331/331/277 335/335/280 332/332/276
f 335/335/280 336/336/282 332/332/276
f 332/332/276 336/336/282 337/337/283
f 794/816/284 795/817/285 338/338/286
f 794/816/284 338/338/286 793/815/287
f 330/330/288 329/329/272 337/337/283
f 337/337/283 329/329/272 332/332/276
f 276/276/237 278/278/289 279/279/238
f 339/339/290 340/340/291 342/342/292
f 342/342/292 340/340/291 341/341/293
f 340/340/291 343/343/294 341/341/293
f 341/341/293 343/343/294 344/344/295
f 343/343/294 345/345/296 344/344/295
f 344/344/295 345/345/296 346/346/297
f 345/345/296 347/347/298 346/346/297
f 346/346/297 347/347/298 348/348/299
f 347/347/298 349/349/300 348/348/299
f 348/348/299 349/349/300 350/350/301
f 349/349/300 351/351/302 350/350/301
f 350/350/301 351/351/302 352/352/303
f 351/351/302 353/353/304 352/352/303
f 352/352/303 353/353/304 354/354/305
f 356/356/306 354/354/305 355/355/307
f 354/354/305 353/353/304 355/355/307
f 355/355/307 357/357/308 356/356/306
f 356/356/306 357/357/308 358/358/309
f 357/357/308 359/359/310 358/358/309
f 358/358/309 359/359/310 360/360/311
f 359/359/310 361/361/312 360/360/311
f 360/360/311 361/361/312 362/362/313
f 361/361/312 363/363/314 362/362/313
f 362/362/313 363/363/314 364/364/315
f 363/363/314 365/365/316 364/364/315
f 364/364/315 365/365/316 366/366/317
f 365/365/316 367/367/318 366/366/317
f 366/366/317 367/367/318 368/368/319
f 367/367/318 369/369/320 368/368/319
f 368/368/319 369/369/320 370/370/321
f 369/369/320 371/371/322 370/370/321
f 370/370/321 371/371/322 372/372/323
f 371/371/322 373/373/324 372/372/323
f 372/372/323 373/373/324 374/374/325
f 373/373/324 375/375/326 374/374/325
f 374/374/325 375/375/326 376/376/327
f 375/375/326 377/377/328 376/376/327
f 376/376/327 377/377/328 378/378/329
f 378/378/329 377/377/328 380/380/330
f 380/380/330 377/377/328 379/379/331
f 379/379/331 381/381/332 380/380/330
f 380/380/330 381/381/332 382/382/333
f 381/381/332 383/383/334 382/382/333
f 382/382/333 383/383/334 384/384/335
f 383/383/334 385/385/336 384/384/335
f 384/384/335 385/385/336 386/386/337
f 385/385/336 387/387/338 386/386/337
f 386/386/337 387/387/338 388/388/339
f 387/387/338 389/389/340 388/388/339
f 388/388/339 389/389/340 390/390/341
f 390/390/341 389/389/340 392/392/342
f 392/392/342 389/389/340 391/391/343
f 392/392/342 393/393/344 390/390/341
f 390/390/341 393/393/344 394/394/345
f 386/386/337 388/388/339 396/396/346
f 396/396/346 388/388/339 395/395/347
f 394/394/345 395/395/347 390/390/341
f 390/390/341 395/395/347 388/388/339
f 396/396/346 397/397/348 386/386/337
f 386/386/337 397/397/348 384/384/335
f 398/398/349 399/399/350 382/382/333
f 382/382/333 399/399/350 380/380/330
f 380/380/330 399/399/350 378/378/329
f 378/378/329 399/399/350 400/400/351
f 378/378/329 400/400/351 376/376/327
f 376/376/327 400/400/351 401/401/352
f 376/376/327 401/401/352 374/374/325
f 374/374/325 401/401/352 402/402/353
f 402/402/353 403/403/354 374/374/325
f 374/374/325 403/403/354 372/372/323
f 370/370/321 372/372/323 404/404/355
f 370/370/321 404/404/355 368/368/319
f 368/368/319 404/404/355 405/405/356
f 368/368/319 405/405/356 366/366/317
f 366/366/317 405/405/356 406/406/357
f 406/406/357 407/407/358 366/366/317
f 366/366/317 407/407/358 364/364/315
f 364/364/315 407/407/358 362/362/313
f 362/362/313 407/407/358 408/408/359
f 408/408/359 409/409/360 362/362/313
f 362/362/313 409/409/360 360/360/311
f 409/409/360 410/410/361 360/360/311
f 360/360/311 410/410/361 358/358/309
f 410/410/361 411/411/362 358/358/309
f 358/358/309 411/411/362 356/356/306
f 356/356/306 411/411/362 354/354/305
f 354/354/305 411/411/362 412/412/363
f 412/412/363 413/413/364 354/354/305
f 354/354/305 413/413/364 352/352/303
f 413/413/364 414/414/365 352/352/303
f 352/352/303 414/414/365 350/350/301
f 414/414/365 415/415/366 350/350/301
f 350/350/301 415/415/366 348/348/299
f 415/415/366 416/416/367 348/348/299
f 348/348/299 416/416/367 346/346/297
f 416/416/367 417/417/368 346/346/297
f 346/346/297 417/417/368 344/344/295
f 417/417/368 418/418/369 344/344/295
f 344/344/295 418/418/369 341/341/293
f 341/341/293 418/418/369 342/342/292
f 342/342/292 418/418/369 419/419/370
f 419/419/370 420/420/371 342/342/292
f 342/342/292 420/420/371 421/421/372
f 419/419/370 418/418/369 423/423/373
f 423/423/373 418/418/369 422/422/374
f 422/422/374 418/418/369 417/417/368
f 417/417/368 424/424/375 422/422/374
f 422/422/374 424/424/375 425/425/376
f 422/422/374 425/425/376 423/423/373
f 423/423/373 425/425/376 426/426/377
f 426/426/377 427/427/378 423/423/373
f 423/423/373 427/427/378 428/428/379
f 427/427/378 426/426/377 429/429/380
f 429/429/380 426/426/377 430/430/381
f 430/430/381 426/426/377 432/432/382
f 432/432/382 426/426/377 431/431/383
f 431/431/383 433/433/384 432/432/382
f 432/432/382 433/433/384 434/434/385
f 431/431/383 426/426/377 425/425/376
f 431/431/383 425/425/376 433/433/384
f 433/433/384 425/425/376 435/435/386
f 434/434/385 433/433/384 436/436/387
f 433/433/384 435/435/386 436/436/387
f 436/436/387 435/435/386 437/437/388
f 425/425/376 424/424/375 435/435/386
f 416/416/367 438/438/389 417/417/368
f 417/417/368 438/438/389 424/424/375
f 415/415/366 439/439/390 416/416/367
f 416/416/367 439/439/390 438/438/389
f 415/415/366 414/414/365 439/439/390
f 439/439/390 414/414/365 440/440/391
f 414/414/365 413/413/364 440/440/391
f 440/440/391 413/413/364 441/441/392
f 412/412/363 442/442/393 413/413/364
f 413/413/364 442/442/393 441/441/392
f 411/411/362 443/443/394 412/412/363
f 412/412/363 443/443/394 442/442/393
f 410/410/361 444/444/395 411/411/362
f 411/411/362 444/444/395 443/443/394
f 444/444/395 445/445/396 443/443/394
f 443/443/394 445/445/396 446/446/397
f 443/443/394 446/446/397 442/442/393
f 442/442/393 446/446/397 447/447/398
f 442/442/393 447/447/398 441/441/392
f 441/441/392 447/447/398 448/448/399
f 448/448/399 449/449/400 441/441/392
f 441/441/392 449/449/400 440/440/391
f 435/435/386 424/424/375 437/437/388
f 437/437/388 424/424/375 450/450/401
f 450/450/401 451/451/402 437/437/388
f 437/437/388 451/451/402 452/452/403
f 424/424/375 438/438/389 450/450/401
f 439/439/390 451/451/402 438/438/389
f 438/438/389 451/451/402 450/450/401
f 439/439/390 453/453/404 451/451/402
f 449/449/400 453/453/404 440/440/391
f 440/440/391 453/453/404 439/439/390
f 451/451/402 453/453/404 455/455/405
f 455/455/405 453/453/404 454/454/406
f 455/455/405 456/456/407 451/451/402
f 451/451/402 456/456/407 452/452/403
f 457/457/408 436/436/387 452/452/403
f 437/437/388 452/452/403 436/436/387
f 456/456/407 458/458/409 452/452/403
f 452/452/403 458/458/409 457/457/408
f 458/458/409 456/456/407 460/460/410
f 460/460/410 456/456/407 459/459/411
f 456/456/407 455/455/405 459/459/411
f 459/459/411 455/455/405 461/461/412
f 455/455/405 454/454/406 461/461/412
f 461/461/412 454/454/406 462/462/413
f 461/461/412 462/462/413 463/463/414
f 461/461/412 463/463/414 464/464/415
f 461/461/412 464/464/415 459/459/411
f 459/459/411 464/464/415 465/465/416
f 460/460/410 459/459/411 466/466/417
f 459/459/411 465/465/416 466/466/417
f 462/462/413 467/467/418 463/463/414
f 463/463/414 467/467/418 468/468/419
f 463/463/414 468/468/419 464/464/415
f 464/464/415 468/468/419 469/469/420
f 462/462/413 470/470/421 467/467/418
f 467/467/418 470/470/421 471/471/422
f 471/471/422 472/472/423 467/467/418
f 467/467/418 472/472/423 473/473/424
f 467/467/418 473/473/424 468/468/419
f 454/454/406 474/474/425 462/462/413
f 462/462/413 474/474/425 470/470/421
f 453/453/404 449/449/400 454/454/406
f 454/454/406 449/449/400 474/474/425
f 449/449/400 448/448/399 474/474/425
f 448/448/399 447/447/398 474/474/425
f 474/474/425 447/447/398 475/475/426
f 446/446/397 476/476/427 447/447/398
f 447/447/398 476/476/427 475/475/426
f 474/474/425 475/475/426 470/470/421
f 470/470/421 475/475/426 477/477/428
f 470/470/421 477/477/428 471/471/422
f 471/471/422 477/477/428 478/478/429
f 478/478/429 479/479/430 471/471/422
f 471/471/422 479/479/430 472/472/423
f 479/479/430 478/478/429 481/481/431
f 481/481/431 478/478/429 480/480/432
f 481/481/431 480/480/432 483/483/433
f 483/483/433 480/480/432 482/482/434
f 477/477/428 484/484/435 478/478/429
f 478/478/429 484/484/435 480/480/432
f 475/475/426 476/476/427 477/477/428
f 477/477/428 476/476/427 484/484/435
f 446/446/397 445/445/396 476/476/427
f 476/476/427 445/445/396 485/485/436
f 476/476/427 485/485/436 484/484/435
f 484/484/435 485/485/436 486/486/437
f 480/480/432 484/484/435 482/482/434
f 482/482/434 484/484/435 486/486/437
f 483/483/433 482/482/434 488/488/438
f 488/488/438 482/482/434 487/487/439
f 482/482/434 486/486/437 487/487/439
f 487/487/439 486/486/437 489/489/440
f 487/487/439 489/489/440 490/490/441
f 490/490/441 491/491/442 487/487/439
f 487/487/439 491/491/442 488/488/438
f 486/486/437 485/485/436 489/489/440
f 489/489/440 485/485/436 492/492/443
f 492/492/443 493/493/444 489/489/440
f 489/489/440 493/493/444 490/490/441
f 493/493/444 494/494/445 490/490/441
f 490/490/441 494/494/445 495/495/446
f 490/490/441 495/495/446 491/491/442
f 495/495/446 494/494/445 497/497/447
f 497/497/447 494/494/445 496/496/448
f 496/496/448 494/494/445 498/498/449
f 498/498/449 494/494/445 499/499/450
f 499/499/450 494/494/445 493/493/444
f 493/493/444 492/492/443 499/499/450
f 499/499/450 492/492/443 500/500/451
f 492/492/443 485/485/436 500/500/451
f 500/500/451 485/485/436 445/445/396
f 444/444/395 501/501/452 445/445/396
f 445/445/396 501/501/452 500/500/451
f 444/444/395 410/410/361 501/501/452
f 501/501/452 410/410/361 502/502/453
f 410/410/361 409/409/360 502/502/453
f 502/502/453 409/409/360 503/503/454
f 409/409/360 408/408/359 503/503/454
f 503/503/454 408/408/359 504/504/455
f 503/503/454 505/505/456 502/502/453
f 502/502/453 505/505/456 506/506/457
f 506/506/457 507/507/458 502/502/453
f 502/502/453 507/507/458 501/501/452
f 501/501/452 507/507/458 500/500/451
f 500/500/451 507/507/458 508/508/459
f 500/500/451 508/508/459 499/499/450
f 503/503/454 504/504/455 505/505/456
f 505/505/456 504/504/455 509/509/460
f 407/407/358 510/510/461 408/408/359
f 408/408/359 510/510/461 504/504/455
f 504/504/455 510/510/461 509/509/460
f 509/509/460 510/510/461 511/511/462
f 406/406/357 512/512/463 407/407/358
f 407/407/358 512/512/463 510/510/461
f 405/405/356 513/513/464 406/406/357
f 406/406/357 513/513/464 512/512/463
f 405/405/356 404/404/355 513/513/464
f 513/513/464 404/404/355 514/514/465
f 404/404/355 372/372/323 514/514/465
f 514/514/465 372/372/323 403/403/354
f 510/510/461 512/512/463 511/511/462
f 512/512/463 513/513/464 511/511/462
f 511/511/462 513/513/464 403/403/354
f 403/403/354 513/513/464 514/514/465
f 509/509/460 511/511/462 515/515/466
f 511/511/462 403/403/354 515/515/466
f 403/403/354 402/402/353 515/515/466
f 515/515/466 402/402/353 516/516/467
f 509/509/460 515/515/466 518/518/468
f 518/518/468 515/515/466 517/517/469
f 509/509/460 518/518/468 505/505/456
f 505/505/456 518/518/468 506/506/457
f 506/506/457 518/518/468 519/519/470
f 519/519/470 520/520/471 506/506/457
f 506/506/457 520/520/471 507/507/458
f 507/507/458 520/520/471 508/508/459
f 508/508/459 520/520/471 521/521/472
f 508/508/459 521/521/472 499/499/450
f 499/499/450 521/521/472 522/522/473
f 499/499/450 522/522/473 498/498/449
f 518/518/468 517/517/469 519/519/470
f 519/519/470 517/517/469 523/523/474
f 519/519/470 523/523/474 520/520/471
f 520/520/471 523/523/474 524/524/475
f 520/520/471 524/524/475 521/521/472
f 521/521/472 524/524/475 525/525/476
f 521/521/472 525/525/476 522/522/473
f 522/522/473 525/525/476 526/526/477
f 522/522/473 526/526/477 498/498/449
f 498/498/449 526/526/477 527/527/478
f 527/527/478 528/528/479 498/498/449
f 498/498/449 528/528/479 496/496/448
f 515/515/466 530/530/480 517/517/469
f 517/517/469 530/530/480 531/531/481
f 531/531/481 532/532/482 517/517/469
f 517/517/469 532/532/482 523/523/474
f 532/532/482 533/533/483 523/523/474
f 523/523/474 533/533/483 524/524/475
f 533/533/483 534/534/484 524/524/475
f 524/524/475 534/534/484 525/525/476
f 534/534/484 535/535/485 525/525/476
f 525/525/476 535/535/485 526/526/477
f 535/535/485 536/536/486 526/526/477
f 526/526/477 536/536/486 527/527/478
f 531/531/481 530/530/480 540/540/487
f 540/540/487 530/530/480 539/539/488
f 540/540/487 541/541/489 531/531/481
f 531/531/481 541/541/489 532/532/482
f 541/541/489 542/542/490 532/532/482
f 532/532/482 542/542/490 533/533/483
f 542/542/490 543/543/491 533/533/483
f 533/533/483 543/543/491 534/534/484
f 543/543/491 544/544/492 534/534/484
f 534/534/484 544/544/492 535/535/485
f 544/544/492 543/543/491 546/546/493
f 546/546/493 543/543/491 545/545/494
f 543/543/491 542/542/490 545/545/494
f 545/545/494 542/542/490 547/547/495
f 542/542/490 541/541/489 547/547/495
f 547/547/495 541/541/489 548/548/496
f 541/541/489 540/540/487 548/548/496
f 548/548/496 540/540/487 549/549/497
f 540/540/487 539/539/488 549/549/497
f 539/539/488 550/550/498 549/549/497
f 549/549/497 550/550/498 551/551/499
f 551/551/499 552/552/500 549/549/497
f 549/549/497 552/552/500 553/553/501
f 553/553/501 554/554/502 549/549/497
f 549/549/497 554/554/502 548/548/496
f 554/554/502 555/555/503 548/548/496
f 548/548/496 555/555/503 547/547/495
f 555/555/503 556/556/504 547/547/495
f 547/547/495 556/556/504 545/545/494
f 556/556/504 557/557/505 545/545/494
f 545/545/494 557/557/505 546/546/493
f 557/557/505 558/558/506 546/546/493
f 546/546/493 558/558/506 559/559/507
f 559/559/507 558/558/506 562/562/508
f 562/562/508 558/558/506 563/563/509
f 562/562/508 563/563/509 565/565/510
f 539/539/488 530/530/480 550/550/498
f 550/550/498 530/530/480 566/566/511
f 516/516/467 566/566/511 515/515/466
f 515/515/466 566/566/511 530/530/480
f 566/566/511 567/567/512 550/550/498
f 550/550/498 567/567/512 568/568/513
f 566/566/511 516/516/467 567/567/512
f 567/567/512 516/516/467 569/569/514
f 567/567/512 569/569/514 571/571/515
f 571/571/515 569/569/514 570/570/516
f 550/550/498 568/568/513 551/551/499
f 551/551/499 568/568/513 572/572/517
f 572/572/517 573/573/518 551/551/499
f 551/551/499 573/573/518 552/552/500
f 572/572/517 568/568/513 575/575/519
f 575/575/519 568/568/513 574/574/520
f 575/575/519 576/576/521 572/572/517
f 572/572/517 576/576/521 573/573/518
f 567/567/512 571/571/515 568/568/513
f 568/568/513 571/571/515 574/574/520
f 575/575/519 574/574/520 578/578/522
f 578/578/522 574/574/520 577/577/523
f 578/578/522 579/579/524 575/575/519
f 575/575/519 579/579/524 576/576/521
f 571/571/515 580/580/525 574/574/520
f 574/574/520 580/580/525 577/577/523
f 571/571/515 570/570/516 580/580/525
f 580/580/525 570/570/516 581/581/526
f 577/577/523 580/580/525 769/789/527
f 769/789/527 580/580/525 582/582/528
f 769/789/527 770/790/529 577/577/523
f 577/577/523 770/790/529 578/578/522
f 770/790/529 771/791/530 578/578/522
f 578/578/522 771/791/530 579/579/524
f 580/580/525 581/581/526 582/582/528
f 582/582/528 581/581/526 586/586/531
f 401/401/352 587/587/532 402/402/353
f 402/402/353 587/587/532 516/516/467
f 516/516/467 587/587/532 569/569/514
f 569/569/514 587/587/532 570/570/516
f 570/570/516 587/587/532 588/588/533
f 570/570/516 588/588/533 581/581/526
f 581/581/526 588/588/533 589/589/534
f 581/581/526 589/589/534 586/586/531
f 586/586/531 589/589/534 590/590/535
f 586/586/531 590/590/535 592/592/536
f 592/592/536 590/590/535 591/591/537
f 592/592/536 593/593/538 586/586/531
f 586/586/531 593/593/538 582/582/528
f 582/582/528 593/593/538 583/583/539
f 583/583/539 593/593/538 584/584/540
f 584/584/540 593/593/538 594/594/541
f 584/584/540 594/594/541 585/585/542
f 401/401/352 400/400/351 587/587/532
f 587/587/532 400/400/351 595/595/543
f 400/400/351 399/399/350 595/595/543
f 595/595/543 399/399/350 596/596/544
f 399/399/350 398/398/349 596/596/544
f 596/596/544 398/398/349 597/597/545
f 587/587/532 595/595/543 588/588/533
f 596/596/544 589/589/534 595/595/543
f 595/595/543 589/589/534 588/588/533
f 590/590/535 589/589/534 598/598/546
f 597/597/545 598/598/546 596/596/544
f 596/596/544 598/598/546 589/589/534
f 590/590/535 598/598/546 591/591/537
f 591/591/537 598/598/546 599/599/547
f 597/597/545 600/600/548 598/598/546
f 598/598/546 600/600/548 599/599/547
f 398/398/349 397/397/348 597/597/545
f 597/597/545 397/397/348 600/600/548
f 599/599/547 600/600/548 602/602/549
f 602/602/549 600/600/548 601/601/550
f 602/602/549 601/601/550 604/604/551
f 604/604/551 601/601/550 603/603/552
f 604/604/551 603/603/552 606/606/553
f 606/606/553 603/603/552 605/605/554
f 606/606/553 605/605/554 608/608/555
f 608/608/555 605/605/554 607/607/556
f 608/608/555 607/607/556 610/610/557
f 610/610/557 607/607/556 609/609/558
f 397/397/348 396/396/346 600/600/548
f 600/600/548 396/396/346 601/601/550
f 396/396/346 395/395/347 601/601/550
f 601/601/550 395/395/347 611/611/559
f 601/601/550 611/611/559 603/603/552
f 395/395/347 394/394/345 611/611/559
f 611/611/559 394/394/345 612/612/560
f 393/393/344 613/613/561 394/394/345
f 394/394/345 613/613/561 612/612/560
f 612/612/560 605/605/554 611/611/559
f 611/611/559 605/605/554 603/603/552
f 613/613/561 607/607/556 612/612/560
f 612/612/560 607/607/556 605/605/554
f 607/607/556 613/613/561 609/609/558
f 599/599/547 614/614/562 591/591/537
f 591/591/537 614/614/562 615/615/563
f 599/599/547 602/602/549 614/614/562
f 614/614/562 602/602/549 616/616/564
f 616/616/564 617/617/565 614/614/562
f 614/614/562 617/617/565 618/618/566
f 614/614/562 618/618/566 615/615/563
f 615/615/563 618/618/566 619/619/567
f 591/591/537 615/615/563 592/592/536
f 592/592/536 615/615/563 620/620/568
f 620/620/568 621/621/569 592/592/536
f 592/592/536 621/621/569 593/593/538
f 621/621/569 622/622/570 593/593/538
f 593/593/538 622/622/570 594/594/541
f 594/594/541 622/622/570 623/623/571
f 623/623/571 622/622/570 625/625/572
f 625/625/572 622/622/570 624/624/573
f 622/622/570 621/621/569 624/624/573
f 624/624/573 621/621/569 626/626/574
f 620/620/568 627/627/575 621/621/569
f 621/621/569 627/627/575 626/626/574
f 615/615/563 619/619/567 620/620/568
f 620/620/568 619/619/567 627/627/575
f 618/618/566 628/628/576 619/619/567
f 619/619/567 628/628/576 629/629/577
f 619/619/567 629/629/577 627/627/575
f 617/617/565 630/630/578 618/618/566
f 618/618/566 630/630/578 628/628/576
f 630/630/578 631/631/579 628/628/576
f 628/628/576 631/631/579 632/632/580
f 628/628/576 632/632/580 629/629/577
f 629/629/577 632/632/580 633/633/581
f 633/633/581 634/634/582 629/629/577
f 629/629/577 634/634/582 627/627/575
f 627/627/575 634/634/582 626/626/574
f 626/626/574 634/634/582 635/635/583
f 635/635/583 636/636/584 626/626/574
f 626/626/574 636/636/584 624/624/573
f 636/636/584 637/637/585 624/624/573
f 624/624/573 637/637/585 625/625/572
f 637/637/585 636/636/584 639/639/586
f 639/639/586 636/636/584 638/638/587
f 639/639/586 638/638/587 641/641/588
f 641/641/588 638/638/587 640/640/589
f 641/641/588 640/640/589 643/643/590
f 643/643/590 640/640/589 642/642/591
f 643/643/590 642/642/591 645/645/592
f 645/645/592 642/642/591 644/644/593
f 645/645/592 644/644/593 647/647/594
f 647/647/594 644/644/593 646/646/595
f 646/646/595 648/648/596 647/647/594
f 647/647/594 648/648/596 649/649/597
f 649/649/597 648/648/596 651/651/598
f 651/651/598 648/648/596 650/650/599
f 651/651/598 650/650/599 653/653/600
f 653/653/600 650/650/599 652/652/601
f 653/653/600 652/652/601 655/655/602
f 655/655/602 652/652/601 654/654/603
f 638/638/587 656/656/604 640/640/589
f 640/640/589 656/656/604 657/657/605
f 640/640/589 657/657/605 642/642/591
f 642/642/591 657/657/605 658/658/606
f 658/658/606 659/659/607 642/642/591
f 642/642/591 659/659/607 644/644/593
f 644/644/593 659/659/607 646/646/595
f 646/646/595 659/659/607 660/660/608
f 646/646/595 660/660/608 648/648/596
f 648/648/596 660/660/608 661/661/609
f 648/648/596 661/661/609 650/650/599
f 650/650/599 661/661/609 662/662/610
f 662/662/610 663/663/611 650/650/599
f 650/650/599 663/663/611 652/652/601
f 663/663/611 664/664/612 652/652/601
f 652/652/601 664/664/612 654/654/603
f 636/636/584 635/635/583 638/638/587
f 638/638/587 635/635/583 656/656/604
f 635/635/583 634/634/582 656/656/604
f 634/634/582 633/633/581 656/656/604
f 656/656/604 633/633/581 665/665/613
f 632/632/580 666/666/614 633/633/581
f 633/633/581 666/666/614 665/665/613
f 665/665/613 667/667/615 656/656/604
f 656/656/604 667/667/615 657/657/605
f 666/666/614 668/668/616 665/665/613
f 665/665/613 668/668/616 667/667/615
f 657/657/605 667/667/615 658/658/606
f 658/658/606 667/667/615 669/669/617
f 658/658/606 669/669/617 659/659/607
f 659/659/607 669/669/617 670/670/618
f 659/659/607 670/670/618 660/660/608
f 660/660/608 670/670/618 671/671/619
f 660/660/608 671/671/619 661/661/609
f 661/661/609 671/671/619 672/672/620
f 672/672/620 673/673/621 661/661/609
f 661/661/609 673/673/621 662/662/610
f 673/673/621 674/674/622 662/662/610
f 662/662/610 674/674/622 663/663/611
f 674/674/622 675/675/623 663/663/611
f 663/663/611 675/675/623 664/664/612
f 668/668/616 676/676/624 667/667/615
f 667/667/615 676/676/624 669/669/617
f 669/669/617 676/676/624 670/670/618
f 670/670/618 676/676/624 678/678/625
f 678/678/625 676/676/624 677/677/626
f 670/670/618 678/678/625 671/671/619
f 671/671/619 678/678/625 679/679/627
f 671/671/619 679/679/627 672/672/620
f 676/676/624 668/668/616 677/677/626
f 677/677/626 668/668/616 680/680/628
f 668/668/616 666/666/614 680/680/628
f 680/680/628 666/666/614 681/681/629
f 631/631/579 681/681/629 632/632/580
f 632/632/580 681/681/629 666/666/614
f 682/685/630 685/686/631 392/392/342
f 392/392/342 685/686/631 393/393/344
f 682/685/630 684/687/632 685/686/631
f 685/686/631 684/687/632 686/688/633
f 685/686/631 687/689/634 393/393/344
f 393/393/344 687/689/634 613/613/561
f 685/686/631 686/688/633 687/689/634
f 687/689/634 686/688/633 688/690/635
f 687/689/634 689/691/636 613/613/561
f 613/613/561 689/691/636 609/609/558
f 689/691/636 690/692/637 609/609/558
f 609/609/558 690/692/637 610/610/557
f 690/692/637 689/691/636 693/695/638
f 693/695/638 689/691/636 692/694/639
f 690/692/637 693/695/638 691/693/640
f 691/693/640 693/695/638 694/696/641
f 691/693/640 694/696/641 695/697/642
f 692/694/639 699/701/643 693/695/638
f 693/695/638 699/701/643 698/700/644
f 687/689/634 688/690/635 689/691/636
f 689/691/636 688/690/635 692/694/639
f 688/690/635 700/702/645 692/694/639
f 692/694/639 700/702/645 699/701/643
f 688/690/635 686/688/633 700/702/645
f 700/702/645 686/688/633 701/703/646
f 686/688/633 684/687/632 701/703/646
f 701/703/646 684/687/632 702/704/647
f 684/687/632 705/684/648 702/704/647
f 702/704/647 705/684/648 704/706/649
f 705/684/648 684/687/632 706/682/650
f 706/682/650 684/687/632 682/685/630
f 392/392/342 706/682/650 682/685/630
f 710/710/651 712/712/652 704/706/649
f 704/706/649 712/712/652 713/713/653
f 704/706/649 713/713/653 702/704/647
f 702/704/647 713/713/653 714/714/654
f 714/714/654 715/715/655 702/704/647
f 702/704/647 715/715/655 701/703/646
f 715/715/655 716/716/656 701/703/646
f 701/703/646 716/716/656 700/702/645
f 716/716/656 717/717/657 700/702/645
f 700/702/645 717/717/657 699/701/643
f 716/716/656 725/725/658 717/717/657
f 717/717/657 725/725/658 720/720/659
f 715/715/655 726/726/660 716/716/656
f 716/716/656 726/726/660 725/725/658
f 714/714/654 727/727/661 715/715/655
f 715/715/655 727/727/661 726/726/660
f 713/713/653 728/728/662 714/714/654
f 714/714/654 728/728/662 727/727/661
f 712/712/652 729/729/663 713/713/653
f 713/713/653 729/729/663 728/728/662
f 729/729/663 730/730/664 733/733/665
f 733/733/665 734/734/666 729/729/663
f 729/729/663 734/734/666 728/728/662
f 728/728/662 734/734/666 727/727/661
f 727/727/661 734/734/666 735/735/667
f 735/735/667 736/736/668 727/727/661
f 727/727/661 736/736/668 726/726/660
f 736/736/668 737/737/669 726/726/660
f 726/726/660 737/737/669 725/725/658
f 737/737/669 723/723/670 725/725/658
f 725/725/658 723/723/670 720/720/659
f 723/723/670 737/737/669 739/739/671
f 739/739/671 737/737/669 738/738/672
f 736/736/668 740/740/673 737/737/669
f 737/737/669 740/740/673 738/738/672
f 736/736/668 735/735/667 740/740/673
f 740/740/673 735/735/667 741/741/674
f 735/735/667 734/734/666 741/741/674
f 741/741/674 734/734/666 742/742/675
f 734/734/666 733/733/665 742/742/675
f 706/682/650 683/683/676 705/684/648
f 705/684/648 683/683/676 753/783/677
f 392/392/342 391/391/343 706/682/650
f 206/206/201 743/743/189 244/244/678
f 244/244/678 743/743/189 204/204/187
f 205/205/191 743/743/189 207/207/200
f 207/207/200 743/743/189 206/206/201
f 202/202/190 744/744/188 205/205/191
f 205/205/191 744/744/188 743/743/189
f 196/196/182 195/195/181 747/747/185
f 100/100/86 161/161/144 101/101/88
f 101/101/88 161/161/144 163/163/147
f 99/99/87 159/159/142 100/100/86
f 100/100/86 159/159/142 161/161/144
f 102/102/98 103/103/96 179/179/165
f 179/179/165 103/103/96 162/162/146
f 112/749/99 102/102/98 180/180/167
f 102/102/98 179/179/165 180/180/167
f 101/101/88 163/163/147 104/104/89
f 104/104/89 163/163/147 103/103/96
f 103/103/96 163/163/147 162/162/146
f 99/99/87 92/748/78 87/87/73
f 159/159/142 99/99/87 157/157/140
f 87/87/73 155/155/138 99/99/87
f 99/99/87 155/155/138 157/157/140
f 86/86/71 85/85/72 151/151/134
f 151/151/134 85/85/72 149/149/132
f 87/87/73 86/86/71 153/153/137
f 153/153/137 86/86/71 151/151/134
f 87/87/73 153/153/137 155/155/138
f 149/149/132 85/85/72 147/147/130
f 85/85/72 88/88/74 147/147/130
f 147/147/130 88/88/74 145/145/128
f 88/88/74 79/79/64 145/145/128
f 145/145/128 79/79/64 135/135/123
f 135/135/123 79/79/64 748/750/679
f 748/750/679 79/79/64 78/78/65
f 132/132/122 750/752/680 136/136/124
f 799/823/681 757/777/682 263/767/683
f 655/779/602 654/780/603 675/782/623
f 675/782/623 654/780/603 664/781/612
f 754/757/684 756/778/685 755/756/686
f 302/302/259 762/784/256 761/754/260
f 761/754/260 762/784/256 763/785/687
f 289/289/246 775/795/253 776/796/247
f 137/137/125 136/136/124 139/139/126
f 763/785/687 762/784/256 306/306/257
f 769/789/527 582/582/528 583/583/539
f 770/790/529 769/789/527 584/584/540
f 584/584/540 769/789/527 583/583/539
f 771/791/530 770/790/529 585/585/542
f 585/585/542 770/790/529 584/584/540
f 772/792/250 301/301/254 302/302/259
f 772/792/250 302/302/259 773/793/251
f 773/793/251 302/302/259 303/303/261
f 773/793/251 303/303/261 774/794/252
f 774/794/252 303/303/261 304/304/688
f 305/305/689 775/795/253 304/304/688
f 304/304/688 775/795/253 774/794/252
f 776/796/247 775/795/253 804/758/690
f 776/796/247 804/758/690 778/798/248
f 778/798/248 804/758/690 777/797/691
f 290/290/692 778/798/248 777/797/691
f 290/290/692 779/799/245 778/798/248
f 288/288/693 780/800/244 290/290/692
f 290/290/692 780/800/244 779/799/245
f 278/278/289 781/801/243 288/288/693
f 288/288/693 781/801/243 780/800/244
f 767/774/268 318/318/265 789/810/266
f 792/814/81 94/94/80 95/95/82
f 794/816/284 793/815/287 335/335/280
f 335/335/280 793/815/287 336/336/282
f 334/334/281 795/817/285 335/335/280
f 335/335/280 795/817/285 794/816/284
f 329/329/272 330/330/288 323/323/273
f 323/323/273 330/330/288 796/818/274
f 328/328/271 327/327/270 797/819/278
f 128/128/115 127/127/114 803/828/117
f 291/291/694 804/758/690 305/305/689
f 305/305/689 804/758/690 775/795/253
f 777/797/691 804/758/690 291/291/694
f 268/268/226 267/267/228 805/829/229
f 263/263/224 806/830/227 262/262/223
f 262/262/223 806/830/227 268/268/226
f 809/833/695 810/834/696 808/832/697
f 808/832/697 810/834/696 811/835/698
f 810/834/696 812/836/699 811/835/698
f 811/835/698 812/836/699 813/837/700
f 812/836/699 814/838/701 813/837/700
f 813/837/700 814/838/701 815/839/702
f 812/836/699 816/840/703 814/838/701
f 814/838/701 816/840/703 817/841/704
f 816/840/703 818/842/705 817/841/704
f 817/841/704 818/842/705 819/843/706
f 820/844/707 821/845/708 823/847/709
f 823/847/709 821/845/708 822/846/710
f 819/843/706 818/842/705 825/849/711
f 825/849/711 818/842/705 824/848/712
f 826/850/713 827/851/714 824/848/712
f 825/849/711 824/848/712 827/851/714
f 821/845/708 827/851/714 822/846/710
f 822/846/710 827/851/714 826/850/713
f 826/850/713 824/848/712 830/854/715
f 824/848/712 833/857/716 830/854/715
f 840/864/717 833/857/716 818/842/705
f 818/842/705 833/857/716 824/848/712
f 818/842/705 816/840/703 840/864/717
f 816/840/703 841/865/718 840/864/717
f 812/836/699 842/866/719 816/840/703
f 816/840/703 842/866/719 841/865/718
f 812/836/699 810/834/696 842/866/719
f 842/866/719 810/834/696 843/867/720
f 810/834/696 809/833/695 843/867/720
f 843/867/720 809/833/695 844/868/721
f 842/866/719 843/867/720 846/870/722
f 846/870/722 843/867/720 845/869/723
f 846/870/722 847/871/724 842/866/719
f 842/866/719 847/871/724 841/865/718
f 841/865/718 847/871/724 840/864/717
f 840/864/717 847/871/724 848/872/725
f 840/864/717 848/872/725 839/863/726
f 843/867/720 844/868/721 845/869/723
f 845/869/723 844/868/721 849/873/727
f 850/874/728 851/875/729 849/873/727
f 849/873/727 851/875/729 852/876/730
f 849/873/727 852/876/730 845/869/723
f 852/876/730 853/877/731 845/869/723
f 845/869/723 853/877/731 846/870/722
f 853/877/731 854/878/732 846/870/722
f 846/870/722 854/878/732 847/871/724
f 854/878/732 855/879/733 847/871/724
f 847/871/724 855/879/733 848/872/725
f 848/872/725 855/879/733 839/863/726
f 839/863/726 855/879/733 856/880/734
f 851/875/729 857/881/735 852/876/730
f 852/876/730 857/881/735 853/877/731
f 857/881/735 858/882/736 853/877/731
f 853/877/731 858/882/736 854/878/732
f 854/878/732 858/882/736 855/879/733
f 855/879/733 858/882/736 859/883/737
f 855/879/733 859/883/737 856/880/734
f 856/880/734 859/883/737 860/884/738
f 860/884/738 861/885/739 856/880/734
f 856/880/734 861/885/739 838/862/740
f 851/875/729 850/874/728 865/889/741
f 865/889/741 850/874/728 864/888/742
f 851/875/729 865/889/741 857/881/735
f 857/881/735 865/889/741 866/890/743
f 857/881/735 866/890/743 858/882/736
f 858/882/736 866/890/743 867/891/744
f 867/891/744 868/892/745 858/882/736
f 858/882/736 868/892/745 859/883/737
f 868/892/745 869/893/746 859/883/737
f 859/883/737 869/893/746 860/884/738
f 869/893/746 870/894/747 860/884/738
f 860/884/738 870/894/747 861/885/739
f 865/889/741 864/888/742 875/899/748
f 875/899/748 864/888/742 874/898/749
f 875/899/748 876/900/750 865/889/741
f 865/889/741 876/900/750 866/890/743
f 866/890/743 876/900/750 867/891/744
f 867/891/744 876/900/750 877/901/751
f 877/901/751 878/902/752 867/891/744
f 867/891/744 878/902/752 868/892/745
f 878/902/752 879/903/753 868/892/745
f 868/892/745 879/903/753 869/893/746
f 879/903/753 878/902/752 881/905/754
f 881/905/754 878/902/752 880/904/755
f 878/902/752 877/901/751 880/904/755
f 880/904/755 877/901/751 882/906/756
f 877/901/751 876/900/750 882/906/756
f 882/906/756 876/900/750 883/907/757
f 876/900/750 875/899/748 883/907/757
f 883/907/757 875/899/748 884/908/758
f 875/899/748 874/898/749 884/908/758
f 881/905/754 885/909/759 879/903/753
f 879/903/753 885/909/759 886/910/760
f 879/903/753 886/910/760 869/893/746
f 869/893/746 886/910/760 870/894/747
f 870/894/747 886/910/760 871/895/761
f 886/910/760 887/911/762 871/895/761
f 871/895/761 887/911/762 873/897/763
f 886/910/760 885/909/759 887/911/762
f 890/914/764 889/913/765 896/920/766
f 896/920/766 889/913/765 897/921/767
f 901/925/768 902/926/769 898/922/770
f 898/922/770 902/926/769 897/921/767
f 897/921/767 902/926/769 896/920/766
f 903/927/771 904/928/772 906/930/773
f 906/930/773 904/928/772 905/929/774
f 903/927/771 906/930/773 899/923/775
f 906/930/773 907/931/776 899/923/775
f 899/923/775 907/931/776 900/924/777
f 907/931/776 908/932/778 900/924/777
f 900/924/777 908/932/778 901/925/768
f 908/932/778 909/933/779 901/925/768
f 901/925/768 909/933/779 902/926/769
f 902/926/769 909/933/779 896/920/766
f 896/920/766 909/933/779 910/934/780
f 905/929/774 911/935/781 906/930/773
f 906/930/773 911/935/781 907/931/776
f 911/935/781 912/936/782 907/931/776
f 907/931/776 912/936/782 908/932/778
f 912/936/782 913/937/783 908/932/778
f 908/932/778 913/937/783 909/933/779
f 909/933/779 913/937/783 910/934/780
f 910/934/780 913/937/783 914/938/784
f 905/929/774 904/928/772 919/943/785
f 919/943/785 904/928/772 918/942/786
f 905/929/774 919/943/785 911/935/781
f 911/935/781 919/943/785 920/944/787
f 911/935/781 920/944/787 912/936/782
f 912/936/782 920/944/787 921/945/788
f 921/945/788 922/946/789 912/936/782
f 912/936/782 922/946/789 913/937/783
f 922/946/789 923/947/790 913/937/783
f 913/937/783 923/947/790 914/938/784
f 919/943/785 918/942/786 929/953/791
f 929/953/791 918/942/786 928/952/792
f 919/943/785 929/953/791 920/944/787
f 920/944/787 929/953/791 930/954/793
f 920/944/787 930/954/793 921/945/788
f 921/945/788 930/954/793 931/955/794
f 931/955/794 932/956/795 921/945/788
f 921/945/788 932/956/795 922/946/789
f 932/956/795 933/957/796 922/946/789
f 922/946/789 933/957/796 923/947/790
f 933/957/796 932/956/795 935/959/797
f 935/959/797 932/956/795 934/958/798
f 932/956/795 931/955/794 934/958/798
f 934/958/798 931/955/794 936/960/799
f 931/955/794 930/954/793 936/960/799
f 936/960/799 930/954/793 937/961/800
f 929/953/791 938/962/801 930/954/793
f 930/954/793 938/962/801 937/961/800
f 929/953/791 928/952/792 938/962/801
f 935/959/797 939/963/802 933/957/796
f 933/957/796 939/963/802 940/964/803
f 933/957/796 940/964/803 923/947/790
f 923/947/790 940/964/803 924/948/804
f 924/948/804 940/964/803 925/949/805
f 939/963/802 942/966/806 940/964/803
f 940/964/803 942/966/806 941/965/807
f 941/965/807 942/966/806 943/967/808
f 295/295/809 297/297/810 296/296/811
f 296/296/811 297/297/810 298/298/812
f 296/296/811 298/298/812 300/300/255
f 300/300/255 298/298/812 299/299/813
f 767/774/268 322/322/269 766/788/814
f 766/788/814 322/322/269 323/323/273
f 323/323/273 324/324/275 766/788/814
f 766/788/814 324/324/275 325/325/815
f 299/299/813 307/307/816 300/300/255
f 300/300/255 307/307/816 768/773/258
f 945/969/817 786/807/818 944/968/819
f 944/968/819 786/807/818 311/311/820
f 786/807/818 787/808/262 311/311/820
f 311/311/820 787/808/262 758/776/264
f 944/968/819 310/310/821 945/969/817
f 945/969/817 310/310/821 785/806/822
f 948/972/823 945/969/817 313/313/824
f 313/313/824 945/969/817 785/806/822
f 249/249/825 251/251/213 247/247/211
f 247/247/211 251/251/213 250/250/212
f 249/249/825 252/252/826 251/251/213
f 251/251/213 252/252/826 253/253/215
f 253/253/215 800/824/827 264/264/828
f 252/252/826 266/266/829 265/265/830
f 253/253/215 264/264/828 255/255/214
f 255/255/214 264/264/828 799/822/225
f 264/765/828 757/777/682 799/823/681
f 253/253/215 252/252/826 265/265/830
f 253/253/215 265/265/830 800/824/827
f 800/825/827 265/762/830 952/978/831
f 952/978/831 265/762/830 266/763/829
f 230/230/203 206/206/201 246/246/832
f 244/244/678 245/245/833 206/206/201
f 245/245/833 246/246/832 206/206/201
f 246/246/832 247/247/211 230/230/203
f 230/230/203 247/247/211 234/234/204
f 247/247/211 246/246/832 249/249/825
f 249/249/825 246/246/832 248/248/834
f 252/252/826 249/249/825 254/254/835
f 254/254/835 249/249/825 248/248/834
f 252/252/826 254/254/835 266/266/829
f 248/248/834 951/976/836 254/254/835
f 800/825/827 752/764/837 264/761/828
f 952/978/831 266/763/829 951/977/836
f 951/977/836 266/763/829 254/759/835
f 264/765/828 752/766/837 757/777/682
f 248/248/834 245/245/833 951/976/836
f 245/760/833 752/764/837 951/977/836
f 952/978/831 951/977/836 752/764/837
f 800/825/827 952/978/831 752/764/837
f 245/245/833 248/248/834 246/246/832
f 241/241/838 240/240/219 798/820/839
f 258/258/218 259/259/222 240/240/219
f 240/240/219 259/259/222 242/242/840
f 259/259/222 281/281/240 242/242/840
f 798/820/839 240/240/219 242/242/840
f 940/964/803 941/965/807 925/949/805
f 925/949/805 941/965/807 927/951/841
f 927/951/841 941/965/807 943/967/808
f 888/912/842 890/914/764 892/916/843
f 892/916/843 890/914/764 891/915/844
f 896/920/766 910/934/780 895/919/845
f 910/934/780 914/938/784 895/919/845
f 895/919/845 914/938/784 915/939/846
f 923/947/790 924/948/804 914/938/784
f 914/938/784 924/948/804 915/939/846
f 895/919/845 891/915/844 896/920/766
f 896/920/766 891/915/844 890/914/764
f 892/916/843 891/915/844 894/918/847
f 894/918/847 891/915/844 954/981/848
f 893/917/849 891/915/844 895/919/845
f 895/919/845 915/939/846 893/917/849
f 893/917/849 915/939/846 955/982/850
f 924/948/804 925/949/805 915/939/846
f 915/939/846 925/949/805 916/940/851
f 916/940/851 925/949/805 917/941/852
f 926/950/853 956/983/854 927/951/841
f 927/951/841 956/983/854 917/941/852
f 917/941/852 925/949/805 927/951/841
f 956/983/854 955/982/850 917/941/852
f 917/941/852 955/982/850 916/940/851
f 954/981/848 891/915/844 893/917/849
f 955/982/850 915/939/846 916/940/851
f 956/983/854 926/950/853 954/981/848
f 954/981/848 926/950/853 894/918/847
f 955/982/850 956/983/854 893/917/849
f 893/917/849 956/983/854 954/981/848
f 139/139/126 138/138/127 141/141/153
f 141/141/153 138/138/127 140/140/855
f 140/140/855 142/142/856 141/141/153
f 141/141/153 142/142/856 143/143/154
f 143/143/154 199/199/857 169/169/155
f 169/169/155 199/199/857 198/198/184
f 749/751/858 132/132/122 748/750/679
f 748/750/679 132/132/122 135/135/123
f 132/132/122 749/751/858 750/752/680
f 199/199/857 143/143/154 751/753/859
f 751/753/859 143/143/154 142/142/856
f 136/136/124 750/752/680 138/138/127
f 138/138/127 750/752/680 140/140/855
f 142/142/856 957/984/860 751/753/859
f 957/984/860 807/831/861 751/753/859
f 807/831/861 749/751/858 751/753/859
f 140/140/855 750/752/680 807/831/861
f 750/752/680 749/751/858 807/831/861
f 957/984/860 142/142/856 140/140/855
f 807/831/861 957/984/860 140/140/855
f 205/205/191 207/207/200 208/208/193
f 208/208/193 207/207/200 227/227/862
f 227/227/862 207/207/200 228/228/863
f 232/232/206 228/228/863 231/231/202
f 231/231/202 228/228/863 207/207/200
f 802/827/864 228/228/863 232/232/206
f 236/236/207 801/826/865 232/232/206
f 232/232/206 801/826/865 802/827/864
f 236/236/207 238/238/208 801/826/865
f 239/239/866 240/240/219 241/241/838
f 238/238/208 240/240/219 801/826/865
f 801/826/865 240/240/219 239/239/866
f 223/223/197 225/225/199 226/226/867
f 225/225/199 208/208/193 226/226/867
f 226/226/867 208/208/193 227/227/862
f 226/226/867 227/227/862 229/229/868
f 229/229/868 227/227/862 228/228/863
f 239/239/866 241/241/838 958/985/869
f 958/985/869 241/241/838 233/233/870
f 760/755/871 233/770/870 798/821/839
f 798/821/839 233/770/870 241/771/838
f 801/826/865 239/239/866 802/827/864
f 802/827/864 239/239/866 958/985/869
f 229/229/868 228/228/863 233/233/870
f 233/233/870 228/228/863 958/985/869
f 760/755/871 953/980/872 233/770/870
f 953/979/872 229/768/868 233/769/870
f 958/985/869 228/228/863 802/827/864
f 397/397/348 398/398/349 384/384/335
f 384/384/335 398/398/349 382/382/333
f 870/894/747 871/895/761 861/885/739
f 861/885/739 871/895/761 862/886/873
f 862/886/873 871/895/761 863/887/874
f 872/896/875 837/861/876 873/897/763
f 873/897/763 837/861/876 863/887/874
f 863/887/874 871/895/761 873/897/763
f 839/863/726 834/858/877 840/864/717
f 840/864/717 834/858/877 833/857/716
f 838/862/740 834/858/877 856/880/734
f 856/880/734 834/858/877 839/863/726
f 861/885/739 862/886/873 838/862/740
f 838/862/740 862/886/873 836/860/878
f 862/886/873 863/887/874 836/860/878
f 836/860/878 863/887/874 837/861/876
f 836/860/878 837/861/876 831/855/879
f 831/855/879 837/861/876 835/859/880
f 823/847/709 822/846/710 829/853/881
f 829/853/881 822/846/710 828/852/882
f 822/846/710 826/850/713 828/852/882
f 828/852/882 826/850/713 830/854/715
f 828/852/882 830/854/715 831/855/879
f 832/856/883 828/852/882 835/859/880
f 835/859/880 828/852/882 831/855/879
f 830/854/715 833/857/716 831/855/879
f 831/855/879 833/857/716 834/858/877
f 836/860/878 831/855/879 838/862/740
f 838/862/740 831/855/879 834/858/877
f 828/852/882 832/856/883 829/853/881
f 275/275/236 277/277/884 276/276/237
f 276/276/237 277/277/884 278/278/289
f 270/270/231 282/282/885 274/274/235
f 274/274/235 282/282/885 283/283/886
f 274/274/235 283/283/886 275/275/236
f 275/275/236 283/283/886 277/277/884
f 783/803/887 284/284/888 782/802/889
f 782/802/889 284/284/888 285/285/249
f 285/285/249 286/286/241 782/802/889
f 782/802/889 286/286/241 781/801/243
f 284/284/888 783/803/887 292/292/890
f 292/292/890 783/803/887 959/986/891
f 269/269/230 293/293/892 270/270/231
f 270/270/231 293/293/892 282/282/885
f 960/987/893 294/294/894 959/986/891
f 959/986/891 294/294/894 292/292/890
f 294/294/894 295/295/809 292/292/890
f 292/292/890 295/295/809 296/296/811
f 300/300/255 301/301/254 296/296/811
f 296/296/811 301/301/254 292/292/890
f 284/284/888 292/292/890 301/301/254
f 301/301/254 772/792/250 284/284/888
f 284/284/888 772/792/250 285/285/249
f 782/802/889 781/801/243 277/277/884
f 277/277/884 781/801/243 278/278/289
f 277/277/884 283/283/886 782/802/889
f 782/802/889 283/283/886 783/803/887
f 783/803/887 283/283/886 959/986/891
f 959/986/891 283/283/886 282/282/885
f 959/986/891 282/282/885 960/987/893
f 960/987/893 282/282/885 293/293/892
f 683/683/676 706/682/650 391/391/343
f 753/783/677 707/707/895 703/705/896
f 703/705/896 707/707/895 708/708/897
f 708/708/897 731/731/898 709/709/899
f 709/709/899 731/731/898 732/732/900
f 703/705/896 710/710/651 704/706/649
f 709/709/899 711/711/901 710/710/651
f 710/710/651 711/711/901 712/712/652
f 712/712/652 711/711/901 729/729/663
f 729/729/663 711/711/901 730/730/664
f 709/709/899 703/705/896 708/708/897
f 709/709/899 732/732/900 711/711/901
f 711/711/901 732/732/900 730/730/664
f 707/707/895 683/683/676 391/391/343
f 705/684/648 753/783/677 704/706/649
f 704/706/649 753/783/677 703/705/896
f 707/707/895 753/783/677 683/683/676
f 703/705/896 709/709/899 710/710/651
f 528/528/479 529/529/902 496/496/448
f 496/496/448 529/529/902 497/497/447
f 536/536/486 537/537/903 527/527/478
f 527/527/478 537/537/903 528/528/479
f 538/538/904 497/497/447 529/529/902
f 529/529/902 961/988/905 538/538/904
f 546/546/493 559/559/507 544/544/492
f 544/544/492 559/559/507 560/560/906
f 544/544/492 560/560/906 535/535/485
f 535/535/485 560/560/906 536/536/486
f 536/536/486 560/560/906 537/537/903
f 560/560/906 559/559/507 561/561/907
f 561/561/907 559/559/507 562/562/508
f 561/561/907 564/564/908 961/988/905
f 961/988/905 564/564/908 538/538/904
f 562/562/508 565/565/510 561/561/907
f 561/561/907 565/565/510 564/564/908
f 537/537/903 961/988/905 528/528/479
f 528/528/479 961/988/905 529/529/902
f 961/988/905 537/537/903 561/561/907
f 561/561/907 537/537/903 560/560/906
f 694/696/641 696/698/909 695/697/642
f 695/697/642 696/698/909 697/699/910
f 693/695/638 698/700/644 694/696/641
f 694/696/641 698/700/644 696/698/909
f 717/717/657 718/718/911 699/701/643
f 699/701/643 718/718/911 698/700/644
f 698/700/644 718/718/911 696/698/909
f 719/719/912 696/698/909 718/718/911
f 717/717/657 720/720/659 718/718/911
f 718/718/911 720/720/659 719/719/912
f 719/719/912 721/721/913 697/699/910
f 697/699/910 721/721/913 722/722/914
f 720/720/659 723/723/670 719/719/912
f 719/719/912 723/723/670 721/721/913
f 721/721/913 723/723/670 724/724/915
f 724/724/915 723/723/670 739/739/671
f 721/721/913 724/724/915 722/722/914
f 696/698/909 719/719/912 697/699/910
f 319/319/916 758/776/264 318/318/265
f 319/319/916 318/318/265 767/774/268
f 307/307/816 299/299/813 765/787/917
f 765/787/917 299/299/813 764/786/918
f 765/787/917 764/786/918 308/308/919
f 311/311/820 758/776/264 312/312/920
f 312/312/920 758/776/264 319/319/916
f 298/298/812 309/309/921 299/299/813
f 299/299/813 309/309/921 764/786/918
f 297/297/810 310/310/821 298/298/812
f 298/298/812 310/310/821 309/309/921
f 944/968/819 311/311/820 949/974/922
f 949/974/922 311/311/820 312/312/920
f 962/990/923 317/317/924 963/989/925
f 963/989/925 317/317/924 308/308/919
f 962/990/923 319/319/916 317/317/924
f 317/317/924 325/325/815 308/308/919
f 317/317/924 766/788/814 325/325/815
f 319/319/916 767/774/268 317/317/924
f 317/317/924 767/774/268 766/788/814
f 309/309/921 963/989/925 764/786/918
f 764/786/918 963/989/925 308/308/919
f 949/974/922 309/309/921 944/968/819
f 944/968/819 309/309/921 310/310/821
f 963/989/926 309/309/921 949/974/922
f 963/989/926 949/974/922 962/990/927
f 962/990/927 949/974/922 312/312/920
f 319/319/916 962/990/927 312/312/920
f 945/969/817 948/972/823 786/807/818
f 786/807/818 948/972/823 314/314/928
f 759/775/929 790/811/930 320/320/931
f 788/809/263 787/808/262 320/320/931
f 320/320/931 787/808/262 759/775/929
f 946/970/932 947/971/933 964/991/934
f 964/991/934 947/971/933 316/316/935
f 964/991/936 759/775/929 314/314/928
f 759/775/929 791/812/937 321/321/938
f 787/808/262 786/807/818 759/775/929
f 759/775/929 786/807/818 314/314/928
f 759/775/929 321/321/938 790/811/930
f 759/775/929 316/316/935 791/812/937
f 313/313/824 315/315/939 948/972/823
f 948/972/823 315/315/939 946/970/932
f 784/804/940 946/970/932 315/315/939
f 947/971/933 946/970/932 784/804/940
f 947/973/933 950/975/941 316/772/935
f 316/772/935 950/975/941 791/813/937
f 950/975/941 947/973/933 784/805/940
f 964/991/936 314/314/928 946/970/932
f 946/970/932 314/314/928 948/972/823
f 759/775/929 964/991/934 316/316/935
f 200/200/942 201/201/186 745/745/943
f 745/745/943 201/201/186 744/744/188
f 203/203/944 202/202/190 210/210/945
f 210/210/945 202/202/190 209/209/192
f 965/992/946 966/993/947 210/210/945
f 210/210/945 966/993/947 203/203/944
f 968/995/948 200/200/942 967/994/949
f 967/994/949 200/200/942 745/745/943
f 965/992/946 210/210/945 969/996/950
f 969/996/950 210/210/945 214/214/951
f 210/210/945 209/209/192 214/214/951
f 214/214/951 209/209/192 216/216/198
f 214/214/951 216/216/198 218/218/952
f 218/218/952 216/216/198 217/217/195
f 969/996/950 214/214/951 970/997/953
f 970/997/953 214/214/951 218/218/952
f 971/998/954 970/997/953 220/220/955
f 220/220/955 970/997/953 218/218/952
f 217/217/195 222/222/194 218/218/952
f 218/218/952 222/222/194 220/220/955
f 744/744/188 202/202/190 745/745/943
f 745/745/943 202/202/190 203/203/944
f 966/993/947 967/994/949 203/203/944
f 203/203/944 967/994/949 745/745/943
f 970/997/956 971/998/957 219/219/958
f 219/219/958 971/998/957 221/221/959
f 970/997/956 219/219/958 969/996/960
f 969/996/960 219/219/958 215/215/961
f 969/996/960 215/215/961 965/992/962
f 965/992/962 215/215/961 211/211/963
f 966/993/964 965/992/962 212/212/965
f 212/212/965 965/992/962 211/211/963
f 966/993/964 212/212/965 967/994/966
f 967/994/966 212/212/965 746/746/967
f 967/994/966 746/746/967 968/995/968
f 968/995/968 746/746/967 213/213/969
f 1/1/970 2/2/1 4/4/971
f 4/4/971 2/2/1 3/3/3
f 3/3/3 25/25/23 4/4/971
f 4/4/971 25/25/23 26/26/972
f 973/1000/973 1/1/970 972/999/974
f 972/999/974 1/1/970 4/4/971
f 972/999/974 4/4/971 974/1001/975
f 974/1001/975 4/4/971 26/26/972
f 974/1001/975 26/26/972 975/1002/976
f 975/1002/976 26/26/972 30/30/977
f 26/26/972 25/25/23 30/30/977
f 30/30/977 25/25/23 32/32/24
f 61/61/53 62/62/978 32/32/24
f 32/32/24 62/62/978 30/30/977
f 975/1002/976 30/30/977 976/1003/979
f 976/1003/979 30/30/977 62/62/978
f 62/62/978 61/61/53 65/65/980
f 65/65/980 61/61/53 64/64/54
f 976/1003/979 62/62/978 977/1004/981
f 977/1004/981 62/62/978 65/65/980
f 977/1004/981 65/65/980 978/1005/982
f 978/1005/982 65/65/980 67/67/983
f 65/65/980 64/64/54 67/67/983
f 67/67/983 64/64/54 69/69/57
f 978/1005/984 68/68/985 977/1004/986
f 977/1004/986 68/68/985 66/66/987
f 977/1004/986 66/66/987 976/1003/988
f 976/1003/988 66/66/987 63/63/989
f 976/1003/988 63/63/989 975/1002/990
f 975/1002/990 63/63/989 31/31/991
f 975/1002/990 31/31/991 974/1001/992
f 974/1001/992 31/31/991 29/29/993
f 972/999/994 974/1001/992 27/27/995
f 27/27/995 974/1001/992 29/29/993
f 972/999/994 27/27/995 973/1000/996
f 973/1000/996 27/27/995 28/28/997
