# This file uses centimeters as units for non-parametric coordinates.

v 6.965133 7.627980 -6.662539
v 6.082285 5.883376 -3.044019
v 1.528250 6.676390 -2.882094
v 6.781260 9.138044 -5.206685
v 6.882133 9.420293 -6.811690
v 5.824895 9.258823 -5.169606
v 6.789131 9.150249 -6.734160
v 6.750772 9.258823 -6.704486
v 2.468983 5.876330 -3.036689
v 2.806008 9.217266 -5.678249
v 2.696036 9.426003 -5.440587
v 3.099789 9.275333 -5.177803
v 6.694092 7.477188 -4.411957
v 3.086078 7.469686 -5.269110
v 6.913297 7.497838 -6.702405
v 7.273468 7.458926 -6.665960
v 7.363689 7.737398 -2.854012
v 2.421644 7.485169 -2.948159
v 2.427876 7.459265 -6.466308
v 1.514288 5.097788 -6.462242
v 1.605774 5.869474 -0.695895
v 0.655448 6.156773 -0.653179
v 1.215755 6.018236 -0.645003
v 1.605774 5.869472 0.398655
v 0.655447 6.257243 0.427962
v 1.598975 5.879495 0.569555
v 0.655448 6.154575 0.608045
v 3.365770 5.901967 -0.922463
v 6.985124 5.883523 -1.956229
v 6.118115 5.908135 -1.985353
v 2.922578 5.901999 0.610141
v 3.048573 9.258823 -6.655638
v 2.887336 9.731973 -5.951524
v 2.677366 9.805518 -5.947920
v 2.768180 9.822685 -5.944084
v 2.891541 9.682034 -5.632421
v 3.044113 9.521352 -6.703191
v 4.892344 9.258823 -6.703932
v 4.734707 9.503850 -6.809955
v 5.402493 9.258823 -6.759520
v 5.372683 9.549248 -6.717634
v 5.482606 9.686875 -6.784524
v 6.331932 9.258823 -6.704095
v 5.986287 9.632801 -6.783035
v 6.316335 9.360388 -6.903466
v 2.583902 9.719889 -5.923385
v 2.580672 9.358693 -6.060835
v 2.513399 9.444913 -6.156732
v 2.533695 9.640955 -5.944939
v 2.528008 9.582416 -6.017742
v 2.690323 9.145406 -6.220971
v 2.904673 8.864417 -5.787129
v 2.829530 8.820292 -6.211390
v 2.967239 8.581822 -5.974582
v 2.908977 8.655038 -6.391395
v 2.990465 8.382270 -6.368792
v 2.936061 8.492436 -6.445088
v 2.784896 7.599229 -6.492178
v 3.095748 7.459271 -6.466669
v 2.787062 7.767483 -6.597816
v 3.097003 7.760043 -6.439456
v 1.360603 5.109816 -4.249460
v 1.360603 5.385044 -2.818587
v 1.360330 5.620175 -0.842735
v 0.654863 6.034026 -0.748925
v 7.027657 5.883523 -2.696340
v 7.134815 7.401856 -2.944917
v 7.198652 7.455353 -2.945878
v 6.838620 7.450798 -6.797962
v 6.743351 7.689646 -6.674068
v 6.892908 7.589414 -6.810415
v 6.907018 7.518921 -4.630270
v 6.836056 7.487602 -4.624894
v 6.840209 7.860343 -4.501645
v 4.087335 7.521961 -4.110788
v 5.629684 8.580773 -4.112087
v 5.635296 7.527460 -4.121519
v 5.505057 8.489035 -4.110790
v 6.794449 8.440769 -4.572519
v 6.808140 8.136318 -4.552856
v 6.820889 8.017173 -4.546148
v 7.226432 7.622412 -6.660769
v 7.296446 7.732087 -6.734208
v 7.680477 7.627426 -6.653698
v 7.733833 7.706073 -6.730555
v 7.492070 7.760456 -6.765675
v 7.855744 7.770536 -6.760698
v 8.355138 7.773201 -6.747471
v 8.408071 7.645686 -6.666017
v 8.398831 7.730929 -6.707065
v 6.896967 7.771189 -6.779999
v 7.100563 7.781119 -6.778954
v 6.827810 7.759564 -6.771106
v 8.411084 7.458751 -6.664937
v 2.417340 7.401853 -2.948217
v 2.415834 7.481665 -3.098518
v 2.444133 5.896612 -3.076505
v 2.415863 7.401855 -3.096661
v 2.425648 7.469714 -5.274900
v 2.424184 7.401855 -4.328678
v 2.294410 7.284670 -4.328580
v 2.166800 6.594901 -2.970449
v 3.334327 5.901967 -1.405959
v 2.162169 7.459252 -6.466410
v 2.164042 7.503765 -5.281712
v 1.444176 7.716715 -5.291761
v 1.360422 7.716908 -5.291033
v 1.462488 5.109837 -5.262398
v 5.500566 5.883377 -3.036781
v 3.878997 7.509438 -4.110790
v 5.948328 8.962612 -5.193549
v 3.826564 7.477188 -5.193549
v 3.878531 7.509737 -5.193549
v 3.099347 7.477190 -5.217196
v 3.097947 7.465729 -2.961897
v 3.826317 7.485048 -2.948153
v 3.826564 7.478621 -4.110788
v 4.029258 7.478622 -4.110788
v 7.170250 7.458930 -4.110689
v 6.999404 7.459149 -6.646268
v 3.097897 7.401770 -2.972909
v 3.826315 7.401492 -2.948207
v 5.512268 7.476213 -4.110788
v 5.635225 7.475698 -4.110787
v 5.485542 7.475470 -4.261668
v 6.337620 9.169933 -4.120318
v 6.784825 9.166871 -4.113554
v 5.947652 8.954041 -4.112087
v 6.032173 8.895082 -4.109940
v 5.833222 9.258823 -6.703301
v 3.007188 9.356299 -5.255867
v 3.103085 8.845405 -5.254143
v 3.084157 8.335107 -5.201935
v 5.223327 8.401491 -5.193789
v 8.441060 7.458927 -4.110843
v 7.358976 7.458939 -4.110695
v 7.287050 7.857049 -0.532244
v 7.251269 7.559752 -0.551176
v 8.445162 7.452098 0.418784
v 6.370130 6.624470 0.480829
v 5.969534 6.288831 0.465664
v 5.446307 5.907540 0.466474
v 6.384475 5.908134 -0.903806
v 8.444576 7.452098 -0.534470
v 7.129146 7.286460 -0.512774
v 4.481435 5.883529 -3.036841
v 4.658326 5.908092 -1.896844
v 3.334968 5.876228 -2.675180
v 4.445804 5.908092 -2.673633
v 6.099722 5.908134 -2.679605
v 5.446232 5.901967 -0.513447
v 3.933919 5.901967 -0.407721
v 4.142344 5.908092 0.531596
v 7.056700 5.855085 -0.903313
v 2.216036 5.894012 -0.923005
v 2.298944 5.901967 -0.525703
v 3.982925 7.484242 -2.948159
v 3.982622 7.401492 -2.948217
v 5.454302 7.475982 -2.948329
v 5.577070 7.476039 -2.948344
v 5.453399 7.401492 -2.948376
v 5.576128 7.401489 -2.948392
v 7.135173 7.276338 0.469860
v 7.344574 7.452088 -0.538878
v 7.003672 7.627407 -6.649561
v 6.981941 7.778953 -6.778638
v 7.375313 7.765682 -2.594550
v 7.111222 7.644821 -2.613170
v 7.045396 7.533374 -2.810738
v 7.233753 7.366133 -0.536562
v 7.236009 7.853917 -1.999894
v 6.987172 7.764223 -1.888491
v 7.034142 7.639644 -1.893985
v 7.355294 7.777842 -2.308360
v 7.041821 7.786058 -1.720807
v 7.029342 7.683881 -1.601718
v 7.077418 7.163427 -2.617651
v 7.089524 7.277225 -1.644995
v 7.034796 7.185947 -2.075333
v 7.048310 7.705892 -2.358734
v 7.035849 7.589431 -2.210248
v 7.128026 7.759679 -2.571420
v 7.013756 7.837062 -1.956203
v 7.176100 7.783861 -2.250939
v 7.070915 7.737453 -2.184639
v 7.002521 7.629597 -2.016646
v 7.162640 7.843380 -1.720607
v 7.233263 7.825001 -1.727277
v 7.117893 7.760344 -1.662217
v 6.979563 7.676050 -1.556868
v 7.276155 7.816833 -1.904567
v 7.134078 7.755068 -1.917449
v 7.097817 7.716549 -2.839933
v 7.107663 7.858269 -0.537677
v 7.241554 7.870854 -1.120258
v 7.079449 7.883718 -1.003001
v 7.005705 7.792577 -0.847538
v 7.042784 7.356052 -0.698076
v 7.109198 7.664095 -0.546855
v 7.154964 7.230879 -0.581724
v 7.098998 7.408803 -0.555994
v 7.337082 7.452088 -0.458444
v 7.343026 7.452083 0.476838
v 2.446034 7.401399 -4.109044
v 6.074326 7.401323 -3.039848
v 7.152494 7.402315 -3.035564
v 6.357763 6.607400 -0.502684
v 5.963549 6.287390 -0.504680
v 4.048056 7.483885 -4.266004
v 5.509108 8.475540 -4.262982
v 5.624683 7.477250 -4.195044
v 5.624640 8.116685 -4.202468
v 5.622766 8.542011 -4.181037
v 6.019478 8.888600 -4.196288
v 6.769086 9.168523 -4.554125
v 5.499447 7.401492 -3.036781
v 2.166033 7.068627 -4.246336
v 6.966241 5.883523 -1.468482
v 8.443048 7.455422 -2.651275
v 7.345644 7.455422 -2.604476
v 8.444560 7.452098 -1.714849
v 7.347598 7.452087 -1.831387
v 4.932196 9.449355 -5.369541
v 4.890187 8.912363 -5.075994
v 4.883007 8.386500 -5.193549
v 4.881143 8.180140 -5.193549
v 4.047310 9.275340 -5.169606
v 4.139957 8.872734 -5.075994
v 4.132890 8.361650 -5.193549
v 4.143828 7.705559 -5.193549
v 3.353096 5.883379 -3.036696
v 3.393595 7.401492 -3.036792
v 4.479828 7.401492 -3.036839
v 7.324492 7.817147 -0.531126
v 7.332135 7.815374 -1.434275
v 7.367550 7.820623 -1.695354
v 7.323208 7.800270 -1.888300
v 7.321028 7.825775 -1.983276
v 7.346084 7.739908 -2.262695
v 7.345654 7.744519 -2.503785
v 7.345847 7.585518 -2.734941
v 7.345892 7.454997 -2.937290
v 5.503312 8.618144 -4.112087
v 5.396812 8.553829 -4.110787
v 5.461929 8.588669 -5.193549
v 5.388400 8.531446 -5.190633
v 8.009532 7.458928 -4.110790
v 8.009018 7.455422 -2.678699
v 8.007812 7.452088 -1.812457
v 8.007838 7.452088 -0.523778
v 2.114129 5.860206 0.645980
v 4.282505 5.768377 0.754538
v 3.967363 5.769526 0.783952
v 5.095485 5.822986 0.660478
v 7.348343 7.452087 -1.269665
v 3.084199 7.682662 -5.269677
v 6.800803 9.129445 -6.116364
v 6.330145 9.258823 -5.193681
v 6.333069 9.258824 -4.128862
v 3.098892 7.480879 -4.110771
v 2.415628 7.481700 -4.110742
v 2.415626 7.401855 -4.110744
v 2.445984 7.401399 -3.062897
v 2.482589 7.401399 -3.036764
v 1.322985 7.776846 -6.495368
v 1.262514 7.688503 -6.485040
v 1.245845 7.622077 -6.488561
v 1.257926 7.503097 -6.485445
v 1.386258 7.809258 -6.517690
v 1.460399 7.774905 -6.540274
v 1.441960 7.785041 -6.519436
v 1.443797 7.687896 -6.168464
v 1.304015 7.762980 -6.440907
v 1.443860 7.678616 -6.421734
v 2.013308 7.621928 -6.480385
v 1.857850 7.812463 -6.499579
v 2.101826 7.803204 -6.529660
v 2.426100 7.776412 -6.547108
v 2.661168 7.792882 -6.561812
v 2.426315 7.635043 -6.513501
v 2.190845 7.620548 -6.484941
v 1.477778 7.228790 -4.261120
v 1.444154 7.783083 -5.516927
v 1.360603 7.784044 -5.517101
v 1.462748 5.107512 -5.457360
v 1.160370 6.056632 0.597232
v 1.184490 6.138150 0.452991
v 0.864864 6.029624 -0.823845
v 0.936994 6.128555 -0.653105
v 0.745485 6.028730 -0.778078
v 0.963724 5.985220 -0.853409
v 1.215521 6.018301 -0.243791
v 1.605774 5.869474 -0.285253
v 0.968190 6.227993 0.427925
v 0.946332 6.128940 0.595523
v 1.215531 6.018149 0.425958
v 0.936994 6.128503 0.425960
v 0.655448 6.163653 0.426444
v 1.308011 5.975457 0.625999
v 1.322048 6.061095 0.470749
v 1.387638 5.947167 0.440072
v 6.954443 7.473270 -6.672751
v 7.507091 7.596684 -6.636244
v 7.356956 7.757660 -6.750592
v 7.627346 7.729651 -6.745781
v 8.106612 7.776131 -6.753888
v 8.081705 7.737104 -6.724962
v 8.072323 7.576342 -6.610304
v 8.045571 7.458751 -6.664740
v 8.408024 7.681893 -6.696149
v 8.376874 7.760240 -6.730072
v 6.707703 8.309557 -4.542877
v 5.623612 8.314320 -4.190708
v 6.714951 8.343230 -4.529943
v 6.595986 8.313643 -4.384424
v 6.805398 8.234604 -4.528575
v 5.624652 7.938380 -4.174800
v 6.816501 8.051068 -4.574524
v 6.688100 8.045394 -4.347084
v 6.792407 7.909912 -4.548163
v 1.954287 7.807388 -6.494954
v 4.151973 7.697269 -4.110790
v 4.253384 7.635228 -4.110788
v 5.225439 8.435909 -4.110788
v 5.316953 8.360722 -4.110790
v 4.876320 8.195685 -4.110788
v 4.956867 8.115096 -4.110790
v 6.947428 7.718845 -6.679034
v 7.003191 7.730681 -6.670056
v 7.270607 7.696228 -6.710461
v 7.401402 7.701696 -6.718184
v 7.567517 7.697008 -6.723076
v 7.696766 7.675319 -6.711931
v 7.004606 7.593202 -6.685880
v 7.042440 7.569614 -6.671755
v 6.904335 7.725119 -4.495100
v 6.759417 7.692400 -4.350654
v 5.624668 7.695875 -4.197717
v 6.879408 7.663921 -4.505696
v 6.892560 7.624269 -4.634515
v 6.788804 7.570150 -4.391307
v 6.897916 7.565933 -4.634719
v 7.025511 6.134751 -1.503077
v 5.598363 5.908135 -0.544343
v 5.514328 5.908135 -1.933610
v 5.514396 5.908134 -2.678630
v 7.121414 7.030834 -0.622822
v 7.045761 6.800797 -0.717537
v 7.076186 6.313550 -0.862573
v 6.920493 7.108833 -0.508263
v 6.939844 7.104329 0.466228
v 3.124313 7.477190 -5.194104
v 3.124780 7.480673 -4.110775
v 3.125138 7.485693 -2.948148
v 3.086004 7.480929 -4.110771
v 3.086302 7.485540 -2.948154
v 7.347284 7.452096 -1.964069
v 7.346782 7.452096 -2.134420
v 8.008588 7.452091 -2.227934
v 8.443851 7.452096 -2.187722
v 7.346179 7.455385 -2.335973
v 5.633125 7.975906 -4.124511
v 5.508590 7.984136 -4.111303
v 6.035875 8.688694 -4.223747
v 6.738542 8.715530 -4.665719
v 8.007828 7.452098 0.443420
v 5.149193 7.477681 -2.948292
v 5.141377 7.401492 -2.948339
v 4.350892 7.478120 -4.110790
v 4.483914 7.481423 -2.948217
v 4.494707 7.401492 -2.948271
v 1.609150 5.887260 0.467096
v 3.084180 7.986971 -5.270452
v 3.050226 8.033242 -6.408430
v 3.065993 8.148540 -6.358660
v 3.074577 7.891022 -6.424581
v 2.631113 9.572757 -5.771761
v 2.841119 9.613400 -5.392708
v 4.527312 9.411445 -5.258595
v 3.445702 9.594034 -5.353916
v 3.929711 9.258823 -6.720474
v 3.453621 9.792342 -6.807050
v 4.180944 9.807023 -6.758670
v 3.881157 9.617770 -6.891559
v 3.471912 9.258823 -5.432825
v 3.746336 9.258823 -5.432790
v 4.000535 9.258823 -5.410424
v 4.896259 9.258823 -6.108669
v 2.968040 9.650771 -5.618956
v 3.001466 9.551104 -5.370356
v 3.089505 9.044899 -5.059783
v 2.849911 9.035263 -5.576670
v 2.941122 9.258823 -6.545013
v 2.923448 9.258823 -5.610345
v 2.981591 9.658846 -6.686619
v 2.971139 9.738082 -6.643011
v 2.820122 9.835052 -6.655725
v 4.960495 9.679298 -6.709908
v 5.225806 9.718524 -6.736938
v 6.776903 9.258745 -4.098524
v 6.333272 9.258823 -6.108263
v 5.623446 9.488490 -6.644807
v 5.939490 9.468344 -6.647759
v 5.546500 9.700499 -6.793077
v 5.085151 9.491459 -6.595124
v 5.024765 9.704922 -6.720040
v 4.839701 9.532100 -6.666520
v 4.884548 9.469357 -6.657472
v 5.157680 9.258823 -6.732844
v 4.039045 9.499742 -6.632985
v 3.683188 9.489360 -6.686388
v 2.965293 9.475764 -6.625143
v 4.279226 9.258823 -6.721397
v 4.352306 9.493728 -6.651555
v 4.492008 9.737782 -6.740594
v 3.411674 9.454234 -6.649227
v 4.438754 9.761163 -6.747006
v 3.240922 9.738777 -6.783812
v 5.939246 9.653795 -6.787831
v 2.932490 9.482961 -5.144806
v 4.513197 9.280357 -5.154570
v 4.731499 9.329996 -5.179099
v 4.718129 9.460255 -5.313090
v 4.093358 9.306008 -5.354516
v 5.787697 9.709781 -6.793628
v 6.732487 9.572481 -6.782433
v 3.033267 9.458163 -6.689407
v 2.913732 9.804224 -6.647596
v 2.983578 9.620726 -6.704463
v 2.859521 9.769586 -5.969414
v 7.064762 7.513651 -0.746560
v 1.360603 7.224419 -4.260072
v 0.655448 6.291849 -0.666756
v 0.907693 6.251691 -0.657079
v 0.977885 6.244130 -0.657079
v 1.151260 6.202487 -0.677334
v 1.334968 6.125302 -0.663772
v 1.360603 6.679661 -2.882082
v 1.360571 5.865029 -0.778297
v 0.655448 6.171321 -0.266987
v 0.936994 6.128060 -0.259843
v 3.087265 7.459265 -5.584329
v 2.425642 7.459264 -5.555515
v 2.163439 7.495658 -5.572286
v 2.783922 5.750280 0.795920
v 2.237510 5.876256 -2.595312
v 1.120790 5.899423 -0.845094
v 7.094871 5.883382 -3.034255
v 6.776710 9.258823 -5.174059
v 6.783138 9.258823 -6.108589
v 3.853799 9.368788 -5.362668
v 3.890016 9.469758 -5.343938
v 3.190787 9.514088 -5.336655
v 3.193738 9.497750 -5.251454
v 3.538467 9.340917 -5.368445
v 3.712463 9.353147 -5.396287
v 3.857477 9.459898 -5.260868
v 4.795297 9.356985 -5.385715
v 4.460720 9.234235 -5.377815
v 4.435692 9.333069 -5.366373
v 4.738853 9.461270 -5.380553
v 3.489151 8.843103 -4.870281
v 3.448507 9.010839 -4.785406
v 3.329557 9.538026 -4.976641
v 3.344844 9.318790 -4.893022
v 2.932481 9.258823 -6.119103
v 2.937108 9.577622 -6.296248
v 2.947312 9.667030 -6.364408
v 2.919952 9.734351 -6.381712
v 2.880713 9.783127 -6.397627
v 2.790232 9.827936 -6.421746
v 2.738684 9.818203 -6.428920
v 3.042893 9.258823 -6.098520
v 3.406807 9.258823 -6.108955
v 3.820355 9.258823 -6.108852
v 4.378813 9.258823 -6.108749
v 4.117691 9.258823 -6.108797
v 5.826846 9.258823 -6.108720
v 3.037531 9.258823 -5.531792
v 5.465041 9.258823 -5.275346
v 4.931561 9.449357 -5.386603
v 4.928613 9.315612 -5.266463
v 4.316329 9.285458 -5.346488
v 4.292690 9.239129 -5.127217
v 4.314241 9.225245 -5.388842
v 2.923942 9.674995 -5.950819
v 2.919508 9.631964 -5.950762
v 2.838950 9.680140 -5.690498
v 7.036381 7.326666 -2.494026
v 7.122276 7.356957 -2.776567
v 1.605774 5.869475 -0.570947
v 0.936994 6.128346 -0.468806
v 0.655448 6.162090 -0.496041
v 1.215543 6.018270 -0.478857
v 7.364308 7.670913 -2.794876
v 7.368349 7.638235 -2.889974
v 7.213521 7.609452 -2.921537
v 7.261119 7.739581 -2.926388
v 7.321020 7.739896 -2.879321
v 7.373916 7.750084 -2.748076
v 7.285856 7.790328 -0.531613
v 7.335857 7.781227 -0.525196
v 1.605774 5.869474 -0.647777
v 0.655448 6.255223 -0.663075
v 0.909895 6.240600 -0.656778
v 0.973636 6.229768 -0.656668
v 1.166115 6.194943 -0.654678
v 1.309235 6.127282 -0.647875
v 2.169307 5.902035 0.531224
v 4.322967 9.258823 -5.411736
v 4.927844 9.258823 -5.406687
v 1.360391 7.745402 -6.180101
v 1.304390 7.728078 -6.321345
v 1.297027 7.744308 -6.405160
v 2.271711 5.876419 -3.021561
v 1.434298 6.053216 -0.711935
v 1.240127 5.835699 -0.838777
v 1.453838 6.037857 -0.660907
v 1.444387 6.033642 -0.630786
v 1.387643 5.946113 -0.627491
v 1.387637 5.946302 -0.489739
v 1.387623 5.946418 -0.242839
v 3.125268 7.401849 -2.948204
v 3.085763 7.401853 -2.948205
v 1.534187 5.882967 0.575520
v 1.543204 5.915937 0.490764
v 1.427411 6.010030 0.495305
v 4.847697 5.901967 -1.407702
v 5.514357 5.908135 -1.451759
v 6.251952 5.908134 -1.347131
v 6.688179 9.125771 -4.202327
v 6.568521 8.716157 -4.392347
v 6.611914 8.462381 -4.365294
v 6.643291 8.135921 -4.351755
v 6.724698 7.866284 -4.359800
v 6.954599 7.458473 -4.110703
v 7.100396 7.457881 -2.946179
v 1.360331 7.406463 -6.445838
v 1.360315 6.561240 -5.287335
v 1.360603 6.330902 -4.248850
v 1.360603 6.586810 -5.485130
v 1.360322 6.701138 -6.466910
v 1.360321 6.706917 -6.492653
v 1.360205 6.121619 -5.281394
v 1.360603 5.949491 -4.211518
v 1.360603 6.153341 -5.484489
v 1.360268 6.308114 -6.504148
v 1.360295 6.317704 -6.584550
v 8.386803 7.523357 -6.671550
v 2.307934 5.901967 -0.237568
v 3.188044 5.901967 -0.335413
v 7.340317 7.816904 -1.173741
v 7.076063 7.802335 -1.485896
v 7.213343 7.849264 -1.423424
v 7.141282 7.868046 -0.824277
v 7.332025 7.817031 -0.837006
v 7.246606 7.895491 -0.861237
v 7.346298 7.452088 -0.873203
v 7.341363 7.634920 -0.853496
v 6.342779 9.128901 -4.190066
v 1.605774 5.896871 -0.908743
v 2.243183 5.902020 -0.739261
v 2.922092 7.401432 -3.036774
v 5.395704 8.550881 -4.154812
v 5.225114 8.430623 -4.154807
v 5.498072 8.614411 -4.154812
v 4.876978 8.193564 -4.154810
v 5.948967 8.955212 -4.154810
v 6.777924 9.258822 -4.154815
v 6.333566 9.258822 -4.154811
v 3.878933 7.509479 -4.154811
v 4.150627 7.698640 -4.154805
v 8.009181 7.455443 -2.962402
v 8.442381 7.455422 -2.962421
v 7.364699 7.455144 -2.962374
v 7.206129 7.455382 -2.962367
v 7.101771 7.457967 -2.962355
v 3.987350 7.483706 -2.962202
v 4.470253 7.481084 -2.962224
v 5.583997 7.475998 -2.962276
v 5.190355 7.477515 -2.962258
v 5.461107 7.476008 -2.962271
v 3.826340 7.484449 -2.962195
v 3.125108 7.485275 -2.962163
v 2.444917 6.517215 -3.502343
v 2.445069 6.657522 -3.069624
v 2.281380 6.476287 -3.578308
v 2.476075 6.671278 -3.036728
v 3.374293 6.677969 -3.036746
v 3.127251 6.678835 -3.036737
v 2.554983 6.548386 -3.173327
v 2.584432 6.511777 -3.139118
v 2.432706 6.394302 -3.130581
v 2.464459 6.380618 -3.098041
v 3.191125 6.453863 -3.036725
v 7.251052 7.780696 -2.806818
v 7.257764 7.776465 -2.868049
v 5.389378 8.534050 -5.145443
v 5.223554 8.405184 -5.155644
v 5.466969 8.592258 -5.142246
v 4.880569 8.181989 -5.144032
v 5.948246 8.961393 -5.116096
v 6.330884 9.258823 -5.096428
v 4.144933 7.704434 -5.118253
v 3.878593 7.509697 -5.125400
v 3.826564 7.477406 -5.122454
v 5.968781 6.286844 0.345782
v 6.374326 6.608256 0.345794
v 6.934924 7.104574 0.345601
v 5.446282 5.905650 0.345665
v 8.444960 7.452098 0.345799
v 8.007831 7.452088 0.345688
v 7.340962 7.452088 0.345610
v 7.145213 7.277746 0.345519
v 6.753766 8.693380 -6.601981
v 6.711545 8.370881 -6.564494
v 6.790359 8.168712 -6.636289
v 6.783544 8.277838 -4.532261
v 6.778163 8.400086 -4.558482
v 6.899364 7.777465 -4.496748
v 6.788795 7.479873 -4.489653
v 6.153262 7.990054 -4.184477
v 6.164344 7.903987 -4.190427
v 6.127637 8.125900 -4.201052
v 6.109746 8.211981 -4.216844
v 6.096464 8.314001 -4.210248
v 6.072171 8.506942 -4.195137
v 6.193518 7.694180 -4.198056
v 6.254927 7.467607 -4.110748
v 6.216218 7.477216 -4.229800
v 6.196223 7.635763 -4.217486
v 6.116841 9.373682 -6.673219
v 6.289297 9.421196 -6.878423
v 6.465136 9.363167 -6.730146
v 6.370744 9.416411 -6.890520
v 3.396812 9.258823 -6.717961
v 5.409776 9.258823 -6.108697
v 0.844126 6.173598 -0.793546
v 0.957125 6.150895 -0.838161
v 0.655441 6.205591 -0.771628
v 1.063132 6.106584 -0.867162
v 1.343503 5.960486 -0.852139
v 1.223582 6.022371 -0.856928
v 1.360441 5.800020 -0.830999
v -6.068156 7.701696 -6.718184
v -6.024367 7.757660 -6.750592
v -5.964394 7.732087 -6.734208
v -5.939234 7.696228 -6.710461
v -7.057141 7.730929 -6.707065
v -6.742998 7.737104 -6.724962
v -7.066458 7.681893 -6.696149
v -5.673379 7.730681 -6.670056
v -5.652312 7.778953 -6.778638
v -5.568765 7.771189 -6.779999
v -5.618263 7.718845 -6.679034
v -5.769830 7.781119 -6.778954
v -5.944111 7.816833 -1.904567
v -5.991103 7.800270 -1.888300
v -5.988726 7.825775 -1.983276
v -5.904413 7.853917 -1.999894
v -5.803100 7.755068 -1.917449
v -5.683905 7.837062 -1.956203
v -5.711876 7.786058 -1.720807
v -5.657572 7.764223 -1.888491
v -1.136274 7.635043 -6.513501
v -1.491720 7.599229 -6.492178
v -1.493775 7.767483 -6.597816
v -1.369328 7.792882 -6.561812
v -1.136274 7.776412 -6.547108
v -0.902825 7.620548 -6.484941
v -0.814467 7.803204 -6.529660
v 0.366811 6.128940 0.595523
v 0.345312 6.227993 0.427925
v -7.035239 7.760240 -6.730072
v -7.013764 7.773201 -6.747471
v -6.767339 7.776131 -6.753888
v -6.518867 7.770536 -6.760698
v -6.398067 7.706073 -6.730555
v -5.674178 7.627407 -6.649561
v -5.636067 7.627980 -6.662539
v -6.015049 7.452096 -1.964069
v -6.014249 7.452096 -2.134420
v -6.670446 7.452091 -2.227934
v -6.013836 7.455385 -2.335973
v -6.013813 7.739908 -2.262695
v -6.013025 7.455422 -2.604476
v -6.013018 7.744519 -2.503785
v -3.648819 9.679298 -6.709908
v -3.528832 9.532100 -6.666520
v -3.573412 9.469357 -6.657472
v -3.772410 9.491459 -6.595124
v -3.712466 9.704922 -6.720040
v -5.716312 6.800797 -0.717537
v -5.790900 7.030834 -0.622822
v -5.746321 6.313550 -0.862573
v 0.375986 6.128503 0.425960
v -1.800155 7.459271 -6.466669
v -1.801385 7.760043 -6.439456
v -1.791663 7.459265 -5.584329
v -1.137887 7.459265 -6.466308
v -1.135473 7.459264 -5.555515
v 0.154606 6.056632 0.597232
v -5.704186 7.639644 -1.893985
v -5.699332 7.683881 -1.601718
v -2.146729 9.594034 -5.353916
v -2.031627 9.538026 -4.976641
v -2.554898 9.459898 -5.260868
v -2.551632 9.368788 -5.362668
v -2.411409 9.353147 -5.396287
v -2.587281 9.469758 -5.343938
v -3.421834 9.329996 -5.179099
v -3.616787 9.315612 -5.266463
v -3.620840 9.449355 -5.369541
v -3.408469 9.460255 -5.313090
v -2.149580 9.010839 -4.785406
v -2.190075 8.843103 -4.870281
v -2.835326 8.872734 -5.075994
v -2.743349 9.275340 -5.169606
v -2.046996 9.318790 -4.893022
v -2.789131 9.306008 -5.354516
v -3.219195 9.411445 -5.258595
v -3.205006 9.280357 -5.154570
v -2.986547 9.239129 -5.127217
v -3.010055 9.285458 -5.346488
v -1.642912 9.577622 -6.296248
v -1.638062 9.258823 -6.119103
v -1.646583 9.258823 -6.545013
v -1.670882 9.475764 -6.625143
v -1.653047 9.667030 -6.364408
v -1.625863 9.734351 -6.381712
v -1.593453 9.731973 -5.951524
v -1.629542 9.674995 -5.950819
v -1.547670 9.613400 -5.392708
v -1.638061 9.482961 -5.144806
v -1.706154 9.551104 -5.370356
v -1.673325 9.650771 -5.618956
v -1.597511 9.682034 -5.632421
v -1.625075 9.631964 -5.950762
v -1.565918 9.769586 -5.969414
v -1.586987 9.783127 -6.397627
v -1.478931 9.846954 -6.425706
v -1.475500 9.822685 -5.944084
v -1.545612 9.680140 -5.690498
v -5.672977 7.629597 -2.016646
v -5.740646 7.737453 -2.184639
v 0.375980 6.128060 -0.259843
v 0.375980 6.128346 -0.468806
v -5.705824 7.589431 -2.210248
v -5.718348 7.705892 -2.358734
v -6.022775 7.777842 -2.308360
v -5.844825 7.783861 -2.250939
v -6.042622 7.765682 -2.594550
v -6.669656 7.452088 -1.812457
v -7.101714 7.452096 -2.187722
v -7.102512 7.452098 -1.714849
v 0.402849 6.240600 -0.656778
v 0.375980 6.128555 -0.653105
v 0.339917 6.229768 -0.656668
v -3.579111 8.912363 -5.075994
v -0.572886 7.812463 -6.499579
v -0.726920 7.621928 -6.480385
v -0.668537 7.807388 -6.494954
v -0.183310 7.774905 -6.540274
v -0.874849 7.459252 -6.466410
v -0.876029 7.459240 -5.572286
v 0.012489 7.688503 -6.485040
v -0.065693 7.721588 -6.445139
v -0.047520 7.776846 -6.495368
v -0.167466 7.723437 -6.421734
v -0.165469 7.785041 -6.519436
v -0.110342 7.809258 -6.517690
v -0.158964 7.732059 -6.304616
v -0.167470 7.777607 -5.516927
v 0.029124 7.622077 -6.488561
v -0.060815 7.701278 -6.394331
v 0.099928 6.018301 -0.243791
v 0.099613 6.018270 -0.478857
v 0.007237 6.127282 -0.647875
v 0.148923 6.194943 -0.654678
v 0.099600 6.018236 -0.645003
v -0.070527 5.946302 -0.489739
v -0.070849 5.946113 -0.627491
v -0.126809 6.033642 -0.630786
v -1.790454 7.480929 -4.110771
v -1.131793 7.485169 -2.948159
v -1.790460 7.485540 -2.948154
v -1.126131 7.481665 -3.098518
v 0.130579 6.138150 0.452991
v 0.099933 6.018149 0.425958
v 0.008203 5.975457 0.625999
v -0.005716 6.061095 0.470749
v -0.215995 5.882967 0.575520
v -0.224818 5.915937 0.490764
v -0.110047 6.010030 0.495305
v -0.826596 5.860206 0.645980
v -0.280481 5.879495 0.569555
v -4.760599 5.883376 -3.044019
v -4.184225 5.883377 -3.036781
v -4.197624 5.908134 -2.678630
v -4.778022 5.908134 -2.679605
v -1.125748 7.481700 -4.110742
v -0.876086 7.468483 -5.281712
v -0.167883 7.711238 -5.291761
v -1.135452 7.469714 -5.274900
v -4.281108 5.908135 -0.544343
v -4.197619 5.908135 -1.451759
v -4.928804 5.908134 -1.347131
v -4.796275 5.908135 -1.985353
v -4.198004 5.908135 -1.933610
v -5.695276 6.134751 -1.503077
v -5.636887 5.883523 -1.468482
v -5.726870 5.855085 -0.903313
v -5.060510 5.908134 -0.903806
v -5.705008 7.185947 -2.075333
v -5.706593 7.326666 -2.494026
v -5.764567 5.883382 -3.034255
v -5.821722 7.402315 -3.035564
v -4.752899 7.401323 -3.039848
v -4.183023 7.401492 -3.036781
v -5.655550 5.883523 -1.956229
v -5.747145 7.163427 -2.617651
v -5.803886 7.401856 -2.944917
v -5.697685 5.883523 -2.696340
v -4.137208 7.401492 -2.948376
v -4.258810 7.401489 -2.948392
v -5.791718 7.356957 -2.776567
v -0.062899 7.715394 -6.320300
v 0.016927 7.503097 -6.485445
v -0.080426 7.711432 -5.291033
v -0.089514 7.224419 -4.260072
v -0.201094 7.228790 -4.261120
v -0.089514 7.778567 -5.517101
v -0.080428 7.738285 -6.239635
v -0.080446 7.389881 -6.495958
v -0.089514 5.949491 -4.211518
v -0.080494 6.121619 -5.281394
v -0.167121 5.125551 -5.259834
v -0.089514 5.109816 -4.249460
v -0.089514 6.153341 -5.484489
v -0.176165 5.123226 -5.454796
v -0.080493 6.308114 -6.504148
v -0.416566 5.142255 -6.403798
v -0.080481 6.317704 -6.584550
v -0.080472 6.561240 -5.287335
v -0.089514 6.330902 -4.248850
v -0.089514 6.586810 -5.485130
v -0.080469 6.701138 -6.466910
v -0.080470 6.706917 -6.492653
v -0.878492 7.068627 -4.246336
v -1.126129 7.401855 -3.096661
v -1.127367 7.401853 -2.948217
v -1.790049 7.401853 -2.948205
v -1.125748 7.401855 -4.110744
v -1.134239 7.401855 -4.328678
v -5.712293 7.569614 -6.671755
v -5.894663 7.622412 -6.660769
v -6.158144 7.760456 -6.765675
v -6.233130 7.697008 -6.723076
v -6.292311 7.729651 -6.745781
v -6.360815 7.675319 -6.711931
v -7.066458 7.645686 -6.666017
v -6.733692 7.576342 -6.610304
v -7.045382 7.523357 -6.671550
v -1.712229 9.356299 -5.255867
v -1.629124 9.258823 -5.610345
v -1.894191 9.514088 -5.336655
v -1.897421 9.497750 -5.251454
v -2.239120 9.340917 -5.368445
v -1.556157 9.035263 -5.576670
v -1.793690 9.044899 -5.059783
v -1.804209 9.275333 -5.177803
v -1.512410 9.217266 -5.678249
v -1.742207 9.258823 -5.531792
v -1.747493 9.258823 -6.098520
v -3.782171 5.822986 0.660478
v -2.976406 5.768377 0.754538
v -3.536940 5.901967 -1.407702
v -3.349281 5.908092 -1.896844
v -4.188313 8.489035 -4.110790
v -4.191927 7.984136 -4.111303
v -4.315578 7.975906 -4.124511
v -4.311907 8.580773 -4.112087
v -4.001855 8.360722 -4.110790
v -4.192338 8.475540 -4.262982
v -4.168831 7.475470 -4.261668
v -2.743764 7.483885 -4.266004
v -3.645166 8.115096 -4.110790
v -2.947642 7.635228 -4.110788
v -2.783048 7.521961 -4.110788
v -5.831481 7.843380 -1.720607
v -5.901979 7.825001 -1.727277
v -5.787282 7.760344 -1.662217
v -6.034884 7.820623 -1.695354
v -6.014671 7.452087 -1.831387
v -5.649872 7.676050 -1.556868
v -5.759276 7.277225 -1.644995
v -5.745524 7.802335 -1.485896
v -5.881725 7.849264 -1.423424
v -5.999651 7.815374 -1.434275
v -5.777112 7.858269 -0.537677
v -5.953844 7.790328 -0.531613
v -5.955073 7.857049 -0.532244
v -5.676206 7.792577 -0.847538
v -5.748786 7.883718 -1.003001
v -6.003331 7.781227 -0.525196
v -5.992338 7.817147 -0.531126
v -6.007730 7.816904 -1.173741
v -5.910059 7.870854 -1.120258
v -5.999650 7.817031 -0.837006
v -5.914938 7.895491 -0.861237
v -5.810789 7.868046 -0.824277
v -6.015841 7.452087 -1.269665
v -6.008971 7.634920 -0.853496
v -6.013836 7.452088 -0.873203
v -5.713079 7.356052 -0.698076
v -5.824169 7.230879 -0.581724
v -5.778727 7.664095 -0.546855
v -5.919401 7.559752 -0.551176
v -5.768624 7.408803 -0.555994
v -5.734978 7.513651 -0.746560
v -5.013525 9.169933 -4.120318
v -5.019193 9.128901 -4.190066
v -5.361685 9.125771 -4.202327
v -4.711143 8.895082 -4.109940
v -4.698186 8.888600 -4.196288
v -0.287129 5.869474 -0.647777
v -0.287129 5.869475 -0.570947
v -2.036476 5.901967 -1.405959
v -2.067685 5.901967 -0.922463
v -0.136323 6.037857 -0.660907
v -0.287129 5.869474 -0.695895
v -1.790426 7.469686 -5.269110
v -1.883422 7.648089 -5.279269
v -1.803416 7.477190 -5.217196
v -1.614554 8.655038 -6.391395
v -1.666720 8.522921 -6.499136
v -1.751413 8.413880 -6.381656
v -1.672501 8.581822 -5.974582
v -1.697540 8.885960 -5.799617
v -1.894513 8.866947 -5.266631
v -2.828448 8.361650 -5.193549
v -1.858398 8.459387 -5.233499
v -3.572203 8.386500 -5.193549
v -1.754781 8.033242 -6.408430
v -1.879367 7.986971 -5.282856
v -1.770185 8.148540 -6.358660
v -1.779083 7.891022 -6.424581
v -4.081288 8.553829 -4.110787
v -3.911055 8.435909 -4.110788
v -4.186690 8.618144 -4.112087
v -3.564920 8.195685 -4.110788
v -2.846702 7.697269 -4.110790
v -2.576351 7.509438 -4.110790
v -4.627252 8.954041 -4.112087
v -5.456927 9.166871 -4.113554
v -5.449638 9.258745 -4.098524
v -5.009470 9.258824 -4.128862
v -7.100888 7.455422 -2.651275
v -6.670855 7.455422 -2.678699
v -6.013024 7.454997 -2.937290
v -6.013813 7.585518 -2.734941
v -3.835652 7.477681 -2.948292
v -3.827952 7.401492 -2.948339
v -4.138031 7.475982 -2.948329
v -3.176202 7.481423 -2.948217
v -3.187162 7.401492 -2.948271
v -4.259632 7.476039 -2.948344
v -5.769830 7.457881 -2.946179
v -5.867101 7.455353 -2.945878
v -2.683757 7.483706 -2.962202
v -3.162829 7.481084 -2.962224
v -3.044087 7.478120 -4.110790
v -2.725102 7.478622 -4.110788
v -2.679695 7.484242 -2.948159
v -2.524456 7.485048 -2.948153
v -2.524484 7.401492 -2.948207
v -2.678905 7.401492 -2.948217
v -1.803416 7.480879 -4.110771
v -1.802212 7.465729 -2.961897
v -1.802212 7.401770 -2.972909
v -1.828955 7.401849 -2.948204
v -1.829362 7.485693 -2.948148
v -1.829362 7.485275 -2.962163
v -2.524075 7.484449 -2.962195
v -3.876614 7.477515 -2.962258
v -6.032469 7.455144 -2.962374
v -5.874795 7.455382 -2.962367
v -6.670855 7.455443 -2.962402
v -7.100479 7.455422 -2.962421
v -0.070525 5.946418 -0.242839
v -0.070527 5.947167 0.440072
v -0.290295 5.887260 0.467096
v -0.287130 5.869472 0.398655
v -0.881735 5.902035 0.531224
v -0.287130 5.869474 -0.285253
v -1.019518 5.901967 -0.237568
v -1.010207 5.901967 -0.525703
v -1.891778 5.901967 -0.335413
v -0.955077 5.902020 -0.739261
v -3.138121 5.908092 -2.673633
v -1.005735 7.284670 -4.328580
v -0.241161 6.676390 -2.881952
v -0.878909 6.594901 -2.970449
v -0.949023 5.876256 -2.595312
v -0.983048 5.876419 -3.021561
v -0.992748 6.476287 -3.578308
v -2.037295 5.876228 -2.675180
v -0.927929 5.894012 -0.923005
v -0.287129 5.896871 -0.908743
v -1.155726 7.401399 -4.109044
v -1.155726 7.401399 -3.062897
v -1.192214 7.401399 -3.036764
v -1.627921 7.401432 -3.036774
v -3.172149 7.401492 -3.036839
v -3.173798 5.883529 -3.036841
v -2.055517 5.883379 -3.036696
v -1.154899 6.517215 -3.502343
v -1.154899 6.657522 -3.069624
v -1.185694 6.671278 -3.036728
v -1.178409 5.876330 -3.036689
v -1.154137 5.896612 -3.076505
v -2.095252 7.401492 -3.036792
v -2.076204 6.677969 -3.036746
v -1.831363 6.678835 -3.036737
v -1.142767 6.394302 -3.130581
v -1.264331 6.548386 -3.173327
v -1.174350 6.380618 -3.098041
v -1.292726 6.511777 -3.139118
v -1.894628 6.453863 -3.036725
v -6.031657 7.670913 -2.794876
v -6.035709 7.638235 -2.889974
v -5.882106 7.609452 -2.921537
v -5.797384 7.759679 -2.571420
v -5.780761 7.644821 -2.613170
v -5.919786 7.780696 -2.806818
v -6.040998 7.750084 -2.748076
v -5.929507 7.739581 -2.926388
v -5.926276 7.776465 -2.868049
v -5.988693 7.739896 -2.879321
v -6.030860 7.737398 -2.854012
v -5.715516 7.533374 -2.810738
v -5.767408 7.716549 -2.839933
v -4.073587 8.534050 -5.145443
v -3.909436 8.405184 -5.155644
v -3.910672 8.430623 -4.154807
v -4.079672 8.550881 -4.154812
v -3.569798 8.180140 -5.193549
v -3.909405 8.401491 -5.193789
v -4.150987 8.592258 -5.142246
v -4.181403 8.614411 -4.154812
v -3.569355 8.181989 -5.144032
v -3.565742 8.193564 -4.154810
v -4.627663 8.961393 -5.116096
v -4.628860 8.955212 -4.154810
v -4.627663 8.962612 -5.193549
v -5.006238 9.258823 -5.193681
v -4.505268 9.258823 -5.169606
v -5.010261 9.258822 -4.154811
v -5.450464 9.258822 -4.154815
v -5.449638 9.258823 -5.174059
v -5.007036 9.258823 -5.096428
v -5.453692 9.138044 -5.206685
v -1.828129 7.477190 -5.194104
v -2.840203 7.704434 -5.118253
v -2.845496 7.698640 -4.154805
v -2.839381 7.705559 -5.193549
v -2.576348 7.509697 -5.125400
v -2.576351 7.509479 -4.154811
v -2.575968 7.509737 -5.193549
v -2.524456 7.477188 -5.193549
v -2.524456 7.478621 -4.110788
v -1.828955 7.480673 -4.110775
v -2.524456 7.477406 -5.122454
v -4.145729 8.588669 -5.193549
v -4.072793 8.531446 -5.190633
v -7.103320 7.452098 0.418784
v -6.669656 7.452098 0.443420
v -6.010618 7.452083 0.476838
v -5.804274 7.276338 0.469860
v -5.046350 6.624470 0.480829
v -4.648312 6.286844 0.345782
v -5.049994 6.608256 0.345794
v -5.033768 6.607400 -0.502684
v -4.643054 6.287390 -0.504680
v -5.591891 7.108833 -0.508263
v -5.606087 7.104574 0.345601
v -5.610936 7.104329 0.466228
v -4.648731 6.288831 0.465664
v -1.490899 5.750280 0.795920
v -2.663918 5.769526 0.783952
v -4.130329 5.907540 0.466474
v -2.837767 5.908092 0.531596
v -4.129919 5.901967 -0.513447
v -4.129949 5.905650 0.345665
v -1.628718 5.901999 0.610141
v -2.630685 5.901967 -0.407721
v -6.669656 7.452088 0.345688
v -7.102918 7.452098 0.345799
v -7.102512 7.452098 -0.534470
v -6.669656 7.452088 -0.523778
v -5.441526 9.168523 -4.554125
v -5.771474 7.457967 -2.962355
v -5.411553 8.715530 -4.665719
v -5.426538 8.693380 -6.601981
v -5.473150 9.129445 -6.116364
v -5.461390 9.150249 -6.734160
v -5.564359 7.589414 -6.810415
v -5.675035 7.593202 -6.685880
v -5.570409 7.777465 -4.496748
v -5.510406 7.450798 -6.797962
v -5.512050 7.860343 -4.501645
v -5.563951 7.624269 -4.634515
v -5.550961 7.663921 -4.505696
v -5.575704 7.725119 -4.495100
v -5.625542 7.473270 -6.672751
v -5.670116 7.459149 -6.646268
v -5.584612 7.497838 -6.702405
v -5.569209 7.565933 -4.634719
v -5.578120 7.518921 -4.630270
v -5.507999 7.487602 -4.624894
v -4.305855 8.314320 -4.190708
v -4.305032 8.542011 -4.181037
v -4.306647 8.116685 -4.202468
v -4.307061 7.938380 -4.174800
v -4.307437 7.695875 -4.197717
v -4.317579 7.527460 -4.121519
v -4.714785 8.688694 -4.223747
v -4.195569 7.476213 -4.110788
v -4.144934 7.476008 -2.962271
v -5.361245 8.045394 -4.347084
v -5.465032 7.909912 -4.548163
v -5.492596 8.017173 -4.546148
v -5.488549 8.051068 -4.574524
v -4.842061 7.903987 -4.190427
v -4.831119 7.990054 -4.184477
v -4.266915 7.475998 -2.962276
v -4.307437 7.477250 -4.195044
v -4.317579 7.475698 -4.110787
v -4.805209 8.125900 -4.201052
v -5.480433 8.136318 -4.552856
v -5.316699 8.135921 -4.351755
v -5.242907 8.716157 -4.392347
v -4.788162 8.211981 -4.216844
v -4.774414 8.314001 -4.210248
v -5.270088 8.313643 -4.384424
v -5.456109 8.277838 -4.532261
v -5.380760 8.309557 -4.542877
v -5.477995 8.234604 -4.528575
v -4.750871 8.506942 -4.195137
v -5.285872 8.462381 -4.365294
v -5.388044 8.343230 -4.529943
v -5.450867 8.400086 -4.558482
v -5.466680 8.440769 -4.572519
v -5.397745 7.866284 -4.359800
v -4.870852 7.694180 -4.198056
v -5.431833 7.692400 -4.350654
v -5.839152 7.458930 -4.110689
v -5.625545 7.458473 -4.110703
v -4.931654 7.467607 -4.110748
v -5.460977 7.479873 -4.489653
v -4.893539 7.477216 -4.229800
v -4.874089 7.635763 -4.217486
v -5.460986 7.570150 -4.391307
v -5.366949 7.477188 -4.411957
v -4.618724 9.653795 -6.787831
v -4.619138 9.468344 -6.647759
v -4.665360 9.632801 -6.783035
v -4.794659 9.373682 -6.673219
v -4.965683 9.421196 -6.878423
v -5.455311 9.258823 -6.108589
v -5.553435 9.420293 -6.811690
v -5.405059 9.572481 -6.782433
v -5.423661 9.258823 -6.704486
v -5.139976 9.363167 -6.730146
v -5.046350 9.416411 -6.890520
v -4.992456 9.360388 -6.903466
v -5.008257 9.258823 -6.704095
v -5.009434 9.258823 -6.108263
v -3.424689 9.503850 -6.809955
v -3.184314 9.737782 -6.740594
v -3.045700 9.493728 -6.651555
v -3.131243 9.761163 -6.747006
v -3.581141 9.258823 -6.703932
v -1.753168 9.258823 -6.655638
v -1.738183 9.458163 -6.689407
v -2.444646 9.258823 -5.432790
v -2.173062 9.258823 -5.432825
v -2.108235 9.258823 -6.108955
v -2.098478 9.258823 -6.717961
v -2.697123 9.258823 -5.410424
v -3.008027 9.225245 -5.388842
v -3.429125 9.461270 -5.380553
v -3.128395 9.333069 -5.366373
v -3.153105 9.234235 -5.377815
v -3.484665 9.356985 -5.385715
v -2.973553 9.258823 -6.721397
v -3.071652 9.258823 -6.108749
v -2.813052 9.258823 -6.108797
v -2.518372 9.258823 -6.108852
v -2.735233 9.499742 -6.632985
v -2.627006 9.258823 -6.720474
v -3.016553 9.258823 -5.411736
v -4.166384 9.686875 -6.784524
v -4.056983 9.549248 -6.717634
v -4.305825 9.488490 -6.644807
v -4.229622 9.700499 -6.793077
v -4.468741 9.709781 -6.793628
v -3.911875 9.718524 -6.736938
v -3.844174 9.258823 -6.732844
v -4.086551 9.258823 -6.759520
v -4.148966 9.258823 -5.275346
v -4.513378 9.258823 -6.703301
v -4.507672 9.258823 -6.108720
v -3.620018 9.449357 -5.386603
v -4.094246 9.258823 -6.108697
v -3.585166 9.258823 -6.108669
v -3.616375 9.258823 -5.406687
v -6.172744 7.596684 -6.636244
v -6.344964 7.627426 -6.653698
v -5.941669 7.458926 -6.665960
v -6.706907 7.458751 -6.664740
v -7.069271 7.458751 -6.664937
v -6.671273 7.458928 -4.110790
v -7.098858 7.458927 -4.110843
v -6.026391 7.458939 -4.110695
v -6.012197 7.452088 -0.538878
v -5.902013 7.366133 -0.536562
v -6.004512 7.452088 -0.458444
v -6.008961 7.452088 0.345610
v -5.798623 7.286460 -0.512774
v -5.814441 7.277746 0.345519
v -1.619432 9.804224 -6.647596
v -1.508520 9.854070 -6.659685
v -1.676555 9.738082 -6.643011
v -2.875879 9.807023 -6.758670
v -2.578380 9.617770 -6.891559
v -2.154813 9.792342 -6.807050
v -2.382199 9.489360 -6.686388
v -2.113087 9.454234 -6.649227
v -5.499888 7.759564 -6.771106
v -5.416372 7.689646 -6.674068
v -5.462628 8.168712 -6.636289
v -5.384782 8.370881 -6.564494
v 0.356061 6.150895 -0.838161
v 0.467977 6.173598 -0.793546
v 0.405053 6.251691 -0.657079
v 0.335494 6.244130 -0.657079
v 0.251059 6.106584 -0.867162
v 0.163479 6.202487 -0.677334
v -0.026873 5.960486 -0.852139
v 0.092020 6.022371 -0.856928
v -0.018047 6.125302 -0.663772
v -0.116704 6.053216 -0.711935
v -0.089514 5.340330 -2.783463
v -0.089514 6.679661 -2.882224
v -0.080429 5.800020 -0.830999
v -0.080373 5.865029 -0.778297
v -0.080478 5.620175 -0.842735
v 0.075582 5.835699 -0.838777
v 0.193829 5.899423 -0.845094
v 0.349737 5.985220 -0.853409
v 0.447445 6.029624 -0.823845
v 0.566018 6.028730 -0.778078
v -1.466514 9.156678 -6.210392
v -1.686695 9.658846 -6.686619
v -1.561766 8.895948 -6.211172
v -1.289486 9.358693 -6.060835
v -1.944085 9.738777 -6.783812
v -1.689101 9.620726 -6.704463
v -1.749107 9.521352 -6.703191
v -1.403767 9.426003 -5.440587
v -1.253678 9.430619 -6.150961
v -1.339731 9.572757 -5.771761
v -1.213207 9.761558 -5.938576
v -1.367031 9.824536 -5.951880
v -1.194069 9.668329 -5.954360
v -1.268280 9.568121 -6.011972
v -1.427857 9.837221 -6.432880
v -1.772514 8.158590 -5.235511
v 1.493333 7.620737 -6.427972
v 1.498187 7.459259 -6.466707
v 1.480730 7.488992 -5.531796
v 1.476343 7.493923 -5.281599
v 1.470559 7.068729 -4.245652
v 1.553280 6.562432 -2.891877
v -0.196348 7.620679 -6.425409
v -0.193232 7.459259 -6.466722
v -0.202379 7.459244 -5.531699
v -0.202968 7.468238 -5.281599
v -0.203197 7.068728 -4.245663
v -0.257735 6.562566 -2.892203
vt 0.789184 0.815506
vt 0.773892 0.690932
vt 0.560039 0.690835
vt 0.793448 0.936050
vt 0.782602 0.961600
vt 0.755872 0.923113
vt 0.786097 0.942485
vt 0.781634 0.944703
vt 0.627050 0.668598
vt 0.590593 0.910550
vt 0.580847 0.923059
vt 0.617942 0.905781
vt 0.768258 0.785147
vt 0.622376 0.772474
vt 0.791378 0.787812
vt 0.819737 0.796847
vt 0.840787 0.782437
vt 0.620208 0.753816
vt 0.578734 0.783758
vt 0.516858 0.768897
vt 0.577003 0.650280
vt 0.499030 0.658210
vt 0.532847 0.658556
vt 0.585326 0.611068
vt 0.500081 0.636058
vt 0.588449 0.592824
vt 0.500087 0.621668
vt 0.670568 0.632616
vt 0.839109 0.661472
vt 0.806552 0.659071
vt 0.644367 0.577081
vt 0.622349 0.926482
vt 0.587590 0.960120
vt 0.568107 0.962415
vt 0.577123 0.968291
vt 0.590318 0.952293
vt 0.619588 0.948683
vt 0.673326 0.929507
vt 0.667097 0.946908
vt 0.715056 0.933545
vt 0.712732 0.952043
vt 0.717534 0.968206
vt 0.756193 0.940141
vt 0.743466 0.960773
vt 0.753295 0.948299
vt 0.566329 0.948374
vt 0.573176 0.920333
vt 0.572841 0.921760
vt 0.567262 0.943009
vt 0.572374 0.940700
vt 0.576035 0.911116
vt 0.597830 0.881631
vt 0.593829 0.886537
vt 0.597924 0.868482
vt 0.594873 0.867475
vt 0.598104 0.843061
vt 0.593028 0.854889
vt 0.597931 0.794166
vt 0.601735 0.787683
vt 0.598338 0.810070
vt 0.605237 0.805648
vt 0.524431 0.721154
vt 0.528924 0.689360
vt 0.552439 0.668355
vt 0.500034 0.674691
vt 0.810461 0.694299
vt 0.810732 0.769466
vt 0.821366 0.777811
vt 0.783449 0.791193
vt 0.780977 0.821845
vt 0.785368 0.816328
vt 0.770513 0.790420
vt 0.771390 0.785332
vt 0.769215 0.806003
vt 0.742830 0.849322
vt 0.766373 0.860746
vt 0.664540 0.776552
vt 0.735252 0.851773
vt 0.737808 0.781218
vt 0.730768 0.846732
vt 0.738053 0.816315
vt 0.768339 0.831402
vt 0.767554 0.818184
vt 0.769602 0.813198
vt 0.811690 0.818851
vt 0.811635 0.825004
vt 0.831686 0.822029
vt 0.831394 0.824654
vt 0.820372 0.830765
vt 0.835496 0.831916
vt 0.846563 0.834173
vt 0.852347 0.824638
vt 0.852291 0.829161
vt 0.787722 0.831976
vt 0.803545 0.832789
vt 0.782466 0.826267
vt 0.863686 0.806294
vt 0.620222 0.748866
vt 0.613372 0.751796
vt 0.625460 0.669652
vt 0.615146 0.747383
vt 0.593577 0.767326
vt 0.593498 0.763605
vt 0.583332 0.755387
vt 0.578488 0.601963
vt 0.604994 0.698869
vt 0.666469 0.646414
vt 0.564409 0.780843
vt 0.574661 0.760136
vt 0.541094 0.756798
vt 0.534595 0.754940
vt 0.521569 0.753330
vt 0.755398 0.687849
vt 0.655335 0.774339
vt 0.757812 0.895701
vt 0.644809 0.776919
vt 0.647040 0.779131
vt 0.626043 0.772544
vt 0.649773 0.757980
vt 0.661529 0.759528
vt 0.653943 0.772408
vt 0.661240 0.773605
vt 0.811700 0.783680
vt 0.804932 0.788629
vt 0.650048 0.754834
vt 0.662772 0.756456
vt 0.732859 0.777332
vt 0.738516 0.777727
vt 0.724848 0.780773
vt 0.722153 0.837503
vt 0.801619 0.921830
vt 0.811548 0.923223
vt 0.767559 0.891289
vt 0.769638 0.888153
vt 0.735931 0.937857
vt 0.611593 0.917234
vt 0.619001 0.872386
vt 0.619479 0.830273
vt 0.709961 0.845795
vt 0.873675 0.800834
vt 0.831352 0.791274
vt 0.849593 0.784990
vt 0.902843 0.745736
vt 0.905666 0.727027
vt 0.909495 0.744133
vt 0.989589 0.722617
vt 0.867720 0.633201
vt 0.843564 0.613585
vt 0.807240 0.587823
vt 0.978373 0.744273
vt 0.916407 0.689994
vt 0.858781 0.643350
vt 0.834868 0.623924
vt 0.709712 0.678392
vt 0.726978 0.656692
vt 0.655669 0.665656
vt 0.719026 0.669088
vt 0.785857 0.681426
vt 0.798656 0.595987
vt 0.693844 0.612157
vt 0.730550 0.564143
vt 0.627069 0.648217
vt 0.630342 0.629665
vt 0.671161 0.760037
vt 0.671192 0.757222
vt 0.739952 0.765962
vt 0.745857 0.766601
vt 0.739846 0.763470
vt 0.745567 0.763704
vt 0.928945 0.681994
vt 0.912893 0.729768
vt 0.798218 0.816710
vt 0.796558 0.833956
vt 0.849531 0.777302
vt 0.836101 0.770974
vt 0.822060 0.770880
vt 0.910940 0.704551
vt 0.863867 0.768885
vt 0.858236 0.757881
vt 0.856015 0.749343
vt 0.853783 0.778245
vt 0.867985 0.769614
vt 0.864276 0.774572
vt 0.856463 0.773232
vt 0.866720 0.753260
vt 0.863495 0.745636
vt 0.823528 0.753131
vt 0.868636 0.721417
vt 0.850942 0.735326
vt 0.842253 0.767335
vt 0.843186 0.758454
vt 0.842532 0.774004
vt 0.858489 0.760825
vt 0.849543 0.769817
vt 0.847630 0.764155
vt 0.850202 0.752872
vt 0.878323 0.757714
vt 0.880070 0.764509
vt 0.886078 0.757637
vt 0.874012 0.751616
vt 0.871487 0.742594
vt 0.872488 0.763822
vt 0.867943 0.756389
vt 0.830808 0.778328
vt 0.839733 0.788569
vt 0.896775 0.739119
vt 0.896119 0.751902
vt 0.886293 0.744072
vt 0.886920 0.731525
vt 0.894987 0.703845
vt 0.898928 0.753846
vt 0.898703 0.724113
vt 0.904736 0.691256
vt 0.901791 0.704987
vt 0.931910 0.701486
vt 0.944170 0.693103
vt 0.582996 0.745034
vt 0.855394 0.646015
vt 0.900439 0.784529
vt 0.854332 0.778053
vt 0.933179 0.767407
vt 0.889148 0.757108
vt 0.698500 0.922953
vt 0.698842 0.884638
vt 0.695456 0.843307
vt 0.695795 0.830611
vt 0.664105 0.910491
vt 0.674451 0.882945
vt 0.655064 0.836378
vt 0.657462 0.789676
vt 0.655557 0.670056
vt 0.651512 0.749337
vt 0.704748 0.756501
vt 0.735036 0.857972
vt 0.729962 0.852226
vt 0.726517 0.862984
vt 0.720409 0.856643
vt 0.852322 0.796968
vt 0.880515 0.781730
vt 0.924065 0.759112
vt 0.947343 0.728489
vt 0.641440 0.564444
vt 0.734991 0.556051
vt 0.725535 0.556014
vt 0.796229 0.570726
vt 0.833927 0.625042
vt 0.858011 0.643955
vt 0.914219 0.753662
vt 0.845812 0.784460
vt 0.619973 0.786809
vt 0.788455 0.938752
vt 0.789005 0.928088
vt 0.796261 0.923837
vt 0.633759 0.766820
vt 0.604773 0.759728
vt 0.604151 0.756290
vt 0.615188 0.746020
vt 0.620261 0.747199
vt 0.639277 0.757742
vt 0.638215 0.755221
vt 0.524589 0.798362
vt 0.522313 0.788625
vt 0.518221 0.782788
vt 0.517655 0.777362
vt 0.527281 0.801313
vt 0.540294 0.801788
vt 0.534423 0.801574
vt 0.539127 0.777254
vt 0.526435 0.788607
vt 0.538625 0.790409
vt 0.550184 0.793199
vt 0.546475 0.806378
vt 0.557132 0.808331
vt 0.577865 0.808347
vt 0.590730 0.812868
vt 0.578935 0.794027
vt 0.566119 0.792473
vt 0.547667 0.736388
vt 0.540311 0.765568
vt 0.532849 0.763032
vt 0.520008 0.761044
vt 0.541348 0.612874
vt 0.531693 0.634504
vt 0.515905 0.675813
vt 0.515724 0.657310
vt 0.511573 0.672035
vt 0.527442 0.673253
vt 0.531959 0.646777
vt 0.579185 0.634919
vt 0.517369 0.634449
vt 0.516601 0.617592
vt 0.531706 0.636198
vt 0.517152 0.636664
vt 0.500081 0.636992
vt 0.554586 0.610245
vt 0.554681 0.621505
vt 0.557775 0.626380
vt 0.795206 0.787089
vt 0.824062 0.819974
vt 0.814081 0.829089
vt 0.826317 0.830714
vt 0.840550 0.832947
vt 0.841256 0.826781
vt 0.845168 0.818662
vt 0.844270 0.802978
vt 0.852319 0.826939
vt 0.849102 0.831951
vt 0.839733 0.788569
vt 0.517521 0.770298
vt 0.518856 0.769809
vt 0.521420 0.760999
vt 0.768090 0.825607
vt 0.738477 0.824060
vt 0.768459 0.827173
vt 0.763257 0.826253
vt 0.767883 0.823111
vt 0.738497 0.807133
vt 0.769087 0.814531
vt 0.763878 0.812072
vt 0.769811 0.810425
vt 0.547454 0.806557
vt 0.668878 0.787964
vt 0.670332 0.784310
vt 0.721985 0.843085
vt 0.723277 0.839582
vt 0.704771 0.825229
vt 0.706689 0.822133
vt 0.788527 0.822908
vt 0.797373 0.825495
vt 0.811653 0.822992
vt 0.818086 0.825346
vt 0.825244 0.827366
vt 0.831527 0.823456
vt 0.789274 0.811735
vt 0.798769 0.812825
vt 0.769801 0.798506
vt 0.768718 0.797307
vt 0.739101 0.794645
vt 0.769951 0.796521
vt 0.770259 0.794031
vt 0.768485 0.791152
vt 0.770395 0.792102
vt 0.859311 0.668318
vt 0.804648 0.601177
vt 0.769371 0.662584
vt 0.761172 0.678184
vt 0.902732 0.682270
vt 0.892810 0.674350
vt 0.871481 0.656671
vt 0.896419 0.673733
vt 0.910471 0.668525
vt 0.629797 0.772585
vt 0.637730 0.768057
vt 0.652950 0.758575
vt 0.628811 0.765500
vt 0.637468 0.757927
vt 0.636946 0.754773
vt 0.650979 0.754953
vt 0.772201 0.801188
vt 0.726238 0.801660
vt 0.833726 0.716992
vt 0.835533 0.718150
vt 0.834760 0.718793
vt 0.837110 0.717607
vt 0.835463 0.718870
vt 0.836554 0.718890
vt 0.837622 0.717427
vt 0.837416 0.718501
vt 0.838150 0.718338
vt 0.838368 0.717163
vt 0.882074 0.760431
vt 0.873946 0.765594
vt 0.901248 0.771423
vt 0.918004 0.775343
vt 0.839297 0.716836
vt 0.839373 0.717614
vt 0.840339 0.716469
vt 0.840325 0.717323
vt 0.841220 0.716623
vt 0.841653 0.716231
vt 0.864385 0.771667
vt 0.736918 0.808429
vt 0.731241 0.813376
vt 0.728015 0.828728
vt 0.728014 0.826916
vt 0.728939 0.827881
vt 0.728838 0.828843
vt 0.728914 0.826948
vt 0.728017 0.826617
vt 0.728985 0.829588
vt 0.728936 0.830416
vt 0.728017 0.831770
vt 0.728893 0.831119
vt 0.726675 0.829591
vt 0.725691 0.828016
vt 0.726307 0.827716
vt 0.728860 0.830917
vt 0.725501 0.827712
vt 0.725457 0.827535
vt 0.727330 0.830638
vt 0.727728 0.831275
vt 0.749462 0.841459
vt 0.767898 0.841333
vt 0.726655 0.812306
vt 0.727555 0.813254
vt 0.727059 0.813363
vt 0.726145 0.812347
vt 0.728130 0.813853
vt 0.728053 0.814561
vt 0.795659 0.764111
vt 0.765315 0.761294
vt 0.746165 0.760177
vt 0.972996 0.712663
vt 0.724197 0.764926
vt 0.724302 0.761721
vt 0.727289 0.801215
vt 0.727271 0.801222
vt 0.675252 0.774204
vt 0.685244 0.761820
vt 0.684330 0.758062
vt 0.727212 0.801247
vt 0.727117 0.801287
vt 0.727220 0.801215
vt 0.727295 0.801212
vt 0.727265 0.801202
vt 0.747584 0.801191
vt 0.747607 0.801190
vt 0.727009 0.801333
vt 0.727052 0.801257
vt 0.726929 0.801290
vt 0.726177 0.801686
vt 0.726866 0.801307
vt 0.725920 0.801795
vt 0.728746 0.800597
vt 0.725854 0.801612
vt 0.726966 0.801247
vt 0.729089 0.800489
vt 0.726719 0.801313
vt 0.589519 0.604260
vt 0.619743 0.807081
vt 0.604228 0.821155
vt 0.603059 0.829122
vt 0.605778 0.813365
vt 0.575984 0.939090
vt 0.586447 0.940345
vt 0.680140 0.918879
vt 0.636821 0.920210
vt 0.643355 0.928609
vt 0.627109 0.957906
vt 0.651140 0.959170
vt 0.643671 0.953912
vt 0.627654 0.923682
vt 0.637905 0.924422
vt 0.664773 0.923043
vt 0.686981 0.927269
vt 0.599142 0.953155
vt 0.606954 0.946091
vt 0.619014 0.885750
vt 0.594179 0.896222
vt 0.619684 0.925230
vt 0.619563 0.924536
vt 0.709355 0.897485
vt 0.706784 0.902168
vt 0.710445 0.905202
vt 0.709076 0.909648
vt 0.706194 0.911818
vt 0.714484 0.905776
vt 0.720198 0.903036
vt 0.716145 0.909345
vt 0.706442 0.912453
vt 0.718025 0.913387
vt 0.716666 0.915406
vt 0.712115 0.919539
vt 0.702472 0.916363
vt 0.700023 0.916945
vt 0.721914 0.910200
vt 0.739922 0.962531
vt 0.636734 0.943704
vt 0.648063 0.944349
vt 0.691957 0.930788
vt 0.673447 0.944152
vt 0.625131 0.955481
vt 0.656993 0.954672
vt 0.628487 0.941558
vt 0.658734 0.953334
vt 0.656819 0.945526
vt 0.666437 0.928472
vt 0.679519 0.961034
vt 0.697681 0.963773
vt 0.807598 0.929539
vt 0.775778 0.934540
vt 0.724142 0.954686
vt 0.738812 0.950664
vt 0.723497 0.967799
vt 0.686937 0.948124
vt 0.685049 0.961658
vt 0.673174 0.950217
vt 0.597957 0.934658
vt 0.680543 0.912653
vt 0.689133 0.915797
vt 0.687546 0.920134
vt 0.662284 0.917900
vt 0.730118 0.965920
vt 0.768431 0.967354
vt 0.661419 0.775145
vt 0.899839 0.755464
vt 0.905600 0.755464
vt 0.738020 0.782293
vt 0.738350 0.836279
vt 0.740374 0.783399
vt 0.600866 0.755865
vt 0.661774 0.775384
vt 0.719214 0.908031
vt 0.618864 0.946680
vt 0.718119 0.909890
vt 0.717780 0.909667
vt 0.581930 0.966124
vt 0.717592 0.907727
vt 0.892658 0.713316
vt 0.541345 0.735603
vt 0.511835 0.671831
vt 0.500037 0.674558
vt 0.515794 0.675137
vt 0.534785 0.669882
vt 0.528937 0.672198
vt 0.551370 0.690643
vt 0.559354 0.661674
vt 0.516611 0.650061
vt 0.500320 0.651448
vt 0.616015 0.776936
vt 0.589174 0.771005
vt 0.571360 0.766805
vt 0.671920 0.551251
vt 0.625502 0.663593
vt 0.530088 0.672764
vt 0.801606 0.701310
vt 0.726120 0.801710
vt 0.794341 0.933536
vt 0.786763 0.938324
vt 0.656147 0.918880
vt 0.655974 0.919803
vt 0.628555 0.918472
vt 0.626881 0.912862
vt 0.636920 0.922558
vt 0.628666 0.923068
vt 0.653977 0.916123
vt 0.688337 0.921533
vt 0.675634 0.922077
vt 0.678127 0.920308
vt 0.687836 0.920647
vt 0.640253 0.885783
vt 0.642387 0.874399
vt 0.635702 0.914018
vt 0.636970 0.904844
vt 0.711504 0.910498
vt 0.710720 0.904012
vt 0.710421 0.913602
vt 0.711968 0.912584
vt 0.717798 0.908573
vt 0.705217 0.918059
vt 0.706566 0.917711
vt 0.619351 0.924853
vt 0.618875 0.925140
vt 0.625368 0.925301
vt 0.641316 0.925431
vt 0.673017 0.926929
vt 0.666714 0.926804
vt 0.750237 0.931326
vt 0.619903 0.924574
vt 0.735050 0.924103
vt 0.698099 0.924294
vt 0.699528 0.917315
vt 0.670963 0.916220
vt 0.670889 0.908326
vt 0.671940 0.921666
vt 0.708903 0.912177
vt 0.708740 0.911185
vt 0.584608 0.950843
vt 0.829075 0.758008
vt 0.816566 0.764393
vt 0.577710 0.639884
vt 0.516347 0.654852
vt 0.499179 0.655431
vt 0.532788 0.651842
vt 0.845203 0.783718
vt 0.840373 0.784847
vt 0.824895 0.778023
vt 0.828099 0.778702
vt 0.837451 0.781259
vt 0.843204 0.781018
vt 0.905346 0.742868
vt 0.834658 0.718615
vt 0.909830 0.742714
vt 0.576415 0.643543
vt 0.512129 0.670732
vt 0.499764 0.670125
vt 0.515786 0.673294
vt 0.534015 0.665832
vt 0.529450 0.668992
vt 0.592960 0.731745
vt 0.619483 0.595338
vt 0.674554 0.924307
vt 0.697053 0.925571
vt 0.528809 0.774055
vt 0.528006 0.779543
vt 0.526886 0.785091
vt 0.624385 0.666710
vt 0.594714 0.733105
vt 0.548801 0.665200
vt 0.541101 0.670591
vt 0.551538 0.658184
vt 0.551269 0.662229
vt 0.550847 0.647034
vt 0.550394 0.655651
vt 0.553689 0.641320
vt 0.564767 0.616968
vt 0.577427 0.611273
vt 0.588943 0.733797
vt 0.593861 0.732450
vt 0.738197 0.642008
vt 0.775669 0.642729
vt 0.820307 0.641973
vt 0.763850 0.842120
vt 0.763351 0.859400
vt 0.764129 0.830475
vt 0.764749 0.818729
vt 0.767645 0.806452
vt 0.764192 0.830487
vt 0.728030 0.813749
vt 0.799894 0.783181
vt 0.808388 0.772464
vt 0.518007 0.776180
vt 0.528064 0.722033
vt 0.524720 0.753456
vt 0.522970 0.760949
vt 0.519776 0.770206
vt 0.520060 0.772302
vt 0.525676 0.721455
vt 0.522993 0.753387
vt 0.856434 0.816446
vt 0.632052 0.613507
vt 0.664818 0.610809
vt 0.901927 0.751090
vt 0.835264 0.718848
vt 0.880385 0.749537
vt 0.891546 0.754867
vt 0.892113 0.741251
vt 0.905892 0.747444
vt 0.899506 0.749029
vt 0.913500 0.740699
vt 0.835044 0.718410
vt 0.834553 0.717522
vt 0.835000 0.718819
vt 0.728105 0.814083
vt 0.751034 0.858890
vt 0.727803 0.813513
vt 0.576035 0.652594
vt 0.628630 0.641415
vt 0.726973 0.801278
vt 0.631462 0.747965
vt 0.720139 0.843501
vt 0.728704 0.852808
vt 0.733957 0.858607
vt 0.703546 0.825963
vt 0.766227 0.891892
vt 0.795379 0.924354
vt 0.805886 0.930055
vt 0.654205 0.774992
vt 0.666992 0.788247
vt 0.871116 0.786253
vt 0.891264 0.789328
vt 0.843523 0.785539
vt 0.819918 0.778690
vt 0.838406 0.788997
vt 0.807287 0.773929
vt 0.670214 0.761333
vt 0.684218 0.763092
vt 0.744982 0.767926
vt 0.725179 0.766332
vt 0.739119 0.767297
vt 0.660823 0.760727
vt 0.651685 0.759363
vt 0.615317 0.705208
vt 0.620266 0.708268
vt 0.606897 0.704483
vt 0.589866 0.742596
vt 0.623511 0.709569
vt 0.653440 0.711553
vt 0.642932 0.710880
vt 0.621250 0.700953
vt 0.624377 0.699545
vt 0.622286 0.693254
vt 0.624955 0.692853
vt 0.646502 0.699334
vt 0.835648 0.779379
vt 0.834573 0.779989
vt 0.721520 0.856129
vt 0.711251 0.845504
vt 0.727554 0.862374
vt 0.696863 0.829971
vt 0.759197 0.895074
vt 0.790175 0.927402
vt 0.659011 0.789444
vt 0.648155 0.778487
vt 0.646198 0.776233
vt 0.840231 0.617547
vt 0.864156 0.637247
vt 0.905962 0.670196
vt 0.804328 0.590592
vt 0.964590 0.717849
vt 0.985720 0.730088
vt 0.939914 0.696013
vt 0.925239 0.684359
vt 0.771779 0.814664
vt 0.769066 0.785194
vt 0.768996 0.785232
vt 0.772761 0.798934
vt 0.771298 0.824038
vt 0.771120 0.785477
vt 0.772621 0.802595
vt 0.770738 0.831951
vt 0.768392 0.829814
vt 0.769620 0.800886
vt 0.772378 0.808708
vt 0.767962 0.824322
vt 0.769472 0.862420
vt 0.770202 0.844106
vt 0.767387 0.861469
vt 0.768718 0.861369
vt 0.752402 0.806808
vt 0.750753 0.809518
vt 0.750843 0.817471
vt 0.750248 0.821123
vt 0.750152 0.825093
vt 0.749731 0.833728
vt 0.749703 0.833723
vt 0.753550 0.795944
vt 0.767345 0.780288
vt 0.754271 0.783827
vt 0.753151 0.792975
vt 0.755360 0.784338
vt 0.743973 0.946736
vt 0.750858 0.953339
vt 0.759578 0.952473
vt 0.754364 0.954654
vt 0.630651 0.927323
vt 0.721887 0.929508
vt 0.515894 0.675747
vt 0.511604 0.672010
vt 0.500034 0.674678
vt 0.527586 0.673152
vt 0.542089 0.669899
vt 0.530572 0.672467
vt 0.553255 0.667567
vt 0.182673 0.825346
vt 0.186678 0.829089
vt 0.189124 0.825004
vt 0.189106 0.822992
vt 0.148468 0.829161
vt 0.159503 0.826781
vt 0.148440 0.826939
vt 0.203386 0.825495
vt 0.204201 0.833956
vt 0.213037 0.831976
vt 0.212232 0.822908
vt 0.197214 0.832789
vt 0.128271 0.763822
vt 0.120689 0.764509
vt 0.132774 0.769614
vt 0.136892 0.768885
vt 0.132816 0.756389
vt 0.142270 0.760825
vt 0.134039 0.753260
vt 0.142523 0.757881
vt 0.421824 0.794027
vt 0.402828 0.794166
vt 0.402421 0.810070
vt 0.410029 0.812868
vt 0.422894 0.808347
vt 0.434640 0.792473
vt 0.443627 0.808331
vt 0.484158 0.617592
vt 0.483390 0.634449
vt 0.500081 0.636058
vt 0.500087 0.621668
vt 0.151657 0.831951
vt 0.154196 0.834173
vt 0.160209 0.832947
vt 0.165263 0.831916
vt 0.169365 0.824654
vt 0.202541 0.816710
vt 0.211575 0.815506
vt 0.162609 0.718338
vt 0.163343 0.718501
vt 0.163137 0.717427
vt 0.162391 0.717163
vt 0.099511 0.771423
vt 0.132200 0.773251
vt 0.120624 0.766458
vt 0.161462 0.716836
vt 0.161386 0.717614
vt 0.160420 0.716469
vt 0.160434 0.717323
vt 0.321240 0.961034
vt 0.327585 0.950217
vt 0.327312 0.944152
vt 0.313822 0.948124
vt 0.315710 0.961658
vt 0.107949 0.674350
vt 0.098027 0.682270
vt 0.129278 0.656671
vt 0.483607 0.636664
vt 0.500081 0.636992
vt 0.399024 0.787683
vt 0.395522 0.805648
vt 0.384744 0.776936
vt 0.422025 0.783758
vt 0.411585 0.771005
vt 0.459411 0.612874
vt 0.144744 0.749343
vt 0.137264 0.745636
vt 0.363938 0.920210
vt 0.365057 0.914018
vt 0.346782 0.916123
vt 0.344785 0.919803
vt 0.363839 0.922558
vt 0.344612 0.918880
vt 0.311626 0.915797
vt 0.301231 0.917315
vt 0.302259 0.922953
vt 0.313213 0.920134
vt 0.360506 0.885783
vt 0.358372 0.874399
vt 0.326308 0.882945
vt 0.336654 0.910491
vt 0.363789 0.904844
vt 0.338475 0.917900
vt 0.320619 0.918879
vt 0.320216 0.912653
vt 0.329870 0.908326
vt 0.329796 0.916220
vt 0.391899 0.941201
vt 0.389812 0.935857
vt 0.388771 0.924251
vt 0.388333 0.922936
vt 0.392372 0.946111
vt 0.393360 0.947415
vt 0.396294 0.950426
vt 0.394640 0.949439
vt 0.414312 0.940345
vt 0.402802 0.934658
vt 0.393805 0.946091
vt 0.401617 0.953155
vt 0.410441 0.952293
vt 0.393132 0.944756
vt 0.395241 0.948503
vt 0.389638 0.947485
vt 0.398461 0.952295
vt 0.404782 0.954536
vt 0.402858 0.952980
vt 0.397351 0.951616
vt 0.416151 0.950843
vt 0.413169 0.960120
vt 0.418829 0.966124
vt 0.150557 0.752872
vt 0.153129 0.764155
vt 0.484148 0.650061
vt 0.500320 0.651448
vt 0.484412 0.654852
vt 0.499179 0.655431
vt 0.157573 0.758454
vt 0.158506 0.767335
vt 0.136483 0.774572
vt 0.144296 0.773232
vt 0.151216 0.769817
vt 0.147264 0.777957
vt 0.151228 0.777302
vt 0.109624 0.761227
vt 0.075925 0.757573
vt 0.082755 0.775343
vt 0.067580 0.767407
vt 0.488630 0.670732
vt 0.499764 0.670125
vt 0.499030 0.658210
vt 0.485035 0.657310
vt 0.484973 0.673294
vt 0.301917 0.884638
vt 0.454284 0.806378
vt 0.450575 0.793199
vt 0.453305 0.806557
vt 0.460465 0.801788
vt 0.436350 0.780843
vt 0.429399 0.766805
vt 0.478446 0.788625
vt 0.473609 0.788875
vt 0.476170 0.798362
vt 0.462134 0.790409
vt 0.466336 0.801574
vt 0.473478 0.801313
vt 0.457520 0.778147
vt 0.460448 0.765568
vt 0.477889 0.783860
vt 0.471549 0.785984
vt 0.468800 0.646777
vt 0.467971 0.651842
vt 0.466744 0.665832
vt 0.471309 0.668992
vt 0.467912 0.658556
vt 0.449912 0.647034
vt 0.450365 0.655651
vt 0.449221 0.658184
vt 0.371948 0.765500
vt 0.380551 0.753816
vt 0.363291 0.757927
vt 0.387387 0.751796
vt 0.469066 0.634504
vt 0.469053 0.636198
vt 0.446173 0.610245
vt 0.446078 0.621505
vt 0.422271 0.601963
vt 0.423332 0.611273
vt 0.435992 0.616968
vt 0.359319 0.564444
vt 0.412310 0.592824
vt 0.226867 0.690932
vt 0.245361 0.687849
vt 0.239587 0.678184
vt 0.214902 0.681426
vt 0.395986 0.759728
vt 0.426098 0.760136
vt 0.459665 0.756798
vt 0.407182 0.767326
vt 0.225090 0.642729
vt 0.180452 0.641973
vt 0.194207 0.659071
vt 0.231388 0.662584
vt 0.141448 0.668318
vt 0.145365 0.646015
vt 0.142748 0.643955
vt 0.196111 0.601177
vt 0.166832 0.625042
vt 0.149817 0.735326
vt 0.171684 0.758008
vt 0.199153 0.701310
vt 0.205100 0.764111
vt 0.235444 0.761294
vt 0.254594 0.760177
vt 0.161650 0.661472
vt 0.177231 0.753131
vt 0.190027 0.769466
vt 0.190298 0.694299
vt 0.273470 0.801215
vt 0.273494 0.801202
vt 0.273464 0.801212
vt 0.184193 0.764393
vt 0.253152 0.801190
vt 0.253175 0.801191
vt 0.228558 0.801188
vt 0.468998 0.782404
vt 0.473808 0.777541
vt 0.464549 0.755834
vt 0.459735 0.734122
vt 0.453092 0.736388
vt 0.465018 0.763794
vt 0.466714 0.775094
vt 0.473373 0.777352
vt 0.475083 0.721455
vt 0.477766 0.753387
vt 0.479190 0.753330
vt 0.476328 0.721154
vt 0.477283 0.761982
vt 0.478695 0.762027
vt 0.474573 0.771508
vt 0.476572 0.770595
vt 0.475908 0.771996
vt 0.476039 0.753456
vt 0.472695 0.722033
vt 0.475733 0.761932
vt 0.473117 0.772172
vt 0.475425 0.773017
vt 0.417763 0.745034
vt 0.385613 0.747383
vt 0.380537 0.748866
vt 0.363813 0.754773
vt 0.396608 0.756290
vt 0.407261 0.763605
vt 0.201990 0.812825
vt 0.189069 0.818851
vt 0.180387 0.830765
vt 0.175515 0.827366
vt 0.174442 0.830714
vt 0.169232 0.823456
vt 0.148412 0.824638
vt 0.155591 0.818662
vt 0.144325 0.816446
vt 0.389166 0.917234
vt 0.387586 0.920965
vt 0.385230 0.941749
vt 0.381528 0.927722
vt 0.372204 0.918472
vt 0.373878 0.912862
vt 0.372093 0.923068
vt 0.406580 0.896222
vt 0.381745 0.885750
vt 0.382817 0.905781
vt 0.410166 0.910550
vt 0.380856 0.924574
vt 0.381884 0.925140
vt 0.381408 0.924853
vt 0.381196 0.924536
vt 0.207901 0.570726
vt 0.265768 0.556051
vt 0.262562 0.642008
vt 0.273781 0.656692
vt 0.269991 0.846732
vt 0.269518 0.813376
vt 0.263841 0.808429
vt 0.265507 0.851773
vt 0.273031 0.831275
vt 0.273429 0.830638
vt 0.271899 0.830917
vt 0.278606 0.837503
vt 0.275911 0.780773
vt 0.336219 0.776552
vt 0.274452 0.827716
vt 0.274084 0.829591
vt 0.275068 0.828016
vt 0.275258 0.827712
vt 0.122436 0.757714
vt 0.114681 0.757637
vt 0.126747 0.751616
vt 0.111611 0.757108
vt 0.163649 0.717607
vt 0.164205 0.718890
vt 0.129272 0.742594
vt 0.132123 0.721417
vt 0.096438 0.754571
vt 0.120374 0.749537
vt 0.109213 0.754867
vt 0.101831 0.753846
vt 0.103984 0.739119
vt 0.095413 0.742868
vt 0.097916 0.745736
vt 0.113839 0.731525
vt 0.114466 0.744072
vt 0.090929 0.742714
vt 0.091264 0.744133
vt 0.098832 0.751090
vt 0.104640 0.751902
vt 0.094867 0.747444
vt 0.101253 0.749029
vt 0.108646 0.741251
vt 0.088265 0.747561
vt 0.096578 0.754427
vt 0.165296 0.718870
vt 0.165226 0.718150
vt 0.165715 0.718410
vt 0.165759 0.718819
vt 0.165999 0.718793
vt 0.166101 0.718615
vt 0.165495 0.718848
vt 0.166206 0.717522
vt 0.105772 0.703845
vt 0.096023 0.691256
vt 0.102056 0.724113
vt 0.095093 0.727027
vt 0.098968 0.704987
vt 0.108101 0.713316
vt 0.272706 0.814561
vt 0.272956 0.813513
vt 0.272729 0.813749
vt 0.273700 0.813363
vt 0.273204 0.813254
vt 0.424344 0.643543
vt 0.423049 0.639884
vt 0.334290 0.646414
vt 0.330191 0.632616
vt 0.449490 0.662229
vt 0.423756 0.650280
vt 0.378383 0.772474
vt 0.380786 0.786809
vt 0.374716 0.772544
vt 0.405886 0.867475
vt 0.407731 0.854889
vt 0.402655 0.843061
vt 0.402835 0.868482
vt 0.402929 0.881631
vt 0.381758 0.872386
vt 0.345695 0.836378
vt 0.379515 0.841214
vt 0.305303 0.843307
vt 0.396531 0.821155
vt 0.381016 0.807081
vt 0.397700 0.829122
vt 0.394981 0.813365
vt 0.270797 0.852226
vt 0.278774 0.843085
vt 0.277482 0.839582
vt 0.265723 0.857972
vt 0.295988 0.825229
vt 0.294070 0.822133
vt 0.331881 0.787964
vt 0.330427 0.784310
vt 0.345424 0.774339
vt 0.338985 0.775384
vt 0.233200 0.891289
vt 0.231121 0.888153
vt 0.199140 0.921830
vt 0.189211 0.923223
vt 0.193161 0.929539
vt 0.204498 0.923837
vt 0.272654 0.814083
vt 0.100320 0.784529
vt 0.120244 0.781730
vt 0.144124 0.779348
vt 0.149478 0.785036
vt 0.159539 0.716623
vt 0.159106 0.716231
vt 0.276562 0.764926
vt 0.276457 0.761721
vt 0.260913 0.763470
vt 0.260807 0.765962
vt 0.315515 0.761820
vt 0.316429 0.758062
vt 0.255192 0.763704
vt 0.254902 0.766601
vt 0.192371 0.772464
vt 0.179393 0.777811
vt 0.330545 0.761333
vt 0.316541 0.763092
vt 0.325507 0.774204
vt 0.339519 0.773605
vt 0.275302 0.827535
vt 0.329598 0.760037
vt 0.339230 0.759528
vt 0.337987 0.756456
vt 0.329567 0.757222
vt 0.367000 0.766820
vt 0.361482 0.757742
vt 0.362544 0.755221
vt 0.349780 0.754953
vt 0.347809 0.758575
vt 0.350986 0.757980
vt 0.350711 0.754834
vt 0.349074 0.759363
vt 0.339936 0.760727
vt 0.275580 0.766332
vt 0.162353 0.788997
vt 0.181498 0.779894
vt 0.161026 0.788569
vt 0.129643 0.786253
vt 0.153494 0.788129
vt 0.109495 0.789328
vt 0.447070 0.641320
vt 0.442984 0.626380
vt 0.411240 0.604260
vt 0.415433 0.611068
vt 0.363937 0.576072
vt 0.421574 0.634919
vt 0.368707 0.613507
vt 0.370417 0.629665
vt 0.335941 0.610809
vt 0.372129 0.641415
vt 0.281733 0.669088
vt 0.417427 0.755387
vt 0.440720 0.690835
vt 0.395765 0.698869
vt 0.406898 0.732450
vt 0.406045 0.733105
vt 0.411816 0.733797
vt 0.410893 0.742596
vt 0.345090 0.665656
vt 0.375257 0.663593
vt 0.373690 0.648217
vt 0.424724 0.652594
vt 0.407799 0.731745
vt 0.273793 0.801247
vt 0.274905 0.801612
vt 0.274040 0.801313
vt 0.399893 0.755865
vt 0.273893 0.801307
vt 0.272013 0.800597
vt 0.271670 0.800489
vt 0.273830 0.801290
vt 0.274639 0.801710
vt 0.273786 0.801278
vt 0.274839 0.801795
vt 0.273547 0.801247
vt 0.273539 0.801215
vt 0.273488 0.801222
vt 0.291047 0.678392
vt 0.296011 0.756501
vt 0.345202 0.670056
vt 0.385442 0.705208
vt 0.380493 0.708268
vt 0.385571 0.746020
vt 0.393862 0.704483
vt 0.377248 0.709569
vt 0.380498 0.747199
vt 0.373709 0.668598
vt 0.375299 0.669652
vt 0.376375 0.666710
vt 0.274521 0.801660
vt 0.274582 0.801686
vt 0.273707 0.801257
vt 0.273642 0.801287
vt 0.273750 0.801333
vt 0.347319 0.711553
vt 0.349247 0.749337
vt 0.357827 0.710880
vt 0.369297 0.747965
vt 0.378473 0.693254
vt 0.379509 0.700953
vt 0.375804 0.692853
vt 0.376382 0.699545
vt 0.354257 0.699334
vt 0.151166 0.784990
vt 0.155556 0.783718
vt 0.160386 0.784847
vt 0.161026 0.788569
vt 0.175864 0.778023
vt 0.158227 0.774004
vt 0.164658 0.770974
vt 0.165111 0.779379
vt 0.157555 0.781018
vt 0.172660 0.778702
vt 0.166186 0.779989
vt 0.163308 0.781259
vt 0.159972 0.782437
vt 0.178699 0.770880
vt 0.169951 0.778328
vt 0.279239 0.856129
vt 0.289508 0.845504
vt 0.280620 0.843501
vt 0.272055 0.852808
vt 0.304964 0.830611
vt 0.290798 0.845795
vt 0.273205 0.862374
vt 0.266802 0.858607
vt 0.303896 0.829971
vt 0.297213 0.825963
vt 0.241562 0.895074
vt 0.234532 0.891892
vt 0.242947 0.895701
vt 0.211755 0.928088
vt 0.244887 0.923113
vt 0.205380 0.924354
vt 0.194873 0.930055
vt 0.206418 0.933536
vt 0.210584 0.927402
vt 0.207311 0.936050
vt 0.370962 0.772585
vt 0.341748 0.789444
vt 0.333767 0.788247
vt 0.343297 0.789676
vt 0.352604 0.778487
vt 0.346554 0.774992
vt 0.353719 0.779131
vt 0.355950 0.776919
vt 0.339340 0.775145
vt 0.346816 0.772408
vt 0.363029 0.768057
vt 0.354561 0.776233
vt 0.274242 0.862984
vt 0.280350 0.856643
vt 0.011170 0.722617
vt 0.027763 0.712663
vt 0.056589 0.693103
vt 0.071814 0.681994
vt 0.133039 0.633201
vt 0.160528 0.617547
vt 0.136603 0.637247
vt 0.141979 0.643350
vt 0.165891 0.623924
vt 0.094797 0.670196
vt 0.104340 0.673733
vt 0.090288 0.668525
vt 0.157195 0.613585
vt 0.328839 0.551251
vt 0.275224 0.556014
vt 0.193519 0.587823
vt 0.269245 0.566551
vt 0.202103 0.595987
vt 0.196431 0.590592
vt 0.332791 0.570338
vt 0.306915 0.612157
vt 0.036169 0.717849
vt 0.015039 0.730088
vt 0.022386 0.744273
vt 0.053416 0.728489
vt 0.079183 0.732623
vt 0.272629 0.813853
vt 0.193472 0.773929
vt 0.232861 0.841333
vt 0.230557 0.844106
vt 0.233372 0.861469
vt 0.234386 0.860746
vt 0.232041 0.861369
vt 0.231287 0.862420
vt 0.215391 0.816328
vt 0.211485 0.811735
vt 0.231139 0.800886
vt 0.228138 0.802595
vt 0.228381 0.808708
vt 0.231544 0.806003
vt 0.230500 0.794031
vt 0.230808 0.796521
vt 0.230958 0.798506
vt 0.205553 0.787089
vt 0.196484 0.790819
vt 0.217310 0.791193
vt 0.209381 0.787812
vt 0.227998 0.798934
vt 0.230364 0.792102
vt 0.230246 0.790420
vt 0.271823 0.830416
vt 0.271866 0.831119
vt 0.272742 0.831770
vt 0.272744 0.828728
vt 0.271774 0.829588
vt 0.271921 0.828843
vt 0.271820 0.827881
vt 0.272745 0.826916
vt 0.262409 0.836279
vt 0.251297 0.841459
vt 0.257929 0.849322
vt 0.274614 0.812347
vt 0.274104 0.812306
vt 0.267900 0.777332
vt 0.261640 0.767297
vt 0.236881 0.812072
vt 0.230948 0.810425
vt 0.231157 0.813198
vt 0.231672 0.814531
vt 0.248357 0.806808
vt 0.250006 0.809518
vt 0.262262 0.807133
vt 0.255777 0.767926
vt 0.271845 0.826948
vt 0.272742 0.826617
vt 0.262243 0.777727
vt 0.249916 0.817471
vt 0.262706 0.816315
vt 0.233205 0.818184
vt 0.236010 0.818729
vt 0.249725 0.858890
vt 0.236909 0.842120
vt 0.237408 0.859400
vt 0.250511 0.821123
vt 0.250607 0.825093
vt 0.262282 0.824060
vt 0.237502 0.826253
vt 0.232797 0.824322
vt 0.232669 0.825607
vt 0.232876 0.823111
vt 0.251028 0.833728
vt 0.236567 0.830487
vt 0.251056 0.833723
vt 0.236630 0.830475
vt 0.232300 0.827173
vt 0.232367 0.829814
vt 0.232420 0.831402
vt 0.233114 0.806452
vt 0.247209 0.795944
vt 0.261658 0.794645
vt 0.232041 0.797307
vt 0.188423 0.785059
vt 0.217439 0.780394
vt 0.233414 0.780288
vt 0.224012 0.786048
vt 0.219594 0.786598
vt 0.246488 0.783827
vt 0.262739 0.782293
vt 0.247608 0.792975
vt 0.232274 0.791152
vt 0.245399 0.784338
vt 0.260385 0.783399
vt 0.231693 0.785194
vt 0.229369 0.785332
vt 0.231634 0.784943
vt 0.262951 0.781218
vt 0.260837 0.962531
vt 0.261947 0.950664
vt 0.257293 0.960773
vt 0.256786 0.946736
vt 0.249901 0.953339
vt 0.212304 0.938752
vt 0.213996 0.938324
vt 0.218157 0.961600
vt 0.232328 0.967354
vt 0.219125 0.944703
vt 0.214662 0.942485
vt 0.241181 0.952473
vt 0.246395 0.954654
vt 0.247464 0.948299
vt 0.244566 0.940141
vt 0.224981 0.934540
vt 0.333662 0.946908
vt 0.342025 0.953334
vt 0.343940 0.945526
vt 0.343766 0.954672
vt 0.327433 0.929507
vt 0.383365 0.925638
vt 0.386221 0.935652
vt 0.362854 0.924422
vt 0.373105 0.923682
vt 0.378410 0.926482
vt 0.381075 0.925230
vt 0.375391 0.925301
vt 0.370108 0.927323
vt 0.335986 0.923043
vt 0.328819 0.921666
vt 0.312923 0.920647
vt 0.322632 0.920308
vt 0.325125 0.922077
vt 0.312422 0.921533
vt 0.334322 0.928472
vt 0.327742 0.926929
vt 0.334045 0.926804
vt 0.359443 0.925431
vt 0.352696 0.944349
vt 0.357404 0.928609
vt 0.326205 0.924307
vt 0.283225 0.968206
vt 0.288027 0.952043
vt 0.276617 0.954686
vt 0.277262 0.967799
vt 0.270641 0.965920
vt 0.303078 0.963773
vt 0.308802 0.930788
vt 0.285703 0.933545
vt 0.265709 0.924103
vt 0.264828 0.937857
vt 0.250522 0.931326
vt 0.302660 0.924294
vt 0.278872 0.929508
vt 0.313778 0.927269
vt 0.303706 0.925571
vt 0.176697 0.819974
vt 0.169073 0.822029
vt 0.181022 0.796847
vt 0.156489 0.802978
vt 0.137073 0.806294
vt 0.148437 0.796968
vt 0.127084 0.800834
vt 0.169407 0.791274
vt 0.167033 0.716992
vt 0.075205 0.703589
vt 0.074213 0.705924
vt 0.068849 0.701486
vt 0.060845 0.696013
vt 0.084352 0.689994
vt 0.075520 0.684359
vt 0.401097 0.952764
vt 0.395863 0.952161
vt 0.392165 0.949366
vt 0.349619 0.959170
vt 0.357088 0.953912
vt 0.373650 0.957906
vt 0.364025 0.943704
vt 0.372272 0.941558
vt 0.381895 0.946680
vt 0.218293 0.826267
vt 0.219782 0.821845
vt 0.228980 0.814664
vt 0.229461 0.824038
vt 0.230021 0.831951
vt 0.484865 0.675747
vt 0.489155 0.672010
vt 0.488924 0.671831
vt 0.484965 0.675137
vt 0.500034 0.674678
vt 0.500037 0.674558
vt 0.473173 0.673152
vt 0.471822 0.672198
vt 0.458670 0.669899
vt 0.470187 0.672467
vt 0.465974 0.669882
vt 0.451958 0.665200
vt 0.471835 0.689360
vt 0.445543 0.688983
vt 0.454388 0.669347
vt 0.438173 0.664352
vt 0.455203 0.670135
vt 0.459659 0.670591
vt 0.470671 0.672764
vt 0.473317 0.673253
vt 0.484854 0.675813
vt 0.489186 0.672035
vt 0.500034 0.674691
vt 0.424724 0.911116
vt 0.390900 0.945313
vt 0.406930 0.886537
vt 0.375628 0.955481
vt 0.390425 0.943372
vt 0.381171 0.948683
vt 0.386306 0.938958
vt 0.419912 0.923059
vt 0.427583 0.920333
vt 0.427918 0.921760
vt 0.424775 0.939090
vt 0.434430 0.948374
vt 0.432652 0.962415
vt 0.433497 0.943009
vt 0.428385 0.940700
vt 0.423636 0.968291
vt 0.405601 0.951877
vt 0.410258 0.952382
vt 0.381150 0.818863
vt 0.539854 0.790706
vt 0.545103 0.778385
vt 0.543280 0.765653
vt 0.543861 0.757167
vt 0.549177 0.736758
vt 0.563531 0.691459
vt 0.461410 0.790584
vt 0.454637 0.778409
vt 0.456831 0.765786
vt 0.456335 0.757211
vt 0.451031 0.736584
vt 0.437056 0.691490
vn 0.016750 0.510985 0.859426
vn 0.021996 0.524684 0.851013
vn 0.021996 0.524684 0.851013
vn 0.027236 0.538233 0.842356
vn -0.051079 0.207869 0.976822
vn -0.051079 0.207869 0.976822
vn -0.051079 0.207869 0.976822
vn -0.253379 0.864577 0.433942
vn -0.170859 0.868665 0.465003
vn -0.170859 0.868665 0.465003
vn -0.087007 0.865986 0.492441
vn -0.043442 0.573186 0.818273
vn 0.044239 0.791505 0.609560
vn 0.073870 0.711652 0.698637
vn 0.086815 0.872106 0.481554
vn -0.015574 0.912525 0.408725
vn 0.244979 0.937750 0.246193
vn 0.251973 0.934922 0.249860
vn 0.251973 0.934922 0.249860
vn 0.258949 0.932029 0.253510
vn -0.387219 0.792405 0.471334
vn -0.142231 0.716372 0.683068
vn -0.142231 0.716372 0.683068
vn 0.118492 0.561085 0.819233
vn 0.034076 0.989569 -0.139970
vn 0.126958 0.927831 0.350730
vn 0.126958 0.927831 0.350730
vn 0.187691 0.631143 0.752616
vn 0.002745 0.531710 0.846922
vn 0.138291 0.235702 0.961936
vn 0.105878 0.234345 0.966371
vn 0.153841 0.072705 0.985417
vn 0.044608 0.231111 0.971904
vn 0.103192 0.230190 0.967659
vn 0.088640 0.250697 0.963999
vn 0.088640 0.250697 0.963999
vn 0.074031 0.271041 0.959717
vn 0.079889 0.853539 0.514867
vn 0.088663 0.859168 0.503953
vn 0.088663 0.859168 0.503953
vn 0.097416 0.864601 0.492925
vn -0.006145 0.798230 0.602321
vn -0.020266 0.710114 0.703795
vn -0.020266 0.710114 0.703795
vn -0.034017 0.609029 0.792418
vn -0.035093 0.609452 0.792046
vn -0.047393 0.562214 0.825633
vn -0.047393 0.562214 0.825633
vn -0.059527 0.513002 0.856321
vn -0.033333 0.601558 0.798133
vn -0.033333 0.601558 0.798133
vn -0.033333 0.601558 0.798133
vn -0.311263 0.183594 0.932421
vn -0.249380 0.162301 0.954708
vn -0.249380 0.162301 0.954708
vn -0.186305 0.140231 0.972433
vn 0.997547 0.069881 -0.004138
vn 0.997547 0.069911 -0.003540
vn 0.997547 0.069911 -0.003540
vn 0.997547 0.069942 -0.002943
vn 0.002313 0.999864 0.016306
vn 0.002313 0.999864 0.016306
vn 0.002313 0.999864 0.016306
vn 0.999995 0.001101 -0.002972
vn 0.999113 0.019142 0.037512
vn 0.999113 0.019142 0.037512
vn 0.996267 0.037146 0.077922
vn 0.999998 0.000654 -0.001994
vn 0.999998 0.000721 -0.001880
vn 0.999998 0.000721 -0.001880
vn 0.999998 0.000789 -0.001765
vn 0.095432 0.208583 0.973337
vn -0.111518 0.278598 0.953911
vn -0.111518 0.278598 0.953911
vn -0.313104 0.335211 0.888595
vn -0.059067 0.491680 0.868770
vn -0.059067 0.491680 0.868770
vn -0.059067 0.491680 0.868770
vn 0.001679 0.019218 -0.999814
vn 0.000992 0.017715 -0.999843
vn 0.000992 0.017715 -0.999843
vn 0.000304 0.016212 -0.999869
vn -0.121175 -0.088946 0.988638
vn -0.269416 0.215130 0.938688
vn -0.269416 0.215130 0.938688
vn -0.386152 0.494050 0.778974
vn -0.000010 1.000000 0.000008
vn -0.000006 1.000000 0.000004
vn -0.000006 1.000000 0.000004
vn -0.000002 1.000000 0.000000
vn 0.100587 0.258819 0.960674
vn 0.100587 0.258819 0.960674
vn 0.100587 0.258819 0.960674
vn -0.031547 0.258907 0.965387
vn -0.015524 0.219883 0.975403
vn -0.015524 0.219883 0.975403
vn 0.000528 0.180446 0.983585
vn -0.995755 0.087174 -0.029548
vn -0.978263 -0.134933 0.157465
vn -0.978263 -0.134933 0.157465
vn -0.877998 -0.345624 0.331155
vn 0.257150 0.941254 0.218894
vn 0.257150 0.941254 0.218894
vn 0.257150 0.941254 0.218894
vn 0.219619 0.101222 -0.970320
vn 0.160326 0.190661 -0.968475
vn 0.160326 0.190661 -0.968475
vn 0.099187 0.277904 -0.955474
vn 0.258733 0.942128 0.213195
vn 0.258733 0.942128 0.213195
vn 0.258733 0.942128 0.213195
vn 0.334031 0.692272 0.639673
vn 0.285331 0.644021 0.709805
vn 0.285331 0.644021 0.709805
vn 0.233886 0.589575 0.773110
vn 0.294996 -0.373535 0.879459
vn 0.294996 -0.373535 0.879459
vn 0.294996 -0.373535 0.879459
vn 0.355684 0.412756 0.838523
vn 0.388581 0.355224 0.850189
vn 0.388581 0.355224 0.850189
vn 0.419719 0.296083 0.858004
vn 0.484260 0.341071 0.805706
vn 0.404871 0.509114 0.759528
vn 0.404871 0.509114 0.759528
vn 0.310633 0.658486 0.685495
vn 0.603728 0.728831 0.322982
vn 0.601802 0.740719 0.298611
vn 0.601802 0.740719 0.298611
vn 0.599432 0.752060 0.274020
vn 0.015236 0.717695 0.696191
vn -0.019627 0.672713 0.739643
vn -0.019627 0.672713 0.739643
vn -0.054389 0.624281 0.779304
vn 0.081983 0.973283 0.214473
vn 0.096624 0.974602 0.202026
vn 0.096624 0.974602 0.202026
vn 0.111230 0.975559 0.189504
vn -0.139159 0.193777 0.971126
vn -0.139159 0.193777 0.971126
vn -0.139159 0.193777 0.971126
vn 0.999789 -0.003242 0.020283
vn 0.997275 -0.037169 0.063723
vn 0.997275 -0.037169 0.063723
vn 0.991725 -0.070983 0.106969
vn 0.917462 0.391303 0.071723
vn 0.882250 0.467604 0.054607
vn 0.882250 0.467604 0.054607
vn 0.840548 0.540465 0.037089
vn 0.294417 0.886183 0.357769
vn 0.299408 0.892087 0.338431
vn 0.302696 0.893118 0.332741
vn 0.306750 0.896336 0.320134
vn 0.309230 0.895060 0.321318
vn 0.995901 -0.069732 0.057618
vn 0.994358 -0.085970 0.062135
vn 0.994358 -0.085970 0.062135
vn 0.992531 -0.102183 0.066635
vn 0.838648 0.539704 0.073412
vn 0.838648 0.539704 0.073412
vn 0.838648 0.539704 0.073412
vn 0.989462 -0.101825 0.102936
vn 0.862320 0.506348 -0.003889
vn 0.862320 0.506348 -0.003889
vn 0.392449 0.913272 -0.109168
vn 0.432535 0.900237 0.049872
vn 0.471288 0.881004 0.041457
vn 0.471288 0.881004 0.041457
vn 0.509126 0.860060 0.032962
vn 0.768483 0.637220 0.058184
vn 0.778257 0.625009 0.060661
vn 0.778257 0.625009 0.060661
vn 0.787836 0.612642 0.063122
vn -0.268529 0.939535 0.212521
vn -0.268529 0.939535 0.212521
vn -0.268529 0.939535 0.212521
vn -0.204844 0.966608 0.153973
vn 0.290781 0.926735 0.237925
vn 0.290781 0.926735 0.237925
vn 0.712465 0.651211 0.261378
vn -0.899519 -0.350642 0.260608
vn -0.994673 -0.102434 -0.011523
vn -0.994673 -0.102434 -0.011523
vn -0.945882 0.160597 -0.281987
vn 0.151593 0.988383 0.010928
vn 0.137755 0.990453 0.005145
vn 0.137755 0.990453 0.005145
vn 0.123885 0.992296 -0.000640
vn 0.122715 0.991637 -0.039964
vn 0.137321 0.990338 -0.019311
vn 0.137321 0.990338 -0.019311
vn 0.151839 0.988404 0.001354
vn -0.941057 0.260295 -0.216006
vn -0.968416 0.240676 -0.065155
vn -0.968416 0.240676 -0.065155
vn -0.972641 0.215307 0.087254
vn 0.933287 0.160269 0.321386
vn 0.768226 0.638614 0.044732
vn 0.768226 0.638614 0.044732
vn 0.347655 0.904558 -0.246800
vn -0.050050 0.965022 -0.257348
vn -0.085207 0.964776 -0.248891
vn -0.085207 0.964776 -0.248891
vn -0.120252 0.963269 -0.240109
vn -0.580646 0.683006 -0.443118
vn -0.823800 0.414390 -0.386825
vn -0.823800 0.414390 -0.386825
vn -0.956197 0.090061 -0.278525
vn 0.729318 -0.679496 0.079884
vn 0.878177 -0.476825 0.037988
vn 0.878177 -0.476825 0.037988
vn 0.969964 -0.243165 -0.006378
vn 0.000010 1.000000 0.000007
vn 0.000010 1.000000 0.000006
vn 0.000010 1.000000 0.000006
vn 0.000009 1.000000 0.000004
vn -0.000012 1.000000 0.000008
vn -0.000017 1.000000 0.000000
vn -0.000017 1.000000 0.000000
vn -0.000023 1.000000 -0.000008
vn -0.018870 0.099992 0.994809
vn -0.007891 0.066793 0.997736
vn -0.007891 0.066793 0.997736
vn 0.003097 0.033512 0.999434
vn 0.004008 0.033732 0.999423
vn 0.004008 0.033732 0.999423
vn 0.004008 0.033732 0.999423
vn 0.118893 0.992907 0.001122
vn 0.109306 0.993875 -0.016264
vn 0.109306 0.993875 -0.016264
vn 0.099677 0.994451 -0.033644
vn 0.049947 0.257231 0.965058
vn 0.049947 0.257231 0.965058
vn 0.049947 0.257231 0.965058
vn -0.010486 0.198520 0.980041
vn 0.047457 0.146996 0.987998
vn 0.047457 0.146996 0.987998
vn 0.105111 0.094580 0.989953
vn 0.399863 0.360029 0.842905
vn 0.399863 0.360029 0.842905
vn 0.399863 0.360029 0.842905
vn 0.366634 0.930365 -0.000085
vn 0.367096 0.930183 0.000594
vn 0.367096 0.930183 0.000594
vn 0.367559 0.929999 0.001272
vn -0.024933 0.047668 0.998552
vn -0.024933 0.047668 0.998552
vn -0.024933 0.047668 0.998552
vn -0.003723 0.036527 0.999326
vn -0.006017 0.044435 0.998994
vn -0.006017 0.044435 0.998994
vn -0.008310 0.052340 0.998595
vn 0.367552 0.930002 0.001058
vn 0.367763 0.929919 0.000666
vn 0.367763 0.929919 0.000666
vn 0.367973 0.929836 0.000273
vn 0.385744 0.922605 -0.001262
vn 0.386316 0.922366 -0.000479
vn 0.386316 0.922366 -0.000479
vn 0.386888 0.922127 0.000305
vn -0.068849 0.082067 0.994246
vn -0.067637 0.082597 0.994285
vn -0.067637 0.082597 0.994285
vn -0.066425 0.083126 0.994323
vn -0.000558 0.999992 -0.003965
vn -0.000558 0.999992 -0.003965
vn -0.000558 0.999992 -0.003965
vn -0.032195 0.999238 -0.022048
vn -0.032195 0.999238 -0.022048
vn -0.032195 0.999238 -0.022048
vn 0.272130 0.817530 0.507533
vn 0.274616 0.814236 0.511475
vn 0.274616 0.814236 0.511475
vn 0.277094 0.810914 0.515400
vn 0.095999 0.242326 -0.965434
vn 0.103432 0.114834 -0.987985
vn 0.103432 0.114834 -0.987985
vn 0.109126 -0.014588 -0.993921
vn 0.368335 0.929693 0.000204
vn 0.367498 0.930025 -0.000199
vn 0.367498 0.930025 -0.000199
vn 0.366660 0.930355 -0.000601
vn 0.350487 0.806315 0.476461
vn 0.361342 0.793379 0.489879
vn 0.361342 0.793379 0.489879
vn 0.372028 0.780075 0.503070
vn 0.416903 0.709228 0.568496
vn 0.513915 0.723166 0.461435
vn 0.513915 0.723166 0.461435
vn 0.600101 0.721869 0.344652
vn 0.288459 0.827131 0.482335
vn 0.288459 0.827131 0.482335
vn 0.288459 0.827131 0.482335
vn -0.000856 0.997622 -0.068924
vn -0.000484 0.997661 -0.068352
vn -0.000484 0.997661 -0.068352
vn -0.000113 0.997700 -0.067780
vn 0.001150 0.999999 0.000034
vn 0.001150 0.999999 0.000034
vn 0.001150 0.999999 0.000034
vn 0.000001 1.000000 0.000000
vn 0.000001 1.000000 0.000000
vn 0.000001 1.000000 0.000000
vn 0.000000 1.000000 0.000000
vn -0.954572 0.247954 0.165262
vn -0.982666 0.143114 0.117835
vn -0.982666 0.143114 0.117835
vn -0.996974 0.036267 0.068755
vn -0.000000 1.000000 -0.000002
vn -0.000000 1.000000 -0.000002
vn -0.000000 1.000000 -0.000002
vn -0.000000 1.000000 -0.000001
vn 0.000001 1.000000 0.000002
vn 0.000001 1.000000 0.000001
vn 0.000001 1.000000 0.000001
vn 0.000002 1.000000 0.000000
vn 0.032772 0.999415 -0.009796
vn 0.055710 0.998351 0.013882
vn 0.055710 0.998351 0.013882
vn 0.078587 0.996200 0.037546
vn -0.961021 -0.103808 0.256248
vn -0.961021 -0.103808 0.256248
vn -0.961021 -0.103808 0.256248
vn -0.999993 0.001517 -0.003278
vn -0.999993 0.001517 -0.003278
vn -0.999993 0.001517 -0.003278
vn -0.985942 -0.050664 -0.159219
vn -0.985942 -0.050664 -0.159219
vn -0.985942 -0.050664 -0.159219
vn -0.003973 0.001013 0.999992
vn -0.006808 -0.000893 0.999976
vn -0.006808 -0.000893 0.999976
vn -0.009642 -0.002798 0.999950
vn 0.012442 -0.002683 0.999919
vn 0.008888 -0.001339 0.999960
vn 0.008888 -0.001339 0.999960
vn 0.005335 0.000004 0.999986
vn -0.973737 0.224532 -0.037698
vn -0.973737 0.224532 -0.037698
vn -0.973737 0.224532 -0.037698
vn 0.034664 0.999398 0.001341
vn 0.031621 0.999497 -0.002324
vn 0.031621 0.999497 -0.002324
vn 0.028577 0.999574 -0.005988
vn -0.978608 -0.193869 -0.068862
vn -0.978608 -0.193869 -0.068862
vn -0.978608 -0.193869 -0.068862
vn -0.980868 0.037048 -0.191118
vn -0.980487 0.037150 -0.193042
vn -0.980487 0.037150 -0.193042
vn -0.980102 0.037253 -0.194965
vn 0.025208 0.997301 -0.068963
vn 0.012611 0.999318 -0.034713
vn 0.012611 0.999318 -0.034713
vn -0.000002 1.000000 -0.000417
vn -0.000027 -1.000000 -0.000022
vn -0.000027 -1.000000 -0.000022
vn -0.000027 -1.000000 -0.000022
vn 0.028402 0.999596 -0.000757
vn 0.027472 0.999623 0.000385
vn 0.027472 0.999623 0.000385
vn 0.026541 0.999647 0.001526
vn -0.995833 0.043641 -0.080078
vn -0.996904 0.038229 -0.068716
vn -0.996904 0.038229 -0.068716
vn -0.997815 0.032811 -0.057342
vn -0.956037 -0.018713 -0.292648
vn -0.956037 -0.018713 -0.292648
vn -0.956037 -0.018713 -0.292648
vn -0.976832 0.213422 -0.015836
vn -0.976832 0.213422 -0.015836
vn -0.976832 0.213422 -0.015836
vn -0.000293 -1.000000 0.000224
vn 0.000292 -1.000000 -0.000539
vn -0.000032 -0.999999 0.001639
vn 0.000584 -0.999999 -0.000920
vn 0.000940 -0.999988 -0.004893
vn -0.989144 0.047016 -0.139224
vn -0.989144 0.047016 -0.139224
vn -0.989144 0.047016 -0.139224
vn -0.943773 0.299098 0.140827
vn -0.957812 0.110461 0.265321
vn -0.957812 0.110461 0.265321
vn -0.922733 -0.083840 0.376210
vn -0.873514 -0.300259 0.383169
vn -0.762561 -0.344574 0.547512
vn -0.762561 -0.344574 0.547512
vn -0.620127 -0.374665 0.689252
vn -0.994774 -0.100861 -0.015857
vn -0.997143 -0.048279 -0.058100
vn -0.997143 -0.048279 -0.058100
vn -0.994969 0.004522 -0.100077
vn -0.995074 -0.097634 -0.017199
vn -0.995039 -0.099111 -0.008664
vn -0.995039 -0.099111 -0.008664
vn -0.994929 -0.100581 -0.000129
vn -0.991740 -0.126859 -0.018930
vn -0.993037 -0.112640 -0.034485
vn -0.993037 -0.112640 -0.034485
vn -0.993892 -0.098370 -0.050024
vn -0.991814 -0.126749 -0.015453
vn -0.991814 -0.126749 -0.015453
vn -0.991814 -0.126749 -0.015453
vn -1.000000 0.000004 0.000278
vn -1.000000 0.000048 0.000249
vn -1.000000 0.000048 0.000249
vn -1.000000 0.000093 0.000220
vn -0.999999 0.000088 -0.001444
vn -0.999999 0.000033 -0.001125
vn -0.999999 0.000033 -0.001125
vn -1.000000 -0.000021 -0.000807
vn -1.000000 -0.000012 0.000285
vn -1.000000 -0.000002 0.000302
vn -1.000000 -0.000002 0.000302
vn -1.000000 0.000009 0.000319
vn -1.000000 0.000050 0.000062
vn -1.000000 0.000024 0.000147
vn -1.000000 0.000024 0.000147
vn -1.000000 -0.000001 0.000231
vn -1.000000 0.000036 0.000378
vn -1.000000 0.000146 0.000356
vn -1.000000 0.000146 0.000356
vn -1.000000 0.000255 0.000334
vn -0.999998 0.000223 -0.001924
vn -0.999999 0.000111 -0.001689
vn -0.999999 0.000111 -0.001689
vn -0.999999 -0.000002 -0.001455
vn -1.000000 0.000000 0.000329
vn -1.000000 0.000055 0.000314
vn -1.000000 0.000055 0.000314
vn -1.000000 0.000110 0.000299
vn -1.000000 0.000142 -0.000321
vn -1.000000 0.000136 -0.000120
vn -1.000000 0.000136 -0.000120
vn -1.000000 0.000131 0.000080
vn -0.999951 -0.000126 0.009950
vn -0.999389 0.025711 0.023667
vn -0.999389 0.025711 0.023667
vn -0.997973 0.051525 0.037363
vn -0.000019 -0.000700 1.000000
vn -0.000013 -0.000656 1.000000
vn -0.000013 -0.000656 1.000000
vn -0.000008 -0.000612 1.000000
vn -1.000000 -0.000354 0.000233
vn -1.000000 -0.000165 0.000218
vn -1.000000 -0.000165 0.000218
vn -1.000000 0.000024 0.000203
vn -0.996286 -0.085758 -0.007691
vn -0.998803 -0.042913 -0.023490
vn -0.998803 -0.042913 -0.023490
vn -0.999230 0.000021 -0.039238
vn 0.039863 -0.334799 0.941446
vn 0.039863 -0.334799 0.941446
vn 0.039863 -0.334799 0.941446
vn 0.006608 0.562808 0.826562
vn 0.042919 0.566948 0.822635
vn 0.023511 0.576385 0.816840
vn 0.061062 0.568732 0.820253
vn 0.081659 0.547230 0.832989
vn -0.005993 0.523257 0.852154
vn 0.006765 0.534988 0.844833
vn 0.006765 0.534988 0.844833
vn 0.019520 0.546529 0.837212
vn -0.064200 0.572397 0.817459
vn -0.064200 0.572397 0.817459
vn -0.064200 0.572397 0.817459
vn 0.190635 0.467133 0.863392
vn 0.123799 0.335370 0.933917
vn 0.123799 0.335370 0.933917
vn 0.053646 0.194619 0.979411
vn 0.040336 0.639194 0.767987
vn 0.027868 0.610079 0.791851
vn 0.027868 0.610079 0.791851
vn 0.015357 0.580005 0.814469
vn 0.178365 -0.075386 0.981072
vn 0.178365 -0.075386 0.981072
vn 0.178365 -0.075386 0.981072
vn 0.908699 0.231033 0.347693
vn 0.908699 0.231033 0.347693
vn 0.908699 0.231033 0.347693
vn 0.977357 -0.115094 -0.177558
vn 0.977357 -0.115094 -0.177558
vn 0.977357 -0.115094 -0.177558
vn 0.999485 0.026743 0.017746
vn 0.999250 0.019708 0.033322
vn 0.999250 0.019708 0.033322
vn 0.998724 0.012667 0.048888
vn 0.974456 -0.091830 -0.204948
vn 0.974456 -0.091830 -0.204948
vn 0.974456 -0.091830 -0.204948
vn 0.983825 -0.114948 -0.137385
vn 0.983825 -0.114948 -0.137385
vn 0.983825 -0.114948 -0.137385
vn -0.282048 0.940383 0.190076
vn -0.282048 0.940383 0.190076
vn -0.282048 0.940383 0.190076
vn -0.076624 0.029127 -0.996635
vn -0.117384 0.013979 -0.992988
vn -0.117384 0.013979 -0.992988
vn -0.157921 -0.001196 -0.987451
vn -0.345013 0.938016 0.033046
vn -0.345013 0.938016 0.033046
vn -0.345013 0.938016 0.033046
vn -0.881098 0.246148 0.403828
vn -0.876878 0.158929 0.453681
vn -0.876878 0.158929 0.453681
vn -0.863793 0.070103 0.498947
vn -0.758675 0.185313 0.624556
vn -0.806357 0.328860 0.491569
vn -0.806357 0.328860 0.491569
vn -0.821328 0.459067 0.338640
vn -0.600941 0.075770 0.795694
vn -0.681234 0.207676 0.701991
vn -0.681234 0.207676 0.701991
vn -0.739299 0.332807 0.585385
vn 0.722226 0.673270 -0.158423
vn 0.722226 0.673270 -0.158423
vn 0.722226 0.673270 -0.158423
vn 0.000000 1.000000 0.000000
vn 0.000000 1.000000 0.000000
vn 0.000000 1.000000 0.000000
vn 0.000000 1.000000 0.000000
vn 0.210045 0.928883 -0.305054
vn 0.210045 0.928883 -0.305054
vn 0.210045 0.928883 -0.305054
vn -0.891947 0.430955 0.136774
vn -0.896933 0.424402 0.124072
vn -0.896933 0.424402 0.124072
vn -0.901713 0.417752 0.111340
vn -0.009252 0.999957 0.000000
vn -0.004387 0.999971 0.006167
vn -0.004387 0.999971 0.006167
vn 0.000479 0.999924 0.012334
vn 0.105446 -0.000273 0.994425
vn 0.065483 -0.010337 0.997800
vn 0.065483 -0.010337 0.997800
vn 0.025408 -0.020384 0.999469
vn 0.561337 -0.822905 0.087908
vn 0.561337 -0.822905 0.087908
vn 0.561337 -0.822905 0.087908
vn -0.999638 -0.006970 -0.025992
vn -0.999638 -0.006970 -0.025992
vn -0.999638 -0.006970 -0.025992
vn -0.003007 0.001384 0.999995
vn -0.003007 0.001384 0.999995
vn -0.003007 0.001384 0.999995
vn 0.560350 -0.825786 0.063916
vn 0.561041 -0.823922 0.079911
vn 0.560883 -0.824407 0.075922
vn 0.561332 -0.822909 0.087901
vn 0.561331 -0.822912 0.087884
vn 0.562499 -0.824622 0.059943
vn 0.562499 -0.824622 0.059943
vn 0.562499 -0.824622 0.059943
vn -0.404982 0.854724 -0.324709
vn -0.404982 0.854724 -0.324709
vn -0.404982 0.854724 -0.324709
vn -0.348591 0.873006 -0.341093
vn -0.050931 0.983540 -0.173365
vn -0.050931 0.983540 -0.173365
vn 0.253295 0.967245 0.016719
vn -0.311009 0.653114 0.690446
vn -0.311009 0.653114 0.690446
vn -0.311009 0.653114 0.690446
vn 0.060472 0.991117 -0.118446
vn 0.193157 0.980240 -0.042651
vn 0.193157 0.980240 -0.042651
vn 0.321309 0.946359 0.034144
vn 0.997579 0.069496 -0.002355
vn 0.992025 0.050623 -0.115428
vn 0.992025 0.050623 -0.115428
vn 0.973403 0.031083 -0.226982
vn -0.671960 0.218214 -0.707709
vn -0.677458 0.732630 -0.065601
vn -0.677458 0.732630 -0.065601
vn -0.224346 0.751087 0.620916
vn -0.667534 -0.019580 -0.744322
vn -0.667534 -0.019580 -0.744322
vn -0.667534 -0.019580 -0.744322
vn -0.000002 1.000000 0.000065
vn -0.000002 1.000000 0.000065
vn -0.000002 1.000000 0.000065
vn -0.988857 -0.056481 0.137739
vn -0.992160 -0.102078 0.072105
vn -0.992160 -0.102078 0.072105
vn -0.989115 -0.147023 0.006009
vn -0.996951 0.043919 0.064503
vn -0.994510 0.056670 0.087963
vn -0.994510 0.056670 0.087963
vn -0.991355 0.069380 0.111360
vn -0.658253 0.682053 -0.318600
vn -0.658253 0.682053 -0.318600
vn -0.658253 0.682053 -0.318600
vn 0.268865 0.961360 -0.059140
vn 0.149153 0.988653 -0.017846
vn 0.149153 0.988653 -0.017846
vn 0.026938 0.999355 0.023747
vn -0.283131 0.954387 -0.094774
vn -0.009001 0.996109 0.087673
vn -0.392893 0.918181 -0.050785
vn -0.468663 0.883185 -0.018431
vn -0.913015 0.290972 -0.285900
vn -0.030201 0.009998 0.999494
vn -0.030201 0.009998 0.999494
vn -0.030201 0.009998 0.999494
vn -0.824911 0.561863 -0.061899
vn -0.794505 0.601654 -0.082303
vn -0.794505 0.601654 -0.082303
vn -0.761776 0.639686 -0.102466
vn -0.102844 0.130285 0.986128
vn -0.061285 0.070236 0.995646
vn -0.061285 0.070236 0.995646
vn -0.019393 0.009807 0.999764
vn 0.273116 0.961876 -0.014227
vn 0.354653 0.933108 -0.059417
vn 0.354653 0.933108 -0.059417
vn 0.432814 0.895459 -0.104041
vn 0.676006 0.736890 0.002999
vn 0.702942 0.711171 0.010351
vn 0.702942 0.711171 0.010351
vn 0.728866 0.684428 0.017687
vn -0.203997 0.969151 0.138317
vn -0.099823 0.991182 0.087147
vn -0.099823 0.991182 0.087147
vn 0.005745 0.999379 0.034761
vn -0.000001 1.000000 0.000002
vn -0.000001 1.000000 0.000002
vn -0.000001 1.000000 0.000002
vn 0.999032 0.043969 -0.001325
vn 0.997426 -0.029156 0.065512
vn 0.997426 -0.029156 0.065512
vn 0.986028 -0.101994 0.131705
vn 0.998638 0.051781 -0.006329
vn 0.983641 0.179937 0.008572
vn 0.983641 0.179937 0.008572
vn 0.952049 0.305056 0.023329
vn -0.307234 0.950830 -0.039123
vn -0.176418 0.978850 -0.103582
vn -0.176418 0.978850 -0.103582
vn -0.041711 0.985284 -0.165757
vn 0.999043 0.030276 -0.031553
vn 0.999043 0.030276 -0.031553
vn 0.999043 0.030276 -0.031553
vn 0.999638 0.026422 0.005155
vn 0.999638 0.026422 0.005155
vn 0.999638 0.026422 0.005155
vn 0.999770 0.019887 0.008033
vn 0.999274 0.034436 0.016304
vn 0.999274 0.034436 0.016304
vn 0.998498 0.048976 0.024570
vn 0.686721 0.722271 -0.082091
vn 0.590880 0.805975 -0.035578
vn 0.590880 0.805975 -0.035578
vn 0.484193 0.874885 0.011588
vn -0.198374 0.968028 0.153522
vn -0.095277 0.995007 0.029715
vn -0.095277 0.995007 0.029715
vn 0.010362 0.995434 -0.094885
vn -0.503311 0.828127 0.246747
vn -0.503311 0.828127 0.246747
vn -0.503311 0.828127 0.246747
vn -0.747725 -0.027264 0.663449
vn -0.738665 -0.022703 0.673690
vn -0.738665 -0.022703 0.673690
vn -0.729452 -0.018138 0.683792
vn -0.996115 0.063404 0.061111
vn -0.999935 0.010819 -0.003721
vn -0.999804 0.005990 -0.018853
vn -0.998012 -0.022745 -0.058776
vn -0.998792 -0.003638 -0.048998
vn -0.052081 -0.047564 0.997510
vn -0.040365 -0.063916 0.997139
vn -0.040365 -0.063916 0.997139
vn -0.028633 -0.080242 0.996364
vn -0.932430 0.218553 0.287765
vn -0.921050 -0.056389 0.385341
vn -0.921050 -0.056389 0.385341
vn -0.831156 -0.326524 0.450070
vn -0.991016 0.120073 -0.058912
vn -0.991016 0.120073 -0.058912
vn -0.991016 0.120073 -0.058912
vn -0.960372 -0.274922 0.045877
vn -0.971676 -0.229546 0.056160
vn -0.971676 -0.229546 0.056160
vn -0.980754 -0.183644 0.066314
vn -0.948235 -0.022470 0.316773
vn -0.846254 0.504418 0.171513
vn -0.846254 0.504418 0.171513
vn -0.482687 0.875384 -0.026763
vn -0.980494 0.032237 0.193886
vn -0.970015 -0.033110 0.240780
vn -0.970015 -0.033110 0.240780
vn -0.953153 -0.098239 0.286091
vn 0.010208 -0.861539 0.507588
vn 0.010208 -0.861539 0.507588
vn 0.010208 -0.861539 0.507588
vn 0.610524 -0.662068 0.434657
vn 0.622006 -0.754387 0.209782
vn 0.622006 -0.754387 0.209782
vn 0.596651 -0.802029 -0.027518
vn 0.086184 -0.018369 0.996110
vn 0.086184 -0.018369 0.996110
vn 0.086184 -0.018369 0.996110
vn 0.331771 0.943359 -0.001276
vn 0.331624 0.943412 -0.000651
vn 0.331624 0.943412 -0.000651
vn 0.331476 0.943464 -0.000027
vn 0.000014 0.999922 0.012514
vn 0.000007 0.999980 0.006258
vn 0.000007 0.999980 0.006258
vn 0.000000 1.000000 0.000003
vn -0.001441 0.999453 -0.033044
vn -0.000536 0.999383 -0.035130
vn -0.000536 0.999383 -0.035130
vn 0.000369 0.999307 -0.037215
vn 0.000128 0.999953 -0.009705
vn 0.000639 0.999950 -0.009995
vn 0.000639 0.999950 -0.009995
vn 0.001150 0.999947 -0.010285
vn -0.999940 0.001548 -0.010843
vn -0.999942 0.003295 -0.010229
vn -0.999942 0.003295 -0.010229
vn -0.999941 0.005043 -0.009615
vn -0.999955 -0.008833 -0.003473
vn -0.999955 -0.008833 -0.003473
vn -0.999955 -0.008833 -0.003473
vn -0.968551 -0.007884 0.248690
vn -0.968551 -0.007884 0.248690
vn -0.968551 -0.007884 0.248690
vn -0.921939 -0.250986 0.295017
vn -0.944746 -0.266417 0.190989
vn -0.944746 -0.266417 0.190989
vn -0.956613 -0.278764 0.084749
vn -0.772332 -0.576403 0.266953
vn -0.797535 -0.506323 0.327988
vn -0.797535 -0.506323 0.327988
vn -0.815343 -0.431548 0.385982
vn -0.561587 -0.477872 0.675469
vn -0.567242 -0.537205 0.624218
vn -0.567242 -0.537205 0.624218
vn -0.569393 -0.593218 0.569109
vn 0.303165 -0.217589 0.927764
vn 0.303165 -0.217589 0.927764
vn 0.303165 -0.217589 0.927764
vn -0.701376 0.098244 0.705989
vn -0.396789 -0.258654 0.880714
vn -0.396789 -0.258654 0.880714
vn 0.007264 -0.550713 0.834663
vn -0.966845 -0.246231 0.067680
vn -0.966845 -0.246231 0.067680
vn -0.966845 -0.246231 0.067680
vn 0.007429 -0.224248 0.974504
vn 0.009480 -0.221274 0.975166
vn 0.009480 -0.221274 0.975166
vn 0.011532 -0.218297 0.975814
vn -0.992081 0.120763 0.034511
vn -0.992081 0.120763 0.034511
vn -0.992081 0.120763 0.034511
vn -0.984982 -0.171193 0.022428
vn -0.984982 -0.171193 0.022428
vn -0.984982 -0.171193 0.022428
vn -0.950747 -0.308522 -0.029918
vn -0.986114 -0.164167 0.025054
vn -0.986114 -0.164167 0.025054
vn -0.996720 -0.015690 0.079397
vn -0.985831 -0.166318 -0.021793
vn -0.996487 -0.083480 -0.006759
vn -0.996487 -0.083480 -0.006759
vn -0.999965 -0.000041 0.008323
vn -0.984658 0.053515 0.166088
vn -0.953501 -0.176442 0.244345
vn -0.953501 -0.176442 0.244345
vn -0.865157 -0.395817 0.307948
vn 0.000015 -0.000019 1.000000
vn 0.000013 -0.000020 1.000000
vn 0.000013 -0.000020 1.000000
vn 0.000011 -0.000021 1.000000
vn 0.006088 0.010127 0.999930
vn 0.004535 0.010106 0.999939
vn 0.004535 0.010106 0.999939
vn 0.002982 0.010085 0.999945
vn 0.000018 -0.000018 1.000000
vn 0.000011 -0.000017 1.000000
vn 0.000011 -0.000017 1.000000
vn 0.000005 -0.000017 1.000000
vn -0.000020 0.000016 1.000000
vn -0.000001 -0.000000 1.000000
vn -0.000001 -0.000000 1.000000
vn 0.000018 -0.000016 1.000000
vn -0.000010 0.000018 1.000000
vn -0.000013 0.000018 1.000000
vn -0.000013 0.000018 1.000000
vn -0.000016 0.000018 1.000000
vn 0.000000 0.000000 1.000000
vn -0.007968 0.006786 0.999945
vn -0.007968 0.006786 0.999945
vn -0.015936 0.013572 0.999781
vn -0.016034 -0.162768 0.986534
vn -0.042322 -0.035682 0.998467
vn -0.042322 -0.035682 0.998467
vn -0.067891 0.092011 0.993441
vn 0.000528 0.037148 0.999310
vn -0.015281 0.065636 0.997727
vn -0.015281 0.065636 0.997727
vn -0.031074 0.094055 0.995082
vn -0.012702 -0.902048 0.431450
vn -0.012702 -0.902048 0.431450
vn -0.012702 -0.902048 0.431450
vn -0.000467 0.999973 0.007394
vn -0.000571 0.999973 0.007285
vn -0.000571 0.999973 0.007285
vn -0.000674 0.999974 0.007176
vn 0.003767 0.999966 0.007393
vn 0.001891 0.999991 0.003767
vn 0.001891 0.999991 0.003767
vn 0.000016 1.000000 0.000142
vn -0.000143 0.999999 -0.001279
vn -0.000143 0.999999 -0.001279
vn -0.000143 0.999999 -0.001279
vn 0.999999 -0.000436 0.001128
vn 0.999999 -0.000622 0.000938
vn 0.999999 -0.000622 0.000938
vn 0.999999 -0.000808 0.000747
vn 0.000119 -0.000638 1.000000
vn 0.000119 -0.000640 1.000000
vn 0.000119 -0.000640 1.000000
vn 0.000119 -0.000642 1.000000
vn 0.000108 -0.000651 1.000000
vn 0.000107 -0.000644 1.000000
vn 0.000107 -0.000644 1.000000
vn 0.000106 -0.000637 1.000000
vn 0.000130 -0.000642 1.000000
vn 0.000131 -0.000643 1.000000
vn 0.000131 -0.000643 1.000000
vn 0.000132 -0.000644 1.000000
vn -0.002234 0.021155 0.999774
vn -0.001832 0.010266 0.999946
vn -0.001832 0.010266 0.999946
vn -0.001429 -0.000625 0.999999
vn -0.002526 0.020976 0.999777
vn -0.002526 0.020976 0.999777
vn -0.002526 0.020976 0.999777
vn 0.005429 0.999980 -0.003144
vn 0.003494 0.999987 -0.003757
vn 0.003494 0.999987 -0.003757
vn 0.001560 0.999989 -0.004370
vn 0.597453 -0.800629 0.045212
vn 0.597453 -0.800629 0.045212
vn 0.597453 -0.800629 0.045212
vn 0.001559 0.999418 0.034079
vn 0.001559 0.999418 0.034079
vn 0.001559 0.999418 0.034079
vn 0.000033 -0.000636 1.000000
vn 0.000050 -0.000670 1.000000
vn 0.000050 -0.000670 1.000000
vn 0.000067 -0.000703 1.000000
vn 0.000112 -0.000703 1.000000
vn 0.000108 -0.000677 1.000000
vn 0.000108 -0.000677 1.000000
vn 0.000104 -0.000651 1.000000
vn 0.003885 0.999987 -0.003332
vn -0.238417 0.971143 -0.006157
vn -0.238417 0.971143 -0.006157
vn -0.466522 0.884468 -0.008616
vn 0.861404 0.507915 -0.002235
vn 0.497722 0.867314 0.006301
vn 0.497722 0.867314 0.006301
vn 0.003884 0.999906 0.013190
vn 0.759167 -0.005281 0.650875
vn 0.834135 -0.041198 0.550020
vn 0.834135 -0.041198 0.550020
vn 0.894854 -0.076411 0.439770
vn -0.450481 -0.001291 0.892785
vn -0.563543 -0.064492 0.823565
vn -0.563543 -0.064492 0.823565
vn -0.664450 -0.126302 0.736582
vn 0.000006 -0.000665 1.000000
vn 0.000005 -0.000651 1.000000
vn 0.000005 -0.000651 1.000000
vn 0.000004 -0.000636 1.000000
vn -0.584104 0.811355 -0.022933
vn -0.584104 0.811355 -0.022933
vn -0.584104 0.811355 -0.022933
vn 0.001175 0.999088 -0.042676
vn 0.001046 0.999343 -0.036229
vn 0.001046 0.999343 -0.036229
vn 0.000918 0.999556 -0.029781
vn 0.004615 0.999313 -0.036783
vn 0.004877 0.999201 -0.039677
vn 0.004877 0.999201 -0.039677
vn 0.005139 0.999080 -0.042571
vn 0.005423 0.999320 -0.036470
vn 0.005523 0.999437 -0.033082
vn 0.005523 0.999437 -0.033082
vn 0.005622 0.999543 -0.029692
vn 0.004956 0.999984 0.002732
vn 0.005288 0.999896 -0.013415
vn 0.005288 0.999896 -0.013415
vn 0.005619 0.999547 -0.029560
vn 0.001504 0.999974 0.006983
vn 0.001882 0.999986 0.004927
vn 0.001882 0.999986 0.004927
vn 0.002260 0.999993 0.002870
vn -0.002269 0.999989 0.004165
vn -0.001367 0.999997 0.002119
vn -0.001367 0.999997 0.002119
vn -0.000464 1.000000 0.000074
vn 0.000047 1.000000 0.000078
vn 0.000024 1.000000 0.000038
vn 0.000024 1.000000 0.000038
vn 0.000000 1.000000 -0.000002
vn 0.385410 0.922745 -0.000085
vn 0.385600 0.922666 -0.000247
vn 0.385600 0.922666 -0.000247
vn 0.385790 0.922587 -0.000409
vn 0.227695 0.373253 -0.899354
vn 0.251594 0.326305 -0.911167
vn 0.251594 0.326305 -0.911167
vn 0.274760 0.278406 -0.920325
vn 0.381345 0.924432 -0.001024
vn 0.383378 0.923591 -0.000410
vn 0.383378 0.923591 -0.000410
vn 0.385409 0.922746 0.000203
vn 0.402784 0.446967 -0.798740
vn 0.402784 0.446967 -0.798740
vn 0.402784 0.446967 -0.798740
vn 0.429447 0.896298 0.110568
vn 0.262737 0.933088 0.245593
vn 0.262737 0.933088 0.245593
vn 0.083578 0.925671 0.368982
vn 0.275189 0.920494 -0.277418
vn 0.337047 0.745406 -0.575125
vn 0.337047 0.745406 -0.575125
vn 0.357409 0.478550 -0.802028
vn 0.307793 0.917052 -0.253532
vn 0.307793 0.917052 -0.253532
vn 0.307793 0.917052 -0.253532
vn -0.061123 0.946871 0.315754
vn -0.017844 0.979922 0.198579
vn -0.017844 0.979922 0.198579
vn 0.025733 0.996614 0.078089
vn 0.332552 0.943085 -0.000418
vn 0.332375 0.943147 -0.000209
vn 0.332375 0.943147 -0.000209
vn 0.332198 0.943210 0.000000
vn 0.335357 0.942091 -0.001042
vn 0.333992 0.942576 -0.000520
vn 0.333992 0.942576 -0.000520
vn 0.332626 0.943059 0.000003
vn -0.046324 0.998925 0.001444
vn -0.046324 0.998925 0.001444
vn -0.046324 0.998925 0.001444
vn 0.000000 1.000000 -0.000000
vn 0.000000 1.000000 -0.000000
vn 0.000000 1.000000 -0.000000
vn 0.000000 1.000000 0.000000
vn -0.046227 0.998931 0.000004
vn -0.046227 0.998931 0.000004
vn -0.046227 0.998931 0.000004
vn 0.000047 1.000000 -0.000002
vn 0.000066 1.000000 0.000113
vn 0.000066 1.000000 0.000113
vn 0.000085 1.000000 0.000229
vn 0.003289 0.967800 -0.251698
vn -0.026225 0.990913 -0.131921
vn -0.026225 0.990913 -0.131921
vn -0.055326 0.998418 -0.010066
vn -0.000040 1.000000 0.000010
vn -0.000045 1.000000 0.000004
vn -0.000045 1.000000 0.000004
vn -0.000051 1.000000 -0.000001
vn -0.028683 0.999558 0.007848
vn -0.020416 0.999772 -0.006217
vn -0.020416 0.999772 -0.006217
vn -0.012143 0.999721 -0.020280
vn -0.014973 -0.999888 -0.000588
vn -0.014973 -0.999888 -0.000588
vn -0.014973 -0.999888 -0.000588
vn -0.668613 0.740490 0.068052
vn -0.668613 0.740490 0.068052
vn -0.668613 0.740490 0.068052
vn -0.015297 -0.999883 0.000128
vn -0.015150 -0.999885 0.000044
vn -0.015222 -0.999884 0.000064
vn -0.015076 -0.999886 0.000002
vn -0.015005 -0.999887 0.000004
vn -0.002396 -0.999992 0.003350
vn -0.001198 -0.999990 0.004237
vn -0.001198 -0.999990 0.004237
vn -0.000000 -0.999987 0.005124
vn 0.000594 -0.999993 0.003634
vn 0.000335 -0.999991 0.004107
vn 0.000335 -0.999991 0.004107
vn 0.000075 -0.999990 0.004581
vn 0.000000 -1.000000 -0.000017
vn 0.000000 -1.000000 -0.000017
vn 0.000000 -1.000000 -0.000017
vn 0.000000 -1.000000 0.000000
vn 0.000000 -1.000000 0.000000
vn 0.000000 -1.000000 0.000000
vn 0.000000 -1.000000 0.000000
vn 0.000153 0.997619 -0.068965
vn -0.000101 0.997669 -0.068234
vn -0.000101 0.997669 -0.068234
vn -0.000355 0.997719 -0.067503
vn -0.000057 -0.000002 1.000000
vn -0.000058 -0.000001 1.000000
vn -0.000058 -0.000001 1.000000
vn -0.000059 -0.000000 1.000000
vn -0.028693 0.999420 0.018335
vn -0.014432 0.999593 -0.024602
vn -0.014432 0.999593 -0.024602
vn -0.000141 0.997720 -0.067489
vn -0.999999 0.001231 -0.000048
vn -0.999999 0.001231 -0.000048
vn -0.999999 0.001231 -0.000048
vn -0.999999 0.001231 -0.000048
vn -0.844498 0.371575 0.385688
vn -0.678681 0.452615 0.578387
vn -0.678681 0.452615 0.578387
vn -0.464545 0.501430 0.729908
vn -0.726578 -0.005319 0.687063
vn -0.656884 -0.000048 0.753991
vn -0.656884 -0.000048 0.753991
vn -0.581040 0.005223 0.813859
vn -0.007972 0.999780 0.019377
vn -0.003966 0.999944 0.009784
vn -0.003966 0.999944 0.009784
vn 0.000039 1.000000 0.000190
vn 0.033899 0.898935 0.436769
vn 0.017641 0.974355 0.224324
vn 0.017641 0.974355 0.224324
vn 0.000482 1.000000 0.000419
vn -0.000199 -0.999994 0.003450
vn -0.000036 -0.999991 0.004187
vn -0.000036 -0.999991 0.004187
vn 0.000128 -0.999988 0.004924
vn 0.000000 -1.000000 0.000003
vn 0.000000 -1.000000 -0.000008
vn 0.000000 -1.000000 -0.000008
vn 0.000000 -1.000000 -0.000020
vn 0.000000 -1.000000 0.000034
vn 0.000000 -1.000000 0.000034
vn 0.000000 -1.000000 0.000034
vn 0.000085 -0.000001 1.000000
vn 0.000064 0.000030 1.000000
vn 0.000064 0.000030 1.000000
vn 0.000043 0.000062 1.000000
vn 0.000013 0.000055 1.000000
vn 0.000019 0.000052 1.000000
vn 0.000019 0.000052 1.000000
vn 0.000024 0.000049 1.000000
vn -0.000509 -0.999997 0.002488
vn -0.000509 -0.999997 0.002488
vn -0.000509 -0.999997 0.002488
vn 0.000039 0.000063 1.000000
vn 0.000039 0.000063 1.000000
vn 0.000039 0.000063 1.000000
vn 0.000039 0.000063 1.000000
vn -0.464542 0.501428 0.729911
vn -0.164611 0.618744 0.768153
vn -0.164611 0.618744 0.768153
vn 0.152634 0.670978 0.725597
vn -0.743333 0.642005 0.187847
vn -0.743333 0.642005 0.187847
vn -0.743333 0.642005 0.187847
vn -0.429131 0.603114 0.672383
vn -0.382547 0.548133 0.743780
vn -0.382547 0.548133 0.743780
vn -0.332027 0.487510 0.807522
vn -0.116534 0.392348 0.912405
vn -0.147402 0.176486 0.973204
vn -0.147402 0.176486 0.973204
vn -0.170716 -0.048419 0.984130
vn 0.000039 0.000062 1.000000
vn 0.000039 0.000062 1.000000
vn 0.000039 0.000062 1.000000
vn 0.000128 0.000060 1.000000
vn 0.000128 0.000060 1.000000
vn 0.000128 0.000060 1.000000
vn 0.006246 -0.537193 0.843436
vn 0.006246 -0.537193 0.843436
vn 0.006246 -0.537193 0.843436
vn -0.805929 -0.588549 0.063937
vn -0.572236 -0.746013 0.340603
vn -0.572236 -0.746013 0.340603
vn -0.249302 -0.787135 0.564152
vn -0.546894 -0.796328 0.258396
vn -0.546894 -0.796328 0.258396
vn -0.546894 -0.796328 0.258396
vn -0.998744 -0.027483 -0.041891
vn -0.998744 -0.027483 -0.041891
vn -0.998744 -0.027483 -0.041891
vn -0.701425 0.061053 0.710124
vn -0.771332 0.060582 0.633544
vn -0.771332 0.060582 0.633544
vn -0.832945 0.059459 0.550151
vn -0.095421 0.119375 0.988253
vn -0.047847 0.059890 0.997058
vn -0.047847 0.059890 0.997058
vn 0.000008 0.000054 1.000000
vn 0.000037 0.000062 1.000000
vn 0.000037 0.000062 1.000000
vn 0.000037 0.000062 1.000000
vn 0.981601 -0.187728 0.034885
vn 0.957192 -0.258318 0.130598
vn 0.957192 -0.258318 0.130598
vn 0.918674 -0.325101 0.224385
vn 0.984659 -0.147863 0.092644
vn 0.984830 -0.146391 0.093169
vn 0.984830 -0.146391 0.093169
vn 0.984998 -0.144917 0.093694
vn 0.153297 0.229414 -0.961181
vn 0.105824 0.190241 -0.976017
vn 0.105824 0.190241 -0.976017
vn 0.057928 0.150305 -0.986941
vn 0.008953 0.997024 -0.076573
vn -0.009724 0.998120 -0.060512
vn -0.009724 0.998120 -0.060512
vn -0.028396 0.998610 -0.044415
vn -0.927412 0.239976 -0.286912
vn -0.927412 0.239976 -0.286912
vn -0.927412 0.239976 -0.286912
vn -0.454403 0.885002 -0.101438
vn -0.493658 0.868591 -0.043035
vn -0.493658 0.868591 -0.043035
vn -0.530335 0.847645 0.015593
vn 0.160590 0.972146 0.170714
vn 0.160590 0.972146 0.170714
vn 0.160590 0.972146 0.170714
vn -0.033559 0.994349 -0.100716
vn -0.033559 0.994349 -0.100716
vn -0.033559 0.994349 -0.100716
vn 0.992467 -0.122466 0.003406
vn 0.992467 -0.122466 0.003406
vn 0.992467 -0.122466 0.003406
vn 0.373252 0.793692 -0.480350
vn 0.373252 0.793692 -0.480350
vn 0.373252 0.793692 -0.480350
vn 0.998898 0.036048 0.030060
vn 0.999447 -0.016404 -0.028908
vn 0.999447 -0.016404 -0.028908
vn 0.993772 -0.068754 -0.087696
vn 0.497593 0.316288 -0.807690
vn 0.497593 0.316288 -0.807690
vn 0.497593 0.316288 -0.807690
vn -0.999706 0.016840 -0.017465
vn -0.962228 -0.214636 -0.167477
vn -0.962228 -0.214636 -0.167477
vn -0.850188 -0.429480 -0.304510
vn -0.801373 0.594262 -0.068217
vn -0.959908 0.238846 -0.146732
vn -0.959908 0.238846 -0.146732
vn -0.967143 -0.154217 -0.202120
vn 0.578391 0.346650 -0.738442
vn 0.420107 0.121367 -0.899322
vn 0.420107 0.121367 -0.899322
vn 0.219103 -0.116258 -0.968751
vn -0.944178 0.293921 0.148788
vn -0.971513 0.203325 0.121746
vn -0.971513 0.203325 0.121746
vn -0.989437 0.110760 0.093525
vn -0.478751 0.142820 -0.866256
vn -0.520151 0.085546 -0.849779
vn -0.520151 0.085546 -0.849779
vn -0.558812 0.027821 -0.828827
vn -0.596991 0.181059 -0.781550
vn -0.596991 0.181059 -0.781550
vn -0.596991 0.181059 -0.781550
vn -0.888819 -0.421964 -0.178735
vn -0.811730 0.042380 -0.582494
vn -0.811730 0.042380 -0.582494
vn -0.422465 0.490425 -0.762238
vn 0.302740 0.942423 -0.142080
vn 0.267907 0.937767 -0.220951
vn 0.349529 0.924746 -0.150581
vn 0.373065 0.914805 -0.154771
vn 0.499813 0.866119 -0.005043
vn -0.378923 0.772213 -0.510005
vn -0.378923 0.772213 -0.510005
vn -0.378923 0.772213 -0.510005
vn -0.364865 0.925242 -0.103925
vn -0.364865 0.925242 -0.103925
vn -0.364865 0.925242 -0.103925
vn -0.364020 0.925150 -0.107644
vn -0.364020 0.925150 -0.107644
vn -0.364020 0.925150 -0.107644
vn -0.612773 0.790028 -0.019124
vn -0.594622 0.803872 -0.014670
vn -0.594622 0.803872 -0.014670
vn -0.576149 0.817281 -0.010207
vn 0.000705 -0.000006 1.000000
vn 0.000705 -0.000006 1.000000
vn 0.000705 -0.000006 1.000000
vn -0.599813 0.800081 -0.009762
vn -0.564108 0.825678 -0.006114
vn -0.564108 0.825678 -0.006114
vn -0.527308 0.849671 -0.002454
vn -0.545800 0.837666 -0.020440
vn -0.554334 0.832139 -0.016079
vn -0.554334 0.832139 -0.016079
vn -0.562800 0.826510 -0.011715
vn -0.608640 0.793445 0.001370
vn -0.605807 0.795604 0.003477
vn -0.605807 0.795604 0.003477
vn -0.602963 0.797750 0.005583
vn 0.047506 -0.060795 0.997019
vn 0.047506 -0.060795 0.997019
vn 0.047506 -0.060795 0.997019
vn 0.000000 1.000000 0.000001
vn 0.000000 1.000000 0.000001
vn 0.000000 1.000000 0.000001
vn 0.000000 1.000000 0.000000
vn -0.613880 0.789380 0.005536
vn -0.616755 0.787147 0.003650
vn -0.616755 0.787147 0.003650
vn -0.619620 0.784900 0.001764
vn 0.997351 0.072551 -0.005166
vn 0.998467 0.055266 -0.003179
vn 0.998467 0.055266 -0.003179
vn 0.999278 0.037964 -0.001190
vn -0.672666 0.136181 0.727307
vn -0.672666 0.136181 0.727307
vn -0.672666 0.136181 0.727307
vn -0.544753 0.838514 -0.011789
vn -0.553974 0.832532 -0.001746
vn -0.553974 0.832532 -0.001746
vn -0.563073 0.826366 0.008297
vn 0.000001 0.000000 1.000000
vn 0.000000 0.000000 1.000000
vn 0.000000 0.000000 1.000000
vn 0.000000 0.000000 1.000000
vn -0.590229 0.807236 0.000387
vn -0.580840 0.814006 0.004350
vn -0.580840 0.814006 0.004350
vn -0.571363 0.820655 0.008313
vn -0.071713 0.002535 0.997422
vn -0.071713 0.002535 0.997422
vn -0.071713 0.002535 0.997422
vn -0.073442 0.099498 0.992324
vn -0.048578 0.187062 0.981146
vn -0.071969 0.106022 0.991756
vn -0.035894 0.230589 0.972389
vn -0.000740 0.345066 0.938578
vn -0.072704 -0.001212 0.997353
vn -0.038031 -0.097672 0.994492
vn -0.038031 -0.097672 0.994492
vn -0.002958 -0.193104 0.981174
vn -0.566332 0.823056 0.042987
vn -0.568986 0.822046 0.022275
vn -0.568986 0.822046 0.022275
vn -0.571392 0.820676 0.001554
vn -0.562573 0.825632 0.042928
vn -0.564969 0.825108 -0.002602
vn -0.564969 0.825108 -0.002602
vn -0.566190 0.822868 -0.048127
vn -0.562191 0.825604 -0.048164
vn -0.563411 0.823096 -0.071278
vn -0.563411 0.823096 -0.071278
vn -0.564326 0.820143 -0.094353
vn -0.573653 0.813747 -0.093476
vn -0.570230 0.818732 -0.067201
vn -0.570230 0.818732 -0.067201
vn -0.566393 0.823121 -0.040878
vn -0.526806 0.848869 -0.043561
vn -0.521987 0.852510 -0.027492
vn -0.521987 0.852510 -0.027492
vn -0.517014 0.855901 -0.011415
vn -0.602967 0.797755 0.004206
vn -0.602995 0.797736 0.003758
vn -0.602995 0.797736 0.003758
vn -0.603022 0.797717 0.003310
vn -0.619587 0.784839 -0.011864
vn -0.619917 0.784653 -0.004715
vn -0.619917 0.784653 -0.004715
vn -0.620215 0.784428 0.002434
vn -0.000000 1.000000 -0.000083
vn 0.000042 1.000000 0.000644
vn 0.000042 1.000000 0.000644
vn 0.000084 0.999999 0.001370
vn 0.996389 0.082941 0.018186
vn 0.996389 0.082941 0.018186
vn 0.996389 0.082941 0.018186
vn -0.000018 0.000017 1.000000
vn -0.000008 0.000047 1.000000
vn -0.000008 0.000047 1.000000
vn 0.000003 0.000077 1.000000
vn 0.004620 0.999976 -0.005073
vn 0.002309 0.999986 -0.004749
vn 0.002309 0.999986 -0.004749
vn -0.000002 0.999990 -0.004426
vn 0.007975 0.999963 -0.003219
vn 0.005538 0.999979 -0.003276
vn 0.005538 0.999979 -0.003276
vn 0.003102 0.999990 -0.003332
vn -0.527318 0.849668 0.000375
vn -0.517842 0.855476 -0.000330
vn -0.517842 0.855476 -0.000330
vn -0.508302 0.861178 -0.001035
vn 0.000021 0.999995 -0.003216
vn 0.001472 0.999996 -0.002208
vn 0.001472 0.999996 -0.002208
vn 0.002923 0.999995 -0.001201
vn 0.007977 0.999881 0.013192
vn -0.303083 0.952949 0.005317
vn -0.303083 0.952949 0.005317
vn -0.584130 0.811654 -0.003085
vn 0.002923 0.999988 -0.004008
vn 0.002050 0.999988 -0.004541
vn 0.002050 0.999988 -0.004541
vn 0.001178 0.999986 -0.005073
vn -0.506701 0.862121 0.001517
vn -0.506701 0.862121 0.001517
vn -0.506701 0.862121 0.001517
vn 0.000000 1.000000 -0.000004
vn 0.000000 1.000000 -0.000004
vn 0.000000 1.000000 -0.000004
vn -0.613853 0.789407 0.004665
vn -0.613389 0.789738 0.008224
vn -0.613389 0.789738 0.008224
vn -0.612918 0.790059 0.011783
vn -0.608953 0.793118 0.011849
vn -0.609227 0.792954 0.008127
vn -0.609227 0.792954 0.008127
vn -0.609492 0.792780 0.004405
vn -0.600181 0.799859 0.002982
vn -0.607525 0.794167 -0.014553
vn -0.607525 0.794167 -0.014553
vn -0.614630 0.788163 -0.032082
vn -0.612060 0.790153 -0.032272
vn -0.614207 0.787411 -0.052284
vn -0.614207 0.787411 -0.052284
vn -0.616101 0.784344 -0.072274
vn -0.545627 0.834434 -0.077536
vn -0.544311 0.836904 -0.057596
vn -0.544311 0.836904 -0.057596
vn -0.542775 0.839035 -0.037632
vn -0.543880 0.838912 0.020507
vn -0.542599 0.839948 -0.008571
vn -0.542599 0.839948 -0.008571
vn -0.540857 0.840272 -0.037643
vn -0.590458 0.806802 0.020726
vn -0.592193 0.805723 0.010872
vn -0.592193 0.805723 0.010872
vn -0.593868 0.804562 0.001017
vn -0.527427 0.849596 -0.002601
vn -0.529128 0.848541 -0.000808
vn -0.529128 0.848541 -0.000808
vn -0.530825 0.847481 0.000984
vn 0.000005 0.999995 -0.003056
vn 0.000005 0.999995 -0.003056
vn 0.000005 0.999995 -0.003056
vn -0.621086 0.783660 0.011334
vn -0.625685 0.780036 0.007855
vn -0.625685 0.780036 0.007855
vn -0.630256 0.776375 0.004376
vn -0.662799 0.748648 0.014936
vn -0.663979 0.747627 0.013584
vn -0.663979 0.747627 0.013584
vn -0.665157 0.746604 0.012232
vn 0.050491 0.860252 0.507362
vn 0.050491 0.860252 0.507362
vn 0.050491 0.860252 0.507362
vn 0.004220 0.848538 0.529117
vn 0.013123 0.876292 0.481602
vn 0.013123 0.876292 0.481602
vn 0.021985 0.901322 0.432591
vn -0.008860 0.999943 0.005931
vn -0.024316 0.999693 0.004806
vn -0.024316 0.999693 0.004806
vn -0.039766 0.999202 0.003681
vn -0.589376 0.807848 0.004145
vn -0.593406 0.804903 0.000371
vn -0.593406 0.804903 0.000371
vn -0.597412 0.801927 -0.003402
vn 0.027588 0.868026 0.495752
vn 0.010698 0.825248 0.564670
vn 0.010698 0.825248 0.564670
vn -0.006265 0.776804 0.629711
vn 0.001261 0.999990 -0.004287
vn 0.000406 0.999986 -0.005354
vn 0.000406 0.999986 -0.005354
vn -0.000449 0.999979 -0.006421
vn -0.000619 0.999979 -0.006382
vn -0.002854 0.999988 -0.003923
vn -0.002854 0.999988 -0.003923
vn -0.005089 0.999986 -0.001463
vn -0.000023 1.000000 0.000001
vn -0.000023 1.000000 0.000000
vn -0.000023 1.000000 0.000000
vn -0.000023 1.000000 0.000000
vn -0.000024 1.000000 0.000000
vn -0.000023 1.000000 -0.000000
vn -0.000023 1.000000 -0.000000
vn -0.000023 1.000000 -0.000000
vn -0.000001 1.000000 -0.000001
vn -0.000000 1.000000 -0.000000
vn -0.000000 1.000000 -0.000000
vn 0.000001 1.000000 0.000000
vn 0.000000 1.000000 0.000000
vn 0.000000 1.000000 0.000000
vn 0.000000 1.000000 0.000000
vn 0.000000 1.000000 0.000000
vn 0.000000 1.000000 -0.000001
vn 0.000000 1.000000 -0.000001
vn 0.000000 1.000000 -0.000001
vn 0.068999 0.926155 0.370778
vn 0.002985 0.870505 0.492150
vn 0.002985 0.870505 0.492150
vn -0.063094 0.795542 0.602604
vn 0.000056 1.000000 -0.000080
vn 0.000026 1.000000 -0.000058
vn 0.000026 1.000000 -0.000058
vn -0.000004 1.000000 -0.000035
vn -0.000359 0.999878 -0.015647
vn -0.000359 0.999878 -0.015647
vn -0.000359 0.999878 -0.015647
vn -0.589333 0.807793 -0.012522
vn -0.589129 0.807963 -0.011104
vn -0.589129 0.807963 -0.011104
vn -0.588923 0.808131 -0.009687
vn -0.621098 0.783680 -0.009085
vn -0.629292 0.774821 -0.060364
vn -0.629292 0.774821 -0.060364
vn -0.635741 0.763811 -0.111475
vn -0.658888 0.744180 -0.109831
vn -0.652819 0.756397 -0.041117
vn -0.652819 0.756397 -0.041117
vn -0.643547 0.764901 0.027800
vn -0.000023 1.000000 0.000006
vn -0.000014 1.000000 -0.000053
vn -0.000014 1.000000 -0.000053
vn -0.000006 1.000000 -0.000112
vn 0.405168 -0.914067 -0.017902
vn 0.405168 -0.914067 -0.017902
vn 0.405168 -0.914067 -0.017902
vn 0.024758 0.999610 0.012925
vn 0.025226 0.999630 0.010210
vn 0.025226 0.999630 0.010210
vn 0.025694 0.999642 0.007496
vn 0.995960 -0.089359 0.008853
vn 0.996594 -0.081011 0.015425
vn 0.996594 -0.081011 0.015425
vn 0.997115 -0.072653 0.021995
vn 0.990994 -0.131996 0.022537
vn 0.990994 -0.131996 0.022537
vn 0.990994 -0.131996 0.022537
vn 0.996283 -0.083378 -0.021630
vn 0.996283 -0.083378 -0.021630
vn 0.996283 -0.083378 -0.021630
vn -0.445076 -0.789185 0.423194
vn -0.445076 -0.789185 0.423194
vn -0.445076 -0.789185 0.423194
vn -0.233962 -0.710775 0.663371
vn -0.414491 -0.667798 0.618258
vn -0.414491 -0.667798 0.618258
vn -0.579903 -0.600464 0.550596
vn 0.931617 -0.362448 0.026859
vn 0.992362 0.122700 -0.012742
vn 0.992362 0.122700 -0.012742
vn 0.814318 0.578323 -0.049277
vn 0.871621 0.486404 -0.060734
vn 0.871621 0.486404 -0.060734
vn 0.871621 0.486404 -0.060734
vn 0.924809 -0.379964 0.018872
vn 0.924809 -0.379964 0.018872
vn 0.924809 -0.379964 0.018872
vn -0.391800 0.349051 0.851268
vn -0.313401 0.276852 0.908368
vn -0.313401 0.276852 0.908368
vn -0.230421 0.200606 0.952189
vn 0.994862 0.093217 -0.039494
vn 0.994862 0.093217 -0.039494
vn 0.994862 0.093217 -0.039494
vn -0.643991 0.519258 0.561825
vn -0.734397 0.442987 0.514222
vn -0.734397 0.442987 0.514222
vn -0.812864 0.359514 0.458260
vn -0.445882 0.279571 0.850312
vn -0.445882 0.279571 0.850312
vn -0.445882 0.279571 0.850312
vn 0.995287 0.091494 -0.032150
vn 0.457352 0.887276 -0.059759
vn 0.457352 0.887276 -0.059759
vn -0.502903 0.863743 -0.032187
vn 0.981750 0.190175 0.001040
vn 0.981750 0.190175 0.001040
vn 0.981750 0.190175 0.001040
vn 0.994508 0.008119 -0.104345
vn 0.994508 0.008119 -0.104345
vn 0.994508 0.008119 -0.104345
vn 0.995938 0.010504 -0.089429
vn 0.995310 0.009141 -0.096301
vn 0.995310 0.009141 -0.096301
vn 0.994634 0.007778 -0.103168
vn 0.988522 -0.023100 -0.149303
vn 0.988522 -0.023100 -0.149303
vn 0.988522 -0.023100 -0.149303
vn 0.983817 0.016922 -0.178375
vn 0.988010 0.010431 -0.154038
vn 0.988010 0.010431 -0.154038
vn 0.991559 0.003934 -0.129600
vn 0.145155 -0.122946 0.981740
vn 0.145155 -0.122946 0.981740
vn 0.145155 -0.122946 0.981740
vn 0.627669 -0.703807 0.332699
vn 0.632622 -0.759118 0.153396
vn 0.632622 -0.759118 0.153396
vn 0.615285 -0.787683 -0.031312
vn 0.001642 0.999985 -0.005214
vn 0.003708 0.999940 0.010322
vn 0.003708 0.999940 0.010322
vn 0.005774 0.999649 0.025855
vn 0.005563 0.999984 0.000426
vn 0.005563 0.999984 0.000426
vn 0.005563 0.999984 0.000426
vn 0.004956 0.999983 -0.003096
vn 0.003299 0.999993 -0.001885
vn 0.003299 0.999993 -0.001885
vn 0.001642 0.999999 -0.000673
vn -0.997051 0.023591 0.073025
vn -0.992258 0.008330 0.123913
vn -0.992258 0.008330 0.123913
vn -0.984642 -0.006955 0.174449
vn 0.005564 0.999974 0.004567
vn 0.005566 0.999974 0.004522
vn 0.005566 0.999974 0.004522
vn 0.005569 0.999974 0.004477
vn 0.796310 -0.222024 0.562668
vn 0.796310 -0.222024 0.562668
vn 0.796310 -0.222024 0.562668
vn 0.763737 0.469638 0.442885
vn 0.763737 0.469638 0.442885
vn 0.763737 0.469638 0.442885
vn 0.024691 -0.065775 0.997529
vn 0.024691 -0.065775 0.997529
vn 0.024691 -0.065775 0.997529
vn 0.000081 0.999996 -0.002842
vn -0.000192 1.000000 -0.000620
vn -0.000192 1.000000 -0.000620
vn -0.000466 0.999999 0.001602
vn 0.011879 0.999910 0.006323
vn 0.011897 0.999918 0.004688
vn 0.011897 0.999918 0.004688
vn 0.011915 0.999924 0.003053
vn 0.989902 -0.001664 -0.141743
vn 0.990986 -0.014427 -0.133184
vn 0.990986 -0.014427 -0.133184
vn 0.991835 -0.027187 -0.124594
vn 0.000081 1.000000 0.000181
vn 0.002135 0.999998 0.000053
vn 0.002135 0.999998 0.000053
vn 0.004188 0.999991 -0.000075
vn 0.006218 0.122266 0.992478
vn 0.000314 0.137821 0.990457
vn 0.000314 0.137821 0.990457
vn -0.005590 0.153337 0.988158
vn 0.713841 0.383569 0.585923
vn 0.814116 0.176901 0.553101
vn 0.814116 0.176901 0.553101
vn 0.870556 -0.039293 0.490498
vn 0.028202 -0.427423 0.903612
vn 0.028202 -0.427423 0.903612
vn 0.028202 -0.427423 0.903612
vn 0.302765 -0.280766 0.910771
vn 0.191908 -0.207191 0.959293
vn 0.191908 -0.207191 0.959293
vn 0.077202 -0.129460 0.988575
vn 0.041175 -0.059131 0.997401
vn 0.041175 -0.059133 0.997401
vn 0.041175 -0.059133 0.997401
vn 0.041174 -0.059134 0.997401
vn 0.349418 0.910069 0.222895
vn 0.349418 0.910069 0.222895
vn 0.349418 0.910069 0.222895
vn -0.006051 0.179217 0.983791
vn -0.006051 0.179217 0.983791
vn -0.006051 0.179217 0.983791
vn 0.615001 0.297902 0.730088
vn 0.710565 0.084409 0.698550
vn 0.710565 0.084409 0.698550
vn 0.766546 -0.133786 0.628099
vn 0.617494 0.371260 0.693446
vn 0.617494 0.371260 0.693446
vn 0.617494 0.371260 0.693446
vn 0.043709 0.163864 0.985514
vn 0.043709 0.163864 0.985514
vn 0.043709 0.163864 0.985514
vn 0.291277 0.150516 0.944724
vn 0.291277 0.150516 0.944724
vn 0.291277 0.150516 0.944724
vn 0.041127 -0.072866 0.996493
vn 0.034585 -0.057599 0.997741
vn 0.034585 -0.057599 0.997741
vn 0.028032 -0.042316 0.998711
vn 0.779890 -0.161300 0.604776
vn 0.716065 -0.270168 0.643630
vn 0.716065 -0.270168 0.643630
vn 0.639754 -0.374326 0.671263
vn 0.754606 -0.370464 0.541597
vn 0.754606 -0.370464 0.541597
vn 0.754606 -0.370464 0.541597
vn 0.834441 -0.184216 0.519396
vn 0.895940 -0.271518 0.351523
vn 0.895940 -0.271518 0.351523
vn 0.921973 -0.348073 0.169736
vn 0.801381 0.331865 0.497649
vn 0.777663 0.265004 0.570099
vn 0.777663 0.265004 0.570099
vn 0.745949 0.195419 0.636688
vn 0.744998 -0.069309 0.663456
vn 0.744998 -0.069309 0.663456
vn 0.744998 -0.069309 0.663456
vn 0.916269 0.161191 0.366700
vn 0.757567 0.521174 0.393027
vn 0.757567 0.521174 0.393027
vn 0.481088 0.800131 0.358252
vn 0.000488 -0.036270 0.999342
vn 0.011662 -0.065194 0.997805
vn 0.011662 -0.065194 0.997805
vn 0.022826 -0.094056 0.995305
vn 0.693196 -0.387568 0.607677
vn 0.693196 -0.387568 0.607677
vn 0.693196 -0.387568 0.607677
vn 0.522719 0.417024 0.743543
vn 0.522719 0.417024 0.743543
vn 0.522719 0.417024 0.743543
vn 0.765766 0.185295 0.615847
vn 0.765766 0.185295 0.615847
vn 0.765766 0.185295 0.615847
vn 0.693112 0.088341 0.715396
vn 0.693112 0.088341 0.715396
vn 0.693112 0.088341 0.715396
vn -0.002118 0.999997 0.000712
vn 0.011321 0.999935 0.001514
vn 0.011321 0.999935 0.001514
vn 0.024758 0.999691 0.002316
vn 0.296691 0.954958 0.005497
vn 0.148998 0.988833 0.002897
vn 0.148998 0.988833 0.002897
vn -0.002118 0.999998 0.000229
vn 0.013054 0.999915 0.000321
vn 0.013054 0.999915 0.000321
vn 0.013054 0.999915 0.000321
vn -0.000865 0.998387 0.056762
vn -0.000865 0.998387 0.056762
vn -0.000865 0.998387 0.056762
vn 0.013011 0.997004 0.076246
vn 0.007074 0.998857 0.047280
vn 0.007074 0.998857 0.047280
vn 0.001130 0.999833 0.018272
vn -0.000376 -0.315633 0.948881
vn -0.000376 -0.315633 0.948881
vn -0.000376 -0.315633 0.948881
vn 0.827945 -0.506630 0.240484
vn 0.850463 -0.273903 0.449098
vn 0.850463 -0.273903 0.449098
vn 0.789476 -0.014281 0.613616
vn 0.909959 0.082128 0.406484
vn 0.909959 0.082128 0.406484
vn 0.909959 0.082128 0.406484
vn 0.058506 -0.069962 0.995833
vn 0.047221 -0.028898 0.998466
vn 0.047221 -0.028898 0.998466
vn 0.035849 0.012219 0.999283
vn 0.723350 -0.508699 0.466895
vn 0.596280 -0.747054 0.293871
vn 0.596280 -0.747054 0.293871
vn 0.407854 -0.908540 0.090608
vn 0.215544 0.976478 0.005626
vn 0.362202 0.931988 0.014416
vn 0.362202 0.931988 0.014416
vn 0.500324 0.865536 0.022867
vn 0.893417 0.210535 0.396838
vn 0.893417 0.210535 0.396838
vn 0.893417 0.210535 0.396838
vn 0.498905 -0.638472 0.586044
vn 0.498905 -0.638472 0.586044
vn 0.498905 -0.638472 0.586044
vn 0.013215 0.998631 0.050607
vn 0.013215 0.998631 0.050607
vn 0.013215 0.998631 0.050607
vn 0.105581 0.001773 0.994409
vn 0.063813 0.070998 0.995433
vn 0.094782 0.004415 0.995488
vn 0.000845 0.203003 0.979178
vn 0.042651 0.105633 0.993490
vn 0.011879 0.999929 -0.000367
vn 0.012467 0.999922 -0.000799
vn 0.012467 0.999922 -0.000799
vn 0.013055 0.999914 -0.001232
vn 0.027345 0.997059 0.071587
vn 0.020191 0.997922 0.061182
vn 0.020191 0.997922 0.061182
vn 0.013035 0.998626 0.050767
vn 0.356047 -0.027642 0.934059
vn 0.291187 -0.225839 0.929627
vn 0.291187 -0.225839 0.929627
vn 0.213657 -0.414210 0.884749
vn 0.247868 -0.295410 0.922656
vn 0.247301 -0.273734 0.929469
vn 0.247301 -0.273734 0.929469
vn 0.246606 -0.251918 0.935801
vn 0.289665 0.005476 0.957112
vn 0.274833 0.053950 0.959977
vn 0.274833 0.053950 0.959977
vn 0.259292 0.102284 0.960368
vn 0.293443 -0.028270 0.955558
vn 0.291122 -0.018616 0.956505
vn 0.291122 -0.018616 0.956505
vn 0.288771 -0.008961 0.957356
vn 0.273577 0.167174 0.947211
vn 0.271179 0.174513 0.946577
vn 0.271179 0.174513 0.946577
vn 0.268764 0.181841 0.945886
vn 0.274212 0.228374 0.934159
vn 0.271011 0.235531 0.933316
vn 0.271011 0.235531 0.933316
vn 0.267792 0.242674 0.932414
vn 0.329172 -0.018190 0.944095
vn 0.329172 -0.018190 0.944095
vn 0.329172 -0.018190 0.944095
vn 0.297663 -0.037233 0.953945
vn 0.312007 -0.096200 0.945197
vn 0.312007 -0.096200 0.945197
vn 0.325178 -0.154806 0.932896
vn 0.309668 0.207897 0.927839
vn 0.309668 0.207897 0.927839
vn 0.309668 0.207897 0.927839
vn 0.184480 0.592511 0.784154
vn 0.184480 0.592511 0.784154
vn 0.184480 0.592511 0.784154
vn 0.573967 0.547324 0.609096
vn 0.483650 0.536701 0.691400
vn 0.483650 0.536701 0.691400
vn 0.386058 0.518004 0.763303
vn 0.990769 0.134076 0.020017
vn 0.996287 0.085035 0.013462
vn 0.996287 0.085035 0.013462
vn 0.999336 0.035783 0.006874
vn 0.417366 0.242003 0.875922
vn 0.528952 0.126798 0.839126
vn 0.528952 0.126798 0.839126
vn 0.626215 0.008160 0.779607
vn 0.988939 0.138258 -0.053716
vn 0.970853 0.237756 -0.030287
vn 0.970853 0.237756 -0.030287
vn 0.942305 0.334692 -0.006531
vn -0.656880 0.509519 0.555787
vn -0.588901 0.638605 0.495357
vn -0.588901 0.638605 0.495357
vn -0.506238 0.751768 0.422574
vn 0.000000 1.000000 0.000000
vn 0.000000 1.000000 0.000000
vn 0.000000 1.000000 0.000000
vn 0.000000 1.000000 0.000001
vn 0.000000 1.000000 0.000002
vn 0.000000 1.000000 0.000001
vn 0.000000 1.000000 0.000001
vn 0.000000 1.000000 -0.000000
vn 0.000905 0.241143 0.970489
vn 0.000905 0.241143 0.970489
vn 0.000905 0.241143 0.970489
vn 0.454465 0.704533 0.545063
vn 0.739430 0.573225 0.353067
vn 0.739430 0.573225 0.353067
vn 0.924343 0.364354 0.113298
vn 0.000942 0.241225 0.970469
vn 0.000942 0.241225 0.970469
vn 0.000942 0.241225 0.970469
vn -0.464669 0.721677 0.513094
vn -0.464669 0.721677 0.513094
vn -0.464669 0.721677 0.513094
vn -0.694843 -0.411624 0.589710
vn -0.694843 -0.411624 0.589710
vn -0.694843 -0.411624 0.589710
vn 0.377274 0.119106 0.918411
vn 0.377274 0.119106 0.918411
vn 0.377274 0.119106 0.918411
vn 0.030016 0.327378 0.944417
vn 0.030016 0.327378 0.944417
vn 0.030016 0.327378 0.944417
vn -0.721763 -0.174531 0.669774
vn -0.721763 -0.174531 0.669774
vn -0.721763 -0.174531 0.669774
vn 0.699897 0.171208 0.693421
vn 0.703102 0.172955 0.689735
vn 0.703102 0.172955 0.689735
vn 0.706288 0.174697 0.686031
vn -0.171279 0.301477 -0.937963
vn -0.087262 0.468232 -0.879286
vn -0.087262 0.468232 -0.879286
vn 0.000098 0.617050 -0.786924
vn 0.000000 1.000000 0.000001
vn 0.000000 1.000000 0.000000
vn 0.000000 1.000000 0.000000
vn 0.000000 1.000000 0.000000
vn 0.189475 0.521991 -0.831639
vn 0.184188 0.517636 -0.835540
vn 0.184188 0.517636 -0.835540
vn 0.178889 0.513248 -0.839390
vn 0.000000 1.000000 0.000000
vn 0.000000 1.000000 0.000001
vn 0.000000 1.000000 0.000001
vn 0.000000 1.000000 0.000001
vn 0.000000 1.000000 0.000000
vn 0.000000 1.000000 0.000000
vn 0.000000 1.000000 0.000000
vn 0.000000 1.000000 0.000000
vn -0.141507 0.229391 -0.962993
vn 0.080875 0.337932 -0.937689
vn 0.080875 0.337932 -0.937689
vn 0.298253 0.425563 -0.854366
vn 0.082071 0.571504 -0.816485
vn 0.101789 0.611803 -0.784434
vn 0.101789 0.611803 -0.784434
vn 0.121198 0.650242 -0.749998
vn 0.168347 0.407747 -0.897442
vn 0.122801 0.445494 -0.886823
vn 0.122801 0.445494 -0.886823
vn 0.076811 0.481632 -0.873001
vn 0.059585 0.997668 0.033300
vn 0.059585 0.997668 0.033300
vn 0.059585 0.997668 0.033300
vn -0.820462 0.406972 0.401518
vn -0.820462 0.406972 0.401518
vn -0.820462 0.406972 0.401518
vn -0.157957 0.969423 0.187801
vn -0.230884 0.937113 0.261746
vn -0.230884 0.937113 0.261746
vn -0.301080 0.893718 0.332594
vn -0.382736 0.870992 -0.308035
vn -0.327248 0.925758 -0.189424
vn -0.327248 0.925758 -0.189424
vn -0.265167 0.961872 -0.066997
vn 0.026321 0.574524 -0.818064
vn -0.085111 0.334163 -0.938665
vn -0.085111 0.334163 -0.938665
vn -0.189331 0.065486 -0.979727
vn -0.034811 0.030598 -0.998925
vn -0.060345 0.061911 -0.996256
vn -0.060345 0.061911 -0.996256
vn -0.085781 0.093123 -0.991952
vn 0.364172 -0.367705 0.855670
vn 0.186559 0.008267 0.982409
vn 0.186559 0.008267 0.982409
vn -0.026307 0.382678 0.923507
vn 0.000000 1.000000 0.000000
vn 0.000000 1.000000 0.000000
vn 0.000000 1.000000 0.000000
vn 0.000000 1.000000 -0.000000
vn 0.000000 1.000000 -0.000000
vn 0.000000 1.000000 -0.000000
vn 0.000000 1.000000 0.000000
vn 0.002482 -0.342333 0.939575
vn 0.026627 -0.320889 0.946742
vn 0.026627 -0.320889 0.946742
vn 0.050743 -0.299094 0.952874
vn 0.000000 1.000000 0.000000
vn 0.000000 1.000000 0.000000
vn 0.000000 1.000000 0.000000
vn 0.000000 1.000000 0.000000
vn 0.000000 1.000000 -0.000000
vn 0.000000 1.000000 -0.000000
vn 0.000000 1.000000 -0.000000
vn 0.000000 1.000000 0.000000
vn 0.000000 1.000000 -0.000001
vn 0.000000 1.000000 -0.000000
vn 0.000000 1.000000 -0.000000
vn 0.000000 1.000000 0.000000
vn 0.003361 0.562729 0.826635
vn 0.003361 0.562729 0.826635
vn 0.003361 0.562729 0.826635
vn 0.000000 1.000000 0.000001
vn 0.000000 1.000000 0.000001
vn 0.000000 1.000000 0.000001
vn 0.000000 1.000000 0.000000
vn -0.096469 0.577700 0.810529
vn -0.096469 0.577700 0.810529
vn -0.096469 0.577700 0.810529
vn -0.123026 0.511566 0.850391
vn -0.123026 0.511566 0.850391
vn -0.123026 0.511566 0.850391
vn -0.011622 0.570235 0.821399
vn -0.011622 0.570235 0.821399
vn -0.011622 0.570235 0.821399
vn -0.019988 0.568117 0.822705
vn -0.019988 0.568117 0.822705
vn -0.019988 0.568117 0.822705
vn 0.037422 0.512574 0.857827
vn 0.171997 0.442983 0.879877
vn 0.171997 0.442983 0.879877
vn 0.302542 0.363009 0.881302
vn 0.425982 -0.358855 0.830519
vn 0.272804 -0.250605 0.928857
vn 0.272804 -0.250605 0.928857
vn 0.107390 -0.131114 0.985534
vn 0.077384 0.607317 0.790682
vn 0.077384 0.607317 0.790682
vn 0.077384 0.607317 0.790682
vn 0.059624 0.421679 0.904783
vn 0.059624 0.421679 0.904783
vn 0.059624 0.421679 0.904783
vn 0.083414 0.389398 0.917285
vn -0.102845 0.105336 0.989104
vn -0.102845 0.105336 0.989104
vn -0.276707 -0.191424 0.941695
vn 0.042039 0.535886 0.843243
vn 0.115800 0.565959 0.816260
vn 0.115800 0.565959 0.816260
vn 0.188742 0.592030 0.783503
vn -0.312066 -0.166921 0.935282
vn -0.218603 -0.259529 0.940669
vn -0.218603 -0.259529 0.940669
vn -0.121350 -0.347636 0.929744
vn -0.007083 -0.252876 0.967473
vn -0.007083 -0.252876 0.967473
vn -0.007083 -0.252876 0.967473
vn 0.001566 -0.256982 0.966415
vn 0.001566 -0.256982 0.966415
vn 0.001566 -0.256982 0.966415
vn 0.000000 1.000000 -0.000001
vn 0.000000 1.000000 -0.000000
vn 0.000000 1.000000 -0.000000
vn 0.000000 1.000000 0.000000
vn 0.000000 1.000000 0.000000
vn 0.000000 1.000000 0.000000
vn 0.000000 1.000000 0.000000
vn 0.000000 1.000000 0.000000
vn 0.001537 -0.256916 0.966432
vn 0.001537 -0.256916 0.966432
vn 0.001537 -0.256916 0.966432
vn 0.094725 -0.485102 0.869312
vn -0.088898 -0.360590 0.928478
vn -0.088898 -0.360590 0.928478
vn -0.267834 -0.217067 0.938694
vn 0.061749 0.082649 -0.994664
vn -0.350714 0.639526 -0.684110
vn -0.350714 0.639526 -0.684110
vn -0.560927 0.827600 0.020957
vn 0.338661 0.940824 -0.012617
vn 0.338661 0.940824 -0.012617
vn 0.338661 0.940824 -0.012617
vn 0.000000 1.000000 0.000000
vn 0.000000 1.000000 -0.000000
vn 0.000000 1.000000 -0.000000
vn 0.000000 1.000000 -0.000001
vn 0.000000 1.000000 0.000000
vn 0.000000 1.000000 -0.000000
vn 0.000000 1.000000 -0.000000
vn 0.000000 1.000000 -0.000000
vn 0.000000 1.000000 0.000000
vn 0.000000 1.000000 0.000000
vn 0.000000 1.000000 0.000000
vn 0.000000 1.000000 -0.000003
vn 0.000000 1.000000 -0.000002
vn 0.000000 1.000000 -0.000002
vn 0.000000 1.000000 0.000000
vn 0.236373 0.097298 -0.966779
vn 0.236373 0.097298 -0.966779
vn 0.236373 0.097298 -0.966779
vn 0.000000 1.000000 -0.000000
vn 0.000000 1.000000 0.000001
vn 0.000000 1.000000 0.000001
vn 0.000000 1.000000 0.000003
vn -0.005010 0.799857 0.600170
vn -0.072402 0.918221 -0.389395
vn -0.072402 0.918221 -0.389395
vn -0.067552 0.120392 -0.990426
vn -0.078329 0.106019 -0.991274
vn -0.078329 0.106019 -0.991274
vn -0.078329 0.106019 -0.991274
vn 0.000000 1.000000 -0.000001
vn 0.000000 1.000000 -0.000001
vn 0.000000 1.000000 -0.000001
vn 0.000000 1.000000 0.000000
vn 0.000000 1.000000 0.000000
vn 0.000000 1.000000 0.000000
vn 0.000000 1.000000 0.000000
vn 0.000000 1.000000 0.000001
vn -0.013890 0.606387 0.795049
vn 0.006319 0.577317 0.816496
vn 0.006319 0.577317 0.816496
vn 0.026516 0.547258 0.836544
vn 0.040664 0.639776 0.767485
vn 0.040664 0.639776 0.767485
vn 0.040664 0.639776 0.767485
vn 0.071933 0.760373 0.645491
vn 0.014089 0.717373 0.696547
vn 0.014089 0.717373 0.696547
vn -0.043864 0.668776 0.742168
vn 0.070410 0.198138 0.977642
vn 0.011997 0.077229 0.996941
vn 0.011997 0.077229 0.996941
vn -0.046637 -0.045102 0.997893
vn -0.065965 0.581948 0.810547
vn -0.018520 0.681194 0.731869
vn -0.018520 0.681194 0.731869
vn 0.029265 0.767980 0.639805
vn -0.151166 -0.386742 0.909714
vn -0.151166 -0.386742 0.909714
vn -0.151166 -0.386742 0.909714
vn 0.080388 0.109134 0.990771
vn 0.080388 0.109134 0.990771
vn 0.080388 0.109134 0.990771
vn -0.001593 -0.208278 0.978068
vn -0.001593 -0.208278 0.978068
vn -0.001593 -0.208278 0.978068
vn 0.100524 -0.436706 0.893970
vn 0.052613 -0.174237 0.983297
vn 0.052613 -0.174237 0.983297
vn 0.000537 0.102025 0.994782
vn 0.000004 0.999995 0.003035
vn 0.000026 0.999995 0.003043
vn 0.000026 0.999995 0.003043
vn 0.000047 0.999995 0.003051
vn -0.000464 0.999995 0.003035
vn -0.000224 0.999995 0.003170
vn -0.000224 0.999995 0.003170
vn 0.000017 0.999995 0.003305
vn 0.001504 0.999993 0.003296
vn 0.000728 0.999995 0.003193
vn 0.000728 0.999995 0.003193
vn -0.000048 0.999995 0.003090
vn -0.000048 1.000000 -0.000003
vn 0.000383 1.000000 0.000014
vn 0.000383 1.000000 0.000014
vn 0.000815 1.000000 0.000032
vn -0.000000 1.000000 -0.000069
vn 0.000002 1.000000 -0.000069
vn 0.000002 1.000000 -0.000069
vn 0.000003 1.000000 -0.000069
vn 0.000016 1.000000 -0.000069
vn 0.000121 1.000000 -0.000041
vn 0.000121 1.000000 -0.000041
vn 0.000227 1.000000 -0.000013
vn -0.092192 -0.058086 0.994046
vn -0.092192 -0.058086 0.994046
vn -0.092192 -0.058086 0.994046
vn 0.999638 0.026420 0.005154
vn 0.999640 0.026343 0.005107
vn 0.999640 0.026343 0.005107
vn 0.999642 0.026266 0.005059
vn -0.115736 0.085161 0.989623
vn -0.056072 0.024704 0.998121
vn -0.056072 0.024704 0.998121
vn 0.004001 -0.035932 0.999346
vn -0.040322 0.078826 0.996073
vn -0.040322 0.078826 0.996073
vn -0.040322 0.078826 0.996073
vn -0.138335 -0.063106 0.988373
vn -0.160281 -0.054396 0.985571
vn -0.160281 -0.054396 0.985571
vn -0.182137 -0.045656 0.982213
vn -0.202199 -0.202180 0.958248
vn -0.202199 -0.202180 0.958248
vn -0.202199 -0.202180 0.958248
vn -0.000001 1.000000 0.000001
vn -0.000000 1.000000 0.000000
vn -0.000000 1.000000 0.000000
vn -0.000000 1.000000 0.000000
vn 0.000000 1.000000 -0.000018
vn 0.000000 1.000000 -0.000018
vn 0.000000 1.000000 -0.000018
vn 0.000000 1.000000 0.000000
vn 0.000000 1.000000 0.000000
vn 0.000000 1.000000 0.000000
vn -0.827877 0.242736 -0.505667
vn -0.827877 0.242736 -0.505667
vn -0.827877 0.242736 -0.505667
vn -0.635620 0.771864 0.014593
vn -0.641758 0.766714 0.017227
vn -0.641758 0.766714 0.017227
vn -0.647850 0.761509 0.019860
vn -0.665088 0.746758 0.003210
vn -0.645802 0.763419 0.011426
vn -0.645802 0.763419 0.011426
vn -0.626053 0.779533 0.019634
vn -0.552909 0.535291 -0.638557
vn -0.552909 0.535291 -0.638557
vn -0.552909 0.535291 -0.638557
vn -0.612622 0.788313 -0.057072
vn -0.612622 0.788313 -0.057072
vn -0.612622 0.788313 -0.057072
vn -0.635127 0.771235 -0.042550
vn -0.648522 0.761164 -0.007042
vn -0.648522 0.761164 -0.007042
vn -0.660917 0.749919 0.028478
vn -0.665058 0.746718 0.010491
vn -0.654929 0.755511 -0.016450
vn -0.654929 0.755511 -0.016450
vn -0.644206 0.763621 -0.043375
vn -0.000001 1.000000 -0.000098
vn -0.000011 1.000000 -0.000027
vn -0.000011 1.000000 -0.000027
vn -0.000022 1.000000 0.000044
vn -0.613016 0.788065 -0.056262
vn -0.613016 0.788065 -0.056262
vn -0.613016 0.788065 -0.056262
vn 0.411839 0.901861 0.130520
vn 0.360064 0.927607 0.099499
vn 0.360064 0.927607 0.099499
vn 0.306738 0.949358 0.068050
vn 0.744400 0.649471 0.155103
vn 0.742722 0.651631 0.154080
vn 0.742722 0.651631 0.154080
vn 0.741038 0.653786 0.153056
vn -0.599172 0.524209 0.605143
vn -0.599172 0.524209 0.605143
vn -0.599172 0.524209 0.605143
vn 0.062113 0.353140 0.933506
vn 0.039208 0.342398 0.938737
vn 0.039208 0.342398 0.938737
vn 0.016277 0.331427 0.943340
vn 0.378282 0.575402 0.725131
vn 0.378282 0.575402 0.725131
vn 0.378282 0.575402 0.725131
vn 0.070515 0.414723 0.907211
vn 0.070515 0.414723 0.907211
vn 0.070515 0.414723 0.907211
vn -0.102626 0.158478 0.982015
vn 0.032925 -0.093825 0.995044
vn 0.032925 -0.093825 0.995044
vn 0.165770 -0.338416 0.926280
vn 0.502727 0.426410 0.751957
vn 0.502727 0.426410 0.751957
vn 0.502727 0.426410 0.751957
vn -0.808000 0.160855 0.566799
vn -0.808000 0.160855 0.566799
vn -0.808000 0.160855 0.566799
vn 0.135764 -0.001300 0.990740
vn 0.135764 -0.001300 0.990740
vn 0.135764 -0.001300 0.990740
vn 0.004451 -0.332106 0.943232
vn 0.004451 -0.332106 0.943232
vn 0.004451 -0.332106 0.943232
vn 0.116236 -0.151192 0.981647
vn 0.091511 -0.162431 0.982467
vn 0.124881 -0.136324 0.982762
vn 0.119460 -0.139587 0.982978
vn 0.057927 -0.188284 0.980405
vn 0.010302 -0.218284 0.975831
vn -0.108902 0.849047 0.516972
vn -0.095799 0.858342 0.504055
vn -0.095799 0.858342 0.504055
vn -0.082656 0.867272 0.490924
vn 0.994952 0.087193 -0.049677
vn 0.994952 0.087193 -0.049677
vn 0.994952 0.087193 -0.049677
vn 0.966478 -0.256714 0.004297
vn 0.966478 -0.256714 0.004297
vn 0.966478 -0.256714 0.004297
vn 0.995195 -0.096223 -0.018109
vn 0.999920 0.001573 -0.012589
vn 0.999920 0.001573 -0.012589
vn 0.995028 0.099353 -0.006947
vn 0.999521 0.029882 -0.008066
vn 0.999521 0.029882 -0.008066
vn 0.999521 0.029882 -0.008066
vn 0.665877 -0.745977 -0.011253
vn 0.665877 -0.745977 -0.011253
vn 0.665877 -0.745977 -0.011253
vn 0.977950 -0.208790 -0.004475
vn 0.977950 -0.208790 -0.004475
vn 0.977950 -0.208790 -0.004475
vn 0.929353 0.368747 -0.018159
vn 0.911984 0.409966 -0.014601
vn 0.911984 0.409966 -0.014601
vn 0.892780 0.450359 -0.011013
vn 0.991634 -0.128745 0.009270
vn 0.999427 0.027846 -0.019265
vn 0.999427 0.027846 -0.019265
vn 0.981838 0.183730 -0.047310
vn 0.382257 0.923609 0.028743
vn 0.382257 0.923609 0.028743
vn 0.382257 0.923609 0.028743
vn 0.925058 -0.378989 -0.025202
vn 0.925058 -0.378989 -0.025202
vn 0.925058 -0.378989 -0.025202
vn -0.885493 -0.089770 0.455899
vn -0.480751 -0.516649 0.708486
vn -0.480751 -0.516649 0.708486
vn 0.121023 -0.731784 0.670705
vn 0.496566 0.863323 -0.089974
vn 0.635205 0.767244 -0.088606
vn 0.635205 0.767244 -0.088606
vn 0.755771 0.649333 -0.084718
vn -0.002015 0.889167 -0.457578
vn 0.044612 0.868973 -0.492844
vn 0.044612 0.868973 -0.492844
vn 0.091068 0.845455 -0.526224
vn 0.057066 0.771059 -0.634202
vn 0.104938 0.800349 -0.590280
vn 0.104938 0.800349 -0.590280
vn 0.152278 0.825574 -0.543360
vn 0.206404 0.831428 -0.515874
vn 0.180726 0.851945 -0.491455
vn 0.180726 0.851945 -0.491455
vn 0.154745 0.871034 -0.466212
vn 0.172070 0.962922 0.207784
vn 0.183539 0.612702 0.768707
vn 0.183539 0.612702 0.768707
vn 0.114724 -0.005525 0.993382
vn 0.002984 0.027709 0.999612
vn 0.002984 0.027704 0.999612
vn 0.002984 0.027704 0.999612
vn 0.002984 0.027699 0.999612
vn -0.023444 0.022449 0.999473
vn -0.022861 0.061266 0.997860
vn -0.022861 0.061266 0.997860
vn -0.022245 0.099991 0.994740
vn 0.386490 0.702714 -0.597342
vn 0.308056 0.722861 -0.618526
vn 0.308056 0.722861 -0.618526
vn 0.227463 0.737942 -0.635376
vn 0.413753 0.720726 -0.556203
vn 0.381869 0.724941 -0.573269
vn 0.381869 0.724941 -0.573269
vn 0.349477 0.728195 -0.589575
vn 0.563478 0.775314 0.285272
vn 0.495311 0.749400 0.439393
vn 0.495311 0.749400 0.439393
vn 0.412745 0.701700 0.580739
vn 0.592253 0.805600 0.015677
vn 0.592253 0.805600 0.015677
vn 0.592253 0.805600 0.015677
vn 0.426463 0.904251 0.021455
vn 0.384067 0.895253 0.225862
vn 0.384067 0.895253 0.225862
vn 0.324903 0.847169 0.420408
vn -1.000000 -0.000000 0.000000
vn -1.000000 -0.000000 0.000000
vn -1.000000 -0.000000 0.000000
vn -1.000000 0.000000 0.000000
vn -1.000000 0.000000 0.000000
vn -1.000000 0.000000 0.000000
vn -1.000000 -0.000000 0.000000
vn -1.000000 0.000000 0.000000
vn -1.000000 0.000000 0.000000
vn -1.000000 0.000000 0.000000
vn -1.000000 0.000633 -0.000214
vn -1.000000 0.000633 -0.000214
vn -1.000000 0.000633 -0.000214
vn 0.026180 -0.127850 -0.991448
vn 0.055126 -0.031665 -0.997977
vn 0.055126 -0.031665 -0.997977
vn 0.083514 0.064840 -0.994395
vn -0.010679 -0.097711 -0.995158
vn -0.004810 -0.097200 -0.995253
vn -0.004810 -0.097200 -0.995253
vn 0.001059 -0.096686 -0.995314
vn 0.009171 -0.103398 -0.994598
vn 0.001506 -0.105512 -0.994417
vn 0.001506 -0.105512 -0.994417
vn -0.006158 -0.107619 -0.994173
vn -0.231791 0.079993 -0.969471
vn -0.242424 0.079334 -0.966921
vn -0.242424 0.079334 -0.966921
vn -0.253028 0.078666 -0.964255
vn -0.337543 0.147039 -0.929755
vn -0.346395 0.145142 -0.926793
vn -0.346395 0.145142 -0.926793
vn -0.355215 0.143231 -0.923746
vn -0.119474 -0.024629 -0.992532
vn -0.216275 -0.074608 -0.973478
vn -0.216275 -0.074608 -0.973478
vn -0.310431 -0.123675 -0.942516
vn -0.968980 -0.110312 0.221152
vn -0.968980 -0.110312 0.221152
vn -0.968980 -0.110312 0.221152
vn 0.894013 0.409862 0.180982
vn 0.958465 0.245805 0.144657
vn 0.958465 0.245805 0.144657
vn 0.991874 0.073786 0.103646
vn 0.994472 -0.039264 0.097381
vn 0.993709 -0.045868 0.102174
vn 0.993709 -0.045868 0.102174
vn 0.992878 -0.052468 0.106960
vn -0.882338 -0.468828 0.040982
vn -0.906710 -0.404278 0.120155
vn -0.906710 -0.404278 0.120155
vn -0.921080 -0.335269 0.198004
vn -0.902907 -0.380726 0.199514
vn -0.892318 -0.418159 0.170038
vn -0.892318 -0.418159 0.170038
vn -0.879602 -0.454595 0.140157
vn -0.007755 0.423748 0.905747
vn -0.007755 0.423748 0.905747
vn -0.007755 0.423748 0.905747
vn 0.984500 -0.029599 0.172869
vn 0.984500 -0.029599 0.172869
vn 0.984500 -0.029599 0.172869
vn -0.100449 0.228470 0.968355
vn -0.081653 0.313503 0.946070
vn -0.081653 0.313503 0.946070
vn -0.062197 0.396002 0.916141
vn 0.551629 0.345755 0.759051
vn 0.630856 0.194999 0.750997
vn 0.630856 0.194999 0.750997
vn 0.691744 0.038574 0.721112
vn -0.739792 0.443463 0.506012
vn -0.739792 0.443463 0.506012
vn -0.739792 0.443463 0.506012
vn -0.465334 -0.722622 0.511158
vn -0.465334 -0.722622 0.511158
vn -0.465334 -0.722622 0.511158
vn -0.447033 -0.764434 0.464545
vn -0.627194 -0.600250 0.496314
vn -0.627194 -0.600250 0.496314
vn -0.769457 -0.399797 0.498094
vn -0.776654 -0.581369 0.242526
vn -0.762762 -0.606216 0.225159
vn -0.762762 -0.606216 0.225159
vn -0.748021 -0.630390 0.207541
vn -0.870359 -0.445295 0.210209
vn -0.870359 -0.445295 0.210209
vn -0.870359 -0.445295 0.210209
vn -0.776703 0.505219 0.376145
vn -0.776703 0.505219 0.376145
vn -0.776703 0.505219 0.376145
vn -0.370666 0.606200 0.703653
vn -0.370666 0.606200 0.703653
vn -0.370666 0.606200 0.703653
vn -0.508655 0.839333 0.191808
vn -0.508655 0.839333 0.191808
vn -0.508655 0.839333 0.191808
vn -0.760587 0.331319 0.558332
vn -0.760587 0.331319 0.558332
vn -0.760587 0.331319 0.558332
vn -0.959148 0.135774 0.248194
vn -0.947244 -0.069794 0.312822
vn -0.947244 -0.069794 0.312822
vn -0.891221 -0.272111 0.362879
vn -0.537959 0.574074 0.617283
vn -0.067660 0.836368 0.543977
vn -0.368512 0.723520 0.583710
vn 0.194491 0.877261 0.438846
vn 0.539953 0.789098 0.292874
vn -0.868363 -0.351165 0.350185
vn -0.868363 -0.351165 0.350185
vn -0.868363 -0.351165 0.350185
vn -0.186352 0.982464 0.006077
vn -0.186352 0.982464 0.006077
vn -0.186352 0.982464 0.006077
vn -0.185837 0.982578 0.002220
vn -0.185837 0.982578 0.002221
vn -0.185837 0.982578 0.002221
vn -0.185838 0.982578 0.002222
vn -0.027617 0.538398 0.842238
vn -0.022275 0.524750 0.850965
vn -0.022275 0.524750 0.850965
vn -0.016926 0.510948 0.859445
vn 0.051570 0.207650 0.976843
vn 0.051570 0.207650 0.976843
vn 0.051570 0.207650 0.976843
vn 0.256170 0.863852 0.433747
vn 0.173010 0.868317 0.464858
vn 0.173010 0.868317 0.464858
vn 0.088483 0.865919 0.492296
vn 0.043881 0.572825 0.818503
vn -0.074186 0.711675 0.698581
vn -0.044398 0.791529 0.609516
vn -0.087264 0.872212 0.481281
vn 0.015720 0.912517 0.408736
vn -0.260892 0.931435 0.253703
vn -0.253193 0.934635 0.249702
vn -0.253193 0.934635 0.249702
vn -0.245473 0.937755 0.245678
vn -0.119450 0.560858 0.819249
vn 0.143154 0.716320 0.682930
vn 0.143154 0.716320 0.682930
vn 0.389767 0.791759 0.470318
vn -0.034392 0.989555 -0.139994
vn -0.128123 0.927728 0.350578
vn -0.128123 0.927728 0.350578
vn -0.189405 0.630937 0.752359
vn -0.002769 0.531707 0.846924
vn -0.106932 0.234006 0.966337
vn -0.139704 0.235213 0.961851
vn -0.155368 0.072141 0.985219
vn -0.044998 0.231043 0.971902
vn -0.074596 0.271038 0.959674
vn -0.089373 0.250612 0.963954
vn -0.089373 0.250612 0.963954
vn -0.104090 0.230021 0.967603
vn -0.098167 0.864538 0.492887
vn -0.089374 0.859132 0.503890
vn -0.089374 0.859132 0.503890
vn -0.080560 0.853531 0.514777
vn 0.034340 0.608833 0.792555
vn 0.020456 0.710043 0.703861
vn 0.020456 0.710043 0.703861
vn 0.006197 0.798258 0.602284
vn 0.060027 0.512916 0.856337
vn 0.047813 0.562070 0.825707
vn 0.047813 0.562070 0.825707
vn 0.035430 0.609254 0.792183
vn 0.033654 0.601410 0.798232
vn 0.033654 0.601410 0.798232
vn 0.033654 0.601410 0.798232
vn 0.314489 0.182436 0.931565
vn 0.252014 0.161403 0.954169
vn 0.252014 0.161403 0.954169
vn 0.188315 0.139586 0.972139
vn -0.997534 0.070028 -0.004685
vn -0.997533 0.069992 -0.005435
vn -0.997533 0.069992 -0.005435
vn -0.997531 0.069955 -0.006185
vn -0.002333 0.999864 0.016304
vn -0.002333 0.999864 0.016304
vn -0.002333 0.999864 0.016304
vn -0.996268 0.036391 0.078266
vn -0.999100 0.018516 0.038151
vn -0.999100 0.018516 0.038151
vn -0.999998 0.000604 -0.002039
vn -0.999994 0.000926 -0.003279
vn -0.999995 0.001002 -0.003150
vn -0.999995 0.001002 -0.003150
vn -0.999995 0.001078 -0.003021
vn 0.315378 0.335037 0.887855
vn 0.112410 0.278605 0.953804
vn 0.112410 0.278605 0.953804
vn -0.096035 0.208597 0.973275
vn 0.059636 0.491637 0.868756
vn 0.059636 0.491637 0.868756
vn 0.059636 0.491637 0.868756
vn -0.000307 0.016212 -0.999869
vn -0.001000 0.017717 -0.999843
vn -0.001000 0.017717 -0.999843
vn -0.001694 0.019222 -0.999814
vn 0.388685 0.493324 0.778174
vn 0.271270 0.214755 0.938239
vn 0.271270 0.214755 0.938239
vn 0.122114 -0.088942 0.988523
vn 0.000002 1.000000 0.000000
vn 0.000006 1.000000 0.000004
vn 0.000006 1.000000 0.000004
vn 0.000010 1.000000 0.000007
vn -0.101445 0.258828 0.960582
vn -0.101445 0.258828 0.960582
vn -0.101445 0.258828 0.960582
vn -0.000533 0.180446 0.983585
vn 0.015661 0.219878 0.975402
vn 0.015661 0.219878 0.975402
vn 0.031826 0.258895 0.965381
vn 0.879407 -0.343581 0.329539
vn 0.978605 -0.133637 0.156439
vn 0.978605 -0.133637 0.156439
vn 0.995718 0.087516 -0.029784
vn -0.259275 0.940704 0.218752
vn -0.259275 0.940704 0.218752
vn -0.259275 0.940704 0.218752
vn -0.221192 0.101826 -0.969900
vn -0.161552 0.191002 -0.968204
vn -0.161552 0.191002 -0.968204
vn -0.100053 0.277980 -0.955362
vn -0.260765 0.941520 0.213406
vn -0.260765 0.941520 0.213406
vn -0.260765 0.941520 0.213406
vn -0.337252 0.691604 0.638706
vn -0.287896 0.643318 0.709406
vn -0.287896 0.643318 0.709406
vn -0.235729 0.588750 0.773179
vn -0.297336 -0.372957 0.878917
vn -0.297336 -0.372957 0.878917
vn -0.297336 -0.372957 0.878917
vn -0.422593 0.295740 0.856710
vn -0.391393 0.354733 0.849103
vn -0.391393 0.354733 0.849103
vn -0.358426 0.412124 0.837666
vn -0.313020 0.658197 0.684686
vn -0.407750 0.508821 0.758183
vn -0.407750 0.508821 0.758183
vn -0.487519 0.340778 0.803863
vn -0.602141 0.750082 0.273502
vn -0.604522 0.738672 0.298190
vn -0.604522 0.738672 0.298190
vn -0.606452 0.726712 0.322656
vn 0.054772 0.624312 0.779253
vn 0.019758 0.672736 0.739619
vn 0.019758 0.672736 0.739619
vn -0.015357 0.717701 0.696182
vn -0.112199 0.975438 0.189558
vn -0.097485 0.974509 0.202061
vn -0.097485 0.974509 0.202061
vn -0.082736 0.973216 0.214488
vn 0.140392 0.193688 0.970966
vn 0.140392 0.193688 0.970966
vn 0.140392 0.193688 0.970966
vn -0.991717 -0.071725 0.106551
vn -0.997267 -0.037967 0.063373
vn -0.997267 -0.037967 0.063373
vn -0.999792 -0.004095 0.020003
vn -0.843987 0.535040 0.037663
vn -0.884285 0.463734 0.054696
vn -0.884285 0.463734 0.054696
vn -0.918394 0.389182 0.071346
vn -0.297597 0.885302 0.357317
vn -0.305671 0.892227 0.332409
vn -0.302587 0.891120 0.338150
vn -0.309624 0.895444 0.319864
vn -0.311798 0.894323 0.320887
vn -0.995952 -0.068738 0.057927
vn -0.994335 -0.085842 0.062686
vn -0.994335 -0.085842 0.062686
vn -0.992402 -0.102919 0.067424
vn -0.842142 0.534304 0.072904
vn -0.842142 0.534304 0.072904
vn -0.842142 0.534304 0.072904
vn -0.395464 0.911967 -0.109200
vn -0.863364 0.504561 -0.004608
vn -0.863364 0.504561 -0.004608
vn -0.989502 -0.102575 0.101808
vn -0.516584 0.854629 0.052446
vn -0.507776 0.860048 0.049807
vn -0.507776 0.860048 0.049807
vn -0.498910 0.865370 0.047161
vn -0.790793 0.608838 0.062948
vn -0.781181 0.621368 0.060477
vn -0.781181 0.621368 0.060477
vn -0.771370 0.633739 0.057991
vn 0.271772 0.938665 0.212245
vn 0.271772 0.938665 0.212245
vn 0.271772 0.938665 0.212245
vn -0.716090 0.647823 0.259885
vn -0.292015 0.926458 0.237491
vn -0.292015 0.926458 0.237491
vn 0.207394 0.966087 0.153830
vn 0.946914 0.158111 -0.279919
vn 0.994662 -0.102497 -0.011892
vn 0.994662 -0.102497 -0.011892
vn 0.901134 -0.348548 0.257823
vn -0.124795 0.992182 -0.000639
vn -0.138761 0.990313 0.005145
vn -0.138761 0.990313 0.005145
vn -0.152694 0.988213 0.010927
vn -0.152942 0.988234 0.001352
vn -0.138323 0.990199 -0.019311
vn -0.138323 0.990199 -0.019311
vn -0.123614 0.991525 -0.039962
vn 0.973043 0.214062 0.085819
vn 0.968846 0.239093 -0.064583
vn 0.968846 0.239093 -0.064583
vn 0.942110 0.258562 -0.213484
vn -0.350187 0.903723 -0.246282
vn -0.768651 0.638214 0.043108
vn -0.768651 0.638214 0.043108
vn -0.933957 0.162508 0.318301
vn 0.121178 0.963176 -0.240017
vn 0.085843 0.964733 -0.248839
vn 0.085843 0.964733 -0.248839
vn 0.050394 0.965009 -0.257330
vn 0.956902 0.088927 -0.276462
vn 0.825773 0.412267 -0.384882
vn 0.825773 0.412267 -0.384882
vn 0.584406 0.680570 -0.441922
vn -0.971039 -0.238796 -0.007768
vn -0.879283 -0.474854 0.037068
vn -0.879283 -0.474854 0.037068
vn -0.729361 -0.679500 0.079452
vn -0.000010 1.000000 0.000003
vn -0.000010 1.000000 0.000007
vn -0.000010 1.000000 0.000007
vn -0.000010 1.000000 0.000011
vn 0.000023 1.000000 -0.000008
vn 0.000017 1.000000 0.000000
vn 0.000017 1.000000 0.000000
vn 0.000012 1.000000 0.000008
vn -0.003120 0.033511 0.999433
vn 0.007949 0.066793 0.997735
vn 0.007949 0.066793 0.997735
vn 0.019008 0.099992 0.994807
vn -0.004060 0.033736 0.999422
vn -0.004060 0.033736 0.999422
vn -0.004060 0.033736 0.999422
vn -0.100411 0.994377 -0.033644
vn -0.110110 0.993786 -0.016262
vn -0.110110 0.993786 -0.016262
vn -0.119765 0.992802 0.001126
vn -0.050295 0.257190 0.965051
vn -0.050295 0.257190 0.965051
vn -0.050295 0.257190 0.965051
vn -0.106080 0.094600 0.989847
vn -0.047899 0.147006 0.987975
vn -0.047899 0.147006 0.987975
vn 0.010576 0.198510 0.980042
vn -0.403547 0.359672 0.841300
vn -0.403547 0.359672 0.841300
vn -0.403547 0.359672 0.841300
vn 0.550011 0.455440 0.700045
vn 0.550011 0.455440 0.700045
vn 0.550011 0.455440 0.700045
vn 0.492351 0.823484 0.281895
vn 0.691599 0.536758 0.483303
vn 0.691599 0.536758 0.483303
vn 0.778479 0.162823 0.606185
vn -0.369450 0.929251 0.000372
vn -0.369757 0.929128 0.000823
vn -0.369757 0.929128 0.000823
vn -0.370063 0.929006 0.001273
vn 0.025199 0.047638 0.998547
vn 0.025199 0.047638 0.998547
vn 0.025199 0.047638 0.998547
vn 0.008384 0.052334 0.998595
vn 0.006069 0.044427 0.998994
vn 0.006069 0.044427 0.998994
vn 0.003754 0.036517 0.999326
vn -0.370720 0.928745 -0.000174
vn -0.370388 0.928877 0.000445
vn -0.370388 0.928877 0.000445
vn -0.370057 0.929009 0.001063
vn -0.389555 0.921003 -0.000362
vn -0.389628 0.920972 -0.000266
vn -0.389628 0.920972 -0.000266
vn -0.389701 0.920942 -0.000171
vn 0.067047 0.082972 0.994294
vn 0.068293 0.082431 0.994254
vn 0.068293 0.082431 0.994254
vn 0.069538 0.081889 0.994213
vn 0.000563 0.999992 -0.003965
vn 0.000563 0.999992 -0.003965
vn 0.000563 0.999992 -0.003965
vn 0.032508 0.999228 -0.022060
vn 0.032508 0.999228 -0.022060
vn 0.032508 0.999228 -0.022060
vn -0.279043 0.810589 0.514860
vn -0.276663 0.813764 0.511122
vn -0.276663 0.813764 0.511122
vn -0.274274 0.816915 0.507369
vn -0.110034 -0.014298 -0.993825
vn -0.104299 0.114918 -0.987885
vn -0.104299 0.114918 -0.987885
vn -0.096815 0.242208 -0.965382
vn -0.369499 0.929231 -0.000598
vn -0.370347 0.928894 -0.000193
vn -0.370347 0.928894 -0.000193
vn -0.371194 0.928555 0.000213
vn -0.374896 0.778956 0.502673
vn -0.364076 0.792403 0.489434
vn -0.364076 0.792403 0.489434
vn -0.353084 0.805475 0.475964
vn -0.419954 0.708334 0.567363
vn -0.517284 0.721694 0.459972
vn -0.517284 0.721694 0.459972
vn -0.603655 0.719766 0.342837
vn -0.291054 0.826435 0.481968
vn -0.291054 0.826435 0.481968
vn -0.291054 0.826435 0.481968
vn 0.000114 0.997701 -0.067777
vn 0.000489 0.997661 -0.068351
vn 0.000489 0.997661 -0.068351
vn 0.000864 0.997621 -0.068926
vn -0.001160 0.999999 0.000033
vn -0.001160 0.999999 0.000033
vn -0.001160 0.999999 0.000033
vn 0.000000 1.000000 -0.000000
vn -0.000001 1.000000 -0.000000
vn -0.000001 1.000000 -0.000000
vn -0.000001 1.000000 0.000000
vn 0.996937 0.036133 0.069365
vn 0.982931 0.141394 0.117708
vn 0.982931 0.141394 0.117708
vn 0.955543 0.244731 0.164450
vn 0.000000 1.000000 -0.000003
vn 0.000000 1.000000 -0.000002
vn 0.000000 1.000000 -0.000002
vn 0.000000 1.000000 -0.000001
vn -0.000001 1.000000 0.000003
vn -0.000001 1.000000 0.000001
vn -0.000001 1.000000 0.000001
vn -0.000002 1.000000 -0.000001
vn -0.079275 0.996147 0.037500
vn -0.056196 0.998324 0.013846
vn -0.056196 0.998324 0.013846
vn -0.033055 0.999405 -0.009823
vn 0.961928 -0.102939 0.253177
vn 0.961928 -0.102939 0.253177
vn 0.961928 -0.102939 0.253177
vn 0.999994 0.000852 -0.003498
vn 0.999994 0.000852 -0.003498
vn 0.999994 0.000852 -0.003498
vn 0.986329 -0.050458 -0.156874
vn 0.986329 -0.050458 -0.156874
vn 0.986329 -0.050458 -0.156874
vn 0.009725 -0.002797 0.999949
vn 0.006866 -0.000892 0.999976
vn 0.006866 -0.000892 0.999976
vn 0.004008 0.001013 0.999991
vn -0.005382 0.000004 0.999986
vn -0.008969 -0.001340 0.999959
vn -0.008969 -0.001340 0.999959
vn -0.012557 -0.002684 0.999918
vn 0.974482 0.221349 -0.037288
vn 0.974482 0.221349 -0.037288
vn 0.974482 0.221349 -0.037288
vn -0.028834 0.999566 -0.005984
vn -0.031901 0.999488 -0.002323
vn -0.031901 0.999488 -0.002323
vn -0.034967 0.999388 0.001339
vn 0.979097 -0.191646 -0.068116
vn 0.979097 -0.191646 -0.068116
vn 0.979097 -0.191646 -0.068116
vn 0.980303 0.036800 -0.194042
vn 0.980431 0.036766 -0.193397
vn 0.980431 0.036766 -0.193397
vn 0.980560 0.036731 -0.192752
vn 0.000002 1.000000 -0.000418
vn -0.012725 0.999316 -0.034717
vn -0.012725 0.999316 -0.034717
vn -0.025434 0.997295 -0.068970
vn 0.000027 -1.000000 -0.000017
vn 0.000027 -1.000000 -0.000017
vn 0.000027 -1.000000 -0.000017
vn -0.026780 0.999640 0.001524
vn -0.027719 0.999616 0.000384
vn -0.027719 0.999616 0.000384
vn -0.028658 0.999589 -0.000756
vn 0.995917 0.043354 -0.079181
vn 0.996960 0.038028 -0.068000
vn 0.996960 0.038028 -0.068000
vn 0.997850 0.032697 -0.056808
vn 0.956800 -0.017926 -0.290193
vn 0.956800 -0.017926 -0.290193
vn 0.956800 -0.017926 -0.290193
vn 0.976779 0.213821 -0.013568
vn 0.976779 0.213821 -0.013568
vn 0.976779 0.213821 -0.013568
vn 0.000296 -1.000000 0.000207
vn 0.000033 -0.999999 0.001632
vn -0.000294 -1.000000 -0.000541
vn -0.000589 -0.999999 -0.000915
vn -0.000948 -0.999988 -0.004888
vn 0.989397 0.046689 -0.137524
vn 0.989397 0.046689 -0.137524
vn 0.989397 0.046689 -0.137524
vn 0.568761 0.810743 -0.138589
vn 0.865635 0.447021 0.225498
vn 0.865635 0.447021 0.225498
vn 0.856950 -0.074495 0.509987
vn 0.515804 -0.507707 0.690058
vn 0.862625 -0.148362 0.483599
vn 0.862625 -0.148362 0.483599
vn 0.957525 0.254311 0.135910
vn 0.997061 0.003458 -0.076530
vn 0.998283 -0.041720 -0.041113
vn 0.998283 -0.041720 -0.041113
vn 0.996214 -0.086760 -0.005560
vn 0.995140 -0.087523 -0.045121
vn 0.994936 -0.086428 -0.051314
vn 0.994936 -0.086428 -0.051314
vn 0.994692 -0.085330 -0.057505
vn 0.965172 -0.088287 -0.246267
vn 0.972336 -0.185811 -0.141556
vn 0.972336 -0.185811 -0.141556
vn 0.959540 -0.279521 -0.033939
vn 0.959581 -0.279468 -0.033192
vn 0.959581 -0.279468 -0.033192
vn 0.959581 -0.279468 -0.033192
vn 0.999961 -0.000012 0.008809
vn 0.999962 0.000049 0.008770
vn 0.999962 0.000049 0.008770
vn 0.999962 0.000110 0.008731
vn 0.999179 -0.001086 -0.040491
vn 0.999071 -0.000637 -0.043091
vn 0.999071 -0.000637 -0.043091
vn 0.998956 -0.000187 -0.045690
vn 0.999958 -0.002007 0.008979
vn 0.999942 -0.000835 0.010767
vn 0.999942 -0.000835 0.010767
vn 0.999921 0.000337 0.012555
vn 1.000000 -0.000033 -0.000029
vn 1.000000 -0.000034 -0.000026
vn 1.000000 -0.000034 -0.000026
vn 1.000000 -0.000035 -0.000023
vn 0.999962 0.000068 0.008722
vn 0.999963 0.000453 0.008643
vn 0.999963 0.000453 0.008643
vn 0.999963 0.000838 0.008565
vn 0.998956 -0.000067 -0.045675
vn 0.998984 -0.000359 -0.045072
vn 0.998984 -0.000359 -0.045072
vn 0.999011 -0.000651 -0.044470
vn 0.999958 -0.000923 0.009105
vn 0.999960 -0.000455 0.008977
vn 0.999960 -0.000455 0.008977
vn 0.999961 0.000013 0.008849
vn 1.000000 -0.000062 0.000140
vn 1.000000 -0.000059 0.000053
vn 1.000000 -0.000059 0.000053
vn 1.000000 -0.000057 -0.000035
vn 0.997934 0.052980 0.036343
vn 0.999396 0.026612 0.022351
vn 0.999396 0.026612 0.022351
vn 0.999965 0.000219 0.008340
vn 0.000019 -0.000700 1.000000
vn 0.000014 -0.000656 1.000000
vn 0.000014 -0.000656 1.000000
vn 0.000008 -0.000612 1.000000
vn 1.000000 -0.000006 0.000378
vn 1.000000 0.000012 0.000377
vn 1.000000 0.000012 0.000377
vn 1.000000 0.000029 0.000376
vn 0.999242 -0.000000 -0.038930
vn 0.998810 -0.042887 -0.023200
vn 0.998810 -0.042887 -0.023200
vn 0.996295 -0.085685 -0.007423
vn -0.040268 -0.334962 0.941371
vn -0.040268 -0.334962 0.941371
vn -0.040268 -0.334962 0.941371
vn -0.006668 0.562826 0.826549
vn -0.023681 0.576398 0.816826
vn -0.043310 0.566877 0.822663
vn -0.061619 0.568611 0.820296
vn -0.082492 0.546973 0.833076
vn -0.019754 0.546514 0.837217
vn -0.006869 0.535001 0.844824
vn -0.006869 0.535001 0.844824
vn 0.006019 0.523297 0.852129
vn 0.064808 0.573172 0.816868
vn 0.064808 0.573172 0.816868
vn 0.064808 0.573172 0.816868
vn -0.054201 0.194778 0.979349
vn -0.124586 0.334751 0.934034
vn -0.124586 0.334751 0.934034
vn -0.191658 0.465819 0.863875
vn -0.015495 0.579998 0.814470
vn -0.028111 0.610053 0.791862
vn -0.028111 0.610053 0.791862
vn -0.040683 0.639148 0.768007
vn -0.179911 -0.075360 0.980792
vn -0.179911 -0.075360 0.980792
vn -0.179911 -0.075360 0.980792
vn -0.909984 0.230821 0.344459
vn -0.909984 0.230821 0.344459
vn -0.909984 0.230821 0.344459
vn -0.977949 -0.114128 -0.174901
vn -0.977949 -0.114128 -0.174901
vn -0.977949 -0.114128 -0.174901
vn -0.998692 0.012374 0.049615
vn -0.999243 0.019622 0.033593
vn -0.999243 0.019622 0.033593
vn -0.999485 0.026865 0.017559
vn -0.974885 -0.089466 -0.203951
vn -0.974885 -0.089466 -0.203951
vn -0.974885 -0.089466 -0.203951
vn -0.984043 -0.113975 -0.136634
vn -0.984043 -0.113975 -0.136634
vn -0.984043 -0.113975 -0.136634
vn 0.284370 0.939510 0.190931
vn 0.284370 0.939510 0.190931
vn 0.284370 0.939510 0.190931
vn 0.159425 -0.001525 -0.987209
vn 0.118477 0.013746 -0.992862
vn 0.118477 0.013746 -0.992862
vn 0.077299 0.028991 -0.996586
vn 0.348316 0.936803 0.032806
vn 0.348316 0.936803 0.032806
vn 0.348316 0.936803 0.032806
vn 0.865277 0.069125 0.496505
vn 0.878373 0.158196 0.451038
vn 0.878373 0.158196 0.451038
vn 0.882534 0.245657 0.400983
vn 0.761709 0.183602 0.621361
vn 0.809233 0.326630 0.488318
vn 0.809233 0.326630 0.488318
vn 0.824051 0.456457 0.335539
vn 0.742231 0.332020 0.582113
vn 0.684379 0.207334 0.699026
vn 0.684379 0.207334 0.699026
vn 0.604243 0.075896 0.793178
vn -0.724657 0.670703 -0.158209
vn -0.724657 0.670703 -0.158209
vn -0.724657 0.670703 -0.158209
vn 0.000000 1.000000 -0.000003
vn 0.000000 1.000000 -0.000001
vn 0.000000 1.000000 -0.000001
vn 0.000000 1.000000 0.000000
vn -0.211862 0.928491 -0.304989
vn -0.211862 0.928491 -0.304989
vn -0.211862 0.928491 -0.304989
vn 0.902265 0.415855 0.113946
vn 0.898002 0.421783 0.125269
vn 0.898002 0.421783 0.125269
vn 0.893576 0.427635 0.136569
vn -0.000483 0.999924 0.012335
vn 0.004427 0.999971 0.006163
vn 0.004427 0.999971 0.006163
vn 0.009337 0.999956 -0.000009
vn -0.025612 -0.020374 0.999464
vn -0.065959 -0.010321 0.997769
vn -0.065959 -0.010321 0.997769
vn -0.106192 -0.000250 0.994346
vn -0.564712 -0.820616 0.087692
vn -0.564712 -0.820616 0.087692
vn -0.564712 -0.820616 0.087692
vn 0.999642 -0.007127 -0.025799
vn 0.999642 -0.007127 -0.025799
vn 0.999642 -0.007127 -0.025799
vn 0.003034 0.001385 0.999995
vn 0.003034 0.001385 0.999995
vn 0.003034 0.001385 0.999995
vn -0.563689 -0.823608 0.062640
vn -0.564222 -0.822259 0.074447
vn -0.564477 -0.821658 0.079021
vn -0.564813 -0.820598 0.087203
vn -0.564950 -0.820401 0.088163
vn -0.565925 -0.822378 0.058506
vn -0.565925 -0.822378 0.058506
vn -0.565925 -0.822378 0.058506
vn 0.408435 0.853361 -0.323969
vn 0.408435 0.853361 -0.323969
vn 0.408435 0.853361 -0.323969
vn 0.350918 0.872218 -0.340724
vn 0.052017 0.983413 -0.173764
vn 0.052017 0.983413 -0.173764
vn -0.253623 0.967175 0.015712
vn 0.313742 0.652229 0.690045
vn 0.313742 0.652229 0.690045
vn 0.313742 0.652229 0.690045
vn -0.322076 0.946140 0.032950
vn -0.193851 0.980078 -0.043231
vn -0.193851 0.980078 -0.043231
vn -0.061090 0.991085 -0.118400
vn -0.974120 0.029298 -0.224126
vn -0.992570 0.048977 -0.111388
vn -0.992570 0.048977 -0.111388
vn -0.997681 0.067997 0.002847
vn 0.674368 0.217241 -0.705715
vn 0.679606 0.730751 -0.064332
vn 0.679606 0.730751 -0.064332
vn 0.226047 0.750937 0.620481
vn 0.669887 -0.019757 -0.742200
vn 0.669887 -0.019757 -0.742200
vn 0.669887 -0.019757 -0.742200
vn 0.000002 1.000000 0.000066
vn 0.000002 1.000000 0.000066
vn 0.000002 1.000000 0.000066
vn 0.989205 -0.146423 0.005735
vn 0.992242 -0.101747 0.071437
vn 0.992242 -0.101747 0.071437
vn 0.989006 -0.056428 0.136688
vn 0.991478 0.069248 0.110343
vn 0.994623 0.056466 0.086808
vn 0.994623 0.056466 0.086808
vn 0.997046 0.043642 0.063211
vn 0.660951 0.679545 -0.318374
vn 0.660951 0.679545 -0.318374
vn 0.660951 0.679545 -0.318374
vn -0.027214 0.999347 0.023764
vn -0.150251 0.988491 -0.017608
vn -0.150251 0.988491 -0.017608
vn -0.270739 0.960862 -0.058682
vn 0.284988 0.953796 -0.095154
vn 0.394771 0.917373 -0.050816
vn 0.009760 0.996142 0.087213
vn 0.470701 0.882107 -0.018128
vn 0.914721 0.286578 -0.284881
vn 0.030443 0.010018 0.999486
vn 0.030443 0.010018 0.999486
vn 0.030443 0.010018 0.999486
vn 0.764527 0.636455 -0.102100
vn 0.797815 0.597368 -0.081498
vn 0.797815 0.597368 -0.081498
vn 0.828662 0.556454 -0.060647
vn 0.019472 0.009819 0.999762
vn 0.061782 0.070624 0.995588
vn 0.061782 0.070624 0.995588
vn 0.103752 0.131041 0.985933
vn -0.436439 0.893654 -0.104427
vn -0.357444 0.932032 -0.059588
vn -0.357444 0.932032 -0.059588
vn -0.274974 0.961347 -0.014170
vn -0.730500 0.682696 0.017202
vn -0.705266 0.708871 0.010075
vn -0.705266 0.708871 0.010075
vn -0.679063 0.734074 0.002935
vn 0.206167 0.968690 0.138333
vn 0.100904 0.991070 0.087172
vn 0.100904 0.991070 0.087172
vn -0.005791 0.999379 0.034772
vn 0.000001 1.000000 0.000000
vn 0.000001 1.000000 0.000000
vn 0.000001 1.000000 0.000000
vn -0.986074 -0.102438 0.131012
vn -0.997461 -0.029576 0.064783
vn -0.997461 -0.029576 0.064783
vn -0.999048 0.043577 -0.002082
vn -0.998648 0.051644 -0.005860
vn -0.984497 0.175198 0.008494
vn -0.984497 0.175198 0.008494
vn -0.954916 0.296006 0.022714
vn 0.041933 0.985273 -0.165767
vn 0.177752 0.978628 -0.103402
vn 0.177752 0.978628 -0.103402
vn 0.309594 0.950080 -0.038723
vn -0.999052 0.030406 -0.031161
vn -0.999052 0.030406 -0.031161
vn -0.999052 0.030406 -0.031161
vn -0.999648 0.026051 0.005057
vn -0.999648 0.026051 0.005057
vn -0.999648 0.026051 0.005057
vn -0.998515 0.048937 0.023942
vn -0.999277 0.034587 0.015784
vn -0.999277 0.034587 0.015784
vn -0.999766 0.020228 0.007621
vn -0.689695 0.719508 -0.081425
vn -0.594392 0.803399 -0.035342
vn -0.594392 0.803399 -0.035342
vn -0.488245 0.872633 0.011385
vn 0.200200 0.967528 0.154301
vn 0.096189 0.994907 0.030119
vn 0.096189 0.994907 0.030119
vn -0.010419 0.995435 -0.094876
vn 0.506087 0.826056 0.248008
vn 0.506087 0.826056 0.248008
vn 0.506087 0.826056 0.248008
vn 0.732708 -0.017909 0.680307
vn 0.742357 -0.022691 0.669620
vn 0.742357 -0.022691 0.669620
vn 0.751835 -0.027468 0.658779
vn 0.996077 0.063460 0.061668
vn 0.999818 0.006018 -0.018089
vn 0.999934 0.011103 -0.002881
vn 0.998063 -0.022731 -0.057910
vn 0.998820 -0.004120 -0.048386
vn 0.028900 -0.080219 0.996358
vn 0.040718 -0.063917 0.997124
vn 0.040718 -0.063917 0.997124
vn 0.052520 -0.047588 0.997485
vn 0.833715 -0.324846 0.446536
vn 0.922640 -0.056165 0.381550
vn 0.922640 -0.056165 0.381550
vn 0.933768 0.217252 0.284392
vn 0.991086 0.119777 -0.058323
vn 0.991086 0.119777 -0.058323
vn 0.991086 0.119777 -0.058323
vn 0.980932 -0.182647 0.066421
vn 0.971929 -0.228440 0.056298
vn 0.971929 -0.228440 0.056298
vn 0.960709 -0.273712 0.046046
vn 0.485345 0.873899 -0.027223
vn 0.847581 0.502904 0.169393
vn 0.847581 0.502904 0.169393
vn 0.949177 -0.022739 0.313919
vn 0.953994 -0.098491 0.283187
vn 0.970744 -0.033362 0.237789
vn 0.970744 -0.033362 0.237789
vn 0.981103 0.031988 0.190824
vn -0.010297 -0.861508 0.507640
vn -0.010297 -0.861508 0.507640
vn -0.010297 -0.861508 0.507640
vn -0.599375 -0.799910 -0.029893
vn -0.625178 -0.751731 0.209887
vn -0.625178 -0.751731 0.209887
vn -0.613170 -0.658087 0.436972
vn -0.087002 -0.018123 0.996043
vn -0.087002 -0.018123 0.996043
vn -0.087002 -0.018123 0.996043
vn -0.333998 0.942574 -0.000014
vn -0.334057 0.942553 -0.000265
vn -0.334057 0.942553 -0.000265
vn -0.334117 0.942532 -0.000516
vn -0.000015 0.999922 0.012513
vn -0.000007 0.999981 0.006258
vn -0.000007 0.999981 0.006258
vn 0.000000 1.000000 0.000002
vn -0.744917 0.667157 0.000000
vn -0.729535 0.665636 0.157184
vn -0.729535 0.665636 0.157184
vn -0.695955 0.647511 0.310446
vn -0.000372 0.999307 -0.037214
vn 0.000541 0.999383 -0.035130
vn 0.000541 0.999383 -0.035130
vn 0.001453 0.999453 -0.033045
vn -0.000129 0.999953 -0.009707
vn -0.000644 0.999950 -0.009996
vn -0.000644 0.999950 -0.009996
vn -0.001159 0.999946 -0.010284
vn 0.999941 0.004960 -0.009623
vn 0.986638 0.156885 0.043965
vn 0.986638 0.156885 0.043965
vn 0.947554 0.304710 0.096405
vn 0.887037 0.461319 -0.018734
vn 0.887037 0.461319 -0.018734
vn 0.887037 0.461319 -0.018734
vn 0.872972 0.463673 0.151419
vn 0.872972 0.463673 0.151419
vn 0.872972 0.463673 0.151419
vn 0.632860 -0.712047 0.304102
vn 0.601344 -0.761120 0.243066
vn 0.601344 -0.761120 0.243066
vn 0.565543 -0.804770 0.180298
vn 0.555799 -0.744601 0.369671
vn 0.572137 -0.623750 0.532537
vn 0.572137 -0.623750 0.532537
vn 0.564790 -0.477077 0.673357
vn -0.000012 -0.000021 1.000000
vn -0.000013 -0.000020 1.000000
vn -0.000013 -0.000020 1.000000
vn -0.000015 -0.000019 1.000000
vn -0.003009 0.010083 0.999945
vn -0.004581 0.010103 0.999938
vn -0.004581 0.010103 0.999938
vn -0.006154 0.010122 0.999930
vn -0.000005 -0.000017 1.000000
vn -0.000011 -0.000017 1.000000
vn -0.000011 -0.000017 1.000000
vn -0.000018 -0.000017 1.000000
vn -0.000018 -0.000016 1.000000
vn 0.000001 -0.000000 1.000000
vn 0.000001 -0.000000 1.000000
vn 0.000020 0.000016 1.000000
vn 0.000017 0.000018 1.000000
vn 0.000013 0.000018 1.000000
vn 0.000013 0.000018 1.000000
vn 0.000010 0.000018 1.000000
vn 0.016060 0.013565 0.999779
vn 0.008030 0.006783 0.999945
vn 0.008030 0.006783 0.999945
vn 0.000000 0.000000 1.000000
vn 0.068451 0.092356 0.993370
vn 0.042674 -0.035460 0.998460
vn 0.042674 -0.035460 0.998460
vn 0.016172 -0.162673 0.986548
vn 0.031458 0.094209 0.995055
vn 0.015471 0.065714 0.997719
vn 0.015471 0.065714 0.997719
vn -0.000532 0.037149 0.999310
vn 0.012810 -0.902076 0.431387
vn 0.012810 -0.902076 0.431387
vn 0.012810 -0.902076 0.431387
vn 0.000680 0.999974 0.007175
vn 0.000576 0.999973 0.007285
vn 0.000576 0.999973 0.007285
vn 0.000471 0.999973 0.007394
vn -0.000016 1.000000 0.000142
vn -0.001908 0.999991 0.003768
vn -0.001908 0.999991 0.003768
vn -0.003800 0.999965 0.007393
vn 0.000144 0.999999 -0.001278
vn 0.000144 0.999999 -0.001278
vn 0.000144 0.999999 -0.001278
vn -0.999982 -0.006055 0.000006
vn -0.999990 -0.003799 0.002254
vn -0.999990 -0.003799 0.002254
vn -0.999989 -0.001544 0.004501
vn -0.000120 -0.000641 1.000000
vn -0.000120 -0.000640 1.000000
vn -0.000120 -0.000640 1.000000
vn -0.000120 -0.000638 1.000000
vn -0.000107 -0.000637 1.000000
vn -0.000108 -0.000643 1.000000
vn -0.000108 -0.000643 1.000000
vn -0.000109 -0.000650 1.000000
vn -0.000133 -0.000644 1.000000
vn -0.000132 -0.000643 1.000000
vn -0.000132 -0.000643 1.000000
vn -0.000132 -0.000642 1.000000
vn 0.001442 -0.000627 0.999999
vn 0.001848 0.010266 0.999946
vn 0.001848 0.010266 0.999946
vn 0.002254 0.021158 0.999774
vn 0.002550 0.020977 0.999777
vn 0.002550 0.020977 0.999777
vn 0.002550 0.020977 0.999777
vn -0.001573 0.999989 -0.004369
vn -0.003522 0.999987 -0.003758
vn -0.003522 0.999987 -0.003758
vn -0.005472 0.999980 -0.003146
vn -0.598333 -0.799994 0.044809
vn -0.598333 -0.799994 0.044809
vn -0.598333 -0.799994 0.044809
vn -0.001572 0.999418 0.034083
vn -0.001572 0.999418 0.034083
vn -0.001572 0.999418 0.034083
vn -0.000033 -0.000703 1.000000
vn -0.000050 -0.000670 1.000000
vn -0.000050 -0.000670 1.000000
vn -0.000067 -0.000636 1.000000
vn -0.000105 -0.000651 1.000000
vn -0.000109 -0.000677 1.000000
vn -0.000109 -0.000677 1.000000
vn -0.000113 -0.000704 1.000000
vn 0.474412 0.880262 -0.008533
vn 0.242768 0.970065 -0.006122
vn 0.242768 0.970065 -0.006122
vn -0.003862 0.999987 -0.003334
vn -0.859433 0.511245 -0.002033
vn -0.496033 0.868280 0.006411
vn -0.496033 0.868280 0.006411
vn -0.003861 0.999906 0.013190
vn -0.894474 -0.075867 0.440637
vn -0.833018 -0.040342 0.551773
vn -0.833018 -0.040342 0.551773
vn -0.757076 -0.004116 0.653313
vn 0.673002 -0.125492 0.728917
vn 0.569387 -0.062661 0.819678
vn 0.569387 -0.062661 0.819678
vn 0.452720 0.001607 0.891651
vn -0.000006 -0.000665 1.000000
vn -0.000005 -0.000651 1.000000
vn -0.000005 -0.000651 1.000000
vn -0.000004 -0.000636 1.000000
vn 0.584266 0.811203 -0.024145
vn 0.584266 0.811203 -0.024145
vn 0.584266 0.811203 -0.024145
vn -0.000926 0.999092 -0.042606
vn -0.001056 0.999343 -0.036235
vn -0.001056 0.999343 -0.036235
vn -0.001187 0.999553 -0.029862
vn -0.004654 0.999309 -0.036870
vn -0.004919 0.999195 -0.039815
vn -0.004919 0.999195 -0.039815
vn -0.005185 0.999072 -0.042759
vn -0.005673 0.999543 -0.029704
vn -0.005570 0.999436 -0.033127
vn -0.005570 0.999436 -0.033127
vn -0.005467 0.999317 -0.036549
vn -0.005000 0.999984 0.002775
vn -0.005335 0.999896 -0.013410
vn -0.005335 0.999896 -0.013410
vn -0.005669 0.999546 -0.029591
vn -0.001512 0.999974 0.006993
vn -0.001895 0.999986 0.004899
vn -0.001895 0.999986 0.004899
vn -0.002278 0.999994 0.002806
vn 0.002266 0.999989 0.004120
vn 0.001367 0.999997 0.002097
vn 0.001367 0.999997 0.002097
vn 0.000468 1.000000 0.000074
vn 0.000000 1.000000 -0.000002
vn -0.000024 1.000000 0.000036
vn -0.000024 1.000000 0.000036
vn -0.000048 1.000000 0.000074
vn -0.389551 0.921005 -0.000423
vn -0.389064 0.921211 -0.000011
vn -0.389064 0.921211 -0.000011
vn -0.388576 0.921417 0.000401
vn -0.276981 0.277951 -0.919796
vn -0.253690 0.325821 -0.910759
vn -0.253690 0.325821 -0.910759
vn -0.229660 0.372741 -0.899067
vn -0.388577 0.921416 0.000211
vn -0.386533 0.922275 -0.000402
vn -0.386533 0.922275 -0.000402
vn -0.384487 0.923130 -0.001015
vn -0.405951 0.445763 -0.797809
vn -0.405951 0.445763 -0.797809
vn -0.405951 0.445763 -0.797809
vn -0.083958 0.925696 0.368834
vn -0.264120 0.932885 0.244881
vn -0.264120 0.932885 0.244881
vn -0.431638 0.895412 0.109205
vn -0.359979 0.477765 -0.801346
vn -0.339484 0.744847 -0.574416
vn -0.339484 0.744847 -0.574416
vn -0.277147 0.920127 -0.276689
vn -0.310122 0.916536 -0.252559
vn -0.310122 0.916536 -0.252559
vn -0.310122 0.916536 -0.252559
vn -0.024307 0.996667 0.077878
vn 0.017006 0.979816 0.199179
vn 0.017006 0.979816 0.199179
vn 0.058035 0.946597 0.317152
vn -0.334290 0.942470 0.000000
vn -0.334475 0.942405 -0.000214
vn -0.334475 0.942405 -0.000214
vn -0.334659 0.942339 -0.000428
vn -0.334735 0.942312 0.000003
vn -0.336099 0.941826 -0.000516
vn -0.336099 0.941826 -0.000516
vn -0.337463 0.941338 -0.001035
vn 0.044416 0.999012 0.001434
vn 0.044416 0.999012 0.001434
vn 0.044416 0.999012 0.001434
vn 0.000000 1.000000 0.000000
vn 0.000000 1.000000 0.000000
vn 0.000000 1.000000 0.000000
vn 0.000000 1.000000 0.000000
vn 0.044891 0.998992 0.000005
vn 0.046401 0.998915 0.004003
vn 0.045266 0.998957 0.006019
vn 0.047660 0.998856 0.004002
vn 0.048669 0.998815 -0.000014
vn 0.048668 0.998815 0.000000
vn 0.044323 0.999017 0.000002
vn 0.044323 0.999017 0.000002
vn 0.044323 0.999017 0.000002
vn -0.000086 1.000000 0.000227
vn -0.000067 1.000000 0.000112
vn -0.000067 1.000000 0.000112
vn -0.000047 1.000000 -0.000004
vn -0.003113 0.967806 -0.251678
vn 0.024923 0.990986 -0.131630
vn 0.024923 0.990986 -0.131630
vn 0.052567 0.998572 -0.009511
vn 0.000052 1.000000 -0.000002
vn 0.000046 1.000000 0.000004
vn 0.000046 1.000000 0.000004
vn 0.000040 1.000000 0.000010
vn 0.012248 0.999719 -0.020282
vn 0.020598 0.999769 -0.006208
vn 0.020598 0.999769 -0.006208
vn 0.028943 0.999550 0.007867
vn 0.015187 -0.999884 -0.000592
vn 0.015187 -0.999884 -0.000592
vn 0.015187 -0.999884 -0.000592
vn 0.672261 0.737249 0.067299
vn 0.672261 0.737249 0.067299
vn 0.672261 0.737249 0.067299
vn 0.015542 -0.999879 0.000103
vn 0.015479 -0.999880 0.000052
vn 0.015393 -0.999882 0.000036
vn 0.015319 -0.999883 0.000002
vn 0.015221 -0.999884 0.000005
vn 0.002406 -0.999991 0.003364
vn 0.001203 -0.999990 0.004249
vn 0.001203 -0.999990 0.004249
vn 0.000000 -0.999987 0.005134
vn -0.000598 -0.999993 0.003650
vn -0.000337 -0.999991 0.004123
vn -0.000337 -0.999991 0.004123
vn -0.000076 -0.999990 0.004596
vn 0.000000 -1.000000 -0.000005
vn 0.000000 -1.000000 -0.000005
vn 0.000000 -1.000000 -0.000005
vn 0.000000 -1.000000 0.000000
vn 0.000000 -1.000000 0.000005
vn 0.000000 -1.000000 0.000005
vn 0.000000 -1.000000 0.000011
vn 0.000358 0.997719 -0.067505
vn 0.000102 0.997669 -0.068235
vn 0.000102 0.997669 -0.068235
vn -0.000154 0.997619 -0.068965
vn 0.000060 -0.000000 1.000000
vn 0.000059 -0.000001 1.000000
vn 0.000059 -0.000001 1.000000
vn 0.000058 -0.000002 1.000000
vn 0.000142 0.997720 -0.067487
vn 0.014563 0.999591 -0.024612
vn 0.014563 0.999591 -0.024612
vn 0.028954 0.999413 0.018314
vn 1.000000 0.000935 -0.000000
vn 1.000000 0.001025 -0.000181
vn 1.000000 0.001025 -0.000181
vn 0.999999 0.001114 -0.000361
vn 0.847094 0.368773 0.382673
vn 0.681755 0.450705 0.576260
vn 0.681755 0.450705 0.576260
vn 0.467653 0.500400 0.728629
vn 0.582275 0.005239 0.812975
vn 0.658737 -0.000071 0.752373
vn 0.658737 -0.000071 0.752373
vn 0.728910 -0.005381 0.684588
vn -0.000040 1.000000 0.000190
vn 0.003998 0.999944 0.009781
vn 0.003998 0.999944 0.009781
vn 0.008035 0.999780 0.019372
vn -0.034247 0.898822 0.436975
vn -0.017823 0.974326 0.224437
vn -0.017823 0.974326 0.224437
vn -0.000487 1.000000 0.000421
vn 0.000201 -0.999994 0.003441
vn 0.000036 -0.999991 0.004188
vn 0.000036 -0.999991 0.004188
vn -0.000129 -0.999988 0.004936
vn 0.000000 -1.000000 0.000000
vn 0.000000 -1.000000 -0.000002
vn 0.000000 -1.000000 -0.000002
vn 0.000000 -1.000000 -0.000004
vn 0.000000 -1.000000 0.000000
vn 0.000000 -1.000000 0.000000
vn 0.000000 -1.000000 0.000000
vn -0.000043 0.000062 1.000000
vn -0.000065 0.000030 1.000000
vn -0.000065 0.000030 1.000000
vn -0.000086 -0.000001 1.000000
vn -0.000024 0.000049 1.000000
vn -0.000019 0.000052 1.000000
vn -0.000019 0.000052 1.000000
vn -0.000014 0.000055 1.000000
vn 0.000513 -0.999997 0.002488
vn 0.000513 -0.999997 0.002488
vn 0.000513 -0.999997 0.002488
vn -0.000040 0.000063 1.000000
vn -0.000039 0.000063 1.000000
vn -0.000039 0.000063 1.000000
vn -0.000039 0.000063 1.000000
vn -0.153801 0.670840 0.725479
vn 0.165762 0.618658 0.767975
vn 0.165762 0.618658 0.767975
vn 0.467647 0.500496 0.728567
vn 0.745272 0.639927 0.187252
vn 0.745272 0.639927 0.187252
vn 0.745272 0.639927 0.187252
vn 0.337640 0.489429 0.804026
vn 0.386895 0.547787 0.741783
vn 0.386895 0.547787 0.741783
vn 0.432395 0.600827 0.672340
vn 0.117525 0.391852 0.912491
vn 0.148573 0.176268 0.973065
vn 0.148573 0.176268 0.973065
vn 0.172027 -0.048326 0.983906
vn -0.000039 0.000062 1.000000
vn -0.000039 0.000062 1.000000
vn -0.000039 0.000062 1.000000
vn -0.000129 0.000060 1.000000
vn -0.000129 0.000060 1.000000
vn -0.000129 0.000060 1.000000
vn -0.006299 -0.537203 0.843429
vn -0.006299 -0.537203 0.843429
vn -0.006299 -0.537203 0.843429
vn 0.250649 -0.786997 0.563747
vn 0.578332 -0.743436 0.335909
vn 0.578332 -0.743436 0.335909
vn 0.812798 -0.580045 0.053927
vn 0.548738 -0.795235 0.257851
vn 0.548738 -0.795235 0.257851
vn 0.548738 -0.795235 0.257851
vn 0.998759 -0.027341 -0.041635
vn 0.998759 -0.027341 -0.041635
vn 0.998759 -0.027341 -0.041635
vn 0.838691 0.059115 0.541390
vn 0.775501 0.060349 0.628455
vn 0.775501 0.060349 0.628455
vn 0.703335 0.060885 0.708246
vn -0.000009 0.000054 1.000000
vn 0.048272 0.059927 0.997035
vn 0.048272 0.059927 0.997035
vn 0.096266 0.119445 0.988163
vn -0.000039 0.000062 1.000000
vn -0.000039 0.000062 1.000000
vn -0.000039 0.000062 1.000000
vn -0.919585 -0.322223 0.224801
vn -0.958398 -0.254290 0.129656
vn -0.958398 -0.254290 0.129656
vn -0.982668 -0.182498 0.032544
vn -0.985323 -0.145172 0.089798
vn -0.985494 -0.143673 0.090328
vn -0.985494 -0.143673 0.090328
vn -0.985663 -0.142174 0.090858
vn -0.058449 0.150203 -0.986926
vn -0.106724 0.190003 -0.975966
vn -0.106724 0.190003 -0.975966
vn -0.154568 0.229036 -0.961068
vn 0.028633 0.998603 -0.044414
vn 0.009810 0.998119 -0.060508
vn 0.009810 0.998119 -0.060508
vn -0.009018 0.997024 -0.076566
vn 0.928562 0.237933 -0.284888
vn 0.928562 0.237933 -0.284888
vn 0.928562 0.237933 -0.284888
vn 0.534114 0.845275 0.015283
vn 0.497343 0.866478 -0.043194
vn 0.497343 0.866478 -0.043194
vn 0.457976 0.883158 -0.101445
vn -0.162439 0.971749 0.171223
vn -0.162439 0.971749 0.171223
vn -0.162439 0.971749 0.171223
vn 0.033834 0.994344 -0.100670
vn 0.033834 0.994344 -0.100670
vn 0.033834 0.994344 -0.100670
vn -0.993008 -0.118041 0.001484
vn -0.993008 -0.118041 0.001484
vn -0.993008 -0.118041 0.001484
vn -0.377384 0.792038 -0.479852
vn -0.377384 0.792038 -0.479852
vn -0.377384 0.792038 -0.479852
vn -0.994018 -0.065692 -0.087256
vn -0.999484 -0.013805 -0.028992
vn -0.999484 -0.013805 -0.028992
vn -0.998837 0.038166 0.029448
vn -0.501885 0.316456 -0.804964
vn -0.501885 0.316456 -0.804964
vn -0.501885 0.316456 -0.804964
vn 0.852278 -0.426730 -0.302530
vn 0.962677 -0.213435 -0.166427
vn 0.962677 -0.213435 -0.166427
vn 0.999714 0.016126 -0.017641
vn 0.967741 -0.152059 -0.200886
vn 0.960225 0.238106 -0.145854
vn 0.960225 0.238106 -0.145854
vn 0.803573 0.591289 -0.068170
vn -0.220815 -0.116532 -0.968329
vn -0.423488 0.121211 -0.897756
vn -0.423488 0.121211 -0.897756
vn -0.582720 0.346521 -0.735092
vn 0.989640 0.109466 0.092897
vn 0.972027 0.201346 0.120926
vn 0.972027 0.201346 0.120926
vn 0.945143 0.291306 0.147801
vn 0.562284 0.027568 -0.826484
vn 0.523295 0.085589 -0.847843
vn 0.523295 0.085589 -0.847843
vn 0.481509 0.143153 -0.864671
vn 0.600718 0.181478 -0.778591
vn 0.600718 0.181478 -0.778591
vn 0.600718 0.181478 -0.778591
vn 0.890799 -0.418886 -0.176102
vn 0.814074 0.043824 -0.579105
vn 0.814074 0.043824 -0.579105
vn 0.426049 0.489777 -0.760659
vn -0.306539 0.941199 -0.142053
vn -0.353449 0.923181 -0.151031
vn -0.271252 0.936783 -0.221044
vn -0.377041 0.913056 -0.155462
vn -0.504673 0.863288 -0.006167
vn 0.381152 0.771750 -0.509043
vn 0.381152 0.771750 -0.509043
vn 0.381152 0.771750 -0.509043
vn 0.366884 0.924573 -0.102767
vn 0.366884 0.924573 -0.102767
vn 0.366884 0.924573 -0.102767
vn 0.365772 0.924458 -0.107651
vn 0.365772 0.924458 -0.107651
vn 0.365772 0.924458 -0.107651
vn 0.579752 0.814728 -0.010283
vn 0.598363 0.801089 -0.014766
vn 0.598363 0.801089 -0.014766
vn 0.616643 0.787008 -0.019242
vn -0.000713 -0.000008 1.000000
vn -0.000713 -0.000008 1.000000
vn -0.000713 -0.000008 1.000000
vn 0.529687 0.848189 -0.002714
vn 0.565751 0.824552 -0.006308
vn 0.565751 0.824552 -0.006308
vn 0.600757 0.799371 -0.009890
vn 0.549060 0.835530 -0.020560
vn 0.557744 0.829856 -0.016137
vn 0.557744 0.829856 -0.016137
vn 0.566358 0.824076 -0.011712
vn 0.605899 0.795520 0.005873
vn 0.609111 0.793077 0.003497
vn 0.609111 0.793077 0.003497
vn 0.612311 0.790617 0.001122
vn -0.047911 -0.060792 0.997000
vn -0.047911 -0.060792 0.997000
vn -0.047911 -0.060792 0.997000
vn -0.000000 1.000000 0.000002
vn -0.000000 1.000000 0.000001
vn -0.000000 1.000000 0.000001
vn -0.000000 1.000000 0.000000
vn 0.622803 0.782376 0.002132
vn 0.619989 0.784601 0.003980
vn 0.619989 0.784601 0.003980
vn 0.617164 0.786813 0.005828
vn -0.999430 0.033765 -0.000809
vn -0.998700 0.050890 -0.002778
vn -0.998700 0.050890 -0.002778
vn -0.997674 0.068000 -0.004745
vn 0.589302 0.504950 0.630673
vn 0.589302 0.504950 0.630673
vn 0.589302 0.504950 0.630673
vn 0.548147 0.836299 -0.011789
vn 0.557294 0.830313 -0.001861
vn 0.557294 0.830313 -0.001861
vn 0.566321 0.824146 0.008068
vn 0.574992 0.818119 0.008079
vn 0.584454 0.811416 0.004130
vn 0.584454 0.811416 0.004130
vn 0.593829 0.804591 0.000181
vn 0.570089 0.820548 0.041222
vn 0.572673 0.819516 0.020978
vn 0.572673 0.819516 0.020978
vn 0.575017 0.818141 0.000724
vn 0.569399 0.820529 -0.050170
vn 0.568223 0.822862 -0.004516
vn 0.568223 0.822862 -0.004516
vn 0.565859 0.823475 0.041148
vn 0.567669 0.817949 -0.093332
vn 0.566813 0.820714 -0.071781
vn 0.566813 0.820714 -0.071781
vn 0.565688 0.823090 -0.050195
vn 0.569103 0.821558 -0.034141
vn 0.573458 0.816787 -0.063289
vn 0.573458 0.816787 -0.063289
vn 0.577302 0.811288 -0.092381
vn 0.520942 0.853532 -0.010143
vn 0.525181 0.850660 -0.023721
vn 0.525181 0.850660 -0.023721
vn 0.529310 0.847608 -0.037293
vn 0.606301 0.795234 -0.001044
vn 0.606104 0.795382 0.002196
vn 0.606104 0.795382 0.002196
vn 0.605900 0.795522 0.005437
vn 0.623512 0.781811 -0.002035
vn 0.623130 0.782048 -0.010511
vn 0.623130 0.782048 -0.010511
vn 0.622703 0.782228 -0.018986
vn -0.000085 0.999999 0.001348
vn -0.000043 1.000000 0.000632
vn -0.000043 1.000000 0.000632
vn 0.000000 1.000000 -0.000083
vn -0.996948 0.076667 0.014721
vn -0.996948 0.076667 0.014721
vn -0.996948 0.076667 0.014721
vn -0.000003 0.000077 1.000000
vn 0.000008 0.000047 1.000000
vn 0.000008 0.000047 1.000000
vn 0.000018 0.000017 1.000000
vn 0.000002 0.999990 -0.004427
vn -0.002328 0.999986 -0.004749
vn -0.002328 0.999986 -0.004749
vn -0.004658 0.999976 -0.005072
vn -0.003135 0.999990 -0.003334
vn -0.005609 0.999979 -0.003278
vn -0.005609 0.999979 -0.003278
vn -0.008084 0.999962 -0.003222
vn 0.528336 0.849036 0.000192
vn 0.520059 0.854130 -0.000420
vn 0.520059 0.854130 -0.000420
vn 0.511733 0.859144 -0.001032
vn -0.002949 0.999995 -0.001202
vn -0.001485 0.999997 -0.002209
vn -0.001485 0.999997 -0.002209
vn -0.000021 0.999995 -0.003215
vn -0.008086 0.999880 0.013194
vn 0.303129 0.952935 0.005339
vn 0.303129 0.952935 0.005339
vn 0.584297 0.811535 -0.003045
vn -0.002949 0.999988 -0.004008
vn -0.002069 0.999988 -0.004541
vn -0.002069 0.999988 -0.004541
vn -0.001189 0.999986 -0.005073
vn 0.510586 0.859826 0.000785
vn 0.510586 0.859826 0.000785
vn 0.510586 0.859826 0.000785
vn 0.000000 1.000000 0.000000
vn 0.000000 1.000000 0.000000
vn 0.000000 1.000000 0.000000
vn 0.616173 0.787514 0.012383
vn 0.616661 0.787180 0.008725
vn 0.616661 0.787180 0.008725
vn 0.617142 0.786836 0.005066
vn 0.613011 0.790038 0.007543
vn 0.612832 0.790150 0.009988
vn 0.612832 0.790150 0.009988
vn 0.612650 0.790257 0.012432
vn 0.617741 0.785629 -0.034413
vn 0.609622 0.792562 -0.014355
vn 0.609622 0.792562 -0.014355
vn 0.601189 0.799087 0.005710
vn 0.619840 0.781124 -0.075125
vn 0.617950 0.784302 -0.054847
vn 0.617950 0.784302 -0.054847
vn 0.615797 0.787147 -0.034546
vn 0.545699 0.837201 -0.036169
vn 0.547399 0.834849 -0.058150
vn 0.547399 0.834849 -0.058150
vn 0.548830 0.832087 -0.080102
vn 0.528441 0.848966 -0.002592
vn 0.531310 0.847177 0.000439
vn 0.531310 0.847177 0.000439
vn 0.534168 0.845371 0.003471
vn -0.000005 0.999995 -0.003063
vn -0.000005 0.999995 -0.003063
vn -0.000005 0.999995 -0.003063
vn 0.633643 0.773613 0.004415
vn 0.629203 0.777202 0.007787
vn 0.629203 0.777202 0.007787
vn 0.624735 0.780757 0.011160
vn 0.668204 0.743881 0.012028
vn 0.667001 0.744936 0.013409
vn 0.667001 0.744936 0.013409
vn 0.665795 0.745988 0.014790
vn -0.050924 0.860201 0.507406
vn -0.050924 0.860201 0.507406
vn -0.050924 0.860201 0.507406
vn -0.022181 0.901298 0.432631
vn -0.013240 0.876278 0.481624
vn -0.013240 0.876278 0.481624
vn -0.004259 0.848536 0.529121
vn 0.040014 0.999192 0.003681
vn 0.024480 0.999689 0.004805
vn 0.024480 0.999689 0.004805
vn 0.008941 0.999943 0.005929
vn 0.600530 0.799595 -0.003407
vn 0.596492 0.802619 0.000387
vn 0.596492 0.802619 0.000387
vn 0.592431 0.805611 0.004181
vn 0.006320 0.776808 0.629705
vn -0.010794 0.825237 0.564683
vn -0.010794 0.825237 0.564683
vn -0.027835 0.868000 0.495783
vn 0.000453 0.999979 -0.006421
vn -0.000410 0.999986 -0.005354
vn -0.000410 0.999986 -0.005354
vn -0.001273 0.999990 -0.004287
vn 0.005134 0.999986 -0.001462
vn 0.002879 0.999988 -0.003922
vn 0.002879 0.999988 -0.003922
vn 0.000625 0.999979 -0.006382
vn 0.000023 1.000000 0.000000
vn 0.000023 1.000000 0.000000
vn 0.000023 1.000000 0.000000
vn 0.000023 1.000000 0.000001
vn 0.000023 1.000000 -0.000000
vn 0.000024 1.000000 -0.000000
vn 0.000024 1.000000 -0.000000
vn 0.000024 1.000000 0.000000
vn -0.000001 1.000000 -0.000004
vn 0.000000 1.000000 -0.000002
vn 0.000000 1.000000 -0.000002
vn 0.000001 1.000000 0.000000
vn 0.000000 1.000000 0.000000
vn 0.000000 1.000000 0.000000
vn 0.000000 1.000000 0.000000
vn 0.000000 1.000000 0.000000
vn 0.000000 1.000000 -0.000001
vn 0.000000 1.000000 -0.000001
vn 0.000000 1.000000 -0.000001
vn 0.063617 0.795564 0.602521
vn -0.002980 0.870474 0.492205
vn -0.002980 0.870474 0.492205
vn -0.069510 0.926046 0.370955
vn 0.000004 1.000000 -0.000036
vn -0.000026 1.000000 -0.000058
vn -0.000026 1.000000 -0.000058
vn -0.000056 1.000000 -0.000080
vn 0.000362 0.999878 -0.015642
vn 0.000362 0.999878 -0.015642
vn 0.000362 0.999878 -0.015642
vn 0.592477 0.805508 -0.011276
vn 0.592439 0.805540 -0.011012
vn 0.592439 0.805540 -0.011012
vn 0.592400 0.805572 -0.010747
vn 0.638791 0.761664 -0.108691
vn 0.632568 0.772193 -0.059802
vn 0.632568 0.772193 -0.059802
vn 0.624738 0.780761 -0.010762
vn 0.646957 0.762028 0.027558
vn 0.656053 0.753666 -0.039781
vn 0.656053 0.753666 -0.039781
vn 0.662074 0.741770 -0.106933
vn 0.000023 1.000000 0.000000
vn 0.000014 1.000000 -0.000056
vn 0.000014 1.000000 -0.000056
vn 0.000006 1.000000 -0.000113
vn -0.410062 -0.911885 -0.017752
vn -0.410062 -0.911885 -0.017752
vn -0.410062 -0.911885 -0.017752
vn -0.025953 0.999632 0.007874
vn -0.025479 0.999619 0.010646
vn -0.025479 0.999619 0.010646
vn -0.025006 0.999597 0.013417
vn -0.997208 -0.071382 0.021926
vn -0.996694 -0.079786 0.015323
vn -0.996694 -0.079786 0.015323
vn -0.996066 -0.088181 0.008717
vn -0.991138 -0.130931 0.022437
vn -0.991138 -0.130931 0.022437
vn -0.991138 -0.130931 0.022437
vn -0.996371 -0.082297 -0.021736
vn -0.996371 -0.082297 -0.021736
vn -0.996371 -0.082297 -0.021736
vn 0.449044 -0.787031 0.423015
vn 0.449044 -0.787031 0.423015
vn 0.449044 -0.787031 0.423015
vn 0.585741 -0.596868 0.548321
vn 0.418953 -0.665915 0.617281
vn 0.418953 -0.665915 0.617281
vn 0.236520 -0.710096 0.663190
vn -0.818012 0.573133 -0.048722
vn -0.992625 0.120589 -0.012397
vn -0.992625 0.120589 -0.012397
vn -0.932378 -0.360487 0.026862
vn -0.873996 0.482178 -0.060294
vn -0.873996 0.482178 -0.060294
vn -0.873996 0.482178 -0.060294
vn -0.925793 -0.377567 0.018725
vn -0.925793 -0.377567 0.018725
vn -0.925793 -0.377567 0.018725
vn 0.233696 0.200582 0.951395
vn 0.316796 0.275863 0.907491
vn 0.316796 0.275863 0.907491
vn 0.395303 0.347143 0.850428
vn -0.994251 0.099319 -0.040023
vn -0.994251 0.099319 -0.040023
vn -0.994251 0.099319 -0.040023
vn 0.647570 0.517008 0.559783
vn 0.736991 0.441069 0.512155
vn 0.736991 0.441069 0.512155
vn 0.814597 0.358060 0.456317
vn 0.448506 0.278070 0.849423
vn 0.448506 0.278070 0.849423
vn 0.448506 0.278070 0.849423
vn -0.995447 0.089839 -0.031840
vn -0.456892 0.887520 -0.059656
vn -0.456892 0.887520 -0.059656
vn 0.505253 0.862372 -0.032164
vn -0.982481 0.186358 0.001182
vn -0.982481 0.186358 0.001182
vn -0.982481 0.186358 0.001182
vn -0.994581 0.007992 -0.103660
vn -0.994581 0.007992 -0.103660
vn -0.994581 0.007992 -0.103660
vn -0.994515 0.008179 -0.104272
vn -0.994910 0.008956 -0.100365
vn -0.994910 0.008956 -0.100365
vn -0.995290 0.009732 -0.096456
vn -0.988224 -0.021224 -0.151534
vn -0.988224 -0.021224 -0.151534
vn -0.988224 -0.021224 -0.151534
vn -0.992261 0.003598 -0.124121
vn -0.988267 0.011092 -0.152335
vn -0.988267 0.011092 -0.152335
vn -0.983415 0.018576 -0.180417
vn -0.146239 -0.122691 0.981611
vn -0.146239 -0.122691 0.981611
vn -0.146239 -0.122691 0.981611
vn -0.618343 -0.785180 -0.033826
vn -0.636008 -0.756674 0.151452
vn -0.636008 -0.756674 0.151452
vn -0.631125 -0.701343 0.331360
vn -0.005824 0.999649 0.025853
vn -0.003741 0.999940 0.010315
vn -0.003741 0.999940 0.010315
vn -0.001656 0.999985 -0.005226
vn -0.005614 0.999984 0.000426
vn -0.005614 0.999984 0.000426
vn -0.005614 0.999984 0.000426
vn -0.001656 0.999998 -0.000674
vn -0.003328 0.999993 -0.001886
vn -0.003328 0.999993 -0.001886
vn -0.005000 0.999983 -0.003098
vn 0.984629 -0.006882 0.174525
vn 0.992221 0.008336 0.124206
vn 0.992221 0.008336 0.124206
vn 0.997015 0.023531 0.073537
vn -0.005619 0.999974 0.004631
vn -0.005617 0.999973 0.004673
vn -0.005617 0.999973 0.004673
vn -0.005614 0.999973 0.004714
vn -0.800548 -0.216232 0.558897
vn -0.800548 -0.216232 0.558897
vn -0.800548 -0.216232 0.558897
vn -0.769031 0.461816 0.441947
vn -0.769031 0.461816 0.441947
vn -0.769031 0.461816 0.441947
vn -0.024906 -0.065788 0.997523
vn -0.024906 -0.065788 0.997523
vn -0.024906 -0.065788 0.997523
vn 0.000470 0.999999 0.001688
vn 0.000194 1.000000 -0.000577
vn 0.000194 1.000000 -0.000577
vn -0.000082 0.999996 -0.002841
vn -0.012018 0.999922 0.003442
vn -0.012001 0.999916 0.004955
vn -0.012001 0.999916 0.004955
vn -0.011984 0.999907 0.006468
vn -0.992472 -0.024863 -0.119925
vn -0.991719 -0.013262 -0.127744
vn -0.991719 -0.013262 -0.127744
vn -0.990771 -0.001658 -0.135538
vn -0.004221 0.999991 -0.000076
vn -0.002151 0.999998 0.000053
vn -0.002151 0.999998 0.000053
vn -0.000082 1.000000 0.000182
vn -0.006270 0.122289 0.992475
vn -0.000316 0.137826 0.990456
vn -0.000316 0.137826 0.990456
vn 0.005639 0.153324 0.988160
vn -0.872312 -0.040802 0.487244
vn -0.816239 0.175599 0.550380
vn -0.816239 0.175599 0.550380
vn -0.716122 0.382525 0.583818
vn -0.028442 -0.427428 0.903602
vn -0.028442 -0.427428 0.903602
vn -0.028442 -0.427428 0.903602
vn -0.077664 -0.129339 0.988554
vn -0.193352 -0.207081 0.959027
vn -0.193352 -0.207081 0.959027
vn -0.305115 -0.280619 0.910032
vn -0.041490 -0.059181 0.997385
vn -0.041521 -0.059037 0.997392
vn -0.041521 -0.059037 0.997392
vn -0.041552 -0.058892 0.997399
vn -0.351552 0.909441 0.222098
vn -0.351552 0.909441 0.222098
vn -0.351552 0.909441 0.222098
vn 0.006107 0.179266 0.983782
vn 0.006107 0.179266 0.983782
vn 0.006107 0.179266 0.983782
vn -0.768457 -0.135436 0.625404
vn -0.712904 0.082543 0.696387
vn -0.712904 0.082543 0.696387
vn -0.617685 0.295930 0.728622
vn -0.620270 0.372838 0.690114
vn -0.620270 0.372838 0.690114
vn -0.620270 0.372838 0.690114
vn -0.044059 0.163881 0.985496
vn -0.044059 0.163881 0.985496
vn -0.044059 0.163881 0.985496
vn -0.293564 0.150340 0.944043
vn -0.293564 0.150340 0.944043
vn -0.293564 0.150340 0.944043
vn -0.041504 -0.072978 0.996470
vn -0.034885 -0.057656 0.997727
vn -0.034885 -0.057656 0.997727
vn -0.028256 -0.042318 0.998705
vn -0.642283 -0.373838 0.669117
vn -0.718678 -0.269486 0.640999
vn -0.718678 -0.269486 0.640999
vn -0.782484 -0.160414 0.601653
vn -0.756961 -0.370492 0.538281
vn -0.756961 -0.370492 0.538281
vn -0.756961 -0.370492 0.538281
vn -0.923343 -0.345483 0.167569
vn -0.897619 -0.269339 0.348907
vn -0.897619 -0.269339 0.348907
vn -0.836581 -0.182598 0.516518
vn -0.749089 0.194337 0.633323
vn -0.780461 0.263138 0.567132
vn -0.780461 0.263138 0.567132
vn -0.803951 0.329280 0.495214
vn -0.748716 -0.063319 0.659860
vn -0.748716 -0.063319 0.659860
vn -0.748716 -0.063319 0.659860
vn -0.486003 0.797162 0.358237
vn -0.759850 0.518906 0.391617
vn -0.759850 0.518906 0.391617
vn -0.917036 0.160981 0.364871
vn -0.000493 -0.036270 0.999342
vn -0.011766 -0.065177 0.997804
vn -0.011766 -0.065177 0.997804
vn -0.023027 -0.094021 0.995304
vn -0.695815 -0.386188 0.605557
vn -0.695815 -0.386188 0.605557
vn -0.695815 -0.386188 0.605557
vn -0.527099 0.414975 0.741595
vn -0.527099 0.414975 0.741595
vn -0.527099 0.414975 0.741595
vn -0.769227 0.182997 0.612210
vn -0.769227 0.182997 0.612210
vn -0.769227 0.182997 0.612210
vn -0.694880 0.092743 0.713120
vn -0.694880 0.092743 0.713120
vn -0.694880 0.092743 0.713120
vn -0.025006 0.999685 0.002313
vn -0.011435 0.999933 0.001512
vn -0.011435 0.999933 0.001512
vn 0.002139 0.999997 0.000711
vn 0.002139 0.999998 0.000229
vn -0.150196 0.988652 0.002904
vn -0.150196 0.988652 0.002904
vn -0.299025 0.954229 0.005511
vn -0.013174 0.999913 0.000320
vn -0.013174 0.999913 0.000320
vn -0.013174 0.999913 0.000320
vn 0.000870 0.998388 0.056760
vn 0.000870 0.998388 0.056760
vn 0.000870 0.998388 0.056760
vn -0.013131 0.997001 0.076266
vn -0.007139 0.998856 0.047289
vn -0.007139 0.998856 0.047289
vn -0.001141 0.999833 0.018271
vn 0.000379 -0.315641 0.948879
vn 0.000379 -0.315641 0.948879
vn 0.000379 -0.315641 0.948879
vn -0.791598 -0.014367 0.610873
vn -0.852115 -0.272736 0.446672
vn -0.852115 -0.272736 0.446672
vn -0.829654 -0.504545 0.238975
vn -0.911296 0.080734 0.403760
vn -0.911296 0.080734 0.403760
vn -0.911296 0.080734 0.403760
vn -0.059046 -0.070093 0.995791
vn -0.047646 -0.028965 0.998444
vn -0.047646 -0.028965 0.998444
vn -0.036159 0.012216 0.999271
vn -0.411936 -0.906616 0.091409
vn -0.599893 -0.744496 0.293010
vn -0.599893 -0.744496 0.293010
vn -0.726508 -0.506248 0.464649
vn -0.502337 0.864372 0.022783
vn -0.364091 0.931252 0.014380
vn -0.364091 0.931252 0.014380
vn -0.217233 0.976104 0.005637
vn -0.895286 0.207028 0.394465
vn -0.895286 0.207028 0.394465
vn -0.895286 0.207028 0.394465
vn -0.501581 -0.637335 0.584996
vn -0.501581 -0.637335 0.584996
vn -0.501581 -0.637335 0.584996
vn -0.013310 0.998630 0.050615
vn -0.013310 0.998630 0.050615
vn -0.013310 0.998630 0.050615
vn -0.106329 0.001772 0.994329
vn -0.095509 0.004400 0.995419
vn -0.064304 0.070988 0.995402
vn -0.000850 0.203003 0.979178
vn -0.043010 0.105620 0.993476
vn -0.013164 0.999913 -0.001231
vn -0.012574 0.999921 -0.000801
vn -0.012574 0.999921 -0.000801
vn -0.011984 0.999928 -0.000370
vn -0.027621 0.997048 0.071636
vn -0.020384 0.997917 0.061201
vn -0.020384 0.997917 0.061201
vn -0.013143 0.998625 0.050756
vn -0.215537 -0.414439 0.884186
vn -0.293632 -0.226346 0.928735
vn -0.293632 -0.226346 0.928735
vn -0.358965 -0.028415 0.932918
vn -0.250083 -0.293076 0.922803
vn -0.249532 -0.272437 0.929253
vn -0.249532 -0.272437 0.929253
vn -0.248863 -0.251671 0.935269
vn -0.291882 0.005277 0.956440
vn -0.277006 0.053574 0.959373
vn -0.277006 0.053574 0.959373
vn -0.261421 0.101733 0.959849
vn -0.295837 -0.028392 0.954817
vn -0.293439 -0.018505 0.955799
vn -0.293439 -0.018505 0.955799
vn -0.291011 -0.008617 0.956681
vn -0.275572 0.168042 0.946479
vn -0.273256 0.175071 0.945876
vn -0.273256 0.175071 0.945876
vn -0.270926 0.182091 0.945221
vn -0.277024 0.226182 0.933863
vn -0.273448 0.234143 0.932954
vn -0.273448 0.234143 0.932954
vn -0.269851 0.242086 0.931973
vn -0.331465 -0.016327 0.943326
vn -0.331465 -0.016327 0.943326
vn -0.331465 -0.016327 0.943326
vn -0.299992 -0.038046 0.953183
vn -0.314294 -0.096517 0.944407
vn -0.314294 -0.096517 0.944407
vn -0.327433 -0.154631 0.932136
vn -0.312146 0.207900 0.927007
vn -0.312146 0.207900 0.927007
vn -0.312146 0.207900 0.927007
vn -0.186077 0.592448 0.783824
vn -0.186077 0.592448 0.783824
vn -0.186077 0.592448 0.783824
vn -0.389527 0.517314 0.762007
vn -0.487099 0.535459 0.689941
vn -0.487099 0.535459 0.689941
vn -0.577343 0.545549 0.607495
vn -0.999472 0.031908 0.006067
vn -0.996401 0.083762 0.013005
vn -0.996401 0.083762 0.013005
vn -0.990593 0.135386 0.019908
vn -0.631344 0.007450 0.775467
vn -0.533406 0.126568 0.836337
vn -0.533406 0.126568 0.836337
vn -0.420806 0.242206 0.874219
vn -0.943989 0.329906 -0.006858
vn -0.971320 0.235897 -0.029840
vn -0.971320 0.235897 -0.029840
vn -0.988828 0.139503 -0.052520
vn 0.510122 0.749360 0.422179
vn 0.592546 0.636170 0.494143
vn 0.592546 0.636170 0.494143
vn 0.660284 0.507213 0.553859
vn 0.000000 1.000000 -0.000001
vn 0.000000 1.000000 -0.000001
vn 0.000000 1.000000 -0.000001
vn 0.000000 1.000000 0.000000
vn 0.000000 1.000000 -0.000001
vn 0.000000 1.000000 -0.000000
vn 0.000000 1.000000 -0.000000
vn 0.000000 1.000000 0.000000
vn -0.000913 0.241146 0.970488
vn -0.000913 0.241146 0.970488
vn -0.000913 0.241146 0.970488
vn -0.925613 0.361837 0.110971
vn -0.741602 0.571543 0.351233
vn -0.741602 0.571543 0.351233
vn -0.457058 0.703769 0.543881
vn -0.000948 0.241226 0.970468
vn -0.000948 0.241226 0.970468
vn -0.000948 0.241226 0.970468
vn 0.467743 0.720316 0.512213
vn 0.467743 0.720316 0.512213
vn 0.467743 0.720316 0.512213
vn 0.697388 -0.410805 0.587273
vn 0.697388 -0.410805 0.587273
vn 0.697388 -0.410805 0.587273
vn -0.380199 0.118706 0.917256
vn -0.380199 0.118706 0.917256
vn -0.380199 0.118706 0.917256
vn -0.030145 0.327427 0.944396
vn -0.030145 0.327427 0.944396
vn -0.030145 0.327427 0.944396
vn 0.724347 -0.173823 0.667163
vn 0.724347 -0.173823 0.667163
vn 0.724347 -0.173823 0.667163
vn -0.709278 0.172969 0.683379
vn -0.706367 0.171387 0.686784
vn -0.706367 0.171387 0.686784
vn -0.703440 0.169801 0.690173
vn -0.000099 0.617048 -0.786925
vn 0.088107 0.468445 -0.879089
vn 0.088107 0.468445 -0.879089
vn 0.172932 0.301874 -0.937532
vn 0.000000 1.000000 0.000000
vn 0.000000 1.000000 0.000001
vn 0.000000 1.000000 0.000001
vn 0.000000 1.000000 0.000002
vn -0.180251 0.513084 -0.839199
vn -0.185615 0.517484 -0.835319
vn -0.185615 0.517484 -0.835319
vn -0.190967 0.521852 -0.831386
vn 0.000000 1.000000 -0.000000
vn 0.000000 1.000000 -0.000000
vn 0.000000 1.000000 -0.000000
vn 0.000000 1.000000 0.000000
vn 0.000000 1.000000 0.000002
vn 0.000000 1.000000 0.000001
vn 0.000000 1.000000 0.000001
vn 0.000000 1.000000 -0.000001
vn -0.181474 0.583789 -0.791365
vn -0.132164 0.381184 -0.915003
vn -0.132164 0.381184 -0.915003
vn -0.075087 0.156179 -0.984871
vn -0.122274 0.650145 -0.749907
vn -0.102706 0.611749 -0.784356
vn -0.102706 0.611749 -0.784356
vn -0.082826 0.571491 -0.816418
vn -0.077337 0.481469 -0.873045
vn -0.123775 0.445111 -0.886880
vn -0.123775 0.445111 -0.886880
vn -0.169758 0.407121 -0.897460
vn -0.060085 0.997635 0.033380
vn -0.060085 0.997635 0.033380
vn -0.060085 0.997635 0.033380
vn 0.822790 0.405263 0.398470
vn 0.822790 0.405263 0.398470
vn 0.822790 0.405263 0.398470
vn 0.303521 0.893093 0.332055
vn 0.232849 0.936716 0.261427
vn 0.232849 0.936716 0.261427
vn 0.159411 0.969206 0.187693
vn 0.267283 0.961260 -0.067379
vn 0.329635 0.924882 -0.189565
vn 0.329635 0.924882 -0.189565
vn 0.385348 0.869876 -0.307934
vn 0.190977 0.065644 -0.979397
vn 0.085845 0.334272 -0.938559
vn 0.085845 0.334272 -0.938559
vn -0.026574 0.574527 -0.818054
vn 0.086508 0.093210 -0.991881
vn 0.060888 0.062010 -0.996217
vn 0.060888 0.062010 -0.996217
vn 0.035168 0.030709 -0.998910
vn 0.026546 0.382653 0.923511
vn -0.188058 0.008709 0.982119
vn -0.188058 0.008709 0.982119
vn -0.367059 -0.366883 0.854789
vn 0.000000 1.000000 0.000000
vn 0.000000 1.000000 0.000000
vn 0.000000 1.000000 0.000000
vn 0.000000 1.000000 0.000000
vn 0.000000 1.000000 -0.000000
vn 0.000000 1.000000 -0.000000
vn 0.000000 1.000000 -0.000001
vn -0.051201 -0.299035 0.952868
vn -0.026867 -0.320860 0.946745
vn -0.026867 -0.320860 0.946745
vn -0.002503 -0.342330 0.939576
vn 0.000000 1.000000 0.000002
vn 0.000000 1.000000 0.000001
vn 0.000000 1.000000 0.000001
vn 0.000000 1.000000 0.000000
vn 0.000000 1.000000 0.000000
vn 0.000000 1.000000 0.000000
vn 0.000000 1.000000 0.000000
vn 0.000000 1.000000 0.000001
vn 0.000000 1.000000 0.000000
vn 0.000000 1.000000 0.000000
vn 0.000000 1.000000 0.000000
vn 0.000000 1.000000 0.000001
vn -0.003393 0.562746 0.826623
vn -0.003393 0.562746 0.826623
vn -0.003393 0.562746 0.826623
vn 0.000000 1.000000 0.000003
vn 0.000000 1.000000 0.000001
vn 0.000000 1.000000 0.000001
vn 0.000000 1.000000 0.000000
vn 0.097391 0.577428 0.810612
vn 0.097391 0.577428 0.810612
vn 0.097391 0.577428 0.810612
vn 0.123888 0.511689 0.850192
vn 0.123888 0.511689 0.850192
vn 0.123888 0.511689 0.850192
vn 0.011741 0.570224 0.821405
vn 0.011741 0.570224 0.821405
vn 0.011741 0.570224 0.821405
vn 0.020163 0.568119 0.822699
vn 0.020163 0.568119 0.822699
vn 0.020163 0.568119 0.822699
vn -0.305510 0.362310 0.880565
vn -0.173689 0.442720 0.879677
vn -0.173689 0.442720 0.879677
vn -0.037727 0.512574 0.857814
vn -0.108457 -0.131079 0.985422
vn -0.275265 -0.250313 0.928209
vn -0.275265 -0.250313 0.928209
vn -0.429599 -0.358205 0.828935
vn -0.077981 0.607107 0.790784
vn -0.077981 0.607107 0.790784
vn -0.077981 0.607107 0.790784
vn -0.060104 0.421720 0.904732
vn -0.060104 0.421720 0.904732
vn -0.060104 0.421720 0.904732
vn 0.279245 -0.191444 0.940942
vn 0.103824 0.105320 0.989004
vn 0.103824 0.105320 0.989004
vn -0.084176 0.389325 0.917246
vn -0.190687 0.591915 0.783119
vn -0.116967 0.565928 0.816115
vn -0.116967 0.565928 0.816115
vn -0.042404 0.535867 0.843237
vn 0.122450 -0.347439 0.929673
vn 0.220264 -0.259371 0.940325
vn 0.220264 -0.259371 0.940325
vn 0.314237 -0.166780 0.934580
vn 0.007144 -0.252865 0.967475
vn 0.007144 -0.252865 0.967475
vn 0.007144 -0.252865 0.967475
vn -0.001583 -0.256983 0.966415
vn -0.001583 -0.256983 0.966415
vn -0.001583 -0.256983 0.966415
vn 0.000000 1.000000 0.000000
vn 0.000000 1.000000 0.000000
vn 0.000000 1.000000 0.000000
vn 0.000000 1.000000 0.000000
vn 0.000000 1.000000 0.000000
vn 0.000000 1.000000 -0.000001
vn 0.000000 1.000000 -0.000001
vn 0.000000 1.000000 -0.000001
vn -0.001548 -0.256913 0.966433
vn -0.001548 -0.256913 0.966433
vn -0.001548 -0.256913 0.966433
vn 0.269839 -0.216937 0.938150
vn 0.089531 -0.360621 0.928406
vn 0.089531 -0.360621 0.928406
vn -0.095544 -0.485101 0.869223
vn -0.062258 0.082384 -0.994654
vn 0.353326 0.640277 -0.682060
vn 0.353326 0.640277 -0.682060
vn 0.563391 0.825740 0.027267
vn -0.341928 0.939582 -0.016449
vn -0.341928 0.939582 -0.016449
vn -0.341928 0.939582 -0.016449
vn 0.000000 1.000000 0.000000
vn 0.000000 1.000000 0.000000
vn 0.000000 1.000000 0.000000
vn 0.000000 1.000000 0.000000
vn 0.000000 1.000000 0.000001
vn 0.000000 1.000000 0.000001
vn 0.000000 1.000000 0.000001
vn 0.000000 1.000000 0.000000
vn 0.000000 1.000000 0.000001
vn 0.000000 1.000000 0.000001
vn 0.000000 1.000000 0.000001
vn 0.000000 1.000000 -0.000001
vn 0.000000 1.000000 -0.000000
vn 0.000000 1.000000 -0.000000
vn 0.000000 1.000000 0.000000
vn -0.238300 0.097305 -0.966305
vn -0.238300 0.097305 -0.966305
vn -0.238300 0.097305 -0.966305
vn 0.000000 1.000000 0.000000
vn 0.000000 1.000000 -0.000000
vn 0.000000 1.000000 -0.000000
vn 0.000000 1.000000 -0.000000
vn 0.005052 0.799854 0.600173
vn 0.073005 0.918161 -0.389423
vn 0.073005 0.918161 -0.389423
vn 0.068105 0.120223 -0.990408
vn 0.078839 0.105994 -0.991237
vn 0.078839 0.105994 -0.991237
vn 0.078839 0.105994 -0.991237
vn 0.000000 1.000000 0.000000
vn 0.000000 1.000000 -0.000000
vn 0.000000 1.000000 -0.000000
vn 0.000000 1.000000 -0.000001
vn 0.000000 1.000000 -0.000001
vn 0.000000 1.000000 -0.000001
vn 0.000000 1.000000 -0.000001
vn 0.000000 1.000000 0.000000
vn -0.026924 0.546996 0.836702
vn -0.006459 0.577197 0.816580
vn -0.006459 0.577197 0.816580
vn 0.014016 0.606395 0.795040
vn -0.040945 0.639679 0.767551
vn -0.040945 0.639679 0.767551
vn -0.040945 0.639679 0.767551
vn 0.044188 0.668867 0.742067
vn -0.014387 0.717494 0.696416
vn -0.014387 0.717494 0.696416
vn -0.072849 0.760466 0.645278
vn 0.047021 -0.045203 0.997871
vn -0.012129 0.077322 0.996932
vn -0.012129 0.077322 0.996932
vn -0.071054 0.198416 0.977539
vn -0.029519 0.768048 0.639712
vn 0.018631 0.681234 0.731829
vn 0.018631 0.681234 0.731829
vn 0.066438 0.581926 0.810523
vn 0.152325 -0.386405 0.909664
vn 0.152325 -0.386405 0.909664
vn 0.152325 -0.386405 0.909664
vn -0.080976 0.108893 0.990750
vn -0.080976 0.108893 0.990750
vn -0.080976 0.108893 0.990750
vn 0.001608 -0.208283 0.978067
vn 0.001608 -0.208283 0.978067
vn 0.001608 -0.208283 0.978067
vn -0.000542 0.102021 0.994782
vn -0.053058 -0.174326 0.983258
vn -0.053058 -0.174326 0.983258
vn -0.101368 -0.436856 0.893802
vn -0.000004 0.999995 0.003035
vn -0.000026 0.999995 0.003043
vn -0.000026 0.999995 0.003043
vn -0.000048 0.999995 0.003051
vn -0.000017 0.999995 0.003305
vn 0.000226 0.999995 0.003169
vn 0.000226 0.999995 0.003169
vn 0.000468 0.999995 0.003034
vn 0.000048 0.999995 0.003090
vn -0.000732 0.999995 0.003193
vn -0.000732 0.999995 0.003193
vn -0.001512 0.999993 0.003297
vn -0.000822 1.000000 0.000032
vn -0.000387 1.000000 0.000014
vn -0.000387 1.000000 0.000014
vn 0.000048 1.000000 -0.000003
vn 0.000000 1.000000 -0.000069
vn -0.000002 1.000000 -0.000069
vn -0.000002 1.000000 -0.000069
vn -0.000003 1.000000 -0.000069
vn -0.000229 1.000000 -0.000013
vn -0.000122 1.000000 -0.000041
vn -0.000122 1.000000 -0.000041
vn -0.000016 1.000000 -0.000069
vn 0.093058 -0.058316 0.993951
vn 0.093058 -0.058316 0.993951
vn 0.093058 -0.058316 0.993951
vn -0.999629 0.026707 0.005270
vn -0.999639 0.026388 0.005085
vn -0.999639 0.026388 0.005085
vn -0.999648 0.026070 0.004900
vn -0.004040 -0.035933 0.999346
vn 0.056637 0.024714 0.998089
vn 0.056637 0.024714 0.998089
vn 0.116897 0.085179 0.989485
vn 0.040551 0.078820 0.996064
vn 0.040551 0.078820 0.996064
vn 0.040551 0.078820 0.996064
vn 0.183229 -0.045759 0.982005
vn 0.161520 -0.054379 0.985370
vn 0.161520 -0.054379 0.985370
vn 0.139721 -0.062969 0.988187
vn 0.204233 -0.202270 0.957797
vn 0.204233 -0.202270 0.957797
vn 0.204233 -0.202270 0.957797
vn 0.000000 1.000000 -0.000002
vn 0.000000 1.000000 -0.000001
vn 0.000000 1.000000 -0.000001
vn 0.000001 1.000000 0.000000
vn 0.000000 1.000000 0.000005
vn 0.000000 1.000000 0.000005
vn 0.000000 1.000000 0.000005
vn 0.000000 1.000000 0.000000
vn 0.000000 1.000000 0.000000
vn 0.000000 1.000000 0.000000
vn 0.830438 0.241264 -0.502161
vn 0.830438 0.241264 -0.502161
vn 0.830438 0.241264 -0.502161
vn 0.639119 0.768972 0.014462
vn 0.645243 0.763786 0.017084
vn 0.645243 0.763786 0.017084
vn 0.651322 0.758546 0.019705
vn 0.629808 0.776507 0.019491
vn 0.648833 0.760842 0.011596
vn 0.648833 0.760842 0.011596
vn 0.667425 0.744668 0.003693
vn 0.557358 0.533273 -0.636374
vn 0.557358 0.533273 -0.636374
vn 0.557358 0.533273 -0.636374
vn 0.614791 0.786500 -0.058737
vn 0.614791 0.786500 -0.058737
vn 0.614791 0.786500 -0.058737
vn 0.664726 0.746553 0.028229
vn 0.652175 0.758030 -0.007646
vn 0.652175 0.758030 -0.007646
vn 0.638595 0.768312 -0.043510
vn 0.646898 0.761290 -0.044276
vn 0.657438 0.753295 -0.017914
vn 0.657438 0.753295 -0.017914
vn 0.667406 0.744646 0.008463
vn 0.000022 1.000000 0.000055
vn 0.000011 1.000000 -0.000024
vn 0.000011 1.000000 -0.000024
vn 0.000001 1.000000 -0.000103
vn 0.617246 0.784929 -0.053794
vn 0.617246 0.784929 -0.053794
vn 0.617246 0.784929 -0.053794
vn -0.401525 0.912475 0.078526
vn -0.440179 0.891508 0.107038
vn -0.440179 0.891508 0.107038
vn -0.477623 0.868091 0.135256
vn -0.742876 0.652073 0.151451
vn -0.745191 0.649098 0.152849
vn -0.745191 0.649098 0.152849
vn -0.747494 0.646112 0.154244
vn 0.602073 0.522513 0.603728
vn 0.602073 0.522513 0.603728
vn 0.602073 0.522513 0.603728
vn -0.016434 0.331434 0.943336
vn -0.039565 0.342395 0.938723
vn -0.039565 0.342395 0.938723
vn -0.062670 0.353125 0.933475
vn -0.381300 0.574575 0.724205
vn -0.381300 0.574575 0.724205
vn -0.381300 0.574575 0.724205
vn -0.071147 0.414679 0.907182
vn -0.071147 0.414679 0.907182
vn -0.071147 0.414679 0.907182
vn -0.167142 -0.338239 0.926098
vn -0.033153 -0.093708 0.995048
vn -0.033153 -0.093708 0.995048
vn 0.103572 0.158554 0.981903
vn -0.505674 0.426062 0.750177
vn -0.505674 0.426062 0.750177
vn -0.505674 0.426062 0.750177
vn 0.810218 0.159116 0.564118
vn 0.810218 0.159116 0.564118
vn 0.810218 0.159116 0.564118
vn -0.136923 -0.001057 0.990581
vn -0.136923 -0.001057 0.990581
vn -0.136923 -0.001057 0.990581
vn -0.004488 -0.332106 0.943231
vn -0.004488 -0.332106 0.943231
vn -0.004488 -0.332106 0.943231
vn -0.117283 -0.151154 0.981528
vn -0.125972 -0.136339 0.982620
vn -0.092337 -0.162418 0.982392
vn -0.120535 -0.139575 0.982848
vn -0.058485 -0.188240 0.980380
vn -0.010398 -0.218280 0.975831
vn 0.083088 0.867487 0.490472
vn 0.096597 0.858393 0.503816
vn 0.096597 0.858393 0.503816
vn 0.110063 0.848919 0.516936
vn -0.995738 0.078865 -0.047805
vn -0.995738 0.078865 -0.047805
vn -0.995738 0.078865 -0.047805
vn -0.968508 -0.248956 0.003626
vn -0.968508 -0.248956 0.003626
vn -0.968508 -0.248956 0.003626
vn -0.995305 0.096532 -0.007005
vn -0.999921 0.000922 -0.012518
vn -0.999921 0.000922 -0.012518
vn -0.995345 -0.094695 -0.017917
vn -0.999607 0.026815 -0.008126
vn -0.999607 0.026815 -0.008126
vn -0.999607 0.026815 -0.008126
vn -0.668183 -0.743913 -0.011182
vn -0.668183 -0.743913 -0.011182
vn -0.668183 -0.743913 -0.011182
vn -0.977732 -0.209809 -0.004419
vn -0.977732 -0.209809 -0.004419
vn -0.977732 -0.209809 -0.004419
vn -0.892505 0.450910 -0.010684
vn -0.912707 0.408359 -0.014455
vn -0.912707 0.408359 -0.014455
vn -0.930871 0.364896 -0.018194
vn -0.982329 0.181230 -0.046746
vn -0.999447 0.027276 -0.019043
vn -0.999447 0.027276 -0.019043
vn -0.991815 -0.127355 0.009132
vn -0.384385 0.922725 0.028755
vn -0.384385 0.922725 0.028755
vn -0.384385 0.922725 0.028755
vn -0.928812 -0.369692 -0.025214
vn -0.928812 -0.369692 -0.025214
vn -0.928812 -0.369692 -0.025214
vn -0.122312 -0.731655 0.670613
vn 0.480873 -0.517891 0.707496
vn 0.480873 -0.517891 0.707496
vn 0.886473 -0.091333 0.453678
vn -0.761163 0.643091 -0.084054
vn -0.640161 0.763166 -0.088159
vn -0.640161 0.763166 -0.088159
vn -0.500545 0.861051 -0.089701
vn 0.002034 0.889168 -0.457577
vn -0.045016 0.868967 -0.492817
vn -0.045016 0.868967 -0.492817
vn -0.091893 0.845410 -0.526154
vn -0.153386 0.825522 -0.543126
vn -0.105682 0.800335 -0.590166
vn -0.105682 0.800335 -0.590166
vn -0.057438 0.771047 -0.634183
vn -0.208190 0.830985 -0.515869
vn -0.182222 0.851654 -0.491406
vn -0.182222 0.851654 -0.491406
vn -0.155945 0.870876 -0.466108
vn -0.115250 -0.007086 0.993311
vn -0.184661 0.611369 0.769499
vn -0.184661 0.611369 0.769499
vn -0.173301 0.962414 0.209110
vn -0.003012 0.027706 0.999612
vn -0.003013 0.027685 0.999612
vn -0.003013 0.027685 0.999612
vn -0.003015 0.027665 0.999613
vn 0.022409 0.099990 0.994736
vn 0.023030 0.061248 0.997857
vn 0.023030 0.061248 0.997857
vn 0.023617 0.022413 0.999470
vn -0.229197 0.737850 -0.634859
vn -0.310443 0.722565 -0.617677
vn -0.310443 0.722565 -0.617677
vn -0.389476 0.702128 -0.596092
vn -0.353155 0.727120 -0.588709
vn -0.385176 0.723737 -0.572577
vn -0.385176 0.723737 -0.572577
vn -0.416698 0.719415 -0.555702
vn -0.417358 0.702620 0.576314
vn -0.498140 0.748564 0.437617
vn -0.498140 0.748564 0.437617
vn -0.565037 0.773643 0.286722
vn -0.594230 0.804181 0.013592
vn -0.594230 0.804181 0.013592
vn -0.594230 0.804181 0.013592
vn -0.328935 0.846992 0.417619
vn -0.387614 0.893748 0.225766
vn -0.387614 0.893748 0.225766
vn -0.429844 0.902575 0.024331
vn 1.000000 -0.000000 0.000000
vn 1.000000 -0.000000 0.000000
vn 1.000000 -0.000000 0.000000
vn 1.000000 0.000000 0.000000
vn 1.000000 0.000000 0.000000
vn 1.000000 0.000000 0.000000
vn 0.999989 0.000034 -0.004661
vn 0.999989 0.000034 -0.004661
vn 0.999989 0.000034 -0.004661
vn -0.021187 -0.123628 -0.992103
vn -0.043052 -0.029452 -0.998639
vn -0.043052 -0.029452 -0.998639
vn -0.064512 0.065001 -0.995798
vn -0.001069 -0.096686 -0.995314
vn 0.004851 -0.097201 -0.995253
vn 0.004851 -0.097201 -0.995253
vn 0.010772 -0.097713 -0.995156
vn 0.006204 -0.107619 -0.994173
vn -0.001525 -0.105510 -0.994417
vn -0.001525 -0.105510 -0.994417
vn -0.009254 -0.103394 -0.994597
vn 0.255681 0.078918 -0.963535
vn 0.244735 0.079592 -0.966318
vn 0.244735 0.079592 -0.966318
vn 0.233758 0.080255 -0.968977
vn 0.357314 0.143268 -0.922931
vn 0.348887 0.145087 -0.925866
vn 0.348887 0.145087 -0.925866
vn 0.340431 0.146894 -0.928724
vn 0.316056 -0.125505 -0.940403
vn 0.219557 -0.075537 -0.972671
vn 0.219557 -0.075537 -0.972671
vn 0.120237 -0.024598 -0.992440
vn 0.978663 -0.176887 0.104547
vn 0.978663 -0.176887 0.104547
vn 0.978663 -0.176887 0.104547
vn -0.992270 0.070946 0.101818
vn -0.959366 0.243255 0.142982
vn -0.959366 0.243255 0.142982
vn -0.895314 0.407666 0.179503
vn -0.993188 -0.050522 0.105000
vn -0.993895 -0.044783 0.100838
vn -0.993895 -0.044783 0.100838
vn -0.994550 -0.039041 0.096671
vn 0.945596 -0.100216 0.309524
vn 0.961564 -0.188828 0.199346
vn 0.961564 -0.188828 0.199346
vn 0.958064 -0.273617 0.085132
vn 0.742897 -0.669007 -0.023087
vn 0.846417 -0.514630 0.136871
vn 0.846417 -0.514630 0.136871
vn 0.899037 -0.329306 0.288599
vn 0.007828 0.423753 0.905744
vn 0.007828 0.423753 0.905744
vn 0.007828 0.423753 0.905744
vn -0.982874 -0.023521 0.182773
vn -0.982874 -0.023521 0.182773
vn -0.982874 -0.023521 0.182773
vn 0.101367 0.228721 0.968200
vn 0.082417 0.313626 0.945963
vn 0.082417 0.313626 0.945963
vn 0.062802 0.396003 0.916099
vn -0.695105 0.036433 0.717985
vn -0.634195 0.193380 0.748599
vn -0.634195 0.193380 0.748599
vn -0.554716 0.344665 0.757295
vn 0.742703 0.441747 0.503241
vn 0.742703 0.441747 0.503241
vn 0.742703 0.441747 0.503241
vn 0.468424 -0.721457 0.509979
vn 0.468424 -0.721457 0.509979
vn 0.468424 -0.721457 0.509979
vn 0.771565 -0.398220 0.496094
vn 0.629887 -0.598515 0.494997
vn 0.629887 -0.598515 0.494997
vn 0.450295 -0.762785 0.464106
vn 0.751715 -0.626333 0.206474
vn 0.722622 -0.669055 0.173732
vn 0.722622 -0.669055 0.173732
vn 0.690824 -0.709273 0.140338
vn 0.953798 -0.224152 0.200061
vn 0.953798 -0.224152 0.200061
vn 0.953798 -0.224152 0.200061
vn 0.779358 0.503016 0.373598
vn 0.779358 0.503016 0.373598
vn 0.779358 0.503016 0.373598
vn 0.171159 0.585451 0.792434
vn 0.171159 0.585451 0.792434
vn 0.171159 0.585451 0.792434
vn 0.512195 0.837317 0.191197
vn 0.512195 0.837317 0.191197
vn 0.512195 0.837317 0.191197
vn 0.767980 0.049539 0.638555
vn 0.767980 0.049539 0.638555
vn 0.767980 0.049539 0.638555
vn 0.940674 -0.186583 0.283406
vn 0.966224 -0.073773 0.246920
vn 0.966224 -0.073773 0.246920
vn 0.977560 0.040122 0.206803
vn 0.535693 0.528954 0.658210
vn 0.293556 0.737628 0.608054
vn 0.004792 0.834184 0.551466
vn -0.274442 0.868675 0.412414
vn -0.543828 0.786793 0.291905
vn 0.716280 -0.660270 0.225801
vn 0.716280 -0.660270 0.225801
vn 0.716280 -0.660270 0.225801
vn 0.188025 0.982145 0.006103
vn 0.188025 0.982145 0.006103
vn 0.188025 0.982145 0.006103
vn -0.013419 0.998638 0.050418
vn 0.087511 0.995812 0.026449
vn 0.087511 0.995812 0.026449
vn 0.187498 0.982263 0.002196
vn 0.869787 -0.492223 0.034459
vn 0.866776 -0.487695 0.104183
vn 0.866776 -0.487695 0.104183
vn 0.859525 -0.480782 0.173396
vn -0.305533 -0.217342 0.927045
vn -0.305533 -0.217342 0.927045
vn -0.305533 -0.217342 0.927045
vn 0.095836 -0.639336 0.762932
vn 0.520534 -0.304974 0.797518
vn 0.520534 -0.304974 0.797518
vn 0.792526 0.118855 0.598144
vn 0.788674 -0.607023 0.097547
vn 0.788674 -0.607023 0.097547
vn 0.788674 -0.607023 0.097547
vn -0.011632 -0.218292 0.975814
vn -0.009562 -0.221271 0.975166
vn -0.009562 -0.221271 0.975166
vn -0.007492 -0.224246 0.974504
vn 0.990079 0.083484 0.113019
vn 0.990079 0.083484 0.113019
vn 0.990079 0.083484 0.113019
vn 0.978707 -0.178704 0.100983
vn 0.978707 -0.178704 0.100983
vn 0.978707 -0.178704 0.100983
vn 0.848083 -0.529824 0.006499
vn 0.950972 -0.309240 0.004739
vn 0.950972 -0.309240 0.004739
vn 0.997520 -0.070335 0.002698
vn 0.996024 -0.010981 0.088409
vn 0.993186 -0.092535 0.070852
vn 0.993186 -0.092535 0.070852
vn 0.983427 -0.173444 0.052801
vn 0.970589 -0.054936 0.234390
vn 0.955783 0.028071 0.292730
vn 0.955783 0.028071 0.292730
vn 0.930929 0.110783 0.347993
vn 0.000000 0.000000 1.000000
vn -0.000000 0.000000 1.000000
vn -0.000000 0.000000 1.000000
vn -0.000001 0.000000 1.000000
vn 0.089871 0.009465 0.995908
vn 0.089871 0.009465 0.995908
vn 0.089871 0.009465 0.995908
vn 0.096280 0.129514 0.986892
vn 0.094452 0.138050 0.985911
vn 0.064006 0.243826 0.967705
vn 0.047297 0.300411 0.952637
vn 0.000712 0.446208 0.894929
vn 0.040652 0.004923 0.999161
vn 0.040652 0.004923 0.999161
vn 0.040652 0.004923 0.999161
vn 0.547346 0.836703 0.018465
vn 0.546119 0.837661 -0.008848
vn 0.546119 0.837661 -0.008848
vn 0.544485 0.837991 -0.036154
vn 0.596603 0.802527 0.003795
vn 0.595343 0.803394 0.011146
vn 0.595343 0.803394 0.011146
vn 0.594049 0.804216 0.018497
vn 0.958744 0.273216 0.078506
vn 0.958744 0.273216 0.078506
vn 0.958744 0.273216 0.078506
vn -0.011481 -0.259272 0.965736
vn 0.041203 -0.131706 0.990432
vn 0.041203 -0.131706 0.990432
vn 0.093077 -0.001551 0.995658
vn -0.044419 0.064177 0.996949
vn -0.044419 0.064177 0.996949
vn -0.044419 0.064177 0.996949
vn -0.103331 0.015879 0.994520
vn -0.103331 0.015879 0.994520
vn -0.103331 0.015879 0.994520
vn 0.230431 0.148875 0.961633
vn 0.129448 0.200746 0.971053
vn 0.129448 0.200746 0.971053
vn 0.026787 0.250013 0.967872
vn 0.026357 0.109478 0.993640
vn 0.012986 0.111854 0.993640
vn 0.012986 0.111854 0.993640
vn -0.000387 0.114209 0.993457
vn -0.000033 0.999172 -0.040684
vn 0.068894 0.997419 -0.020225
vn 0.068894 0.997419 -0.020225
vn 0.137464 0.990507 0.000339
vn -0.824108 0.546805 -0.147821
vn -0.824108 0.546805 -0.147821
vn -0.824108 0.546805 -0.147821
vn 0.759391 0.481213 0.437904
vn 0.455094 0.585753 0.670659
vn 0.455094 0.585753 0.670659
vn 0.079029 0.597920 0.797650
vn 0.295369 0.648959 0.701149
vn 0.162610 0.708728 0.686486
vn 0.146387 0.855105 0.497359
vn 0.085137 0.736093 0.671505
vn 0.167036 0.316907 0.933632
vn 0.098139 -0.229347 0.968385
vn 0.049529 -0.073086 0.996095
vn 0.049529 -0.073086 0.996095
vn -0.000446 0.085188 0.996365
vn -0.011657 0.999420 -0.032003
vn -0.005814 0.999322 -0.036344
vn -0.005814 0.999322 -0.036344
vn 0.000028 0.999172 -0.040683
vn -0.887532 0.456170 0.064768
vn -0.925425 0.343592 0.159791
vn -0.925425 0.343592 0.159791
vn -0.941904 0.223063 0.251117
vn 0.402236 0.776857 0.484457
vn 0.402236 0.776857 0.484457
vn 0.402236 0.776857 0.484457
vn -0.014310 0.999699 -0.019954
vn -0.012861 0.999632 -0.023908
vn -0.012861 0.999632 -0.023908
vn -0.011412 0.999547 -0.027862
vn 0.139183 0.989874 -0.027904
vn 0.134558 0.990376 -0.032404
vn 0.134558 0.990376 -0.032404
vn 0.129927 0.990837 -0.036903
vn 0.311753 0.949529 -0.034710
vn 0.366562 0.928964 0.051561
vn 0.366562 0.928964 0.051561
vn 0.417386 0.898301 0.137273
vn 0.005805 0.903888 0.427729
vn -0.011999 0.903053 0.429361
vn -0.011999 0.903053 0.429361
vn -0.029799 0.901929 0.430856
vn 0.010436 0.959150 0.282707
vn 0.007561 0.958885 0.283696
vn 0.007561 0.958885 0.283696
vn 0.004686 0.958610 0.284682
vn 0.571503 0.819199 -0.047928
vn 0.305321 0.946902 -0.100776
vn 0.305321 0.946902 -0.100776
vn 0.011674 0.989428 -0.144558
vn 0.567812 0.759149 -0.318249
vn 0.567812 0.759149 -0.318249
vn 0.567812 0.759149 -0.318249
vn 0.000510 0.925108 0.379704
vn -0.006310 0.923486 0.383580
vn -0.006310 0.923486 0.383580
vn -0.013129 0.921805 0.387432
vn 0.694054 0.650339 0.308785
vn 0.727215 0.668373 0.156321
vn 0.727215 0.668373 0.156321
vn 0.742435 0.669918 0.000000
vn -0.046824 0.998903 0.000005
vn -0.047236 0.998864 0.006349
vn -0.048489 0.998815 0.004223
vn -0.049880 0.998746 0.004221
vn -0.050995 0.998699 -0.000015
vn -0.050994 0.998699 0.000000
vn -0.669261 0.741197 0.052121
vn -0.301865 0.942646 0.142463
vn -0.301865 0.942646 0.142463
vn 0.120992 0.970909 0.206631
vn -0.792702 0.561449 0.237484
vn -0.792702 0.561449 0.237484
vn -0.792702 0.561449 0.237484
vn -0.004671 0.936536 0.350540
vn -0.002096 0.937006 0.349308
vn -0.002096 0.937006 0.349308
vn 0.000480 0.937467 0.348073
vn 0.987184 0.138509 0.079263
vn 0.987184 0.138509 0.079263
vn 0.987184 0.138509 0.079263
vn -0.567259 0.565123 0.599044
vn 0.313918 0.736658 0.598991
vn 0.313918 0.736658 0.598991
vn 0.942110 0.314522 0.116213
vn -0.011762 0.999873 -0.010768
vn -0.006606 0.999858 -0.015522
vn -0.006606 0.999858 -0.015522
vn -0.001450 0.999793 -0.020276
vn 0.011869 0.948062 0.317865
vn 0.001652 0.947087 0.320974
vn 0.001652 0.947087 0.320974
vn -0.008566 0.946003 0.324046
vn 0.994515 0.103944 0.011667
vn 0.994515 0.103944 0.011667
vn 0.994515 0.103944 0.011667
vn -0.024353 0.998905 -0.039937
vn -0.024353 0.998905 -0.039937
vn -0.024353 0.998905 -0.039937
vn -0.053378 0.997940 -0.035599
vn -0.022962 0.998668 0.046204
vn -0.022962 0.998668 0.046204
vn 0.007628 0.991789 0.127656
vn 0.978508 0.131585 0.158771
vn 0.978508 0.131585 0.158771
vn 0.978508 0.131585 0.158771
vn -0.031390 0.929509 0.367461
vn -0.006629 0.929226 0.369452
vn -0.006629 0.929226 0.369452
vn 0.018137 0.928370 0.371215
vn -0.999999 0.001522 0.000575
vn -1.000000 0.000759 0.000247
vn -1.000000 0.000759 0.000247
vn -1.000000 -0.000004 -0.000081
vn 0.989557 0.089576 -0.112926
vn 0.957038 -0.049848 -0.285646
vn 0.957038 -0.049848 -0.285646
vn 0.876352 -0.186765 -0.443989
vn 0.070827 0.930187 0.360189
vn 0.044515 0.930498 0.363582
vn 0.044515 0.930498 0.363582
vn 0.018171 0.930154 0.366719
vn 0.891261 -0.206863 -0.403561
vn 0.674922 0.129223 -0.726486
vn 0.674922 0.129223 -0.726486
vn 0.280379 0.431189 -0.857592
vn -0.060767 0.989985 0.127429
vn -0.060767 0.989985 0.127429
vn -0.060767 0.989985 0.127429
vn 0.666129 0.510804 0.543463
vn 0.666129 0.510804 0.543463
vn 0.666129 0.510804 0.543463
vn 0.981337 -0.016461 0.191588
vn 0.935635 0.341225 0.090294
vn 0.935635 0.341225 0.090294
vn 0.758673 0.651041 -0.023668
vn 0.976011 0.217429 0.011310
vn 0.985249 0.171088 -0.003704
vn 0.985249 0.171088 -0.003704
vn 0.992065 0.124327 -0.018708
vn 0.989539 0.143536 0.014520
vn 0.990856 0.132563 0.025130
vn 0.990856 0.132563 0.025130
vn 0.991941 0.121560 0.035734
vn 0.998835 -0.046353 -0.013448
vn 0.998720 0.049274 0.011398
vn 0.998720 0.049274 0.011398
vn 0.988856 0.144421 0.036132
vn 0.976881 0.212853 0.019912
vn 0.996461 0.081976 -0.018573
vn 0.996461 0.081976 -0.018573
vn 0.997115 -0.050458 -0.056705
vn 0.976536 0.210636 0.044843
vn 0.976536 0.210636 0.044843
vn 0.976536 0.210636 0.044843
vn 0.044776 0.064215 0.996931
vn 0.044776 0.064215 0.996931
vn 0.044776 0.064215 0.996931
vn 0.105317 0.015026 0.994325
vn 0.105317 0.015026 0.994325
vn 0.105317 0.015026 0.994325
vn -0.027035 0.250033 0.967860
vn -0.130799 0.200739 0.970874
vn -0.130799 0.200739 0.970874
vn -0.232835 0.148794 0.961066
vn 0.000391 0.114209 0.993457
vn -0.013107 0.111889 0.993634
vn -0.013107 0.111889 0.993634
vn -0.026602 0.109548 0.993626
vn 0.000092 1.000000 0.000001
vn 0.000070 1.000000 0.000007
vn 0.000070 1.000000 0.000007
vn 0.000049 1.000000 0.000013
vn -0.953701 0.262820 0.146217
vn -0.953701 0.262820 0.146217
vn -0.953701 0.262820 0.146217
vn 0.137159 0.836622 0.530330
vn -0.017154 0.697124 0.716745
vn -0.064026 0.714760 0.696432
vn -0.095076 0.605475 0.790165
vn 0.072844 0.657613 0.749826
vn -0.912821 -0.117698 0.391032
vn -0.970447 0.078102 0.228325
vn -0.970447 0.078102 0.228325
vn -0.961955 0.268581 0.050062
vn -0.991427 0.130301 -0.009697
vn -0.992679 0.120039 -0.013389
vn -0.992679 0.120039 -0.013389
vn -0.993811 0.109764 -0.017079
vn 0.099871 0.927186 0.361044
vn 0.099871 0.927186 0.361044
vn 0.099871 0.927186 0.361044
vn -0.989753 0.142593 -0.007460
vn -0.992077 0.125126 0.011218
vn -0.992077 0.125126 0.011218
vn -0.993747 0.107577 0.029889
vn 0.003766 0.999300 -0.037217
vn 0.000901 0.999404 -0.034505
vn 0.000901 0.999404 -0.034505
vn -0.001963 0.999493 -0.031793
vn 0.139215 0.973453 -0.181680
vn 0.182073 0.973976 -0.134984
vn 0.182073 0.973976 -0.134984
vn 0.224200 0.970585 -0.087746
vn 0.031391 0.903638 0.427144
vn 0.012929 0.904844 0.425547
vn 0.012929 0.904844 0.425547
vn -0.005537 0.905738 0.423803
vn -0.004493 0.958563 0.284845
vn -0.007835 0.958861 0.283769
vn -0.007835 0.958861 0.283769
vn -0.011178 0.959146 0.282690
vn -0.031075 0.997831 -0.058036
vn -0.021747 0.998141 -0.056928
vn -0.021747 0.998141 -0.056928
vn -0.012417 0.998364 -0.055815
vn 0.126709 0.961151 -0.245220
vn 0.126709 0.961151 -0.245220
vn 0.126709 0.961151 -0.245220
vn -0.999895 0.013625 0.005033
vn -0.996656 0.079128 0.020397
vn -0.996656 0.079128 0.020397
vn -0.988895 0.144272 0.035669
vn 0.009666 0.981616 0.190621
vn 0.365801 0.921561 0.130061
vn 0.365801 0.921561 0.130061
vn 0.672879 0.737918 0.052059
vn 0.803019 0.555306 0.216321
vn 0.803019 0.555306 0.216321
vn 0.803019 0.555306 0.216321
vn -0.989647 0.142881 0.013556
vn -0.997016 0.076997 -0.005604
vn -0.997016 0.076997 -0.005604
vn -0.999636 0.010746 -0.024737
vn -0.987357 0.137500 0.078867
vn -0.987357 0.137500 0.078867
vn -0.987357 0.137500 0.078867
vn 0.570716 0.563510 0.597278
vn -0.313023 0.736565 0.599574
vn -0.313023 0.736565 0.599574
vn -0.942917 0.312305 0.115648
vn 0.001462 0.999793 -0.020277
vn 0.006664 0.999857 -0.015522
vn 0.006664 0.999857 -0.015522
vn 0.011865 0.999872 -0.010766
vn -0.989451 0.141128 0.032702
vn -0.989451 0.141128 0.032702
vn -0.989451 0.141128 0.032702
vn -0.994614 0.103016 0.011452
vn -0.994614 0.103016 0.011452
vn -0.994614 0.103016 0.011452
vn 0.024554 0.998902 -0.039902
vn 0.024554 0.998902 -0.039902
vn 0.024554 0.998902 -0.039902
vn -0.007265 0.991792 0.127654
vn 0.021934 0.998700 0.046021
vn 0.021934 0.998700 0.046021
vn 0.050966 0.998053 -0.035961
vn -0.978789 0.130642 0.157815
vn -0.978789 0.130642 0.157815
vn -0.978789 0.130642 0.157815
vn 0.032962 0.929449 0.367475
vn 0.006804 0.929208 0.369495
vn 0.006804 0.929208 0.369495
vn -0.019358 0.928326 0.371262
vn 0.999992 0.002025 -0.003560
vn 0.999991 0.000844 -0.004067
vn 0.999991 0.000844 -0.004067
vn 0.999990 -0.000337 -0.004574
vn -0.910121 0.261400 -0.321481
vn -0.882826 0.150638 -0.444890
vn -0.882826 0.150638 -0.444890
vn -0.830597 0.035621 -0.555733
vn 1.000000 -0.000000 0.000000
vn 1.000000 -0.000000 0.000000
vn 1.000000 -0.000000 0.000000
vn 1.000000 0.000000 0.000000
vn -0.019401 0.930035 0.366960
vn -0.051785 0.930064 0.363729
vn -0.051785 0.930064 0.363729
vn -0.084115 0.929109 0.360112
vn -0.320368 0.459100 -0.828608
vn -0.701361 0.230981 -0.674345
vn -0.701361 0.230981 -0.674345
vn -0.927359 -0.048183 -0.371058
vn 0.072012 0.989242 0.127334
vn 0.072012 0.989242 0.127334
vn 0.072012 0.989242 0.127334
vn -0.781101 0.414096 0.467340
vn -0.469835 0.552488 0.688485
vn -0.469835 0.552488 0.688485
vn -0.081073 0.599751 0.796069
vn -0.100409 -0.248508 0.963412
vn -0.050760 -0.082945 0.995261
vn -0.050760 -0.082945 0.995261
vn 0.000457 0.085180 0.996365
vn -0.000007 1.000000 0.000017
vn -0.000008 1.000000 0.000015
vn -0.000008 1.000000 0.000015
vn -0.000010 1.000000 0.000013
vn 0.000369 0.999354 -0.035938
vn 0.001140 0.999426 -0.033866
vn 0.001140 0.999426 -0.033866
vn 0.001910 0.999493 -0.031795
vn 0.000279 0.933021 0.359822
vn -0.000110 0.932937 0.360040
vn -0.000110 0.932937 0.360040
vn -0.000498 0.932852 0.360258
vn 0.004609 0.936573 0.350442
vn 0.002061 0.937024 0.349259
vn 0.002061 0.937024 0.349259
vn -0.000487 0.937467 0.348073
vn -0.011306 0.948020 0.318010
vn -0.001440 0.947063 0.321043
vn -0.001440 0.947063 0.321043
vn 0.008426 0.946005 0.324042
f 304/300/1 83/86/2 331/331/3
f 331/331/3 83/86/2 330/330/4
f 90/93/5 307/303/6 310/306/7
f 329/329/8 166/173/9 328/328/10
f 328/328/10 166/173/9 91/94/11
f 83/86/12 92/95/13 330/330/14
f 330/330/14 92/95/13 329/329/15
f 92/95/13 166/173/16 329/329/15
f 237/198/17 238/182/18 191/202/19
f 191/202/19 238/182/18 171/178/20
f 191/202/21 171/178/22 192/203/23
f 192/203/23 171/178/22 183/193/24
f 175/185/25 192/203/26 172/179/27
f 172/179/27 192/203/26 183/193/28
f 58/58/29 60/60/30 280/276/31
f 60/60/30 279/275/32 280/276/31
f 280/276/31 279/275/32 278/274/33
f 280/276/34 278/274/35 281/277/36
f 281/277/36 278/274/35 277/273/37
f 294/290/38 25/25/39 295/291/40
f 295/291/40 25/25/39 27/27/41
f 88/91/42 306/302/43 311/307/44
f 311/307/44 306/302/43 307/303/45
f 306/302/46 87/90/47 307/303/48
f 307/303/48 87/90/47 85/88/49
f 90/93/50 311/307/51 307/303/52
f 165/172/53 329/329/54 1/1/55
f 1/1/55 329/329/54 328/328/56
f 237/368/57 357/367/58 238/369/59
f 238/369/59 357/367/58 358/370/60
f 359/373/61 361/381/62 358/372/63
f 361/375/64 239/376/65 358/370/66
f 358/370/66 239/376/65 238/369/67
f 220/377/68 240/378/69 361/375/70
f 361/375/70 240/378/69 239/376/71
f 407/497/72 408/481/73 398/488/74
f 398/488/74 408/481/73 405/495/75
f 398/488/76 405/495/77 406/496/78
f 294/290/79 297/293/80 25/25/81
f 25/25/81 297/293/80 298/294/82
f 59/59/83 61/61/84 58/58/85
f 58/58/85 61/61/84 60/60/86
f 59/59/87 19/19/88 442/530/89
f 442/530/89 19/19/88 443/531/90
f 19/19/91 280/276/92 281/277/93
f 280/276/94 19/19/95 58/58/96
f 58/58/96 19/19/95 59/59/97
f 176/186/98 175/185/99 173/180/100
f 173/180/100 175/185/99 172/179/101
f 380/447/102 464/553/103 457/546/104
f 451/541/105 456/544/106 452/540/107
f 452/540/107 456/544/106 380/447/108
f 457/546/109 452/540/110 380/447/111
f 422/500/112 482/572/113 423/501/114
f 423/501/114 482/572/113 223/223/115
f 463/551/116 462/552/117 228/228/118
f 465/554/119 463/551/120 227/227/121
f 227/227/121 463/551/120 228/228/122
f 464/553/123 465/554/124 457/546/125
f 457/546/125 465/554/124 227/227/126
f 452/540/127 457/546/128 424/502/129
f 424/502/129 457/546/128 227/227/130
f 423/501/131 379/446/132 422/500/133
f 422/500/133 379/446/132 421/499/134
f 483/573/135 424/502/136 484/574/137
f 484/574/137 424/502/136 227/227/138
f 228/228/139 484/574/140 227/227/141
f 466/556/142 393/467/143 467/555/144
f 467/555/144 393/467/143 412/469/145
f 469/557/146 33/470/147 468/558/148
f 468/558/148 33/470/147 486/576/149
f 420/498/150 390/457/151 378/445/152
f 390/457/151 389/456/153 378/445/152
f 378/445/152 389/456/153 36/36/154
f 468/558/155 486/576/156 467/555/157
f 467/555/157 486/576/156 487/577/158
f 486/576/159 33/470/160 36/466/161
f 486/576/162 36/466/163 487/577/164
f 487/577/164 36/466/163 389/465/165
f 470/559/166 471/561/167 430/518/168
f 430/518/168 471/561/167 35/474/169
f 470/559/170 430/518/171 469/557/172
f 469/557/172 430/518/171 33/470/173
f 36/36/174 488/578/175 378/445/176
f 36/36/177 33/33/178 488/578/179
f 488/578/179 33/33/178 430/517/180
f 173/180/181 172/179/182 186/196/183
f 186/196/183 172/179/182 185/195/184
f 440/529/185 298/294/186 441/528/187
f 441/528/187 298/294/186 297/293/188
f 493/583/189 440/529/190 492/582/191
f 492/582/191 440/529/190 441/528/192
f 186/196/193 185/195/194 181/191/195
f 181/191/195 185/195/194 180/190/196
f 174/184/197 171/178/198 239/183/199
f 239/183/199 171/178/198 238/182/200
f 174/184/201 184/194/202 171/178/203
f 171/178/203 184/194/202 183/193/204
f 184/194/205 185/195/206 183/193/207
f 183/193/207 185/195/206 172/179/208
f 167/174/209 174/184/210 240/181/211
f 240/181/211 174/184/210 239/183/212
f 249/240/213 359/373/214 357/371/215
f 357/371/215 359/373/214 358/372/216
f 359/373/217 249/240/218 360/374/219
f 360/374/219 249/240/218 221/221/220
f 504/596/221 22/22/222 505/595/223
f 505/595/223 22/22/222 289/285/224
f 506/597/225 505/595/226 289/285/227
f 492/582/228 289/285/229 493/583/230
f 493/583/230 289/285/229 22/22/231
f 421/499/232 224/224/233 422/500/234
f 224/224/235 421/499/236 228/228/237
f 228/228/237 421/499/236 484/574/238
f 482/572/239 422/500/240 224/224/241
f 292/288/242 494/584/243 441/528/244
f 441/528/244 494/584/243 492/582/245
f 508/598/246 507/599/247 23/23/248
f 506/597/249 289/285/250 507/599/251
f 507/599/251 289/285/250 23/23/252
f 492/582/253 494/584/254 289/285/255
f 289/285/255 494/584/254 23/23/256
f 521/613/257 520/614/258 494/584/259
f 494/584/259 520/614/258 23/23/260
f 519/611/261 508/598/262 520/614/263
f 520/614/263 508/598/262 23/23/264
f 355/355/265 18/18/266 356/356/267
f 18/18/268 355/355/269 96/99/270
f 286/282/271 287/283/272 295/291/273
f 295/291/273 287/283/272 294/290/274
f 296/292/275 297/293/276 287/283/277
f 287/283/277 297/293/276 294/290/278
f 296/292/279 292/288/280 297/293/281
f 297/293/281 292/288/280 441/528/282
f 299/295/283 300/296/284 286/282/285
f 286/282/285 300/296/284 287/283/286
f 299/295/287 525/105/288 527/616/289
f 527/616/289 525/105/288 526/617/290
f 299/295/291 527/616/292 300/296/293
f 109/113/294 346/346/295 2/2/296
f 2/2/296 346/346/295 150/158/297
f 96/99/298 355/355/299 261/255/300
f 530/622/301 30/30/302 529/621/303
f 529/621/303 30/30/302 345/345/304
f 218/218/305 154/247/306 343/343/307
f 343/343/307 154/247/306 349/349/308
f 345/345/309 30/30/310 346/346/311
f 346/346/311 30/30/310 150/158/312
f 530/622/313 529/621/314 143/246/315
f 143/246/315 529/621/314 344/344/316
f 530/622/317 143/246/318 218/218/319
f 218/218/319 143/246/318 154/247/320
f 186/196/321 179/189/322 173/180/323
f 181/191/324 489/579/325 179/189/326
f 181/191/327 179/189/328 186/196/329
f 206/410/330 205/411/331 448/536/332
f 448/536/332 205/411/331 2/2/333
f 2/2/334 205/411/335 109/113/336
f 109/113/336 205/411/335 216/412/337
f 343/343/338 29/29/339 218/218/340
f 218/218/341 29/29/342 530/622/343
f 530/622/343 29/29/342 30/30/344
f 489/579/345 177/187/346 179/189/347
f 206/410/348 448/536/349 67/67/350
f 67/67/350 448/536/349 66/66/351
f 150/158/352 66/66/353 2/2/354
f 2/2/354 66/66/353 448/536/355
f 161/416/356 216/425/357 162/424/358
f 30/30/359 29/29/360 150/158/361
f 150/158/361 29/29/360 66/66/362
f 177/187/363 66/66/364 179/189/365
f 179/189/365 66/66/364 29/29/366
f 490/580/367 177/187/368 489/579/369
f 177/187/370 490/580/371 67/67/372
f 216/425/373 205/426/374 162/424/375
f 162/424/375 205/426/374 67/427/376
f 67/427/376 205/426/374 206/359/377
f 67/67/378 66/66/379 177/187/380
f 514/606/381 267/263/382 513/605/383
f 513/605/383 267/263/382 268/264/384
f 512/604/385 513/605/386 538/632/387
f 538/632/387 513/605/386 268/264/388
f 544/639/389 108/112/390 545/638/391
f 545/638/391 108/112/390 62/62/392
f 546/311/393 285/281/394 544/639/395
f 544/639/395 285/281/394 108/112/396
f 547/310/397 20/20/398 546/311/399
f 546/311/399 20/20/398 285/281/400
f 547/310/401 548/309/402 20/20/403
f 540/633/404 432/520/405 539/634/406
f 539/634/406 432/520/405 107/111/407
f 539/634/408 107/111/409 541/635/410
f 541/635/410 107/111/409 284/280/411
f 542/636/412 541/635/413 512/604/414
f 512/604/414 541/635/413 284/280/415
f 542/636/416 512/604/417 543/637/418
f 538/632/419 543/637/418 512/604/417
f 545/638/420 540/633/421 544/639/422
f 544/639/422 540/633/421 539/634/423
f 544/639/424 539/634/425 546/311/426
f 546/311/426 539/634/425 541/635/427
f 546/311/428 541/635/429 547/310/430
f 547/310/430 541/635/429 542/636/431
f 548/309/432 547/310/433 543/637/434
f 543/637/434 547/310/433 542/636/435
f 98/101/436 95/98/437 96/99/438
f 96/99/438 95/98/437 18/18/439
f 95/98/440 524/357/441 18/18/442
f 18/18/442 524/357/441 356/356/443
f 98/101/444 96/99/445 262/256/446
f 262/256/446 96/99/445 261/255/447
f 99/102/448 100/103/449 261/255/450
f 261/255/450 100/103/449 262/256/451
f 335/335/452 82/85/453 165/172/454
f 305/301/455 86/89/456 332/332/457
f 332/332/457 86/89/456 331/331/458
f 86/89/456 304/300/459 331/331/458
f 85/88/460 305/301/461 333/333/462
f 333/333/462 305/301/461 332/332/463
f 333/333/464 307/303/465 85/88/466
f 330/330/467 329/329/468 82/85/469
f 82/85/469 329/329/468 165/172/470
f 310/306/471 307/303/472 89/92/473
f 89/92/473 307/303/472 308/304/474
f 308/304/475 549/640/476 89/92/477
f 390/457/478 420/498/479 131/136/480
f 389/465/481 390/464/482 394/463/483
f 394/463/484 466/556/485 487/577/486
f 487/577/486 466/556/485 467/555/487
f 131/462/488 394/463/489 390/464/490
f 389/465/491 394/463/492 487/577/493
f 453/542/494 454/543/495 380/447/496
f 453/542/497 380/447/498 455/545/499
f 455/545/499 380/447/498 456/544/500
f 464/553/501 380/447/502 454/543/503
f 391/458/504 12/12/505 392/459/506
f 392/459/506 12/12/505 10/10/507
f 465/554/508 464/553/509 12/12/510
f 12/12/510 464/553/509 454/543/511
f 463/551/512 465/554/513 391/458/514
f 391/458/514 465/554/513 12/12/515
f 12/12/516 479/569/517 131/136/518
f 466/562/519 394/461/520 473/563/521
f 473/563/521 394/461/520 479/569/522
f 479/569/523 394/461/524 131/136/525
f 479/569/526 12/12/527 453/542/528
f 453/542/528 12/12/527 454/543/529
f 529/621/530 345/345/531 528/620/532
f 528/620/532 345/345/531 147/155/533
f 363/383/534 362/382/535 78/80/536
f 78/80/536 362/382/535 76/78/537
f 78/401/538 325/400/539 210/397/540
f 210/130/541 363/383/542 78/80/543
f 125/129/544 210/130/545 209/77/546
f 209/396/547 210/397/548 323/395/549
f 323/395/549 210/397/548 327/394/550
f 210/397/548 325/400/551 327/394/550
f 75/398/552 209/396/553 323/395/554
f 187/197/555 192/203/556 175/185/557
f 192/203/558 187/197/559 191/202/560
f 191/202/560 187/197/559 188/199/561
f 189/200/562 187/197/563 175/185/564
f 236/222/565 237/198/566 188/199/567
f 188/199/567 237/198/566 191/202/568
f 357/367/569 237/368/570 222/364/571
f 222/364/571 237/368/570 236/366/572
f 190/201/573 189/200/574 176/186/575
f 176/186/575 189/200/574 175/185/576
f 176/186/577 178/188/578 190/201/579
f 249/240/580 357/371/581 222/506/582
f 179/189/583 178/188/584 173/180/585
f 173/180/585 178/188/584 176/186/586
f 29/29/587 343/343/588 179/189/589
f 179/189/589 343/343/588 178/188/590
f 190/201/591 553/645/592 189/200/593
f 554/646/594 235/211/595 188/199/596
f 188/199/596 235/211/595 236/222/597
f 554/646/598 188/199/599 553/645/600
f 188/199/599 187/197/601 553/645/600
f 553/645/600 187/197/601 189/200/602
f 194/206/603 501/591/604 137/143/605
f 197/209/606 196/208/607 190/201/608
f 190/201/608 196/208/607 553/645/609
f 502/593/610 234/145/611 501/591/612
f 501/591/612 234/145/611 137/143/613
f 235/211/614 554/646/615 552/643/616
f 552/643/616 554/646/615 195/207/617
f 557/649/618 137/143/619 556/648/620
f 556/648/620 137/143/619 234/145/621
f 557/649/622 555/647/623 137/143/624
f 137/143/624 555/647/623 194/206/625
f 255/248/626 249/240/627 222/507/628
f 255/362/629 222/364/630 235/365/631
f 235/365/631 222/364/630 236/366/632
f 559/651/633 556/653/634 502/592/635
f 502/592/635 556/653/634 234/363/636
f 554/646/637 553/645/638 195/207/639
f 195/207/639 553/645/638 196/208/640
f 255/362/641 235/365/642 552/644/643
f 559/651/644 558/652/645 255/362/646
f 255/362/647 552/644/648 559/651/649
f 559/651/649 552/644/648 556/653/650
f 557/649/651 556/648/652 195/207/653
f 195/207/653 556/648/652 552/643/654
f 555/647/655 557/649/656 196/208/657
f 196/208/657 557/649/656 195/207/658
f 197/209/659 555/647/660 196/208/661
f 348/348/662 347/347/663 198/210/664
f 198/210/664 347/347/663 200/213/665
f 343/343/666 349/349/667 178/188/668
f 349/349/667 348/348/669 178/188/668
f 348/348/669 198/210/670 178/188/668
f 194/206/671 199/212/672 501/591/673
f 501/591/673 199/212/672 138/144/674
f 431/519/675 198/210/676 201/214/677
f 201/214/677 198/210/676 200/213/678
f 431/519/679 178/188/680 198/210/681
f 178/188/682 431/519/683 190/201/684
f 190/201/684 431/519/683 197/209/685
f 199/212/686 194/206/687 197/209/688
f 197/209/688 194/206/687 555/647/689
f 201/214/690 199/212/691 431/519/692
f 431/519/692 199/212/691 197/209/693
f 126/409/694 560/656/695 531/629/696
f 126/409/697 129/406/698 560/656/699
f 560/656/699 129/406/698 214/405/700
f 519/611/701 520/614/702 503/594/703
f 521/613/704 491/581/705 520/614/706
f 520/614/706 491/581/705 503/594/707
f 147/155/708 103/107/709 528/620/710
f 528/620/710 103/107/709 28/28/711
f 442/530/712 443/531/713 14/14/714
f 14/14/714 443/531/713 99/102/715
f 14/14/716 99/102/717 355/355/718
f 355/355/718 99/102/717 261/255/719
f 256/250/720 61/61/721 442/530/722
f 442/530/722 61/61/721 59/59/723
f 256/250/724 442/530/725 14/14/726
f 114/118/727 256/250/728 14/14/729
f 57/57/730 56/56/731 55/55/732
f 55/55/732 56/56/731 54/54/733
f 52/52/734 132/137/735 392/459/736
f 392/459/736 132/137/735 391/458/737
f 463/551/738 391/458/739 462/552/740
f 462/552/740 391/458/739 132/137/741
f 462/552/742 229/229/743 228/228/744
f 132/137/745 133/138/746 462/552/747
f 462/552/747 133/138/746 229/229/748
f 133/138/749 54/54/750 56/56/751
f 229/229/752 225/225/753 228/228/754
f 228/228/754 225/225/753 224/224/755
f 374/441/756 373/440/757 375/442/758
f 376/443/759 373/440/760 374/441/761
f 375/442/762 373/440/763 56/56/764
f 56/56/764 373/440/763 133/138/765
f 61/61/766 256/250/767 376/443/768
f 376/443/768 256/250/767 373/440/769
f 133/138/770 132/137/771 54/54/772
f 54/54/772 132/137/771 52/52/773
f 324/324/774 325/325/775 244/235/776
f 244/235/776 325/325/775 78/80/777
f 244/235/778 78/80/779 243/234/780
f 243/234/780 78/80/779 76/78/781
f 326/326/782 327/327/783 324/324/784
f 324/324/784 327/327/783 325/325/785
f 322/322/786 323/323/787 326/326/788
f 326/326/788 323/323/787 327/327/789
f 110/114/790 75/512/791 322/322/792
f 322/322/792 75/512/791 323/323/793
f 243/234/794 76/78/795 128/133/796
f 128/133/796 76/78/795 129/134/797
f 127/132/798 400/490/799 126/131/800
f 126/131/800 400/490/799 259/253/801
f 129/134/802 126/131/803 128/133/804
f 128/133/804 126/131/803 259/253/805
f 531/629/806 127/654/807 126/409/808
f 248/239/809 359/373/810 219/219/811
f 219/219/811 359/373/810 360/374/812
f 359/373/813 248/239/814 361/381/815
f 361/381/815 248/239/814 220/220/816
f 242/249/817 220/220/818 248/239/819
f 240/378/820 220/377/821 241/379/822
f 241/379/822 220/377/821 242/380/823
f 368/415/824 161/168/825 367/414/826
f 367/414/826 161/168/825 159/166/827
f 370/419/828 371/420/829 367/414/830
f 367/414/830 371/420/829 368/415/831
f 161/168/832 162/169/833 159/166/834
f 159/166/834 162/169/833 160/167/835
f 67/67/836 537/631/837 162/169/838
f 162/169/838 537/631/837 160/167/839
f 537/631/840 67/67/841 68/68/842
f 579/677/843 369/418/844 578/676/845
f 578/676/845 369/418/844 118/122/846
f 209/396/847 75/398/848 118/399/849
f 369/418/850 209/77/851 118/122/852
f 116/120/853 122/126/854 157/164/855
f 157/164/855 122/126/854 158/165/856
f 157/164/857 158/165/858 370/419/859
f 370/419/859 158/165/858 371/420/860
f 260/254/861 114/118/862 355/355/863
f 355/355/863 114/118/862 14/14/864
f 356/356/865 115/259/866 355/355/867
f 355/355/867 115/259/866 260/254/868
f 356/356/869 524/357/870 115/259/871
f 115/259/871 524/357/870 121/260/872
f 354/354/873 115/119/874 523/358/875
f 523/358/875 115/119/874 121/125/876
f 354/354/877 523/358/878 116/120/879
f 116/120/879 523/358/878 122/126/880
f 584/682/881 115/119/882 354/354/883
f 583/681/884 584/682/885 116/120/886
f 116/120/886 584/682/885 354/354/887
f 578/676/888 583/681/889 157/164/890
f 157/164/890 583/681/889 116/120/891
f 578/676/892 157/164/893 579/677/894
f 579/677/894 157/164/893 370/419/895
f 581/679/896 579/677/897 367/414/898
f 367/414/898 579/677/897 370/419/899
f 575/674/900 576/673/901 242/308/902
f 242/308/902 576/673/901 68/68/903
f 242/249/904 248/239/905 575/672/906
f 573/670/907 575/672/906 248/239/905
f 573/670/908 248/239/909 574/671/910
f 574/671/910 248/239/909 219/219/911
f 292/288/912 522/615/913 494/584/914
f 494/584/914 522/615/913 521/613/915
f 301/297/916 296/292/917 300/296/918
f 300/296/918 296/292/917 287/283/919
f 301/297/920 522/615/921 296/292/922
f 296/292/922 522/615/921 292/288/923
f 527/616/924 301/297/925 300/296/926
f 372/439/927 526/617/928 26/26/929
f 26/26/929 526/617/928 525/105/930
f 24/24/931 301/297/932 526/617/933
f 526/617/933 301/297/932 527/616/934
f 24/24/935 526/617/936 372/439/937
f 509/601/938 372/439/939 251/242/940
f 251/242/940 372/439/939 26/26/941
f 522/615/942 293/289/943 521/613/944
f 521/613/944 293/289/943 491/581/945
f 301/297/946 24/24/947 522/615/948
f 522/615/948 24/24/947 293/289/949
f 293/289/950 550/641/951 156/163/952
f 28/28/953 156/163/954 551/642/955
f 551/642/955 156/163/954 550/641/956
f 24/24/957 550/641/958 293/289/959
f 103/107/960 562/658/961 28/28/962
f 28/28/962 562/658/961 156/163/963
f 372/439/964 509/601/965 24/24/966
f 550/641/967 24/24/966 509/601/965
f 149/157/968 147/155/969 346/346/970
f 346/346/970 147/155/969 345/345/971
f 149/157/972 148/156/973 147/155/974
f 147/155/974 148/156/973 103/107/975
f 204/436/976 262/435/977 100/438/978
f 101/104/979 204/511/980 100/103/981
f 95/434/982 98/437/983 263/432/984
f 263/432/984 98/437/983 204/436/985
f 98/437/983 262/435/986 204/436/985
f 263/432/987 264/430/988 95/434/989
f 95/434/989 264/430/988 524/537/990
f 121/433/991 524/537/992 563/659/993
f 264/430/994 563/659/993 524/537/992
f 371/421/995 233/423/996 368/417/997
f 233/423/998 216/425/999 368/417/1000
f 368/417/1000 216/425/999 161/416/1001
f 109/113/1002 146/154/1003 346/346/1004
f 346/346/1004 146/154/1003 149/157/1005
f 233/233/1006 146/154/1007 216/412/1008
f 216/412/1008 146/154/1007 109/113/1009
f 148/156/1010 149/157/1011 231/231/1012
f 231/231/1012 149/157/1011 146/154/1013
f 586/684/1014 263/257/1015 585/683/1016
f 585/683/1016 263/257/1015 204/511/1017
f 101/104/1018 587/685/1019 204/511/1020
f 204/511/1020 587/685/1019 585/683/1021
f 586/684/1022 588/687/1023 263/257/1024
f 263/257/1024 588/687/1023 264/258/1025
f 231/231/1026 9/9/1027 148/156/1028
f 148/156/1028 9/9/1027 446/534/1029
f 97/100/1030 515/607/1031 9/9/1032
f 9/9/1032 515/607/1031 446/534/1033
f 523/360/1034 121/431/1035 232/429/1036
f 121/431/1035 563/659/1037 232/429/1036
f 371/421/1038 158/422/1039 233/423/1040
f 233/423/1040 158/422/1039 232/429/1041
f 232/429/1042 158/422/1043 122/428/1044
f 146/154/1045 233/233/1046 589/688/1047
f 589/688/1047 233/233/1046 232/232/1048
f 590/689/1049 563/660/1050 588/687/1051
f 588/687/1051 563/660/1050 264/258/1052
f 523/360/1053 232/429/1054 122/428/1055
f 589/688/1056 232/232/1057 590/689/1058
f 590/689/1058 232/232/1057 563/660/1059
f 585/683/1060 587/685/1061 97/100/1062
f 97/100/1062 587/685/1061 515/607/1063
f 585/683/1064 593/692/1065 591/690/1066
f 594/693/1067 592/691/1068 593/692/1069
f 593/692/1069 592/691/1068 591/690/1070
f 594/693/1071 595/694/1072 592/691/1073
f 592/691/1073 595/694/1072 590/689/1074
f 595/694/1075 589/688/1076 590/689/1077
f 146/154/1078 589/688/1079 231/231/1080
f 592/691/1081 590/689/1082 588/687/1083
f 592/691/1084 588/687/1085 591/690/1086
f 591/690/1086 588/687/1085 586/684/1087
f 585/683/1088 591/690/1089 586/684/1090
f 593/692/1091 585/683/1092 97/100/1093
f 593/692/1094 97/100/1095 594/693/1096
f 594/693/1096 97/100/1095 9/9/1097
f 594/693/1098 9/9/1099 595/694/1100
f 595/694/1100 9/9/1099 231/231/1101
f 589/688/1102 595/694/1103 231/231/1104
f 495/585/1105 167/174/1106 241/142/1107
f 241/142/1107 167/174/1106 240/181/1108
f 495/585/1109 241/142/1110 496/586/1111
f 496/586/1111 241/142/1110 242/205/1112
f 496/586/1113 242/205/1114 497/587/1115
f 497/587/1115 242/205/1114 68/68/1116
f 184/194/1117 174/184/1118 182/192/1119
f 182/192/1119 174/184/1118 167/174/1120
f 180/190/1121 182/192/1122 168/175/1123
f 185/195/1124 184/194/1125 180/190/1126
f 180/190/1126 184/194/1125 182/192/1127
f 596/695/1128 182/192/1129 500/590/1130
f 500/590/1131 182/192/1132 167/174/1133
f 495/585/1134 500/590/1135 167/174/1136
f 498/588/1137 597/696/1138 499/589/1139
f 496/586/1140 17/17/1141 495/585/1142
f 495/585/1142 17/17/1141 500/590/1143
f 496/586/1144 499/589/1145 17/17/1146
f 181/191/1147 169/176/1148 489/579/1149
f 489/579/1149 169/176/1148 490/580/1150
f 169/176/1151 181/191/1152 168/175/1153
f 168/175/1153 181/191/1152 180/190/1154
f 499/589/1155 496/586/1156 498/588/1157
f 498/588/1157 496/586/1156 497/587/1158
f 169/176/1159 168/175/1160 193/204/1161
f 193/204/1161 168/175/1160 182/192/1162
f 498/588/1163 497/587/1164 193/204/1165
f 193/204/1165 497/587/1164 169/176/1166
f 68/68/1167 169/176/1168 497/587/1169
f 490/580/1170 169/176/1171 67/67/1172
f 67/67/1172 169/176/1171 68/68/1173
f 500/590/1174 17/17/1175 596/695/1176
f 17/17/1175 499/589/1177 596/695/1176
f 597/696/1178 596/695/1176 499/589/1177
f 597/696/1179 498/588/1180 193/204/1181
f 596/695/1182 597/696/1183 193/204/1184
f 182/192/1185 596/695/1186 193/204/1187
f 599/698/1188 565/661/1189 598/697/1190
f 598/697/1190 565/661/1189 564/662/1191
f 225/225/1192 226/226/1193 134/139/1194
f 598/697/1195 564/662/1196 600/699/1197
f 600/699/1197 564/662/1196 566/663/1198
f 599/698/1199 601/700/1200 565/661/1201
f 565/661/1201 601/700/1200 567/664/1202
f 600/699/1203 566/663/1204 602/701/1205
f 602/701/1205 566/663/1204 568/665/1206
f 111/115/1207 258/252/1208 6/6/1209
f 570/666/1210 569/667/1211 603/702/1212
f 603/702/1212 569/667/1211 449/538/1213
f 602/701/1214 568/665/1215 603/702/1216
f 603/702/1216 568/665/1215 570/666/1217
f 127/132/1218 4/4/1219 569/667/1220
f 569/667/1220 4/4/1219 449/538/1221
f 256/250/1222 114/118/1223 352/352/1224
f 601/700/1225 604/703/1226 567/664/1227
f 567/664/1227 604/703/1226 572/669/1228
f 230/230/1229 226/226/1230 229/229/1231
f 229/229/1231 226/226/1230 225/225/1232
f 605/704/1233 571/668/1234 604/703/1235
f 604/703/1235 571/668/1234 572/669/1236
f 230/230/1237 373/440/1238 256/250/1239
f 230/230/1240 256/250/1241 113/117/1242
f 113/117/1242 256/250/1241 112/116/1243
f 256/250/1241 352/352/1244 112/116/1243
f 230/230/1245 229/229/1246 373/440/1247
f 373/440/1247 229/229/1246 133/138/1248
f 322/322/1249 572/669/1250 110/114/1251
f 110/114/1251 572/669/1250 571/668/1252
f 572/669/1253 322/322/1254 567/664/1255
f 567/664/1255 322/322/1254 326/326/1256
f 567/664/1257 326/326/1258 565/661/1259
f 565/661/1259 326/326/1258 324/324/1260
f 565/661/1261 324/324/1262 564/662/1263
f 564/662/1263 324/324/1262 244/235/1264
f 564/662/1265 244/235/1266 566/663/1267
f 566/663/1267 244/235/1266 243/234/1268
f 566/663/1269 243/234/1270 568/665/1271
f 568/665/1271 243/234/1270 128/133/1272
f 570/666/1273 568/665/1274 259/253/1275
f 259/253/1275 568/665/1274 128/133/1276
f 570/666/1277 259/253/1278 569/667/1279
f 569/667/1279 259/253/1278 400/490/1280
f 127/132/1281 569/667/1282 400/490/1283
f 75/505/1284 110/114/1285 118/122/1286
f 118/122/1286 110/114/1285 117/121/1287
f 583/681/1288 578/676/1289 117/121/1290
f 117/121/1290 578/676/1289 118/122/1291
f 353/353/1292 352/352/1293 260/254/1294
f 260/254/1294 352/352/1293 114/118/1295
f 605/704/1296 606/705/1297 571/668/1298
f 571/668/1298 606/705/1297 117/121/1299
f 352/352/1300 353/353/1301 606/705/1302
f 606/705/1302 353/353/1301 117/121/1303
f 260/254/1304 115/119/1305 353/353/1306
f 353/353/1306 115/119/1305 584/682/1307
f 353/353/1308 584/682/1309 117/121/1310
f 117/121/1310 584/682/1309 583/681/1311
f 571/668/1312 117/121/1313 110/114/1314
f 603/702/1315 449/538/1316 258/252/1317
f 603/702/1318 258/252/1319 602/701/1320
f 602/701/1320 258/252/1319 111/115/1321
f 602/701/1322 111/115/1323 600/699/1324
f 600/699/1324 111/115/1323 245/236/1325
f 600/699/1326 245/236/1327 598/697/1328
f 598/697/1328 245/236/1327 246/237/1329
f 598/697/1330 246/237/1331 599/698/1332
f 599/698/1332 246/237/1331 134/139/1333
f 599/698/1334 134/139/1335 601/700/1336
f 601/700/1336 134/139/1335 226/226/1337
f 604/703/1338 601/700/1339 230/230/1340
f 230/230/1340 601/700/1339 226/226/1341
f 604/703/1342 230/230/1343 605/704/1344
f 605/704/1344 230/230/1343 113/117/1345
f 606/705/1346 605/704/1347 112/116/1348
f 112/116/1348 605/704/1347 113/117/1349
f 352/352/1350 606/705/1351 112/116/1352
f 608/707/1353 207/152/1354 607/706/1355
f 607/706/1355 207/152/1354 208/153/1356
f 609/708/1357 350/350/1358 608/707/1359
f 608/707/1359 350/350/1358 207/152/1360
f 153/161/1361 253/244/1362 252/243/1363
f 252/243/1364 254/245/1365 153/161/1366
f 153/161/1366 254/245/1365 142/149/1367
f 528/620/1368 151/159/1369 529/621/1370
f 529/621/1370 151/159/1369 344/344/1371
f 607/706/1372 208/153/1373 610/709/1374
f 610/709/1374 208/153/1373 151/159/1375
f 153/161/1376 31/31/1377 253/244/1378
f 253/244/1378 31/31/1377 445/533/1379
f 610/709/1380 151/159/1381 153/161/1382
f 153/161/1382 151/159/1381 152/160/1383
f 152/160/1384 551/642/1385 153/161/1386
f 153/161/1386 551/642/1385 31/31/1387
f 612/710/1388 611/711/1389 250/241/1390
f 250/241/1390 611/711/1389 144/150/1391
f 249/240/1392 250/241/1393 221/221/1394
f 221/221/1394 250/241/1393 144/150/1395
f 249/240/1396 255/248/1397 250/241/1398
f 250/241/1398 255/248/1397 558/650/1399
f 28/28/1400 152/160/1401 528/620/1402
f 528/620/1402 152/160/1401 151/159/1403
f 28/28/1404 551/642/1405 152/160/1406
f 251/242/1407 445/533/1408 509/601/1409
f 509/601/1409 445/533/1408 31/31/1410
f 509/601/1411 31/31/1412 550/641/1413
f 550/641/1413 31/31/1412 551/642/1414
f 610/709/1415 153/161/1416 142/149/1417
f 610/709/1418 142/149/1419 607/706/1420
f 607/706/1420 142/149/1419 141/148/1421
f 607/706/1422 141/148/1423 608/707/1424
f 608/707/1424 141/148/1423 140/147/1425
f 608/707/1426 140/147/1427 609/708/1428
f 609/708/1428 140/147/1427 351/351/1429
f 611/711/1430 612/710/1431 139/146/1432
f 139/146/1432 612/710/1431 366/413/1433
f 127/654/1434 531/629/1435 215/408/1436
f 576/673/1437 577/675/1438 68/68/1439
f 68/68/1439 577/675/1438 537/631/1440
f 615/727/1441 4/728/1442 365/403/1443
f 365/403/1443 4/728/1442 215/76/1444
f 4/728/1445 615/727/1446 257/729/1447
f 7/726/1448 257/729/1449 615/727/1450
f 1/1/1451 71/71/1452 334/334/1453
f 1/1/1454 334/334/1455 165/172/1456
f 165/172/1456 334/334/1455 335/335/1457
f 69/720/1458 71/724/1459 620/723/1460
f 620/723/1460 71/724/1459 74/74/1461
f 340/340/1462 69/720/1463 339/339/1464
f 69/720/1465 336/336/1466 339/339/1467
f 120/124/1468 335/335/1469 302/298/1470
f 302/298/1470 335/335/1469 334/334/1471
f 69/720/1472 620/723/1473 336/336/1474
f 334/334/1475 71/71/1476 15/15/1477
f 15/15/1477 71/71/1476 69/69/1478
f 302/298/1479 334/334/1480 15/15/1481
f 340/340/1482 342/342/1483 69/720/1484
f 15/717/1485 69/720/1484 342/342/1483
f 15/717/1486 342/342/1487 72/72/1488
f 313/391/1489 213/393/1490 76/392/1491
f 212/390/1492 313/391/1493 362/384/1494
f 362/384/1494 313/391/1493 76/392/1495
f 212/390/1496 362/384/1497 317/387/1498
f 317/387/1499 362/384/1500 338/386/1501
f 338/386/1501 362/384/1500 77/385/1502
f 213/509/1503 364/402/1504 214/75/1505
f 213/404/1506 214/405/1507 76/407/1508
f 76/407/1508 214/405/1507 129/406/1509
f 123/127/1510 125/129/1511 369/418/1512
f 369/418/1512 125/129/1511 209/77/1513
f 581/679/1514 582/680/1515 123/127/1516
f 579/677/1517 581/679/1518 369/418/1519
f 369/418/1519 581/679/1518 123/127/1520
f 210/130/1521 125/129/1522 363/383/1523
f 363/383/1523 125/129/1522 123/127/1524
f 582/680/1525 581/679/1526 159/166/1527
f 159/166/1527 581/679/1526 367/414/1528
f 319/319/1529 320/320/1530 81/84/1531
f 319/319/1532 81/84/1533 318/318/1534
f 623/730/1535 622/731/1536 317/317/1537
f 580/678/1538 582/680/1539 160/167/1540
f 160/167/1540 582/680/1539 159/166/1541
f 577/675/1542 580/678/1543 537/631/1544
f 537/631/1544 580/678/1543 160/167/1545
f 338/386/1546 77/385/1547 211/388/1548
f 211/388/1548 77/385/1547 124/389/1549
f 582/680/1550 580/678/1551 123/127/1552
f 123/127/1552 580/678/1551 124/128/1553
f 622/731/1554 624/732/1555 317/317/1556
f 317/317/1556 624/732/1555 212/81/1557
f 534/626/1558 319/319/1559 80/83/1560
f 80/83/1560 319/319/1559 318/318/1561
f 560/655/1562 532/623/1563 531/624/1564
f 532/623/1565 560/655/1566 364/402/1567
f 364/402/1567 560/655/1566 214/75/1568
f 626/734/1569 313/313/1570 625/733/1571
f 625/733/1571 313/313/1570 212/81/1572
f 315/315/1573 618/725/1574 312/312/1575
f 624/732/1576 625/733/1577 212/81/1578
f 315/315/1579 534/626/1580 316/316/1581
f 316/316/1581 534/626/1580 80/83/1582
f 618/725/1583 315/315/1584 316/316/1585
f 627/735/1586 364/402/1587 213/509/1588
f 533/628/1589 532/623/1590 364/402/1591
f 626/734/1592 627/736/1593 313/313/1594
f 313/313/1594 627/736/1593 213/509/1595
f 315/315/1596 314/314/1597 533/625/1598
f 533/625/1598 314/314/1597 619/722/1599
f 315/315/1600 312/312/1601 314/314/1602
f 365/403/1603 215/76/1604 532/623/1605
f 532/623/1605 215/76/1604 531/624/1606
f 365/403/1607 532/623/1608 79/82/1609
f 79/82/1609 532/623/1608 533/628/1610
f 533/625/1611 619/722/1612 79/82/1613
f 319/319/1614 535/627/1615 320/320/1616
f 320/320/1616 535/627/1615 74/74/1617
f 628/737/1618 623/730/1619 338/338/1620
f 338/338/1620 623/730/1619 317/317/1621
f 337/337/1622 339/339/1623 336/336/1624
f 337/337/1625 620/723/1626 74/74/1627
f 535/627/1628 337/337/1629 74/74/1630
f 620/723/1631 337/337/1632 336/336/1633
f 536/630/1634 577/675/1635 119/123/1636
f 119/123/1636 577/675/1635 576/673/1637
f 302/298/1638 536/630/1639 120/124/1640
f 120/124/1640 536/630/1639 119/123/1641
f 580/678/1642 629/738/1643 124/128/1644
f 621/716/1645 536/630/1646 73/719/1647
f 629/738/1648 630/739/1649 124/128/1650
f 124/128/1650 630/739/1649 211/508/1651
f 631/740/1652 628/737/1653 338/338/1654
f 340/340/1655 339/339/1656 341/341/1657
f 341/341/1657 339/339/1656 337/337/1658
f 341/341/1659 342/342/1660 340/340/1661
f 630/741/1662 631/740/1663 211/510/1664
f 211/510/1664 631/740/1663 338/338/1665
f 341/341/1666 621/715/1667 72/72/1668
f 72/72/1668 621/715/1667 73/73/1669
f 536/630/1670 302/298/1671 73/719/1672
f 73/719/1672 302/298/1671 15/15/1673
f 341/341/1674 72/72/1675 342/342/1676
f 621/715/1677 341/341/1678 13/13/1679
f 536/630/1680 621/716/1681 13/13/1682
f 363/383/1683 123/127/1684 362/382/1685
f 124/128/1686 77/79/1687 123/127/1684
f 123/127/1684 77/79/1687 362/382/1685
f 580/678/1688 577/675/1689 629/738/1690
f 629/738/1690 577/675/1689 536/630/1691
f 630/739/1692 629/738/1693 13/13/1694
f 13/13/1694 629/738/1693 536/630/1695
f 630/741/1696 13/13/1697 631/740/1698
f 631/740/1698 13/13/1697 341/341/1699
f 628/737/1700 631/740/1701 337/337/1702
f 337/337/1702 631/740/1701 341/341/1703
f 623/730/1704 628/737/1705 535/627/1706
f 535/627/1706 628/737/1705 337/337/1707
f 622/731/1708 623/730/1709 319/319/1710
f 319/319/1710 623/730/1709 535/627/1711
f 624/732/1712 622/731/1713 534/626/1714
f 534/626/1714 622/731/1713 319/319/1715
f 625/733/1716 624/732/1717 315/315/1718
f 315/315/1718 624/732/1717 534/626/1719
f 626/734/1720 625/733/1721 315/315/1722
f 627/736/1723 626/734/1724 533/625/1725
f 533/625/1725 626/734/1724 315/315/1726
f 364/402/1727 627/735/1728 533/628/1729
f 419/477/1730 403/493/1731 44/44/1732
f 633/743/1733 44/44/1734 632/742/1735
f 632/742/1735 44/44/1734 403/493/1736
f 257/251/1737 450/539/1738 4/4/1739
f 4/4/1739 450/539/1738 449/538/1740
f 426/504/1741 8/8/1742 5/5/1743
f 5/5/1743 8/8/1742 7/7/1744
f 450/539/1745 257/251/1746 8/8/1747
f 8/8/1747 257/251/1746 7/7/1748
f 635/745/1749 45/45/1750 634/744/1751
f 634/744/1751 45/45/1750 43/43/1752
f 450/539/1753 8/8/1754 401/491/1755
f 401/491/1755 8/8/1754 43/43/1756
f 449/538/1757 450/539/1758 258/252/1759
f 258/252/1759 450/539/1758 401/491/1760
f 8/8/1761 634/744/1762 43/43/1763
f 632/742/1764 43/43/1765 633/743/1766
f 633/743/1766 43/43/1765 45/45/1767
f 634/744/1768 8/8/1769 426/504/1770
f 635/745/1771 634/744/1772 426/504/1773
f 407/497/1774 39/39/1775 408/481/1776
f 39/39/1777 415/485/1778 414/486/1779
f 415/485/1780 417/483/1781 414/486/1782
f 38/38/1783 408/481/1784 39/39/1785
f 427/513/1786 412/469/1787 32/468/1788
f 32/468/1788 412/469/1787 393/467/1789
f 456/544/1790 386/453/1791 455/545/1792
f 455/545/1792 386/453/1791 385/452/1793
f 32/32/1794 393/460/1795 473/563/1796
f 473/563/1796 393/460/1795 466/562/1797
f 479/569/1798 453/542/1799 385/452/1800
f 385/452/1800 453/542/1799 455/545/1801
f 385/452/1802 474/564/1803 479/569/1804
f 479/569/1804 474/564/1803 473/563/1805
f 636/746/1806 32/32/1807 474/564/1808
f 474/564/1808 32/32/1807 473/563/1809
f 451/541/1810 452/540/1811 387/454/1812
f 387/454/1812 452/540/1811 424/502/1813
f 483/573/1814 485/575/1815 424/502/1816
f 424/502/1816 485/575/1815 387/454/1817
f 456/544/1818 451/541/1819 386/453/1820
f 386/453/1820 451/541/1819 387/454/1821
f 223/223/1822 461/550/1823 423/501/1824
f 460/549/1825 421/499/1826 379/446/1827
f 484/574/1828 421/499/1829 483/573/1830
f 483/573/1830 421/499/1829 460/549/1831
f 460/549/1832 379/446/1833 461/550/1834
f 461/550/1834 379/446/1833 423/501/1835
f 485/575/1836 483/573/1837 459/548/1838
f 459/548/1838 483/573/1837 460/549/1839
f 458/547/1840 459/548/1841 461/550/1842
f 461/550/1842 459/548/1841 460/549/1843
f 414/486/1844 413/487/1845 39/39/1846
f 39/39/1846 413/487/1845 38/38/1847
f 476/566/1848 413/487/1849 477/567/1850
f 475/565/1851 474/564/1852 386/453/1853
f 386/453/1853 474/564/1852 385/452/1854
f 381/448/1855 413/487/1856 410/479/1857
f 410/479/1857 413/487/1856 414/486/1858
f 475/565/1859 477/567/1860 381/448/1861
f 381/448/1861 477/567/1860 413/487/1862
f 474/564/1863 475/565/1864 636/746/1865
f 636/746/1865 475/565/1864 381/448/1866
f 476/566/1867 477/567/1868 510/602/1869
f 510/602/1869 477/567/1868 387/454/1870
f 510/602/1871 387/454/1872 485/575/1873
f 477/567/1874 475/565/1875 387/454/1876
f 387/454/1876 475/565/1875 386/453/1877
f 459/548/1878 510/602/1879 485/575/1880
f 42/42/1881 41/41/1882 402/492/1883
f 42/42/1884 402/492/1885 404/494/1886
f 404/494/1887 402/492/1888 425/503/1889
f 406/496/1890 405/495/1891 399/489/1892
f 399/489/1892 405/495/1891 41/41/1893
f 405/495/1894 409/480/1895 41/41/1896
f 41/41/1896 409/480/1895 40/40/1897
f 482/572/1898 480/570/1899 223/223/1900
f 480/570/1901 482/572/1902 224/224/1903
f 224/224/1904 111/115/1905 480/570/1906
f 480/570/1906 111/115/1905 6/6/1907
f 402/492/1908 403/493/1909 425/503/1910
f 425/503/1910 403/493/1909 419/477/1911
f 41/41/1912 40/40/1913 402/492/1914
f 402/492/1914 40/40/1913 130/135/1915
f 403/493/1916 402/492/1917 130/135/1918
f 130/135/1919 632/742/1920 403/493/1921
f 478/568/1922 401/491/1923 130/135/1924
f 130/135/1924 401/491/1923 43/43/1925
f 401/491/1926 478/568/1927 258/252/1928
f 258/252/1928 478/568/1927 6/6/1929
f 632/742/1930 130/135/1931 43/43/1932
f 409/480/1933 405/495/1934 38/38/1935
f 38/38/1935 405/495/1934 408/481/1936
f 461/550/1937 223/223/1938 458/547/1939
f 458/547/1939 223/223/1938 481/571/1940
f 480/570/1941 481/571/1942 223/223/1943
f 40/40/1944 637/747/1945 130/135/1946
f 130/135/1946 637/747/1945 478/568/1947
f 637/747/1948 480/570/1949 478/568/1950
f 478/568/1950 480/570/1949 6/6/1951
f 38/38/1952 388/455/1953 409/480/1954
f 388/455/1955 38/38/1956 476/566/1957
f 476/566/1957 38/38/1956 413/487/1958
f 480/570/1959 511/603/1960 481/571/1961
f 510/602/1962 511/603/1963 476/566/1964
f 476/566/1964 511/603/1963 388/455/1965
f 510/602/1966 459/548/1967 511/603/1968
f 511/603/1968 459/548/1967 458/547/1969
f 511/603/1970 458/547/1971 481/571/1972
f 40/40/1973 409/480/1974 637/747/1975
f 637/747/1975 409/480/1974 388/455/1976
f 480/570/1977 637/747/1978 511/603/1979
f 511/603/1979 637/747/1978 388/455/1980
f 303/299/1981 331/331/1982 82/85/1983
f 82/85/1983 331/331/1982 330/330/1984
f 303/299/1985 332/332/1986 331/331/1987
f 333/333/1988 332/332/1989 84/87/1990
f 84/87/1990 332/332/1989 303/299/1991
f 120/124/1992 16/16/1993 335/335/1994
f 335/335/1994 16/16/1993 82/85/1995
f 307/303/1996 333/333/1997 308/304/1998
f 308/304/1998 333/333/1997 84/87/1999
f 84/87/2000 309/305/2001 308/304/2002
f 303/299/2003 309/305/2004 84/87/2005
f 303/299/2006 16/16/2007 309/305/2008
f 308/304/2009 309/305/2010 549/640/2011
f 549/640/2011 309/305/2010 94/97/2012
f 247/238/2013 573/670/2014 135/140/2015
f 135/140/2015 573/670/2014 574/671/2016
f 573/670/2017 247/238/2018 575/672/2019
f 575/672/2019 247/238/2018 136/141/2020
f 575/674/2021 136/141/2022 576/673/2023
f 576/673/2023 136/141/2022 119/123/2024
f 136/141/2025 16/16/2026 119/123/2027
f 119/123/2027 16/16/2026 120/124/2028
f 309/305/2029 247/238/2030 94/97/2031
f 94/97/2031 247/238/2030 135/140/2032
f 247/238/2033 309/305/2034 136/141/2035
f 136/141/2035 309/305/2034 16/16/2036
f 16/16/2037 303/299/2038 82/85/2039
f 558/652/2040 559/651/2041 164/361/2042
f 164/361/2042 559/651/2041 502/592/2043
f 170/177/2044 138/144/2045 201/214/2046
f 201/214/2046 138/144/2045 199/212/2047
f 170/177/2048 164/171/2049 138/144/2050
f 501/591/2051 138/144/2052 502/593/2053
f 502/593/2053 138/144/2052 164/171/2054
f 200/213/2055 170/177/2056 201/214/2057
f 613/712/2058 612/710/2059 202/215/2060
f 202/215/2060 612/710/2059 250/241/2061
f 164/171/2062 202/215/2063 250/241/2064
f 250/241/2065 558/650/2066 164/171/2067
f 200/213/2068 347/347/2069 145/151/2070
f 609/708/2071 614/713/2072 350/350/2073
f 350/350/2073 614/713/2072 145/151/2074
f 613/712/2075 202/215/2076 614/713/2077
f 614/713/2077 202/215/2076 145/151/2078
f 170/177/2079 200/213/2080 145/151/2081
f 170/177/2082 202/215/2083 164/171/2084
f 614/713/2085 609/708/2086 163/170/2087
f 163/170/2087 609/708/2086 351/351/2088
f 613/712/2089 614/713/2090 203/216/2091
f 203/216/2091 614/713/2090 163/170/2092
f 612/710/2093 613/712/2094 366/413/2095
f 366/413/2095 613/712/2094 203/216/2096
f 202/215/2097 170/177/2098 145/151/2099
f 470/559/2100 428/515/2101 471/561/2102
f 471/561/2102 428/515/2101 397/473/2103
f 469/557/2104 396/472/2105 470/559/2106
f 470/559/2106 396/472/2105 428/515/2107
f 383/450/2108 384/451/2109 410/479/2110
f 410/479/2111 414/486/2112 383/450/2113
f 383/450/2113 414/486/2112 417/483/2114
f 384/451/2115 382/449/2116 411/478/2117
f 382/449/2118 416/484/2119 411/478/2120
f 427/514/2121 32/32/2122 416/484/2123
f 416/484/2123 32/32/2122 636/746/2124
f 384/451/2125 411/478/2126 381/448/2127
f 410/479/2128 384/451/2129 381/448/2130
f 411/478/2131 416/484/2132 381/448/2133
f 416/484/2134 636/746/2135 381/448/2136
f 111/115/2137 224/224/2138 245/236/2139
f 245/236/2139 224/224/2138 246/237/2140
f 246/237/2140 224/224/2138 134/139/2141
f 224/224/2138 225/225/2142 134/139/2141
f 70/70/2143 328/328/2144 93/96/2145
f 93/96/2145 328/328/2144 91/94/2146
f 70/714/2147 318/318/2148 81/84/2149
f 320/320/2150 70/714/2151 81/84/2152
f 70/714/2153 617/718/2154 318/318/2155
f 318/318/2155 617/718/2154 80/83/2156
f 617/718/2157 316/316/2158 80/83/2159
f 616/721/2160 619/722/2161 314/314/2162
f 312/312/2163 616/721/2164 314/314/2165
f 617/718/2166 616/721/2167 316/316/2168
f 316/316/2168 616/721/2167 618/725/2169
f 615/727/2170 365/403/2171 616/721/2172
f 616/721/2172 365/403/2171 79/82/2173
f 618/725/2174 616/721/2175 312/312/2176
f 619/722/2177 616/721/2178 79/82/2179
f 1/1/2180 328/328/2181 71/71/2182
f 71/71/2182 328/328/2181 70/70/2183
f 71/724/2184 70/714/2185 74/74/2186
f 74/74/2186 70/714/2185 320/320/2187
f 639/748/2188 638/749/2189 435/523/2190
f 435/523/2190 638/749/2189 434/521/2191
f 640/750/2192 433/522/2193 638/749/2194
f 638/749/2194 433/522/2193 434/521/2195
f 641/751/2196 639/748/2197 436/525/2198
f 436/525/2198 639/748/2197 435/523/2199
f 507/599/2200 436/525/2201 506/597/2202
f 506/597/2202 436/525/2201 435/523/2203
f 506/597/2204 435/523/2205 505/595/2206
f 505/595/2206 435/523/2205 434/521/2207
f 505/595/2208 434/521/2209 504/596/2210
f 504/596/2210 434/521/2209 433/522/2211
f 643/753/2212 437/524/2213 642/752/2214
f 642/752/2214 437/524/2213 516/609/2215
f 641/751/2216 436/525/2217 643/753/2218
f 643/753/2218 436/525/2217 437/524/2219
f 518/612/2220 437/524/2221 519/611/2222
f 519/611/2222 437/524/2221 508/598/2223
f 518/612/2224 516/609/2225 437/524/2226
f 507/599/2227 508/598/2228 436/525/2229
f 436/525/2229 508/598/2228 437/524/2230
f 63/63/2231 545/638/2232 62/62/2233
f 545/638/2234 63/63/2235 540/633/2236
f 63/63/2237 438/526/2238 540/633/2239
f 540/633/2239 438/526/2238 432/520/2240
f 644/754/2241 63/63/2242 64/64/2243
f 642/752/2244 644/754/2245 517/610/2246
f 517/610/2246 644/754/2245 64/64/2247
f 642/752/2248 517/610/2249 643/753/2250
f 643/753/2250 517/610/2249 447/535/2251
f 643/753/2252 447/535/2253 641/751/2254
f 641/751/2254 447/535/2253 291/287/2255
f 641/751/2256 291/287/2257 639/748/2258
f 639/748/2258 291/287/2257 288/284/2259
f 639/748/2260 288/284/2261 638/749/2262
f 638/749/2262 288/284/2261 290/286/2263
f 638/749/2264 290/286/2265 640/750/2266
f 640/750/2266 290/286/2265 65/65/2267
f 51/51/2268 392/459/2269 10/10/2270
f 469/557/2271 468/558/2272 396/472/2273
f 396/472/2273 468/558/2272 395/471/2274
f 467/555/2275 412/469/2276 468/558/2277
f 468/558/2277 412/469/2276 395/471/2278
f 55/55/2279 54/54/2280 53/53/2281
f 53/53/2281 54/54/2280 52/52/2282
f 53/53/2283 52/52/2284 51/51/2285
f 51/51/2285 52/52/2284 392/459/2286
f 382/449/2287 418/482/2288 416/484/2289
f 412/469/2290 429/516/2291 395/471/2292
f 427/514/2293 416/484/2294 37/37/2295
f 37/37/2295 416/484/2294 418/482/2296
f 429/516/2297 412/469/2298 37/476/2299
f 37/476/2299 412/469/2298 427/513/2300
f 11/11/2301 420/498/2302 378/445/2303
f 131/136/2304 420/498/2305 11/11/2306
f 11/11/2307 10/10/2308 131/136/2309
f 131/136/2309 10/10/2308 12/12/2310
f 51/51/2311 10/10/2312 47/47/2313
f 47/47/2313 10/10/2312 11/11/2314
f 11/11/2315 48/48/2316 47/47/2317
f 378/445/2318 377/444/2319 11/11/2320
f 46/46/2321 377/444/2322 34/34/2323
f 488/578/2324 377/444/2325 378/445/2326
f 49/49/2327 377/444/2328 46/46/2329
f 11/11/2330 377/444/2331 48/48/2332
f 48/48/2332 377/444/2331 50/50/2333
f 377/444/2334 488/578/2335 34/34/2336
f 34/34/2336 488/578/2335 35/35/2337
f 488/578/2335 430/517/2338 35/35/2337
f 377/444/2339 49/49/2340 50/50/2341
f 472/560/2342 471/561/2343 397/473/2344
f 471/561/2345 472/560/2346 35/474/2347
f 35/474/2347 472/560/2346 34/475/2348
f 648/758/2349 647/757/2350 645/755/2351
f 645/755/2351 647/757/2350 646/756/2352
f 649/759/2353 651/761/2354 650/760/2355
f 652/762/2356 655/765/2357 653/763/2358
f 653/763/2358 655/765/2357 654/764/2359
f 647/757/2360 648/758/2361 656/766/2362
f 648/758/2361 652/762/2363 656/766/2362
f 652/762/2363 653/763/2364 656/766/2362
f 660/770/2365 659/769/2366 657/767/2367
f 657/767/2367 659/769/2366 658/768/2368
f 662/772/2369 660/770/2370 661/771/2371
f 661/771/2371 660/770/2370 657/767/2372
f 663/773/2373 664/774/2374 661/771/2375
f 661/771/2375 664/774/2374 662/772/2376
f 666/776/2377 665/775/2378 667/777/2379
f 667/777/2379 665/775/2378 668/778/2380
f 665/775/2378 669/779/2381 668/778/2380
f 671/781/2382 669/779/2383 670/780/2384
f 670/780/2384 669/779/2383 665/775/2385
f 27/785/2386 25/784/2387 672/782/2388
f 672/782/2388 25/784/2387 673/783/2389
f 650/760/2390 676/788/2391 674/786/2392
f 674/786/2392 676/788/2391 675/787/2393
f 678/790/2394 677/789/2395 650/760/2396
f 650/760/2396 677/789/2395 676/788/2397
f 649/759/2398 650/760/2399 674/786/2400
f 679/791/2401 680/792/2402 652/762/2403
f 652/762/2403 680/792/2402 655/765/2404
f 682/796/2405 681/795/2406 659/793/2407
f 659/793/2407 681/795/2406 658/794/2408
f 683/797/2409 682/799/2410 684/798/2411
f 659/793/2412 685/801/2413 682/796/2414
f 682/796/2414 685/801/2413 684/800/2415
f 685/801/2416 687/803/2417 684/800/2418
f 684/800/2418 687/803/2417 686/802/2419
f 691/807/2420 690/806/2421 688/804/2422
f 688/804/2422 690/806/2421 689/805/2423
f 688/804/2424 692/808/2425 691/807/2426
f 298/813/2427 696/812/2428 25/784/2429
f 25/784/2429 696/812/2428 673/783/2430
f 667/777/2431 698/815/2432 666/776/2433
f 666/776/2433 698/815/2432 697/814/2434
f 701/818/2435 700/817/2436 699/816/2437
f 699/816/2437 700/817/2436 697/814/2438
f 700/817/2439 670/780/2440 665/775/2441
f 697/814/2442 700/817/2443 666/776/2444
f 666/776/2444 700/817/2443 665/775/2445
f 664/774/2446 663/773/2447 703/820/2448
f 703/820/2448 663/773/2447 704/821/2449
f 705/822/2450 707/824/2451 706/823/2452
f 708/825/2453 710/827/2454 709/826/2455
f 709/826/2455 710/827/2454 705/822/2456
f 707/824/2457 705/822/2458 710/827/2459
f 711/828/2460 714/831/2461 712/829/2462
f 712/829/2462 714/831/2461 713/830/2463
f 715/832/2464 717/834/2465 716/833/2466
f 717/834/2467 715/832/2468 718/835/2469
f 718/835/2469 715/832/2468 719/836/2470
f 718/835/2471 719/836/2472 707/824/2473
f 707/824/2473 719/836/2472 706/823/2474
f 718/835/2475 707/824/2476 720/837/2477
f 720/837/2477 707/824/2476 710/827/2478
f 722/839/2479 721/838/2480 711/828/2481
f 711/828/2481 721/838/2480 714/831/2482
f 718/835/2483 720/837/2484 723/840/2485
f 723/840/2485 720/837/2484 724/841/2486
f 717/834/2487 718/835/2488 723/840/2489
f 728/843/2490 727/844/2491 725/842/2492
f 725/842/2492 727/844/2491 726/845/2493
f 732/847/2494 731/848/2495 729/846/2496
f 729/846/2496 731/848/2495 730/849/2497
f 734/851/2498 733/850/2499 735/852/2500
f 735/852/2500 733/850/2499 736/853/2501
f 733/850/2499 737/854/2502 736/853/2501
f 729/846/2503 725/842/2504 732/847/2505
f 732/847/2505 725/842/2504 738/855/2506
f 732/847/2507 737/856/2508 731/848/2509
f 736/857/2510 737/856/2511 738/855/2512
f 738/855/2512 737/856/2511 732/847/2513
f 739/858/2514 742/859/2515 740/861/2516
f 740/861/2516 742/859/2515 741/860/2517
f 731/848/2518 739/858/2519 730/849/2520
f 730/849/2520 739/858/2519 740/861/2521
f 737/854/2522 733/850/2523 743/862/2524
f 739/864/2525 731/863/2526 743/862/2527
f 743/862/2527 731/863/2526 737/854/2528
f 745/866/2529 664/774/2530 744/865/2531
f 744/865/2531 664/774/2530 703/820/2532
f 696/812/2533 298/813/2534 746/867/2535
f 746/867/2535 298/813/2534 440/868/2536
f 746/867/2537 440/868/2538 747/869/2539
f 747/869/2539 440/868/2538 493/870/2540
f 749/872/2541 745/866/2542 748/871/2543
f 748/871/2543 745/866/2542 744/865/2544
f 659/769/2545 660/770/2546 685/873/2547
f 685/873/2547 660/770/2546 750/874/2548
f 662/772/2549 751/875/2550 660/770/2551
f 660/770/2551 751/875/2550 750/874/2552
f 664/774/2553 745/866/2554 662/772/2555
f 662/772/2555 745/866/2554 751/875/2556
f 685/873/2557 750/874/2558 687/876/2559
f 687/876/2559 750/874/2558 752/877/2560
f 682/799/2561 683/797/2562 681/878/2563
f 681/878/2563 683/797/2562 753/879/2564
f 755/881/2565 753/879/2566 754/880/2567
f 754/880/2567 753/879/2566 683/797/2568
f 757/885/2569 22/884/2570 756/882/2571
f 756/882/2571 22/884/2570 504/883/2572
f 758/886/2573 757/885/2574 756/882/2575
f 22/884/2576 757/885/2577 493/870/2578
f 493/870/2578 757/885/2577 747/869/2579
f 722/839/2580 711/828/2581 759/887/2582
f 723/840/2583 722/839/2584 717/834/2585
f 717/834/2585 722/839/2584 759/887/2586
f 712/829/2587 759/887/2588 711/828/2589
f 766/894/2590 768/896/2591 767/895/2592
f 767/895/2593 775/903/2594 766/894/2595
f 766/894/2595 775/903/2594 774/902/2596
f 776/904/2597 746/867/2598 777/905/2599
f 777/905/2599 746/867/2598 747/869/2600
f 778/906/2601 780/908/2602 779/907/2603
f 780/908/2604 757/885/2605 779/907/2606
f 779/907/2606 757/885/2605 758/886/2607
f 780/908/2608 777/905/2609 757/885/2610
f 757/885/2610 777/905/2609 747/869/2611
f 781/909/2612 777/905/2613 782/910/2614
f 782/910/2614 777/905/2613 780/908/2615
f 780/908/2616 778/906/2617 782/910/2618
f 782/910/2618 778/906/2617 783/911/2619
f 784/912/2620 786/914/2621 785/913/2622
f 785/913/2623 787/915/2624 784/912/2625
f 673/783/2626 788/916/2627 672/782/2628
f 672/782/2628 788/916/2627 702/819/2629
f 673/783/2630 696/812/2631 788/916/2632
f 788/916/2632 696/812/2631 789/917/2633
f 746/867/2634 776/904/2635 696/812/2636
f 696/812/2636 776/904/2635 789/917/2637
f 788/916/2638 791/919/2639 702/819/2640
f 702/819/2640 791/919/2639 790/918/2641
f 790/918/2642 794/922/2643 792/920/2644
f 792/920/2644 794/922/2643 793/921/2645
f 790/918/2646 791/919/2647 794/922/2648
f 800/928/2649 799/927/2650 797/925/2651
f 797/925/2651 799/927/2650 798/926/2652
f 787/915/2653 801/929/2654 784/912/2655
f 809/936/2656 808/935/2657 806/933/2658
f 806/933/2658 808/935/2657 807/934/2659
f 695/811/2660 812/939/2661 810/937/2662
f 810/937/2662 812/939/2661 811/938/2663
f 809/936/2664 799/927/2665 808/935/2666
f 808/935/2666 799/927/2665 800/928/2667
f 807/934/2668 813/941/2669 806/933/2670
f 806/933/2670 813/941/2669 805/940/2671
f 812/939/2672 813/941/2673 811/938/2674
f 811/938/2674 813/941/2673 807/934/2675
f 744/865/2676 703/820/2677 814/942/2678
f 748/871/2679 814/942/2680 815/943/2681
f 748/871/2682 744/865/2683 814/942/2684
f 797/925/2685 818/946/2686 816/944/2687
f 816/944/2687 818/946/2686 817/945/2688
f 819/947/2689 818/946/2690 798/926/2691
f 798/926/2691 818/946/2690 797/925/2692
f 810/937/2693 811/938/2694 820/948/2695
f 808/935/2696 820/948/2697 807/934/2698
f 807/934/2698 820/948/2697 811/938/2699
f 815/943/2700 814/942/2701 821/949/2702
f 823/951/2703 816/944/2704 822/950/2705
f 822/950/2705 816/944/2704 817/945/2706
f 816/944/2707 823/951/2708 797/925/2709
f 797/925/2709 823/951/2708 800/928/2710
f 824/952/2711 825/954/2712 819/953/2713
f 823/951/2714 820/948/2715 800/928/2716
f 800/928/2716 820/948/2715 808/935/2717
f 821/949/2718 814/942/2719 823/951/2720
f 823/951/2720 814/942/2719 820/948/2721
f 826/955/2722 815/943/2723 821/949/2724
f 821/949/2725 822/950/2726 826/955/2727
f 819/953/2728 825/954/2729 818/957/2730
f 825/954/2729 822/956/2731 818/957/2730
f 822/956/2731 817/958/2732 818/957/2730
f 822/950/2733 821/949/2734 823/951/2735
f 775/903/2736 827/959/2737 774/902/2738
f 774/902/2738 827/959/2737 828/960/2739
f 834/966/2740 828/960/2741 833/965/2742
f 833/965/2742 828/960/2741 827/959/2743
f 838/970/2744 837/969/2745 835/967/2746
f 835/967/2746 837/969/2745 836/968/2747
f 837/969/2748 840/972/2749 836/968/2750
f 836/968/2750 840/972/2749 839/971/2751
f 840/972/2752 842/974/2753 839/971/2754
f 839/971/2754 842/974/2753 841/973/2755
f 841/973/2756 842/974/2757 843/975/2758
f 829/961/2759 830/962/2760 844/976/2761
f 844/976/2761 830/962/2760 845/977/2762
f 832/964/2763 829/961/2764 846/978/2765
f 846/978/2765 829/961/2764 844/976/2766
f 847/979/2767 833/965/2768 846/978/2769
f 846/978/2769 833/965/2768 832/964/2770
f 847/979/2771 848/980/2772 833/965/2773
f 834/966/2774 833/965/2773 848/980/2772
f 844/976/2775 845/977/2776 836/968/2777
f 836/968/2777 845/977/2776 835/967/2778
f 846/978/2779 844/976/2780 839/971/2781
f 839/971/2781 844/976/2780 836/968/2782
f 847/979/2783 846/978/2784 841/973/2785
f 841/973/2785 846/978/2784 839/971/2786
f 843/975/2787 848/980/2788 841/973/2789
f 841/973/2789 848/980/2788 847/979/2790
f 785/913/2791 851/983/2792 787/915/2793
f 787/915/2793 851/983/2792 850/982/2794
f 851/983/2795 785/913/2796 852/984/2797
f 852/984/2797 785/913/2796 786/914/2798
f 801/929/2799 787/915/2800 853/985/2801
f 853/985/2801 787/915/2800 850/982/2802
f 853/985/2803 854/986/2804 801/929/2805
f 801/929/2805 854/986/2804 804/932/2806
f 855/987/2807 679/791/2808 856/988/2809
f 859/991/2810 858/990/2811 857/989/2812
f 858/990/2811 645/755/2813 857/989/2812
f 857/989/2812 645/755/2813 646/756/2814
f 858/990/2815 859/991/2816 860/992/2817
f 860/992/2817 859/991/2816 678/790/2818
f 860/992/2819 678/790/2820 650/760/2821
f 679/791/2822 652/762/2823 856/988/2824
f 856/988/2824 652/762/2823 648/758/2825
f 862/994/2826 650/760/2827 861/993/2828
f 861/993/2828 650/760/2827 651/761/2829
f 862/994/2830 861/993/2831 863/995/2832
f 735/852/2833 864/996/2834 734/851/2835
f 736/857/2836 865/997/2837 735/998/2838
f 725/842/2839 726/845/2840 738/855/2841
f 738/855/2841 726/845/2840 865/997/2842
f 864/999/2843 735/998/2844 865/997/2845
f 736/857/2846 738/855/2847 865/997/2848
f 866/1000/2849 705/822/2850 867/1001/2851
f 709/826/2852 705/822/2853 868/1002/2854
f 868/1002/2854 705/822/2853 866/1000/2855
f 706/823/2856 867/1001/2857 705/822/2858
f 872/1006/2859 871/1005/2860 869/1003/2861
f 869/1003/2861 871/1005/2860 870/1004/2862
f 719/836/2863 871/1005/2864 706/823/2865
f 706/823/2865 871/1005/2864 867/1001/2866
f 871/1005/2867 719/836/2868 870/1004/2869
f 870/1004/2869 719/836/2868 715/832/2870
f 871/1005/2871 864/996/2872 873/1007/2873
f 873/1007/2874 865/1010/2875 874/1008/2876
f 874/1008/2876 865/1010/2875 726/1009/2877
f 873/1007/2878 864/996/2879 865/1010/2880
f 867/1001/2881 871/1005/2882 866/1000/2883
f 866/1000/2883 871/1005/2882 873/1007/2884
f 878/1014/2885 809/936/2886 877/1013/2887
f 877/1013/2887 809/936/2886 806/933/2888
f 882/1018/2889 881/1017/2890 879/1015/2891
f 879/1015/2891 881/1017/2890 880/1016/2892
f 879/1019/2893 884/1021/2894 883/1020/2895
f 884/1022/2896 879/1015/2897 880/1016/2898
f 885/1023/2899 886/1024/2900 884/1022/2901
f 886/1025/2902 888/1027/2903 884/1021/2904
f 888/1027/2903 887/1026/2905 884/1021/2904
f 887/1026/2905 883/1020/2906 884/1021/2904
f 889/1028/2907 888/1027/2908 886/1025/2909
f 890/1029/2910 663/773/2911 661/771/2912
f 661/771/2913 657/767/2914 890/1029/2915
f 890/1029/2915 657/767/2914 891/1030/2916
f 892/1031/2917 663/773/2918 890/1029/2919
f 657/767/2920 658/768/2921 891/1030/2922
f 891/1030/2922 658/768/2921 893/1032/2923
f 893/1034/2924 658/794/2925 894/1033/2926
f 894/1033/2926 658/794/2925 681/795/2927
f 895/1035/2928 704/821/2929 892/1031/2930
f 704/821/2929 663/773/2931 892/1031/2930
f 704/821/2932 895/1035/2933 896/1036/2934
f 753/879/2935 894/1037/2936 681/878/2937
f 704/821/2938 896/1036/2939 703/820/2940
f 703/820/2940 896/1036/2939 814/942/2941
f 896/1036/2942 810/937/2943 814/942/2944
f 814/942/2944 810/937/2943 820/948/2945
f 895/1035/2946 892/1031/2947 897/1038/2948
f 893/1032/2949 899/1040/2950 891/1030/2951
f 891/1030/2951 899/1040/2950 898/1039/2952
f 898/1039/2953 897/1038/2954 891/1030/2955
f 891/1030/2955 897/1038/2954 890/1029/2956
f 897/1038/2954 892/1031/2957 890/1029/2956
f 900/1041/2958 902/1043/2959 901/1042/2960
f 897/1038/2961 904/1045/2962 895/1035/2963
f 895/1035/2963 904/1045/2962 903/1044/2964
f 902/1043/2965 906/1047/2966 901/1042/2967
f 901/1042/2967 906/1047/2966 905/1046/2968
f 908/1049/2969 898/1039/2970 907/1048/2971
f 907/1048/2971 898/1039/2970 899/1040/2972
f 906/1047/2973 902/1043/2974 909/1050/2975
f 909/1050/2975 902/1043/2974 910/1051/2976
f 910/1051/2977 902/1043/2978 911/1052/2979
f 911/1052/2979 902/1043/2978 900/1041/2980
f 912/1053/2981 894/1054/2982 753/879/2983
f 893/1034/2984 894/1033/2985 899/1055/2986
f 899/1055/2986 894/1033/2985 912/1056/2987
f 913/1057/2988 905/1060/2989 909/1058/2990
f 909/1058/2990 905/1060/2989 906/1059/2991
f 904/1045/2992 897/1038/2993 908/1049/2994
f 908/1049/2994 897/1038/2993 898/1039/2995
f 912/1056/2996 907/1061/2997 899/1055/2998
f 913/1057/2999 912/1056/3000 914/1062/3001
f 909/1058/3002 907/1061/3003 913/1057/3004
f 913/1057/3004 907/1061/3003 912/1056/3005
f 910/1051/3006 908/1049/3007 909/1050/3008
f 909/1050/3008 908/1049/3007 907/1048/3009
f 911/1052/3010 904/1045/3011 910/1051/3012
f 910/1051/3012 904/1045/3011 908/1049/3013
f 903/1044/3014 904/1045/3015 911/1052/3016
f 916/1064/3017 694/810/3018 915/1063/3019
f 915/1063/3019 694/810/3018 693/809/3020
f 810/937/3021 896/1036/3022 695/811/3023
f 695/811/3023 896/1036/3022 693/809/3024
f 693/809/3024 896/1036/3022 915/1063/3025
f 918/1066/3026 917/1065/3027 901/1042/3028
f 901/1042/3028 917/1065/3027 900/1041/3029
f 916/1064/3030 915/1063/3031 919/1067/3032
f 919/1067/3032 915/1063/3031 920/1068/3033
f 920/1068/3034 915/1063/3035 896/1036/3036
f 903/1044/3037 920/1068/3038 895/1035/3039
f 895/1035/3039 920/1068/3038 896/1036/3040
f 911/1052/3041 900/1041/3042 903/1044/3043
f 903/1044/3043 900/1041/3042 917/1065/3044
f 903/1044/3045 917/1065/3046 920/1068/3047
f 920/1068/3047 917/1065/3046 919/1067/3048
f 921/1069/3049 923/1071/3050 922/1070/3051
f 925/1073/3052 924/1072/3053 922/1070/3054
f 922/1070/3054 924/1072/3053 921/1069/3055
f 783/911/3056 926/1074/3057 782/910/3058
f 926/1074/3059 927/1075/3060 782/910/3061
f 782/910/3061 927/1075/3060 781/909/3062
f 878/1014/3063 877/1013/3064 928/1076/3065
f 928/1076/3065 877/1013/3064 929/1077/3066
f 931/1079/3067 926/1074/3068 930/1078/3069
f 930/1078/3069 926/1074/3068 783/911/3070
f 804/932/3071 701/818/3072 932/1080/3073
f 932/1080/3073 701/818/3072 699/816/3074
f 932/1080/3075 784/912/3076 804/932/3077
f 804/932/3077 784/912/3076 801/929/3078
f 697/814/3079 698/815/3080 699/816/3081
f 699/816/3081 698/815/3080 933/1081/3082
f 933/1081/3083 932/1080/3084 699/816/3085
f 934/1082/3086 932/1080/3087 933/1081/3088
f 870/1004/3089 940/1088/3090 869/1003/3091
f 869/1003/3091 940/1088/3090 939/1087/3092
f 940/1088/3093 870/1004/3094 716/833/3095
f 716/833/3095 870/1004/3094 715/832/3096
f 879/1015/3097 883/1098/3098 948/1096/3099
f 948/1096/3099 883/1098/3098 949/1097/3100
f 882/1018/3101 879/1015/3102 950/1099/3103
f 950/1099/3103 879/1015/3102 948/1096/3104
f 883/1098/3105 887/1101/3106 949/1097/3107
f 949/1097/3107 887/1101/3106 951/1100/3108
f 887/1101/3109 888/1103/3110 951/1100/3111
f 951/1100/3111 888/1103/3110 952/1102/3112
f 888/1103/3113 889/1105/3114 952/1102/3115
f 952/1102/3115 889/1105/3114 953/1104/3116
f 924/1107/3117 882/1018/3118 954/1106/3119
f 954/1106/3119 882/1018/3118 950/1099/3120
f 957/1111/3121 956/1110/3122 921/1108/3123
f 921/1108/3123 956/1110/3122 955/1109/3124
f 957/1111/3125 921/1108/3126 954/1106/3127
f 954/1106/3127 921/1108/3126 924/1107/3128
f 923/1071/3129 921/1069/3130 955/1112/3131
f 754/880/3132 683/797/3133 958/1113/3134
f 958/1113/3134 683/797/3133 959/1114/3135
f 686/1115/3136 959/1114/3137 684/798/3138
f 684/798/3138 959/1114/3137 683/797/3139
f 960/1116/3140 959/1114/3141 686/1115/3142
f 960/1118/3143 686/802/3144 961/1117/3145
f 961/1117/3145 686/802/3144 687/803/3146
f 964/1122/3147 824/1121/3148 962/1119/3149
f 962/1119/3149 824/1121/3148 963/1120/3150
f 963/1120/3151 966/1124/3152 962/1119/3153
f 962/1119/3153 966/1124/3152 965/1123/3154
f 967/1126/3155 825/1125/3156 964/1122/3157
f 964/1122/3157 825/1125/3156 824/1121/3158
f 967/1126/3159 968/1127/3160 825/1125/3161
f 825/1125/3161 968/1127/3160 822/950/3162
f 968/1127/3163 969/1128/3164 822/950/3165
f 973/1132/3166 972/1131/3167 970/1129/3168
f 970/1129/3168 972/1131/3167 971/1130/3169
f 886/1025/3170 973/1133/3171 889/1028/3172
f 972/1131/3173 973/1132/3174 886/1024/3175
f 974/1134/3176 977/1137/3177 975/1135/3178
f 975/1135/3178 977/1137/3177 976/1136/3179
f 966/1124/3180 977/1137/3181 965/1123/3182
f 965/1123/3182 977/1137/3181 974/1134/3183
f 932/1080/3184 934/1082/3185 784/912/3186
f 784/912/3186 934/1082/3185 978/1138/3187
f 786/914/3188 784/912/3189 979/1139/3190
f 979/1139/3190 784/912/3189 978/1138/3191
f 980/1140/3192 852/984/3193 979/1139/3194
f 979/1139/3194 852/984/3193 786/914/3195
f 980/1144/3196 979/1143/3197 981/1141/3198
f 981/1141/3198 979/1143/3197 982/1142/3199
f 982/1142/3200 975/1135/3201 981/1141/3202
f 981/1141/3202 975/1135/3201 976/1136/3203
f 983/1145/3204 982/1142/3205 979/1143/3206
f 975/1135/3207 982/1142/3208 984/1146/3209
f 984/1146/3209 982/1142/3208 983/1145/3210
f 970/1129/3211 974/1134/3212 984/1146/3213
f 984/1146/3213 974/1134/3212 975/1135/3214
f 965/1123/3215 974/1134/3216 971/1130/3217
f 971/1130/3217 974/1134/3216 970/1129/3218
f 985/1147/3219 962/1119/3220 971/1130/3221
f 971/1130/3221 962/1119/3220 965/1123/3222
f 986/1148/3223 960/1150/3224 987/1149/3225
f 987/1149/3225 960/1150/3224 969/1128/3226
f 960/1116/3227 986/1152/3228 959/1114/3229
f 988/1151/3230 959/1114/3229 986/1152/3228
f 958/1113/3231 959/1114/3232 989/1153/3233
f 989/1153/3233 959/1114/3232 988/1151/3234
f 781/909/3235 990/1154/3236 777/905/3237
f 777/905/3237 990/1154/3236 776/904/3238
f 788/916/3239 789/917/3240 791/919/3241
f 791/919/3241 789/917/3240 991/1155/3242
f 776/904/3243 990/1154/3244 789/917/3245
f 789/917/3245 990/1154/3244 991/1155/3246
f 794/922/3247 791/919/3248 991/1155/3249
f 792/920/3250 793/921/3251 796/924/3252
f 796/924/3252 793/921/3251 992/1156/3253
f 794/922/3254 991/1155/3255 793/921/3256
f 793/921/3256 991/1155/3255 993/1157/3257
f 993/1157/3258 992/1156/3259 793/921/3260
f 796/924/3261 992/1156/3262 795/923/3263
f 795/923/3263 992/1156/3262 994/1158/3264
f 927/1075/3265 995/1159/3266 781/909/3267
f 781/909/3267 995/1159/3266 990/1154/3268
f 995/1159/3269 993/1157/3270 990/1154/3271
f 990/1154/3271 993/1157/3270 991/1155/3272
f 995/1159/3273 997/1161/3274 996/1160/3275
f 996/1160/3276 997/1161/3277 998/1162/3278
f 998/1162/3278 997/1161/3277 929/1077/3279
f 995/1159/3280 927/1075/3281 997/1161/3282
f 997/1161/3282 927/1075/3281 999/1163/3283
f 927/1075/3281 926/1074/3284 999/1163/3283
f 926/1074/3284 931/1079/3285 999/1163/3283
f 993/1157/3286 995/1159/3287 996/1160/3288
f 997/1161/3289 999/1163/3290 929/1077/3291
f 929/1077/3291 999/1163/3290 928/1076/3292
f 992/1156/3293 993/1157/3294 994/1158/3295
f 996/1160/3296 994/1158/3295 993/1157/3294
f 809/936/3297 878/1014/3298 799/927/3299
f 799/927/3299 878/1014/3298 1000/1164/3300
f 928/1076/3301 1007/1172/3302 878/1014/3303
f 878/1014/3303 1007/1172/3302 1000/1164/3304
f 1010/1177/3305 854/1179/3306 853/1178/3307
f 1001/1165/3308 854/986/3309 1010/1180/3310
f 851/1182/3311 1011/1181/3312 850/1183/3313
f 1011/1181/3312 1010/1177/3314 850/1183/3313
f 1010/1177/3314 853/1178/3315 850/1183/3313
f 1011/1181/3316 851/1182/3317 1012/1184/3318
f 851/1182/3317 852/1185/3319 1012/1184/3318
f 980/1187/3320 1013/1186/3321 852/1185/3322
f 1012/1184/3323 852/1185/3322 1013/1186/3321
f 966/1188/3324 963/1190/3325 1014/1189/3326
f 824/952/3327 819/953/3328 963/1190/3329
f 963/1190/3329 819/953/3328 1014/1189/3330
f 1000/1164/3331 1015/1191/3332 799/927/3333
f 799/927/3333 1015/1191/3332 798/926/3334
f 798/926/3335 1015/1191/3336 819/947/3337
f 819/947/3337 1015/1191/3336 1014/1192/3338
f 1015/1191/3339 1000/1164/3340 1016/1193/3341
f 1016/1193/3341 1000/1164/3340 1007/1172/3342
f 1010/1180/3343 1011/1196/3344 1017/1194/3345
f 1017/1194/3345 1011/1196/3344 1018/1195/3346
f 1001/1165/3347 1010/1180/3348 1006/1197/3349
f 1006/1197/3349 1010/1180/3348 1017/1194/3350
f 1012/1199/3351 1019/1198/3352 1011/1196/3353
f 1011/1196/3353 1019/1198/3352 1018/1195/3354
f 1004/1173/3355 1020/1200/3356 1007/1172/3357
f 1007/1172/3357 1020/1200/3356 1016/1193/3358
f 1021/1201/3359 1020/1200/3360 1005/1202/3361
f 1020/1200/3360 1004/1173/3362 1005/1202/3361
f 981/1203/3363 1022/1205/3364 980/1204/3365
f 1022/1205/3364 1013/1186/3366 980/1204/3365
f 1022/1205/3367 977/1206/3368 1014/1189/3369
f 1014/1189/3369 977/1206/3368 966/1188/3370
f 1022/1205/3371 976/1207/3372 977/1206/3373
f 1022/1209/3374 1014/1192/3375 1023/1208/3376
f 1023/1208/3376 1014/1192/3375 1015/1191/3377
f 1012/1199/3378 1013/1211/3379 1019/1198/3380
f 1019/1198/3380 1013/1211/3379 1024/1210/3381
f 981/1203/3382 976/1207/3383 1022/1205/3384
f 1013/1211/3385 1022/1209/3386 1024/1210/3387
f 1024/1210/3387 1022/1209/3386 1023/1208/3388
f 1005/1202/3389 1006/1197/3390 1021/1201/3391
f 1021/1201/3391 1006/1197/3390 1017/1194/3392
f 1017/1194/3393 1026/1213/3394 1025/1212/3395
f 1026/1213/3396 1028/1215/3397 1025/1212/3398
f 1025/1212/3398 1028/1215/3397 1027/1214/3399
f 1027/1214/3400 1028/1215/3401 1029/1216/3402
f 1029/1216/3402 1028/1215/3401 1024/1210/3403
f 1029/1216/3404 1024/1210/3405 1023/1208/3406
f 1015/1191/3407 1016/1193/3408 1023/1208/3409
f 1028/1215/3410 1019/1198/3411 1024/1210/3412
f 1018/1195/3413 1019/1198/3414 1026/1213/3415
f 1026/1213/3415 1019/1198/3414 1028/1215/3416
f 1017/1194/3417 1018/1195/3418 1026/1213/3419
f 1025/1212/3420 1021/1201/3421 1017/1194/3422
f 1020/1200/3423 1021/1201/3424 1027/1214/3425
f 1027/1214/3425 1021/1201/3424 1025/1212/3426
f 1016/1193/3427 1020/1200/3428 1029/1216/3429
f 1029/1216/3429 1020/1200/3428 1027/1214/3430
f 1023/1208/3431 1016/1193/3432 1029/1216/3433
f 687/876/3434 752/877/3435 961/1217/3436
f 961/1217/3436 752/877/3435 1030/1218/3437
f 960/1220/3438 961/1217/3439 1031/1219/3440
f 1031/1219/3440 961/1217/3439 1030/1218/3441
f 969/1128/3442 960/1220/3443 1032/1221/3444
f 1032/1221/3444 960/1220/3443 1031/1219/3445
f 752/877/3446 750/874/3447 1033/1222/3448
f 1033/1222/3448 750/874/3447 751/875/3449
f 749/872/3450 1034/1223/3451 1033/1222/3452
f 1033/1222/3453 751/875/3454 749/872/3455
f 749/872/3455 751/875/3454 745/866/3456
f 1035/1224/3457 1036/1225/3458 1033/1222/3459
f 1036/1225/3460 752/877/3461 1033/1222/3462
f 1030/1218/3463 752/877/3464 1036/1225/3465
f 1037/1226/3466 1039/1228/3467 1038/1227/3468
f 1036/1225/3469 1040/1229/3470 1030/1218/3471
f 1030/1218/3471 1040/1229/3470 1031/1219/3472
f 1031/1219/3473 1040/1229/3474 1039/1228/3475
f 826/955/3476 1041/1230/3477 815/943/3478
f 815/943/3478 1041/1230/3477 748/871/3479
f 749/872/3480 748/871/3481 1034/1223/3482
f 1034/1223/3482 748/871/3481 1041/1230/3483
f 1032/1221/3484 1031/1219/3485 1037/1226/3486
f 1037/1226/3486 1031/1219/3485 1039/1228/3487
f 1033/1222/3488 1034/1223/3489 1042/1231/3490
f 1042/1231/3490 1034/1223/3489 1041/1230/3491
f 1041/1230/3492 1032/1221/3493 1042/1231/3494
f 1042/1231/3494 1032/1221/3493 1037/1226/3495
f 969/1128/3496 1032/1221/3497 1041/1230/3498
f 826/955/3499 822/950/3500 1041/1230/3501
f 1041/1230/3501 822/950/3500 969/1128/3502
f 1036/1225/3503 1035/1224/3504 1040/1229/3505
f 1040/1229/3505 1035/1224/3504 1039/1228/3506
f 1038/1227/3507 1039/1228/3506 1035/1224/3504
f 1038/1227/3508 1042/1231/3509 1037/1226/3510
f 1035/1224/3511 1042/1231/3512 1038/1227/3513
f 1033/1222/3514 1042/1231/3515 1035/1224/3516
f 1046/1235/3517 1045/1234/3518 1043/1232/3519
f 1043/1232/3519 1045/1234/3518 1044/1233/3520
f 943/1091/3521 1048/1237/3522 1047/1236/3523
f 1050/1239/3524 1046/1235/3525 1049/1238/3526
f 1049/1238/3526 1046/1235/3525 1043/1232/3527
f 1044/1233/3528 1045/1234/3529 1051/1240/3530
f 1051/1240/3530 1045/1234/3529 1052/1241/3531
f 1054/1243/3532 1050/1239/3533 1053/1242/3534
f 1053/1242/3534 1050/1239/3533 1049/1238/3535
f 1055/1244/3536 1057/1246/3537 1056/1245/3538
f 1058/1247/3539 1061/1250/3540 1059/1248/3541
f 1059/1248/3541 1061/1250/3540 1060/1249/3542
f 1058/1247/3543 1054/1243/3544 1061/1250/3545
f 1061/1250/3545 1054/1243/3544 1053/1242/3546
f 1060/1249/3547 1062/1251/3548 1059/1248/3549
f 1059/1248/3549 1062/1251/3548 955/1109/3550
f 933/1081/3551 1063/1252/3552 934/1082/3553
f 1051/1240/3554 1052/1241/3555 1064/1253/3556
f 1064/1253/3556 1052/1241/3555 1065/1254/3557
f 1065/1254/3558 1068/1257/3559 1064/1253/3560
f 1064/1253/3560 1068/1257/3559 1067/1256/3561
f 952/1102/3562 953/1104/3563 1065/1254/3564
f 1065/1254/3564 953/1104/3563 1068/1257/3565
f 951/1100/3566 952/1102/3567 1052/1241/3568
f 1052/1241/3568 952/1102/3567 1065/1254/3569
f 949/1097/3570 951/1100/3571 1045/1234/3572
f 1045/1234/3572 951/1100/3571 1052/1241/3573
f 948/1096/3574 949/1097/3575 1046/1235/3576
f 1046/1235/3576 949/1097/3575 1045/1234/3577
f 950/1099/3578 948/1096/3579 1050/1239/3580
f 1050/1239/3580 948/1096/3579 1046/1235/3581
f 954/1106/3582 950/1099/3583 1054/1243/3584
f 1054/1243/3584 950/1099/3583 1050/1239/3585
f 954/1106/3586 1054/1243/3587 957/1111/3588
f 957/1111/3588 1054/1243/3587 1058/1247/3589
f 956/1110/3590 957/1111/3591 1059/1248/3592
f 1059/1248/3592 957/1111/3591 1058/1247/3593
f 955/1109/3594 956/1110/3595 1059/1248/3596
f 1071/1261/3597 953/1104/3598 973/1132/3599
f 973/1132/3599 953/1104/3598 889/1260/3600
f 973/1132/3601 970/1129/3602 1071/1261/3603
f 1071/1261/3603 970/1129/3602 984/1146/3604
f 934/1082/3605 1063/1252/3606 978/1138/3607
f 978/1138/3607 1063/1252/3606 1072/1262/3608
f 1067/1256/3609 1068/1257/3610 1073/1263/3611
f 1073/1263/3611 1068/1257/3610 1071/1261/3612
f 1071/1261/3613 1072/1262/3614 1073/1263/3615
f 1073/1263/3615 1072/1262/3614 1063/1252/3616
f 978/1138/3617 1072/1262/3618 979/1143/3619
f 979/1143/3619 1072/1262/3618 983/1145/3620
f 1072/1262/3621 1071/1261/3622 983/1145/3623
f 983/1145/3623 1071/1261/3622 984/1146/3624
f 1068/1257/3625 953/1104/3626 1071/1261/3627
f 1061/1250/3628 1056/1245/3629 1060/1249/3630
f 1055/1244/3631 1056/1245/3632 1053/1242/3633
f 1053/1242/3633 1056/1245/3632 1061/1250/3634
f 1074/1264/3635 1055/1244/3636 1049/1238/3637
f 1049/1238/3637 1055/1244/3636 1053/1242/3638
f 1075/1265/3639 1074/1264/3640 1043/1232/3641
f 1043/1232/3641 1074/1264/3640 1049/1238/3642
f 1048/1237/3643 1075/1265/3644 1044/1233/3645
f 1044/1233/3645 1075/1265/3644 1043/1232/3646
f 1047/1236/3647 1048/1237/3648 1051/1240/3649
f 1051/1240/3649 1048/1237/3648 1044/1233/3650
f 1073/1263/3651 1070/1259/3652 1067/1256/3653
f 1067/1256/3653 1070/1259/3652 1069/1258/3654
f 1063/1252/3655 1070/1259/3656 1073/1263/3657
f 1084/1274/3658 1083/1273/3659 1081/1271/3660
f 1081/1271/3660 1083/1273/3659 1082/1272/3661
f 1083/1273/3662 1085/1276/3663 1082/1272/3664
f 1082/1272/3664 1085/1276/3663 1086/1275/3665
f 1092/1282/3666 876/1012/3667 1090/1280/3668
f 1091/1281/3669 875/1011/3670 1092/1282/3671
f 1092/1282/3671 875/1011/3670 876/1012/3672
f 805/940/3673 1093/1283/3674 806/933/3675
f 806/933/3675 1093/1283/3674 877/1013/3676
f 1093/1283/3677 1084/1274/3678 1094/1284/3679
f 1094/1284/3679 1084/1274/3678 1081/1271/3680
f 1089/1279/3681 1095/1285/3682 1090/1280/3683
f 1090/1280/3683 1095/1285/3682 1092/1282/3684
f 1096/1286/3685 1093/1283/3686 1092/1282/3687
f 1092/1282/3687 1093/1283/3686 1094/1284/3688
f 1095/1285/3689 998/1162/3690 1092/1282/3691
f 1092/1282/3691 998/1162/3690 1096/1286/3692
f 1097/1287/3693 1100/1290/3694 1098/1288/3695
f 1098/1288/3695 1100/1290/3694 1099/1289/3696
f 1099/1289/3697 1100/1290/3698 755/881/3699
f 755/881/3699 1100/1290/3698 753/879/3700
f 914/1291/3701 912/1053/3702 1100/1290/3703
f 1100/1290/3703 912/1053/3702 753/879/3704
f 1093/1283/3705 1096/1286/3706 877/1013/3707
f 877/1013/3707 1096/1286/3706 929/1077/3708
f 929/1077/3709 1096/1286/3710 998/1162/3711
f 1095/1285/3712 1089/1279/3713 994/1158/3714
f 994/1158/3714 1089/1279/3713 795/923/3715
f 998/1162/3716 1095/1285/3717 996/1160/3718
f 996/1160/3718 1095/1285/3717 994/1158/3719
f 1094/1284/3720 1091/1281/3721 1092/1282/3722
f 1088/1278/3723 1091/1281/3724 1081/1271/3725
f 1081/1271/3725 1091/1281/3724 1094/1284/3726
f 1080/1270/3727 1088/1278/3728 1082/1272/3729
f 1082/1272/3729 1088/1278/3728 1081/1271/3730
f 1087/1277/3731 1080/1270/3732 1086/1275/3733
f 1086/1275/3733 1080/1270/3732 1082/1272/3734
f 1098/1288/3735 1076/1266/3736 1097/1287/3737
f 1097/1287/3737 1076/1266/3736 1077/1267/3738
f 955/1112/3739 1101/1292/3740 923/1071/3741
f 968/1127/3742 1102/1293/3743 969/1128/3744
f 969/1128/3744 1102/1293/3743 987/1149/3745
f 1101/1297/3746 1062/1296/3747 1103/1294/3748
f 1103/1294/3748 1062/1296/3747 1104/1295/3749
f 1062/1296/3750 1105/1298/3751 1104/1295/3752
f 1106/1299/3753 1104/1295/3754 1105/1298/3755
f 680/792/3756 1108/1301/3757 1107/1300/3758
f 855/987/3759 1108/1301/3760 679/791/3761
f 679/791/3761 1108/1301/3760 680/792/3762
f 1111/1305/3763 1107/1304/3764 1109/1302/3765
f 1109/1302/3765 1107/1304/3764 1110/1303/3766
f 1112/1306/3767 1113/1307/3768 1110/1303/3769
f 1110/1303/3770 1113/1307/3771 1114/1308/3772
f 1108/1301/3773 855/987/3774 1115/1309/3775
f 1115/1309/3775 855/987/3774 1116/1310/3776
f 1110/1303/3777 1114/1308/3778 1109/1302/3779
f 1108/1301/3780 1117/1312/3781 1107/1300/3782
f 1107/1300/3782 1117/1312/3781 1110/1311/3783
f 1115/1309/3784 1117/1312/3785 1108/1301/3786
f 1112/1306/3787 1110/1303/3788 1118/1314/3789
f 1117/1313/3790 1118/1314/3789 1110/1303/3788
f 1117/1313/3791 1119/1315/3792 1118/1314/3793
f 1121/1316/3794 882/1318/3795 1122/1317/3796
f 882/1318/3797 1121/1316/3798 881/1319/3799
f 881/1319/3799 1121/1316/3798 1123/1320/3800
f 1123/1320/3801 1124/1321/3802 881/1319/3803
f 1126/1323/3804 881/1319/3805 1125/1322/3806
f 1125/1322/3806 881/1319/3805 1124/1321/3807
f 1122/1324/3808 925/1326/3809 1127/1325/3810
f 924/1072/3811 925/1073/3812 882/1327/3813
f 882/1327/3813 925/1073/3812 1122/1328/3814
f 886/1024/3815 885/1023/3816 972/1131/3817
f 972/1131/3817 885/1023/3816 1128/1329/3818
f 985/1147/3819 1128/1329/3820 1129/1330/3821
f 1128/1329/3822 985/1147/3823 972/1131/3824
f 972/1131/3824 985/1147/3823 971/1130/3825
f 1128/1329/3826 885/1023/3827 880/1016/3828
f 880/1016/3828 885/1023/3827 884/1022/3829
f 962/1119/3830 985/1147/3831 964/1122/3832
f 964/1122/3832 985/1147/3831 1129/1330/3833
f 1130/1331/3834 1132/1333/3835 1131/1332/3836
f 1130/1331/3837 1133/1334/3838 1132/1333/3839
f 1134/1335/3840 1124/1337/3841 1135/1336/3842
f 964/1122/3843 1129/1330/3844 967/1126/3845
f 967/1126/3845 1129/1330/3844 1136/1338/3846
f 967/1126/3847 1136/1338/3848 968/1127/3849
f 968/1127/3849 1136/1338/3848 1102/1293/3850
f 1138/1340/3851 1126/1323/3852 1137/1339/3853
f 1137/1339/3853 1126/1323/3852 1125/1322/3854
f 1138/1341/3855 1136/1338/3856 1128/1329/3857
f 1128/1329/3857 1136/1338/3856 1129/1330/3858
f 1135/1336/3859 1124/1337/3860 1139/1342/3861
f 1139/1342/3861 1124/1337/3860 1123/1343/3862
f 1133/1334/3863 1130/1331/3864 1140/1344/3865
f 1140/1344/3865 1130/1331/3864 1141/1345/3866
f 922/1346/3867 923/1348/3868 1142/1347/3869
f 925/1326/3870 922/1346/3871 1127/1325/3872
f 1127/1325/3872 922/1346/3871 1142/1347/3873
f 1123/1343/3874 1121/1351/3875 1143/1349/3876
f 1143/1349/3876 1121/1351/3875 1144/1350/3877
f 1145/1352/3878 1147/1354/3879 1146/1353/3880
f 1139/1342/3881 1123/1343/3882 1143/1349/3883
f 1140/1344/3884 1141/1345/3885 1148/1355/3886
f 1148/1355/3886 1141/1345/3885 1145/1352/3887
f 1146/1353/3888 1148/1355/3889 1145/1352/3890
f 1149/1356/3891 1122/1324/3892 1127/1325/3893
f 1150/1357/3894 1127/1325/3895 1142/1347/3896
f 1144/1350/3897 1121/1351/3898 1149/1358/3899
f 1149/1358/3899 1121/1351/3898 1122/1324/3900
f 1152/1361/3901 1151/1360/3902 1150/1359/3903
f 1150/1359/3903 1151/1360/3902 1145/1352/3904
f 1145/1352/3905 1151/1360/3906 1147/1354/3907
f 923/1348/3908 1101/1297/3909 1142/1347/3910
f 1142/1347/3910 1101/1297/3909 1103/1294/3911
f 1150/1357/3912 1142/1347/3913 1153/1362/3914
f 1153/1362/3914 1142/1347/3913 1103/1294/3915
f 1150/1359/3916 1153/1362/3917 1152/1361/3918
f 1111/1305/3919 1154/1363/3920 1131/1332/3921
f 1131/1332/3921 1154/1363/3920 1130/1331/3922
f 1155/1364/3923 1125/1365/3924 1134/1335/3925
f 1134/1335/3925 1125/1365/3924 1124/1337/3926
f 1156/1366/3927 1114/1308/3928 1113/1307/3929
f 1156/1366/3930 1111/1305/3931 1109/1302/3932
f 1154/1363/3933 1111/1305/3934 1156/1366/3935
f 1109/1302/3936 1114/1308/3937 1156/1366/3938
f 987/1149/3939 1102/1293/3940 1157/1367/3941
f 1157/1367/3941 1102/1293/3940 1158/1368/3942
f 1157/1367/3943 1158/1368/3944 1116/1310/3945
f 1116/1310/3945 1158/1368/3944 1115/1309/3946
f 1136/1338/3947 1138/1341/3948 1159/1369/3949
f 1160/1370/3950 1120/1371/3951 1158/1368/3952
f 1159/1369/3953 1138/1341/3954 1161/1372/3955
f 1161/1372/3955 1138/1341/3954 1137/1373/3956
f 1162/1374/3957 1125/1365/3958 1155/1364/3959
f 1156/1366/3960 1113/1307/3961 1163/1375/3962
f 1163/1375/3962 1113/1307/3961 1112/1306/3963
f 1163/1375/3964 1112/1306/3965 1118/1314/3966
f 1161/1376/3967 1137/1377/3968 1162/1374/3969
f 1162/1374/3969 1137/1377/3968 1125/1365/3970
f 1120/1379/3971 1160/1378/3972 1119/1315/3973
f 1119/1315/3973 1160/1378/3972 1163/1375/3974
f 1117/1312/3975 1115/1309/3976 1120/1371/3977
f 1120/1371/3977 1115/1309/3976 1158/1368/3978
f 1163/1375/3979 1118/1314/3980 1119/1315/3981
f 1160/1378/3982 1164/1380/3983 1163/1375/3984
f 1158/1368/3985 1164/1380/3986 1160/1370/3987
f 880/1016/3988 881/1017/3989 1128/1329/3990
f 1138/1341/3991 1128/1329/3990 1126/1381/3992
f 1128/1329/3990 881/1017/3989 1126/1381/3992
f 1158/1368/3993 1102/1293/3994 1159/1369/3995
f 1159/1369/3995 1102/1293/3994 1136/1338/3996
f 1161/1372/3997 1164/1380/3998 1159/1369/3999
f 1159/1369/3999 1164/1380/3998 1158/1368/4000
f 1163/1375/4001 1164/1380/4002 1162/1374/4003
f 1162/1374/4003 1164/1380/4002 1161/1376/4004
f 1155/1364/4005 1156/1366/4006 1162/1374/4007
f 1162/1374/4007 1156/1366/4006 1163/1375/4008
f 1134/1335/4009 1154/1363/4010 1155/1364/4011
f 1155/1364/4011 1154/1363/4010 1156/1366/4012
f 1135/1336/4013 1130/1331/4014 1134/1335/4015
f 1134/1335/4015 1130/1331/4014 1154/1363/4016
f 1139/1342/4017 1141/1345/4018 1135/1336/4019
f 1135/1336/4019 1141/1345/4018 1130/1331/4020
f 1143/1349/4021 1145/1352/4022 1139/1342/4023
f 1139/1342/4023 1145/1352/4022 1141/1345/4024
f 1144/1350/4025 1145/1352/4026 1143/1349/4027
f 1149/1358/4028 1150/1359/4029 1144/1350/4030
f 1144/1350/4030 1150/1359/4029 1145/1352/4031
f 1127/1325/4032 1150/1357/4033 1149/1356/4034
f 1165/1382/4035 1167/1384/4036 1166/1383/4037
f 1166/1383/4038 1167/1384/4039 1168/1385/4040
f 1168/1385/4040 1167/1384/4039 1169/1386/4041
f 1060/1249/4042 1170/1388/4043 1062/1251/4044
f 1062/1251/4044 1170/1388/4043 1105/1387/4045
f 1106/1392/4046 1173/1391/4047 1171/1389/4048
f 1171/1389/4048 1173/1391/4047 1172/1390/4049
f 1106/1392/4050 1105/1387/4051 1173/1391/4052
f 1173/1391/4052 1105/1387/4051 1170/1388/4053
f 1177/1396/4054 1176/1395/4055 1174/1393/4056
f 1174/1393/4056 1176/1395/4055 1175/1394/4057
f 1177/1396/4058 1173/1391/4059 1178/1397/4060
f 1178/1397/4060 1173/1391/4059 1170/1388/4061
f 1178/1397/4062 1170/1388/4063 1056/1245/4064
f 1056/1245/4064 1170/1388/4063 1060/1249/4065
f 1173/1391/4066 1177/1396/4067 1174/1393/4068
f 1176/1395/4069 1177/1396/4070 1169/1386/4071
f 1169/1386/4071 1177/1396/4070 1168/1385/4072
f 1174/1393/4073 1172/1390/4074 1173/1391/4075
f 1175/1394/4076 1172/1390/4077 1174/1393/4078
f 689/805/4079 690/806/4080 1179/1398/4081
f 1179/1398/4082 1181/1400/4083 1180/1399/4084
f 1180/1399/4085 1181/1400/4086 1182/1401/4087
f 1183/1402/4088 1179/1398/4089 690/806/4090
f 727/844/4091 728/843/4092 1184/1403/4093
f 1184/1403/4093 728/843/4092 1185/1404/4094
f 1187/1406/4095 1186/1405/4096 868/1002/4097
f 868/1002/4097 1186/1405/4096 709/826/4098
f 1184/1407/4099 874/1008/4100 727/1408/4101
f 727/1408/4101 874/1008/4100 726/1009/4102
f 868/1002/4103 866/1000/4104 1187/1406/4105
f 1187/1406/4105 866/1000/4104 873/1007/4106
f 874/1008/4107 1188/1409/4108 873/1007/4109
f 873/1007/4109 1188/1409/4108 1187/1406/4110
f 874/1008/4111 1184/1407/4112 1188/1409/4113
f 1188/1409/4113 1184/1407/4112 1189/1410/4114
f 1190/1411/4115 720/837/4116 708/825/4117
f 708/825/4117 720/837/4116 710/827/4118
f 1190/1411/4119 1191/1412/4120 720/837/4121
f 720/837/4121 1191/1412/4120 724/841/4122
f 1190/1411/4123 708/825/4124 1186/1405/4125
f 1186/1405/4125 708/825/4124 709/826/4126
f 713/830/4127 714/831/4128 1192/1413/4129
f 1193/1414/4130 721/838/4131 722/839/4132
f 1193/1414/4133 722/839/4134 724/841/4135
f 724/841/4135 722/839/4134 723/840/4136
f 714/831/4137 721/838/4138 1192/1413/4139
f 1192/1413/4139 721/838/4138 1193/1414/4140
f 1193/1414/4141 724/841/4142 1194/1415/4143
f 1194/1415/4143 724/841/4142 1191/1412/4144
f 1193/1414/4145 1194/1415/4146 1192/1413/4147
f 1192/1413/4147 1194/1415/4146 1195/1416/4148
f 1183/1402/4149 1196/1417/4150 1179/1398/4151
f 1179/1398/4151 1196/1417/4150 1181/1400/4152
f 1197/1418/4153 1198/1419/4154 1196/1417/4155
f 1187/1406/4156 1188/1409/4157 1186/1405/4158
f 1186/1405/4158 1188/1409/4157 1199/1420/4159
f 1181/1400/4160 1196/1417/4161 1200/1421/4162
f 1200/1421/4162 1196/1417/4161 1201/1422/4163
f 1196/1417/4164 1198/1419/4165 1201/1422/4166
f 1201/1422/4166 1198/1419/4165 1199/1420/4167
f 1201/1422/4168 1199/1420/4169 1189/1410/4170
f 1189/1410/4170 1199/1420/4169 1188/1409/4171
f 1190/1411/4172 1198/1419/4173 1202/1423/4174
f 1202/1423/4174 1198/1419/4173 1197/1418/4175
f 1202/1423/4176 1191/1412/4177 1190/1411/4178
f 1186/1405/4179 1199/1420/4180 1190/1411/4181
f 1190/1411/4181 1199/1420/4180 1198/1419/4182
f 1194/1415/4183 1191/1412/4184 1202/1423/4185
f 1203/1424/4186 1205/1426/4187 1204/1425/4188
f 1203/1424/4189 1206/1427/4190 1205/1426/4191
f 1206/1427/4192 1207/1428/4193 1205/1426/4194
f 1204/1425/4195 691/807/4196 1208/1429/4197
f 1208/1429/4197 691/807/4196 692/808/4198
f 1210/1431/4199 1209/1430/4200 1204/1425/4201
f 1204/1425/4201 1209/1430/4200 691/807/4202
f 712/829/4203 713/830/4204 1211/1432/4205
f 1211/1432/4206 759/887/4207 712/829/4208
f 1057/1246/4209 1055/1244/4210 1211/1432/4211
f 1211/1432/4211 1055/1244/4210 759/887/4212
f 1165/1382/4213 1166/1383/4214 1207/1428/4215
f 1207/1428/4215 1166/1383/4214 1205/1426/4216
f 1212/1433/4217 1210/1431/4218 1205/1426/4219
f 1205/1426/4219 1210/1431/4218 1204/1425/4220
f 1166/1383/4221 1212/1433/4222 1205/1426/4223
f 1212/1433/4224 1166/1383/4225 1168/1385/4226
f 1177/1396/4227 1178/1397/4228 1212/1433/4229
f 1212/1433/4229 1178/1397/4228 1213/1434/4230
f 1057/1246/4231 1213/1434/4232 1056/1245/4233
f 1056/1245/4233 1213/1434/4232 1178/1397/4234
f 1168/1385/4235 1177/1396/4236 1212/1433/4237
f 690/806/4238 691/807/4239 1183/1402/4240
f 1183/1402/4240 691/807/4239 1209/1430/4241
f 1192/1413/4242 1195/1416/4243 713/830/4244
f 713/830/4244 1195/1416/4243 1214/1435/4245
f 1211/1432/4246 713/830/4247 1214/1435/4248
f 1210/1431/4249 1212/1433/4250 1215/1436/4251
f 1215/1436/4251 1212/1433/4250 1213/1434/4252
f 1215/1436/4253 1213/1434/4254 1211/1432/4255
f 1211/1432/4255 1213/1434/4254 1057/1246/4256
f 1183/1402/4257 1209/1430/4258 1216/1437/4259
f 1196/1417/4260 1183/1402/4261 1197/1418/4262
f 1197/1418/4262 1183/1402/4261 1216/1437/4263
f 1211/1432/4264 1214/1435/4265 1217/1438/4266
f 1202/1423/4267 1197/1418/4268 1217/1438/4269
f 1217/1438/4269 1197/1418/4268 1216/1437/4270
f 1202/1423/4271 1217/1438/4272 1194/1415/4273
f 1217/1438/4272 1195/1416/4274 1194/1415/4273
f 1217/1438/4275 1214/1435/4276 1195/1416/4277
f 1216/1437/4278 1209/1430/4279 1215/1436/4280
f 1215/1436/4280 1209/1430/4279 1210/1431/4281
f 1211/1432/4282 1217/1438/4283 1215/1436/4284
f 1215/1436/4284 1217/1438/4283 1216/1437/4285
f 648/758/4286 645/755/4287 856/988/4288
f 856/988/4288 645/755/4287 1218/1439/4289
f 1218/1439/4290 645/755/4291 858/990/4292
f 1218/1439/4293 858/990/4294 1219/1440/4295
f 1219/1440/4295 858/990/4294 860/992/4296
f 856/988/4297 1220/1441/4298 855/987/4299
f 855/987/4299 1220/1441/4298 1116/1310/4300
f 1219/1440/4301 860/992/4302 862/994/4303
f 862/994/4303 860/992/4302 650/760/4304
f 1219/1440/4305 862/994/4306 1221/1442/4307
f 1218/1439/4308 1219/1440/4309 1221/1442/4310
f 1218/1439/4311 1221/1442/4312 1220/1441/4313
f 1222/1443/4314 1221/1442/4315 863/995/4316
f 863/995/4316 1221/1442/4315 862/994/4317
f 1223/1444/4318 1224/1445/4319 988/1151/4320
f 988/1151/4320 1224/1445/4319 989/1153/4321
f 1225/1446/4322 1223/1444/4323 986/1152/4324
f 986/1152/4324 1223/1444/4323 988/1151/4325
f 1157/1367/4326 1225/1446/4327 987/1149/4328
f 987/1149/4328 1225/1446/4327 986/1148/4329
f 1116/1310/4330 1220/1441/4331 1157/1367/4332
f 1157/1367/4332 1220/1441/4331 1225/1446/4333
f 1221/1442/4334 1222/1443/4335 1223/1444/4336
f 1223/1444/4336 1222/1443/4335 1224/1445/4337
f 1220/1441/4338 1221/1442/4339 1225/1446/4340
f 1225/1446/4340 1221/1442/4339 1223/1444/4341
f 1220/1441/4342 856/988/4343 1218/1439/4344
f 905/1060/4345 913/1057/4346 1226/1447/4347
f 1226/1447/4347 913/1057/4346 914/1062/4348
f 917/1065/4349 918/1066/4350 919/1067/4351
f 919/1067/4351 918/1066/4350 1227/1448/4352
f 1227/1448/4353 918/1066/4354 1226/1449/4355
f 1226/1449/4356 918/1066/4357 905/1046/4358
f 905/1046/4358 918/1066/4357 901/1042/4359
f 916/1064/4360 919/1067/4361 1227/1448/4362
f 1100/1290/4363 1097/1287/4364 1228/1450/4365
f 1228/1450/4365 1097/1287/4364 1229/1451/4366
f 1226/1449/4367 1100/1290/4368 1228/1450/4369
f 1100/1290/4370 1226/1449/4371 914/1291/4372
f 916/1064/4373 1230/1452/4374 694/810/4375
f 1086/1275/4376 1085/1276/4377 1231/1453/4378
f 1231/1453/4378 1085/1276/4377 1230/1452/4379
f 1230/1452/4380 1228/1450/4381 1231/1453/4382
f 1231/1453/4382 1228/1450/4381 1229/1451/4383
f 1227/1448/4384 1230/1452/4385 916/1064/4386
f 1227/1448/4387 1226/1449/4388 1228/1450/4389
f 1087/1277/4390 1086/1275/4391 1079/1269/4392
f 1079/1269/4392 1086/1275/4391 1231/1453/4393
f 1079/1269/4394 1231/1453/4395 1078/1268/4396
f 1078/1268/4396 1231/1453/4395 1229/1451/4397
f 1078/1268/4398 1229/1451/4399 1077/1267/4400
f 1077/1267/4400 1229/1451/4399 1097/1287/4401
f 1228/1450/4402 1230/1452/4403 1227/1448/4404
f 1233/1454/4405 1232/1455/4406 741/860/4407
f 741/860/4407 1232/1455/4406 740/861/4408
f 1232/1455/4409 1234/1456/4410 740/861/4411
f 740/861/4411 1234/1456/4410 730/849/4412
f 1235/1457/4413 1200/1421/4414 1236/1458/4415
f 1182/1401/4416 1181/1400/4417 1235/1457/4418
f 1235/1457/4418 1181/1400/4417 1200/1421/4419
f 1236/1458/4420 1238/1460/4421 1237/1459/4422
f 1237/1459/4423 1238/1460/4424 1239/1461/4425
f 1189/1410/4426 1184/1407/4427 1239/1461/4428
f 1239/1461/4428 1184/1407/4427 1185/1462/4429
f 1236/1458/4430 1201/1422/4431 1238/1460/4432
f 1200/1421/4433 1201/1422/4434 1236/1458/4435
f 1238/1460/4436 1201/1422/4437 1239/1461/4438
f 1239/1461/4439 1201/1422/4440 1189/1410/4441
f 1055/1244/4442 1074/1264/4443 759/887/4444
f 1074/1264/4443 1075/1265/4445 759/887/4444
f 1075/1265/4445 1048/1237/4446 759/887/4444
f 759/887/4444 1048/1237/4446 943/1091/4447
f 654/764/4448 655/765/4449 1240/1463/4450
f 1240/1463/4450 655/765/4449 1241/1464/4451
f 1241/1465/4452 1132/1333/4453 1133/1334/4454
f 1131/1332/4455 1132/1333/4456 1241/1465/4457
f 1140/1344/4458 1242/1466/4459 1133/1334/4460
f 1133/1334/4460 1242/1466/4459 1241/1465/4461
f 1242/1466/4462 1140/1344/4463 1148/1355/4464
f 1243/1467/4465 1151/1360/4466 1152/1361/4467
f 1147/1354/4468 1151/1360/4469 1243/1467/4470
f 1146/1353/4471 1243/1467/4472 1148/1355/4473
f 1148/1355/4473 1243/1467/4472 1242/1466/4474
f 1153/1362/4475 1103/1294/4476 1243/1467/4477
f 1243/1467/4477 1103/1294/4476 1104/1295/4478
f 1146/1353/4479 1147/1354/4480 1243/1467/4481
f 1152/1361/4482 1153/1362/4483 1243/1467/4484
f 1241/1464/4485 655/765/4486 1107/1300/4487
f 1107/1300/4487 655/765/4486 680/792/4488
f 1131/1332/4489 1241/1465/4490 1111/1305/4491
f 1111/1305/4491 1241/1465/4490 1107/1304/4492
f 1244/1468/4493 1247/1471/4494 1245/1469/4495
f 1245/1469/4495 1247/1471/4494 1246/1470/4496
f 1246/1470/4497 433/1473/4498 1245/1469/4499
f 1245/1469/4499 433/1473/4498 640/1472/4500
f 1248/1474/4501 1249/1475/4502 1244/1468/4503
f 1244/1468/4503 1249/1475/4502 1247/1471/4504
f 1247/1471/4505 1249/1475/4506 758/886/4507
f 758/886/4507 1249/1475/4506 779/907/4508
f 1246/1470/4509 1247/1471/4510 756/882/4511
f 756/882/4511 1247/1471/4510 758/886/4512
f 433/1473/4513 1246/1470/4514 504/883/4515
f 504/883/4515 1246/1470/4514 756/882/4516
f 1253/1479/4517 1252/1478/4518 1250/1476/4519
f 1250/1476/4519 1252/1478/4518 1251/1477/4520
f 1252/1478/4521 1249/1475/4522 1251/1477/4523
f 1251/1477/4523 1249/1475/4522 1248/1474/4524
f 778/906/4525 1252/1478/4526 783/911/4527
f 783/911/4527 1252/1478/4526 930/1078/4528
f 930/1078/4529 1252/1478/4530 1253/1479/4531
f 1252/1478/4532 778/906/4533 1249/1475/4534
f 1249/1475/4534 778/906/4533 779/907/4535
f 1254/1480/4536 838/970/4537 835/967/4538
f 835/967/4539 845/977/4540 1254/1480/4541
f 1256/1482/4542 1258/1484/4543 1254/1480/4544
f 1250/1476/4545 1259/1485/4546 1256/1482/4547
f 1256/1482/4547 1259/1485/4546 1258/1484/4548
f 1260/1486/4549 1259/1485/4550 1251/1477/4551
f 1251/1477/4551 1259/1485/4550 1250/1476/4552
f 1261/1487/4553 1260/1486/4554 1248/1474/4555
f 1248/1474/4555 1260/1486/4554 1251/1477/4556
f 1262/1488/4557 1261/1487/4558 1244/1468/4559
f 1244/1468/4559 1261/1487/4558 1248/1474/4560
f 1263/1489/4561 1262/1488/4562 1245/1469/4563
f 1245/1469/4563 1262/1488/4562 1244/1468/4564
f 65/1490/4565 1263/1489/4566 640/1472/4567
f 640/1472/4567 1263/1489/4566 1245/1469/4568
f 1264/1491/4569 872/1006/4570 869/1003/4571
f 1265/1492/4572 729/846/4573 1234/1456/4574
f 1234/1456/4574 729/846/4573 730/849/4575
f 1265/1492/4576 728/843/4577 729/846/4578
f 729/846/4578 728/843/4577 725/842/4579
f 939/1087/4580 938/1086/4581 1266/1493/4582
f 1266/1493/4582 938/1086/4581 935/1083/4583
f 869/1003/4584 939/1087/4585 1264/1491/4586
f 1264/1491/4586 939/1087/4585 1266/1493/4587
f 1237/1459/4588 1239/1461/4589 1268/1494/4590
f 728/843/4591 1265/1492/4592 1269/1495/4593
f 1185/1462/4594 1270/1496/4595 1239/1461/4596
f 1270/1496/4595 1268/1494/4597 1239/1461/4596
f 1185/1404/4598 728/843/4599 1270/1497/4600
f 1270/1497/4600 728/843/4599 1269/1495/4601
f 1271/1498/4602 733/850/4603 734/851/4604
f 864/996/4605 1271/1498/4606 734/851/4607
f 871/1005/4608 872/1006/4609 864/996/4610
f 864/996/4610 872/1006/4609 1271/1498/4611
f 1271/1498/4612 872/1006/4613 1267/1499/4614
f 1267/1499/4614 872/1006/4613 1264/1491/4615
f 1271/1498/4616 1267/1499/4617 1272/1500/4618
f 733/850/4619 1271/1498/4620 1273/1501/4621
f 1274/1502/4622 1275/1503/4623 1273/1501/4624
f 743/862/4625 733/850/4626 1273/1501/4627
f 1276/1504/4628 1274/1502/4629 1273/1501/4630
f 1277/1505/4631 1273/1501/4632 1272/1500/4633
f 1272/1500/4633 1273/1501/4632 1271/1498/4634
f 1273/1501/4635 1275/1503/4636 743/862/4637
f 1275/1503/4636 742/1506/4638 743/862/4637
f 742/1506/4638 739/864/4639 743/862/4637
f 1273/1501/4640 1277/1505/4641 1276/1504/4642
f 1278/1507/4643 1233/1454/4644 741/860/4645
f 742/859/4646 1275/1508/4647 741/860/4648
f 741/860/4648 1275/1508/4647 1278/1507/4649
f 938/1086/4650 937/1085/4651 935/1083/4652
f 935/1083/4652 937/1085/4651 936/1084/4653
f 716/833/4654 717/834/4655 941/1089/4656
f 941/1089/4657 942/1090/4658 716/833/4659
f 716/833/4659 942/1090/4658 940/1088/4660
f 942/1090/4661 937/1085/4662 938/1086/4663
f 759/887/4664 943/1091/4665 717/834/4666
f 717/834/4666 943/1091/4665 941/1089/4667
f 944/1092/4668 946/1094/4669 945/1093/4670
f 947/1095/4671 944/1092/4672 945/1093/4673
f 945/1093/4674 946/1094/4675 1279/1509/4676
f 1279/1509/4676 946/1094/4675 937/1085/4677
f 945/1093/4678 933/1081/4679 947/1095/4680
f 947/1095/4680 933/1081/4679 698/815/4681
f 938/1086/4682 939/1087/4683 942/1090/4684
f 942/1090/4684 939/1087/4683 940/1088/4685
f 943/1091/4686 1047/1236/4687 941/1089/4688
f 941/1089/4688 1047/1236/4687 1066/1255/4689
f 1066/1255/4690 933/1081/4691 945/1093/4692
f 1066/1255/4693 1069/1258/4694 933/1081/4695
f 1069/1258/4694 1070/1259/4696 933/1081/4695
f 933/1081/4695 1070/1259/4696 1063/1252/4697
f 941/1089/4698 1279/1509/4699 942/1090/4700
f 1064/1253/4701 1066/1255/4702 1051/1240/4703
f 1051/1240/4703 1066/1255/4702 1047/1236/4704
f 1069/1258/4705 1066/1255/4706 1067/1256/4707
f 1067/1256/4707 1066/1255/4706 1064/1253/4708
f 1279/1509/4709 937/1085/4710 942/1090/4711
f 1279/1509/4712 941/1089/4713 945/1093/4714
f 945/1093/4714 941/1089/4713 1066/1255/4715
f 276/272/4716 275/271/4717 321/321/4718
f 276/272/4719 270/266/4720 275/271/4721
f 321/321/4722 275/271/4723 277/273/4724
f 277/273/4724 275/271/4723 281/277/4725
f 275/271/4726 104/108/4727 281/277/4728
f 281/277/4728 104/108/4727 19/19/4729
f 104/108/4730 444/532/4731 19/19/4732
f 19/19/4732 444/532/4731 443/531/4733
f 266/262/4734 273/269/4735 265/261/4736
f 271/267/4737 1280/1510/4738 270/266/4739
f 1280/1510/4738 275/271/4740 270/266/4739
f 274/270/4741 271/267/4742 273/269/4743
f 273/269/4743 271/267/4742 265/261/4744
f 271/267/4742 269/265/4745 265/261/4744
f 1280/1510/4746 1281/1511/4747 275/271/4748
f 275/271/4748 1281/1511/4747 104/108/4749
f 1282/1512/4750 444/532/4751 1281/1511/4752
f 1281/1511/4752 444/532/4751 104/108/4753
f 273/269/4754 266/262/4755 514/606/4756
f 514/606/4756 266/262/4755 267/263/4757
f 514/606/4758 274/270/4759 273/269/4760
f 1283/1513/4761 105/109/4762 1282/1512/4763
f 1282/1512/4763 105/109/4762 444/532/4764
f 444/532/4765 105/109/4766 443/531/4767
f 443/531/4767 105/109/4766 99/102/4768
f 272/268/4769 274/270/4770 513/605/4771
f 513/605/4771 274/270/4770 514/606/4772
f 106/110/4773 107/111/4774 282/278/4775
f 282/278/4775 107/111/4774 432/520/4776
f 283/279/4777 284/280/4778 106/110/4779
f 106/110/4779 284/280/4778 107/111/4780
f 512/604/4781 284/280/4782 272/268/4783
f 272/268/4783 284/280/4782 283/279/4784
f 272/268/4785 513/605/4786 512/604/4787
f 1284/1514/4788 217/217/4789 1283/1513/4790
f 1283/1513/4790 217/217/4789 105/109/4791
f 519/611/4792 503/594/4793 518/612/4794
f 518/612/4794 503/594/4793 21/21/4795
f 293/289/4796 156/163/4797 491/581/4798
f 156/163/4797 562/658/4799 491/581/4798
f 491/581/4798 562/658/4799 503/594/4800
f 562/658/4799 21/21/4801 503/594/4800
f 100/103/4802 99/102/4803 101/104/4804
f 101/104/4804 99/102/4803 105/109/4805
f 217/217/4806 101/104/4807 105/109/4808
f 1285/1515/4809 102/106/4810 1284/1514/4811
f 1284/1514/4811 102/106/4810 217/217/4812
f 446/619/4813 515/608/4814 102/618/4815
f 101/104/4816 217/217/4817 587/686/4818
f 587/686/4818 217/217/4817 102/618/4819
f 155/162/4820 103/107/4821 446/534/4822
f 446/534/4822 103/107/4821 148/156/4823
f 561/657/4824 155/162/4825 1285/1515/4826
f 1285/1515/4826 155/162/4825 102/106/4827
f 446/619/4828 102/618/4829 155/600/4830
f 562/658/4831 103/107/4832 155/162/4833
f 562/658/4834 155/162/4835 21/21/4836
f 21/21/4836 155/162/4835 561/657/4837
f 587/686/4838 102/618/4839 515/608/4840
f 432/520/4841 438/526/4842 282/278/4843
f 282/278/4843 438/526/4842 3/3/4844
f 439/527/4845 438/526/4846 644/754/4847
f 63/63/4848 644/754/4847 438/526/4846
f 644/754/4849 642/752/4850 439/527/4851
f 439/527/4851 642/752/4850 516/609/4852
f 439/527/4853 561/657/4854 438/526/4855
f 438/526/4855 561/657/4854 3/3/4856
f 516/609/4857 518/612/4858 439/527/4859
f 439/527/4859 518/612/4858 21/21/4860
f 561/657/4861 439/527/4862 21/21/4863
f 1280/1510/4864 271/267/4865 274/270/4866
f 1281/1511/4867 1280/1510/4868 272/268/4869
f 1280/1510/4868 274/270/4870 272/268/4869
f 1281/1511/4871 272/268/4872 1282/1512/4873
f 1282/1512/4873 272/268/4872 283/279/4874
f 1283/1513/4875 1282/1512/4876 106/110/4877
f 106/110/4877 1282/1512/4876 283/279/4878
f 1284/1514/4879 1283/1513/4880 282/278/4881
f 282/278/4881 1283/1513/4880 106/110/4882
f 1285/1515/4883 1284/1514/4884 3/3/4885
f 3/3/4885 1284/1514/4884 282/278/4886
f 561/657/4887 1285/1515/4888 3/3/4889
f 760/888/4890 762/890/4891 761/889/4892
f 760/888/4893 761/889/4894 763/891/4895
f 670/780/4896 761/889/4897 671/781/4898
f 671/781/4898 761/889/4897 762/890/4899
f 700/817/4900 764/892/4901 670/780/4902
f 670/780/4902 764/892/4901 761/889/4903
f 701/818/4904 765/893/4905 700/817/4906
f 700/817/4906 765/893/4905 764/892/4907
f 770/898/4908 1286/1516/4909 769/897/4910
f 769/897/4911 767/895/4912 770/898/4913
f 770/898/4913 767/895/4912 771/899/4914
f 767/895/4912 768/896/4915 771/899/4914
f 1287/1517/4916 772/900/4917 1286/1516/4918
f 1286/1516/4918 772/900/4917 769/897/4919
f 1287/1517/4920 1288/1518/4921 772/900/4922
f 772/900/4922 1288/1518/4921 773/901/4923
f 775/903/4924 767/895/4925 769/897/4926
f 1289/1519/4927 803/931/4928 1288/1518/4929
f 1288/1518/4929 803/931/4928 773/901/4930
f 804/932/4931 802/930/4932 701/818/4933
f 701/818/4933 802/930/4932 765/893/4934
f 827/959/4935 775/903/4936 772/900/4937
f 772/900/4937 775/903/4936 769/897/4938
f 830/962/4939 829/961/4940 831/963/4941
f 831/963/4941 829/961/4940 803/931/4942
f 829/961/4943 832/964/4944 803/931/4945
f 803/931/4945 832/964/4944 773/901/4946
f 772/900/4947 773/901/4948 833/965/4949
f 833/965/4949 773/901/4948 832/964/4950
f 772/900/4951 833/965/4952 827/959/4953
f 1290/1520/4954 831/963/4955 1289/1519/4956
f 1289/1519/4956 831/963/4955 803/931/4957
f 802/930/4958 804/932/4959 1001/1165/4960
f 1001/1165/4960 804/932/4959 854/986/4961
f 849/981/4962 802/930/4963 1001/1165/4964
f 1291/1521/4965 1002/1166/4966 1290/1520/4967
f 1290/1520/4967 1002/1166/4966 831/963/4968
f 1004/1168/4969 1003/1170/4970 1005/1169/4971
f 1001/1165/4972 1006/1171/4973 849/981/4974
f 849/981/4974 1006/1171/4973 1003/1170/4975
f 1007/1172/4976 928/1076/4977 1004/1173/4978
f 1004/1173/4978 928/1076/4977 1008/1174/4979
f 1291/1521/4980 1009/1175/4981 1002/1166/4982
f 1004/1168/4983 1008/1176/4984 1003/1170/4985
f 999/1163/4986 1008/1174/4987 928/1076/4988
f 1009/1175/4989 1008/1174/4990 931/1079/4991
f 931/1079/4991 1008/1174/4990 999/1163/4992
f 1006/1171/4993 1005/1169/4994 1003/1170/4995
f 830/962/4996 831/963/4997 1255/1481/4998
f 1255/1481/4998 831/963/4997 1002/1166/4999
f 1257/1483/5000 1256/1482/5001 1255/1481/5002
f 1254/1480/5003 1255/1481/5002 1256/1482/5001
f 1256/1482/5004 1257/1483/5005 1250/1476/5006
f 1250/1476/5006 1257/1483/5005 1253/1479/5007
f 830/962/5008 1255/1481/5009 845/977/5010
f 845/977/5010 1255/1481/5009 1254/1480/5011
f 1002/1166/5012 1009/1175/5013 1255/1481/5014
f 1255/1481/5014 1009/1175/5013 1257/1483/5015
f 931/1079/5016 930/1078/5017 1257/1483/5018
f 1257/1483/5018 930/1078/5017 1253/1479/5019
f 1009/1175/5020 931/1079/5021 1257/1483/5022
f 770/898/5023 763/891/5024 1286/1516/5025
f 1286/1516/5025 763/891/5024 761/889/5026
f 1286/1516/5027 761/889/5028 1287/1517/5029
f 1287/1517/5029 761/889/5028 764/892/5030
f 1288/1518/5031 1287/1517/5032 765/893/5033
f 765/893/5033 1287/1517/5032 764/892/5034
f 1289/1519/5035 1288/1518/5036 802/930/5037
f 802/930/5037 1288/1518/5036 765/893/5038
f 1289/1519/5039 802/930/5040 1290/1520/5041
f 1290/1520/5041 802/930/5040 849/981/5042
f 1291/1521/5043 1290/1520/5044 1003/1167/5045
f 1003/1167/5045 1290/1520/5044 849/981/5046
f 1009/1175/5047 1291/1521/5048 1008/1174/5049
f 1008/1174/5049 1291/1521/5048 1003/1167/5050
