# This file uses centimeters as units for non-parametric coordinates.

v -13.126251 0.004204 -5.608065
v 13.294066 0.004204 -5.608065
v -13.126251 0.004204 5.988226
v 13.294066 0.004204 6.003032
v -13.143038 1.496094 -5.692991
v 13.352795 1.538741 -5.695179
v -13.103600 1.502463 6.470957
v 13.360071 1.548476 6.467609
v -13.680035 3.243681 -6.329948
v 13.987411 3.320476 -6.158874
v -14.181231 3.241753 8.406023
v 14.025731 3.241823 8.404167
v -15.208786 7.133384 -7.472398
v 15.719517 7.047773 -7.312380
v -15.385555 7.219096 13.545246
v 15.935421 7.158113 13.323729
v 0.000000 0.004204 -5.608065
v -0.000000 0.004204 5.988226
v 10.999502 0.004204 -5.608065
v 10.994474 0.004204 5.988226
v -10.959240 0.004204 5.988225
v -10.866388 0.004204 -5.608065
v 0.014516 1.538741 -5.695179
v 13.932303 1.565649 -6.120073
v 0.014516 1.609867 -6.120306
v -13.564237 1.591300 -6.181685
v 14.219550 3.326783 -6.433802
v -14.058456 3.240516 -6.540422
v 8.323746 1.508798 -6.199115
v 8.376760 3.292161 -6.280105
v 8.289072 3.314016 -6.587744
v 8.132027 7.132087 -7.316770
v 2.875807 7.162879 -7.296334
v 2.919089 3.328701 -6.578660
v 2.923916 3.291166 -6.342992
v 2.924125 1.559397 -6.100785
v -6.384684 1.670068 -6.127123
v -6.376990 3.162447 -6.402186
v -6.378255 3.231678 -6.576831
v -6.449295 7.209141 -7.250367
v -10.782759 1.678606 -6.131880
v -10.824705 3.269937 -6.350207
v -10.826101 3.320249 -6.574404
v -10.828897 7.293408 -7.219126
v 9.304894 0.004204 -5.608065
v 9.323634 1.538741 -5.695179
v 9.305739 1.509716 -6.199626
v 4.871862 1.538741 -5.695179
v 4.872284 1.538103 -6.096404
v -4.697474 0.004204 -5.608065
v -4.610492 1.592511 -5.679858
v -4.624475 1.674237 -6.129135
v -9.195816 0.004204 -5.608065
v -9.220155 1.599864 -5.623968
v -9.199175 1.675220 -6.129993
v -2.348737 0.004204 -5.608065
v -2.345872 0.004204 5.988226
v -4.810465 0.004204 -5.608065
v -4.728527 0.004204 5.988226
v -6.796803 0.004204 5.988225
v -6.656684 0.004204 -5.608065
v -8.915009 0.004204 -5.608065
v -8.991079 0.004204 5.988225
v 2.044928 0.004204 -5.608065
v 2.267702 0.004204 5.988225
v 4.419467 0.004204 5.988225
v 4.324377 0.004204 -5.608065
v 6.558092 0.004204 -5.608065
v 6.641580 0.004204 5.988225
v 8.728745 0.004204 -5.608065
v 8.817957 0.004204 5.988225
v 14.039714 1.576941 6.746097
v 13.294066 0.004204 0.677137
v 13.357268 1.538741 0.635840
v 13.886719 1.557958 0.647566
v 13.972854 3.273142 1.670111
v 13.917482 3.265757 4.400953
v 14.073834 1.527729 4.348922
v 13.986844 3.328679 11.320811
v 14.233823 3.300810 4.397530
v 14.277736 3.297278 1.711563
v 14.521039 5.058157 -6.840002
v 14.715724 5.053512 12.100317
v -14.229342 5.052382 -6.889359
v -10.817711 5.058521 -6.901960
v -6.449711 5.059132 -6.951566
v 2.926223 5.046244 -6.904153
v 8.134956 5.073863 -6.900826
v 13.102195 3.321634 -6.590823
v 13.235618 5.057236 -6.902714
v 13.051867 7.065681 -7.355677
v 14.316603 5.057446 -6.664599
v 13.215470 5.058052 -6.693540
v 8.226700 5.037910 -6.706752
v 2.919790 5.060195 -6.694551
v -6.449711 5.061378 -6.632176
v -10.817709 5.060974 -6.696148
v -14.201077 5.054044 -6.681923
v -14.433510 5.052783 12.399126
v -14.476854 5.058155 12.441698
v -13.781279 1.383609 8.258315
v -13.126251 0.004204 0.456401
v -13.137436 1.450565 0.486556
v -13.691225 1.476904 0.446123
v -13.687034 1.499327 0.830249
v -13.868552 3.274918 0.764438
v -13.568709 1.590930 -5.080240
v -13.782675 3.276095 -5.111953
v -14.446654 3.322693 10.835830
v -14.195776 3.295171 0.744814
v -13.708549 1.463601 3.128028
v -13.891477 3.267817 2.989347
v -14.243880 3.297920 2.938697
v -14.099282 3.330220 -5.116381
v -14.124459 3.330246 -3.352245
v -14.322748 5.049725 -3.555451
v -14.529720 5.086955 -3.481845
v -14.252271 3.295515 2.218368
v -14.414754 5.043985 1.978079
v -14.669575 5.092138 1.959470
v 14.455877 5.049030 12.064816
v 14.266822 3.312001 -0.876682
v 14.263454 5.073214 -0.931204
v 14.647748 5.007271 -1.004187
v 14.228226 3.300806 4.113569
v 14.466795 5.050537 4.098948
v 14.688863 5.049541 4.130964
v 14.643845 5.127131 3.151611
v 15.915006 7.223265 3.064985
v 14.714324 5.007309 -1.284344
v 15.871938 7.284860 -1.305091
v 4.877313 0.004204 -5.608065
v -1.897324 1.612894 -6.121991
v -1.858134 3.231700 -6.329706
v -1.898897 3.266886 -6.579172
v -1.899423 5.062729 -6.699751
v -1.899562 5.059716 -6.904412
v -1.901801 7.005263 -7.267592
v 14.902265 7.187100 13.057100
v 14.666492 7.233387 3.225635
v 14.808850 7.212010 -1.281561
v 14.545940 7.064862 -6.928866
v 13.046270 7.073681 -6.953029
v 8.131746 7.134067 -6.924955
v 2.876159 7.166597 -6.901402
v -1.901310 7.011999 -6.867218
v -6.449435 7.220135 -6.842329
v -10.829754 7.300363 -6.818356
v -14.286689 7.193200 -6.832810
v -14.970784 7.236185 13.426464
v 13.108356 3.318758 -6.239179
v 13.155615 1.561180 -6.145382
v 14.229056 3.309273 -2.272755
v 14.039715 3.263407 -2.291279
v 13.971184 1.541066 -2.229909
v 0.166728 1.547662 6.467480
v 0.025441 1.545906 8.340197
v 0.159592 3.241466 8.405077
v -0.242488 3.325686 11.078321
v -10.912816 0.004204 0.424562
v -13.082069 0.004204 0.506466
v -13.158968 1.543840 0.522548
v -13.684505 1.469090 0.484455
v -13.800853 3.275136 -0.337335
v -13.554460 1.591386 -5.702759
v -14.099565 3.288095 -5.088476
v -13.698211 3.276086 -5.068626
v -13.525923 1.590935 -5.043175
v -13.141356 1.486747 -4.424354
v -14.064597 3.242522 -6.322245
v -14.065442 3.271966 -6.287380
v -13.684515 3.272835 -6.297320
v -13.747995 3.275627 -2.782029
v -13.728703 3.275805 -3.668882
v -14.123621 3.328557 -3.421844
v -14.322480 5.049783 -3.597700
v -14.488045 5.090488 -3.557109
v -14.540902 7.139338 -2.056542
v -14.537555 7.137745 -4.226216
v -15.270043 7.127835 -4.183112
v -15.263049 7.127812 -4.268200
v -14.532797 7.137704 -4.281767
v -14.431544 5.084141 -4.117080
v -14.321352 5.050535 -3.994460
v -14.460649 5.083230 -4.197503
v -14.320802 5.050864 -4.387174
v 14.005024 1.559079 -5.613213
v 14.005853 1.559254 -5.573071
v 13.353079 1.538741 -5.602363
v 13.294066 0.004204 -5.502838
v 10.998953 0.004204 -4.076768
v 14.271853 3.298289 1.600640
v 14.400517 5.068469 1.530981
v 13.894547 3.325907 1.575490
v 13.970632 1.544920 1.514403
v 13.903223 1.541045 1.480468
v 13.357554 1.539548 1.060393
v 13.357833 1.541117 2.010604
v 14.279403 5.083256 -3.196060
v 14.284440 5.073980 -2.001619
v 14.228505 3.309411 -2.207163
v 13.900147 3.300468 -2.210426
v 13.940981 1.541294 -2.190953
v 13.355305 1.538741 -2.085168
v 13.355036 1.538741 -2.703335
v 15.862156 7.215352 -1.372815
v 14.606354 7.151711 -1.342294
v 14.711507 5.006795 -1.393003
v 15.914455 7.224033 2.980453
v 14.666779 7.232995 3.099056
v 14.643545 5.127528 3.083520
v 14.468191 5.050713 2.314550
v 15.730974 7.049689 -6.829461
v 15.733788 7.146176 -6.722054
v 14.545942 7.159687 -6.810111
v 12.951728 7.000452 -7.425584
v 12.934666 7.008316 -7.023093
v 12.914807 5.056583 -6.895909
v 12.215588 5.062171 -6.583997
v 13.019965 5.057384 -6.902994
v 13.114225 5.078061 -6.544971
v 13.063043 3.321627 -6.393193
v 13.158971 5.057289 -6.902813
v 13.158692 4.975335 -6.870291
v 13.073396 3.321631 -6.589922
v 13.906589 3.322444 1.055373
v 13.924469 3.317359 0.291719
v 13.887831 1.557620 0.589905
v 13.314485 1.569538 0.557187
v 13.294066 0.004204 0.612079
v 10.997270 0.004204 -0.566192
v 10.996437 0.004204 1.599854
v 13.975938 1.569021 -2.234099
v 13.097454 3.305266 -6.472252
v 14.251990 3.277210 -6.431879
v 8.354658 5.062456 -6.908806
v 8.336060 5.060215 -6.662548
v 7.990926 5.060689 -6.909142
v 7.951077 7.205776 -6.924057
v 7.938488 7.203804 -7.315942
v 8.035681 7.134853 -7.316311
v 8.047289 7.136801 -7.053829
v 8.031897 5.060641 -6.980392
v 8.113291 5.031591 -6.708598
v 8.217892 3.321402 -6.686632
v 8.236074 5.078687 -6.908958
v 8.269638 5.016903 -6.779369
v 8.276774 3.321285 -6.794213
v 10.044959 7.083357 -6.964530
v 8.801728 7.116307 -6.938814
v 7.215218 3.322767 -6.666443
v 9.174838 3.321215 -6.559846
v 8.437021 3.299521 -6.326018
v 8.413527 1.508882 -6.199162
v 13.935665 1.620374 -6.095250
v 13.145830 1.675039 -6.138757
v 8.411156 1.581988 -6.253630
v 8.323760 1.559974 -6.136796
v 2.924125 1.623529 -6.110779
v 13.148069 3.314524 -6.236957
v 13.176027 3.303393 -6.469558
v 13.204273 3.344274 -6.480794
v 13.780436 5.057767 -6.679940
v 13.180513 1.627898 -6.133550
v 13.475860 1.561192 -6.111938
v 13.084862 3.318546 -6.240133
v 13.116187 1.570089 -6.105557
v 14.250605 3.278947 -6.201241
v 14.220100 3.325575 -6.139891
v 13.737366 1.632031 -6.102925
v 13.702688 1.561192 -6.113396
v 13.935665 1.609762 -6.105154
v 13.749678 1.601175 -6.186713
v 13.535711 1.583462 -6.384005
v 13.788272 1.627611 -6.100015
v 13.759181 1.589783 -6.121294
v 13.761414 1.561193 -6.113763
v 13.828266 1.591883 -6.123699
v 13.800013 1.561193 -6.113997
v 13.148907 1.597903 -6.250186
v 8.412130 1.500617 -6.439897
v 8.323760 1.475271 -6.436829
v 2.924125 1.586830 -6.105060
v 14.266822 3.304419 4.710655
v 13.963074 3.232132 4.450638
v 14.073560 1.528365 4.395730
v 13.359222 1.545677 4.772536
v 13.358671 1.543762 3.612939
v 13.295740 0.042333 -5.578950
v 9.305180 0.028162 -5.577683
v 11.016285 0.034238 -5.578226
v 4.877174 0.027718 -5.577643
v 6.565506 0.027886 -5.577658
v 8.734337 0.028104 -5.577678
v 0.000320 0.033703 -5.578179
v 2.064438 0.031170 -5.577952
v 4.334867 0.028384 -5.577703
v -4.652304 0.058126 -5.526085
v -2.337202 0.036522 -5.578431
v -9.196372 0.035157 -5.578309
v -13.125424 0.034431 -5.578244
v -10.859118 0.034808 -5.578278
v -8.927601 0.035409 -5.578331
v -6.668425 0.037521 -5.578520
v -4.806413 0.039262 -5.578675
v 8.427507 3.321136 -6.574535
v 8.803415 5.060459 -6.656131
v 14.294784 3.303553 -6.489653
v 13.250714 3.324300 -6.532055
v 9.332302 1.520000 -6.346614
v 9.337904 1.578497 -6.210186
v 8.404730 3.272820 -6.658814
v 8.403184 3.234200 -6.375772
v 8.366973 1.570858 -6.313859
v 14.351562 5.037946 -0.897437
v 14.325283 3.311523 -0.790342
v 14.646913 5.008854 -0.855100
v 14.721312 7.219345 0.249624
v 15.866898 7.249149 -1.339885
v 14.856116 7.043241 -1.308228
v 14.763809 5.007112 -1.325957
v 14.771929 7.215112 -0.634064
v 14.647198 5.007943 -0.940984
v 14.632374 5.010911 -0.915027
v 14.409445 3.311754 -0.832146
v 14.012020 3.282250 -4.787699
v 13.933154 1.595347 -5.996219
v 13.928955 1.599211 -5.371871
v 13.924763 1.604007 -5.670098
v 13.958035 3.272789 -6.164777
v -1.797196 5.062635 -6.699558
v -1.809153 3.329699 -6.579163
v -1.798838 3.224406 -6.380356
v -1.846281 1.612813 -6.224502
v -1.760488 3.329676 -6.579151
v -1.763740 3.295849 -6.329577
v -1.796392 1.612734 -6.121902
v -1.796532 5.059872 -6.904734
v -1.920572 7.208565 -7.169836
v -1.932461 7.215406 -6.769229
v -1.888934 5.059707 -6.807007
v -1.967807 5.062708 -6.699708
v -1.806252 5.059777 -6.904538
v -2.045175 4.993008 -7.924205
v -2.018535 3.329707 -7.637767
v -1.797265 5.059827 -6.904641
v -1.654101 4.976492 -7.910841
v -1.783283 3.329701 -7.637764
v -1.819502 3.293558 -6.664386
v -1.787616 3.286429 -6.618684
v -1.413466 1.538741 -5.695179
v -2.399151 1.538741 -5.695179
v -0.018286 0.033725 -5.578181
v -0.013667 1.553995 -5.624818
v -0.050920 1.608134 -6.050002
v -0.015718 1.609915 -6.120332
v 0.006000 1.538741 -5.736073
v -0.007886 0.033713 -5.619073
v -0.012718 1.570605 -6.067228
v -1.794085 1.688442 -6.136550
v -1.843029 1.680804 -6.235194
v -1.894351 1.693238 -6.137626
v -6.353084 1.709357 -6.414135
v -10.783871 1.720074 -6.138284
v -13.567310 1.632503 -6.185827
v -13.567593 1.632546 -6.184857
v -1.795169 1.623604 -6.286257
v -1.844323 1.624636 -6.387288
v -1.895785 1.623690 -6.286505
v -6.391255 1.664294 -6.277405
v -10.774363 1.682606 -6.242422
v -9.194416 1.637664 -6.266269
v -9.186584 1.714156 -6.135957
v -9.047575 3.285340 -6.346835
v -6.372801 1.538741 -5.695179
v -4.638466 1.676488 -6.186408
v -4.621545 1.726020 -6.134035
v -4.732164 3.197852 -6.337665
v -3.609218 3.187667 -6.334555
v -4.580849 1.726650 -6.134089
v -4.604757 1.676745 -6.186413
v -4.608396 1.653285 -6.125195
v -4.585882 1.538741 -5.695180
v -4.633151 0.039290 -5.578678
v -4.587277 1.713162 -6.148231
v -4.625740 1.713570 -6.147199
v -6.360497 1.630654 -6.425615
v -9.188544 1.732451 -6.248632
v -10.788628 1.719921 -6.247049
v -1.958367 3.266851 -6.579141
v -6.336438 3.231721 -6.576853
v -6.316580 3.158661 -6.401689
v -6.336023 1.725690 -6.129885
v -6.288192 1.748532 -6.273120
v -6.313930 1.664841 -6.273323
v -6.313230 1.670240 -6.127206
v -5.909356 1.552882 -5.691150
v -6.404120 3.316486 -6.576810
v -6.403284 3.314789 -6.342257
v -6.422869 1.725398 -6.129926
v -6.428038 1.749741 -6.278227
v -6.430418 1.663663 -6.277141
v -6.422168 1.670186 -6.127189
v -6.672206 1.538741 -5.695179
v -6.536840 3.316595 -6.576741
v -6.382444 5.047442 -6.717132
v -6.376291 3.405251 -6.588229
v -6.502995 5.059115 -6.877378
v -6.462859 7.325307 -6.842145
v -6.476561 7.314364 -7.250035
v 2.868328 7.030955 -6.850712
v 2.883149 7.027008 -7.245878
v 2.822459 5.062677 -6.910491
v 2.900209 5.057312 -6.582242
v 2.790364 3.328728 -6.578673
v 2.891051 3.320059 -6.655496
v 14.035518 3.221264 1.642581
v 13.509979 1.407111 0.567312
v 14.464281 5.050167 5.087766
v 14.695290 5.050481 5.085224
v 14.241361 3.301655 4.470829
v 14.017606 3.186827 4.445232
v -14.446654 10.685539 15.031012
v -0.242488 10.688533 15.130751
v 13.986844 10.691525 15.230492
v -14.446654 10.685539 18.928095
v -0.242488 10.688533 19.027836
v 13.986844 10.691525 19.127575
v 15.712493 6.419554 -7.664262
v 15.997519 7.122340 13.441246
v 18.010698 14.343869 -8.574306
v 16.848879 13.757479 17.985088
v -14.844926 6.725432 -7.624392
v -17.413300 13.902010 -11.895188
v -15.141389 7.362164 14.553460
v -19.321884 13.499255 16.256683
v 17.752289 14.073788 3.658539
v 15.706100 6.604937 2.834965
v -0.129484 14.123497 -10.230556
v 0.849006 6.570275 -7.483826
v 17.129128 10.278162 -8.069665
v 0.634259 10.111162 -8.939739
v 16.886904 10.561689 3.251338
v 16.447262 10.626959 15.262736
v -16.354977 10.128181 -9.700600
v -17.077658 10.204813 15.342380
v -18.383232 13.697321 2.412251
v -16.913227 9.997934 2.692872
v -15.426957 7.023757 2.764394
v -1.435526 1.327483 7.479042
v -1.442938 1.439207 8.882451
v -1.518628 1.547327 6.467649
v -1.494190 1.528312 8.331321
v -1.354487 1.529930 8.332136
v -1.436017 1.547362 6.467632
v 3.436508 1.547864 6.467512
v 3.437628 1.553442 8.375142
v 3.313659 1.547856 6.467511
v 3.299113 1.553135 8.373716
v 3.396931 1.170509 7.004664
v 3.390081 1.175928 8.911534
v 8.182096 1.159911 6.676370
v 8.165174 1.175457 8.631511
v 8.171321 1.563820 8.423264
v 8.189367 1.548156 6.467559
v 8.068964 1.548148 6.467557
v 8.056797 1.563566 8.422086
v -6.289870 1.382921 6.830618
v -6.322039 1.309888 8.666106
v -6.371961 1.546395 6.468121
v -6.413352 1.472596 8.303211
v -6.236036 1.546421 6.468107
v -6.277148 1.474173 8.304008
v -10.930715 1.315535 6.994775
v -11.176558 1.187590 8.801620
v -10.968753 1.545463 6.468591
v -11.069158 1.416955 8.275140
v -10.873663 1.545486 6.468578
v -10.960358 1.418216 8.275775
v 12.809645 1.219637 6.915040
v 12.865308 1.245256 8.918193
v 12.776913 1.548439 6.467604
v 12.822498 1.573900 8.470006
v 12.949777 1.548450 6.467606
v 12.974944 1.574238 8.471574
v 5.347888 10.455212 15.402204
v 5.257130 10.455193 19.298651
v 5.463396 10.689734 15.170816
v 5.330554 10.689707 19.066971
v 5.259506 10.785912 15.074112
v 5.159523 10.689671 19.065767
v -0.250639 10.772798 15.130289
v -0.225060 10.772802 19.027555
v -5.815247 10.738594 15.199139
v -5.775390 10.738745 18.988739
v -5.846571 10.656879 15.091153
v -5.818044 10.656962 18.988441
v 10.857724 10.602317 15.208519
v 10.697178 10.602283 19.104473
v 10.819113 10.690857 15.208246
v 10.662218 10.690825 19.104229
v 3.670539 3.177515 8.506194
v 3.651728 3.262415 11.242121
v 3.668301 3.241555 8.404850
v 3.646971 3.326448 11.140056
v -1.600157 3.241505 8.405205
v -1.622743 3.325337 11.050070
v -1.508281 3.241500 8.405190
v -1.531495 3.325356 11.051628
v -1.559289 2.633035 9.252422
v -1.529083 2.716881 11.898167
v -7.133544 3.157213 8.405551
v -7.175077 3.239831 10.960146
v -7.162917 3.241611 8.405554
v -7.226689 3.324214 10.959085
v -12.102608 3.140756 8.405905
v -12.148745 3.222137 10.868684
v -12.117703 3.241718 8.405910
v -12.149591 3.323087 10.867790
v 8.603436 3.209322 8.455730
v 8.560089 3.294700 11.280459
v 8.612388 3.080096 8.454941
v 8.598404 3.165662 11.281274
v -15.630003 8.694090 2.670560
v -15.052455 8.540387 -8.054421
v 0.620992 8.650250 -7.985298
v -15.730709 8.663803 -8.405930
v 0.606745 8.698141 -8.573827
v -16.368387 8.719328 2.612867
v -16.502089 9.876122 2.452665
v -15.866899 9.882869 -9.375024
v 0.631393 10.081431 -8.776326
v -5.314183 6.628102 -7.476288
v -5.256429 8.614142 -7.954854
v -6.572357 8.730843 -8.588523
v -6.579485 10.092069 -9.039284
v -6.456146 10.216074 -9.255465
v -6.575853 14.046099 -10.812256
v -10.971825 6.684276 -7.468966
v -11.183552 8.561281 -7.919641
v -12.042202 8.651123 -8.387928
v -12.155189 9.925549 -9.246337
v -11.967507 10.123768 -9.503300
v -11.975341 13.978786 -11.318159
v -15.680626 8.482793 14.773176
v -16.458443 10.009121 15.336131
v -16.541250 11.436742 -10.461565
v -17.296947 11.503705 2.405724
v -17.911131 11.427832 15.681803
v -16.339842 8.644476 14.752735
v 16.820345 10.212526 -7.707523
v 16.795731 10.190243 3.208272
v 16.394394 10.214523 14.855633
v 15.956966 8.652638 -7.612996
v 16.112473 8.479160 3.009885
v 16.227417 8.914146 14.049325
v 16.253998 9.120655 14.253163
v 16.450031 8.786875 3.045562
v 16.480532 8.670512 -7.834910
v 10.055017 14.242811 -9.333828
v 10.287715 10.135313 -8.429581
v 10.363229 9.975178 -8.338724
v 10.278766 8.663732 -8.209645
v 10.146466 8.550089 -7.765524
v 10.367137 6.474623 -7.496294
v 4.173553 14.177299 -9.826191
v 4.417231 10.120756 -8.737075
v 4.714117 10.036303 -8.590462
v 4.596228 8.727269 -8.451523
v 4.578195 8.596266 -7.899134
v 4.643083 6.530246 -7.489043
v 16.621485 11.984648 16.235176
v 17.276232 12.141609 3.434518
v 17.484890 12.277374 -8.350161
v 10.167456 12.125490 -8.896686
v 4.216833 12.213122 -9.298841
v 0.183352 12.197670 -9.610994
v -6.505510 12.094489 -9.972134
v -11.971423 12.073238 -10.421068
v -16.821468 11.791181 -10.667681
v -17.606825 12.129393 2.407586
v -18.410645 12.161449 15.885403
v -16.326981 11.841993 -10.623253
v 15.281241 8.668947 -7.649767
v 15.025049 8.716020 -7.871352
v 15.054688 10.191092 -7.828824
v 15.034562 10.273281 -8.172770
v 15.021695 12.271254 -8.515255
v 14.881569 14.308743 -8.838299
v -11.071959 8.683562 -8.469554
v -11.040913 9.996613 -9.157975
v -1.295159 14.111302 -10.322205
v -1.163182 12.176659 -9.684538
v -0.903091 10.133909 -9.008195
v -0.876118 10.083655 -8.831301
v -1.084310 12.180564 -9.670872
v -14.236055 3.297709 2.875336
v -13.864071 3.117048 2.933605
v -13.694584 1.464974 3.039743
v -13.118973 1.497892 2.633772
v -13.114786 1.499117 3.661919
v -14.034111 3.109757 2.967194
v -14.670122 5.092207 2.035555
v -14.457845 5.113379 2.071269
v -14.254521 3.295682 2.268278
v -14.488045 5.017722 2.065936
v -14.197454 3.295182 0.792121
v -13.807571 3.271072 0.817282
v -13.688421 1.498399 0.889909
v -13.153666 1.513167 1.263392
v -14.531114 5.136042 -3.448826
v -14.537556 5.325198 12.562437
v -15.114544 5.139443 12.587949
v -14.758783 5.087744 -3.466626
v -9.151070 1.553667 -5.695179
v -13.737929 1.402342 7.056853
v -13.131849 1.419905 8.055871
v -13.088218 1.352438 8.266294
v 14.090340 1.575711 8.578020
v 14.033569 1.635550 8.561014
v 14.003345 3.238365 6.993249
v 14.045018 1.569219 6.507304
v -11.147261 13.989110 -11.240572
v -11.551881 12.074869 -10.386610
v -13.159397 6.707521 -7.556752
v -13.048457 8.551209 -7.984608
v -12.389251 8.652316 -8.389622
v -10.441374 3.273260 -6.349480
v -10.408334 3.319893 -6.574631
v -10.293385 5.061023 -6.688469
v -10.254608 5.058599 -6.898752
v -9.901422 7.305666 -6.823413
v -10.059059 7.297114 -7.224593
v -11.308918 0.034733 -5.578271
v -10.859226 1.556507 -5.652807
v -10.877377 0.004204 -4.180356
v -9.395193 0.004204 5.988225
v -11.315269 0.004204 -5.608065
vt 0.795618 0.491536
vt 0.262788 0.500492
vt 0.853561 0.153252
vt 0.179685 0.182768
vt 0.801548 0.584973
vt 0.259846 0.590410
vt 0.886810 0.156002
vt 0.140518 0.181142
vt 0.834567 0.712146
vt 0.233881 0.715228
vt 0.989764 0.102190
vt 0.036225 0.165042
vt 0.913175 0.955264
vt 0.189862 0.957197
vt 0.996595 0.768678
vt 0.002195 0.634650
vt 0.525061 0.496148
vt 0.513767 0.166183
vt 0.297496 0.501498
vt 0.223033 0.180616
vt 0.810228 0.151453
vt 0.763638 0.492032
vt 0.524442 0.589958
vt 0.240355 0.615331
vt 0.526564 0.614338
vt 0.822431 0.611041
vt 0.223867 0.736804
vt 0.847498 0.726247
vt 0.361999 0.616228
vt 0.357247 0.715601
vt 0.361498 0.743057
vt 0.358565 0.969284
vt 0.463347 0.976829
vt 0.460096 0.742097
vt 0.456856 0.716777
vt 0.458662 0.614700
vt 0.661337 0.612980
vt 0.664952 0.703787
vt 0.663441 0.736047
vt 0.672376 0.959918
vt 0.764535 0.613489
vt 0.770590 0.714373
vt 0.766836 0.735053
vt 0.779648 0.962078
vt 0.329703 0.502353
vt 0.324663 0.591258
vt 0.329474 0.616247
vt 0.424790 0.590129
vt 0.427141 0.614963
vt 0.626093 0.494405
vt 0.627770 0.588103
vt 0.627172 0.617086
vt 0.722845 0.492735
vt 0.728891 0.586288
vt 0.724178 0.612943
vt 0.575577 0.495277
vt 0.575944 0.163096
vt 0.628524 0.494363
vt 0.639095 0.159961
vt 0.693913 0.157239
vt 0.668233 0.493678
vt 0.716803 0.492840
vt 0.752074 0.154352
vt 0.482536 0.496698
vt 0.453662 0.169167
vt 0.396631 0.171998
vt 0.435566 0.496437
vt 0.389645 0.499432
vt 0.338409 0.174889
vt 0.343419 0.501543
vt 0.280721 0.177752
vt 0.101593 0.175133
vt 0.214893 0.322267
vt 0.204394 0.416726
vt 0.180670 0.419718
vt 0.156623 0.501656
vt 0.102611 0.356357
vt 0.117842 0.237628
vt 0.007171 0.170317
vt 0.076264 0.356958
vt 0.133709 0.501668
vt 0.212498 0.842193
vt 0.006294 0.382572
vt 0.884508 0.832453
vt 0.777529 0.841247
vt 0.668219 0.834041
vt 0.461096 0.851868
vt 0.359648 0.851300
vt 0.263676 0.735505
vt 0.254851 0.840191
vt 0.258139 0.962287
vt 0.217008 0.831630
vt 0.253563 0.834290
vt 0.360843 0.842347
vt 0.460354 0.841225
vt 0.671156 0.832749
vt 0.774960 0.832956
vt 0.858657 0.831438
vt 0.987485 0.444204
vt 0.998820 0.479504
vt 0.923417 0.136868
vt 0.828943 0.299556
vt 0.838364 0.399743
vt 0.867953 0.400526
vt 0.874702 0.371883
vt 0.892465 0.482228
vt 0.845527 0.500544
vt 0.860453 0.611796
vt 0.996259 0.212423
vt 0.921717 0.478361
vt 0.911898 0.199077
vt 0.932203 0.315893
vt 0.967988 0.316347
vt 0.884102 0.606279
vt 0.895845 0.575072
vt 0.909076 0.693893
vt 0.934493 0.687580
vt 0.952988 0.362634
vt 0.967503 0.489758
vt 0.998140 0.494824
vt 0.010509 0.372534
vt 0.168021 0.592933
vt 0.157113 0.704784
vt 0.144759 0.707234
vt 0.098613 0.399100
vt 0.071200 0.512935
vt 0.061057 0.515067
vt 0.066431 0.529026
vt 0.020949 0.666406
vt 0.148431 0.715683
vt 0.108545 0.829309
vt 0.427099 0.496989
vt 0.562066 0.614794
vt 0.563705 0.712048
vt 0.564491 0.743759
vt 0.568363 0.846645
vt 0.567682 0.858039
vt 0.568598 0.972066
vt 0.005182 0.576017
vt 0.047493 0.663369
vt 0.133329 0.831110
vt 0.205984 0.947087
vt 0.251418 0.945246
vt 0.355807 0.954141
vt 0.462542 0.961947
vt 0.568055 0.954061
vt 0.674217 0.942270
vt 0.784185 0.945344
vt 0.893971 0.938234
vt 0.990431 0.709678
vt 0.257514 0.715392
vt 0.261018 0.615576
vt 0.181163 0.626732
vt 0.200829 0.625106
vt 0.211929 0.520816
vt 0.529272 0.642212
vt 0.731277 0.648214
vt 0.732008 0.698672
vt 0.527087 0.697725
vt 0.254610 0.636212
vt 0.253058 0.696784
vt 0.951477 0.822687
vt 0.939606 0.408723
vt 0.532867 0.769668
vt 0.727471 0.812759
vt 0.529582 0.811787
vt 0.232882 0.765314
vt 0.246832 0.810791
vt 0.847530 0.725198
vt 0.108834 0.492253
vt 0.786929 0.321737
vt 0.829221 0.297346
vt 0.839004 0.396524
vt 0.868558 0.397961
vt 0.886747 0.506017
vt 0.828118 0.583833
vt 0.884288 0.605785
vt 0.859949 0.606921
vt 0.845677 0.499873
vt 0.809106 0.546946
vt 0.852602 0.710760
vt 0.853668 0.708462
vt 0.835415 0.710195
vt 0.872900 0.558155
vt 0.867877 0.577068
vt 0.892291 0.582039
vt 0.908401 0.695734
vt 0.933367 0.690269
vt 0.959616 0.783073
vt 0.940275 0.835966
vt 0.927233 0.923820
vt 0.926848 0.924680
vt 0.939780 0.837321
vt 0.925229 0.713951
vt 0.899629 0.719663
vt 0.924060 0.717352
vt 0.895790 0.730138
vt 0.233360 0.592217
vt 0.233077 0.591211
vt 0.259071 0.587723
vt 0.262243 0.498412
vt 0.287394 0.457964
vt 0.135008 0.507032
vt 0.126681 0.636828
vt 0.158798 0.506231
vt 0.169324 0.394150
vt 0.172493 0.397042
vt 0.198728 0.389261
vt 0.189790 0.353048
vt 0.180184 0.753643
vt 0.167552 0.726891
vt 0.180499 0.625023
vt 0.199903 0.622487
vt 0.211515 0.519482
vt 0.233681 0.506269
vt 0.238969 0.523169
vt 0.110908 0.832905
vt 0.137193 0.832341
vt 0.149703 0.718174
vt 0.022042 0.668440
vt 0.047353 0.668123
vt 0.067335 0.531083
vt 0.082821 0.538885
vt 0.183443 0.947091
vt 0.182015 0.944844
vt 0.204496 0.944606
vt 0.260258 0.962452
vt 0.253944 0.945541
vt 0.261637 0.842911
vt 0.266454 0.836481
vt 0.259310 0.842101
vt 0.257567 0.835929
vt 0.265048 0.735551
vt 0.256436 0.840870
vt 0.255931 0.835259
vt 0.264267 0.735525
vt 0.164394 0.522058
vt 0.172610 0.545295
vt 0.181621 0.423221
vt 0.208305 0.419804
vt 0.215381 0.323619
vt 0.263731 0.355995
vt 0.249131 0.293079
vt 0.211445 0.525371
vt 0.262514 0.731712
vt 0.222251 0.730652
vt 0.356516 0.852295
vt 0.355540 0.842017
vt 0.363365 0.854066
vt 0.360015 0.961635
vt 0.364401 0.977488
vt 0.361356 0.970790
vt 0.358153 0.956702
vt 0.361682 0.854576
vt 0.362853 0.842324
vt 0.363274 0.745957
vt 0.358352 0.851712
vt 0.358033 0.842172
vt 0.362034 0.746200
vt 0.314730 0.950673
vt 0.341422 0.952926
vt 0.381379 0.745235
vt 0.344128 0.739692
vt 0.354924 0.720030
vt 0.359026 0.616229
vt 0.242953 0.626238
vt 0.263048 0.627828
vt 0.358018 0.625154
vt 0.360921 0.623848
vt 0.458587 0.618912
vt 0.255409 0.715377
vt 0.259827 0.731641
vt 0.260484 0.735610
vt 0.236385 0.833040
vt 0.260073 0.627595
vt 0.251054 0.615010
vt 0.258590 0.715399
vt 0.265340 0.622220
vt 0.216972 0.715618
vt 0.216790 0.719082
vt 0.246349 0.626507
vt 0.245679 0.615171
vt 0.241438 0.619876
vt 0.245993 0.620489
vt 0.255449 0.621143
vt 0.245061 0.626405
vt 0.245272 0.620391
vt 0.245042 0.615190
vt 0.243258 0.620121
vt 0.243240 0.615245
vt 0.262309 0.623369
vt 0.358139 0.621846
vt 0.361109 0.620341
vt 0.458630 0.616502
vt 0.066634 0.332913
vt 0.101412 0.352912
vt 0.117632 0.236821
vt 0.159257 0.246520
vt 0.172076 0.291246
vt 0.262704 0.503056
vt 0.329613 0.503946
vt 0.300926 0.503564
vt 0.427059 0.498627
vt 0.390253 0.500636
vt 0.342249 0.503256
vt 0.525048 0.498218
vt 0.483574 0.498391
vt 0.437956 0.498581
vt 0.626137 0.496869
vt 0.575368 0.497546
vt 0.722985 0.494901
vt 0.795752 0.493648
vt 0.757971 0.494304
vt 0.717199 0.495018
vt 0.668586 0.496006
vt 0.628522 0.496820
vt 0.359550 0.740966
vt 0.344411 0.841326
vt 0.223109 0.733921
vt 0.260163 0.733671
vt 0.332247 0.621951
vt 0.330827 0.624293
vt 0.360845 0.742310
vt 0.356460 0.717036
vt 0.359486 0.624494
vt 0.155229 0.700576
vt 0.166871 0.589939
vt 0.141935 0.700809
vt 0.103277 0.774140
vt 0.109759 0.831156
vt 0.135199 0.831706
vt 0.148918 0.716637
vt 0.120621 0.807019
vt 0.143561 0.704510
vt 0.156210 0.702768
vt 0.167428 0.591389
vt 0.222222 0.683437
vt 0.239919 0.616969
vt 0.231643 0.588779
vt 0.233903 0.596051
vt 0.235848 0.715241
vt 0.562351 0.849280
vt 0.562481 0.748091
vt 0.560925 0.717010
vt 0.561142 0.614799
vt 0.560072 0.747459
vt 0.559125 0.717033
vt 0.560239 0.614804
vt 0.562300 0.857685
vt 0.570822 0.971873
vt 0.570669 0.953834
vt 0.569202 0.857813
vt 0.568975 0.846401
vt 0.566676 0.858011
vt 0.567495 0.846853
vt 0.564459 0.747075
vt 0.563189 0.857345
vt 0.563360 0.849134
vt 0.563225 0.747730
vt 0.563407 0.746442
vt 0.562195 0.742392
vt 0.556220 0.589387
vt 0.578155 0.588994
vt 0.525448 0.498212
vt 0.525069 0.589947
vt 0.527781 0.614354
vt 0.527126 0.614345
vt 0.524632 0.589954
vt 0.525224 0.498215
vt 0.526781 0.612260
vt 0.560160 0.623400
vt 0.561127 0.623200
vt 0.562122 0.623865
vt 0.661883 0.629961
vt 0.764721 0.616460
vt 0.822770 0.613865
vt 0.822787 0.613760
vt 0.560196 0.620149
vt 0.561133 0.620412
vt 0.562095 0.620215
vt 0.661372 0.614002
vt 0.764617 0.614732
vt 0.725118 0.614452
vt 0.725071 0.616016
vt 0.726195 0.712983
vt 0.666181 0.587414
vt 0.628413 0.616065
vt 0.628086 0.618178
vt 0.628160 0.705934
vt 0.603173 0.707955
vt 0.627103 0.618263
vt 0.627600 0.616116
vt 0.626461 0.617077
vt 0.626816 0.588120
vt 0.624793 0.496886
vt 0.627237 0.617682
vt 0.628168 0.617647
vt 0.661403 0.614911
vt 0.725086 0.615521
vt 0.764670 0.615729
vt 0.565923 0.743332
vt 0.662513 0.736117
vt 0.663130 0.702160
vt 0.660545 0.615380
vt 0.659943 0.615031
vt 0.659894 0.614094
vt 0.659928 0.613149
vt 0.656079 0.587595
vt 0.664324 0.736039
vt 0.665927 0.711080
vt 0.663258 0.618986
vt 0.662836 0.614925
vt 0.662883 0.614013
vt 0.662784 0.612979
vt 0.672775 0.587295
vt 0.667291 0.736011
vt 0.668817 0.830951
vt 0.664103 0.745027
vt 0.671267 0.839208
vt 0.676707 0.945436
vt 0.674069 0.967346
vt 0.463766 0.955700
vt 0.464818 0.970018
vt 0.465974 0.851361
vt 0.461777 0.841338
vt 0.462847 0.742244
vt 0.462796 0.746915
vt 0.157276 0.503030
vt 0.205423 0.417536
vt 0.056297 0.478458
vt 0.048091 0.483696
vt 0.074009 0.351329
vt 0.101820 0.354083
vt 0.774352 0.574620
vt 0.525526 0.575246
vt 0.524885 0.513423
vt 0.772953 0.512800
vt 0.268557 0.575873
vt 0.268674 0.514045
vt 0.814938 0.385491
vt 0.893681 0.580571
vt 0.213686 0.319702
vt 0.260087 0.503594
vt 0.196453 0.957788
vt 0.023682 0.656381
vt 0.796035 0.498042
vt 0.905374 0.951558
vt 0.854333 0.157376
vt 0.996089 0.697987
vt 0.135614 0.832753
vt 0.229345 0.396358
vt 0.550023 0.954686
vt 0.524179 0.500864
vt 0.222684 0.729969
vt 0.534357 0.743190
vt 0.161676 0.592598
vt 0.565382 0.811909
vt 0.564210 0.770007
vt 0.566802 0.811914
vt 0.565437 0.770020
vt 0.562443 0.769988
vt 0.562970 0.811901
vt 0.459371 0.811540
vt 0.460022 0.768610
vt 0.462008 0.811549
vt 0.462993 0.768654
vt 0.460785 0.811545
vt 0.461607 0.768633
vt 0.359062 0.811187
vt 0.360890 0.767172
vt 0.359713 0.767155
vt 0.357860 0.811182
vt 0.360444 0.811191
vt 0.362168 0.767190
vt 0.669351 0.812265
vt 0.667144 0.771122
vt 0.670588 0.812270
vt 0.668582 0.771138
vt 0.667684 0.812260
vt 0.665662 0.771106
vt 0.773101 0.812620
vt 0.770525 0.772243
vt 0.774367 0.812625
vt 0.771586 0.772254
vt 0.771694 0.812616
vt 0.769253 0.772229
vt 0.258003 0.810831
vt 0.260710 0.765718
vt 0.259352 0.810835
vt 0.262278 0.765740
vt 0.255641 0.810822
vt 0.259010 0.765693
vt 0.424528 0.575493
vt 0.425820 0.513664
vt 0.422299 0.575498
vt 0.424358 0.513667
vt 0.425930 0.575489
vt 0.427444 0.513660
vt 0.526715 0.575243
vt 0.525609 0.513421
vt 0.626968 0.574999
vt 0.625313 0.513179
vt 0.627535 0.574997
vt 0.626078 0.513177
vt 0.325167 0.575735
vt 0.328016 0.513901
vt 0.325869 0.575734
vt 0.328646 0.513900
vt 0.457732 0.697487
vt 0.458534 0.640667
vt 0.458514 0.697490
vt 0.459347 0.640684
vt 0.564299 0.697853
vt 0.561106 0.642911
vt 0.560111 0.697838
vt 0.559351 0.642873
vt 0.561964 0.697845
vt 0.560124 0.642890
vt 0.665399 0.698199
vt 0.662437 0.645137
vt 0.666189 0.698202
vt 0.663632 0.645163
vt 0.768857 0.698554
vt 0.765503 0.647401
vt 0.770179 0.698558
vt 0.766511 0.647423
vt 0.356498 0.697139
vt 0.359180 0.638497
vt 0.354915 0.697134
vt 0.357069 0.638450
vt 0.826761 0.461029
vt 0.802067 0.583804
vt 0.529231 0.589583
vt 0.822083 0.610341
vt 0.530897 0.618842
vt 0.853687 0.454597
vt 0.875033 0.536294
vt 0.834630 0.711360
vt 0.532724 0.714511
vt 0.625503 0.499817
vt 0.627576 0.587504
vt 0.663852 0.614966
vt 0.665330 0.713132
vt 0.664314 0.735728
vt 0.674202 0.953597
vt 0.723931 0.498799
vt 0.727944 0.585383
vt 0.763236 0.612068
vt 0.769735 0.712035
vt 0.766327 0.729872
vt 0.782192 0.952638
vt 0.872620 0.227115
vt 0.916427 0.383095
vt 0.867587 0.803687
vt 0.906613 0.684855
vt 0.960575 0.516109
vt 0.892445 0.294092
vt 0.235078 0.714958
vt 0.187014 0.592996
vt 0.120053 0.470630
vt 0.259036 0.591823
vt 0.232443 0.502901
vt 0.202251 0.397658
vt 0.172824 0.402090
vt 0.200586 0.504423
vt 0.241569 0.616121
vt 0.358593 0.956366
vt 0.361860 0.743725
vt 0.355608 0.716248
vt 0.360810 0.617279
vt 0.355952 0.593921
vt 0.356579 0.502597
vt 0.463701 0.955444
vt 0.462223 0.745287
vt 0.455675 0.719336
vt 0.459648 0.611262
vt 0.454865 0.584314
vt 0.454042 0.501589
vt 0.071904 0.563435
vt 0.147470 0.704011
vt 0.213850 0.833616
vt 0.357785 0.842747
vt 0.463782 0.848468
vt 0.542504 0.853173
vt 0.668866 0.836024
vt 0.774346 0.842519
vt 0.873020 0.824947
vt 0.919410 0.724169
vt 0.973153 0.580523
vt 0.855243 0.828112
vt 0.270410 0.592070
vt 0.264686 0.616345
vt 0.258240 0.715206
vt 0.262554 0.733909
vt 0.257330 0.836374
vt 0.252810 0.957294
vt 0.722795 0.613247
vt 0.725184 0.712510
vt 0.569588 0.954515
vt 0.568236 0.849681
vt 0.562535 0.741572
vt 0.560447 0.714223
vt 0.563454 0.850330
vt 0.966776 0.320239
vt 0.930646 0.321950
vt 0.910673 0.205440
vt 0.872882 0.219428
vt 0.881199 0.177583
vt 0.931306 0.319383
vt 0.998163 0.494702
vt 0.972780 0.489520
vt 0.954146 0.357726
vt 0.970455 0.489625
vt 0.922721 0.474646
vt 0.893452 0.478388
vt 0.875673 0.367389
vt 0.850594 0.335938
vt 0.935069 0.689771
vt 1.000218 0.514079
vt 0.999544 0.504997
vt 0.934758 0.688590
vt 0.727366 0.586316
vt 0.920720 0.151437
vt 0.905523 0.146221
vt 0.719605 0.792395
vt 0.728652 0.772693
vt 0.244776 0.765486
vt 0.072563 0.170652
vt 0.059488 0.232088
vt 0.104143 0.184940
vt 0.765637 0.952795
vt 0.766249 0.842019
vt 0.763669 0.584616
vt 0.764653 0.498367
vt 0.768765 0.611896
vt 0.757139 0.735145
vt 0.761012 0.714071
vt 0.762499 0.832930
vt 0.763661 0.840979
vt 0.761335 0.945361
vt 0.760980 0.963019
vt 0.759252 0.585743
vt 0.765471 0.494176
vt 0.769152 0.451732
vt 0.769991 0.491935
vt 0.764008 0.153748
vt 0.764543 0.613501
vt 0.759244 0.585732
vt 0.769144 0.451720
vt 0.764016 0.153759
vt 0.764609 0.614720
vt 0.764678 0.615740
vt 0.764713 0.616448
vt 0.761020 0.714082
vt 0.757147 0.735157
vt 0.762507 0.832941
vt 0.763669 0.840990
vt 0.761343 0.945372
vt 0.760972 0.963008
vt 0.764661 0.498378
vt 0.763677 0.584627
vt 0.768773 0.611907
vt 0.769743 0.712047
vt 0.766319 0.729860
vt 0.766257 0.842030
vt 0.765629 0.952784
vt 0.765463 0.494165
vt 0.769983 0.491924
vn 0.000000 1.000000 0.000000
vn 0.000000 1.000000 0.000000
vn 0.000000 1.000000 0.000000
vn 0.000000 1.000000 0.000000
vn 0.000000 0.077439 0.996997
vn 0.000028 0.077511 0.996992
vn 0.000021 0.077493 0.996993
vn 0.000041 0.077548 0.996989
vn 0.000041 0.077548 0.996989
vn -0.999093 0.042573 0.000430
vn -0.999118 0.041986 0.000279
vn -0.999101 0.042403 0.000215
vn -0.999144 0.041373 0.000336
vn -0.999155 0.041104 0.000431
vn -0.999153 0.041158 0.000340
vn -0.999150 0.041213 0.000410
vn -0.999152 0.041167 0.000595
vn 0.962769 -0.007100 0.270232
vn 0.967330 -0.009729 0.253335
vn 0.967330 -0.009729 0.253335
vn 0.971587 -0.012354 0.236359
vn -0.505386 -0.021280 -0.862631
vn -0.653322 -0.006647 -0.757051
vn -0.653322 -0.006647 -0.757051
vn -0.779538 0.008208 -0.626301
vn -0.013609 0.999906 -0.001370
vn -0.013595 0.999906 -0.001638
vn -0.013595 0.999906 -0.001638
vn -0.013580 0.999906 -0.001907
vn -0.000865 0.999995 0.003053
vn 0.000150 0.999999 -0.001643
vn -0.000074 1.000000 -0.000545
vn 0.000658 0.999992 -0.003991
vn 0.000597 0.999992 -0.003840
vn -0.040165 0.449630 0.892312
vn -0.293434 0.784968 0.545639
vn -0.293434 0.784968 0.545639
vn -0.459617 0.887345 0.037031
vn 0.000000 1.000000 0.000000
vn 0.000000 1.000000 -0.000000
vn 0.000000 1.000000 -0.000000
vn 0.000000 1.000000 -0.000000
vn 0.000000 1.000000 0.000000
vn 0.000000 1.000000 0.000000
vn 0.000000 1.000000 0.000000
vn 0.000000 1.000000 0.000000
vn 0.969098 0.010219 0.246463
vn 0.977625 0.006283 0.210263
vn 0.977625 0.006283 0.210263
vn 0.984784 0.002339 0.173769
vn 0.000346 0.998547 0.053895
vn -0.002571 0.998589 0.053036
vn -0.001714 0.998648 0.051950
vn -0.006018 0.999869 0.015007
vn -0.006280 0.999974 -0.003613
vn -0.012542 0.998296 -0.056995
vn 0.001583 0.999999 0.000003
vn 0.001583 0.999999 0.000003
vn 0.001583 0.999999 0.000003
vn -0.001810 0.996231 0.086717
vn -0.001810 0.996231 0.086717
vn -0.001810 0.996231 0.086717
vn 0.652318 0.052432 0.756130
vn 0.783344 0.045408 0.619928
vn 0.783344 0.045408 0.619928
vn 0.886351 0.036760 0.461552
vn -0.235107 0.968330 0.084035
vn -0.118409 0.991088 0.061019
vn -0.118409 0.991088 0.061019
vn 0.000026 0.999311 0.037108
vn -0.000624 0.999909 -0.013471
vn 0.000053 0.999999 0.001350
vn 0.000053 0.999999 0.001350
vn 0.000729 0.999869 0.016170
vn 0.121780 0.990131 0.069357
vn 0.041789 0.997977 0.047905
vn 0.063954 0.992417 0.104972
vn 0.001468 0.999314 0.036996
vn -0.002911 0.997782 -0.066509
vn 0.059665 0.997719 0.031569
vn 0.021146 0.995922 0.087708
vn 0.019292 0.998054 0.059300
vn -0.001003 0.997465 0.071149
vn 0.001811 0.993368 0.114964
vn 0.004531 0.987650 0.156612
vn 0.004576 0.987557 0.157197
vn -0.011508 0.082796 0.996500
vn -0.002557 0.110402 0.993884
vn -0.002557 0.110402 0.993884
vn 0.006396 0.137914 0.990424
vn -0.000014 0.077506 0.996992
vn -0.000009 0.077527 0.996990
vn -0.000007 0.077515 0.996991
vn -0.000009 0.077543 0.996989
vn -0.000013 0.077551 0.996988
vn -0.000014 0.077551 0.996988
vn 0.000000 0.998349 -0.057443
vn -0.000484 0.998096 -0.061681
vn 0.001628 0.998859 -0.047732
vn -0.000967 0.997825 -0.065919
vn 0.003740 0.999423 -0.033767
vn 0.008444 0.999963 -0.001578
vn 0.015999 0.986165 0.164991
vn 0.008013 0.994107 0.108108
vn 0.009000 0.997393 0.071602
vn 0.005469 0.999681 0.024651
vn 0.010933 0.999939 -0.001577
vn 0.000000 1.000000 -0.000000
vn 0.000000 1.000000 -0.000000
vn 0.000000 1.000000 -0.000000
vn 0.000000 1.000000 0.000000
vn 0.000000 1.000000 0.000000
vn 0.000000 1.000000 -0.000000
vn 0.000000 1.000000 -0.000000
vn 0.000000 1.000000 -0.000000
vn 0.000000 1.000000 0.000000
vn 0.000000 1.000000 0.000000
vn 0.000000 1.000000 0.000000
vn 0.000000 1.000000 0.000000
vn 0.000000 1.000000 0.000000
vn 0.000000 1.000000 0.000000
vn 0.000000 1.000000 0.000000
vn 0.000000 1.000000 0.000000
vn 0.000000 1.000000 0.000000
vn 0.000000 1.000000 0.000000
vn 0.000000 1.000000 0.000000
vn 0.000000 1.000000 0.000000
vn 0.000000 1.000000 0.000000
vn 0.000000 1.000000 0.000000
vn 0.000000 1.000000 0.000000
vn 0.000000 1.000000 0.000000
vn 0.000000 1.000000 0.000000
vn 0.000000 1.000000 0.000000
vn 0.000000 1.000000 0.000000
vn 0.000000 1.000000 -0.000000
vn 0.000000 1.000000 0.000000
vn 0.000000 1.000000 0.000000
vn -0.036231 0.999342 -0.001876
vn -0.027445 0.999579 0.009397
vn -0.027445 0.999579 0.009397
vn -0.018654 0.999612 0.020668
vn -0.999260 0.038337 0.003060
vn -0.999267 0.038292 0.000123
vn -0.999267 0.038292 0.000123
vn -0.999264 0.038247 -0.002814
vn -0.031180 0.999514 0.000098
vn -0.031212 0.999511 -0.001797
vn -0.031212 0.999511 -0.001797
vn -0.031243 0.999505 -0.003693
vn -0.999604 0.019268 -0.020508
vn -0.998628 0.049724 -0.016447
vn -0.998628 0.049724 -0.016447
vn -0.996707 0.080134 -0.012370
vn -0.447209 -0.066933 0.891922
vn -0.851144 -0.059124 0.521591
vn -0.851144 -0.059124 0.521591
vn -0.999422 -0.033556 -0.005409
vn -0.990756 0.090740 0.100843
vn -0.990642 0.090144 0.102485
vn -0.989044 0.141944 0.040540
vn -0.964662 0.263488 -0.001119
vn -0.980963 0.192961 -0.021846
vn -0.993913 0.105742 0.030926
vn -0.079068 0.996869 0.001093
vn -0.101602 0.994825 -0.000197
vn -0.097343 0.995250 -0.001375
vn -0.110111 0.993917 0.002157
vn -0.112849 0.993612 -0.000842
vn 0.154793 0.987924 -0.006777
vn -0.178401 0.983859 0.013930
vn -0.198536 0.980013 0.012559
vn -0.367532 0.929757 0.021727
vn -0.236334 0.971621 0.009955
vn 0.008686 0.999952 0.004500
vn 0.017555 0.999831 0.005398
vn 0.017555 0.999831 0.005398
vn 0.026423 0.999631 0.006296
vn -0.998336 0.043484 -0.037877
vn -0.999821 -0.004985 -0.018266
vn -0.999821 -0.004985 -0.018266
vn -0.998570 -0.053440 0.001394
vn 0.562527 0.826480 -0.022227
vn 0.570418 0.820913 -0.026926
vn 0.570418 0.820913 -0.026926
vn 0.578242 0.815252 -0.031621
vn 0.006198 0.999785 -0.019781
vn 0.006640 0.999750 -0.021327
vn 0.006640 0.999750 -0.021327
vn 0.007082 0.999713 -0.022873
vn 0.407195 0.913043 -0.023343
vn 0.209673 0.953878 0.214836
vn 0.209673 0.953878 0.214836
vn -0.008274 0.901793 0.432088
vn 0.026882 0.999469 -0.018390
vn 0.026395 0.999622 -0.007715
vn 0.026397 0.999597 -0.010402
vn 0.026151 0.999651 -0.003718
vn 0.026392 0.999639 -0.005028
vn 0.026394 0.999639 -0.005034
vn -0.043612 0.129792 0.990582
vn -0.035940 0.131746 0.990632
vn -0.035940 0.131746 0.990632
vn -0.028265 0.133692 0.990620
vn 0.860973 0.001544 0.508648
vn 0.869205 0.000517 0.494452
vn 0.869205 0.000517 0.494452
vn 0.877202 -0.000511 0.480122
vn 0.020475 0.066759 0.997559
vn 0.011657 0.044979 0.998920
vn 0.011657 0.044979 0.998920
vn 0.002832 0.023174 0.999727
vn 0.993010 -0.004408 -0.117951
vn 0.993309 -0.005843 -0.115338
vn 0.993309 -0.005843 -0.115338
vn 0.993600 -0.007278 -0.112724
vn 0.993191 0.115923 0.011522
vn 0.993356 0.109656 0.034917
vn 0.992812 0.119459 0.007288
vn 0.992346 0.123466 0.002275
vn 0.993055 0.101772 0.059032
vn 0.993925 0.087498 0.066761
vn 0.996305 0.084063 0.017603
vn 0.996382 0.080488 0.027304
vn 0.997217 0.074493 -0.003168
vn 0.997181 0.074903 -0.004446
vn 0.239330 0.970935 0.002520
vn 0.256973 0.966370 0.009662
vn 0.256973 0.966370 0.009662
vn 0.274518 0.961435 0.016800
vn 0.085246 0.375757 -0.922789
vn -0.044882 0.885317 -0.462816
vn -0.044882 0.885317 -0.462816
vn -0.153100 0.962701 0.223085
vn 0.211014 -0.053627 -0.976011
vn 0.211014 -0.053627 -0.976011
vn 0.211014 -0.053627 -0.976011
vn 0.996720 0.074514 0.031563
vn 0.995166 0.095200 0.024109
vn 0.995734 0.088373 0.026546
vn 0.994538 0.102122 0.021590
vn 0.994546 0.102021 0.021671
vn 0.994547 0.102009 0.021686
vn -0.003200 0.999952 -0.009282
vn -0.003200 0.999952 -0.009282
vn -0.003200 0.999952 -0.009282
vn 0.143061 0.009604 -0.989667
vn 0.143061 0.009604 -0.989667
vn 0.143061 0.009604 -0.989667
vn 0.993046 0.104806 0.053625
vn 0.983078 0.179932 0.034371
vn 0.985573 0.166145 0.032291
vn 0.977511 0.207341 0.038502
vn 0.975840 0.217089 0.024664
vn 0.339638 0.940539 0.005770
vn 0.213550 0.976903 0.007589
vn 0.213550 0.976903 0.007589
vn 0.083785 0.996441 0.009277
vn 0.127664 0.991760 0.010713
vn 0.081255 0.996679 0.005359
vn 0.091108 0.995823 0.006049
vn 0.057983 0.998314 0.002678
vn 0.061537 0.998097 0.003979
vn 0.994486 0.097667 0.038199
vn 0.992037 0.122338 0.029950
vn 0.994102 0.104929 0.027420
vn 0.991415 0.128659 0.023306
vn 0.990228 0.136889 0.026639
vn 0.993002 0.116673 0.018284
vn 0.185407 0.982654 0.003829
vn 0.181910 0.983307 0.003908
vn 0.181910 0.983307 0.003908
vn 0.178412 0.983948 0.003987
vn 0.999982 -0.005440 -0.002388
vn 0.998022 0.061830 0.011358
vn 0.994453 0.101340 0.028165
vn 0.993698 0.107838 -0.030587
vn 0.989031 0.140703 0.044938
vn 0.985869 0.150920 0.072705
vn 0.123909 0.992293 0.000946
vn 0.011902 0.999923 0.003532
vn 0.011902 0.999923 0.003532
vn -0.100255 0.994943 0.006074
vn -0.001359 0.999999 0.000161
vn -0.009275 0.999957 -0.000110
vn -0.009275 0.999957 -0.000110
vn -0.017191 0.999852 -0.000382
vn -0.999430 0.032667 -0.008468
vn -0.999496 0.031677 -0.002007
vn -0.999496 0.031677 -0.002007
vn -0.999519 0.030686 0.004454
vn 0.149718 0.988720 0.004088
vn 0.114870 0.993380 0.001100
vn 0.176631 0.984262 0.005418
vn 0.097291 0.995256 -0.000404
vn -0.009958 0.999922 -0.007548
vn -0.995787 0.074482 0.053485
vn -0.994600 0.076137 0.070520
vn -0.994600 0.076137 0.070520
vn -0.993121 0.077770 0.087534
vn -0.291420 0.956154 -0.029059
vn 0.017914 0.999733 -0.014597
vn -0.024775 0.999587 -0.014597
vn 0.172343 0.985013 -0.006813
vn 0.100076 0.994874 -0.014522
vn 0.006739 0.999967 -0.004661
vn -0.012219 0.999925 0.000326
vn 0.006479 0.999969 -0.004547
vn -0.068032 0.997573 0.014834
vn -0.030927 0.999508 0.005202
vn 0.006221 0.999971 -0.004435
vn 0.062226 0.779934 -0.622761
vn 0.060118 0.761254 -0.645661
vn 0.060118 0.761254 -0.645661
vn 0.057958 0.741907 -0.667994
vn 0.000000 0.077548 0.996989
vn 0.000000 0.077551 0.996988
vn 0.000000 0.077550 0.996989
vn 0.000001 0.077552 0.996988
vn 0.000001 0.077552 0.996988
vn 0.000000 0.077552 0.996988
vn -0.000788 0.136985 0.990573
vn -0.001145 0.136950 0.990577
vn -0.001145 0.136950 0.990577
vn -0.001502 0.136916 0.990582
vn -0.000785 0.929621 0.368515
vn 0.027000 0.927056 0.373950
vn 0.027000 0.927056 0.373950
vn 0.054764 0.923741 0.379082
vn -0.003654 0.998700 0.050848
vn -0.001457 0.999930 0.011726
vn -0.001457 0.999930 0.011726
vn 0.000743 0.999624 -0.027413
vn 0.000606 0.999637 -0.026934
vn 0.000964 0.999758 -0.021984
vn 0.000964 0.999758 -0.021984
vn 0.001322 0.999854 -0.017033
vn -0.996306 0.085822 0.002865
vn -0.996306 0.085822 0.002865
vn -0.996306 0.085822 0.002865
vn -0.999400 0.034585 -0.001897
vn -0.999683 0.022881 -0.010543
vn -0.999683 0.022881 -0.010543
vn -0.999753 0.011173 -0.019187
vn -0.999883 0.011985 -0.009553
vn -0.999883 0.011985 -0.009553
vn -0.999883 0.011985 -0.009553
vn -0.001272 0.024824 0.999691
vn -0.006175 0.020899 0.999763
vn -0.008618 0.024413 0.999665
vn -0.021994 0.027561 0.999378
vn -0.025010 0.029341 0.999257
vn -0.048712 0.044791 0.997808
vn -0.002788 0.029894 0.999549
vn 0.009559 0.047352 0.998833
vn 0.009559 0.047352 0.998833
vn 0.021901 0.064789 0.997659
vn 0.807992 0.019105 0.588883
vn 0.838645 0.015177 0.544467
vn 0.838645 0.015177 0.544467
vn 0.866842 0.011203 0.498457
vn -0.003339 -0.030279 0.999536
vn 0.027007 -0.019888 0.999437
vn -0.001040 -0.024713 0.999694
vn 0.001350 -0.019047 0.999818
vn 0.006488 -0.018797 0.999802
vn 0.067908 -0.015449 0.997572
vn 0.062735 -0.015754 0.997906
vn -0.016213 -0.050476 0.998594
vn -0.023947 -0.034320 0.999124
vn -0.023947 -0.034320 0.999124
vn -0.031672 -0.018153 0.999334
vn 0.988035 0.058588 0.142666
vn 0.996891 0.031292 0.072312
vn 0.996891 0.031292 0.072312
vn 0.999992 0.003816 0.001540
vn 0.000015 0.999454 -0.033033
vn 0.000153 0.999451 -0.033147
vn 0.000153 0.999451 -0.033147
vn 0.000291 0.999447 -0.033261
vn -0.603302 0.452873 -0.656455
vn -0.603302 0.452873 -0.656455
vn -0.603302 0.452873 -0.656455
vn -0.049432 0.059783 0.996987
vn -0.058878 0.059767 0.996474
vn -0.058878 0.059767 0.996474
vn -0.068319 0.059746 0.995873
vn -0.235052 0.971974 -0.004025
vn -0.131628 0.963840 -0.231705
vn -0.131628 0.963840 -0.231705
vn -0.019963 0.895368 -0.444880
vn -0.000062 0.999996 -0.002770
vn -0.001139 0.999999 -0.001000
vn -0.001139 0.999999 -0.001000
vn -0.002216 0.999997 0.000770
vn -0.000027 0.999519 -0.031022
vn 0.000138 0.999512 -0.031233
vn 0.000138 0.999512 -0.031233
vn 0.000303 0.999505 -0.031444
vn 0.999896 -0.013839 -0.003965
vn 0.999988 -0.004484 0.002047
vn 0.999974 0.007193 -0.000004
vn 0.999321 0.036269 -0.006433
vn 0.998878 0.045121 -0.014355
vn 0.998386 0.054814 -0.014840
vn 0.998740 0.049935 -0.005081
vn -0.142936 0.989628 0.014362
vn -0.100987 0.994865 0.006710
vn -0.100987 0.994865 0.006710
vn -0.058853 0.998266 -0.000955
vn 0.994820 0.101641 -0.001614
vn 0.994820 0.101641 -0.001614
vn 0.994820 0.101641 -0.001614
vn 0.981480 0.122819 -0.147015
vn 0.993468 0.105624 -0.043193
vn 0.993468 0.105624 -0.043193
vn 0.994311 0.087243 0.061114
vn 0.046973 0.998869 0.007322
vn 0.134433 0.990774 0.017180
vn 0.134433 0.990774 0.017180
vn 0.220843 0.974938 0.026903
vn 0.033018 0.997393 -0.064169
vn 0.066682 0.893992 0.443094
vn 0.066682 0.893992 0.443094
vn 0.082399 0.549982 0.831102
vn 0.653760 0.055441 -0.754668
vn 0.558914 0.048657 -0.827797
vn 0.558914 0.048657 -0.827797
vn 0.456026 0.041172 -0.889014
vn 0.168945 0.984638 -0.044101
vn 0.083621 0.996218 -0.023616
vn 0.083621 0.996218 -0.023616
vn -0.002358 0.999993 -0.002945
vn -0.018585 0.763642 -0.645372
vn -0.017100 0.754173 -0.656453
vn -0.017100 0.754173 -0.656453
vn -0.015611 0.744542 -0.667393
vn 0.957573 0.087091 0.274716
vn 0.981555 0.081876 0.172759
vn 0.981555 0.081876 0.172759
vn 0.994743 0.075761 0.068902
vn 0.029867 0.999554 0.000852
vn 0.074310 0.997177 -0.010780
vn 0.074310 0.997177 -0.010780
vn 0.118595 0.992690 -0.022388
vn 0.138806 0.990314 0.003218
vn 0.128628 0.991645 -0.009732
vn 0.128628 0.991645 -0.009732
vn 0.118415 0.992705 -0.022679
vn 0.993251 0.115621 0.009156
vn 0.993274 0.115521 0.007807
vn 0.993274 0.115521 0.007807
vn 0.993296 0.115421 0.006458
vn 0.234107 0.956420 0.174513
vn 0.237642 0.967264 0.089030
vn 0.237642 0.967264 0.089030
vn 0.239410 0.970914 0.002884
vn 0.977382 0.209900 0.025824
vn 0.994079 0.107858 0.013157
vn 0.994079 0.107858 0.013157
vn 0.999989 0.004646 0.000347
vn -0.042715 0.999073 -0.005421
vn -0.020222 0.999779 -0.005808
vn -0.018005 0.999829 -0.004124
vn -0.013573 0.999908 -0.000756
vn -0.005646 0.999978 -0.003474
vn -0.013161 0.999704 0.020479
vn -0.039181 0.999176 0.010559
vn -0.039181 0.999176 0.010559
vn -0.065170 0.997874 0.000631
vn 0.939776 0.030420 -0.340435
vn 0.990803 0.035262 -0.130641
vn 0.990803 0.035262 -0.130641
vn 0.995618 0.038458 0.085246
vn 0.290490 0.956877 0.001208
vn 0.217545 0.975558 -0.030994
vn 0.217545 0.975558 -0.030994
vn 0.143141 0.987696 -0.062988
vn 0.995629 0.038455 0.085112
vn 0.995376 0.031281 0.090820
vn 0.995376 0.031281 0.090820
vn 0.995039 0.024104 0.096519
vn 0.243504 0.969798 0.014048
vn 0.130375 0.991463 0.001975
vn 0.130375 0.991463 0.001975
vn 0.015498 0.999829 -0.010125
vn -0.033391 0.999285 0.017743
vn -0.033391 0.999285 0.017743
vn -0.033391 0.999285 0.017743
vn -0.031409 0.999507 0.000021
vn -0.019651 0.999803 0.002690
vn -0.019651 0.999803 0.002690
vn -0.007890 0.999955 0.005358
vn -0.999259 0.038473 0.000675
vn -0.999236 0.039086 0.000337
vn -0.999215 0.039605 0.000370
vn -0.999508 0.030949 -0.005053
vn -0.999618 0.026571 -0.007579
vn -0.999800 0.012493 -0.015591
vn 0.000000 1.000000 0.000000
vn 0.000000 1.000000 0.000000
vn 0.000000 1.000000 0.000000
vn 0.000000 1.000000 0.000000
vn -0.038587 0.030845 0.998779
vn -0.169248 0.058622 0.983829
vn -0.169248 0.058622 0.983829
vn -0.296851 0.085339 0.951103
vn -0.018666 0.521698 0.852926
vn -0.185870 0.844133 0.502883
vn -0.185870 0.844133 0.502883
vn -0.305780 0.951777 0.024880
vn -0.999336 -0.001994 0.036373
vn -0.998930 -0.045545 0.007981
vn -0.998930 -0.045545 0.007981
vn -0.995825 -0.088973 -0.020432
vn -0.458909 -0.049457 0.887106
vn -0.452827 -0.050234 0.890182
vn -0.452827 -0.050234 0.890182
vn -0.446724 -0.051009 0.893216
vn -0.037775 0.998525 -0.038997
vn -0.019631 0.999601 -0.020331
vn -0.019631 0.999601 -0.020331
vn -0.001473 0.999998 -0.001650
vn -0.007541 0.999970 -0.001647
vn 0.004632 0.999987 0.001903
vn 0.004632 0.999987 0.001903
vn 0.016804 0.999844 0.005452
vn -0.999558 0.029638 0.002440
vn -0.999269 0.038178 -0.002226
vn -0.999547 0.030007 0.002218
vn -0.998452 0.054509 -0.011114
vn -0.999088 0.042447 -0.004559
vn -0.999186 0.028328 0.028721
vn -0.999906 0.012910 0.004561
vn -0.999906 0.012910 0.004561
vn -0.999805 -0.002519 -0.019603
vn -0.000000 0.999985 0.005537
vn 0.006211 0.999981 0.000608
vn 0.005217 0.999984 0.002003
vn -0.027158 0.999610 -0.006484
vn -0.002842 0.999990 -0.003399
vn -0.009480 0.999946 -0.004334
vn -0.999726 -0.003628 -0.023120
vn -0.999998 0.001511 -0.001588
vn -0.999998 0.001511 -0.001588
vn -0.999779 0.006649 0.019946
vn 0.021427 0.999706 -0.011321
vn 0.007995 0.999931 -0.008648
vn 0.007995 0.999931 -0.008648
vn -0.005439 0.999967 -0.005974
vn 0.000463 0.999985 -0.005514
vn -0.001949 0.999994 -0.002756
vn -0.001949 0.999994 -0.002756
vn -0.004360 0.999991 0.000002
vn 0.007130 0.314530 0.949221
vn -0.148661 0.959208 0.240457
vn -0.148661 0.959208 0.240457
vn -0.164380 0.700095 -0.694871
vn -0.788175 0.030380 0.614701
vn -0.504316 -0.000135 0.863519
vn -0.504316 -0.000135 0.863519
vn -0.148129 -0.030632 0.988494
vn 0.079045 0.994660 -0.066365
vn 0.114827 0.992889 -0.031395
vn 0.114827 0.992889 -0.031395
vn 0.150321 0.988630 0.003653
vn 0.008042 0.999927 0.009037
vn 0.007876 0.999965 0.002973
vn 0.007876 0.999965 0.002973
vn 0.007711 0.999965 -0.003090
vn -0.999930 0.011002 0.004462
vn -0.999940 0.010917 0.001080
vn -0.999940 0.010917 0.001080
vn -0.999939 0.010833 -0.002301
vn -0.400427 0.916329 -0.000223
vn -0.262023 0.964620 0.029203
vn -0.382865 0.923798 0.003405
vn -0.189352 0.980926 0.043926
vn -0.006961 0.996827 0.079294
vn 0.013161 0.999904 -0.004283
vn 0.013161 0.999904 -0.004283
vn 0.013161 0.999904 -0.004283
vn 0.011274 0.999936 0.001334
vn -0.019819 0.999790 -0.005182
vn -0.019819 0.999790 -0.005182
vn -0.050892 0.998636 -0.011693
vn -0.999321 0.011344 0.035051
vn -0.999555 -0.018948 0.023019
vn -0.999555 -0.018948 0.023019
vn -0.998728 -0.049221 0.010963
vn -0.526192 0.849476 -0.038904
vn -0.510155 0.859505 -0.031524
vn -0.510155 0.859505 -0.031524
vn -0.493908 0.869179 -0.024131
vn 0.066593 0.064210 0.995712
vn -0.251093 0.048535 0.966745
vn -0.251093 0.048535 0.966745
vn -0.543165 0.027910 0.839162
vn -0.011291 0.998440 -0.054688
vn -0.013336 0.998477 -0.053527
vn -0.013336 0.998477 -0.053527
vn -0.015381 0.998510 -0.052366
vn 0.532437 0.825363 -0.187846
vn 0.353641 0.794617 0.493479
vn 0.353641 0.794617 0.493479
vn -0.000957 0.368852 0.929488
vn 0.997713 -0.042559 0.052505
vn 0.994877 -0.029661 0.096646
vn 0.994877 -0.029661 0.096646
vn 0.989928 -0.016700 0.140583
vn -0.741355 0.667020 -0.074006
vn -0.483620 0.674887 0.557351
vn -0.483620 0.674887 0.557351
vn -0.000953 0.368864 0.929483
vn 0.030832 0.165539 0.985721
vn -0.586978 0.154368 0.794750
vn -0.586978 0.154368 0.794750
vn -0.959264 0.078628 0.271347
vn -0.999685 -0.023096 0.009873
vn -0.999985 -0.002770 -0.004670
vn -0.999985 -0.002770 -0.004670
vn -0.999661 0.017558 -0.019209
vn -0.999658 0.017534 -0.019381
vn -0.999624 0.017113 -0.021449
vn -0.999624 0.017113 -0.021449
vn -0.999584 0.016691 -0.023516
vn -0.057105 -0.006503 0.998347
vn -0.301190 0.651630 0.696178
vn -0.301190 0.651630 0.696178
vn -0.369373 0.929196 -0.012574
vn -0.988363 0.152114 0.000000
vn -0.705080 0.130756 0.696969
vn -0.705080 0.130756 0.696969
vn -0.022390 0.035329 0.999125
vn 0.000000 1.000000 0.000000
vn 0.000000 1.000000 0.000000
vn 0.000000 1.000000 0.000000
vn 0.000000 1.000000 0.000000
vn 0.000000 1.000000 -0.000000
vn 0.000000 1.000000 -0.000000
vn 0.000000 1.000000 -0.000000
vn 0.000000 1.000000 0.000000
vn -0.789467 0.042566 -0.612316
vn -0.789467 0.042566 -0.612316
vn -0.789467 0.042566 -0.612316
vn -0.032683 -0.937672 0.345982
vn -0.032260 -0.939202 0.341847
vn -0.032260 -0.939202 0.341847
vn -0.031837 -0.940713 0.337705
vn -0.837068 -0.547099 -0.000368
vn -0.837068 -0.547099 -0.000368
vn -0.837068 -0.547099 -0.000368
vn 0.001330 0.999888 -0.014933
vn -0.000004 0.999999 0.001084
vn 0.000317 0.999996 -0.002900
vn -0.000648 0.999959 0.009050
vn -0.000671 0.999959 0.009092
vn 0.004473 -0.001192 0.999989
vn 0.002719 0.002889 0.999992
vn 0.002719 0.002889 0.999992
vn 0.000965 0.006971 0.999975
vn -0.008119 0.999923 -0.009409
vn -0.007930 0.999943 -0.007096
vn -0.007930 0.999943 -0.007096
vn -0.007741 0.999959 -0.004784
vn 0.028656 0.999552 -0.008687
vn 0.034330 0.999387 -0.006853
vn 0.034330 0.999387 -0.006853
vn 0.040001 0.999187 -0.005019
vn -0.613389 0.032460 0.789113
vn -0.734895 0.019049 0.677913
vn -0.734895 0.019049 0.677913
vn -0.836332 0.005117 0.548200
vn -0.057786 0.976379 0.208193
vn -0.159821 0.967736 0.194794
vn -0.159821 0.967736 0.194794
vn -0.260152 0.948771 0.179318
vn -0.019631 0.051085 0.998501
vn -0.027815 0.063403 0.997600
vn -0.020382 0.050924 0.998495
vn -0.036194 0.075478 0.996490
vn -0.044763 0.087301 0.995176
vn -0.043713 0.087811 0.995178
vn 0.123741 0.907791 0.400753
vn -0.207851 0.957410 0.200407
vn -0.207851 0.957410 0.200407
vn -0.507735 0.860973 -0.030511
vn -0.998230 -0.004720 0.059290
vn -0.960603 0.020229 0.277187
vn -0.960603 0.020229 0.277187
vn -0.875410 0.044177 0.481358
vn 0.000692 0.014457 0.999895
vn 0.010820 0.012253 0.999866
vn 0.010820 0.012253 0.999866
vn 0.020946 0.010047 0.999730
vn 0.079609 0.011798 0.996756
vn 0.050283 0.010325 0.998682
vn 0.050283 0.010325 0.998682
vn 0.020914 0.008842 0.999742
vn -0.016922 0.011806 0.999787
vn 0.001613 0.012941 0.999915
vn 0.001613 0.012941 0.999915
vn 0.020148 0.014072 0.999698
vn -0.005472 0.997150 0.075248
vn -0.003225 0.998853 0.047773
vn -0.003225 0.998853 0.047773
vn -0.000974 0.999794 0.020263
vn -0.018680 0.057404 0.998176
vn -0.023057 0.066817 0.997499
vn -0.023057 0.066817 0.997499
vn -0.027432 0.076224 0.996713
vn -0.034757 0.942474 0.332467
vn 0.018052 0.976114 0.216507
vn 0.018052 0.976114 0.216507
vn 0.070548 0.992802 0.096786
vn -0.012969 -0.918807 0.394494
vn -0.012969 -0.918807 0.394494
vn -0.012969 -0.918807 0.394494
vn 0.804740 -0.571297 0.161283
vn 0.804740 -0.571297 0.161283
vn 0.804740 -0.571297 0.161283
vn 0.006573 0.153979 0.988052
vn 0.002260 -0.540077 0.841613
vn 0.002260 -0.540077 0.841613
vn -0.003190 -0.962379 0.271693
vn 0.107838 0.993567 -0.034585
vn 0.066885 0.996661 -0.046823
vn 0.066885 0.996661 -0.046823
vn 0.025809 0.997926 -0.058975
vn -0.095645 -0.953748 0.284985
vn -0.095645 -0.953748 0.284985
vn -0.095645 -0.953748 0.284985
vn -0.739207 0.087722 0.667741
vn -0.414923 0.114757 0.902590
vn -0.414923 0.114757 0.902590
vn -0.023819 0.123312 0.992082
vn -0.265191 0.044117 0.963186
vn -0.265191 0.044117 0.963186
vn -0.265191 0.044117 0.963186
vn -0.002135 -0.985137 0.171756
vn -0.106781 -0.964082 0.243193
vn -0.106781 -0.964082 0.243193
vn -0.209666 -0.927123 0.310618
vn -0.041075 0.059993 0.997353
vn 0.309751 0.069979 0.948239
vn 0.309751 0.069979 0.948239
vn 0.621674 0.071176 0.780035
vn 0.460970 0.846283 0.267042
vn 0.460970 0.846283 0.267042
vn 0.460970 0.846283 0.267042
vn 0.154839 0.987918 -0.006509
vn 0.154839 0.987918 -0.006509
vn 0.154839 0.987918 -0.006509
vn -0.383493 -0.913375 -0.136670
vn -0.639738 -0.765215 -0.071979
vn -0.639738 -0.765215 -0.071979
vn -0.837256 -0.546810 -0.000681
vn -0.089022 -0.435441 0.895805
vn -0.594917 -0.558499 0.578059
vn -0.594917 -0.558499 0.578059
vn -0.879482 -0.473775 0.045256
vn -0.417035 0.883243 0.214391
vn -0.243011 0.673134 0.698453
vn -0.243011 0.673134 0.698453
vn 0.006041 0.255197 0.966870
vn -0.130266 0.990094 0.052388
vn -0.065358 0.959576 0.273755
vn -0.065358 0.959576 0.273755
vn 0.003089 0.877100 0.480299
vn 0.045462 -0.516126 0.855306
vn 0.045462 -0.516126 0.855306
vn 0.045462 -0.516126 0.855306
vn 0.024879 0.280458 0.959544
vn 0.015353 0.267841 0.963341
vn 0.015353 0.267841 0.963341
vn 0.005823 0.255154 0.966883
vn -0.055112 -0.593817 0.802710
vn -0.033932 -0.639224 0.768272
vn -0.033932 -0.639224 0.768272
vn -0.012626 -0.682268 0.730993
vn -0.111263 -0.310766 0.943952
vn -0.039968 -0.020421 0.998992
vn -0.039968 -0.020421 0.998992
vn 0.035020 0.271812 0.961713
vn 0.960509 -0.215663 0.175820
vn 0.960509 -0.215663 0.175820
vn 0.960509 -0.215663 0.175820
vn -0.773538 -0.530874 0.346138
vn -0.411753 -0.849435 0.330029
vn -0.411753 -0.849435 0.330029
vn 0.045817 -0.970393 0.237145
vn -0.014283 0.997636 0.067221
vn -0.053219 0.075425 0.995730
vn -0.053219 0.075425 0.995730
vn -0.000931 -0.976073 0.217439
vn -0.000997 0.990199 -0.139659
vn -0.140350 0.986318 -0.086477
vn -0.140350 0.986318 -0.086477
vn -0.276579 0.960479 -0.031369
vn 0.063762 0.153662 0.986064
vn 0.050840 0.782062 0.621124
vn 0.034708 0.939808 0.339936
vn 0.007662 0.994353 -0.105849
vn 0.004251 0.990191 -0.139658
vn -0.668483 0.743079 -0.031041
vn -0.388529 0.921385 -0.009746
vn -0.464894 0.885234 -0.015343
vn -0.232548 0.972584 0.001302
vn -0.232570 0.972579 0.001300
vn -0.999869 -0.003330 0.015872
vn -0.999869 -0.003330 0.015872
vn -0.999869 -0.003330 0.015872
vn -0.028347 0.999055 -0.032940
vn -0.028347 0.999055 -0.032940
vn -0.028347 0.999055 -0.032940
vn 0.017123 0.999763 -0.013480
vn 0.020623 0.999759 -0.007571
vn 0.020623 0.999759 -0.007571
vn 0.024123 0.999708 -0.001662
vn -0.999040 0.043812 0.000000
vn -0.999040 0.043812 0.000000
vn -0.999040 0.043812 0.000000
vn 0.000000 -0.704802 0.709404
vn 0.001207 -0.657262 0.753661
vn 0.001207 -0.657262 0.753661
vn 0.002408 -0.606948 0.794738
vn 0.000000 -0.785239 0.619193
vn 0.001368 -0.746744 0.665110
vn 0.001368 -0.746744 0.665110
vn 0.002730 -0.705567 0.708638
vn 0.000000 -0.786013 0.618211
vn 0.000042 -0.785626 0.618702
vn 0.000042 -0.785626 0.618702
vn 0.000084 -0.785238 0.619194
vn 0.000000 -0.791202 0.611555
vn 0.000042 -0.790083 0.613000
vn 0.000042 -0.790083 0.613000
vn 0.000083 -0.788961 0.614443
vn 0.000000 -0.788951 0.614456
vn 0.000042 -0.787488 0.616331
vn 0.000042 -0.787488 0.616331
vn 0.000085 -0.786020 0.618201
vn 0.000000 -0.782248 0.622968
vn -0.000519 -0.786747 0.617276
vn -0.000519 -0.786747 0.617276
vn -0.001038 -0.791204 0.611552
vn 0.000000 -0.711704 0.702480
vn -0.000494 -0.728383 0.685170
vn -0.000494 -0.728383 0.685170
vn -0.000987 -0.744641 0.667465
vn 0.000000 -0.744959 0.667110
vn -0.000514 -0.763833 0.645414
vn -0.000514 -0.763833 0.645414
vn -0.001028 -0.782074 0.623185
vn 0.914506 0.331107 0.232479
vn 0.914506 0.331107 0.232479
vn 0.914506 0.331107 0.232479
vn 0.283339 -0.865466 0.413144
vn 0.283339 -0.865466 0.413144
vn 0.283339 -0.865466 0.413144
vn 0.000000 -0.642439 0.766337
vn -0.051016 -0.729930 0.681615
vn -0.051016 -0.729930 0.681615
vn -0.101142 -0.804695 0.585010
vn 0.000683 -0.663351 0.748308
vn 0.000342 -0.652955 0.757396
vn 0.000342 -0.652955 0.757396
vn 0.000000 -0.642435 0.766340
vn 0.758408 0.628813 -0.171496
vn 0.602107 0.798066 -0.023625
vn 0.602107 0.798066 -0.023625
vn 0.400681 0.907510 0.126017
vn -0.002915 -0.867209 0.497936
vn -0.043613 -0.295826 0.954246
vn -0.058659 -0.481677 0.874384
vn -0.055512 0.047554 0.997325
vn -0.013738 0.049819 0.998664
vn -0.533551 0.845714 -0.009575
vn -0.533551 0.845714 -0.009575
vn -0.533551 0.845714 -0.009575
vn 0.011435 0.944091 0.329487
vn 0.006322 0.927829 0.372953
vn 0.006322 0.927829 0.372953
vn 0.001194 0.909544 0.415607
vn 0.018889 0.990326 0.137468
vn -0.040319 0.984169 0.172589
vn -0.040319 0.984169 0.172589
vn -0.099334 0.973310 0.206885
vn 0.004181 0.990576 0.136903
vn 0.247690 0.965226 0.083601
vn 0.247690 0.965226 0.083601
vn 0.475650 0.879278 0.025050
vn -0.009872 0.999719 0.021537
vn 0.144298 0.989243 -0.024021
vn 0.144298 0.989243 -0.024021
vn 0.294722 0.953092 -0.068955
vn -0.000952 0.999411 -0.034303
vn -0.014286 0.999781 0.015273
vn -0.014286 0.999781 0.015273
vn -0.027582 0.997516 0.064809
vn -0.021265 -0.916209 0.400136
vn -0.021615 -0.917373 0.397441
vn -0.021615 -0.917373 0.397441
vn -0.021965 -0.918529 0.394743
vn -0.046622 0.042765 0.997997
vn -0.046622 0.042765 0.997997
vn -0.046622 0.042765 0.997997
vn -0.931216 0.361770 0.044277
vn -0.919458 0.388945 0.057603
vn -0.919458 0.388945 0.057603
vn -0.906732 0.415711 0.070869
vn -0.847206 0.035101 0.530103
vn -0.828656 0.037290 0.558514
vn -0.828656 0.037290 0.558514
vn -0.809148 0.039436 0.586280
vn 0.249606 -0.805072 0.538104
vn -0.025549 -0.877091 0.479645
vn -0.025549 -0.877091 0.479645
vn -0.298550 -0.875158 0.380745
vn -0.999666 0.016454 0.019946
vn -0.999028 0.044062 -0.000971
vn -0.999028 0.044062 -0.000971
vn -0.997192 0.071618 -0.021887
vn 0.031382 0.999488 0.006234
vn 0.052355 0.998628 0.000655
vn 0.059351 0.998236 -0.001211
vn 0.073316 0.997297 -0.004933
vn 0.073331 0.997295 -0.004943
vn 0.167454 0.985839 -0.009035
vn 0.167344 0.985811 -0.013125
vn 0.167344 0.985811 -0.013125
vn 0.167231 0.985767 -0.017215
vn -0.996298 0.064246 -0.057119
vn -0.993237 0.059581 -0.099653
vn -0.997131 0.067988 -0.033292
vn -0.991005 0.057192 -0.120986
vn -0.972050 0.041968 -0.230991
vn -0.164393 0.700164 -0.694799
vn -0.103631 0.447219 -0.888401
vn -0.103631 0.447219 -0.888401
vn -0.031971 0.147247 -0.988583
vn -0.643105 0.035815 -0.764940
vn -0.543998 0.028049 -0.838618
vn -0.543998 0.028049 -0.838618
vn -0.436561 0.019853 -0.899455
vn 0.615322 0.296351 0.730449
vn 0.468202 0.756456 0.456685
vn 0.468202 0.756456 0.456685
vn 0.176742 0.983355 0.042131
vn -0.998368 0.056967 -0.003919
vn -0.997751 0.059609 -0.030657
vn -0.997751 0.059609 -0.030657
vn -0.996413 0.062208 -0.057372
vn 0.179755 0.983662 -0.009848
vn 0.138254 0.990397 0.000454
vn 0.138254 0.990397 0.000454
vn 0.096493 0.995276 0.010755
vn -0.444217 -0.048733 -0.894593
vn -0.260296 -0.045209 -0.964470
vn -0.260296 -0.045209 -0.964470
vn -0.066295 -0.039933 -0.997001
vn -0.481051 -0.876638 -0.009758
vn -0.900850 -0.434111 0.004074
vn -0.900850 -0.434111 0.004074
vn -0.985305 0.170016 0.016389
vn -0.999399 0.029751 -0.017822
vn -0.999504 0.031484 0.000519
vn -0.999504 0.031484 0.000519
vn -0.999271 0.033207 0.018860
vn -0.998915 0.043962 0.015380
vn -0.999071 0.040979 0.013376
vn -0.999071 0.040979 0.013376
vn -0.999213 0.037996 0.011372
vn -0.476346 -0.879227 -0.007441
vn -0.486200 -0.873841 0.003281
vn -0.486200 -0.873841 0.003281
vn -0.495938 -0.868245 0.014003
vn -0.998915 0.044181 0.014753
vn -0.998915 0.044181 0.014753
vn -0.998915 0.044181 0.014753
vn -0.873456 -0.472087 0.119198
vn -0.712228 -0.698697 0.067486
vn -0.712228 -0.698697 0.067486
vn -0.494007 -0.869396 0.010374
vn -0.997424 0.066281 -0.027424
vn -0.997424 0.066281 -0.027424
vn -0.997424 0.066281 -0.027424
vn -0.032810 0.999290 0.018535
vn -0.016248 0.999212 0.036218
vn -0.010724 0.999056 0.042108
vn 0.000324 0.998547 0.053878
vn 0.000323 0.998548 0.053878
vn -0.085573 0.059331 0.994564
vn -0.070391 0.052185 0.996154
vn -0.056043 0.047895 0.997279
vn -0.054176 0.044889 0.997522
vn -0.041684 0.043594 0.998179
vn -0.030199 0.042428 0.998643
vn 0.055071 0.997635 -0.041125
vn 0.038997 0.999239 0.000278
vn 0.038997 0.999239 0.000278
vn 0.022847 0.998870 0.041679
vn -0.024992 -0.041985 0.998806
vn -0.002898 0.032375 0.999472
vn -0.004246 0.013859 0.999895
vn -0.000203 0.069310 0.997595
vn 0.008156 0.069483 0.997550
vn -0.908779 0.414909 0.044392
vn -0.893248 0.445076 0.063362
vn -0.893248 0.445076 0.063362
vn -0.876367 0.474572 0.082237
vn -0.866826 0.075549 0.492854
vn -0.881750 0.071287 0.466299
vn -0.881750 0.071287 0.466299
vn -0.895840 0.066959 0.439303
vn 0.001375 0.990936 0.134326
vn 0.000584 0.988740 0.149641
vn 0.000782 0.989312 0.145815
vn 0.000188 0.987553 0.157287
vn 0.000189 0.987553 0.157285
vn 0.002972 0.137916 0.990440
vn -0.000405 0.128614 0.991695
vn -0.000405 0.128614 0.991695
vn -0.003782 0.119299 0.992851
vn 0.335935 -0.941786 0.013641
vn 0.170881 -0.984480 0.040000
vn 0.170881 -0.984480 0.040000
vn 0.000741 -0.997874 0.065168
vn 0.989980 0.138601 0.027014
vn 0.993178 0.115979 0.012117
vn 0.993178 0.115979 0.012117
vn 0.995637 0.093271 -0.002789
vn 0.994096 0.002956 -0.108468
vn 0.996340 0.008938 0.085015
vn 0.996340 0.008938 0.085015
vn 0.961245 0.014584 0.275311
vn -0.000324 0.999602 -0.028198
vn -0.992953 0.065228 -0.098939
vn -0.992953 0.065228 -0.098939
vn -0.135340 -0.990690 0.014680
vn 0.006513 -0.996489 0.083473
vn -0.019077 -0.996644 0.079608
vn -0.019077 -0.996644 0.079608
vn -0.044655 -0.996131 0.075691
vn -0.026697 0.165569 0.985837
vn -0.013354 0.167656 0.985755
vn -0.013354 0.167656 0.985755
vn -0.000008 0.169713 0.985494
vn 0.073160 -0.993022 0.092492
vn -0.194796 -0.979383 0.053507
vn -0.194796 -0.979383 0.053507
vn -0.448434 -0.893754 0.010589
vn -0.990957 0.057643 -0.121166
vn -0.996842 0.031470 -0.072909
vn -0.996842 0.031470 -0.072909
vn -0.999688 0.005200 -0.024431
vn 0.207834 0.972702 0.103232
vn 0.063903 0.982015 0.177658
vn 0.010956 0.981447 0.191419
vn -0.093638 0.971694 0.216894
vn -0.087687 0.968712 0.232182
vn -0.945372 0.325173 -0.023103
vn -0.945372 0.325173 -0.023103
vn -0.945372 0.325173 -0.023103
vn -0.662060 -0.657704 0.359307
vn -0.662060 -0.657704 0.359307
vn -0.662060 -0.657704 0.359307
vn -0.000502 -0.674535 0.738243
vn -0.000502 -0.674535 0.738243
vn -0.000502 -0.674535 0.738243
vn 0.913960 0.401479 0.059090
vn 0.855002 0.513308 0.074073
vn 0.855002 0.513308 0.074073
vn 0.782187 0.616818 0.087855
vn 0.729761 0.568597 0.379666
vn 0.729761 0.568597 0.379666
vn 0.729761 0.568597 0.379666
vn 0.000000 0.985241 0.171173
vn 0.000705 0.985375 0.170397
vn 0.000705 0.985375 0.170397
vn 0.001410 0.985508 0.169621
vn -0.000894 -0.675667 0.737207
vn -0.000447 -0.693754 0.720212
vn -0.000447 -0.693754 0.720212
vn 0.000000 -0.711414 0.702773
vn 0.620764 0.061415 0.781588
vn 0.810796 0.030385 0.584540
vn 0.810796 0.030385 0.584540
vn 0.939286 -0.002951 0.343123
vn -0.017229 0.991653 0.127778
vn -0.010922 0.988418 0.151365
vn -0.010922 0.988418 0.151365
vn -0.004608 0.984582 0.174861
vn 0.000761 0.803763 0.594949
vn 0.000761 0.803763 0.594949
vn 0.000761 0.803763 0.594949
vn -0.980160 0.024535 0.196686
vn -0.979435 0.024704 0.200243
vn -0.979435 0.024704 0.200243
vn -0.978697 0.024873 0.203797
vn -0.963473 -0.185367 0.193287
vn -0.963473 -0.185367 0.193287
vn -0.963473 -0.185367 0.193287
vn -0.621081 0.773003 0.129328
vn -0.685313 0.718651 0.117843
vn -0.685313 0.718651 0.117843
vn -0.744603 0.659117 0.105508
vn 0.706888 0.706769 0.028059
vn 0.706904 0.706753 0.028053
vn 0.706904 0.706753 0.028053
vn 0.706919 0.706738 0.028046
vn -0.022409 -0.917343 0.397467
vn -0.016236 -0.482494 0.875749
vn -0.016236 -0.482494 0.875749
vn -0.003278 0.153981 0.988068
vn -0.596471 -0.751270 0.282518
vn -0.575793 -0.757161 0.308496
vn -0.575793 -0.757161 0.308496
vn -0.554461 -0.762191 0.334123
vn 0.499078 -0.786949 0.362812
vn 0.533032 -0.782182 0.322597
vn 0.533032 -0.782182 0.322597
vn 0.565497 -0.775231 0.281480
vn 0.010646 -0.728209 0.685272
vn 0.011406 -0.727271 0.686255
vn 0.011406 -0.727271 0.686255
vn 0.012166 -0.726332 0.687237
vn -0.003958 0.153972 0.988067
vn 0.002624 0.760816 0.648963
vn 0.002297 0.898655 0.438651
vn 0.003617 0.999231 0.039041
vn 0.003306 0.998892 0.046952
vn 0.002502 0.998895 0.046935
vn -0.000088 0.997820 0.065990
vn -0.123908 0.989793 0.070399
vn -0.127447 0.989551 0.067425
vn -0.127447 0.989551 0.067425
vn -0.130984 0.989287 0.064450
vn 0.134397 0.988718 0.066140
vn 0.129946 0.989064 0.069754
vn 0.129946 0.989064 0.069754
vn 0.125492 0.989378 0.073366
vn -0.007590 0.999125 0.041129
vn 0.404022 0.897192 0.178361
vn 0.404022 0.897192 0.178361
vn 0.735377 0.617034 0.280162
vn -0.031709 0.957395 0.287036
vn -0.016838 0.957174 0.289023
vn -0.016838 0.957174 0.289023
vn -0.001962 0.956738 0.290944
vn -0.005055 0.999259 -0.038170
vn -0.003750 0.999288 -0.037539
vn -0.003750 0.999288 -0.037539
vn -0.002446 0.999316 -0.036907
vn -0.910822 0.025707 0.411999
vn -0.409726 -0.812688 0.414321
vn -0.409726 -0.812688 0.414321
vn 0.482251 -0.875772 0.021378
vn -0.008746 -0.008367 0.999927
vn -0.689153 0.011135 0.724531
vn -0.689153 0.011135 0.724531
vn -0.997984 0.024633 0.058484
vn -0.005866 0.124024 0.992262
vn -0.001447 0.129013 0.991642
vn -0.001447 0.129013 0.991642
vn 0.002972 0.133996 0.990977
vn 0.011180 -0.726118 0.687479
vn 0.000238 -0.826693 0.562653
vn 0.000238 -0.826693 0.562653
vn -0.010710 -0.905926 0.423301
vn 0.013483 0.933432 0.358500
vn 0.017926 0.976557 0.214512
vn 0.017926 0.976557 0.214512
vn 0.021964 0.997599 0.065673
vn -0.000000 0.966306 0.257397
vn 0.007210 0.974875 0.222637
vn 0.007210 0.974875 0.222637
vn 0.014411 0.982144 0.187579
vn -0.000014 0.077463 0.996995
vn -0.000007 0.077481 0.996994
vn -0.000007 0.077473 0.996994
vn 0.000000 0.077484 0.996994
vn -0.016851 0.061950 0.997937
vn -0.025278 0.054167 0.998212
vn -0.050513 0.030777 0.998249
vn 0.000000 -0.642094 0.766626
vn -0.000447 -0.659045 0.752104
vn -0.000447 -0.659045 0.752104
vn -0.000894 -0.675667 0.737207
vn 0.011179 -0.726142 0.687454
vn 0.011179 -0.726142 0.687454
vn 0.011179 -0.726142 0.687454
vn 0.005642 -0.727440 0.686148
vn 0.008187 -0.726747 0.686856
vn 0.008187 -0.726747 0.686856
vn 0.010732 -0.726050 0.687559
vn -0.932370 0.286201 0.220850
vn -0.592386 0.805654 0.000280
vn -0.592386 0.805654 0.000280
vn 0.004737 0.975395 -0.220412
vn 0.000481 0.066988 0.997754
vn 0.000540 0.066990 0.997754
vn 0.000540 0.066990 0.997754
vn 0.000598 0.066993 0.997753
vn -0.000495 0.990188 0.139743
vn -0.000495 0.990188 0.139743
vn -0.000495 0.990188 0.139743
vn -0.025270 0.988446 0.149450
vn -0.016467 0.978489 0.205643
vn -0.008046 0.986313 0.164686
vn -0.012529 0.969198 0.245965
vn -0.015020 0.971088 0.238249
vn -0.038467 0.920698 0.388376
vn -0.044276 0.186753 0.981409
vn -0.020965 0.162082 0.986555
vn -0.020965 0.162082 0.986555
vn 0.002370 0.137220 0.990538
vn 0.001802 -0.726829 0.686816
vn -0.003801 -0.955899 0.293671
vn -0.003801 -0.955899 0.293671
vn -0.008617 -0.987033 -0.160284
vn -0.051895 0.013547 0.998561
vn -0.065113 -0.380888 0.922326
vn -0.065113 -0.380888 0.922326
vn -0.067811 -0.713785 0.697075
vn -0.002320 0.999203 0.039842
vn -0.003679 0.999992 0.001475
vn -0.003679 0.999992 0.001475
vn -0.005033 0.999306 -0.036895
vn -0.031561 0.983191 0.179831
vn -0.016790 0.975144 0.220934
vn -0.016790 0.975144 0.220934
vn -0.001986 0.965174 0.261601
vn -0.614760 -0.781444 -0.106843
vn 0.220335 -0.895149 0.387507
vn 0.220335 -0.895149 0.387507
vn 0.845078 -0.154260 0.511906
vn 0.006544 0.012437 0.999901
vn 0.617251 0.272818 0.737952
vn 0.617251 0.272818 0.737952
vn 0.913543 0.394231 0.100106
vn 0.003231 0.999252 -0.038527
vn -0.006579 0.999156 -0.040544
vn -0.006579 0.999156 -0.040544
vn -0.016389 0.998960 -0.042558
vn 0.002508 0.956773 0.290824
vn 0.001254 0.956735 0.290957
vn 0.001254 0.956735 0.290957
vn 0.000000 0.956696 0.291090
vn -0.004205 0.078238 0.996926
vn -0.001063 0.069771 0.997563
vn -0.001210 0.070259 0.997528
vn 0.000426 0.065520 0.997851
vn 0.000334 0.066018 0.997818
vn -0.000016 0.066986 0.997754
vn -0.003915 0.999851 -0.016815
vn -0.004207 0.999900 -0.013487
vn -0.004207 0.999900 -0.013487
vn -0.004498 0.999938 -0.010158
vn 0.977017 0.022794 0.211939
vn 0.601899 -0.003944 0.798563
vn 0.601899 -0.003944 0.798563
vn -0.065475 -0.028767 0.997439
vn 0.159752 0.985290 -0.060685
vn 0.159752 0.985290 -0.060685
vn 0.159752 0.985290 -0.060685
vn -0.022682 0.999507 0.021713
vn -0.022682 0.999507 0.021713
vn -0.022682 0.999507 0.021713
vn 0.985031 0.011115 0.172019
vn 0.088861 0.003035 0.996040
vn 0.088861 0.003035 0.996040
vn -0.939019 -0.009544 0.343734
vn 0.000217 0.993724 -0.111859
vn 0.000217 0.993724 -0.111859
vn 0.000217 0.993724 -0.111859
vn 0.000219 0.993724 -0.111856
vn 0.000219 0.993724 -0.111856
vn 0.000219 0.993724 -0.111856
vn -0.993154 0.114972 -0.020640
vn -0.992094 0.125044 -0.010702
vn -0.992094 0.125044 -0.010702
vn -0.990833 0.135090 -0.000762
vn 0.072226 0.534206 -0.842264
vn 0.072226 0.534206 -0.842264
vn 0.072226 0.534206 -0.842264
vn -0.341103 0.084788 -0.936194
vn -0.341103 0.084788 -0.936194
vn -0.341103 0.084788 -0.936194
vn 0.002762 0.464301 -0.885673
vn 0.002762 0.464301 -0.885673
vn 0.002762 0.464301 -0.885673
vn -0.414711 -0.007407 -0.909923
vn -0.414711 -0.007407 -0.909923
vn -0.414711 -0.007407 -0.909923
vn -0.990622 0.135231 0.019524
vn -0.991025 0.133408 0.008527
vn -0.991025 0.133408 0.008527
vn -0.991304 0.131568 -0.002471
vn 0.004430 0.999990 0.000385
vn 0.001529 0.999999 -0.000296
vn 0.001529 0.999999 -0.000296
vn -0.001371 0.999999 -0.000976
vn -0.998870 0.009102 0.046636
vn -0.999643 0.000827 0.026695
vn -0.999663 0.002973 0.025800
vn -0.999882 -0.000091 0.015376
vn -0.999685 0.007265 0.024008
vn -0.243351 0.969828 0.014657
vn -0.243351 0.969828 0.014657
vn -0.243351 0.969828 0.014657
vn 0.032441 0.156828 -0.987093
vn 0.032441 0.156828 -0.987093
vn 0.032441 0.156828 -0.987093
vn -0.076213 0.027180 -0.996721
vn -0.076213 0.027180 -0.996721
vn -0.076213 0.027180 -0.996721
vn 0.003332 0.999995 0.000000
vn 0.003322 0.999995 -0.000023
vn 0.003322 0.999995 -0.000023
vn 0.003312 0.999995 -0.000046
vn -0.000211 1.000000 0.000000
vn -0.008830 0.999891 0.011833
vn -0.008830 0.999891 0.011833
vn -0.017448 0.999568 0.023663
vn -0.977480 0.210282 0.017743
vn -0.987120 0.159802 0.007618
vn -0.987120 0.159802 0.007618
vn -0.994051 0.108885 -0.002528
vn 0.832992 0.549532 0.064339
vn 0.865648 0.497231 0.058443
vn 0.865648 0.497231 0.058443
vn 0.894983 0.443022 0.052323
vn -0.992084 0.125463 0.005386
vn -0.985711 0.168085 0.011000
vn -0.985711 0.168085 0.011000
vn -0.977477 0.210390 0.016594
vn -0.093113 0.291184 0.952125
vn -0.084347 0.274150 0.957981
vn -0.084347 0.274150 0.957981
vn -0.075547 0.257007 0.963452
vn -0.018002 0.232476 0.972436
vn -0.007301 0.213688 0.976875
vn -0.007301 0.213688 0.976875
vn 0.003404 0.194796 0.980838
vn -0.970473 0.240778 -0.014409
vn -0.969939 0.242901 -0.014739
vn -0.969939 0.242901 -0.014739
vn -0.969400 0.245024 -0.015068
vn -0.981413 0.182980 -0.057846
vn -0.975519 0.213624 -0.052226
vn -0.975519 0.213624 -0.052226
vn -0.968644 0.244054 -0.046553
vn 0.003597 0.234160 0.972192
vn 0.003494 0.234445 0.972123
vn 0.003494 0.234445 0.972123
vn 0.003391 0.234730 0.972055
vn 0.301216 0.953484 -0.011679
vn 0.289741 0.957039 -0.011269
vn 0.289741 0.957039 -0.011269
vn 0.278224 0.960455 -0.010858
vn 0.949484 0.306194 0.068748
vn 0.925034 0.375780 0.055688
vn 0.925034 0.375780 0.055688
vn 0.895395 0.443258 0.042316
vn -0.000187 1.000000 0.000923
vn -0.005911 0.999968 0.005390
vn -0.005911 0.999968 0.005390
vn -0.011634 0.999884 0.009857
vn 0.925834 0.377095 -0.025131
vn 0.937765 0.346845 -0.017181
vn 0.937765 0.346845 -0.017181
vn 0.948646 0.316206 -0.009213
vn -0.978097 0.203298 0.044670
vn -0.926556 0.376154 -0.001247
vn -0.926556 0.376154 -0.001247
vn -0.842915 0.535980 -0.047121
vn -0.002111 0.999967 -0.007901
vn -0.001086 0.999985 -0.005413
vn -0.001086 0.999985 -0.005413
vn -0.000061 0.999996 -0.002924
vn 0.971205 0.238228 0.002812
vn 0.972827 0.231483 0.004813
vn 0.972827 0.231483 0.004813
vn 0.974398 0.224726 0.006813
vn -0.994504 0.104698 0.000277
vn -0.993695 0.112099 -0.001815
vn -0.993695 0.112099 -0.001815
vn -0.992827 0.119493 -0.003906
vn -0.002040 0.999918 -0.012668
vn -0.001051 0.999946 -0.010339
vn -0.001051 0.999946 -0.010339
vn -0.000062 0.999968 -0.008010
vn -0.999862 0.013705 -0.009336
vn -0.999882 0.012419 -0.009040
vn -0.999882 0.012419 -0.009040
vn -0.999900 0.011132 -0.008743
vn 0.962267 0.272037 0.006166
vn 0.960906 0.276832 0.004959
vn 0.960906 0.276832 0.004959
vn 0.959519 0.281620 0.003752
vn -0.956095 0.292891 -0.009884
vn -0.962529 0.271047 -0.008476
vn -0.962529 0.271047 -0.008476
vn -0.968462 0.249061 -0.007063
vn 0.834529 0.549753 0.036500
vn 0.844635 0.533970 0.038309
vn 0.844635 0.533970 0.038309
vn 0.854442 0.517997 0.040104
vn -0.000191 0.999948 0.010205
vn -0.005863 0.999679 0.024636
vn -0.005863 0.999679 0.024636
vn -0.011533 0.999170 0.039062
vn -0.986039 0.162608 -0.035851
vn -0.918757 0.391302 -0.052626
vn -0.918757 0.391302 -0.052626
vn -0.799004 0.597648 -0.066395
vn 0.976006 -0.181737 0.119929
vn 0.991942 0.076188 0.101221
vn 0.991942 0.076188 0.101221
vn 0.941290 0.328998 0.075719
vn -0.000198 0.999193 0.040178
vn -0.006275 0.998471 0.054924
vn -0.006275 0.998471 0.054924
vn -0.012350 0.997495 0.069655
vn -0.916763 0.399380 0.006374
vn -0.928477 0.371123 0.014054
vn -0.928477 0.371123 0.014054
vn -0.939268 0.342498 0.021720
vn 0.995491 0.090375 -0.028818
vn 0.996546 0.078810 -0.026192
vn 0.996546 0.078810 -0.026192
vn 0.997459 0.067234 -0.023562
vn -0.000092 0.999917 -0.012872
vn -0.000077 0.999917 -0.012870
vn -0.000077 0.999917 -0.012870
vn -0.000062 0.999917 -0.012867
vn -0.960168 0.278528 -0.022363
vn -0.936870 0.348654 -0.026740
vn -0.936870 0.348654 -0.026740
vn -0.908438 0.416870 -0.030971
vn -0.000210 1.000000 0.000000
vn -0.000210 1.000000 -0.000000
vn -0.000210 1.000000 -0.000000
vn -0.000210 1.000000 -0.000000
vn 0.957562 0.286568 0.030894
vn 0.938223 0.345040 0.026158
vn 0.938223 0.345040 0.026158
vn 0.915305 0.402196 0.021322
vn 0.995337 0.096238 -0.006533
vn 0.998549 -0.053750 -0.003304
vn 0.998549 -0.053750 -0.003304
vn 0.979277 -0.202527 0.000000
vn -0.006146 0.999981 0.000024
vn -0.006141 0.999981 0.000032
vn -0.006141 0.999981 0.000032
vn -0.006136 0.999981 0.000039
vn -0.936717 0.350019 0.006849
vn -0.913403 0.406975 0.008093
vn -0.913403 0.406975 0.008093
vn -0.886628 0.462389 0.009307
vn -0.027110 0.999632 -0.001109
vn -0.027804 0.999613 -0.000554
vn -0.027804 0.999613 -0.000554
vn -0.028498 0.999594 0.000000
vn 0.929440 0.367070 0.037433
vn 0.922833 0.383361 0.037596
vn 0.922833 0.383361 0.037596
vn 0.915941 0.399534 0.037748
vn -0.006755 0.999518 -0.030314
vn -0.006543 0.999508 -0.030687
vn -0.006543 0.999508 -0.030687
vn -0.006332 0.999498 -0.031060
vn 0.996708 0.080960 0.004341
vn 0.997999 0.063005 0.005367
vn 0.997999 0.063005 0.005367
vn 0.998965 0.045030 0.006393
vn 0.991259 0.131022 -0.015469
vn 0.994639 0.103306 -0.004676
vn 0.994639 0.103306 -0.004676
vn 0.997127 0.075497 0.006122
vn 0.000018 0.999504 -0.031487
vn 0.000209 0.999501 -0.031577
vn 0.000209 0.999501 -0.031577
vn 0.000401 0.999498 -0.031667
vn -0.997597 0.068425 -0.010919
vn -0.999202 0.039938 0.000067
vn -0.999202 0.039938 0.000067
vn -0.999874 0.011415 0.011053
vn -0.015226 0.999378 -0.031807
vn -0.015044 0.999369 -0.032184
vn -0.015044 0.999369 -0.032184
vn -0.014863 0.999359 -0.032561
vn 0.944427 0.328688 0.004725
vn 0.903912 0.427694 0.004601
vn 0.903912 0.427694 0.004601
vn 0.853053 0.521806 0.004424
vn -0.020404 0.999253 -0.032834
vn -0.020257 0.999246 -0.033115
vn -0.020257 0.999246 -0.033115
vn -0.020110 0.999240 -0.033396
vn 0.988914 0.147863 0.013640
vn 0.996837 0.078372 0.013187
vn 0.996837 0.078372 0.013187
vn 0.999884 0.008498 0.012670
vn 0.997606 0.069094 0.002844
vn 0.984028 0.177959 0.004502
vn 0.984028 0.177959 0.004502
vn 0.958602 0.284682 0.006106
vn -0.030131 0.999091 -0.030154
vn -0.030067 0.999089 -0.030275
vn -0.030067 0.999089 -0.030275
vn -0.030002 0.999088 -0.030395
vn 0.004133 0.984946 0.172811
vn -0.000786 0.991881 0.127163
vn -0.000786 0.991881 0.127163
vn -0.005702 0.996678 0.081242
vn -0.034137 0.314012 0.948805
vn -0.017706 0.248361 0.968506
vn -0.023791 0.214247 0.976490
vn -0.035843 0.145378 0.988727
vn -0.018520 0.163479 0.986373
vn 0.018543 0.463919 0.885684
vn -0.006734 0.390400 0.920621
vn -0.006734 0.390400 0.920621
vn -0.031963 0.314045 0.948870
vn 0.901911 0.431774 0.011311
vn 0.960193 0.279216 -0.008186
vn 0.960193 0.279216 -0.008186
vn 0.992502 0.119106 -0.027460
vn 0.996076 0.088402 -0.004287
vn 0.994831 0.101506 -0.002958
vn 0.994831 0.101506 -0.002958
vn 0.993411 0.114592 -0.001629
vn 0.830975 0.554752 0.041613
vn 0.912875 0.407446 0.025435
vn 0.912875 0.407446 0.025435
vn 0.968605 0.248458 0.008527
vn 0.237642 0.971187 0.017950
vn 0.136391 0.990582 0.012081
vn 0.136391 0.990582 0.012081
vn 0.033685 0.999414 0.006083
vn -0.012073 0.983813 0.178790
vn -0.013395 0.934502 0.355707
vn -0.013395 0.934502 0.355707
vn -0.014265 0.853666 0.520625
vn -0.971122 0.238576 -0.001703
vn -0.707913 0.706065 -0.018197
vn -0.707913 0.706065 -0.018197
vn -0.240755 0.970139 -0.029448
vn -0.985951 0.162893 -0.036973
vn -0.978623 0.202581 -0.035474
vn -0.978623 0.202581 -0.035474
vn -0.969699 0.241938 -0.033918
vn -0.043998 0.109361 0.993028
vn -0.037695 0.127365 0.991139
vn -0.037695 0.127365 0.991139
vn -0.031377 0.145322 0.988887
vn -0.970928 0.239366 -0.001701
vn -0.973772 0.227501 -0.003372
vn -0.973772 0.227501 -0.003372
vn -0.976468 0.215602 -0.005043
vn -0.988712 0.145830 -0.034372
vn -0.980558 0.194027 -0.029305
vn -0.980558 0.194027 -0.029305
vn -0.970036 0.241755 -0.024167
vn -0.988644 0.148697 -0.021721
vn -0.881474 0.471657 -0.023288
vn -0.881474 0.471657 -0.023288
vn -0.672238 0.740004 -0.022159
vn -0.674786 0.737688 0.021925
vn -0.379962 0.924983 0.005928
vn -0.379962 0.924983 0.005928
vn -0.038686 0.999193 -0.010794
vn -0.009770 0.996639 0.081337
vn -0.000766 0.987658 0.156626
vn -0.000766 0.987658 0.156626
vn 0.008243 0.972918 0.231002
vn -0.084803 0.128747 0.988045
vn -0.075647 0.140282 0.987218
vn -0.075647 0.140282 0.987218
vn -0.066475 0.151786 0.986175
vn -0.010642 0.985467 0.169536
vn -0.019265 0.979233 0.201819
vn -0.019265 0.979233 0.201819
vn -0.027865 0.971869 0.233869
vn -0.067569 -0.067344 0.995439
vn -0.046756 -0.047836 0.997760
vn -0.046756 -0.047836 0.997760
vn -0.025904 -0.028289 0.999264
vn 0.013166 0.981073 0.193190
vn 0.020249 0.985457 0.168715
vn 0.020249 0.985457 0.168715
vn 0.027319 0.989182 0.144127
vn -0.054737 -0.016927 0.998357
vn -0.016246 0.036301 0.999209
vn -0.011678 -0.008682 0.999894
vn 0.003073 0.062921 0.998014
vn -0.025272 0.125958 0.991714
vn -0.083467 0.256680 0.962886
vn -0.073357 0.227741 0.970955
vn -0.073357 0.227741 0.970955
vn -0.063174 0.198573 0.978048
vn -0.030611 0.838052 0.544731
vn -0.033222 0.680036 0.732425
vn -0.033222 0.680036 0.732425
vn -0.033832 0.481079 0.876024
vn -0.043205 0.100616 0.993987
vn -0.042131 0.104865 0.993594
vn -0.042131 0.104865 0.993594
vn -0.041055 0.109112 0.993181
vn 0.002530 0.972990 0.230835
vn 0.001404 0.970917 0.239412
vn 0.001404 0.970917 0.239412
vn 0.000277 0.968768 0.247969
vn -0.021924 0.193985 0.980759
vn -0.009714 0.161545 0.986818
vn -0.009714 0.161545 0.986818
vn 0.002509 0.128905 0.991654
vn -0.985734 0.161188 -0.048443
vn -0.978387 0.202336 -0.042659
vn -0.978387 0.202336 -0.042659
vn -0.969297 0.243124 -0.036799
vn -0.969879 0.242108 -0.026815
vn -0.977958 0.207726 -0.021142
vn -0.977958 0.207726 -0.021142
vn -0.984787 0.173079 -0.015443
vn -0.048854 0.168445 0.984500
vn -0.057675 0.159349 0.985536
vn -0.057675 0.159349 0.985536
vn -0.066487 0.150228 0.986413
vn -0.061515 0.253310 0.965427
vn -0.056525 0.239304 0.969298
vn -0.056525 0.239304 0.969298
vn -0.051520 0.225241 0.972940
vn -0.074935 0.290681 0.953881
vn -0.063674 0.272539 0.960036
vn -0.063674 0.272539 0.960036
vn -0.052381 0.254262 0.965716
vn 0.895045 0.443135 0.050260
vn 0.840508 0.540281 0.040515
vn 0.840508 0.540281 0.040515
vn 0.775460 0.630671 0.030264
vn 0.831804 0.552965 0.048294
vn 0.865296 0.499127 0.046216
vn 0.865296 0.499127 0.046216
vn 0.895305 0.443280 0.043952
vn -0.027846 0.970762 0.238425
vn -0.027822 0.970566 0.239222
vn -0.027822 0.970566 0.239222
vn -0.027798 0.970370 0.240019
vn -0.106807 -0.026510 0.993926
vn -0.089525 0.037970 0.995261
vn -0.089525 0.037970 0.995261
vn -0.071843 0.102280 0.992158
vn -0.061299 0.470528 0.880253
vn -0.072015 0.788327 0.611028
vn -0.072015 0.788327 0.611028
vn -0.070229 0.969277 0.235731
vn -0.083016 0.222950 0.971289
vn -0.070605 0.195719 0.978115
vn -0.070605 0.195719 0.978115
vn -0.058129 0.168303 0.984020
vn -0.102799 0.195886 0.975224
vn -0.092397 0.173283 0.980528
vn -0.092397 0.173283 0.980528
vn -0.081935 0.150568 0.985198
vn -0.049051 0.298656 0.953100
vn -0.101358 0.319805 0.942046
vn -0.113146 0.325983 0.938580
vn -0.077784 0.307300 0.948428
vn -0.127426 0.329999 0.935341
vn -0.177327 0.288912 0.940790
vn -0.177327 0.288912 0.940790
vn -0.177327 0.288912 0.940790
vn -0.005073 0.983853 0.178905
vn -0.001499 0.974077 0.226210
vn -0.001499 0.974077 0.226210
vn 0.002079 0.962016 0.272985
vn -0.038046 0.298572 0.953628
vn -0.043545 0.301160 0.952579
vn -0.043545 0.301160 0.952579
vn -0.049042 0.303737 0.951493
vn 0.425791 0.901541 0.076981
vn 0.147001 0.988960 0.018664
vn 0.237959 0.970571 0.036981
vn 0.045978 0.998939 -0.002780
vn 0.056661 0.998393 0.000566
vn 0.061584 0.998100 0.002134
vn 0.997163 0.068319 0.031593
vn 0.996188 0.085348 0.018022
vn 0.996188 0.085348 0.018022
vn 0.994740 0.102336 0.004443
vn -0.036011 0.999279 0.012050
vn -0.041137 0.999059 0.013724
vn -0.041137 0.999059 0.013724
vn -0.046262 0.998811 0.015397
vn -0.058858 0.998266 -0.000949
vn -0.055407 0.998459 0.003179
vn -0.055407 0.998459 0.003179
vn -0.051956 0.998623 0.007307
vn 0.659678 0.747388 0.078974
vn 0.450847 0.733208 0.509061
vn 0.450847 0.733208 0.509061
vn 0.138869 0.551280 0.822682
vn 0.186639 0.132027 0.973517
vn 0.710674 0.147726 0.687837
vn 0.710674 0.147726 0.687837
vn 0.981374 0.110765 0.156962
vn 0.165649 0.002693 -0.986181
vn 0.165649 0.002693 -0.986181
vn 0.165649 0.002693 -0.986181
vn 0.357731 -0.060980 -0.931832
vn 0.357731 -0.060980 -0.931832
vn 0.357731 -0.060980 -0.931832
vn 0.378364 0.925655 0.001874
vn 0.267816 0.942089 0.201849
vn 0.267816 0.942089 0.201849
vn 0.143213 0.909081 0.391231
vn 0.989261 0.139337 0.044145
vn 0.914060 0.158190 0.373456
vn 0.914060 0.158190 0.373456
vn 0.734240 0.158937 0.660024
vn 0.061623 0.998098 0.001535
vn 0.061641 0.998097 0.001750
vn 0.061641 0.998097 0.001750
vn 0.061658 0.998095 0.001965
vn 0.655795 0.039099 -0.753926
vn 0.913248 0.059182 -0.403083
vn 0.913248 0.059182 -0.403083
vn 0.997388 0.068034 0.024255
vn -0.056675 0.997521 0.041706
vn -0.089117 0.995964 -0.010642
vn -0.066368 0.997410 0.027723
vn -0.105239 0.993764 -0.036846
vn -0.134076 0.987118 -0.087297
vn -0.014409 0.999814 -0.012788
vn -0.003805 0.999813 0.018938
vn -0.003805 0.999813 0.018938
vn 0.006804 0.998694 0.050643
vn 0.003386 0.999994 -0.000865
vn 0.032870 0.999459 -0.001350
vn 0.055751 0.998444 -0.000966
vn 0.096828 0.995301 -0.000379
vn 0.114038 0.993476 0.000349
vn 0.126652 0.991947 0.000894
vn 0.306830 -0.951713 0.009864
vn 0.257079 -0.966331 0.010767
vn 0.257079 -0.966331 0.010767
vn 0.206636 -0.978349 0.011641
vn 0.198489 -0.974435 0.105256
vn 0.198489 -0.974435 0.105256
vn 0.198489 -0.974435 0.105256
vn -0.051536 0.998577 0.013711
vn -0.051536 0.998577 0.013711
vn -0.051536 0.998577 0.013711
vn -0.110737 0.992605 0.049731
vn -0.110737 0.992605 0.049731
vn -0.110737 0.992605 0.049731
vn -0.020011 0.997358 0.069834
vn -0.012053 0.998071 0.060894
vn -0.018744 0.989200 0.145366
vn -0.031715 0.949841 0.311121
vn -0.018064 0.982919 0.183150
vn -0.042603 0.999090 0.001848
vn -0.042603 0.999090 0.001848
vn -0.042603 0.999090 0.001848
vn -0.999592 -0.018671 -0.021600
vn -0.999725 -0.020078 -0.012146
vn -0.999725 -0.020078 -0.012146
vn -0.999766 -0.021484 -0.002691
vn -0.030176 0.999543 -0.001635
vn -0.008027 0.999914 -0.010396
vn -0.008027 0.999914 -0.010396
vn 0.014126 0.999717 -0.019151
vn -0.997855 -0.064315 -0.012243
vn -0.998895 -0.046960 0.001830
vn -0.998895 -0.046960 0.001830
vn -0.999436 -0.029582 0.015902
vn -0.089831 0.391065 0.915969
vn -0.072929 0.350482 0.933726
vn -0.072929 0.350482 0.933726
vn -0.055863 0.309110 0.949384
vn -0.016596 0.871365 0.490355
vn -0.007310 0.923153 0.384364
vn -0.007310 0.923153 0.384364
vn 0.002079 0.962014 0.272991
vn -0.075924 0.419573 0.904541
vn -0.083319 0.405349 0.910357
vn -0.083319 0.405349 0.910357
vn -0.090690 0.391008 0.915908
vn -0.099072 0.484434 0.869200
vn -0.081833 0.455023 0.886712
vn -0.081833 0.455023 0.886712
vn -0.064475 0.424943 0.902921
vn -0.055700 0.354634 0.933345
vn -0.046726 0.332305 0.942014
vn -0.046726 0.332305 0.942014
vn -0.037722 0.309759 0.950067
vn -0.124152 0.423637 0.897284
vn -0.124152 0.423637 0.897284
vn -0.124152 0.423637 0.897284
vn -0.126878 0.471820 0.872518
vn -0.126878 0.471820 0.872518
vn -0.126878 0.471820 0.872518
vn -0.089802 0.421532 0.902356
vn -0.082780 0.423070 0.902308
vn -0.082780 0.423070 0.902308
vn -0.075753 0.424586 0.902213
vn 0.990997 0.123386 0.051977
vn 0.990875 0.124443 0.051766
vn 0.990875 0.124443 0.051766
vn 0.990753 0.125501 0.051554
vn 0.990861 0.122375 0.056726
vn 0.988988 0.137431 0.054913
vn 0.988988 0.137431 0.054913
vn 0.986884 0.152455 0.053086
vn 0.035128 0.999306 -0.012430
vn 0.106028 0.994357 -0.003600
vn 0.106028 0.994357 -0.003600
vn 0.176385 0.984307 0.005247
vn 0.003690 0.233860 0.972263
vn 0.003637 0.234010 0.972227
vn 0.003637 0.234010 0.972227
vn 0.003583 0.234160 0.972192
vn -0.004543 0.976342 0.216184
vn -0.006061 0.978478 0.206261
vn -0.006061 0.978478 0.206261
vn -0.007578 0.980511 0.196317
vn -0.035129 0.227924 0.973045
vn -0.035861 0.228665 0.972844
vn -0.035861 0.228665 0.972844
vn -0.036594 0.229407 0.972643
vn 0.002135 0.969398 0.245485
vn -0.005242 0.973620 0.228117
vn -0.005242 0.973620 0.228117
vn -0.012618 0.977477 0.210663
vn -0.035109 0.562347 0.826156
vn -0.018411 0.592743 0.805182
vn -0.018411 0.592743 0.805182
vn -0.001682 0.622165 0.782885
vn -0.014633 0.976677 0.214213
vn -0.014633 0.976677 0.214213
vn -0.014633 0.976677 0.214213
vn 0.050753 0.561028 0.826240
vn -0.024426 0.514707 0.857018
vn -0.024426 0.514707 0.857018
vn -0.099393 0.463885 0.880302
vn 0.292765 0.956046 0.016268
vn 0.364123 0.931074 0.022693
vn 0.364123 0.931074 0.022693
vn 0.433385 0.900743 0.028988
vn -0.096974 0.821065 0.562537
vn -0.054416 0.869054 0.491715
vn -0.065863 0.866039 0.495619
vn -0.032940 0.890086 0.454601
vn -0.031583 0.874660 0.483708
vn -0.027433 0.778168 0.627456
vn -0.028677 0.790178 0.612206
vn -0.028677 0.790178 0.612206
vn -0.029909 0.801888 0.596725
vn 0.983275 0.173026 0.056847
vn 0.975434 0.214173 0.051562
vn 0.975434 0.214173 0.051562
vn 0.965854 0.254937 0.046185
vn -0.047786 0.420386 0.906086
vn -0.062908 0.387282 0.919813
vn -0.062908 0.387282 0.919813
vn -0.077935 0.353593 0.932147
vn -0.232513 0.463980 0.854787
vn -0.232513 0.463980 0.854787
vn -0.232513 0.463980 0.854787
vn -0.039076 0.474165 0.879568
vn -0.051799 0.449759 0.891647
vn -0.051799 0.449759 0.891647
vn -0.064475 0.424945 0.902920
vn -0.075752 0.424590 0.902211
vn -0.075752 0.424590 0.902211
vn -0.075752 0.424590 0.902211
vn -0.002125 0.558521 0.829487
vn -0.002125 0.558521 0.829487
vn -0.002125 0.558521 0.829487
vn -0.013006 0.974914 0.222203
vn -0.005690 0.961210 0.275759
vn -0.005690 0.961210 0.275759
vn 0.001644 0.944517 0.328457
vn -0.036622 0.227997 0.972973
vn -0.035877 0.227302 0.973163
vn -0.035877 0.227302 0.973163
vn -0.035133 0.226606 0.973353
vn -0.003191 0.132455 0.991184
vn -0.002948 0.132856 0.991131
vn -0.002948 0.132856 0.991131
vn -0.002705 0.133258 0.991078
vn -0.008872 0.979437 0.201558
vn -0.004565 0.992178 0.124744
vn -0.003977 0.984888 0.173144
vn 0.000904 0.989515 0.144425
vn -0.011148 0.999911 0.007269
vn -0.005143 0.997098 0.075950
vn -0.010098 0.999924 -0.007036
vn -0.010098 0.999924 -0.007036
vn -0.010098 0.999924 -0.007036
vn 0.006243 0.089527 0.995965
vn -0.007464 0.112252 0.993652
vn -0.007464 0.112252 0.993652
vn -0.021165 0.134899 0.990633
vn -0.024347 0.999290 0.028750
vn -0.015957 0.992097 0.124454
vn -0.015957 0.992097 0.124454
vn -0.007418 0.975696 0.219002
vn -0.001828 0.999968 -0.007763
vn -0.001963 0.999950 -0.009844
vn -0.001963 0.999950 -0.009844
vn -0.002098 0.999927 -0.011925
vn -0.033906 0.998434 -0.044495
vn -0.032410 0.998995 -0.030953
vn -0.032410 0.998995 -0.030953
vn -0.030907 0.999371 -0.017405
vn 0.991277 0.126585 -0.036696
vn 0.981717 0.189117 -0.021607
vn 0.981717 0.189117 -0.021607
vn 0.968005 0.250849 -0.006427
vn 0.004032 0.078103 0.996937
vn 0.006399 0.073914 0.997244
vn 0.006399 0.073914 0.997244
vn 0.008767 0.069724 0.997528
vn -0.094480 -0.013802 0.995431
vn 0.413606 -0.025012 0.910112
vn 0.413606 -0.025012 0.910112
vn 0.811856 -0.029580 0.583108
vn 0.003740 -0.026305 0.999647
vn 0.000359 -0.031795 0.999494
vn 0.000359 -0.031795 0.999494
vn -0.003023 -0.037283 0.999300
vn 0.004463 -0.987052 -0.160341
vn 0.004415 -0.986907 -0.161231
vn 0.004415 -0.986907 -0.161231
vn 0.004368 -0.986761 -0.162120
vn 0.031445 -0.999506 0.000028
vn 0.031445 -0.999506 0.000028
vn 0.031445 -0.999506 0.000028
vn 0.007831 -0.999969 0.001061
vn 0.002211 -0.996806 -0.079836
vn 0.002211 -0.996806 -0.079836
vn -0.003424 -0.987077 -0.160208
vn -0.000943 0.134941 0.990853
vn -0.001990 0.134114 0.990964
vn -0.001990 0.134114 0.990964
vn -0.003037 0.133287 0.991073
vn 0.985278 0.170947 -0.002279
vn 0.971443 0.231262 0.053075
vn 0.971443 0.231262 0.053075
vn 0.950911 0.289983 0.108064
vn 0.943091 0.032588 0.330935
vn 0.958344 0.023335 0.284663
vn 0.958344 0.023335 0.284663
vn 0.971240 0.014024 0.237690
vn 0.000599 0.065203 0.997872
vn -0.007021 0.048851 0.998781
vn -0.007021 0.048851 0.998781
vn -0.014639 0.032483 0.999365
vn 0.203658 0.061856 0.977086
vn 0.203658 0.061856 0.977086
vn 0.203658 0.061856 0.977086
vn 0.194501 0.980878 -0.006901
vn 0.194501 0.980878 -0.006901
vn 0.194501 0.980878 -0.006901
vn -0.000072 0.999933 -0.011539
vn -0.000015 0.999946 -0.010389
vn -0.000015 0.999946 -0.010389
vn 0.000043 0.999957 -0.009240
vn -0.005690 -0.032615 0.999452
vn -0.000077 -0.024131 0.999709
vn -0.000077 -0.024131 0.999709
vn 0.005536 -0.015643 0.999862
vn -0.004952 0.999800 -0.019366
vn -0.005403 0.999721 -0.022996
vn -0.005403 0.999721 -0.022996
vn -0.005855 0.999628 -0.026626
vn 0.782311 -0.019286 0.622590
vn 0.295938 0.068033 0.952781
vn 0.447329 0.032591 0.893775
vn 0.000619 0.127393 0.991852
vn 0.014340 0.102901 0.994588
vn -0.005815 0.999802 -0.019030
vn -0.005376 0.999820 -0.018195
vn -0.005376 0.999820 -0.018195
vn -0.004937 0.999837 -0.017359
vn 0.005640 -0.034394 0.999392
vn -0.000023 -0.035846 0.999357
vn -0.000023 -0.035846 0.999357
vn -0.005687 -0.037297 0.999288
vn -0.000072 0.999933 -0.011543
vn 0.000005 0.999931 -0.011730
vn 0.000005 0.999931 -0.011730
vn 0.000082 0.999929 -0.011916
vn -0.014616 0.066197 0.997700
vn -0.007009 0.067983 0.997662
vn -0.007009 0.067983 0.997662
vn 0.000599 0.069765 0.997563
vn 0.000945 0.979190 0.202945
vn -0.003964 0.977481 0.210987
vn -0.003964 0.977481 0.210987
vn -0.008873 0.975682 0.219010
vn -0.003053 0.135397 0.990787
vn -0.003053 0.135397 0.990787
vn -0.003053 0.135397 0.990787
vn 0.999928 0.011952 -0.001238
vn 0.999928 0.011952 -0.001238
vn 0.999928 0.011952 -0.001238
vn 0.000000 1.000000 0.000000
vn 0.000000 1.000000 0.000000
vn 0.000000 1.000000 0.000000
vn 0.727388 0.031058 0.685523
vn 0.727388 0.031058 0.685523
vn 0.727388 0.031058 0.685523
vn 0.645263 0.751277 0.138628
vn 0.645263 0.751277 0.138628
vn 0.645263 0.751277 0.138628
vn 0.000006 0.048919 0.998803
vn 0.000007 0.048919 0.998803
vn -0.006112 0.042245 0.999089
vn -0.009171 0.038906 0.999201
vn -0.018348 0.028885 0.999414
vn -0.034537 0.974955 0.219704
vn -0.032229 0.972407 0.231056
vn -0.032229 0.972407 0.231056
vn -0.029916 0.969721 0.242375
vn 0.000000 1.000000 0.000000
vn 0.000000 1.000000 0.000000
vn 0.000000 1.000000 0.000000
vn 0.000000 1.000000 0.000000
vn 0.225748 0.974174 -0.004784
vn 0.225748 0.974174 -0.004784
vn 0.225748 0.974174 -0.004784
vn 0.900137 0.040428 0.433728
vn 0.989957 0.036014 -0.136704
vn 0.989957 0.036014 -0.136704
vn 0.749647 0.019590 -0.661548
vn 0.000000 1.000000 0.000000
vn 0.000000 1.000000 0.000000
vn 0.000000 1.000000 0.000000
vn 0.000000 1.000000 0.000000
vn 0.000000 1.000000 -0.000000
vn -0.000000 1.000000 -0.000000
vn -0.000000 1.000000 -0.000000
vn -0.000000 1.000000 -0.000000
vn 0.000000 1.000000 0.000000
vn 0.225504 0.974224 0.005875
vn 0.225504 0.974224 0.005875
vn 0.225504 0.974224 0.005875
vn 0.082954 0.991928 -0.095901
vn 0.167951 0.984778 -0.044773
vn 0.167951 0.984778 -0.044773
vn 0.251288 0.967889 0.006798
vn 0.000127 -0.698452 0.715657
vn 0.000064 -0.700386 0.713765
vn 0.000064 -0.700386 0.713765
vn 0.000000 -0.702315 0.711867
vn 0.999625 -0.027376 0.000000
vn 0.999966 -0.008280 0.000096
vn 0.999996 -0.002937 -0.000183
vn 0.999957 0.009283 -0.000275
vn 0.999970 0.007748 -0.000741
vn 0.000000 -0.697482 0.716603
vn 0.000080 -0.695260 0.718759
vn 0.000080 -0.695260 0.718759
vn 0.000159 -0.693031 0.720908
vn 0.000708 -0.693027 0.720911
vn 0.000354 -0.691435 0.722438
vn 0.000354 -0.691435 0.722438
vn 0.000000 -0.689840 0.723962
vn 0.000705 -0.689692 0.724102
vn 0.000353 -0.676696 0.736262
vn 0.000353 -0.676696 0.736262
vn 0.000000 -0.663485 0.748189
vn 0.956537 0.099107 0.274253
vn 0.956537 0.099107 0.274253
vn 0.956537 0.099107 0.274253
vn -0.010113 0.963921 -0.265996
vn -0.004156 0.987784 -0.155773
vn -0.004156 0.987784 -0.155773
vn 0.001855 0.999049 -0.043563
vn 0.002094 0.999338 0.036319
vn 0.012909 0.993211 -0.115607
vn 0.012909 0.993211 -0.115607
vn 0.023424 0.964006 -0.264846
vn -0.031958 0.998920 0.033717
vn -0.031958 0.998920 0.033717
vn -0.031958 0.998920 0.033717
vn 0.005800 0.963226 0.268629
vn 0.003620 0.959917 0.280262
vn 0.003620 0.959917 0.280262
vn 0.001439 0.956463 0.291852
vn 0.005590 -0.183260 0.983049
vn 0.008156 -0.085883 0.996272
vn 0.008156 -0.085883 0.996272
vn 0.010642 0.012323 0.999867
vn 0.000018 0.123082 0.992397
vn 0.004875 -0.030569 0.999521
vn 0.004875 -0.030569 0.999521
vn 0.009617 -0.183496 0.982973
vn 0.018726 0.101382 0.994671
vn 0.018036 0.115493 0.993145
vn 0.018036 0.115493 0.993145
vn 0.017343 0.129581 0.991417
vn 0.993689 0.076459 0.082077
vn 0.993005 0.114205 0.029969
vn 0.995005 0.098602 0.015573
vn 0.991724 0.126348 0.022794
vn 0.993340 0.115140 -0.004214
vn 0.996628 0.079485 -0.020360
vn -0.019007 0.054515 0.998332
vn -0.009504 0.066397 0.997748
vn -0.009504 0.066397 0.997748
vn 0.000002 0.078264 0.996933
vn 0.000000 1.000000 0.000000
vn 0.000000 1.000000 0.000000
vn 0.000000 1.000000 0.000000
vn 0.000000 1.000000 -0.000000
vn -0.011701 0.100027 0.994916
vn -0.082510 0.026145 0.996247
vn -0.160247 -0.025800 0.986740
vn -0.154174 -0.038982 0.987274
vn -0.002768 0.077179 0.997014
vn -0.005549 0.078561 0.996894
vn 0.000156 0.077252 0.997012
vn 0.000014 0.076737 0.997051
vn 0.000162 0.077006 0.997031
vn 0.000238 0.076770 0.997049
vn 0.000000 1.000000 0.000000
vn 0.000000 1.000000 0.000000
vn 0.000000 1.000000 0.000000
vn 0.000000 1.000000 0.000000
vn 0.000000 1.000000 0.000000
vn 0.000000 1.000000 0.000000
vn 0.000000 1.000000 0.000000
vn 0.000000 1.000000 0.000000
vn 0.000000 1.000000 0.000000
vn 0.000000 -0.698440 0.715669
vn 0.000062 -0.697968 0.716129
vn 0.000062 -0.697968 0.716129
vn 0.000125 -0.697497 0.716588
vn -0.029916 0.969721 0.242375
vn -0.014007 0.980678 0.195127
vn -0.014007 0.980678 0.195127
vn 0.001940 0.989079 0.147371
f 58/58/1 61/61/2 59/59/3
f 59/59/3 61/61/2 60/60/4
f 6/6/5 46/46/6 289/300/7
f 289/300/7 46/46/6 291/302/8
f 46/46/6 290/301/9 291/302/8
f 8/8/10 287/298/11 4/4/12
f 4/4/12 287/298/11 73/73/13
f 287/298/11 288/299/14 73/73/13
f 288/299/14 198/209/15 73/73/13
f 198/209/15 197/208/16 73/73/13
f 74/74/17 73/73/13 197/208/16
f 30/30/18 258/269/19 313/324/20
f 313/324/20 258/269/19 314/325/21
f 202/213/22 154/154/23 203/214/24
f 203/214/24 154/154/23 233/244/25
f 180/191/26 179/190/27 181/192/28
f 181/192/28 179/190/27 182/193/29
f 82/82/30 90/90/31 92/92/32
f 92/92/32 90/90/31 263/274/33
f 90/90/31 93/93/34 263/274/33
f 77/77/35 422/433/36 80/80/37
f 80/80/37 422/433/36 421/432/38
f 17/17/39 18/18/40 64/64/41
f 64/64/41 18/18/40 65/65/42
f 2/2/43 19/19/44 190/201/45
f 19/19/44 191/202/46 190/201/45
f 358/369/47 357/368/48 353/364/49
f 353/364/49 357/368/48 354/365/50
f 271/282/51 265/276/52 6/6/53
f 265/276/52 152/152/54 6/6/53
f 6/6/53 152/152/54 46/46/55
f 152/152/54 47/47/56 46/46/55
f 337/348/57 334/345/58 133/133/59
f 306/317/60 253/264/61 252/263/62
f 333/344/63 134/134/64 361/372/65
f 361/372/65 134/134/64 362/373/66
f 135/135/67 349/360/68 345/356/69
f 345/356/69 349/360/68 348/359/70
f 338/349/71 331/342/72 413/424/73
f 413/424/73 331/342/72 414/425/74
f 243/254/75 238/249/76 244/255/77
f 244/255/77 238/249/76 95/95/78
f 87/87/79 95/95/78 238/249/76
f 248/259/80 245/256/81 31/31/82
f 30/30/83 31/31/82 35/35/84
f 31/31/82 245/256/81 35/35/84
f 245/256/81 251/262/85 35/35/84
f 35/35/84 251/262/85 34/34/86
f 30/30/87 35/35/88 258/269/89
f 258/269/89 35/35/88 259/270/90
f 295/306/91 296/307/92 23/23/93
f 23/23/93 296/307/92 48/48/94
f 292/303/95 48/48/94 297/308/96
f 296/307/92 297/308/96 48/48/94
f 46/46/97 47/47/98 48/48/99
f 47/47/98 254/265/100 48/48/99
f 254/265/100 29/29/101 48/48/99
f 29/29/101 49/49/102 48/48/99
f 25/25/103 23/23/104 36/36/105
f 23/23/104 48/48/106 36/36/105
f 49/49/107 36/36/105 48/48/106
f 17/17/108 56/56/109 18/18/110
f 18/18/110 56/56/109 57/57/111
f 58/58/112 59/59/113 50/50/114
f 59/59/113 57/57/115 50/50/114
f 56/56/116 50/50/114 57/57/115
f 67/67/117 66/66/118 132/132/119
f 66/66/118 69/69/120 132/132/119
f 68/68/121 132/132/119 69/69/120
f 64/64/122 65/65/123 67/67/124
f 67/67/124 65/65/123 66/66/125
f 68/68/126 69/69/127 70/70/128
f 70/70/128 69/69/127 71/71/129
f 19/19/130 45/45/131 191/202/132
f 70/70/133 71/71/134 45/45/131
f 45/45/131 71/71/134 191/202/132
f 191/202/132 71/71/134 231/242/135
f 231/242/135 71/71/134 232/243/136
f 71/71/134 20/20/137 232/243/136
f 74/74/138 197/208/139 75/75/140
f 75/75/140 197/208/139 196/207/141
f 6/6/142 289/300/143 189/200/144
f 189/200/144 289/300/143 190/201/145
f 6/6/146 189/200/147 187/198/148
f 187/198/148 189/200/147 188/199/149
f 255/266/150 272/283/151 327/338/152
f 24/24/153 327/338/152 272/283/151
f 77/77/154 78/78/155 422/433/156
f 422/433/156 78/78/155 286/297/157
f 80/80/158 421/432/159 419/430/160
f 121/121/161 419/430/160 79/79/162
f 421/432/159 284/295/163 419/430/160
f 419/430/160 284/295/163 79/79/162
f 76/76/164 77/77/165 81/81/166
f 80/80/167 125/125/168 77/77/165
f 81/81/166 77/77/165 125/125/168
f 268/279/169 10/10/170 153/153/171
f 10/10/170 326/337/172 153/153/171
f 326/337/172 154/154/173 153/153/171
f 140/140/174 139/139/175 129/129/176
f 129/129/176 139/139/175 16/16/177
f 411/422/178 145/145/179 412/423/180
f 412/423/180 145/145/179 33/33/181
f 239/250/182 242/253/183 240/251/184
f 240/251/184 242/253/183 241/252/185
f 143/143/186 142/142/187 91/91/188
f 91/91/188 142/142/187 14/14/189
f 94/94/190 247/258/191 88/88/192
f 88/88/192 247/258/191 246/257/193
f 216/227/194 32/32/195 217/228/196
f 217/228/196 32/32/195 249/260/197
f 249/260/197 32/32/195 250/261/198
f 32/32/195 144/144/199 250/261/198
f 262/273/200 27/27/201 263/274/202
f 263/274/202 27/27/201 92/92/203
f 94/94/204 245/256/205 247/258/206
f 247/258/206 245/256/205 248/259/207
f 34/34/208 251/262/209 95/95/210
f 95/95/210 251/262/209 244/255/211
f 344/355/212 136/136/213 345/356/214
f 345/356/214 136/136/213 135/135/215
f 175/186/216 166/177/217 176/187/218
f 176/187/218 166/177/217 184/195/219
f 184/195/219 166/177/217 186/197/220
f 166/177/217 114/114/221 186/197/220
f 186/197/220 114/114/221 98/98/222
f 28/28/223 98/98/222 170/181/224
f 170/181/224 98/98/222 171/182/225
f 114/114/221 171/182/225 98/98/222
f 176/187/226 184/195/227 177/188/228
f 177/188/228 184/195/227 183/194/229
f 103/103/230 104/104/231 162/173/232
f 162/173/232 104/104/231 163/174/233
f 602/609/234 112/112/235 111/111/236
f 104/104/237 168/179/238 164/175/239
f 164/175/239 168/179/238 173/184/240
f 173/184/240 168/179/238 174/185/241
f 168/179/238 167/178/242 174/185/241
f 170/181/243 9/9/244 28/28/245
f 113/113/246 112/112/247 602/609/248
f 112/112/249 11/11/250 111/111/251
f 101/101/252 616/623/253 11/11/250
f 11/11/250 616/623/253 111/111/251
f 109/109/254 11/11/255 113/113/256
f 113/113/256 11/11/255 112/112/257
f 115/115/258 110/110/259 173/184/260
f 173/184/260 110/110/259 164/175/261
f 110/110/259 106/106/262 164/175/261
f 118/118/263 607/614/264 119/119/265
f 119/119/265 607/614/264 116/116/266
f 607/614/264 110/110/267 116/116/266
f 110/110/267 115/115/268 116/116/266
f 120/120/269 119/119/270 117/117/271
f 117/117/271 119/119/270 116/116/272
f 99/99/273 109/109/274 604/611/275
f 605/612/276 604/611/275 597/604/277
f 597/604/277 604/611/275 113/113/278
f 109/109/274 113/113/278 604/611/275
f 100/100/279 99/99/280 603/610/281
f 603/610/281 99/99/280 604/611/282
f 419/430/283 121/121/284 420/431/285
f 420/431/285 121/121/284 83/83/286
f 201/212/287 200/211/288 153/153/289
f 199/210/290 153/153/289 200/211/288
f 208/219/291 82/82/292 200/211/293
f 200/211/293 82/82/292 199/210/294
f 82/82/292 92/92/295 199/210/294
f 192/203/296 81/81/297 193/204/298
f 193/204/298 81/81/297 212/223/299
f 211/222/300 317/328/301 212/223/302
f 212/223/302 317/328/301 193/204/303
f 317/328/301 315/326/304 193/204/303
f 210/221/305 209/220/306 318/329/307
f 131/131/308 141/141/309 209/220/306
f 141/141/309 322/333/310 209/220/306
f 322/333/310 318/329/307 209/220/306
f 142/142/311 215/226/312 213/224/313
f 213/224/313 215/226/312 214/225/314
f 46/46/315 48/48/316 290/301/317
f 290/301/317 48/48/316 294/305/318
f 294/305/318 48/48/316 293/304/319
f 292/303/320 293/304/319 48/48/316
f 377/388/321 380/391/322 378/389/323
f 379/390/324 378/389/323 380/391/322
f 39/39/325 38/38/326 391/402/327
f 391/402/327 38/38/326 392/403/328
f 406/417/329 342/353/330 86/86/331
f 86/86/331 342/353/330 341/352/332
f 40/40/333 147/147/334 339/350/335
f 339/350/335 147/147/334 340/351/336
f 420/431/337 83/83/338 139/139/339
f 317/328/340 211/222/341 318/329/342
f 318/329/342 211/222/341 210/221/343
f 142/142/344 82/82/345 215/226/346
f 220/231/347 223/234/348 143/143/349
f 143/143/349 223/234/348 142/142/350
f 223/234/348 90/90/351 142/142/350
f 90/90/351 82/82/352 142/142/350
f 236/247/353 218/229/354 249/260/355
f 249/260/355 218/229/354 217/228/356
f 239/250/357 238/249/358 242/253/359
f 242/253/359 238/249/358 243/254/360
f 411/422/361 146/146/362 413/424/363
f 137/137/364 343/354/365 146/146/362
f 343/354/365 346/357/366 146/146/362
f 346/357/366 338/349/367 146/146/362
f 146/146/362 338/349/367 413/424/363
f 147/147/368 86/86/369 340/351/370
f 340/351/370 86/86/369 341/352/371
f 183/194/372 179/190/373 611/618/374
f 611/618/374 179/190/373 178/189/375
f 518/525/376 11/158/377 519/526/378
f 519/526/378 11/158/377 109/157/379
f 330/341/380 10/10/381 235/246/382
f 151/151/383 256/267/384 260/271/385
f 260/271/385 256/267/384 264/275/386
f 153/153/387 154/154/388 201/212/389
f 201/212/389 154/154/388 202/213/390
f 458/465/391 156/166/392 459/466/393
f 459/466/393 156/166/392 157/164/394
f 504/511/395 158/159/396 505/512/397
f 505/512/397 158/159/396 159/156/398
f 7/7/399 3/3/400 601/608/401
f 3/3/400 161/172/402 601/608/401
f 601/608/401 161/172/402 600/607/403
f 600/607/403 161/172/402 610/617/404
f 162/173/405 610/617/404 161/172/402
f 616/623/406 7/7/407 111/111/408
f 111/111/408 7/7/407 601/608/409
f 106/106/410 105/105/411 163/174/412
f 163/174/413 104/104/414 106/106/415
f 104/104/414 164/175/416 106/106/415
f 103/103/417 169/180/418 104/104/419
f 104/104/419 169/180/418 168/179/420
f 167/178/421 108/108/422 166/177/423
f 166/177/423 108/108/422 114/114/424
f 168/179/425 107/107/426 167/178/427
f 167/178/427 107/107/426 108/108/428
f 114/114/429 108/108/430 171/182/431
f 171/182/431 108/108/430 172/183/432
f 171/182/433 172/183/434 170/181/435
f 170/181/435 172/183/434 9/9/436
f 366/377/437 365/376/438 172/183/439
f 9/9/440 172/183/439 365/376/438
f 167/178/441 166/177/442 174/185/443
f 174/185/443 166/177/442 175/186/444
f 173/184/445 174/185/446 115/115/447
f 174/185/446 175/186/448 115/115/447
f 115/115/449 175/186/450 116/116/451
f 116/116/451 175/186/450 176/187/452
f 117/117/453 116/116/454 177/188/455
f 177/188/455 116/116/454 176/187/456
f 150/150/457 612/619/458 178/189/459
f 178/189/459 612/619/458 611/618/460
f 15/15/461 150/150/462 180/191/463
f 179/190/464 180/191/463 178/189/465
f 150/150/462 178/189/465 180/191/463
f 182/193/466 149/149/467 181/192/468
f 181/192/468 149/149/467 13/13/469
f 183/194/470 185/196/471 179/190/472
f 179/190/472 185/196/471 182/193/473
f 184/195/474 186/197/475 183/194/476
f 186/197/475 185/196/477 183/194/476
f 185/196/478 84/84/479 182/193/480
f 182/193/480 84/84/479 149/149/481
f 186/197/482 98/98/483 185/196/484
f 185/196/484 98/98/483 84/84/485
f 24/24/486 6/6/487 187/198/488
f 189/200/489 205/216/490 188/199/491
f 188/199/491 205/216/490 155/155/492
f 189/200/493 190/201/494 205/216/495
f 190/201/494 230/241/496 205/216/495
f 205/216/495 230/241/496 204/215/497
f 230/241/496 229/240/498 204/215/497
f 231/242/499 230/241/500 191/202/501
f 191/202/501 230/241/500 190/201/502
f 123/123/503 122/122/504 324/335/505
f 324/335/505 122/122/504 325/336/506
f 194/205/507 417/428/508 192/203/509
f 192/203/509 417/428/508 81/81/510
f 195/206/511 78/78/512 76/76/513
f 76/76/513 78/78/512 77/77/514
f 194/205/515 196/207/516 417/428/517
f 417/428/517 196/207/516 195/206/518
f 195/206/519 196/207/520 198/209/521
f 197/208/522 198/209/521 196/207/520
f 198/209/523 288/299/524 195/206/525
f 195/206/525 288/299/524 78/78/526
f 153/153/527 199/210/528 269/280/529
f 92/92/530 27/27/531 199/210/528
f 27/27/531 269/280/529 199/210/528
f 201/212/532 122/122/533 200/211/534
f 200/211/534 122/122/533 123/123/535
f 325/336/536 122/122/537 316/327/538
f 202/213/539 227/238/540 201/212/541
f 201/212/541 227/238/540 122/122/537
f 227/238/540 316/327/538 122/122/537
f 194/205/542 226/237/543 196/207/544
f 196/207/544 226/237/543 75/75/545
f 229/240/546 228/239/547 204/215/548
f 204/215/548 228/239/547 203/214/549
f 155/155/550 205/216/551 203/214/552
f 205/216/551 204/215/553 203/214/552
f 207/218/554 320/331/555 206/217/556
f 206/217/556 320/331/555 319/330/557
f 321/332/558 320/331/559 208/219/560
f 208/219/560 320/331/559 207/218/561
f 321/332/562 208/219/563 123/123/564
f 200/211/565 123/123/564 208/219/563
f 209/220/566 210/221/567 129/129/568
f 129/129/568 210/221/567 140/140/569
f 211/222/570 128/128/571 210/221/572
f 210/221/572 128/128/571 140/140/573
f 212/223/574 126/126/575 211/222/576
f 211/222/576 126/126/575 128/128/577
f 126/126/575 127/127/578 128/128/577
f 14/14/579 142/142/580 213/224/581
f 215/226/582 207/218/583 214/225/584
f 214/225/584 207/218/583 206/217/585
f 82/82/586 208/219/587 215/226/588
f 215/226/588 208/219/587 207/218/589
f 216/227/590 217/228/591 91/91/592
f 91/91/592 217/228/591 143/143/593
f 218/229/594 220/231/595 217/228/596
f 217/228/596 220/231/595 143/143/597
f 220/231/598 218/229/599 221/232/600
f 219/230/601 221/232/600 218/229/599
f 221/232/602 224/235/603 220/231/604
f 220/231/604 224/235/603 223/234/605
f 225/236/606 224/235/607 222/233/608
f 222/233/608 224/235/607 221/232/609
f 93/93/610 90/90/611 224/235/612
f 224/235/612 90/90/611 223/234/613
f 225/236/614 89/89/615 224/235/616
f 224/235/616 89/89/615 93/93/617
f 202/213/618 203/214/619 227/238/620
f 227/238/620 203/214/619 228/239/621
f 228/239/622 75/75/623 227/238/624
f 226/237/625 227/238/624 75/75/623
f 229/240/626 418/429/627 228/239/628
f 228/239/628 418/429/627 75/75/629
f 73/73/630 418/429/631 230/241/632
f 230/241/632 418/429/631 229/240/633
f 73/73/634 230/241/635 232/243/636
f 231/242/637 232/243/636 230/241/635
f 20/20/638 4/4/639 232/243/640
f 232/243/640 4/4/639 73/73/641
f 233/244/642 155/155/643 203/214/644
f 308/319/645 27/27/646 309/320/647
f 309/320/647 27/27/646 262/273/648
f 269/280/649 268/279/650 153/153/651
f 218/229/652 236/247/653 219/230/654
f 237/248/655 307/318/656 236/247/653
f 236/247/653 307/318/656 219/230/654
f 145/145/657 87/87/658 239/250/659
f 239/250/659 87/87/658 238/249/660
f 33/33/661 145/145/662 240/251/663
f 240/251/663 145/145/662 239/250/664
f 241/252/665 242/253/666 32/32/667
f 32/32/667 242/253/666 144/144/668
f 243/254/669 88/88/670 242/253/671
f 242/253/671 88/88/670 144/144/672
f 94/94/673 88/88/674 244/255/675
f 244/255/675 88/88/674 243/254/676
f 306/317/677 252/263/678 307/318/679
f 307/318/679 252/263/678 219/230/680
f 221/232/681 219/230/680 222/233/682
f 252/263/678 222/233/682 219/230/680
f 246/257/683 247/258/684 236/247/685
f 236/247/685 247/258/684 237/248/686
f 248/259/687 31/31/688 247/258/689
f 247/258/689 31/31/688 237/248/690
f 246/257/691 236/247/692 250/261/693
f 250/261/693 236/247/692 249/260/694
f 88/88/695 246/257/696 144/144/697
f 144/144/697 246/257/696 250/261/698
f 94/94/699 244/255/700 245/256/701
f 251/262/702 245/256/701 244/255/700
f 253/264/703 266/277/704 252/263/705
f 252/263/705 266/277/704 222/233/706
f 253/264/707 311/322/708 266/277/709
f 266/277/709 311/322/708 267/278/710
f 152/152/711 265/276/712 280/291/713
f 280/291/713 265/276/712 274/285/714
f 311/322/715 310/321/716 267/278/717
f 258/269/718 282/293/719 314/325/720
f 259/270/721 283/294/722 258/269/723
f 283/294/722 282/293/724 258/269/723
f 260/271/725 261/272/726 151/151/727
f 151/151/727 261/272/726 234/245/728
f 309/320/729 262/273/730 89/89/731
f 89/89/732 262/273/733 93/93/734
f 93/93/734 262/273/733 263/274/735
f 10/10/736 330/341/737 255/266/738
f 264/275/739 274/285/740 270/281/741
f 270/281/741 274/285/740 273/284/742
f 151/151/743 266/277/744 256/267/745
f 256/267/745 266/277/744 267/278/746
f 152/152/747 280/291/748 267/278/749
f 235/246/750 10/10/751 268/279/752
f 308/319/753 268/279/754 27/27/755
f 27/27/755 268/279/754 269/280/756
f 275/286/757 270/281/758 276/287/759
f 276/287/759 270/281/758 273/284/760
f 273/284/761 271/282/762 276/287/763
f 276/287/763 271/282/762 277/288/764
f 274/285/765 265/276/766 273/284/767
f 273/284/767 265/276/766 271/282/768
f 275/286/769 276/287/770 278/289/771
f 278/289/772 276/287/773 279/290/774
f 279/290/774 276/287/773 277/288/775
f 275/286/776 278/289/777 255/266/778
f 255/266/778 278/289/777 272/283/779
f 272/283/780 278/289/781 24/24/782
f 24/24/782 278/289/781 279/290/783
f 280/291/784 256/267/785 267/278/786
f 256/267/787 280/291/788 264/275/789
f 264/275/789 280/291/788 274/285/790
f 47/47/791 152/152/792 310/321/793
f 310/321/793 152/152/792 267/278/794
f 29/29/795 254/265/796 282/293/797
f 282/293/797 254/265/796 281/292/798
f 283/294/799 36/36/800 282/293/801
f 36/36/800 49/49/802 282/293/801
f 49/49/802 29/29/803 282/293/801
f 79/79/804 284/295/805 12/12/806
f 12/12/806 284/295/805 621/629/807
f 284/295/805 285/296/808 621/629/807
f 620/628/809 12/12/810 621/629/811
f 8/8/812 72/72/813 622/630/814
f 286/297/815 78/78/816 287/298/817
f 288/299/818 287/298/817 78/78/816
f 289/300/819 2/2/820 190/201/821
f 19/19/822 2/2/823 291/302/824
f 291/302/824 2/2/823 289/300/825
f 45/45/826 19/19/827 290/301/828
f 290/301/828 19/19/827 291/302/829
f 70/70/830 45/45/831 294/305/832
f 294/305/832 45/45/831 290/301/833
f 132/132/834 68/68/835 292/303/836
f 292/303/836 68/68/835 293/304/837
f 68/68/838 70/70/839 293/304/840
f 293/304/840 70/70/839 294/305/841
f 67/67/842 132/132/843 297/308/844
f 297/308/844 132/132/843 292/303/845
f 17/17/846 64/64/847 295/306/848
f 295/306/848 64/64/847 296/307/849
f 64/64/850 67/67/851 296/307/852
f 296/307/852 67/67/851 297/308/853
f 353/364/854 17/17/855 358/369/856
f 298/309/857 50/50/858 384/395/859
f 58/58/860 50/50/861 305/316/862
f 305/316/862 50/50/861 298/309/863
f 304/315/864 61/61/865 305/316/866
f 305/316/866 61/61/865 58/58/867
f 30/30/868 313/324/869 31/31/870
f 31/31/870 313/324/869 312/323/871
f 312/323/872 306/317/873 31/31/874
f 31/31/874 306/317/873 237/248/875
f 306/317/873 307/318/876 237/248/875
f 308/319/877 235/246/878 268/279/879
f 261/272/880 235/246/881 309/320/882
f 309/320/882 235/246/881 308/319/883
f 234/245/884 261/272/885 89/89/886
f 89/89/886 261/272/885 309/320/887
f 89/89/888 225/236/889 234/245/890
f 234/245/890 225/236/889 222/233/891
f 266/277/892 151/151/893 222/233/894
f 222/233/894 151/151/893 234/245/895
f 254/265/896 47/47/897 281/292/898
f 281/292/898 47/47/897 310/321/899
f 281/292/900 310/321/901 257/268/902
f 257/268/902 310/321/901 311/322/903
f 253/264/904 257/268/905 311/322/906
f 312/323/907 313/324/908 306/317/909
f 306/317/909 313/324/908 253/264/910
f 253/264/911 313/324/912 257/268/913
f 257/268/913 313/324/912 314/325/914
f 282/293/915 281/292/916 314/325/917
f 314/325/917 281/292/916 257/268/918
f 315/326/919 316/327/920 193/204/921
f 193/204/921 316/327/920 192/203/922
f 316/327/923 227/238/924 192/203/925
f 227/238/924 226/237/926 192/203/925
f 226/237/926 194/205/927 192/203/925
f 124/124/928 123/123/929 323/334/930
f 123/123/929 324/335/931 323/334/930
f 322/333/932 141/141/933 323/334/934
f 323/334/934 141/141/933 124/124/935
f 141/141/933 130/130/936 124/124/935
f 319/330/937 320/331/938 131/131/939
f 131/131/939 320/331/938 141/141/940
f 321/332/941 130/130/942 320/331/943
f 320/331/943 130/130/942 141/141/944
f 321/332/945 123/123/946 130/130/947
f 123/123/946 124/124/948 130/130/947
f 323/334/949 317/328/950 322/333/951
f 322/333/951 317/328/950 318/329/952
f 323/334/953 324/335/954 317/328/955
f 324/335/954 315/326/956 317/328/955
f 316/327/957 315/326/958 325/336/959
f 325/336/959 315/326/958 324/335/960
f 188/199/961 155/155/962 328/339/963
f 328/339/963 155/155/962 233/244/964
f 255/266/965 327/338/966 10/10/967
f 10/10/967 327/338/966 326/337/968
f 328/339/969 233/244/970 326/337/971
f 326/337/971 233/244/970 154/154/972
f 328/339/973 329/340/974 188/199/975
f 187/198/976 188/199/975 329/340/974
f 326/337/977 329/340/978 328/339/979
f 24/24/980 187/198/981 327/338/982
f 327/338/982 187/198/981 329/340/983
f 326/337/984 327/338/985 329/340/986
f 24/24/987 279/290/988 6/6/989
f 279/290/988 277/288/990 6/6/989
f 277/288/990 271/282/991 6/6/989
f 260/271/992 264/275/993 330/341/994
f 264/275/993 270/281/995 330/341/994
f 270/281/995 275/286/996 330/341/994
f 330/341/994 275/286/996 255/266/997
f 260/271/998 330/341/999 261/272/1000
f 261/272/1000 330/341/999 235/246/1001
f 414/425/1002 331/342/1003 416/427/1004
f 332/343/1005 335/346/1006 331/342/1003
f 331/342/1003 335/346/1006 416/427/1004
f 336/347/1007 335/346/1008 333/344/1009
f 333/344/1009 335/346/1008 350/361/1010
f 336/347/1011 333/344/1012 360/371/1013
f 360/371/1013 333/344/1012 361/372/1014
f 336/347/1015 35/35/1016 335/346/1017
f 34/34/1018 415/426/1019 35/35/1016
f 35/35/1016 415/426/1019 335/346/1017
f 35/35/1020 336/347/1021 259/270/1022
f 259/270/1022 336/347/1021 360/371/1023
f 136/136/1024 344/355/1025 137/137/1026
f 343/354/1027 137/137/1026 344/355/1025
f 340/351/1028 146/146/1029 339/350/1030
f 339/350/1030 146/146/1029 138/138/1031
f 137/137/1032 146/146/1033 341/352/1034
f 341/352/1034 146/146/1033 340/351/1035
f 342/353/1036 136/136/1037 341/352/1038
f 136/136/1037 137/137/1039 341/352/1038
f 346/357/1040 343/354/1041 347/358/1042
f 343/354/1041 344/355/1043 347/358/1042
f 347/358/1044 344/355/1045 348/359/1046
f 348/359/1046 344/355/1045 345/356/1047
f 346/357/1048 347/358/1049 338/349/1050
f 338/349/1050 347/358/1049 331/342/1051
f 347/358/1052 348/359/1053 331/342/1054
f 331/342/1054 348/359/1053 332/343/1055
f 134/134/1056 333/344/1057 135/135/1058
f 349/360/1059 135/135/1058 350/361/1060
f 135/135/1058 333/344/1057 350/361/1060
f 349/360/1061 332/343/1062 348/359/1063
f 350/361/1064 332/343/1065 349/360/1066
f 335/346/1067 332/343/1068 350/361/1069
f 383/394/1070 382/393/1071 51/51/1072
f 51/51/1072 382/393/1071 52/52/1073
f 359/370/1074 356/367/1075 355/366/1076
f 352/363/1077 351/362/1078 133/133/1079
f 351/362/1078 337/348/1080 133/133/1079
f 299/310/1081 56/56/1082 353/364/1083
f 353/364/1083 56/56/1082 17/17/1084
f 51/51/1085 298/309/1086 383/394/1087
f 383/394/1087 298/309/1086 384/395/1088
f 354/365/1089 355/366/1090 351/362/1091
f 351/362/1091 355/366/1090 337/348/1092
f 359/370/1093 25/25/1094 356/367/1095
f 295/306/1096 23/23/1097 358/369/1098
f 358/369/1098 23/23/1097 357/368/1099
f 17/17/1100 295/306/1101 358/369/1102
f 23/23/1103 25/25/1104 357/368/1105
f 357/368/1105 25/25/1104 359/370/1106
f 354/365/1107 357/368/1108 355/366/1109
f 355/366/1109 357/368/1108 359/370/1110
f 367/378/1111 283/294/1112 360/371/1113
f 360/371/1113 283/294/1112 259/270/1114
f 368/379/1115 367/378/1116 361/372/1117
f 361/372/1117 367/378/1116 360/371/1118
f 362/373/1119 369/380/1120 361/372/1121
f 361/372/1121 369/380/1120 368/379/1122
f 386/397/1123 385/396/1124 377/388/1125
f 377/388/1125 385/396/1124 380/391/1126
f 36/36/1127 283/294/1128 25/25/1129
f 283/294/1128 367/378/1130 25/25/1129
f 25/25/1129 367/378/1130 356/367/1131
f 356/367/1131 367/378/1130 355/366/1132
f 367/378/1130 337/348/1133 355/366/1132
f 368/379/1134 334/345/1135 367/378/1136
f 367/378/1136 334/345/1135 337/348/1137
f 133/133/1138 334/345/1139 369/380/1140
f 369/380/1140 334/345/1139 368/379/1141
f 376/387/1142 52/52/1143 381/392/1144
f 381/392/1144 52/52/1143 382/393/1145
f 397/408/1146 396/407/1147 375/386/1148
f 375/386/1148 396/407/1147 37/37/1149
f 370/381/1150 37/37/1151 395/406/1152
f 395/406/1152 37/37/1151 396/407/1153
f 387/398/1154 394/405/1155 363/374/1156
f 363/374/1156 394/405/1155 393/404/1157
f 38/38/1158 363/374/1159 392/403/1160
f 392/403/1160 363/374/1159 393/404/1161
f 134/134/1162 379/390/1163 362/373/1164
f 362/373/1164 379/390/1163 380/391/1165
f 385/396/1166 369/380/1167 380/391/1168
f 369/380/1167 362/373/1169 380/391/1168
f 382/393/1170 133/133/1171 381/392/1172
f 381/392/1172 133/133/1171 369/380/1173
f 383/394/1174 352/363/1175 382/393/1176
f 382/393/1176 352/363/1175 133/133/1177
f 384/395/1178 299/310/1179 383/394/1180
f 383/394/1180 299/310/1179 352/363/1181
f 352/363/1181 299/310/1179 351/362/1182
f 299/310/1179 353/364/1183 351/362/1182
f 353/364/1183 354/365/1184 351/362/1182
f 50/50/1185 56/56/1186 384/395/1187
f 384/395/1187 56/56/1186 299/310/1188
f 381/392/1189 369/380/1190 385/396/1191
f 376/387/1192 381/392/1193 386/397/1194
f 386/397/1194 381/392/1193 385/396/1195
f 394/405/1196 387/398/1197 395/406/1198
f 387/398/1197 370/381/1199 395/406/1198
f 390/401/1200 135/135/1201 342/353/1202
f 342/353/1202 135/135/1201 136/136/1203
f 134/134/1204 135/135/1205 390/401/1206
f 134/134/1207 390/401/1208 379/390/1209
f 390/401/1208 391/402/1210 379/390/1209
f 379/390/1209 391/402/1210 378/389/1211
f 391/402/1210 392/403/1212 378/389/1211
f 392/403/1213 393/404/1214 378/389/1215
f 378/389/1215 393/404/1214 377/388/1216
f 377/388/1217 393/404/1218 386/397/1219
f 394/405/1220 386/397/1219 393/404/1218
f 395/406/1221 376/387/1222 394/405/1223
f 394/405/1223 376/387/1222 386/397/1224
f 52/52/1225 376/387/1226 396/407/1227
f 396/407/1227 376/387/1226 395/406/1228
f 51/51/1229 52/52/1230 397/408/1231
f 397/408/1231 52/52/1230 396/407/1232
f 400/411/1233 401/412/1234 363/374/1235
f 401/412/1234 387/398/1236 363/374/1235
f 402/413/1237 370/381/1238 401/412/1239
f 401/412/1239 370/381/1238 387/398/1240
f 37/37/1241 370/381/1242 403/414/1243
f 403/414/1243 370/381/1242 402/413/1244
f 37/37/1245 403/414/1246 375/386/1247
f 404/415/1248 375/386/1247 403/414/1246
f 406/417/1249 407/418/1250 342/353/1251
f 39/39/1252 391/402/1253 407/418/1250
f 390/401/1254 342/353/1251 391/402/1253
f 407/418/1250 391/402/1253 342/353/1251
f 146/146/1255 411/422/1256 138/138/1257
f 138/138/1257 411/422/1256 412/423/1258
f 145/145/1259 411/422/1260 87/87/1261
f 87/87/1261 411/422/1260 413/424/1262
f 87/87/1263 413/424/1264 95/95/1265
f 413/424/1266 414/425/1267 95/95/1268
f 95/95/1269 414/425/1270 34/34/1271
f 414/425/1270 416/427/1272 34/34/1271
f 416/427/1273 415/426/1274 34/34/1275
f 335/346/1276 415/426/1277 416/427/1278
f 81/81/1279 125/125/1280 212/223/1281
f 212/223/1281 125/125/1280 126/126/1282
f 417/428/1283 76/76/1284 81/81/1285
f 76/76/1286 417/428/1287 195/206/1288
f 418/429/1289 74/74/1290 75/75/1291
f 73/73/1292 74/74/1293 418/429/1294
f 125/125/1295 80/80/1296 126/126/1297
f 126/126/1297 80/80/1296 419/430/1298
f 126/126/1299 419/430/1300 127/127/1301
f 127/127/1301 419/430/1300 420/431/1302
f 128/128/1303 127/127/1304 140/140/1305
f 127/127/1304 420/431/1306 140/140/1305
f 140/140/1305 420/431/1306 139/139/1307
f 421/432/1308 285/296/1309 284/295/1310
f 422/433/1311 285/296/1312 421/432/1313
f 286/297/1314 285/296/1315 422/433/1316
f 423/434/1317 426/437/1318 496/503/1319
f 496/503/1319 426/437/1318 497/504/1320
f 427/436/1321 491/498/1322 424/435/1323
f 424/435/1323 491/498/1322 490/497/1324
f 555/562/1325 554/561/1326 438/451/1327
f 438/451/1327 554/561/1326 429/443/1328
f 436/449/1329 582/589/1330 447/162/1331
f 447/162/1331 582/589/1330 581/588/1332
f 556/563/1333 555/562/1334 430/442/1335
f 430/442/1335 555/562/1334 438/451/1336
f 439/452/1337 577/584/1338 566/573/1339
f 566/573/1339 577/584/1338 576/583/1340
f 526/533/1341 440/453/1342 570/577/1343
f 570/577/1343 440/453/1342 571/578/1344
f 573/580/1345 437/450/1346 574/581/1347
f 574/581/1347 437/450/1346 431/444/1348
f 432/445/1349 437/450/1350 572/579/1351
f 572/579/1351 437/450/1350 573/580/1352
f 534/541/1353 533/540/1354 526/533/1355
f 526/533/1355 533/540/1354 440/453/1356
f 446/163/1357 546/553/1358 448/441/1359
f 448/441/1359 546/553/1358 530/537/1360
f 434/447/1361 447/162/1362 580/587/1363
f 580/587/1363 447/162/1362 581/588/1364
f 156/166/1365 455/462/1366 157/164/1367
f 157/164/1367 455/462/1366 454/461/1368
f 451/458/1369 450/457/1370 453/460/1371
f 453/460/1371 450/457/1370 452/459/1372
f 455/462/1373 450/457/1374 454/461/1375
f 454/461/1375 450/457/1374 451/458/1376
f 467/474/1377 466/473/1378 457/464/1379
f 457/464/1379 466/473/1378 456/463/1380
f 461/468/1381 460/467/1382 459/466/1383
f 459/466/1383 460/467/1382 458/465/1384
f 456/463/1385 460/467/1386 457/464/1387
f 457/464/1387 460/467/1386 461/468/1388
f 483/490/1389 482/489/1390 464/471/1391
f 464/471/1391 482/489/1390 465/472/1392
f 465/472/1393 462/469/1394 464/471/1395
f 464/471/1395 462/469/1394 463/470/1396
f 463/470/1397 462/469/1398 467/474/1399
f 467/474/1399 462/469/1398 466/473/1400
f 472/479/1401 468/475/1402 473/480/1403
f 473/480/1403 468/475/1402 469/476/1404
f 469/476/1405 468/475/1406 471/478/1407
f 471/478/1407 468/475/1406 470/477/1408
f 452/459/1409 472/479/1410 453/460/1411
f 453/460/1411 472/479/1410 473/480/1412
f 478/485/1413 474/481/1414 479/486/1415
f 479/486/1415 474/481/1414 475/482/1416
f 475/482/1417 474/481/1418 477/484/1419
f 477/484/1419 474/481/1418 476/483/1420
f 470/477/1421 478/485/1422 471/478/1423
f 471/478/1423 478/485/1422 479/486/1424
f 484/491/1425 480/487/1426 485/492/1427
f 485/492/1427 480/487/1426 481/488/1428
f 481/488/1429 480/487/1430 483/490/1431
f 483/490/1431 480/487/1430 482/489/1432
f 619/627/1433 8/168/1434 485/492/1435
f 485/492/1435 8/168/1434 484/491/1436
f 487/494/1437 489/496/1438 486/493/1439
f 486/493/1439 489/496/1438 488/495/1440
f 489/496/1441 501/508/1442 488/495/1443
f 488/495/1443 501/508/1442 500/507/1444
f 490/497/1445 491/498/1446 486/493/1447
f 486/493/1447 491/498/1446 487/494/1448
f 492/499/1449 493/500/1450 424/435/1451
f 424/435/1451 493/500/1450 427/436/1452
f 494/501/1453 495/502/1454 492/499/1455
f 492/499/1455 495/502/1454 493/500/1456
f 496/503/1457 497/504/1458 494/501/1459
f 494/501/1459 497/504/1458 495/502/1460
f 499/506/1461 428/439/1462 498/505/1463
f 498/505/1463 428/439/1462 425/438/1464
f 501/508/1465 499/506/1466 500/507/1467
f 500/507/1467 499/506/1466 498/505/1468
f 520/527/1469 502/509/1470 521/528/1471
f 521/528/1471 502/509/1470 503/510/1472
f 503/510/1473 502/509/1474 505/512/1475
f 505/512/1475 502/509/1474 504/511/1476
f 511/518/1477 510/517/1478 507/514/1479
f 507/514/1479 510/517/1478 506/513/1480
f 158/159/1481 508/515/1482 159/156/1483
f 159/156/1483 508/515/1482 509/516/1484
f 508/515/1485 510/517/1486 509/516/1487
f 509/516/1487 510/517/1486 511/518/1488
f 506/513/1489 512/519/1490 507/514/1491
f 507/514/1491 512/519/1490 513/520/1492
f 512/519/1493 514/521/1494 513/520/1495
f 513/520/1495 514/521/1494 515/522/1496
f 514/521/1497 516/523/1498 515/522/1499
f 515/522/1499 516/523/1498 517/524/1500
f 516/523/1501 518/525/1502 517/524/1503
f 517/524/1503 518/525/1502 519/526/1504
f 522/529/1505 520/527/1506 523/530/1507
f 523/530/1507 520/527/1506 521/528/1508
f 12/161/1509 522/529/1510 79/160/1511
f 79/160/1511 522/529/1510 523/530/1512
f 535/542/1513 534/541/1514 528/535/1515
f 528/535/1515 534/541/1514 526/533/1516
f 536/543/1517 535/542/1518 595/602/1519
f 532/539/1520 595/602/1519 528/535/1521
f 535/542/1518 528/535/1521 595/602/1519
f 590/597/1522 535/542/1523 591/598/1524
f 591/598/1524 535/542/1523 536/543/1525
f 545/552/1526 435/448/1527 524/531/1528
f 524/531/1528 435/448/1527 449/440/1529
f 546/553/1530 550/557/1531 530/537/1532
f 530/537/1532 550/557/1531 529/536/1533
f 549/556/1534 446/163/1535 548/555/1536
f 548/555/1536 446/163/1535 448/441/1537
f 545/552/1538 524/531/1539 550/557/1540
f 550/557/1540 524/531/1539 529/536/1541
f 442/455/1542 532/539/1543 567/574/1544
f 567/574/1544 532/539/1543 568/575/1545
f 552/559/1546 443/456/1547 551/558/1548
f 551/558/1548 443/456/1547 441/454/1549
f 444/170/1550 443/456/1551 553/560/1552
f 553/560/1552 443/456/1551 552/559/1553
f 568/575/1554 532/539/1555 569/576/1556
f 569/576/1556 532/539/1555 528/535/1557
f 552/559/1558 551/558/1559 558/565/1560
f 558/565/1560 551/558/1559 559/566/1561
f 553/560/1562 552/559/1563 557/564/1564
f 557/564/1564 552/559/1563 558/565/1565
f 557/564/1566 558/565/1567 556/563/1568
f 556/563/1568 558/565/1567 555/562/1569
f 555/562/1570 558/565/1571 554/561/1572
f 554/561/1572 558/565/1571 559/566/1573
f 528/535/1574 526/533/1575 569/576/1576
f 569/576/1576 526/533/1575 570/577/1577
f 431/444/1578 589/596/1579 574/581/1580
f 574/581/1580 589/596/1579 588/595/1581
f 441/454/1582 587/594/1583 551/558/1584
f 551/558/1584 587/594/1583 586/593/1585
f 551/558/1586 586/593/1587 559/566/1588
f 559/566/1588 586/593/1587 585/592/1589
f 584/591/1590 554/561/1591 585/592/1592
f 585/592/1592 554/561/1591 559/566/1593
f 554/561/1594 584/591/1595 429/443/1596
f 429/443/1596 584/591/1595 565/572/1597
f 584/591/1595 564/571/1598 565/572/1597
f 566/573/1599 576/583/1600 560/567/1601
f 560/567/1601 576/583/1600 575/582/1602
f 567/574/1603 568/575/1604 561/568/1605
f 561/568/1605 568/575/1604 562/569/1606
f 562/569/1607 568/575/1608 563/570/1609
f 563/570/1609 568/575/1608 569/576/1610
f 570/577/1611 564/571/1612 569/576/1613
f 569/576/1613 564/571/1612 563/570/1614
f 570/577/1615 571/578/1616 564/571/1617
f 564/571/1617 571/578/1616 565/572/1618
f 572/579/1619 573/580/1620 444/170/1621
f 444/170/1621 573/580/1620 443/456/1622
f 443/456/1623 573/580/1624 441/454/1625
f 441/454/1625 573/580/1624 574/581/1626
f 587/594/1627 441/454/1628 588/595/1629
f 588/595/1629 441/454/1628 574/581/1630
f 576/583/1631 567/574/1632 575/582/1633
f 575/582/1633 567/574/1632 561/568/1634
f 577/584/1635 442/455/1636 576/583/1637
f 576/583/1637 442/455/1636 567/574/1638
f 548/555/1639 547/554/1640 581/588/1641
f 581/588/1641 547/554/1640 580/587/1642
f 582/589/1643 549/556/1644 581/588/1645
f 581/588/1645 549/556/1644 548/555/1646
f 584/591/1647 585/592/1648 564/571/1649
f 564/571/1649 585/592/1648 563/570/1650
f 586/593/1651 562/569/1652 585/592/1653
f 585/592/1653 562/569/1652 563/570/1654
f 561/568/1655 562/569/1656 587/594/1657
f 587/594/1657 562/569/1656 586/593/1658
f 575/582/1659 561/568/1660 588/595/1661
f 588/595/1661 561/568/1660 587/594/1662
f 560/567/1663 575/582/1664 589/596/1665
f 589/596/1665 575/582/1664 588/595/1666
f 577/584/1667 439/452/1668 596/603/1669
f 592/599/1670 593/600/1671 439/452/1668
f 439/452/1668 593/600/1671 596/603/1669
f 594/601/1672 596/603/1673 593/600/1674
f 532/539/1675 442/455/1676 595/602/1677
f 595/602/1677 442/455/1676 594/601/1678
f 442/455/1679 577/584/1680 594/601/1681
f 594/601/1681 577/584/1680 596/603/1682
f 598/605/1683 608/615/1684 597/604/1685
f 597/604/1685 608/615/1684 605/612/1686
f 605/612/1686 608/615/1684 118/118/1687
f 608/615/1684 607/614/1688 118/118/1687
f 608/615/1689 598/605/1690 609/616/1691
f 609/616/1691 598/605/1690 599/606/1692
f 610/617/1693 609/616/1694 600/607/1695
f 600/607/1695 609/616/1694 599/606/1696
f 601/608/1697 600/607/1698 111/111/1699
f 600/607/1698 599/606/1700 111/111/1699
f 113/113/1701 602/609/1702 597/604/1703
f 597/604/1703 602/609/1702 598/605/1704
f 602/609/1705 111/111/1706 598/605/1707
f 598/605/1707 111/111/1706 599/606/1708
f 603/610/1709 604/611/1710 606/613/1711
f 605/612/1712 606/613/1713 604/611/1714
f 603/610/1715 606/613/1716 120/120/1717
f 120/120/1717 606/613/1716 119/119/1718
f 605/612/1719 118/118/1720 606/613/1721
f 606/613/1721 118/118/1720 119/119/1722
f 608/615/1723 106/106/1724 607/614/1725
f 607/614/1725 106/106/1724 110/110/1726
f 106/106/1727 608/615/1728 105/105/1729
f 105/105/1729 608/615/1728 609/616/1730
f 610/617/1731 162/173/1732 609/616/1733
f 609/616/1733 162/173/1732 105/105/1734
f 162/173/1732 163/174/1735 105/105/1734
f 183/194/1736 614/621/1737 177/188/1738
f 177/188/1738 614/621/1737 117/117/1739
f 117/117/1740 614/621/1741 120/120/1742
f 614/621/1741 613/620/1743 120/120/1742
f 120/120/1742 613/620/1743 603/610/1744
f 613/620/1743 100/100/1745 603/610/1744
f 613/620/1746 614/621/1747 612/619/1748
f 612/619/1748 614/621/1747 611/618/1749
f 183/194/1750 611/618/1751 614/621/1752
f 101/101/1753 617/624/1754 616/623/1755
f 617/624/1756 7/7/1757 616/623/1758
f 476/483/1759 7/165/1760 477/484/1761
f 618/626/1762 477/484/1761 617/625/1763
f 477/484/1761 7/165/1760 617/625/1763
f 72/167/1764 8/168/1765 619/627/1766
f 622/630/1767 72/72/1768 621/629/1769
f 72/72/1768 620/628/1770 621/629/1769
f 8/8/1771 622/630/1772 287/298/1773
f 287/298/1773 622/630/1772 286/297/1774
f 286/297/1775 622/630/1776 285/296/1777
f 285/296/1777 622/630/1776 621/629/1778
f 538/545/1779 578/585/1780 592/599/1781
f 592/599/1781 578/585/1780 593/600/1782
f 536/543/1783 595/602/1784 537/544/1785
f 537/544/1785 595/602/1784 594/601/1786
f 624/665/1787 578/585/1788 623/631/1789
f 623/631/1789 578/585/1788 538/545/1790
f 434/447/1791 583/590/1792 544/551/1793
f 544/551/1793 583/590/1792 579/586/1794
f 578/585/1795 537/544/1796 593/600/1797
f 593/600/1797 537/544/1796 594/601/1798
f 580/587/1799 547/554/1800 583/590/1801
f 434/447/1802 580/587/1803 583/590/1804
f 623/666/1805 544/551/1806 624/632/1807
f 624/632/1807 544/551/1806 579/586/1808
f 449/440/1809 433/446/1810 524/531/1811
f 524/531/1811 433/446/1810 525/532/1812
f 529/536/1813 527/534/1814 530/537/1815
f 530/537/1815 527/534/1814 531/538/1816
f 524/531/1817 525/532/1818 529/536/1819
f 529/536/1819 525/532/1818 527/534/1820
f 540/547/1821 539/546/1822 534/541/1823
f 534/541/1823 539/546/1822 533/540/1824
f 590/597/1825 540/547/1826 535/542/1827
f 535/542/1827 540/547/1826 534/541/1828
f 626/661/1829 625/660/1830 540/547/1831
f 540/547/1831 625/660/1830 539/546/1832
f 627/662/1833 626/661/1834 541/548/1835
f 541/548/1835 626/661/1834 540/547/1836
f 542/549/1837 531/538/1838 627/635/1839
f 627/635/1839 531/538/1838 527/534/1840
f 541/548/1841 540/547/1842 590/597/1843
f 541/548/1844 590/597/1845 542/663/1846
f 542/663/1846 590/597/1845 591/598/1847
f 530/537/1848 531/538/1849 448/441/1850
f 448/441/1850 531/538/1849 445/169/1851
f 542/663/1852 591/598/1853 543/550/1854
f 543/550/1854 591/598/1853 537/544/1855
f 591/598/1853 536/543/1856 537/544/1855
f 445/169/1857 531/538/1858 543/664/1859
f 543/664/1859 531/538/1858 542/549/1860
f 547/554/1861 548/555/1862 445/169/1863
f 445/169/1863 548/555/1862 448/441/1864
f 543/550/1865 537/544/1866 624/665/1867
f 624/665/1867 537/544/1866 578/585/1868
f 583/590/1869 547/554/1870 445/169/1871
f 445/169/1872 543/664/1873 583/590/1874
f 583/590/1874 543/664/1873 579/586/1875
f 543/664/1876 624/632/1877 579/586/1878
f 542/663/1879 627/662/1880 541/548/1881
f 626/633/1882 627/635/1883 525/532/1884
f 525/532/1884 627/635/1883 527/534/1885
f 625/634/1886 626/633/1887 433/446/1888
f 433/446/1888 626/633/1887 525/532/1889
f 399/410/1890 374/385/1891 400/411/1892
f 400/411/1892 374/385/1891 373/384/1893
f 628/654/1894 374/385/1895 629/655/1896
f 629/655/1896 374/385/1895 405/416/1897
f 399/410/1898 398/409/1899 374/385/1895
f 374/385/1895 398/409/1899 405/416/1897
f 408/419/1900 96/96/1901 86/86/1902
f 9/9/1903 365/376/1904 42/42/1905
f 42/42/1905 365/376/1904 364/653/1906
f 28/28/1907 9/9/1908 43/43/1909
f 43/43/1909 9/9/1908 42/42/1910
f 84/84/1911 98/98/1912 85/85/1913
f 85/85/1913 98/98/1912 97/97/1914
f 13/13/1915 149/149/1916 44/44/1917
f 44/44/1917 149/149/1916 148/148/1918
f 409/420/1919 147/147/1920 410/421/1921
f 410/421/1921 147/147/1920 40/40/1922
f 98/98/1923 28/28/1924 97/97/1925
f 97/97/1925 28/28/1924 43/43/1926
f 409/420/1927 408/419/1928 147/147/1929
f 147/147/1929 408/419/1928 86/86/1930
f 84/84/1931 85/85/1932 149/149/1933
f 149/149/1933 85/85/1932 148/148/1934
f 388/399/1935 401/412/1936 373/384/1937
f 373/384/1937 401/412/1936 400/411/1938
f 365/376/1939 389/400/1940 364/653/1941
f 389/652/1942 388/399/1943 364/375/1944
f 364/375/1944 388/399/1943 373/384/1945
f 364/375/1946 373/384/1947 628/654/1948
f 628/654/1948 373/384/1947 374/385/1949
f 399/410/1950 38/38/1951 398/409/1952
f 398/409/1952 38/38/1951 39/39/1953
f 399/410/1954 400/411/1955 38/38/1956
f 38/38/1956 400/411/1955 363/374/1957
f 629/655/1958 405/416/1959 630/656/1960
f 630/656/1960 405/416/1959 96/96/1961
f 398/409/1962 39/39/1963 407/418/1964
f 86/86/1965 96/96/1966 406/417/1967
f 631/657/1968 630/656/1969 408/419/1970
f 408/419/1970 630/656/1969 96/96/1971
f 631/657/1972 408/419/1973 632/658/1974
f 632/658/1974 408/419/1973 409/420/1975
f 633/641/1976 632/658/1977 410/421/1978
f 410/421/1978 632/658/1977 409/420/1979
f 96/96/1980 405/416/1981 406/417/1982
f 398/409/1983 407/418/1984 405/416/1981
f 405/416/1981 407/418/1984 406/417/1982
f 632/640/1985 633/659/1986 148/148/1987
f 148/148/1987 633/659/1986 44/44/1988
f 632/640/1989 148/148/1990 631/639/1991
f 631/639/1991 148/148/1990 85/85/1992
f 631/639/1993 85/85/1994 630/638/1995
f 630/638/1995 85/85/1994 97/97/1996
f 630/638/1997 97/97/1998 629/636/1999
f 629/636/1999 97/97/1998 43/43/2000
f 629/636/2001 43/43/2002 628/637/2003
f 628/637/2003 43/43/2002 42/42/2004
f 364/653/2005 628/637/2006 42/42/2007
f 5/5/2008 169/180/2009 301/312/2010
f 160/171/2011 102/102/2012 161/172/2013
f 54/54/2014 300/311/2015 615/622/2016
f 54/54/2017 615/622/2018 55/55/2019
f 634/643/2020 302/313/2021 635/642/2022
f 302/313/2021 300/311/2023 635/642/2022
f 300/311/2023 54/54/2024 635/642/2022
f 26/26/2025 5/5/2026 41/41/2027
f 41/41/2027 5/5/2026 635/648/2028
f 61/61/2029 62/62/2030 60/60/2031
f 60/60/2031 62/62/2030 63/63/2032
f 5/5/2033 26/26/2034 165/176/2035
f 162/173/2036 161/172/2037 103/103/2038
f 103/103/2038 161/172/2037 102/102/2039
f 1/1/2040 102/102/2041 638/668/2042
f 638/668/2042 102/102/2041 636/649/2043
f 636/649/2043 102/102/2041 160/171/2044
f 160/171/2045 161/172/2046 21/21/2047
f 21/21/2047 161/172/2046 3/3/2048
f 5/5/2049 165/176/2050 107/107/2051
f 107/107/2052 168/179/2053 5/5/2054
f 5/5/2054 168/179/2053 169/180/2055
f 634/667/2056 301/312/2057 638/668/2058
f 638/668/2058 301/312/2057 1/1/2059
f 1/1/2060 301/312/2061 102/102/2062
f 301/312/2061 169/180/2063 102/102/2062
f 102/102/2062 169/180/2063 103/103/2064
f 22/22/2065 53/53/2066 302/313/2067
f 302/313/2067 53/53/2066 300/311/2068
f 300/311/2069 53/53/2070 303/314/2071
f 303/314/2071 53/53/2070 62/62/2072
f 303/314/2073 62/62/2074 304/315/2075
f 304/315/2075 62/62/2074 61/61/2076
f 366/377/2077 26/26/2078 365/376/2079
f 372/383/2080 55/55/2081 402/413/2082
f 402/413/2082 55/55/2081 403/414/2083
f 41/647/2084 55/55/2085 371/382/2086
f 371/382/2086 55/55/2085 372/383/2087
f 26/26/2088 41/41/2089 371/651/2090
f 615/622/2091 404/415/2092 55/55/2093
f 55/55/2093 404/415/2092 403/414/2094
f 372/383/2095 402/413/2096 388/399/2097
f 388/399/2097 402/413/2096 401/412/2098
f 389/652/2099 371/382/2100 388/399/2101
f 388/399/2101 371/382/2100 372/383/2102
f 365/376/2103 26/26/2104 389/400/2105
f 389/400/2105 26/26/2104 371/651/2106
f 172/183/2107 108/108/2108 366/377/2109
f 107/107/2110 165/176/2111 108/108/2108
f 26/26/2112 366/377/2109 165/176/2111
f 165/176/2111 366/377/2109 108/108/2108
f 635/648/2113 5/5/2114 634/667/2115
f 634/667/2115 5/5/2114 301/312/2116
f 636/649/2117 160/171/2118 637/646/2119
f 637/646/2119 160/171/2118 21/21/2120
f 51/51/2121 397/408/2122 298/309/2123
f 298/309/2123 397/408/2122 305/316/2124
f 305/316/2124 397/408/2122 304/315/2125
f 397/408/2122 375/386/2126 304/315/2125
f 375/386/2126 404/415/2127 304/315/2125
f 300/311/2128 303/314/2129 615/622/2130
f 615/622/2130 303/314/2129 404/415/2127
f 303/314/2129 304/315/2125 404/415/2127
f 62/62/2131 53/53/2132 63/63/2133
f 63/63/2133 53/53/2132 637/650/2134
f 22/22/2135 636/644/2136 53/53/2132
f 636/644/2136 637/650/2134 53/53/2132
f 638/645/2137 636/644/2138 22/22/2139
f 638/645/2140 22/22/2141 634/643/2142
f 634/643/2142 22/22/2141 302/313/2143
f 635/642/2144 54/54/2145 41/647/2146
f 41/647/2146 54/54/2145 55/55/2147
