# This file uses centimeters as units for non-parametric coordinates.

v 12.564695 1.355706 -6.323252
v -12.725294 1.355706 -6.323252
v 12.564695 1.355706 6.941967
v -12.725294 1.355706 6.957770
v 12.580923 2.847596 -6.413899
v -12.781775 2.890243 -6.416235
v 12.543074 2.853965 7.457222
v -12.788476 2.899978 7.453648
v 13.094715 4.595183 -7.093771
v -13.389086 4.671978 -6.911171
v 13.574694 4.593255 9.522659
v -13.425810 4.593325 9.520679
v 14.558218 8.484886 -8.313191
v -15.047023 8.399275 -8.142392
v 14.540437 8.605212 14.120484
v -15.253779 8.509615 13.884043
v -0.000000 1.355706 -6.323252
v -10.529092 1.355706 -6.323252
v 10.401482 1.355706 -6.323252
v -0.013895 2.890243 -6.416235
v -13.336443 2.917151 -6.869755
v -0.013895 2.961369 -6.870004
v 12.983930 2.942802 -6.935519
v -13.611204 4.678286 -7.204622
v 13.457073 4.592018 -7.318425
v -7.967682 2.860300 -6.954123
v -8.018429 4.643662 -7.040570
v -7.934492 4.665518 -7.368935
v -7.784165 8.483589 -8.147078
v -2.752788 8.514381 -8.125266
v -2.794222 4.680203 -7.359240
v -2.798853 4.642668 -7.107694
v -2.799029 2.910899 -6.849168
v 6.111587 3.021570 -6.877281
v 6.104151 4.513949 -7.170876
v 6.105394 4.583180 -7.357287
v 6.173476 8.560643 -8.076201
v 10.321508 3.030108 -6.882358
v 10.361574 4.621439 -7.115395
v 10.363037 4.671751 -7.354696
v 10.365551 8.644910 -8.042856
v -8.906904 1.355706 -6.323252
v -8.924910 2.890243 -6.416235
v -8.907629 2.861218 -6.954669
v -4.663518 2.890243 -6.416235
v -4.663864 2.889606 -6.844491
v 4.496462 1.355706 -6.323252
v 4.413261 2.944013 -6.399882
v 4.426663 3.025739 -6.879428
v 8.802486 1.355706 -6.323252
v 8.825854 2.951366 -6.340226
v 8.805779 3.026722 -6.880344
v 2.248231 1.355706 -6.323252
v 4.604694 1.355706 -6.323252
v 6.371922 1.355706 -6.323252
v 8.533583 1.355706 -6.323252
v -1.957441 1.355706 -6.323252
v -4.139408 1.355706 -6.323252
v -6.277517 1.355706 -6.323252
v -8.355396 1.355706 -6.323252
v -13.439121 2.928443 7.750898
v -12.725294 1.355706 0.385406
v -12.785828 2.890243 0.341327
v -13.292642 2.909460 0.353842
v -13.375175 4.624644 1.445280
v -13.322112 4.617259 4.360109
v -13.471891 2.879231 4.304572
v -13.388662 4.680181 12.633826
v -13.624866 4.652312 4.356455
v -13.667137 4.648780 1.489525
v -13.899862 6.409659 -7.638189
v -14.086182 6.405014 12.578205
v 13.620707 6.403883 -7.690871
v 10.354998 6.410023 -7.704322
v 6.173761 6.410634 -7.757269
v -2.801047 6.397746 -7.706662
v -7.787013 6.425364 -7.703110
v -12.541756 4.673136 -7.372222
v -12.669571 6.408738 -7.705126
v -12.493436 8.417183 -8.188606
v -13.704024 6.408947 -7.450969
v -12.650318 6.409554 -7.481859
v -7.874842 6.389412 -7.495962
v -2.794907 6.411697 -7.482938
v 6.173780 6.412880 -7.416361
v 10.355129 6.412476 -7.484643
v 13.593603 6.405546 -7.469460
v 13.816233 6.404285 12.897146
v 13.857655 6.409657 12.942587
v 13.191910 2.735111 9.365000
v 12.564695 1.355706 0.149798
v 12.575336 2.802067 0.181985
v 13.105585 2.828406 0.138828
v 13.101595 2.850829 0.548833
v 13.275229 4.626420 0.478589
v 12.988200 2.942432 -5.759866
v 13.193045 4.627597 -5.793715
v 13.828521 4.674195 12.116170
v 13.588486 4.646673 0.457643
v 13.122286 2.815103 3.001423
v 13.297213 4.619319 2.853398
v 13.634573 4.649422 2.799336
v 13.496087 4.681723 -5.798441
v 13.520383 4.681748 -3.915450
v 13.709923 6.401227 -4.132346
v 13.908070 6.438457 -4.053781
v 13.642600 4.647017 2.030475
v 13.798194 6.395487 1.773997
v 14.042116 6.443640 1.754134
v -13.837684 6.400532 12.540313
v -13.656492 4.663503 -1.273099
v -13.653378 6.424716 -1.331294
v -14.021103 6.358773 -1.409195
v -13.619737 4.652308 4.053363
v -13.847943 6.402039 4.037756
v -14.060652 6.401043 4.071929
v -14.017392 6.478633 3.026594
v -15.234148 8.574767 2.934132
v -14.084892 6.358811 -1.708227
v -15.192915 8.636362 -1.730371
v -4.668630 1.355706 -6.323252
v 1.816148 2.964396 -6.871803
v 1.778639 4.583202 -7.093513
v 1.817661 4.618388 -7.359786
v 1.818182 6.414231 -7.488489
v 1.818302 6.411218 -7.706939
v 1.820438 8.356766 -8.094587
v -14.264763 8.538603 13.599451
v -14.039160 8.584889 3.105605
v -14.175348 8.563512 -1.705257
v -13.923785 8.416364 -7.733040
v -12.488233 8.425183 -7.758831
v -7.783945 8.485569 -7.728865
v -2.753126 8.518100 -7.703725
v 1.819983 8.363502 -7.667239
v 6.173588 8.571637 -7.640672
v 10.366446 8.651865 -7.615084
v 13.675471 8.544703 -7.630513
v 14.330321 8.587687 13.993700
v -12.547709 4.670259 -6.996887
v -12.592912 2.912682 -6.896770
v -13.620407 4.660775 -2.763230
v -13.438998 4.614909 -2.783003
v -13.373624 2.892568 -2.717498
v -0.159595 2.899164 7.453510
v -0.024353 2.897408 9.452397
v -0.152763 4.592968 9.521649
v 0.232118 4.677188 12.374999
v 12.522369 1.355706 0.203236
v 12.596168 2.895342 0.220402
v 13.099074 2.820592 0.179742
v 13.210553 4.626638 -0.697414
v 12.974641 2.942888 -6.374182
v 13.496470 4.639597 -5.768657
v 13.112405 4.627588 -5.747469
v 12.947401 2.942438 -5.720303
v 12.579309 2.838249 -5.059790
v 13.462918 4.594024 -7.085549
v 13.463853 4.623468 -7.048335
v 13.099136 4.624337 -7.058945
v 13.159840 4.627129 -3.306816
v 13.141441 4.627307 -4.253419
v 13.519424 4.680059 -3.989738
v 13.709834 6.401285 -4.177441
v 13.868309 6.441990 -4.134116
v 13.918870 8.490841 -2.532450
v 13.915755 8.489247 -4.848303
v 14.616979 8.479337 -4.802295
v 14.610106 8.479315 -4.893116
v 13.911123 8.489206 -4.907597
v 13.814067 6.435643 -4.731814
v 13.708681 6.402037 -4.600932
v 13.842040 6.434731 -4.817656
v 13.708177 6.402366 -5.020105
v -13.406112 2.910582 -6.328746
v -13.406763 2.910756 -6.285900
v -12.781835 2.890243 -6.317166
v -12.725294 1.355706 -6.210936
v -13.661427 4.649791 1.371129
v -13.784533 6.419971 1.296777
v -13.300190 4.677409 1.344284
v -13.373037 2.896422 1.279081
v -13.308412 2.892547 1.242861
v -12.786047 2.891050 0.794483
v -12.786474 2.892619 1.808713
v -13.668652 6.434758 -3.748742
v -13.673328 6.425482 -2.473827
v -13.619764 4.660913 -2.693219
v -13.305544 4.651970 -2.696702
v -13.344646 2.892797 -2.675917
v -12.784110 2.890243 -2.563005
v -12.783710 2.890243 -3.222821
v -15.183747 8.566854 -1.802658
v -13.981664 8.503214 -1.770082
v -14.082245 6.358297 -1.824207
v -15.233634 8.575536 2.843905
v -14.039346 8.584497 2.970498
v -14.017146 6.479030 2.953916
v -13.849139 6.402215 2.133137
v -15.058139 8.401192 -7.626937
v -15.060612 8.497679 -7.512294
v -13.923711 8.511189 -7.606284
v -12.397806 8.351954 -8.263224
v -12.381473 8.359818 -7.833615
v -12.362324 6.408085 -7.697863
v -11.693072 6.413673 -7.364936
v -12.462934 6.408886 -7.705425
v -12.553134 6.429563 -7.323281
v -12.504372 4.673129 -7.161276
v -12.596104 6.408791 -7.705232
v -12.595934 6.326837 -7.670519
v -12.514154 4.673133 -7.371260
v -13.311798 4.673946 0.789125
v -13.328841 4.668861 -0.025979
v -13.293696 2.909122 0.292297
v -12.744909 2.921040 0.257375
v -12.725294 1.355706 0.315965
v -13.378117 2.920523 -2.721971
v -12.537232 4.656768 -7.245663
v -13.642218 4.628712 -7.202569
v -7.997271 6.413958 -7.711628
v -7.979401 6.411716 -7.448779
v -7.649131 6.412191 -7.711987
v -7.611023 8.557278 -7.727907
v -7.598839 8.555306 -8.146194
v -7.691987 8.486356 -8.146589
v -7.703101 8.488303 -7.866422
v -7.688350 6.412143 -7.788037
v -7.766258 6.383093 -7.497931
v -7.866369 4.672904 -7.474486
v -7.883805 6.430189 -7.711791
v -7.915939 6.368405 -7.573471
v -7.922691 4.672787 -7.589315
v -9.615280 8.434859 -7.771107
v -8.425306 8.467810 -7.743659
v -6.906565 4.674269 -7.452937
v -8.782316 4.672717 -7.339158
v -8.075997 4.651023 -7.089576
v -8.053605 2.860384 -6.954173
v -13.339488 2.971876 -6.843260
v -12.583613 3.026541 -6.889699
v -8.051381 2.933490 -7.012311
v -7.967752 2.911476 -6.887605
v -2.799021 2.975031 -6.859836
v -12.585504 4.666027 -6.994515
v -12.612269 4.654895 -7.242786
v -12.639499 4.695776 -7.254780
v -13.191028 6.409269 -7.467343
v -12.616704 2.979400 -6.884140
v -12.899364 2.912694 -6.861073
v -12.524989 4.670048 -6.997905
v -12.555170 2.921591 -6.854262
v -13.641036 4.630449 -6.956392
v -13.611838 4.677077 -6.890909
v -13.149661 2.983533 -6.851452
v -13.116603 2.912694 -6.862629
v -13.339498 2.961264 -6.853831
v -13.161462 2.952677 -6.940885
v -12.956708 2.934965 -7.151470
v -13.198406 2.979113 -6.848346
v -13.170746 2.941285 -6.871059
v -13.172713 2.912695 -6.863020
v -13.236587 2.943386 -6.873626
v -13.209722 2.912695 -6.863270
v -12.586514 2.949405 -7.008636
v -8.052287 2.852119 -7.211127
v -7.967716 2.826773 -7.207852
v -2.799026 2.938332 -6.853731
v -13.656443 4.655921 4.690676
v -13.365748 4.583634 4.413141
v -13.471468 2.879867 4.354534
v -12.787715 2.897179 4.756726
v -12.787194 2.895264 3.519003
v -12.726905 1.393835 -6.292176
v -8.907228 1.379664 -6.290823
v -10.544930 1.385740 -6.291403
v -4.668540 1.379220 -6.290781
v -6.284685 1.379388 -6.290797
v -8.360759 1.379606 -6.290817
v -0.000306 1.385205 -6.291352
v -1.976135 1.382672 -6.291111
v -4.149391 1.379886 -6.290844
v 4.453288 1.409628 -6.235749
v 2.237254 1.388024 -6.291622
v 8.803027 1.386659 -6.291491
v 12.564097 1.385933 -6.291421
v 10.394644 1.386310 -6.291458
v 8.545645 1.386911 -6.291515
v 6.383111 1.389023 -6.291716
v 4.600831 1.390764 -6.291882
v -8.066920 4.672637 -7.354837
v -8.426715 6.411961 -7.441930
v -13.683323 4.655056 -7.264235
v -12.683781 4.675802 -7.309494
v -8.933040 2.871502 -7.111560
v -8.938485 2.929999 -6.965940
v -8.045201 4.624322 -7.444794
v -8.043697 4.585702 -7.142682
v -8.009098 2.922360 -7.076598
v -13.737638 6.389448 -1.295253
v -13.712447 4.663025 -1.180942
v -14.020260 6.360356 -1.250063
v -14.091613 8.570847 -0.070910
v -15.188205 8.600652 -1.767509
v -14.220474 8.394743 -1.733720
v -14.132329 6.358614 -1.752643
v -14.139939 8.566614 -1.014136
v -14.020745 6.359445 -1.341733
v -14.006356 6.362413 -1.314027
v -13.793202 4.663257 -1.225562
v -13.412684 4.633752 -5.447615
v -13.337198 2.946849 -6.737557
v -13.333209 2.950714 -6.071144
v -13.329034 2.955509 -6.389464
v -13.361098 4.624291 -6.917471
v 1.720331 6.414137 -7.488283
v 1.731746 4.681201 -7.359776
v 1.721896 4.575908 -7.147575
v 1.767293 2.964315 -6.981220
v 1.685169 4.681178 -7.359763
v 1.688287 4.647351 -7.093375
v 1.719560 2.964236 -6.871708
v 1.719678 6.411374 -7.707282
v 1.838408 8.560067 -7.990244
v 1.849797 8.566908 -7.562648
v 1.808133 6.411209 -7.602971
v 1.883641 6.414210 -7.488443
v 1.728991 6.411279 -7.707073
v 1.957694 6.344510 -8.795439
v 1.932177 4.681209 -8.489702
v 1.720391 6.411329 -7.707183
v 1.583358 6.327994 -8.781174
v 1.707006 4.681203 -8.489699
v 1.741686 4.645060 -7.450741
v 1.711131 4.637931 -7.401959
v 1.353016 2.890243 -6.416236
v 2.296557 2.890243 -6.416236
v 0.017503 1.385227 -6.291355
v 0.013083 2.905497 -6.341135
v 0.048742 2.959636 -6.794964
v 0.015047 2.961417 -6.870032
v -0.005744 2.890243 -6.459884
v 0.007548 1.385215 -6.335001
v 0.012173 2.922107 -6.813351
v 1.717354 3.039944 -6.887343
v 1.764179 3.032306 -6.992633
v 1.813325 3.044740 -6.888492
v 6.081256 3.060859 -7.183630
v 10.322683 3.071576 -6.889194
v 12.987024 2.984005 -6.939940
v 12.987089 2.984048 -6.938904
v 1.718363 2.975106 -7.047136
v 1.765435 2.976138 -7.154974
v 1.814684 2.975192 -7.047400
v 6.117904 3.015796 -7.037687
v 10.313377 3.034108 -7.000348
v 8.801146 2.989166 -7.025801
v 8.793741 3.065658 -6.886710
v 8.660599 4.636842 -7.111795
v 6.100222 2.890243 -6.416235
v 4.439972 3.027990 -6.940559
v 4.423805 3.077522 -6.884658
v 4.529736 4.549354 -7.102007
v 3.454835 4.539169 -7.098688
v 4.384884 3.078153 -6.884716
v 4.407774 3.028247 -6.940566
v 4.411269 3.004787 -6.875222
v 4.389683 2.890243 -6.416237
v 4.434964 1.390792 -6.291885
v 4.391070 3.064664 -6.899810
v 4.427868 3.065073 -6.898709
v 6.088452 2.982156 -7.195883
v 8.795354 3.083953 -7.006976
v 10.327110 3.071424 -7.005287
v 1.874589 4.618353 -7.359753
v 6.065338 4.583223 -7.357310
v 6.046358 4.510163 -7.170345
v 6.064982 3.077192 -6.880229
v 6.019167 3.100034 -7.033114
v 6.043836 3.016343 -7.033330
v 6.043192 3.021742 -6.877369
v 5.656558 2.904384 -6.411935
v 6.130214 4.667988 -7.357265
v 6.129357 4.666291 -7.106910
v 6.148048 3.076900 -6.880272
v 6.153121 3.101243 -7.038565
v 6.155316 3.015165 -7.037405
v 6.147393 3.021688 -6.877351
v 6.386822 2.890243 -6.416235
v 6.257289 4.668097 -7.357191
v 6.109359 6.398944 -7.507041
v 6.103493 4.756752 -7.369453
v 6.224803 6.410617 -7.678083
v 6.186426 8.676809 -7.640476
v 6.199468 8.665866 -8.075848
v -2.745658 8.382457 -7.649621
v -2.759835 8.378510 -8.071410
v -2.701739 6.414179 -7.713427
v -2.776128 6.408813 -7.363062
v -2.670985 4.680230 -7.359253
v -2.767352 4.671561 -7.441252
v -13.435009 4.572766 1.415895
v -12.932046 2.758613 0.268181
v -13.845424 6.401669 5.093194
v -14.066697 6.401983 5.090481
v -13.632257 4.653157 4.434692
v -13.417952 4.538330 4.407371
v 13.828521 10.685539 15.031012
v 0.232118 10.688533 15.130751
v -13.388662 10.691525 15.230492
v 13.828521 10.685539 18.928095
v 0.232118 10.688533 19.027836
v -13.388662 10.691525 19.127575
v -15.040356 8.016005 -8.422315
v -15.313277 8.473211 14.009478
v -17.240068 16.962322 -8.507086
v -16.128359 16.375933 18.859455
v 14.209956 8.395507 -8.049571
v 16.668423 16.520464 -9.366336
v 14.493625 8.617738 15.196626
v 18.495567 16.117708 17.014601
v -16.992748 16.692242 3.567675
v -15.034333 8.271621 2.688615
v 0.123945 16.741951 -9.358500
v -0.772084 8.168503 -7.946183
v -16.396309 12.489346 -8.289869
v -0.607132 12.460886 -8.482256
v -16.164804 12.810167 3.133040
v -15.743795 12.749832 15.953688
v 15.655335 12.392103 -8.303461
v 16.347292 12.753828 16.038696
v 17.597019 16.315775 2.237421
v 16.189705 12.539941 2.536948
v 14.496465 8.466082 2.613289
v 1.374127 2.678985 8.533224
v 1.381227 2.790709 10.031185
v 1.453686 2.898829 7.453691
v 1.430276 2.879814 9.442924
v 1.296544 2.881432 9.443794
v 1.374589 2.898864 7.453672
v -3.289483 2.899366 7.453544
v -3.290583 2.904944 9.489697
v -3.171928 2.899358 7.453543
v -3.157983 2.904637 9.488175
v -3.251642 2.522011 8.026886
v -3.245038 2.527430 10.062228
v -7.832043 2.511413 7.676473
v -7.815875 2.526959 9.763339
v -7.821789 2.915322 9.541061
v -7.839045 2.899658 7.453594
v -7.723856 2.899651 7.453592
v -7.712203 2.915068 9.539804
v 6.020745 2.734423 7.841114
v 6.051617 2.661390 9.800265
v 6.099357 2.897897 7.454194
v 6.139048 2.824098 9.412920
v 5.969343 2.897923 7.454179
v 6.008659 2.825675 9.413771
v 10.463204 2.667037 8.016331
v 10.698331 2.539092 9.944908
v 10.499614 2.896965 7.454695
v 10.595620 2.768457 9.382957
v 10.408545 2.896988 7.454682
v 10.491428 2.769718 9.383636
v -12.261668 2.571139 7.931223
v -12.315088 2.596758 10.069336
v -12.230357 2.899941 7.453642
v -12.273915 2.925402 9.590953
v -12.395786 2.899952 7.453644
v -12.419819 2.925740 9.592627
v -5.119088 10.455212 15.402204
v -5.032289 10.455193 19.298651
v -5.229725 10.689734 15.170816
v -5.102584 10.689707 19.066971
v -5.034581 10.785912 15.074112
v -4.938793 10.689671 19.065767
v 0.239916 10.772798 15.130289
v 0.215435 10.772802 19.027555
v 5.566432 10.738594 15.199139
v 5.528389 10.738745 18.988739
v 5.596534 10.656879 15.091153
v 5.569162 10.656962 18.988441
v -10.393385 10.602317 15.208519
v -10.239543 10.602283 19.104473
v -10.356244 10.690857 15.208246
v -10.206117 10.690825 19.104229
v -3.513500 4.529017 9.629579
v -3.495542 4.613917 12.549834
v -3.511405 4.593057 9.521407
v -3.490964 4.677950 12.440893
v 1.531720 4.593007 9.521786
v 1.553345 4.676839 12.344845
v 1.443748 4.593002 9.521770
v 1.465991 4.676858 12.346508
v 1.492579 3.984538 10.426083
v 1.463671 4.068383 13.250080
v 6.828351 4.508716 9.522155
v 6.868114 4.591333 12.248862
v 6.856525 4.593112 9.522159
v 6.917572 4.675716 12.247730
v 11.584812 4.492258 9.522532
v 11.628965 4.573639 12.151237
v 11.599410 4.593220 9.522538
v 11.629786 4.674589 12.150284
v -8.235501 4.560824 9.575715
v -8.193891 4.646202 12.590755
v -8.244091 4.431598 9.574873
v -8.230508 4.517164 12.591625
v 14.961248 10.883965 2.513133
v 14.408471 10.939931 -7.705851
v -0.594435 10.714770 -7.974303
v 15.057678 11.061495 -7.870383
v -0.580784 10.804914 -8.466596
v 15.668192 11.036736 2.451553
v 15.796221 12.365864 2.280557
v 15.188149 12.393738 -8.157919
v -0.604389 12.411100 -8.344769
v 5.086860 8.502141 -7.985273
v 5.031588 10.671716 -7.984182
v 6.291252 10.816964 -8.710377
v 6.298007 12.314556 -8.793396
v 6.179962 12.463750 -8.970006
v 6.294598 16.664553 -9.572816
v 10.502434 8.557180 -8.198440
v 10.705042 10.764203 -8.056843
v 11.527178 10.985705 -8.327839
v 11.635118 12.389228 -8.560610
v 11.455525 12.475692 -8.736946
v 11.463094 16.597240 -9.250970
v 15.009876 10.608898 15.431145
v 15.754434 12.491121 16.032028
v 15.833628 14.055196 -8.499121
v 16.557152 14.122158 2.230454
v 17.144812 14.046286 16.400988
v 15.640997 10.892954 15.409327
v -16.100836 12.367452 -7.954515
v -16.077240 12.367408 3.087072
v -15.693131 12.218853 15.519156
v -15.274474 10.486994 -8.103943
v -15.423142 10.283772 2.875320
v -15.533389 10.615125 14.658525
v -15.558758 10.876376 14.876097
v -15.746411 10.678442 2.913400
v -15.775508 10.525912 -8.318299
v -9.625009 16.861265 -9.085724
v -9.847563 12.288895 -8.619086
v -9.920061 12.109444 -8.549228
v -9.839142 10.626022 -8.593938
v -9.712399 10.463200 -8.179516
v -9.923717 8.049515 -8.194154
v -3.995035 16.795753 -9.140132
v -4.228251 12.431418 -8.470731
v -4.512529 12.338717 -8.346688
v -4.399575 10.834044 -8.473422
v -4.382422 10.618829 -8.017817
v -4.444467 8.192988 -8.042661
v -15.910579 14.405720 16.991644
v -16.537256 14.639139 3.328561
v -16.737175 14.759375 -8.374734
v -9.732598 14.605711 -8.772421
v -4.036400 14.710106 -8.743956
v -0.175510 14.694654 -8.896186
v 6.227190 14.712943 -9.069125
v 11.459352 14.691692 -8.849460
v 16.101768 14.409635 -8.550877
v 16.853754 14.747847 2.232441
v 17.623196 14.779903 16.618305
v 15.628529 14.460447 -8.517763
v -14.627703 10.521612 -8.130716
v -14.382365 10.610098 -8.331290
v -14.410557 12.336691 -8.090870
v -14.391584 12.475019 -8.406964
v -14.378969 14.762037 -8.544372
v -14.245013 16.927197 -8.788865
v 10.598429 10.922836 -8.427753
v 10.568647 12.374691 -8.544431
v 1.239745 16.729755 -9.378345
v 1.113419 14.673643 -8.881310
v 0.864460 12.478191 -8.644066
v 0.838633 12.431225 -8.496262
v 1.037920 14.677547 -8.871446
v 13.626962 4.649210 2.731705
v 13.270905 4.468550 2.793901
v 13.108820 2.816476 2.907190
v 12.557852 2.849395 2.473867
v 12.553892 2.850619 3.571283
v 13.433625 4.461259 2.829753
v 14.042465 6.443709 1.835346
v 13.839250 6.464881 1.873466
v 13.644805 4.647184 2.083748
v 13.868378 6.369224 1.867773
v 13.590223 4.646684 0.508137
v 13.217007 4.622574 0.534994
v 13.102925 2.849901 0.612513
v 12.590961 2.864669 1.011159
v 13.909612 6.487544 -4.018538
v 13.915606 6.676700 13.071461
v 14.468086 6.490945 13.098691
v 14.127417 6.439246 -4.037537
v 8.759569 2.905169 -6.416235
v 13.150344 2.753844 8.082591
v 12.570166 2.771407 9.148916
v 12.528251 2.703940 9.373515
v -13.487580 2.927213 9.706244
v -13.433209 2.987052 9.688092
v -13.404376 4.589867 8.014702
v -13.444263 2.920721 7.496017
v 14.358822 -0.048378 7.003990
v 14.069415 -0.055097 -7.462199
v -13.903052 -0.072654 -7.534490
v -13.874801 -0.048364 7.057757
v 0.150062 -2.320799 -0.231955
v 14.214116 -0.051736 -0.229100
v 0.083185 -0.063872 -7.498350
v -13.888916 -0.060508 -0.238367
v 0.242016 -0.048371 7.030884
v 10.803240 -1.883699 5.223026
v 7.300409 -0.048373 7.017440
v 14.286478 -0.050057 3.387450
v 11.224693 -2.088252 -0.228525
v 0.214211 -2.085600 5.492573
v 10.637048 -1.892213 -5.680800
v 14.141776 -0.053415 -3.845647
v 7.076303 -0.059483 -7.480272
v 0.089049 -2.097817 -5.956929
v -10.450495 -1.901955 -5.710327
v -6.909941 -0.068263 -7.516409
v -13.895990 -0.066580 -3.886428
v -10.921436 -2.095165 -0.235827
v -10.377800 -1.887151 5.238619
v -13.881850 -0.054436 3.409695
v -6.816403 -0.048367 7.044314
v 5.108493 -0.964697 6.604761
v 0.231140 -0.965180 6.610579
v 3.771212 -0.048372 7.024162
v 9.308607 -0.849960 6.424994
v 6.100876 -2.084632 5.488302
v 13.350317 -0.969998 -2.734692
v 13.393173 -0.968351 -0.228479
v 14.177946 -0.052575 -2.037374
v 12.976350 -0.856940 -4.893143
v 11.178629 -2.090627 -3.259063
v -4.765084 -0.982337 -7.085288
v 0.081521 -0.979784 -7.076268
v -3.413378 -0.066068 -7.507380
v -8.936018 -0.869842 -6.919070
v -5.771894 -2.100516 -5.965070
v -13.068407 -0.972898 2.283846
v -13.080511 -0.976614 -0.237208
v -13.885384 -0.057472 1.585664
v -12.720490 -0.855008 4.455405
v -10.901100 -2.091059 2.807125
v 12.154247 -0.506716 5.897331
v 10.829616 -0.048376 7.010715
v 14.322650 -0.049218 5.195720
v 13.137007 -0.850882 4.435740
v 13.436026 -0.966703 2.277734
v 14.250298 -0.050897 1.579175
v 11.270749 -2.085877 2.802012
v 6.403461 -2.315919 2.977727
v 6.361145 -2.318860 -0.229906
v 0.185165 -2.317372 2.979161
v 11.940160 -0.514468 -6.356070
v 14.105596 -0.054256 -5.653923
v 10.572859 -0.057290 -7.471235
v 9.104433 -0.860265 -6.884937
v 4.928123 -0.977232 -7.067244
v 3.579744 -0.061678 -7.489311
v 5.949988 -2.095119 -5.948784
v 6.318825 -2.321801 -3.437541
v 0.114960 -2.324225 -3.443071
v -11.755607 -0.527253 -6.402382
v -10.406496 -0.070458 -7.525449
v -13.899521 -0.069617 -5.710459
v -12.764413 -0.868920 -4.929819
v -13.092614 -0.980331 -2.758262
v -13.892453 -0.063544 -2.062398
v -10.941769 -2.099271 -3.278779
v -6.088907 -2.326649 -3.448599
v -6.061021 -2.322737 -0.234002
v -11.700952 -0.508773 5.927969
v -13.878325 -0.051400 5.233727
v -10.345602 -0.048365 7.051036
v -8.848580 -0.851683 6.447196
v -4.646217 -0.965664 6.616395
v -3.287194 -0.048369 7.037600
v -5.672457 -2.086568 5.496843
v -6.033132 -2.318826 2.980595
v 10.985962 16.603455 -9.280682
v 12.919551 10.869282 -7.846963
v 12.146457 10.999000 -8.247598
v 11.887218 12.389548 -8.532038
v 11.841643 12.481669 -8.697093
v 13.103941 8.443737 -8.093981
v 10.746238 3.057655 -6.897261
v 10.492151 4.620184 -7.114362
v 10.614693 4.665266 -7.351746
v 10.146138 6.410053 -7.702995
v 9.953828 8.654327 -7.617591
v 10.114476 8.646173 -8.044845
v 11.075933 2.889186 -6.384372
v 11.102145 1.386187 -6.291446
v 10.774793 3.015244 -6.891409
v 10.992882 1.355706 -6.323252
v 10.790702 3.017789 -6.988760
v 10.788133 3.056272 -6.993961
vt 0.796187 0.492706
vt 0.262174 0.501578
vt 0.854262 0.155323
vt 0.178882 0.184701
vt 0.799857 0.585893
vt 0.259225 0.591256
vt 0.887586 0.158065
vt 0.139626 0.183078
vt 0.835225 0.712728
vt 0.233201 0.715741
vt 0.990772 0.104397
vt 0.035097 0.167022
vt 0.914010 0.955197
vt 0.189083 0.957065
vt 0.997619 0.769109
vt 0.000990 0.635378
vt 0.525040 0.497245
vt 0.296960 0.502581
vt 0.764156 0.493140
vt 0.524420 0.590805
vt 0.239690 0.616111
vt 0.526546 0.615120
vt 0.823061 0.611892
vt 0.223164 0.737260
vt 0.848184 0.726791
vt 0.361609 0.617005
vt 0.356846 0.716113
vt 0.361107 0.743496
vt 0.358167 0.969120
vt 0.463186 0.976646
vt 0.459928 0.742538
vt 0.456681 0.717286
vt 0.458490 0.615481
vt 0.661625 0.613766
vt 0.665247 0.704331
vt 0.663733 0.736505
vt 0.672688 0.959779
vt 0.765064 0.614285
vt 0.771133 0.714900
vt 0.767370 0.735525
vt 0.780181 0.961994
vt 0.329240 0.503433
vt 0.324188 0.592101
vt 0.329010 0.617024
vt 0.424542 0.590975
vt 0.426898 0.615744
vt 0.626300 0.495507
vt 0.627981 0.588955
vt 0.627382 0.617861
vt 0.723271 0.493842
vt 0.729331 0.587145
vt 0.724608 0.613729
vt 0.575670 0.496376
vt 0.628738 0.495465
vt 0.668535 0.494782
vt 0.717216 0.493946
vt 0.482419 0.497793
vt 0.435343 0.497533
vt 0.389318 0.500520
vt 0.342987 0.502626
vt 0.100614 0.177086
vt 0.214170 0.323828
vt 0.203647 0.418035
vt 0.179870 0.421019
vt 0.155768 0.502738
vt 0.101634 0.357826
vt 0.116899 0.239414
vt 0.005979 0.172283
vt 0.075227 0.358426
vt 0.132802 0.502750
vt 0.211769 0.842368
vt 0.005099 0.383972
vt 0.885279 0.832714
vt 0.778057 0.841485
vt 0.668522 0.834238
vt 0.460930 0.852017
vt 0.359253 0.851450
vt 0.263064 0.735965
vt 0.254218 0.840371
vt 0.257514 0.962142
vt 0.216290 0.831833
vt 0.252928 0.834486
vt 0.360451 0.842521
vt 0.460186 0.841403
vt 0.671466 0.832949
vt 0.775513 0.833167
vt 0.859369 0.831701
vt 0.988488 0.445500
vt 0.999849 0.480705
vt 0.924276 0.138983
vt 0.829587 0.301237
vt 0.839030 0.401157
vt 0.868686 0.401938
vt 0.875450 0.373371
vt 0.893254 0.483422
vt 0.846209 0.501689
vt 0.861169 0.612646
vt 0.997282 0.214336
vt 0.922572 0.479566
vt 0.912731 0.201026
vt 0.933081 0.317531
vt 0.968947 0.317984
vt 0.884871 0.607143
vt 0.896641 0.576019
vt 0.909902 0.694524
vt 0.935376 0.688227
vt 0.953913 0.364147
vt 0.968462 0.490933
vt 0.999168 0.495985
vt 0.009324 0.373960
vt 0.167192 0.593772
vt 0.156260 0.705325
vt 0.143877 0.707769
vt 0.097627 0.400456
vt 0.070152 0.513987
vt 0.059986 0.516114
vt 0.065372 0.530036
vt 0.019787 0.667050
vt 0.147558 0.716196
vt 0.107582 0.829518
vt 0.426856 0.498084
vt 0.562129 0.615575
vt 0.563771 0.712570
vt 0.564559 0.744196
vt 0.568440 0.846809
vt 0.567757 0.858172
vt 0.568675 0.971894
vt 0.003985 0.576902
vt 0.046392 0.664021
vt 0.132422 0.831315
vt 0.205241 0.946983
vt 0.250777 0.945147
vt 0.355403 0.954017
vt 0.462379 0.961803
vt 0.568131 0.953938
vt 0.674534 0.942178
vt 0.784728 0.945304
vt 0.894763 0.938213
vt 0.991441 0.710266
vt 0.256888 0.715905
vt 0.260399 0.616355
vt 0.180364 0.627481
vt 0.200074 0.625860
vt 0.211200 0.521848
vt 0.529260 0.642920
vt 0.737185 0.648906
vt 0.737917 0.699229
vt 0.527071 0.698285
vt 0.253977 0.636936
vt 0.252421 0.697347
vt 0.952399 0.822974
vt 0.940502 0.410113
vt 0.532863 0.770036
vt 0.744553 0.813012
vt 0.529571 0.812043
vt 0.232200 0.765694
vt 0.246181 0.811050
vt 0.848217 0.725744
vt 0.107871 0.493361
vt 0.829867 0.299033
vt 0.839671 0.397947
vt 0.869292 0.399379
vt 0.887522 0.507148
vt 0.828382 0.584377
vt 0.885058 0.606651
vt 0.860664 0.607783
vt 0.846360 0.501020
vt 0.808569 0.544179
vt 0.853300 0.711345
vt 0.854369 0.709053
vt 0.836074 0.710782
vt 0.873644 0.559147
vt 0.868610 0.578010
vt 0.893079 0.582967
vt 0.909225 0.696360
vt 0.934248 0.690908
vt 0.960556 0.783466
vt 0.941172 0.836218
vt 0.928100 0.923837
vt 0.927714 0.924695
vt 0.940675 0.837569
vt 0.926092 0.714527
vt 0.900434 0.720224
vt 0.924920 0.717919
vt 0.896585 0.730672
vt 0.232679 0.593058
vt 0.232395 0.592055
vt 0.258448 0.588576
vt 0.261627 0.499503
vt 0.134104 0.508101
vt 0.125759 0.637550
vt 0.157948 0.507301
vt 0.168497 0.395519
vt 0.171674 0.398404
vt 0.197968 0.390643
vt 0.189011 0.354526
vt 0.179382 0.754054
vt 0.166722 0.727373
vt 0.179698 0.625777
vt 0.199146 0.623247
vt 0.210785 0.520517
vt 0.233000 0.507339
vt 0.238301 0.524194
vt 0.109949 0.833104
vt 0.136294 0.832542
vt 0.148833 0.718679
vt 0.020883 0.669078
vt 0.046251 0.668762
vt 0.066279 0.532087
vt 0.081799 0.539868
vt 0.182649 0.946987
vt 0.181218 0.944745
vt 0.203750 0.944508
vt 0.259638 0.962306
vt 0.253309 0.945440
vt 0.261020 0.843084
vt 0.265848 0.836672
vt 0.258688 0.842277
vt 0.256941 0.836121
vt 0.264439 0.736011
vt 0.255807 0.841049
vt 0.255301 0.835453
vt 0.263655 0.735984
vt 0.163557 0.523086
vt 0.171791 0.546262
vt 0.180822 0.424512
vt 0.207567 0.421105
vt 0.214659 0.325176
vt 0.210714 0.526390
vt 0.261899 0.732181
vt 0.221545 0.731124
vt 0.356114 0.852442
vt 0.355136 0.842193
vt 0.362978 0.854209
vt 0.359620 0.961492
vt 0.364016 0.977302
vt 0.360965 0.970622
vt 0.357754 0.956571
vt 0.361291 0.854718
vt 0.362465 0.842499
vt 0.362887 0.746389
vt 0.357953 0.851861
vt 0.357634 0.842347
vt 0.361645 0.746631
vt 0.314233 0.950559
vt 0.340985 0.952806
vt 0.381032 0.745669
vt 0.343697 0.740140
vt 0.354518 0.720530
vt 0.358629 0.617007
vt 0.242294 0.626989
vt 0.262434 0.628574
vt 0.357619 0.625907
vt 0.360529 0.624605
vt 0.458416 0.619682
vt 0.254778 0.715890
vt 0.259205 0.732110
vt 0.259864 0.736068
vt 0.235711 0.833239
vt 0.259452 0.628342
vt 0.250413 0.615790
vt 0.257966 0.715912
vt 0.264731 0.622981
vt 0.216254 0.716131
vt 0.216071 0.719585
vt 0.245697 0.627257
vt 0.245025 0.615951
vt 0.240775 0.620643
vt 0.245340 0.621254
vt 0.254818 0.621907
vt 0.244407 0.627155
vt 0.244618 0.621158
vt 0.244387 0.615970
vt 0.242599 0.620887
vt 0.242581 0.616024
vt 0.261693 0.624127
vt 0.357740 0.622609
vt 0.360717 0.621107
vt 0.458458 0.617278
vt 0.065575 0.334445
vt 0.100432 0.354390
vt 0.116689 0.238609
vt 0.158408 0.248283
vt 0.171256 0.292889
vt 0.262089 0.504135
vt 0.329150 0.505022
vt 0.300397 0.504641
vt 0.426816 0.499717
vt 0.389927 0.501721
vt 0.341814 0.504334
vt 0.525027 0.499309
vt 0.483459 0.499482
vt 0.437738 0.499672
vt 0.626344 0.497964
vt 0.575461 0.498639
vt 0.723412 0.496001
vt 0.796321 0.494812
vt 0.758477 0.495406
vt 0.717613 0.496119
vt 0.668890 0.497104
vt 0.628735 0.497915
vt 0.359155 0.741411
vt 0.343981 0.841503
vt 0.222405 0.734385
vt 0.259542 0.734135
vt 0.331790 0.622713
vt 0.330367 0.625049
vt 0.360452 0.742751
vt 0.356057 0.717545
vt 0.359090 0.625249
vt 0.154371 0.701128
vt 0.166039 0.590786
vt 0.141047 0.701361
vt 0.102302 0.774497
vt 0.108798 0.831361
vt 0.134296 0.831909
vt 0.148046 0.717147
vt 0.119685 0.807288
vt 0.142677 0.705052
vt 0.155355 0.703315
vt 0.166598 0.592232
vt 0.221516 0.684035
vt 0.239253 0.617744
vt 0.230958 0.589630
vt 0.233223 0.596882
vt 0.235172 0.715755
vt 0.562414 0.849436
vt 0.562544 0.748517
vt 0.560985 0.717519
vt 0.561202 0.615580
vt 0.560130 0.747887
vt 0.559181 0.717541
vt 0.560297 0.615585
vt 0.562363 0.857819
vt 0.570904 0.971702
vt 0.570752 0.953711
vt 0.569281 0.857946
vt 0.569053 0.846565
vt 0.566749 0.858144
vt 0.567570 0.847015
vt 0.564527 0.747504
vt 0.563254 0.857479
vt 0.563425 0.849290
vt 0.563290 0.748157
vt 0.563472 0.746872
vt 0.562258 0.742833
vt 0.556269 0.590236
vt 0.578254 0.589844
vt 0.525428 0.499304
vt 0.525048 0.590794
vt 0.527766 0.615137
vt 0.527110 0.615128
vt 0.524610 0.590801
vt 0.525204 0.499307
vt 0.526764 0.613047
vt 0.560219 0.624158
vt 0.561187 0.623959
vt 0.562184 0.624622
vt 0.662172 0.630702
vt 0.765242 0.617236
vt 0.823401 0.614709
vt 0.823418 0.614604
vt 0.560255 0.620916
vt 0.561193 0.621178
vt 0.562157 0.620981
vt 0.661660 0.614785
vt 0.765138 0.615513
vt 0.725550 0.615234
vt 0.725503 0.616794
vt 0.726629 0.713502
vt 0.666479 0.588268
vt 0.628626 0.616842
vt 0.628298 0.618950
vt 0.628372 0.706472
vt 0.603329 0.708488
vt 0.627313 0.619035
vt 0.627811 0.616893
vt 0.626669 0.617852
vt 0.627025 0.588972
vt 0.624997 0.497982
vt 0.627447 0.618456
vt 0.628381 0.618420
vt 0.661691 0.615692
vt 0.725518 0.616300
vt 0.765199 0.616519
vt 0.565994 0.743770
vt 0.662803 0.736574
vt 0.663421 0.702708
vt 0.660830 0.616159
vt 0.660227 0.615812
vt 0.660178 0.614877
vt 0.660212 0.613935
vt 0.656354 0.588448
vt 0.664618 0.736497
vt 0.666224 0.711604
vt 0.663550 0.619756
vt 0.663127 0.615705
vt 0.663174 0.614796
vt 0.663074 0.613765
vt 0.673088 0.588150
vt 0.667592 0.736469
vt 0.669121 0.831156
vt 0.664396 0.745461
vt 0.671577 0.839390
vt 0.677029 0.945336
vt 0.674385 0.967187
vt 0.463606 0.955572
vt 0.464661 0.969852
vt 0.465819 0.851511
vt 0.461613 0.841515
vt 0.462685 0.742685
vt 0.462634 0.747344
vt 0.156423 0.504109
vt 0.204679 0.418843
vt 0.055215 0.479603
vt 0.046991 0.484826
vt 0.072968 0.352812
vt 0.100841 0.355558
vt 0.767938 0.575508
vt 0.525506 0.576133
vt 0.524864 0.514474
vt 0.766535 0.513853
vt 0.267956 0.576758
vt 0.268073 0.515095
vt 0.815551 0.386943
vt 0.894472 0.581503
vt 0.212961 0.321269
vt 0.259466 0.504672
vt 0.195689 0.957655
vt 0.022526 0.657051
vt 0.796605 0.499195
vt 0.906191 0.951501
vt 0.855035 0.159436
vt 0.997112 0.698607
vt 0.134711 0.832953
vt 0.228655 0.397721
vt 0.550058 0.954561
vt 0.524156 0.501949
vt 0.221979 0.730443
vt 0.534357 0.743629
vt 0.160833 0.593438
vt 0.565452 0.812165
vt 0.564278 0.770375
vt 0.566876 0.812170
vt 0.565507 0.770388
vt 0.562506 0.770355
vt 0.563035 0.812157
vt 0.459201 0.811796
vt 0.459854 0.768981
vt 0.461844 0.811806
vt 0.462831 0.769024
vt 0.460618 0.811801
vt 0.461442 0.769004
vt 0.358665 0.811444
vt 0.360497 0.767547
vt 0.359318 0.767529
vt 0.357460 0.811440
vt 0.360050 0.811449
vt 0.361779 0.767565
vt 0.669656 0.812520
vt 0.667444 0.771487
vt 0.670896 0.812524
vt 0.668885 0.771502
vt 0.667985 0.812514
vt 0.665959 0.771471
vt 0.773641 0.812874
vt 0.771059 0.772604
vt 0.774910 0.812878
vt 0.772123 0.772615
vt 0.772231 0.812869
vt 0.769785 0.772590
vt 0.257378 0.811089
vt 0.260091 0.766097
vt 0.258730 0.811094
vt 0.261663 0.766119
vt 0.255010 0.811081
vt 0.258387 0.766072
vt 0.424279 0.576378
vt 0.425574 0.514714
vt 0.422045 0.576384
vt 0.424109 0.514718
vt 0.425685 0.576375
vt 0.427202 0.514710
vt 0.526697 0.576130
vt 0.525589 0.514472
vt 0.627178 0.575886
vt 0.625518 0.514231
vt 0.627746 0.575884
vt 0.626285 0.514229
vt 0.324694 0.576620
vt 0.327549 0.514951
vt 0.325397 0.576619
vt 0.328181 0.514950
vt 0.457559 0.698048
vt 0.458362 0.641379
vt 0.458342 0.698050
vt 0.459177 0.641396
vt 0.564367 0.698412
vt 0.561166 0.643617
vt 0.560169 0.698398
vt 0.559407 0.643579
vt 0.562027 0.698404
vt 0.560182 0.643596
vt 0.665695 0.698758
vt 0.662726 0.645837
vt 0.666487 0.698761
vt 0.663925 0.645863
vt 0.769387 0.699111
vt 0.766026 0.648095
vt 0.770712 0.699116
vt 0.767036 0.648117
vt 0.356096 0.697701
vt 0.358783 0.639214
vt 0.354509 0.697695
vt 0.356668 0.639168
vt 0.827401 0.462280
vt 0.800378 0.584728
vt 0.529219 0.590431
vt 0.822712 0.611194
vt 0.530889 0.619612
vt 0.854388 0.455865
vt 0.875782 0.537345
vt 0.835288 0.711944
vt 0.532720 0.715026
vt 0.625709 0.500904
vt 0.627787 0.588358
vt 0.664145 0.615746
vt 0.665626 0.713651
vt 0.664608 0.736187
vt 0.674518 0.953475
vt 0.724360 0.499889
vt 0.728382 0.586242
vt 0.763753 0.612857
vt 0.770276 0.712568
vt 0.766851 0.730346
vt 0.782731 0.952579
vt 0.873363 0.228989
vt 0.917270 0.384554
vt 0.868319 0.804025
vt 0.907433 0.685509
vt 0.961518 0.517213
vt 0.893234 0.295787
vt 0.234400 0.715472
vt 0.186228 0.593835
vt 0.119115 0.471795
vt 0.258413 0.592665
vt 0.231760 0.503980
vt 0.201500 0.399017
vt 0.172005 0.403438
vt 0.199831 0.505498
vt 0.240906 0.616898
vt 0.358195 0.956236
vt 0.361470 0.744162
vt 0.355204 0.716759
vt 0.360417 0.618054
vt 0.355548 0.594758
vt 0.356176 0.503677
vt 0.463541 0.955317
vt 0.462059 0.745721
vt 0.455497 0.719838
vt 0.459479 0.612052
vt 0.454685 0.585176
vt 0.453860 0.502672
vt 0.070858 0.564353
vt 0.146595 0.704554
vt 0.213125 0.833814
vt 0.357385 0.842921
vt 0.463623 0.848626
vt 0.542522 0.853319
vt 0.669170 0.836216
vt 0.774897 0.842704
vt 0.873764 0.825228
vt 0.920259 0.724719
vt 0.974124 0.581456
vt 0.855947 0.828385
vt 0.269813 0.592911
vt 0.264076 0.617122
vt 0.257616 0.715720
vt 0.261938 0.734373
vt 0.256703 0.836565
vt 0.252173 0.957162
vt 0.723221 0.614032
vt 0.725616 0.713030
vt 0.569667 0.954390
vt 0.568313 0.849836
vt 0.562598 0.742015
vt 0.560506 0.714739
vt 0.563520 0.850483
vt 0.967732 0.321865
vt 0.931521 0.323572
vt 0.911502 0.207372
vt 0.873626 0.221323
vt 0.881962 0.179590
vt 0.932182 0.321012
vt 0.999190 0.495863
vt 0.973750 0.490694
vt 0.955074 0.359253
vt 0.971420 0.490800
vt 0.923578 0.475860
vt 0.894243 0.479593
vt 0.876423 0.368889
vt 0.851288 0.337522
vt 0.935954 0.690412
vt 1.001251 0.515189
vt 1.000575 0.506131
vt 0.935642 0.689234
vt 0.727803 0.587172
vt 0.921572 0.153513
vt 0.906341 0.148310
vt 0.738992 0.792703
vt 0.745388 0.773053
vt 0.244121 0.765866
vt 0.071518 0.172616
vt 0.058414 0.233889
vt 0.103170 0.186867
vt 0.037585 0.028847
vt 0.037794 0.046984
vt 0.027298 0.047347
vt 0.027337 0.029110
vt 0.032504 0.038072
vt 0.037689 0.037915
vt 0.032546 0.047165
vt 0.027318 0.038228
vt 0.032461 0.028979
vt 0.035060 0.033453
vt 0.035023 0.028913
vt 0.037637 0.033381
vt 0.035096 0.037994
vt 0.032482 0.033525
vt 0.035133 0.042534
vt 0.037742 0.042449
vt 0.035170 0.047074
vt 0.032525 0.042619
vt 0.029916 0.042703
vt 0.029922 0.047256
vt 0.027308 0.042788
vt 0.029911 0.038150
vt 0.029905 0.033597
vt 0.027327 0.033669
vt 0.029899 0.029045
vt 0.033757 0.031217
vt 0.032472 0.031252
vt 0.033742 0.028946
vt 0.035041 0.031183
vt 0.033771 0.033489
vt 0.036415 0.040223
vt 0.036393 0.037954
vt 0.037716 0.040182
vt 0.036437 0.042492
vt 0.035115 0.040264
vt 0.031227 0.044936
vt 0.032535 0.044892
vt 0.031234 0.047210
vt 0.029919 0.044980
vt 0.031220 0.042661
vt 0.028615 0.035911
vt 0.028614 0.038189
vt 0.027323 0.035949
vt 0.028616 0.033633
vt 0.029908 0.035874
vt 0.036326 0.031148
vt 0.036304 0.028880
vt 0.037611 0.031114
vt 0.036349 0.033417
vt 0.036371 0.035686
vt 0.037663 0.035648
vt 0.035078 0.035723
vt 0.033785 0.035761
vt 0.033800 0.038033
vt 0.032493 0.035799
vt 0.036460 0.044760
vt 0.037768 0.044717
vt 0.036482 0.047029
vt 0.035152 0.044804
vt 0.033843 0.044848
vt 0.033858 0.047120
vt 0.033829 0.042576
vt 0.033815 0.040304
vt 0.032514 0.040345
vt 0.028611 0.045023
vt 0.028610 0.047301
vt 0.027303 0.045067
vt 0.028612 0.042745
vt 0.028613 0.040467
vt 0.027313 0.040508
vt 0.029913 0.040427
vt 0.031214 0.040386
vt 0.031207 0.038111
vt 0.028617 0.031355
vt 0.027332 0.031390
vt 0.028618 0.029078
vt 0.029902 0.031321
vt 0.031187 0.031286
vt 0.031180 0.029012
vt 0.031194 0.033561
vt 0.031200 0.035836
vt 0.772738 0.952666
vt 0.772810 0.585307
vt 0.774101 0.612557
vt 0.774891 0.712521
vt 0.774335 0.729918
vt 0.775074 0.499368
vt 0.774196 0.714794
vt 0.774492 0.616827
vt 0.773945 0.734810
vt 0.772701 0.841332
vt 0.774124 0.945263
vt 0.773803 0.962310
vt 0.772971 0.586366
vt 0.770827 0.495196
vt 0.774943 0.613869
vt 0.772921 0.493008
vt 0.775496 0.614857
vt 0.775292 0.616197
vt 0.770797 0.495245
vt 0.772892 0.493057
vt 0.772941 0.586415
vt 0.774914 0.613918
vt 0.775467 0.614906
vt 0.775262 0.616246
vt 0.774463 0.616876
vt 0.774166 0.714843
vt 0.773915 0.734859
vt 0.775483 0.833216
vt 0.772671 0.841381
vt 0.774094 0.945312
vt 0.773833 0.962261
vt 0.772780 0.585356
vt 0.775044 0.499417
vt 0.774071 0.612606
vt 0.774861 0.712570
vt 0.774305 0.729967
vt 0.774867 0.842753
vt 0.772768 0.952618
vn 0.121002 0.983722 0.132850
vn 0.731910 -0.085765 0.675982
vn -0.000020 0.514618 0.857420
vn -0.001239 -0.421149 0.906991
vn -0.000582 -0.394616 0.918846
vn 0.937154 0.068123 -0.342201
vn 0.725806 0.455561 -0.515431
vn 0.999171 0.040721 0.000287
vn 0.555281 0.831650 0.004541
vn 0.553456 0.832812 -0.010508
vn 0.426942 0.904276 -0.002143
vn 0.542151 0.840271 -0.004047
vn 0.214215 0.976730 -0.010477
vn -0.304030 -0.744843 0.593949
vn -0.659829 -0.313522 0.682883
vn 0.150502 0.821227 0.550396
vn -0.645510 0.631853 0.429045
vn 0.579386 0.675705 -0.455779
vn 0.755626 0.545165 -0.363077
vn 0.644907 0.644445 -0.410836
vn 0.970144 0.060475 -0.234869
vn -0.013244 0.999906 -0.003695
vn 0.027563 0.999611 0.004167
vn -0.779641 0.625866 -0.021249
vn -0.814065 0.576418 0.070996
vn 0.663303 0.669844 0.333674
vn 0.542744 0.818140 0.189935
vn 0.145345 0.724970 0.673270
vn 0.027534 0.631252 0.775089
vn 0.689984 0.532483 0.490290
vn 0.756971 0.617996 -0.212312
vn 0.815040 0.573763 -0.080654
vn 0.782170 0.582189 0.221962
vn 0.443677 0.793617 0.416319
vn -0.604569 0.635370 0.480418
vn -0.329514 0.905855 0.266172
vn -0.488325 -0.155836 0.858635
vn 0.723819 0.139034 0.675837
vn 0.095744 0.915684 0.390327
vn 0.017091 0.985147 0.170862
vn 0.008660 0.999956 -0.003636
vn -0.103075 0.966191 0.236329
vn 0.022616 0.996651 0.078586
vn -0.028139 0.990067 0.137752
vn -0.001389 0.998658 0.051771
vn 0.685206 0.435669 0.583683
vn 0.022592 0.710824 0.703007
vn 0.450111 0.611392 0.650845
vn 0.538221 0.733457 0.415161
vn -0.148824 -0.721370 0.676370
vn -0.403315 0.718678 0.566426
vn -0.379643 -0.373958 0.846184
vn -0.187093 0.841972 0.506043
vn -0.499472 0.672661 0.545944
vn 0.494516 0.843795 0.208480
vn 0.856315 0.450429 0.252663
vn -0.001702 0.630435 0.776240
vn 0.734614 0.390829 0.554612
vn -0.016334 0.894114 0.447541
vn 0.152540 -0.014846 0.988186
vn -0.299086 0.794642 0.528292
vn -0.240795 0.659814 0.711803
vn 0.032155 0.816379 0.576621
vn -0.036624 0.807193 0.589151
vn -0.526403 0.573794 0.627424
vn -0.000848 0.886384 0.462950
vn 0.015425 0.953524 0.300923
vn -0.019018 0.878512 0.477342
vn -0.014861 0.535969 0.844107
vn 0.034200 0.884095 0.466054
vn -0.390681 0.635836 0.665644
vn -0.012113 -0.041854 0.999050
vn -0.718839 0.499347 0.483656
vn -0.438216 -0.482967 0.758097
vn 0.005195 0.785652 0.618647
vn 0.000499 -0.710004 0.704198
vn 0.723157 0.521516 0.452842
vn -0.003319 0.694635 0.719355
vn 0.442622 -0.337467 0.830784
vn 0.000494 -0.488005 0.872841
vn 0.000236 -0.515981 0.856600
vn 0.000510 -0.511438 0.859320
vn 0.058851 0.996235 -0.063666
vn -0.002808 0.996675 -0.081427
vn -0.011722 0.976551 0.214967
vn 0.201695 0.936446 0.287032
vn -0.008171 0.768104 0.640273
vn 0.670829 0.638082 0.377943
vn 0.694348 0.696969 -0.179207
vn 0.792826 0.609447 -0.000960
vn 0.999256 0.038546 -0.000872
vn 0.636928 0.770921 0.001822
vn 0.997978 -0.031958 0.054944
vn 0.967472 -0.252427 0.016667
vn 0.765337 0.422180 0.485822
vn 0.711740 -0.144201 0.687483
vn 0.531246 -0.437890 0.725279
vn 0.862766 0.455735 0.218952
vn 0.541104 0.792747 -0.280640
vn 0.802501 0.596164 0.024081
vn 0.677428 0.735531 0.009213
vn 0.675713 0.736596 -0.028946
vn 0.401363 0.915919 -0.000477
vn 0.806522 0.591204 -0.001009
vn 0.713878 0.468093 -0.520833
vn 0.668122 0.731559 -0.135773
vn 0.884537 0.466423 0.006537
vn 0.867560 0.497318 -0.003818
vn 0.786639 0.615946 -0.042542
vn 0.534898 0.835992 0.122479
vn -0.027601 0.999602 0.005898
vn 0.684175 0.729220 0.011939
vn -0.013284 0.999904 0.003929
vn 0.891797 0.452170 0.015536
vn 0.727934 0.685626 -0.005468
vn 0.405852 0.794293 0.452087
vn 0.896210 0.443228 -0.018899
vn 0.021415 0.425796 0.904566
vn -0.327269 0.944729 -0.019555
vn -0.320847 0.812793 0.486235
vn -0.304609 0.952332 -0.016631
vn -0.412661 0.536895 0.735836
vn -0.010575 0.999863 -0.012723
vn 0.231474 0.919170 0.318663
vn 0.270821 0.962291 -0.025549
vn 0.252703 0.447547 0.857813
vn -0.055512 0.441578 0.895504
vn 0.022380 0.860799 0.508453
vn 0.267807 0.755011 0.598530
vn -0.438981 0.679737 0.587583
vn -0.033387 0.999425 -0.005856
vn 0.089346 0.995846 -0.017574
vn 0.164543 0.762902 0.625225
vn -0.028357 0.564694 0.824813
vn -0.027117 0.579673 0.814398
vn 0.357621 0.676297 0.643995
vn 0.522749 -0.654732 0.545948
vn 0.266914 -0.420166 0.867305
vn -0.396136 -0.860888 0.319294
vn -0.882140 -0.348063 0.317304
vn -0.566788 0.823274 -0.031163
vn -0.673697 0.738987 0.005596
vn -0.181663 0.982823 0.032507
vn -0.755327 0.655343 0.002772
vn -0.986772 0.004570 -0.162051
vn -0.996099 0.039430 -0.078947
vn -0.838629 0.431432 -0.332519
vn -0.501487 0.862718 -0.065030
vn -0.612475 0.790485 -0.002649
vn -0.846186 0.525083 -0.090868
vn -0.712271 0.699684 -0.055782
vn -0.563434 0.825294 0.037845
vn -0.560783 0.398929 -0.725519
vn -0.581574 0.790682 -0.191296
vn -0.761400 0.529858 -0.373525
vn -0.701301 0.712382 0.026261
vn -0.522096 0.852859 0.006873
vn -0.592215 0.805761 0.005569
vn -0.635560 0.751836 -0.175517
vn -0.605354 0.795933 0.006187
vn -0.611318 0.790763 0.031366
vn -0.433342 0.900730 0.030009
vn -0.574290 0.818649 -0.002375
vn -0.819795 0.572603 0.007859
vn -0.482790 0.875622 0.014139
vn -0.748343 0.645448 -0.152902
vn -0.748307 0.662145 0.040009
vn -0.824930 0.538614 0.171422
vn -0.756588 0.627692 0.183242
vn -0.565758 0.824348 0.019189
vn -0.153640 0.986116 0.063006
vn -0.083721 0.996197 0.024113
vn -0.798643 0.601798 0.003007
vn -0.560771 0.397673 -0.726218
vn -0.704686 0.685242 -0.184013
vn -0.291109 0.933531 0.209227
vn -0.130892 0.991396 0.000861
vn -0.164752 0.967327 -0.192708
vn 0.684007 0.729474 0.001485
vn 0.699558 0.714544 0.006702
vn 0.791498 0.611159 -0.003978
vn 0.636825 0.766824 -0.080222
vn 0.798106 0.602481 0.006603
vn 0.419857 0.865415 0.273455
vn 0.738554 0.674157 0.007044
vn 0.855694 0.516800 0.026562
vn 0.414481 0.893816 0.171168
vn 0.821723 0.569841 -0.007307
vn 0.465732 0.884761 -0.017098
vn 0.452270 0.639865 -0.621309
vn -0.008652 0.999904 0.010862
vn 0.602584 0.798056 -0.000400
vn 0.080271 0.943102 -0.322669
vn 0.830855 0.556043 -0.022268
vn 0.910561 0.408952 -0.060310
vn 0.570497 0.438607 -0.694375
vn -0.007358 0.973122 -0.230174
vn 0.713025 0.633068 -0.301362
vn -0.050001 0.898269 -0.436592
vn -0.000042 -0.511930 0.859027
vn -0.000042 -0.513840 0.857886
vn -0.006380 -0.442102 0.896942
vn 0.015841 0.504108 0.863496
vn -0.002854 -0.388086 0.921619
vn 0.006251 0.701269 0.712869
vn -0.392162 0.449470 0.802612
vn -0.002827 0.749982 0.661452
vn -0.765009 0.458598 0.452162
vn 0.288675 0.575721 0.764991
vn -0.765978 0.431480 0.476553
vn 0.001036 0.559844 0.828597
vn -0.205924 0.817647 0.537632
vn -0.294679 0.602829 0.741459
vn -0.616735 0.786924 -0.019707
vn -0.666988 0.745040 -0.006506
vn -0.626248 0.528422 0.573222
vn -0.607005 0.341626 0.717521
vn -0.005802 0.554001 0.832496
vn 0.001268 0.211959 0.977278
vn -0.013594 0.822574 0.568495
vn 0.072957 0.748972 0.658573
vn -0.919930 0.284304 0.270000
vn -0.367813 -0.353809 0.859961
vn -0.081342 -0.167025 0.982592
vn 0.017994 -0.957841 0.286734
vn -0.873667 -0.482643 0.061344
vn -0.802108 0.597159 0.004957
vn -0.445884 0.894804 -0.022651
vn -0.865615 0.500700 -0.003243
vn 0.313142 0.841982 0.439327
vn 0.188287 0.981901 0.020482
vn 0.240393 -0.638594 0.731033
vn -0.153107 -0.108072 0.982282
vn 0.032768 0.372090 0.927618
vn -0.075040 0.906762 0.414912
vn 0.004888 0.999982 0.003607
vn 0.000858 1.000000 -0.000336
vn -0.623189 0.782069 0.002179
vn -0.626227 0.779637 0.002269
vn -0.000251 0.999563 -0.029544
vn -0.000102 0.999569 -0.029342
vn -0.685555 0.727827 -0.016792
vn -0.691990 0.721727 -0.016141
vn -0.999896 -0.013087 -0.006086
vn -0.704810 0.709357 0.007439
vn -0.417688 0.908590 0.001086
vn -0.690215 0.723599 -0.002921
vn -0.129010 0.991073 0.033619
vn -0.729538 0.645574 -0.225850
vn -0.766590 0.642088 0.007940
vn -0.507243 0.840147 0.191982
vn -0.588027 0.808736 -0.013058
vn -0.846291 0.471142 0.248630
vn -0.675763 0.588807 -0.443453
vn -0.583802 0.791217 -0.182075
vn -0.698471 0.662153 -0.271462
vn -0.838372 0.545095 -0.001746
vn -0.434548 0.900639 0.004281
vn -0.825474 -0.564259 0.014313
vn -0.078950 0.996854 -0.006951
vn 0.051761 0.998448 -0.020555
vn -0.187058 0.872186 0.451997
vn -0.739050 0.672048 -0.046449
vn -0.816558 0.576841 0.022058
vn 0.847328 0.488890 -0.207419
vn 0.447991 0.894038 0.000240
vn 0.979370 0.060812 0.192706
vn 0.545683 0.837952 -0.008135
vn 0.431171 0.421624 0.797700
vn -0.069563 0.952608 0.296141
vn -0.005410 0.956360 0.292142
vn 0.535845 0.717810 0.444544
vn 0.545038 0.614604 -0.570259
vn 0.541176 0.558360 0.628779
vn 0.591632 0.744082 0.310344
vn 0.529036 0.848483 -0.014065
vn 0.968272 -0.249897 0.001009
vn 0.613045 0.790001 -0.008641
vn 0.611302 0.760963 -0.217360
vn 0.816368 0.577453 -0.009541
vn 0.617566 0.749712 0.237791
vn 0.374402 0.704306 0.603139
vn 0.106678 0.986332 0.125575
vn 0.717629 0.564534 -0.407811
vn 0.176730 0.720576 -0.670475
vn 0.469984 0.832439 0.293532
vn 0.865969 0.499081 0.031879
vn 0.666727 0.745115 0.016728
vn 0.555143 0.831071 0.033729
vn -0.436957 0.863208 0.252865
vn 0.037239 0.608108 0.792980
vn -0.214290 0.616571 0.757576
vn -0.511634 0.753850 0.412239
vn -0.550156 0.718706 0.425194
vn 0.476510 0.591236 0.650676
vn 0.767599 0.634750 0.088798
vn 0.141612 -0.002596 0.989919
vn 0.855711 -0.085445 0.510350
vn 0.502346 0.530194 0.683040
vn 0.013836 0.726286 0.687253
vn -0.107793 0.644602 0.756881
vn -0.572888 -0.311070 0.758311
vn 0.034236 -0.406999 0.912787
vn 0.190022 -0.730477 0.655969
vn -0.391146 0.575186 0.718447
vn 0.045467 -0.770953 0.635267
vn -0.342479 0.682033 0.646173
vn -0.015448 0.367011 0.930088
vn -0.174367 0.984130 0.032926
vn -0.021568 0.996648 0.078919
vn 0.697525 0.569855 0.434424
vn 0.292967 -0.598877 0.745330
vn 0.041670 -0.311788 0.949238
vn 0.263550 0.051189 0.963287
vn -0.004271 0.781712 0.623625
vn 0.014751 -0.296475 0.954927
vn -0.009537 0.696557 0.717438
vn 0.288403 0.246470 0.925244
vn 0.610071 0.792254 -0.012127
vn 0.922644 0.385650 0.001037
vn 0.667580 0.536967 -0.515756
vn 0.999913 -0.011824 0.005904
vn 0.724563 0.689053 -0.014643
vn 0.726644 0.686779 -0.017941
vn 0.451878 -0.597308 0.662593
vn -0.000983 -0.754567 0.656222
vn -0.000031 -0.804561 0.593871
vn -0.000030 -0.805974 0.591950
vn 0.000370 -0.807141 0.590358
vn -0.000030 -0.808528 0.588458
vn 0.000367 -0.789923 0.613206
vn 0.000354 -0.755553 0.655087
vn 0.020422 -0.605441 0.795628
vn -0.398641 -0.423102 0.813677
vn -0.310153 -0.536278 0.784991
vn -0.048937 -0.777550 0.626914
vn 0.087167 -0.491478 0.866517
vn 0.000000 -0.666824 0.745216
vn -0.000343 -0.434869 0.900494
vn 0.003163 -0.229513 0.973301
vn -0.000254 -0.704571 0.709634
vn -0.000246 -0.680576 0.732678
vn 0.465350 0.627590 0.624163
vn 0.460807 -0.567619 0.682250
vn 0.605797 0.792646 -0.068720
vn 0.430915 0.902299 -0.013038
vn 0.778232 0.497006 -0.383849
vn 0.881182 -0.472720 0.007385
vn 0.880150 -0.474689 -0.002422
vn 0.385942 0.801727 0.456380
vn 0.331988 0.594295 0.732528
vn 0.764558 -0.277554 0.581734
vn 0.783914 0.033893 0.619943
vn 0.499329 0.481973 0.719981
vn 0.541865 -0.281729 0.791840
vn -0.000214 0.999768 0.021530
vn -0.427218 0.904069 -0.012004
vn 0.337198 -0.804459 0.489022
vn -0.276528 0.948847 0.152389
vn -0.474680 0.852715 0.218075
vn -0.394103 0.460659 0.795284
vn -0.564492 0.352846 0.746223
vn -0.238481 0.906684 0.347924
vn -0.400626 0.906849 0.130858
vn -0.165549 0.958075 0.233850
vn -0.003149 0.666390 0.745596
vn 0.016085 0.842707 0.538133
vn 0.000430 -0.251954 0.967739
vn 0.000484 -0.700140 0.714005
vn 0.462824 0.802570 0.376397
vn 0.036266 0.579231 0.814356
vn -0.462362 -0.323999 0.825376
vn -0.012035 -0.748487 0.663041
vn 0.008967 -0.829932 0.557792
vn -0.338246 -0.710937 0.616569
vn -0.007815 -0.661638 0.749783
vn 0.049666 0.540214 0.840061
vn -0.262743 0.419798 0.868756
vn 0.000653 0.992656 0.120968
vn 0.008026 0.991780 0.127703
vn 0.011497 0.735636 0.677279
vn 0.022788 0.755146 0.655160
vn -0.201677 0.964532 0.170305
vn 0.224895 0.954037 0.198080
vn 0.041242 0.850222 0.524807
vn 0.082789 -0.646331 0.758552
vn 0.436708 -0.658547 0.612864
vn 0.161000 -0.650200 0.742508
vn 0.000111 0.726067 0.687624
vn -0.014516 0.726436 0.687081
vn 0.008636 0.776276 0.630334
vn -0.531932 0.650094 0.542610
vn 0.001553 0.996140 0.087759
vn -0.001643 0.636799 0.771028
vn -0.042432 0.085051 0.995473
vn -0.003481 0.999994 0.000000
vn 0.371053 0.928608 0.002604
vn -0.003471 0.999994 -0.000023
vn 0.716511 0.697549 0.006069
vn -0.594328 0.803519 0.033635
vn -0.573386 0.818970 0.022727
vn -0.718147 0.695862 0.006384
vn -0.772651 0.634831 0.000000
vn 0.449500 -0.061579 0.891155
vn 0.569048 0.747503 0.342672
vn 0.987521 0.157056 0.011650
vn 0.932624 0.360665 0.011529
vn -0.891802 0.450076 0.046056
vn -0.864603 0.499964 0.049975
vn -0.905107 0.421004 0.059468
vn -0.844045 0.533075 0.058469
vn 0.989455 0.144190 0.013684
vn 0.956164 0.292736 -0.007457
vn 0.013037 0.153967 0.987990
vn 0.034040 0.177122 0.983600
vn 0.035214 0.194863 0.980198
vn 0.049171 0.238964 0.969783
vn -0.027971 -0.007561 0.999580
vn -0.010683 0.004307 0.999934
vn -0.026180 0.567803 0.822748
vn -0.005914 0.509461 0.860474
vn 0.723317 0.183542 0.665676
vn 0.881633 0.224644 0.415040
vn 0.979696 0.198714 -0.026607
vn 0.979249 0.199407 -0.036177
vn 0.984561 0.169000 -0.045587
vn 0.985932 0.158704 -0.052448
vn 0.011906 0.629602 0.776827
vn 0.015717 0.003554 0.999870
vn -0.802779 0.596135 0.013021
vn -0.701786 0.712330 0.009072
vn -0.687450 0.726179 -0.008779
vn -0.830091 0.557283 0.019602
vn 0.732649 0.680602 0.002613
vn 0.411870 0.911004 0.020852
vn -0.087890 0.993402 -0.073676
vn -0.574586 0.818431 0.004662
vn -0.036702 0.999030 -0.024314
vn -0.589848 0.807514 0.000778
vn -0.782743 0.622345 0.000615
vn 0.668490 0.743708 -0.004502
vn -0.389656 0.920956 -0.002743
vn 0.670779 0.741655 -0.001670
vn 0.057881 0.998320 -0.002846
vn 0.058179 0.998272 0.008210
vn -0.865448 0.500344 -0.025594
vn 0.703196 0.710886 -0.012492
vn -0.434316 0.900587 -0.017657
vn 0.702389 0.711706 -0.011147
vn 0.126281 0.991959 -0.008368
vn 0.128035 0.991685 -0.012996
vn 0.160633 0.986420 0.034241
vn 0.140837 0.989429 0.034567
vn 0.787815 0.615851 0.008635
vn 0.392147 0.919780 0.015029
vn -0.487657 0.871625 0.049600
vn -0.498406 0.865890 0.042724
vn -0.377944 0.919615 0.107085
vn -0.141393 0.985526 0.093523
vn 0.722155 0.691646 -0.010852
vn 0.421117 0.906516 0.029812
vn -0.509929 0.845325 0.159368
vn -0.573746 0.814830 0.082870
vn -0.123423 0.992241 -0.014973
vn -0.144592 0.989182 -0.024749
vn 0.566861 0.823813 0.000383
vn 0.554656 0.832071 -0.003800
vn 0.022303 0.999738 -0.005165
vn 0.356094 0.934378 -0.011613
vn 0.747268 0.664209 -0.020412
vn -0.003092 0.999995 -0.000821
vn 0.063655 0.997971 -0.001413
vn -0.729339 0.683561 0.028455
vn -0.369057 0.929298 0.014229
vn -0.425225 0.905084 -0.002679
vn -0.909959 0.414689 -0.002871
vn 0.718386 0.695618 0.006080
vn 0.347914 0.937520 0.003461
vn 0.029770 0.999557 0.000000
vn 0.029045 0.999578 -0.000555
vn -0.340266 0.940227 0.013904
vn -0.724196 0.689015 0.028250
vn -0.676628 0.736124 -0.017240
vn -0.683009 0.730224 -0.016495
vn -0.385079 0.922642 -0.021098
vn -0.824722 0.565474 -0.008550
vn 0.057780 0.997907 -0.029037
vn -0.665186 0.746313 -0.023339
vn 0.030373 0.999084 -0.030159
vn -0.675264 0.737387 -0.016724
vn 0.880301 0.474236 -0.013029
vn 0.434781 0.900034 -0.030067
vn -0.701970 0.712153 -0.008707
vn -0.368144 0.929496 -0.022508
vn -0.311237 0.950077 -0.022025
vn -0.700842 0.713263 -0.008821
vn -0.863338 0.504615 -0.003418
vn -0.404425 0.914323 -0.021286
vn -0.821493 0.570153 -0.008657
vn -0.412428 0.910677 -0.023872
vn -0.006885 0.618839 0.785488
vn 0.024105 0.679464 0.733313
vn 0.021284 0.502310 0.864426
vn 0.053831 0.617432 0.784780
vn -0.014967 0.372220 0.928024
vn 0.063247 0.458220 0.886586
vn 0.009242 0.584545 0.811309
vn -0.043614 0.540837 0.839996
vn -0.090715 0.468512 0.878787
vn -0.764379 0.644554 0.016602
vn -0.732171 0.680793 0.021147
vn -0.975622 0.219434 0.003238
vn -0.988123 0.151453 0.026001
vn -0.785628 0.618647 0.008014
vn -0.636315 0.771052 0.024111
vn -0.868211 0.494525 0.040675
vn -0.927636 0.371010 0.042935
vn -0.029015 0.342138 0.939201
vn -0.017073 0.546643 0.837191
vn 0.036235 0.639710 0.767761
vn 0.983849 0.178282 -0.016019
vn 0.701920 0.630007 0.332264
vn 0.954194 0.298135 -0.025088
vn 0.450294 0.610093 0.651937
vn 0.989161 0.143786 -0.029778
vn 0.988008 0.150260 -0.035520
vn -0.019803 0.507572 0.861382
vn 0.357854 0.583921 0.728682
vn 0.884696 0.466113 -0.007178
vn 0.989968 0.139601 -0.021800
vn 0.070858 0.107979 0.991625
vn 0.060979 0.076747 0.995184
vn 0.062583 0.544966 0.836119
vn 0.080523 0.341106 0.936570
vn 0.020104 0.611740 0.790804
vn -0.001385 0.390325 0.920676
vn -0.016773 0.622679 0.782298
vn -0.020454 -0.039718 0.999002
vn 0.025061 0.098853 0.994787
vn 0.023230 0.152961 0.987959
vn 0.038547 0.264003 0.963751
vn -0.001582 0.358663 0.933466
vn -0.005652 0.417326 0.908739
vn -0.740314 0.476474 0.474245
vn -0.571031 0.326992 0.752994
vn 0.059579 0.177008 0.982404
vn 0.031398 0.238355 0.970670
vn 0.070974 0.165358 0.983677
vn -0.807604 0.401895 0.431574
vn -0.550428 0.829141 -0.097745
vn -0.547900 0.836137 0.026088
vn -0.647655 0.759741 0.057761
vn -0.788743 0.566577 -0.238486
vn -0.983269 0.121342 0.135859
vn -0.289320 0.957225 0.003717
vn 0.052147 0.993512 0.101069
vn 0.033329 0.955461 0.293230
vn -0.029960 0.902752 -0.429117
vn -0.000625 0.847642 -0.530569
vn -0.017719 0.579516 -0.814768
vn -0.001274 0.520524 -0.853846
vn -0.261924 0.962671 0.068271
vn -0.328384 0.944533 0.004586
vn -0.599565 0.798484 0.054266
vn -0.659165 0.751909 0.011553
vn 0.028517 0.904081 0.426408
vn -0.001260 0.848593 0.529044
vn 0.014843 0.583945 0.811658
vn -0.002099 0.522108 0.852877
vn 0.260937 0.962989 -0.067552
vn 0.329021 0.944317 -0.003216
vn 0.598917 0.799378 -0.047892
vn 0.663243 0.748396 -0.003604
vn -0.018052 0.506717 -0.861924
vn -0.070011 0.794702 -0.602949
vn -0.099355 0.655268 -0.748834
vn -0.249032 0.851968 -0.460579
vn -0.499891 0.837223 -0.221733
vn -0.654609 0.755158 -0.034983
vn -0.595874 0.802348 -0.034223
vn -0.743049 0.669095 0.013793
vn -0.027194 0.999630 -0.000514
vn -0.260705 0.963463 -0.061421
vn -0.029244 0.997963 -0.056696
vn -0.661789 0.747324 0.059518
vn -0.379905 0.912572 0.151276
vn -0.503751 0.830339 0.238268
vn -0.251199 0.847320 0.467919
vn -0.100660 0.653468 0.750231
vn -0.019014 0.507318 0.861549
vn -0.018612 0.580325 0.814172
vn -0.002378 0.416779 0.909005
vn -0.000457 0.998707 0.050835
vn -0.030654 0.903102 0.428331
vn -0.024695 0.998623 0.046296
vn 0.014374 0.515065 0.857031
vn 0.067596 0.799044 0.597461
vn 0.097221 0.659619 0.745286
vn 0.249576 0.851931 0.460353
vn 0.505561 0.832485 0.226664
vn 0.665688 0.744914 0.044294
vn 0.602708 0.796933 0.040517
vn 0.751393 0.659847 -0.003231
vn 0.026589 0.999645 -0.001437
vn 0.262080 0.963055 0.061967
vn 0.028649 0.998097 0.054612
vn 0.658761 0.750682 -0.050102
vn 0.375079 0.915529 -0.145338
vn 0.500440 0.834113 -0.231982
vn 0.247316 0.851211 -0.462898
vn 0.097033 0.657934 -0.746799
vn 0.015117 0.512854 -0.858343
vn 0.015512 0.582201 -0.812897
vn -0.001527 0.418274 -0.908319
vn -0.000250 0.998597 -0.052958
vn 0.028887 0.903032 -0.428601
vn 0.023935 0.998554 -0.048143
vn -0.001730 0.416754 -0.909018
vn -0.001531 0.415219 -0.909720
vn -0.235669 0.878041 -0.416539
vn -0.744828 0.667097 0.014591
vn -0.746626 0.665100 0.013860
vn -0.236858 0.875099 0.422020
vn -0.002609 0.418532 0.908198
vn -0.002375 0.420276 0.907393
vn 0.236003 0.878066 0.416295
vn 0.749806 0.661653 -0.002554
vn 0.748222 0.663440 -0.003225
vn 0.234311 0.876935 -0.419624
vn -0.105596 0.975380 -0.193608
vn -0.373956 0.917235 -0.137244
vn -0.000312 0.999999 -0.001064
vn -0.107870 0.974443 0.197038
vn -0.071380 0.793153 0.604825
vn 0.105816 0.975844 0.191133
vn 0.379998 0.914101 0.141498
vn 0.105229 0.975158 -0.194921
vn 0.067665 0.797354 -0.599707
vn -0.010377 0.155395 0.987798
vn -0.008238 0.250160 0.968170
vn -0.353859 0.424505 0.833414
vn -0.546302 0.722031 0.424530
vn -0.287175 0.764027 0.577749
vn -0.496749 0.737749 0.457129
vn -0.049971 0.656119 0.753002
vn -0.053817 0.547354 0.835169
vn -0.058152 0.205939 0.976836
vn -0.067020 0.156156 0.985456
vn -0.032927 0.261497 0.964642
vn -0.092859 0.574991 0.812873
vn -0.066238 0.622307 0.779966
vn 0.011472 0.181416 0.983340
vn -0.061925 0.104257 0.992621
vn -0.048537 0.230922 0.971761
vn -0.084076 0.666435 0.740807
vn -0.108628 0.440030 0.891389
vn -0.601906 0.718259 0.349017
vn -0.488977 -0.067988 0.869643
vn -0.068819 0.660539 0.747631
vn 0.003505 -0.041660 0.999126
vn -0.105344 0.473491 0.874476
vn -0.065740 -0.083875 0.994305
vn -0.116071 0.475213 0.872181
vn -0.089022 0.493314 0.865284
vn -0.097562 0.438398 0.893470
vn -0.108081 0.710187 0.695667
vn -0.044453 -0.104560 0.993525
vn -0.178056 0.467753 0.865739
vn -0.225075 0.908536 0.351998
vn -0.652951 0.659704 0.372082
vn 0.002346 0.697852 0.716239
vn -0.656828 0.685135 0.314908
vn -0.000981 0.905097 0.425203
vn 0.024293 0.999398 -0.024761
vn 0.011385 0.698843 0.715184
vn -0.636980 0.770431 -0.026325
vn -0.370655 0.455391 0.809465
vn -0.377607 0.834443 0.401396
vn 0.006279 0.695424 0.718572
vn -0.548437 0.755709 -0.357939
vn -0.396526 0.850363 0.345905
vn -0.153629 0.423078 0.892974
vn 0.001806 0.368805 0.929505
vn 0.005822 0.829984 0.557757
vn 0.000055 0.420703 0.907199
vn -0.000170 0.699367 0.714763
vn 0.005613 0.999848 -0.016535
vn 0.005165 0.999840 -0.017141
vn 0.004150 0.704977 0.709218
vn 0.002895 0.894711 0.446636
vn 0.008259 0.661536 0.749868
vn -0.259122 0.899943 0.350654
vn -0.857288 -0.182799 0.481292
vn -0.464527 0.605758 0.645965
vn -0.465376 0.591886 0.658101
vn -0.120236 -0.184967 0.975362
vn -0.076632 0.994923 0.065234
vn 0.032821 0.646579 0.762141
vn 0.005848 -0.359825 0.933002
vn 0.033757 0.987423 0.154456
vn -0.533210 0.786730 0.311034
vn -0.887444 0.460741 0.012688
vn 0.000000 -0.721989 0.691905
vn -0.444637 -0.652283 0.613861
vn -0.000235 -0.716466 0.697621
vn -0.000059 -0.499943 0.866058
vn 0.000000 -0.720464 0.693492
vn 0.002027 0.820887 0.571086
vn 0.016550 0.989848 0.141162
vn -0.028661 -0.657511 0.752900
vn -0.002970 0.523728 0.851880
vn 0.000859 0.687508 0.726176
vn -0.008141 -0.361200 0.932453
vn -0.545062 -0.136680 0.827180
vn -0.996833 0.073627 0.030048
vn -0.040098 -0.657858 0.752074
vn -0.005082 -0.671896 0.740628
vn 0.003638 0.577002 0.816735
vn 0.014588 0.685567 0.727863
vn -0.020047 -0.882355 0.470157
vn -0.040096 -0.657860 0.752072
vn -0.002484 0.533535 0.845774
vn 0.034521 0.994879 0.094999
vn 0.017873 0.647141 0.762161
vn -0.000080 -0.363752 0.931496
vn -0.000068 -0.721111 0.692820
f 6/6/1 274/285/2 43/43/3
f 274/285/2 276/287/4 43/43/3
f 43/43/3 276/287/4 275/286/5
f 62/62/6 63/63/7 4/4/8
f 63/63/7 184/195/9 4/4/8
f 184/195/9 185/196/10 4/4/8
f 185/196/10 273/284/11 4/4/8
f 273/284/11 272/283/12 4/4/8
f 272/283/12 8/8/13 4/4/8
f 299/310/14 243/254/15 298/309/16
f 298/309/16 243/254/15 27/27/17
f 189/200/18 190/201/19 143/143/20
f 143/143/20 190/201/19 218/229/21
f 168/179/22 169/180/23 167/178/24
f 167/178/24 169/180/23 170/181/25
f 71/71/26 81/81/27 79/79/28
f 81/81/27 248/259/29 79/79/28
f 79/79/28 248/259/29 82/82/30
f 406/417/31 407/418/32 69/69/33
f 69/69/33 407/418/32 66/66/34
f 339/350/35 342/353/36 338/349/37
f 338/349/37 342/353/36 343/354/38
f 256/267/39 6/6/1 250/261/40
f 43/43/3 44/44/41 6/6/1
f 250/261/40 6/6/1 141/141/42
f 6/6/1 44/44/41 141/141/42
f 322/333/43 122/122/44 319/330/45
f 291/302/46 237/248/47 238/249/48
f 318/329/49 346/357/50 123/123/51
f 123/123/51 346/357/50 347/358/52
f 124/124/53 330/341/54 334/345/55
f 334/345/55 330/341/54 333/344/56
f 399/410/57 316/327/58 398/409/59
f 398/409/59 316/327/58 323/334/60
f 84/84/61 76/76/62 229/240/63
f 228/239/64 229/240/63 223/234/65
f 76/76/62 223/234/65 229/240/63
f 27/27/17 32/32/66 28/28/67
f 31/31/68 236/247/69 32/32/66
f 233/244/70 28/28/67 230/241/71
f 28/28/67 32/32/66 230/241/71
f 32/32/66 236/247/69 230/241/71
f 27/27/17 243/254/15 32/32/66
f 32/32/66 243/254/15 244/255/72
f 384/395/73 385/396/74 359/370/75
f 359/370/75 385/396/74 358/369/76
f 20/20/77 45/45/78 280/291/79
f 280/291/79 45/45/78 281/292/80
f 277/288/81 282/293/82 45/45/78
f 45/45/78 282/293/82 281/292/80
f 43/43/3 45/45/78 44/44/41
f 44/44/41 45/45/78 239/250/83
f 239/250/83 45/45/78 26/26/84
f 45/45/78 46/46/85 26/26/84
f 20/20/77 22/22/86 45/45/78
f 22/22/86 33/33/87 45/45/78
f 46/46/85 45/45/78 33/33/87
f 183/194/88 184/195/9 64/64/89
f 64/64/89 184/195/9 63/63/7
f 6/6/1 177/188/90 274/285/2
f 274/285/2 177/188/90 178/189/91
f 176/187/92 177/188/90 175/186/93
f 175/186/93 177/188/90 6/6/1
f 312/323/94 21/21/95 240/251/96
f 21/21/95 257/268/97 240/251/96
f 66/66/34 407/418/32 67/67/98
f 67/67/98 407/418/32 271/282/99
f 69/69/33 404/415/100 406/417/31
f 406/417/31 404/415/100 269/280/101
f 269/280/101 404/415/100 68/68/102
f 404/415/100 110/110/103 68/68/102
f 69/69/33 66/66/34 114/114/104
f 65/65/105 70/70/106 66/66/34
f 70/70/106 114/114/104 66/66/34
f 143/143/20 311/322/107 142/142/108
f 142/142/108 311/322/107 253/264/109
f 253/264/109 311/322/107 10/10/110
f 16/16/111 128/128/112 118/118/113
f 118/118/113 128/128/112 129/129/114
f 30/30/115 134/134/116 397/408/117
f 397/408/117 134/134/116 396/407/118
f 226/237/119 227/238/120 225/236/121
f 225/236/121 227/238/120 224/235/122
f 14/14/123 131/131/124 80/80/125
f 80/80/125 131/131/124 132/132/126
f 231/242/127 232/243/128 77/77/129
f 77/77/129 232/243/128 83/83/130
f 29/29/131 203/214/132 133/133/133
f 133/133/133 203/214/132 235/246/134
f 235/246/134 203/214/132 234/245/135
f 203/214/132 204/215/136 234/245/135
f 81/81/27 24/24/137 248/259/29
f 248/259/29 24/24/137 247/258/138
f 83/83/130 232/243/128 230/241/71
f 230/241/71 232/243/128 233/244/70
f 229/240/63 236/247/69 84/84/61
f 84/84/61 236/247/69 31/31/68
f 329/340/139 330/341/54 125/125/140
f 125/125/140 330/341/54 124/124/53
f 171/182/141 172/183/142 165/176/143
f 165/176/143 172/183/142 164/175/144
f 91/91/145 149/160/146 92/92/147
f 92/92/147 149/160/146 150/161/148
f 151/162/149 93/93/150 150/161/148
f 150/161/148 93/93/150 92/92/147
f 587/594/151 100/100/152 101/101/153
f 156/167/154 93/93/150 155/166/155
f 152/163/156 161/172/157 93/93/150
f 155/166/155 93/93/150 162/173/158
f 93/93/150 161/172/157 162/173/158
f 102/102/159 587/594/151 101/101/153
f 101/101/153 100/100/152 11/11/160
f 90/90/161 11/11/160 601/608/162
f 100/100/152 601/608/162 11/11/160
f 98/98/163 102/102/159 11/11/160
f 11/11/160 102/102/159 101/101/153
f 104/104/164 161/172/157 99/99/165
f 161/172/157 152/163/156 99/99/165
f 99/99/165 152/163/156 95/95/166
f 105/105/167 104/104/164 108/108/168
f 107/107/169 108/108/168 592/599/170
f 104/104/164 99/99/165 108/108/168
f 108/108/168 99/99/165 592/599/170
f 109/109/171 106/106/172 108/108/168
f 108/108/168 106/106/172 105/105/167
f 98/98/163 88/88/173 102/102/159
f 589/596/174 590/597/175 88/88/173
f 88/88/173 590/597/175 102/102/159
f 590/597/175 582/589/176 102/102/159
f 89/89/177 588/595/178 88/88/173
f 88/88/173 588/595/178 589/596/174
f 72/72/179 110/110/103 405/416/180
f 405/416/180 110/110/103 404/415/100
f 142/142/108 186/197/181 188/199/182
f 186/197/181 187/198/183 188/199/182
f 71/71/26 195/206/184 81/81/27
f 81/81/27 195/206/184 186/197/181
f 195/206/184 187/198/183 186/197/181
f 199/210/185 70/70/106 180/191/186
f 180/191/186 70/70/106 179/190/187
f 198/209/188 199/210/185 302/313/189
f 199/210/185 180/191/186 302/313/189
f 302/313/189 180/191/186 300/311/190
f 196/207/191 197/208/192 120/120/193
f 197/208/192 303/314/194 120/120/193
f 303/314/194 307/318/195 120/120/193
f 120/120/193 307/318/195 130/130/196
f 201/212/197 202/213/198 200/211/199
f 200/211/199 202/213/198 131/131/124
f 43/43/3 275/286/5 45/45/78
f 275/286/5 279/290/200 45/45/78
f 279/290/200 278/289/201 45/45/78
f 277/288/81 45/45/78 278/289/201
f 362/373/202 363/374/203 365/376/204
f 364/375/205 365/376/204 363/374/203
f 36/36/206 376/387/207 35/35/208
f 35/35/208 376/387/207 377/388/209
f 326/337/210 327/338/211 75/75/212
f 75/75/212 327/338/211 391/402/213
f 37/37/214 324/335/215 136/136/216
f 136/136/216 324/335/215 325/336/217
f 405/416/180 128/128/112 72/72/179
f 197/208/192 198/209/188 303/314/194
f 303/314/194 198/209/188 302/313/189
f 131/131/124 202/213/198 71/71/26
f 207/218/218 132/132/126 210/221/219
f 210/221/219 132/132/126 79/79/28
f 132/132/126 131/131/124 79/79/28
f 131/131/124 71/71/26 79/79/28
f 204/215/136 205/216/220 234/245/135
f 234/245/135 205/216/220 221/232/221
f 224/235/122 227/238/120 223/234/65
f 223/234/65 227/238/120 228/239/64
f 398/409/59 323/334/60 396/407/118
f 135/135/222 396/407/118 126/126/223
f 396/407/118 323/334/60 126/126/223
f 323/334/60 331/342/224 126/126/223
f 331/342/224 328/339/225 126/126/223
f 136/136/216 325/336/217 75/75/212
f 75/75/212 325/336/217 326/337/210
f 171/182/141 596/603/226 167/178/24
f 167/178/24 596/603/226 166/177/227
f 98/146/163 11/147/160 504/511/228
f 504/511/228 11/147/160 503/510/229
f 315/326/230 220/231/231 10/10/110
f 249/260/232 241/252/233 245/256/234
f 245/256/234 241/252/233 140/140/235
f 142/142/108 188/199/182 143/143/20
f 143/143/20 188/199/182 189/200/18
f 146/153/236 145/155/237 444/451/238
f 444/451/238 145/155/237 443/450/239
f 148/145/240 147/148/241 490/497/242
f 490/497/242 147/148/241 489/496/243
f 149/160/146 3/3/244 150/161/148
f 150/161/148 3/3/244 595/602/245
f 595/602/245 3/3/244 585/592/246
f 585/592/246 3/3/244 586/593/247
f 3/3/244 7/7/248 586/593/247
f 601/608/162 100/100/152 7/7/248
f 7/7/248 100/100/152 586/593/247
f 95/95/166 151/162/149 94/94/249
f 151/162/149 95/95/166 93/93/150
f 93/93/150 95/95/166 152/163/156
f 156/167/154 157/168/250 93/93/150
f 93/93/150 157/168/250 92/92/147
f 155/166/155 154/165/251 97/97/252
f 97/97/252 154/165/251 103/103/253
f 156/167/154 155/166/155 96/96/254
f 96/96/254 155/166/155 97/97/252
f 103/103/253 159/170/255 97/97/252
f 97/97/252 159/170/255 160/171/256
f 163/174/257 154/165/251 162/173/158
f 162/173/158 154/165/251 155/166/155
f 162/173/158 161/172/157 163/174/257
f 161/172/157 104/104/164 163/174/257
f 164/175/144 163/174/257 105/105/167
f 105/105/167 163/174/257 104/104/164
f 106/106/172 165/176/143 105/105/167
f 105/105/167 165/176/143 164/175/144
f 139/139/258 166/177/227 597/604/259
f 597/604/259 166/177/227 596/603/226
f 15/15/260 168/179/22 139/139/258
f 167/178/24 166/177/227 168/179/22
f 168/179/22 166/177/227 139/139/258
f 13/13/261 138/138/262 169/180/23
f 169/180/23 138/138/262 170/181/25
f 171/182/141 167/178/24 173/184/263
f 173/184/263 167/178/24 170/181/25
f 172/183/142 171/182/141 174/185/264
f 171/182/141 173/184/263 174/185/264
f 21/21/95 175/186/93 6/6/1
f 144/144/265 192/203/266 176/187/92
f 176/187/92 192/203/266 177/188/90
f 178/189/91 177/188/90 217/228/267
f 177/188/90 192/203/266 217/228/267
f 192/203/266 191/202/268 217/228/267
f 191/202/268 216/227/269 217/228/267
f 112/112/270 309/320/271 111/111/272
f 111/111/272 309/320/271 310/321/273
f 181/192/274 179/190/187 402/413/275
f 402/413/275 179/190/187 70/70/106
f 66/66/34 67/67/98 65/65/105
f 65/65/105 67/67/98 182/193/276
f 182/193/276 183/194/88 402/413/275
f 402/413/275 183/194/88 181/192/274
f 182/193/276 185/196/10 183/194/88
f 184/195/9 183/194/88 185/196/10
f 185/196/10 182/193/276 273/284/11
f 273/284/11 182/193/276 67/67/98
f 186/197/181 142/142/108 81/81/27
f 24/24/137 81/81/27 254/265/277
f 81/81/27 142/142/108 254/265/277
f 112/112/270 111/111/272 187/198/183
f 187/198/183 111/111/272 188/199/182
f 189/200/18 188/199/182 214/225/278
f 310/321/273 301/312/279 111/111/272
f 188/199/182 111/111/272 214/225/278
f 111/111/272 301/312/279 214/225/278
f 181/192/274 183/194/88 213/224/280
f 213/224/280 183/194/88 64/64/89
f 190/201/19 215/226/281 191/202/268
f 191/202/268 215/226/281 216/227/269
f 144/144/265 190/201/19 192/203/266
f 192/203/266 190/201/19 191/202/268
f 194/205/282 193/204/283 305/316/284
f 193/204/283 304/315/285 305/316/284
f 194/205/282 305/316/284 195/206/184
f 195/206/184 305/316/284 306/317/286
f 306/317/286 112/112/270 195/206/184
f 187/198/183 195/206/184 112/112/270
f 196/207/191 118/118/113 197/208/192
f 197/208/192 118/118/113 129/129/114
f 198/209/188 197/208/192 117/117/287
f 117/117/287 197/208/192 129/129/114
f 199/210/185 198/209/188 115/115/288
f 198/209/188 117/117/287 115/115/288
f 117/117/287 116/116/289 115/115/288
f 14/14/123 200/211/199 131/131/124
f 193/204/283 194/205/282 201/212/197
f 201/212/197 194/205/282 202/213/198
f 71/71/26 202/213/198 195/206/184
f 195/206/184 202/213/198 194/205/282
f 203/214/132 80/80/125 204/215/136
f 204/215/136 80/80/125 132/132/126
f 205/216/220 204/215/136 207/218/218
f 207/218/218 204/215/136 132/132/126
f 207/218/218 208/219/290 205/216/220
f 206/217/291 205/216/220 208/219/290
f 208/219/290 207/218/218 211/222/292
f 211/222/292 207/218/218 210/221/219
f 208/219/290 211/222/292 209/220/293
f 209/220/293 211/222/292 212/223/294
f 210/221/219 79/79/28 211/222/292
f 211/222/292 79/79/28 82/82/30
f 212/223/294 211/222/292 78/78/295
f 211/222/292 82/82/30 78/78/295
f 215/226/281 190/201/19 214/225/278
f 214/225/278 190/201/19 189/200/18
f 215/226/281 214/225/278 64/64/89
f 213/224/280 64/64/89 214/225/278
f 216/227/269 215/226/281 403/414/296
f 403/414/296 215/226/281 64/64/89
f 216/227/269 403/414/296 217/228/267
f 217/228/267 403/414/296 62/62/6
f 218/229/21 190/201/19 144/144/265
f 247/258/138 24/24/137 294/305/297
f 294/305/297 24/24/137 293/304/298
f 254/265/277 142/142/108 253/264/109
f 222/233/299 221/232/221 292/303/300
f 221/232/221 205/216/220 292/303/300
f 205/216/220 206/217/291 292/303/300
f 134/134/116 224/235/122 76/76/62
f 76/76/62 224/235/122 223/234/65
f 30/30/115 225/236/121 134/134/116
f 134/134/116 225/236/121 224/235/122
f 226/237/119 29/29/131 227/238/120
f 227/238/120 29/29/131 133/133/133
f 228/239/64 227/238/120 77/77/129
f 77/77/129 227/238/120 133/133/133
f 228/239/64 77/77/129 229/240/63
f 229/240/63 77/77/129 83/83/130
f 208/219/290 209/220/293 206/217/291
f 209/220/293 237/248/47 206/217/291
f 291/302/46 292/303/300 237/248/47
f 292/303/300 206/217/291 237/248/47
f 231/242/127 221/232/221 232/243/128
f 232/243/128 221/232/221 222/233/299
f 233/244/70 232/243/128 28/28/67
f 28/28/67 232/243/128 222/233/299
f 231/242/127 235/246/134 221/232/221
f 235/246/134 234/245/135 221/232/221
f 235/246/134 231/242/127 133/133/133
f 133/133/133 231/242/127 77/77/129
f 83/83/130 230/241/71 229/240/63
f 236/247/69 229/240/63 230/241/71
f 209/220/293 251/262/301 237/248/47
f 237/248/47 251/262/301 238/249/48
f 252/263/302 296/307/303 251/262/301
f 251/262/301 296/307/303 238/249/48
f 259/270/304 250/261/40 265/276/305
f 265/276/305 250/261/40 141/141/42
f 296/307/303 252/263/302 295/306/306
f 243/254/15 299/310/14 267/278/307
f 268/279/308 244/255/72 267/278/307
f 244/255/72 243/254/15 267/278/307
f 219/230/309 246/257/310 140/140/235
f 140/140/235 246/257/310 245/256/234
f 294/305/297 78/78/295 247/258/138
f 248/259/29 247/258/138 82/82/30
f 82/82/30 247/258/138 78/78/295
f 10/10/110 240/251/96 315/326/230
f 258/269/311 259/270/304 255/266/312
f 255/266/312 259/270/304 249/260/232
f 140/140/235 241/252/233 251/262/301
f 251/262/301 241/252/233 252/263/302
f 141/141/42 252/263/302 265/276/305
f 220/231/231 253/264/109 10/10/110
f 254/265/277 253/264/109 24/24/137
f 24/24/137 253/264/109 293/304/298
f 260/271/313 261/272/314 255/266/312
f 255/266/312 261/272/314 258/269/311
f 262/273/315 256/267/39 261/272/314
f 261/272/314 256/267/39 258/269/311
f 259/270/304 258/269/311 250/261/40
f 250/261/40 258/269/311 256/267/39
f 260/271/313 263/274/316 261/272/314
f 263/274/316 264/275/317 261/272/314
f 261/272/314 264/275/317 262/273/315
f 257/268/97 263/274/316 240/251/96
f 240/251/96 263/274/316 260/271/313
f 257/268/97 21/21/95 263/274/316
f 263/274/316 21/21/95 264/275/317
f 265/276/305 252/263/302 241/252/233
f 259/270/304 265/276/305 249/260/232
f 249/260/232 265/276/305 241/252/233
f 44/44/41 295/306/306 141/141/42
f 295/306/306 252/263/302 141/141/42
f 266/277/318 239/250/83 267/278/307
f 267/278/307 239/250/83 26/26/84
f 33/33/87 268/279/308 46/46/85
f 268/279/308 267/278/307 46/46/85
f 267/278/307 26/26/84 46/46/85
f 68/68/102 12/12/319 269/280/101
f 12/12/319 606/614/320 269/280/101
f 269/280/101 606/614/320 270/281/321
f 605/613/322 606/614/320 12/12/319
f 8/8/13 607/615/323 61/61/324
f 272/283/12 273/284/11 271/282/99
f 273/284/11 67/67/98 271/282/99
f 274/285/2 178/189/91 2/2/325
f 274/285/2 2/2/325 276/287/4
f 276/287/4 2/2/325 18/18/326
f 276/287/4 18/18/326 275/286/5
f 275/286/5 18/18/326 42/42/327
f 60/60/328 279/290/200 42/42/327
f 42/42/327 279/290/200 275/286/5
f 121/121/329 277/288/81 59/59/330
f 59/59/330 277/288/81 278/289/201
f 59/59/330 278/289/201 60/60/328
f 60/60/328 278/289/201 279/290/200
f 277/288/81 121/121/329 282/293/82
f 282/293/82 121/121/329 58/58/331
f 281/292/80 57/57/332 280/291/79
f 280/291/79 57/57/332 17/17/333
f 282/293/82 58/58/331 281/292/80
f 281/292/80 58/58/331 57/57/332
f 338/349/37 343/354/38 17/17/333
f 283/294/334 369/380/335 47/47/336
f 283/294/334 47/47/336 290/301/337
f 290/301/337 47/47/336 54/54/338
f 288/299/339 289/300/340 56/56/341
f 56/56/341 289/300/340 55/55/342
f 289/300/340 290/301/337 55/55/342
f 55/55/342 290/301/337 54/54/338
f 297/308/343 298/309/16 28/28/67
f 28/28/67 298/309/16 27/27/17
f 28/28/67 222/233/299 297/308/343
f 297/308/343 222/233/299 291/302/46
f 222/233/299 292/303/300 291/302/46
f 293/304/298 253/264/109 220/231/231
f 246/257/310 294/305/297 220/231/231
f 220/231/231 294/305/297 293/304/298
f 219/230/309 78/78/295 246/257/310
f 246/257/310 78/78/295 294/305/297
f 209/220/293 212/223/294 219/230/309
f 219/230/309 212/223/294 78/78/295
f 251/262/301 209/220/293 140/140/235
f 140/140/235 209/220/293 219/230/309
f 295/306/306 44/44/41 266/277/318
f 266/277/318 44/44/41 239/250/83
f 296/307/303 295/306/306 242/253/344
f 242/253/344 295/306/306 266/277/318
f 238/249/48 296/307/303 242/253/344
f 297/308/343 291/302/46 298/309/16
f 298/309/16 291/302/46 238/249/48
f 238/249/48 242/253/344 298/309/16
f 298/309/16 242/253/344 299/310/14
f 267/278/307 299/310/14 266/277/318
f 266/277/318 299/310/14 242/253/344
f 300/311/190 180/191/186 301/312/279
f 301/312/279 180/191/186 179/190/187
f 301/312/279 179/190/187 214/225/278
f 214/225/278 179/190/187 213/224/280
f 179/190/187 181/192/274 213/224/280
f 113/113/345 308/319/346 112/112/270
f 308/319/346 309/320/271 112/112/270
f 130/130/196 307/318/195 119/119/347
f 308/319/346 113/113/345 307/318/195
f 307/318/195 113/113/345 119/119/347
f 304/315/285 120/120/193 305/316/284
f 305/316/284 120/120/193 130/130/196
f 306/317/286 305/316/284 119/119/347
f 119/119/347 305/316/284 130/130/196
f 306/317/286 119/119/347 112/112/270
f 112/112/270 119/119/347 113/113/345
f 308/319/346 307/318/195 302/313/189
f 307/318/195 303/314/194 302/313/189
f 308/319/346 302/313/189 309/320/271
f 309/320/271 302/313/189 300/311/190
f 309/320/271 300/311/190 310/321/273
f 310/321/273 300/311/190 301/312/279
f 176/187/92 313/324/348 144/144/265
f 144/144/265 313/324/348 218/229/21
f 312/323/94 240/251/96 311/322/107
f 10/10/110 311/322/107 240/251/96
f 143/143/20 218/229/21 311/322/107
f 311/322/107 218/229/21 313/324/348
f 314/325/349 313/324/348 175/186/93
f 175/186/93 313/324/348 176/187/92
f 311/322/107 313/324/348 314/325/349
f 21/21/95 312/323/94 175/186/93
f 175/186/93 312/323/94 314/325/349
f 311/322/107 314/325/349 312/323/94
f 21/21/95 6/6/1 264/275/317
f 264/275/317 6/6/1 262/273/315
f 6/6/1 256/267/39 262/273/315
f 315/326/230 240/251/96 245/256/234
f 240/251/96 260/271/313 245/256/234
f 260/271/313 255/266/312 245/256/234
f 255/266/312 249/260/232 245/256/234
f 245/256/234 246/257/310 315/326/230
f 315/326/230 246/257/310 220/231/231
f 401/412/350 320/331/351 399/410/57
f 317/328/352 316/327/58 320/331/351
f 399/410/57 320/331/351 316/327/58
f 335/346/353 320/331/351 318/329/49
f 318/329/49 320/331/351 321/332/354
f 321/332/354 345/356/355 318/329/49
f 318/329/49 345/356/355 346/357/50
f 321/332/354 320/331/351 32/32/66
f 31/31/68 32/32/66 400/411/356
f 320/331/351 400/411/356 32/32/66
f 32/32/66 244/255/72 321/332/354
f 321/332/354 244/255/72 345/356/355
f 125/125/140 126/126/223 329/340/139
f 328/339/225 329/340/139 126/126/223
f 127/127/357 135/135/222 324/335/215
f 324/335/215 135/135/222 325/336/217
f 325/336/217 135/135/222 326/337/210
f 326/337/210 135/135/222 126/126/223
f 327/338/211 326/337/210 125/125/140
f 326/337/210 126/126/223 125/125/140
f 331/342/224 332/343/358 328/339/225
f 332/343/358 329/340/139 328/339/225
f 333/344/56 330/341/54 332/343/358
f 332/343/358 330/341/54 329/340/139
f 331/342/224 323/334/60 332/343/358
f 323/334/60 316/327/58 332/343/358
f 317/328/352 333/344/56 316/327/58
f 316/327/58 333/344/56 332/343/358
f 123/123/51 124/124/53 318/329/49
f 124/124/53 334/345/55 318/329/49
f 334/345/55 335/346/353 318/329/49
f 334/345/55 333/344/56 317/328/352
f 335/346/353 334/345/55 317/328/352
f 320/331/351 335/346/353 317/328/352
f 49/49/359 367/378/360 48/48/361
f 48/48/361 367/378/360 368/379/362
f 344/355/363 340/351/364 341/352/365
f 337/348/366 122/122/44 336/347/367
f 122/122/44 322/333/43 336/347/367
f 284/295/368 338/349/37 53/53/369
f 53/53/369 338/349/37 17/17/333
f 48/48/361 368/379/362 283/294/334
f 283/294/334 368/379/362 369/380/335
f 322/333/43 340/351/364 336/347/367
f 336/347/367 340/351/364 339/350/35
f 344/355/363 341/352/365 22/22/86
f 342/353/36 20/20/77 343/354/38
f 343/354/38 20/20/77 280/291/79
f 17/17/333 343/354/38 280/291/79
f 20/20/77 342/353/36 22/22/86
f 342/353/36 344/355/363 22/22/86
f 339/350/35 340/351/364 342/353/36
f 342/353/36 340/351/364 344/355/363
f 244/255/72 268/279/308 345/356/355
f 345/356/355 268/279/308 352/363/370
f 345/356/355 352/363/370 346/357/50
f 346/357/50 352/363/370 353/364/371
f 347/358/52 346/357/50 354/365/372
f 354/365/372 346/357/50 353/364/371
f 365/376/204 370/381/373 362/373/202
f 362/373/202 370/381/373 371/382/374
f 385/396/74 386/397/375 358/369/76
f 358/369/76 386/397/375 373/384/376
f 340/351/364 322/333/43 341/352/365
f 33/33/87 22/22/86 268/279/308
f 268/279/308 22/22/86 352/363/370
f 22/22/86 341/352/365 352/363/370
f 352/363/370 341/352/365 322/333/43
f 353/364/371 352/363/370 319/330/45
f 319/330/45 352/363/370 322/333/43
f 353/364/371 319/330/45 354/365/372
f 354/365/372 319/330/45 122/122/44
f 361/372/377 366/377/378 49/49/359
f 49/49/359 366/377/378 367/378/360
f 34/34/379 381/392/380 360/371/381
f 360/371/381 381/392/380 382/393/382
f 355/366/383 380/391/384 34/34/379
f 34/34/379 380/391/384 381/392/380
f 372/383/385 348/359/386 379/390/387
f 348/359/386 378/389/388 379/390/387
f 378/389/388 348/359/386 377/388/209
f 377/388/209 348/359/386 35/35/208
f 123/123/51 347/358/52 364/375/205
f 364/375/205 347/358/52 365/376/204
f 370/381/373 365/376/204 354/365/372
f 365/376/204 347/358/52 354/365/372
f 367/378/360 366/377/378 122/122/44
f 122/122/44 366/377/378 354/365/372
f 368/379/362 367/378/360 337/348/366
f 337/348/366 367/378/360 122/122/44
f 339/350/35 338/349/37 336/347/367
f 369/380/335 368/379/362 284/295/368
f 368/379/362 337/348/366 284/295/368
f 284/295/368 337/348/366 338/349/37
f 337/348/366 336/347/367 338/349/37
f 47/47/336 369/380/335 53/53/369
f 53/53/369 369/380/335 284/295/368
f 366/377/378 370/381/373 354/365/372
f 370/381/373 366/377/378 371/382/374
f 371/382/374 366/377/378 361/372/377
f 379/390/387 380/391/384 372/383/385
f 372/383/385 380/391/384 355/366/383
f 386/397/375 387/398/389 373/384/376
f 373/384/376 387/398/389 357/368/390
f 375/386/391 327/338/211 124/124/53
f 124/124/53 327/338/211 125/125/140
f 123/123/51 375/386/391 124/124/53
f 123/123/51 364/375/205 375/386/391
f 375/386/391 364/375/205 376/387/207
f 364/375/205 363/374/203 376/387/207
f 376/387/207 363/374/203 377/388/209
f 362/373/202 378/389/388 363/374/203
f 363/374/203 378/389/388 377/388/209
f 362/373/202 371/382/374 378/389/388
f 379/390/387 378/389/388 371/382/374
f 380/391/384 379/390/387 361/372/377
f 361/372/377 379/390/387 371/382/374
f 380/391/384 361/372/377 381/392/380
f 381/392/380 361/372/377 49/49/359
f 381/392/380 49/49/359 382/393/382
f 382/393/382 49/49/359 48/48/361
f 36/36/206 35/35/208 383/394/392
f 383/394/392 35/35/208 384/395/73
f 348/359/386 385/396/74 35/35/208
f 35/35/208 385/396/74 384/395/73
f 385/396/74 348/359/386 386/397/375
f 386/397/375 348/359/386 372/383/385
f 387/398/389 386/397/375 355/366/383
f 355/366/383 386/397/375 372/383/385
f 387/398/389 355/366/383 388/399/393
f 388/399/393 355/366/383 34/34/379
f 388/399/393 34/34/379 389/400/394
f 389/400/394 34/34/379 360/371/381
f 375/386/391 376/387/207 327/338/211
f 391/402/213 327/338/211 392/403/395
f 36/36/206 392/403/395 376/387/207
f 327/338/211 376/387/207 392/403/395
f 383/394/392 392/403/395 36/36/206
f 397/408/117 396/407/118 127/127/357
f 127/127/357 396/407/118 135/135/222
f 134/134/116 76/76/62 396/407/118
f 396/407/118 76/76/62 398/409/59
f 76/76/62 84/84/61 398/409/59
f 398/409/59 84/84/61 399/410/57
f 84/84/61 31/31/68 399/410/57
f 31/31/68 401/412/350 399/410/57
f 401/412/350 31/31/68 400/411/356
f 320/331/351 401/412/350 400/411/356
f 70/70/106 199/210/185 114/114/104
f 114/114/104 199/210/185 115/115/288
f 402/413/275 70/70/106 65/65/105
f 65/65/105 182/193/276 402/413/275
f 403/414/296 64/64/89 63/63/7
f 62/62/6 403/414/296 63/63/7
f 404/415/100 69/69/33 115/115/288
f 115/115/288 69/69/33 114/114/104
f 405/416/180 404/415/100 116/116/289
f 116/116/289 404/415/100 115/115/288
f 117/117/287 129/129/114 116/116/289
f 116/116/289 129/129/114 405/416/180
f 129/129/114 128/128/112 405/416/180
f 406/417/31 269/280/101 270/281/321
f 407/418/32 406/417/31 270/281/321
f 271/282/99 407/418/32 270/281/321
f 408/419/396 481/488/397 411/422/398
f 411/422/398 481/488/397 482/489/399
f 475/482/400 476/483/401 409/420/402
f 409/420/402 476/483/401 412/421/403
f 414/428/404 539/546/405 423/436/406
f 423/436/406 539/546/405 540/547/407
f 566/573/408 567/574/409 432/151/410
f 432/151/410 567/574/409 421/434/411
f 423/436/406 540/547/407 415/427/412
f 415/427/412 540/547/407 541/548/413
f 561/568/414 562/569/415 551/558/416
f 551/558/416 562/569/415 424/437/417
f 556/563/418 425/438/419 555/562/420
f 555/562/420 425/438/419 511/518/421
f 559/566/422 416/429/423 558/565/424
f 558/565/424 416/429/423 422/435/425
f 558/565/424 422/435/425 557/564/426
f 557/564/426 422/435/425 417/430/427
f 519/526/428 511/518/421 518/525/429
f 518/525/429 511/518/421 425/438/419
f 431/152/430 433/426/431 531/538/432
f 531/538/432 433/426/431 515/522/433
f 439/446/434 440/447/435 146/153/236
f 146/153/236 440/447/435 145/155/237
f 436/443/436 438/445/437 435/442/438
f 435/442/438 438/445/437 437/444/439
f 436/443/436 435/442/438 439/446/434
f 439/446/434 435/442/438 440/447/435
f 452/459/440 442/449/441 451/458/442
f 451/458/442 442/449/441 441/448/443
f 446/453/444 444/451/238 445/452/445
f 445/452/445 444/451/238 443/450/239
f 446/453/444 445/452/445 442/449/441
f 442/449/441 445/452/445 441/448/443
f 468/475/446 449/456/447 467/474/448
f 467/474/448 449/456/447 450/457/449
f 448/455/450 447/454/451 449/456/447
f 449/456/447 447/454/451 450/457/449
f 448/455/450 452/459/440 447/454/451
f 447/454/451 452/459/440 451/458/442
f 454/461/452 453/460/453 458/465/454
f 458/465/454 453/460/453 457/464/455
f 454/461/452 456/463/456 453/460/453
f 453/460/453 456/463/456 455/462/457
f 458/465/454 457/464/455 438/445/437
f 438/445/437 457/464/455 437/444/439
f 460/467/458 459/466/459 464/471/460
f 464/471/460 459/466/459 463/470/461
f 460/467/458 462/469/462 459/466/459
f 459/466/459 462/469/462 461/468/463
f 464/471/460 463/470/461 456/463/456
f 456/463/456 463/470/461 455/462/457
f 466/473/464 465/472/465 470/477/466
f 470/477/466 465/472/465 469/476/467
f 466/473/464 468/475/446 465/472/465
f 465/472/465 468/475/446 467/474/448
f 604/612/468 470/477/466 8/157/13
f 8/157/13 470/477/466 469/476/467
f 473/480/469 474/481/470 471/478/471
f 471/478/471 474/481/470 472/479/472
f 485/492/473 486/493/474 473/480/469
f 473/480/469 486/493/474 474/481/470
f 475/482/400 471/478/471 476/483/401
f 476/483/401 471/478/471 472/479/472
f 477/484/475 409/420/402 478/485/476
f 478/485/476 409/420/402 412/421/403
f 479/486/477 477/484/475 480/487/478
f 480/487/478 477/484/475 478/485/476
f 481/488/397 479/486/477 482/489/399
f 482/489/399 479/486/477 480/487/478
f 410/423/479 413/424/480 483/490/481
f 483/490/481 413/424/480 484/491/482
f 483/490/481 484/491/482 485/492/473
f 485/492/473 484/491/482 486/493/474
f 488/495/483 487/494/484 506/513/485
f 506/513/485 487/494/484 505/512/486
f 488/495/483 490/497/242 487/494/484
f 487/494/484 490/497/242 489/496/243
f 496/503/487 492/499/488 495/502/489
f 495/502/489 492/499/488 491/498/490
f 494/501/491 493/500/492 148/145/240
f 148/145/240 493/500/492 147/148/241
f 496/503/487 495/502/489 494/501/491
f 494/501/491 495/502/489 493/500/492
f 498/505/493 497/504/494 492/499/488
f 492/499/488 497/504/494 491/498/490
f 500/507/495 499/506/496 498/505/493
f 498/505/493 499/506/496 497/504/494
f 502/509/497 501/508/498 500/507/495
f 500/507/495 501/508/498 499/506/496
f 504/511/228 503/510/229 502/509/497
f 502/509/497 503/510/229 501/508/498
f 506/513/485 505/512/486 508/515/499
f 508/515/499 505/512/486 507/514/500
f 508/515/499 507/514/500 68/149/102
f 68/149/102 507/514/500 12/150/319
f 520/527/501 513/520/502 519/526/428
f 519/526/428 513/520/502 511/518/421
f 517/524/503 513/520/502 580/587/504
f 513/520/502 520/527/501 580/587/504
f 521/528/505 580/587/504 520/527/501
f 579/586/506 580/587/504 522/529/507
f 522/529/507 580/587/504 521/528/505
f 576/583/508 521/528/505 575/582/509
f 575/582/509 521/528/505 520/527/501
f 530/537/510 509/516/511 420/433/512
f 420/433/512 509/516/511 434/425/513
f 531/538/432 515/522/433 535/542/514
f 535/542/514 515/522/433 514/521/515
f 534/541/516 533/540/517 431/152/430
f 431/152/430 533/540/517 433/426/431
f 514/521/515 509/516/511 535/542/514
f 535/542/514 509/516/511 530/537/510
f 553/560/518 517/524/503 552/559/519
f 552/559/519 517/524/503 427/440/520
f 537/544/521 536/543/522 428/441/523
f 428/441/523 536/543/522 426/439/524
f 537/544/521 428/441/523 538/545/525
f 538/545/525 428/441/523 429/159/526
f 553/560/518 554/561/527 517/524/503
f 517/524/503 554/561/527 513/520/502
f 544/551/528 536/543/522 543/550/529
f 543/550/529 536/543/522 537/544/521
f 543/550/529 537/544/521 542/549/530
f 542/549/530 537/544/521 538/545/525
f 540/547/407 543/550/529 541/548/413
f 541/548/413 543/550/529 542/549/530
f 540/547/407 539/546/405 543/550/529
f 543/550/529 539/546/405 544/551/528
f 554/561/527 555/562/420 513/520/502
f 513/520/502 555/562/420 511/518/421
f 416/429/423 559/566/422 574/581/531
f 574/581/531 559/566/422 573/580/532
f 426/439/524 536/543/522 572/579/533
f 572/579/533 536/543/522 571/578/534
f 536/543/522 544/551/528 571/578/534
f 571/578/534 544/551/528 570/577/535
f 569/576/536 570/577/535 539/546/405
f 539/546/405 570/577/535 544/551/528
f 549/556/537 569/576/536 550/557/538
f 539/546/405 414/428/404 569/576/536
f 414/428/404 550/557/538 569/576/536
f 560/567/539 561/568/414 545/552/540
f 545/552/540 561/568/414 551/558/416
f 547/554/541 553/560/518 546/553/542
f 546/553/542 553/560/518 552/559/519
f 547/554/541 548/555/543 553/560/518
f 553/560/518 548/555/543 554/561/527
f 555/562/420 554/561/527 549/556/537
f 549/556/537 554/561/527 548/555/543
f 550/557/538 556/563/418 549/556/537
f 549/556/537 556/563/418 555/562/420
f 428/441/523 558/565/424 429/159/526
f 429/159/526 558/565/424 557/564/426
f 426/439/524 559/566/422 428/441/523
f 428/441/523 559/566/422 558/565/424
f 559/566/422 426/439/524 573/580/532
f 573/580/532 426/439/524 572/579/533
f 561/568/414 560/567/539 552/559/519
f 552/559/519 560/567/539 546/553/542
f 562/569/415 561/568/414 427/440/520
f 427/440/520 561/568/414 552/559/519
f 566/573/408 565/572/544 533/540/517
f 533/540/517 565/572/544 532/539/545
f 567/574/409 566/573/408 534/541/516
f 534/541/516 566/573/408 533/540/517
f 548/555/543 570/577/535 549/556/537
f 549/556/537 570/577/535 569/576/536
f 571/578/534 570/577/535 547/554/541
f 547/554/541 570/577/535 548/555/543
f 571/578/534 547/554/541 572/579/533
f 572/579/533 547/554/541 546/553/542
f 573/580/532 572/579/533 560/567/539
f 560/567/539 572/579/533 546/553/542
f 573/580/532 560/567/539 574/581/531
f 574/581/531 560/567/539 545/552/540
f 562/569/415 581/588/546 424/437/417
f 577/584/547 424/437/417 578/585/548
f 424/437/417 581/588/546 578/585/548
f 579/586/506 578/585/548 581/588/546
f 579/586/506 427/440/520 580/587/504
f 580/587/504 427/440/520 517/524/503
f 581/588/546 562/569/415 579/586/506
f 579/586/506 562/569/415 427/440/520
f 583/590/549 582/589/176 593/600/550
f 582/589/176 590/597/175 593/600/550
f 590/597/175 107/107/169 593/600/550
f 107/107/169 592/599/170 593/600/550
f 593/600/550 594/601/551 583/590/549
f 583/590/549 594/601/551 584/591/552
f 584/591/552 594/601/551 585/592/246
f 585/592/246 594/601/551 595/602/245
f 586/593/247 100/100/152 585/592/246
f 100/100/152 584/591/552 585/592/246
f 102/102/159 582/589/176 587/594/151
f 587/594/151 582/589/176 583/590/549
f 584/591/552 100/100/152 583/590/549
f 583/590/549 100/100/152 587/594/151
f 588/595/178 591/598/553 589/596/174
f 590/597/175 589/596/174 591/598/553
f 588/595/178 109/109/171 591/598/553
f 591/598/553 109/109/171 108/108/168
f 590/597/175 591/598/553 107/107/169
f 107/107/169 591/598/553 108/108/168
f 593/600/550 592/599/170 95/95/166
f 95/95/166 592/599/170 99/99/165
f 95/95/166 94/94/249 593/600/550
f 593/600/550 94/94/249 594/601/551
f 151/162/149 150/161/148 94/94/249
f 595/602/245 594/601/551 150/161/148
f 594/601/551 94/94/249 150/161/148
f 599/606/554 171/182/141 106/106/172
f 165/176/143 106/106/172 171/182/141
f 106/106/172 109/109/171 599/606/554
f 599/606/554 109/109/171 598/605/555
f 109/109/171 588/595/178 598/605/555
f 598/605/555 588/595/178 89/89/177
f 596/603/226 599/606/554 597/604/259
f 597/604/259 599/606/554 598/605/555
f 171/182/141 599/606/554 596/603/226
f 90/90/161 601/608/162 602/609/556
f 602/609/556 601/608/162 7/7/248
f 461/468/463 462/469/462 7/154/248
f 603/611/557 602/610/556 462/469/462
f 462/469/462 602/610/556 7/154/248
f 61/156/324 604/612/468 8/157/13
f 607/615/323 606/614/320 61/61/324
f 606/614/320 605/613/322 61/61/324
f 271/282/99 607/615/323 272/283/12
f 272/283/12 607/615/323 8/8/13
f 271/282/99 270/281/321 607/615/323
f 607/615/323 270/281/321 606/614/320
f 637/645/558 621/629/559 633/641/560
f 633/641/560 621/629/559 634/642/561
f 642/650/562 620/628/563 638/646/564
f 638/646/564 620/628/563 639/647/565
f 647/655/566 625/633/567 643/651/568
f 643/651/568 625/633/567 644/652/569
f 652/660/570 629/637/571 648/656/572
f 648/656/572 629/637/571 649/657/573
f 618/626/574 654/662/575 636/644/576
f 636/644/576 654/662/575 653/661/577
f 656/664/578 619/627/579 657/665/580
f 657/665/580 619/627/579 658/666/581
f 620/628/563 661/669/582 659/667/583
f 659/667/583 661/669/582 660/668/584
f 623/631/585 664/672/586 641/649/587
f 641/649/587 664/672/586 663/671/588
f 666/674/589 624/632/590 667/675/591
f 667/675/591 624/632/590 668/676/592
f 625/633/567 671/679/593 669/677/594
f 669/677/594 671/679/593 670/678/595
f 627/635/596 673/681/597 646/654/598
f 646/654/598 673/681/597 672/680/599
f 675/683/600 628/636/601 676/684/602
f 676/684/602 628/636/601 677/685/603
f 629/637/571 680/688/604 678/686/605
f 678/686/605 680/688/604 679/687/606
f 631/639/607 682/690/608 651/659/609
f 651/659/609 682/690/608 681/689/610
f 684/692/611 632/640/612 685/693/613
f 685/693/613 632/640/612 686/694/614
f 621/629/559 662/670/615 687/695/616
f 687/695/616 662/670/615 688/696/617
f 616/624/618 635/643/619 634/642/561
f 634/642/561 635/643/619 633/641/560
f 635/643/619 618/626/574 633/641/560
f 633/641/560 618/626/574 636/644/576
f 617/625/620 637/645/558 636/644/576
f 636/644/576 637/645/558 633/641/560
f 613/621/621 640/648/622 639/647/565
f 639/647/565 640/648/622 638/646/564
f 640/648/622 623/631/585 638/646/564
f 638/646/564 623/631/585 641/649/587
f 622/630/623 642/650/562 641/649/587
f 641/649/587 642/650/562 638/646/564
f 614/622/624 645/653/625 644/652/569
f 644/652/569 645/653/625 643/651/568
f 645/653/625 627/635/596 643/651/568
f 643/651/568 627/635/596 646/654/598
f 626/634/626 647/655/566 646/654/598
f 646/654/598 647/655/566 643/651/568
f 615/623/627 650/658/628 649/657/573
f 649/657/573 650/658/628 648/656/572
f 650/658/628 631/639/607 648/656/572
f 648/656/572 631/639/607 651/659/609
f 630/638/629 652/660/570 651/659/609
f 651/659/609 652/660/570 648/656/572
f 654/662/575 608/616/630 653/661/577
f 653/661/577 608/616/630 655/663/631
f 619/627/579 656/664/578 655/663/631
f 655/663/631 656/664/578 653/661/577
f 656/664/578 617/625/620 653/661/577
f 653/661/577 617/625/620 636/644/576
f 613/621/621 639/647/565 658/666/581
f 658/666/581 639/647/565 657/665/580
f 639/647/565 620/628/563 657/665/580
f 657/665/580 620/628/563 659/667/583
f 617/625/620 656/664/578 659/667/583
f 659/667/583 656/664/578 657/665/580
f 612/620/632 662/670/615 661/669/582
f 661/669/582 662/670/615 660/668/584
f 621/629/559 637/645/558 662/670/615
f 662/670/615 637/645/558 660/668/584
f 637/645/558 617/625/620 660/668/584
f 660/668/584 617/625/620 659/667/583
f 664/672/586 609/617/633 663/671/588
f 663/671/588 609/617/633 665/673/634
f 624/632/590 666/674/589 665/673/634
f 665/673/634 666/674/589 663/671/588
f 666/674/589 622/630/623 663/671/588
f 663/671/588 622/630/623 641/649/587
f 614/622/624 644/652/569 668/676/592
f 668/676/592 644/652/569 667/675/591
f 644/652/569 625/633/567 667/675/591
f 667/675/591 625/633/567 669/677/594
f 622/630/623 666/674/589 669/677/594
f 669/677/594 666/674/589 667/675/591
f 671/679/593 612/620/632 670/678/595
f 670/678/595 612/620/632 661/669/582
f 620/628/563 642/650/562 661/669/582
f 661/669/582 642/650/562 670/678/595
f 642/650/562 622/630/623 670/678/595
f 670/678/595 622/630/623 669/677/594
f 673/681/597 610/618/635 672/680/599
f 672/680/599 610/618/635 674/682/636
f 628/636/601 675/683/600 674/682/636
f 674/682/636 675/683/600 672/680/599
f 675/683/600 626/634/626 672/680/599
f 672/680/599 626/634/626 646/654/598
f 615/623/627 649/657/573 677/685/603
f 677/685/603 649/657/573 676/684/602
f 649/657/573 629/637/571 676/684/602
f 676/684/602 629/637/571 678/686/605
f 626/634/626 675/683/600 678/686/605
f 678/686/605 675/683/600 676/684/602
f 612/620/632 671/679/593 680/688/604
f 680/688/604 671/679/593 679/687/606
f 625/633/567 647/655/566 671/679/593
f 671/679/593 647/655/566 679/687/606
f 647/655/566 626/634/626 679/687/606
f 679/687/606 626/634/626 678/686/605
f 682/690/608 611/619/637 681/689/610
f 681/689/610 611/619/637 683/691/638
f 632/640/612 684/692/611 683/691/638
f 683/691/638 684/692/611 681/689/610
f 684/692/611 630/638/629 681/689/610
f 681/689/610 630/638/629 651/659/609
f 616/624/618 634/642/561 686/694/614
f 686/694/614 634/642/561 685/693/613
f 634/642/561 621/629/559 685/693/613
f 685/693/613 621/629/559 687/695/616
f 630/638/629 684/692/611 687/695/616
f 687/695/616 684/692/611 685/693/613
f 662/670/615 612/620/632 688/696/617
f 688/696/617 612/620/632 680/688/604
f 629/637/571 652/660/570 680/688/604
f 680/688/604 652/660/570 688/696/617
f 652/660/570 630/638/629 688/696/617
f 688/696/617 630/638/629 687/695/616
f 578/585/548 563/570/639 577/584/547
f 577/584/547 563/570/639 523/530/640
f 419/432/641 565/572/544 432/151/410
f 432/151/410 565/572/544 566/573/408
f 514/521/515 515/522/433 512/519/642
f 512/519/642 515/522/433 516/523/643
f 433/426/431 430/158/644 515/522/433
f 515/522/433 430/158/644 516/523/643
f 527/534/645 528/535/646 576/583/508
f 528/535/646 522/529/507 576/583/508
f 576/583/508 522/529/507 521/528/505
f 689/697/647 564/733/648 529/536/649
f 692/731/650 516/523/643 693/732/651
f 693/732/651 516/523/643 430/158/644
f 564/733/648 568/575/652 529/536/649
f 529/536/649 568/575/652 419/432/641
f 532/539/545 430/158/644 533/540/517
f 533/540/517 430/158/644 433/426/431
f 563/570/639 578/585/548 522/529/507
f 522/529/507 578/585/548 579/586/506
f 564/571/653 563/570/639 528/535/646
f 528/535/646 563/570/639 522/529/507
f 568/575/652 430/158/644 532/539/545
f 565/572/544 568/575/652 532/539/545
f 419/432/641 568/575/652 565/572/544
f 564/733/648 693/732/651 568/575/652
f 568/575/652 693/732/651 430/158/644
f 564/571/653 689/734/654 563/570/639
f 563/570/639 689/734/654 523/530/640
f 693/701/655 564/571/653 528/535/646
f 692/700/656 693/701/655 527/534/645
f 527/534/645 693/701/655 528/535/646
f 509/516/511 510/517/657 434/425/513
f 434/425/513 510/517/657 418/431/658
f 509/516/511 514/521/515 510/517/657
f 510/517/657 514/521/515 512/519/642
f 525/532/659 519/526/428 524/531/660
f 524/531/660 519/526/428 518/525/429
f 575/582/509 520/527/501 525/532/659
f 525/532/659 520/527/501 519/526/428
f 690/698/661 525/532/659 694/702/662
f 694/702/662 525/532/659 524/531/660
f 691/730/663 690/728/664 512/519/642
f 512/519/642 690/728/664 510/517/657
f 692/731/650 691/730/663 516/523/643
f 516/523/643 691/730/663 512/519/642
f 526/533/665 575/582/509 525/532/659
f 527/534/645 576/583/508 526/533/665
f 526/533/665 576/583/508 575/582/509
f 691/699/666 692/700/656 526/533/665
f 526/533/665 692/700/656 527/534/645
f 690/698/661 691/699/666 525/532/659
f 525/532/659 691/699/666 526/533/665
f 694/729/667 418/431/658 690/728/664
f 690/728/664 418/431/658 510/517/657
f 393/404/668 75/75/212 85/85/669
f 73/73/670 74/74/671 87/87/672
f 87/87/672 74/74/671 86/724/673
f 13/13/261 41/41/674 138/138/262
f 138/138/262 41/41/674 137/137/675
f 37/37/214 136/136/216 395/406/676
f 395/406/676 136/136/216 394/405/677
f 25/25/678 87/87/672 697/723/679
f 697/723/679 87/87/672 86/724/673
f 158/169/680 25/25/678 9/9/681
f 394/405/677 136/136/216 393/404/668
f 393/404/668 136/136/216 75/75/212
f 137/137/675 74/74/671 138/138/262
f 138/138/262 74/74/671 73/73/670
f 159/170/255 158/169/680 160/171/256
f 160/171/256 158/169/680 9/9/681
f 173/184/263 170/181/25 73/73/670
f 73/73/670 170/181/25 138/138/262
f 174/185/264 173/184/263 87/87/672
f 87/87/672 173/184/263 73/73/670
f 85/85/669 390/401/682 86/86/683
f 86/86/683 390/401/682 40/40/684
f 75/75/212 391/402/213 85/85/669
f 698/725/685 86/724/673 74/74/671
f 699/726/686 698/725/685 137/137/675
f 137/137/675 698/725/685 74/74/671
f 699/726/686 137/137/675 700/708/687
f 700/708/687 137/137/675 41/41/674
f 164/175/144 172/183/142 163/174/257
f 172/183/142 174/185/264 163/174/257
f 163/174/257 174/185/264 154/165/251
f 154/165/251 174/185/264 103/103/253
f 174/185/264 87/87/672 103/103/253
f 25/25/678 158/169/680 87/87/672
f 158/169/680 159/170/255 87/87/672
f 87/87/672 159/170/255 103/103/253
f 85/85/669 391/402/213 390/401/682
f 383/394/392 390/401/682 392/403/395
f 392/403/395 390/401/682 391/402/213
f 700/727/688 395/406/676 699/707/689
f 699/707/689 395/406/676 394/405/677
f 698/706/690 699/707/689 393/404/668
f 393/404/668 699/707/689 394/405/677
f 86/86/683 698/706/690 85/85/669
f 85/85/669 698/706/690 393/404/668
f 697/705/691 86/86/683 40/40/684
f 5/5/692 286/297/693 157/168/250
f 51/51/694 600/607/695 285/296/696
f 51/51/694 52/52/697 600/607/695
f 701/717/698 702/715/699 5/5/692
f 5/5/692 702/715/699 286/297/693
f 701/717/698 5/5/692 703/718/700
f 703/718/700 5/5/692 23/23/701
f 5/5/692 153/164/702 23/23/701
f 5/5/692 96/96/254 153/164/702
f 96/96/254 5/5/692 156/167/154
f 156/167/154 5/5/692 157/168/250
f 704/716/703 1/1/704 702/715/699
f 702/715/699 1/1/704 286/297/693
f 285/296/696 50/50/705 287/298/706
f 287/298/706 50/50/705 19/19/707
f 285/296/696 288/299/339 50/50/705
f 50/50/705 288/299/339 56/56/341
f 357/368/390 387/398/389 52/52/697
f 52/52/697 387/398/389 388/399/393
f 357/368/390 52/52/697 356/367/708
f 356/367/708 52/52/697 38/38/709
f 374/385/710 373/384/376 356/367/708
f 356/367/708 373/384/376 357/368/390
f 705/719/711 703/718/700 23/23/701
f 600/607/695 52/52/697 389/400/394
f 389/400/394 52/52/697 388/399/393
f 696/722/712 695/721/713 9/9/681
f 9/9/681 695/721/713 350/361/714
f 696/722/712 9/9/681 697/723/679
f 697/723/679 9/9/681 25/25/678
f 350/361/714 351/362/715 9/9/681
f 9/9/681 351/362/715 160/171/256
f 695/721/713 706/720/716 350/361/714
f 351/362/715 350/361/714 23/23/701
f 358/369/76 373/384/376 349/360/717
f 349/360/717 373/384/376 374/385/710
f 359/370/75 358/369/76 39/39/718
f 39/39/718 358/369/76 349/360/717
f 706/720/716 705/719/711 350/361/714
f 350/361/714 705/719/711 23/23/701
f 697/705/691 40/40/684 696/703/719
f 696/703/719 40/40/684 39/39/718
f 695/704/720 696/703/719 349/360/717
f 349/360/717 696/703/719 39/39/718
f 96/96/254 97/97/252 153/164/702
f 97/97/252 160/171/256 153/164/702
f 23/23/701 153/164/702 351/362/715
f 351/362/715 153/164/702 160/171/256
f 92/92/147 157/168/250 91/91/145
f 1/1/704 91/91/145 286/297/693
f 286/297/693 91/91/145 157/168/250
f 600/607/695 389/400/394 285/296/696
f 283/294/334 290/301/337 48/48/361
f 290/301/337 289/300/340 48/48/361
f 285/296/696 389/400/394 288/299/339
f 288/299/339 389/400/394 289/300/340
f 389/400/394 360/371/381 289/300/340
f 48/48/361 289/300/340 382/393/382
f 289/300/340 360/371/381 382/393/382
f 39/39/718 40/40/684 359/370/75
f 40/40/684 390/401/682 359/370/75
f 384/395/73 359/370/75 383/394/392
f 383/394/392 359/370/75 390/401/682
f 706/714/721 695/704/720 374/385/710
f 374/385/710 695/704/720 349/360/717
f 706/714/721 374/385/710 705/713/722
f 705/713/722 374/385/710 356/367/708
f 705/713/722 356/367/708 703/711/723
f 703/711/723 356/367/708 38/38/709
f 51/51/694 701/709/724 52/52/697
f 703/711/723 38/38/709 701/709/724
f 701/709/724 38/38/709 52/52/697
f 51/51/694 285/296/696 701/709/724
f 285/296/696 287/298/706 701/709/724
f 702/710/725 701/709/724 287/298/706
f 702/710/725 287/298/706 704/712/726
f 704/712/726 287/298/706 19/19/707
