# This file uses centimeters as units for non-parametric coordinates.

v 0.000000 0.004204 5.471667
v 0.000000 0.004204 -5.471667
v 0.000000 1.282923 5.585670
v 0.000000 1.282923 -5.585670
v 11.809231 -0.008995 4.998293
v 11.158704 -0.012605 5.395251
v 9.959255 -0.021192 5.474849
v 8.157928 0.004204 5.471667
v 5.630552 0.004204 5.471667
v 4.021823 0.004204 5.471667
v 2.856091 0.004204 5.471667
v 1.542695 0.004204 5.471667
v 12.126486 -0.012601 4.220765
v 12.249515 -0.012612 3.096439
v 12.243409 -0.012618 1.753759
v 12.243156 -0.012619 -1.714977
v 12.242563 -0.012622 -3.065090
v 12.130660 -0.010210 -4.222515
v 11.777145 -0.010203 -4.937731
v 11.022472 -0.012617 -5.351994
v 10.212191 -0.003634 -5.482680
v 8.138732 0.004204 -5.471667
v 5.630552 0.004204 -5.468183
v 4.021823 0.004204 -5.471667
v 2.856091 0.004204 -5.471667
v 1.542695 0.004204 -5.471667
v 11.765381 1.234376 5.030052
v 11.074092 1.230362 5.450544
v 12.136191 1.227948 4.250974
v 10.038746 1.227948 5.554584
v 8.417110 1.282923 5.585669
v 5.823139 1.282923 5.585669
v 4.159386 1.282923 5.585670
v 2.929082 1.282923 5.585670
v 1.554295 1.282923 5.585670
v 12.254658 1.227948 3.179847
v 12.253443 1.227948 1.623492
v 12.253443 1.227949 -1.623639
v 12.254658 1.227948 -3.022458
v 12.151358 1.231516 -4.183733
v 11.790760 1.237168 -4.880445
v 10.995760 1.227948 -5.362232
v 10.230963 1.227830 -5.530098
v 8.417110 1.282923 -5.585669
v 5.823139 1.282923 -5.585669
v 4.159386 1.282923 -5.585670
v 2.929082 1.282923 -5.585670
v 1.554295 1.282923 -5.585670
v 12.253443 1.227948 -0.000074
v 12.240367 -0.012620 0.000000
v -11.909032 -0.012728 5.125060
v -11.045637 0.008674 5.396917
v -10.093271 0.010609 5.518699
v -8.138732 0.004204 5.471667
v -5.630552 0.004204 5.471667
v -4.021823 0.004204 5.471667
v -2.856091 0.004204 5.471667
v -1.542695 0.004204 5.471667
v -12.261218 -0.064613 4.249923
v -12.318595 -0.037842 2.883331
v -10.120977 0.004204 1.926345
v -9.965881 0.004204 1.926345
v -7.993003 0.004204 1.926345
v -12.323607 -0.020230 1.706140
v -10.120977 0.004204 1.768811
v -9.965881 0.004204 1.768811
v -7.993003 0.004204 1.768811
v -12.322813 0.004204 -1.877215
v -10.120977 0.004204 -1.764348
v -9.965881 0.004204 -1.764348
v -7.993003 0.004204 -1.764348
v -12.322813 0.004204 -2.934100
v -10.120977 0.004204 -1.928077
v -9.965881 0.004204 -1.928077
v -7.993003 0.004204 -1.928077
v -12.333639 0.065816 -4.202701
v -11.972783 0.036250 -5.094346
v -11.166413 0.015648 -5.473115
v -10.135984 0.004204 -5.471667
v -8.138732 0.004204 -5.471667
v -5.630552 0.004204 -5.471667
v -4.021823 0.004204 -5.471667
v -2.856091 0.004204 -5.471667
v -1.542695 0.004204 -5.471667
v -9.144019 1.804366 1.873814
v -9.004002 1.802809 1.874293
v -9.003454 1.804837 1.720859
v -9.143472 1.806393 1.720380
v -8.000456 1.791651 1.877727
v -7.999908 1.793679 1.724293
v -8.991172 1.850317 -1.720967
v -9.131189 1.851874 -1.721446
v -8.990602 1.852425 -1.880488
v -9.130620 1.853981 -1.880967
v -7.987626 1.839159 -1.717533
v -7.987057 1.841267 -1.877055
v -9.089522 1.932512 1.875702
v -8.949504 1.930955 1.876181
v -8.948956 1.932983 1.722747
v -9.088975 1.934539 1.722268
v -7.999030 1.920387 1.879433
v -7.998483 1.922415 1.725999
v -8.936674 1.978463 -1.719079
v -9.076693 1.980020 -1.719558
v -8.936105 1.980571 -1.878600
v -9.076123 1.982128 -1.879080
v -7.986201 1.967895 -1.715827
v -7.985631 1.970003 -1.875348
v -11.998775 1.209781 5.088167
v -11.138578 1.231931 5.438886
v -12.330224 1.282923 4.278592
v -10.215961 1.243065 5.572749
v -8.417110 1.282923 5.585669
v -5.823139 1.282923 5.585669
v -4.159386 1.282923 5.585670
v -2.929082 1.282923 5.585670
v -1.554295 1.282923 5.585670
v -12.321064 1.227948 2.963374
v -12.327076 1.227948 1.623492
v -12.327076 1.227949 -1.795717
v -12.338484 1.227948 -3.033318
v -12.350416 1.227087 -4.277691
v -12.029902 1.232860 -5.124258
v -11.405098 1.282923 -5.482765
v -10.251572 1.227948 -5.554731
v -8.417110 1.282923 -5.585669
v -5.823139 1.282923 -5.585669
v -4.159386 1.282923 -5.585670
v -2.929082 1.282923 -5.585670
v -1.554295 1.282923 -5.585670
v -12.327076 1.227948 -0.000074
v -12.322813 0.004204 0.000000
v -10.179015 0.004204 0.001121
v -9.195106 1.830734 -0.073038
v -9.140609 1.958880 -0.071150
v -9.000590 1.957324 -0.070671
v -8.050117 1.946756 -0.067419
v -8.051543 1.818019 -0.069125
v -9.055088 1.829177 -0.072559
v -10.023919 0.004204 0.001121
v -9.629070 0.912344 -1.741138
v -9.685559 0.914947 -0.071274
v -9.628811 0.913667 1.746032
v -9.628811 0.913667 1.901522
v -9.481249 0.913667 1.901522
v -7.993003 0.980679 1.899694
v -7.993003 0.980633 1.744440
v -9.481249 0.913667 1.746032
v -9.538106 0.915849 -0.071274
v -9.483569 0.909584 -1.741207
v -7.993003 0.913667 -1.741622
v -7.993003 0.913667 -1.903255
v -9.481737 0.913022 -1.902588
v -9.628033 0.914260 -1.902555
v -7.993003 0.133223 1.922823
v -9.898067 0.131464 1.922871
v -10.053253 0.129351 1.922929
v -10.052423 0.130883 1.765638
v -10.111036 0.129820 -0.070088
v -10.050118 0.135143 -1.761076
v -10.047923 0.139199 -1.924393
v -9.894855 0.137494 -1.924439
v -7.993003 0.124836 -1.924785
v -7.993003 0.133560 -1.761116
v -9.886398 0.153362 -1.760621
v -9.954189 0.135059 -0.070088
v -9.907869 0.113070 1.766085
v -7.993003 0.126934 1.765737
v -8.101501 0.125558 -1.924765
v -8.094670 0.913667 -1.903255
v -8.091728 1.842430 -1.877413
v -8.081147 1.971065 -1.875675
v -8.095992 1.969116 -1.716203
v -8.152082 1.947889 -0.067768
v -8.115232 1.923713 1.725600
v -8.118237 1.921713 1.879025
v -8.123459 1.793019 1.877306
v -8.132769 0.980679 1.899693
v -8.151514 0.133056 1.922828
v -9.405171 1.056433 1.897626
v -9.550838 1.057749 1.897590
v -9.550385 1.058587 1.742402
v -8.095134 1.053619 -1.899435
v -7.993003 1.054370 -1.899415
v -7.993003 1.042541 -1.738402
v -9.399197 1.067646 1.742175
v -10.110991 0.129906 0.072206
v -9.685495 0.915063 0.074715
v -9.195604 1.828889 0.066627
v -9.141114 1.957010 0.070359
v -9.001137 1.955300 0.082439
v -8.154052 1.945763 0.094339
v -8.050728 1.944493 0.103802
v -8.052150 1.815772 0.100914
v -9.055753 1.826719 0.113516
v -9.537819 0.916387 0.110488
v -9.955370 0.132844 0.107700
v -8.124006 0.126364 1.765752
v -8.094635 0.980646 1.744417
v -8.119329 1.795006 1.723884
v -8.152343 1.816865 0.102172
v -8.143605 1.819043 -0.069440
v -8.103663 1.840449 -1.717930
v -8.108867 1.043209 -1.738385
v -8.106546 0.913667 -1.741622
v -8.105124 0.134732 -1.761086
v 15.197084 1.443294 0.000000
v 15.197084 1.443293 1.744578
v 15.203045 1.443293 4.359722
v 15.203047 1.443293 6.724027
v 14.858502 1.443293 8.164438
v 13.558647 1.443293 9.151217
v 11.988356 1.443293 9.204453
v 9.664227 1.443293 9.204453
v 7.131502 1.443293 9.204453
v 5.093932 1.443293 9.204453
v 3.499357 1.443293 9.204453
v 1.757117 1.443293 9.204453
v 0.000000 1.443293 9.204453
v -1.757117 1.443293 9.204453
v -3.499357 1.443293 9.204453
v -5.093932 1.443293 9.204453
v -7.131502 1.443293 9.204453
v -9.664227 1.443293 9.204453
v -11.988356 1.443293 9.204453
v -13.558647 1.443293 9.151217
v -14.858502 1.443293 8.164438
v -15.203047 1.443293 6.724027
v -15.203045 1.443293 4.359722
v -15.197084 1.443293 1.744578
v -15.197084 1.443294 0.000000
v -15.197084 1.443294 -1.744578
v -15.203047 1.443293 -4.359723
v -15.203047 1.443293 -6.724027
v -14.858502 1.443293 -8.164438
v -13.558647 1.443293 -9.151217
v -11.988356 1.443293 -9.204453
v -9.664227 1.443293 -9.204453
v -7.131502 1.443293 -9.204453
v -5.093932 1.443293 -9.204453
v -3.499357 1.443293 -9.204453
v -1.757117 1.443293 -9.204453
v 0.000000 1.443293 -9.204453
v 1.757117 1.443293 -9.204453
v 3.499357 1.443293 -9.204453
v 5.093932 1.443293 -9.204453
v 7.131502 1.443293 -9.204453
v 9.664227 1.443293 -9.204453
v 11.988356 1.443293 -9.204453
v 13.558647 1.443293 -9.151217
v 14.858502 1.443293 -8.164438
v 15.203047 1.443293 -6.724027
v 15.203047 1.443293 -4.359723
v 15.197084 1.443294 -1.744578
v 2.925644 1.222716 -5.552242
v 1.553149 1.222716 -5.552242
v 0.000000 1.222716 -5.552242
v -1.553149 1.222716 -5.552242
v -2.925644 1.222716 -5.552242
v -4.153656 1.222716 -5.552242
v -5.815118 1.222716 -5.552242
v -8.405516 1.222716 -5.552242
v -10.236944 1.167741 -5.521304
v -11.389361 1.222716 -5.451967
v -12.005648 1.172653 -5.101717
v -12.330120 1.166880 -4.264486
v -12.325073 1.167741 -3.024217
v -12.313955 1.167742 -1.791603
v -12.313955 1.167741 -0.000074
v -12.313955 1.167741 1.619378
v -12.307655 1.167741 2.954273
v -12.309928 1.222716 4.265387
v -11.974522 1.149574 5.065626
v -11.122841 1.171724 5.408088
v -10.201334 1.182858 5.539321
v -8.405516 1.222716 5.552242
v -5.815118 1.222716 5.552242
v -4.153656 1.222716 5.552242
v -2.925644 1.222716 5.552242
v -1.553149 1.222716 5.552242
v 0.000000 1.222716 5.552242
v 1.553149 1.222716 5.552242
v 2.925644 1.222716 5.552242
v 4.153656 1.222716 5.552242
v 5.815118 1.222716 5.552242
v 8.405516 1.222716 5.552242
v 10.024118 1.167741 5.521157
v 11.058356 1.170155 5.419746
v 11.741127 1.174169 5.007511
v 12.115895 1.167741 4.237769
v 12.241247 1.167741 3.170746
v 12.240322 1.167741 1.619378
v 12.240322 1.167741 -0.000074
v 12.240322 1.167742 -1.619526
v 12.241247 1.167741 -3.013357
v 12.131062 1.171309 -4.170528
v 11.766506 1.176961 -4.857904
v 10.980022 1.167741 -5.331434
v 10.216335 1.167623 -5.496671
v 8.405516 1.222716 -5.552242
v 5.815118 1.222716 -5.552242
v 4.153656 1.222716 -5.552242
v 2.936340 1.324884 -5.639662
v 1.556714 1.324884 -5.639662
v 0.000000 1.324884 -5.639662
v -1.556714 1.324884 -5.639662
v -2.936340 1.324884 -5.639662
v -4.171483 1.324884 -5.639662
v -5.840075 1.324884 -5.639661
v -8.432347 1.324884 -5.639661
v -10.267864 1.269909 -5.608724
v -11.432398 1.324884 -5.537480
v -12.065104 1.274821 -5.171577
v -12.387747 1.269048 -4.314227
v -12.375814 1.269909 -3.050820
v -12.364487 1.269910 -1.797593
v -12.364487 1.269909 -0.000074
v -12.364487 1.269909 1.625368
v -12.358395 1.269909 2.980875
v -12.367555 1.324884 4.315127
v -12.033976 1.251742 5.135487
v -11.165878 1.273892 5.493601
v -10.232252 1.285026 5.626741
v -8.432347 1.324884 5.639661
v -5.840075 1.324884 5.639661
v -4.171483 1.324884 5.639662
v -2.936340 1.324884 5.639662
v -1.556714 1.324884 5.639662
v 0.000000 1.324884 5.639662
v 1.556714 1.324884 5.639662
v 2.936340 1.324884 5.639662
v 4.171483 1.324884 5.639662
v 5.840075 1.324884 5.639661
v 8.432347 1.324884 5.639661
v 10.055037 1.269909 5.608576
v 11.101392 1.272323 5.505260
v 11.800581 1.276337 5.077373
v 12.173522 1.269909 4.287510
v 12.291988 1.269909 3.197349
v 12.290854 1.269909 1.625368
v 12.290854 1.269909 -0.000074
v 12.290854 1.269910 -1.625515
v 12.291988 1.269909 -3.039959
v 12.188688 1.273476 -4.220269
v 11.825960 1.279129 -4.927765
v 11.023060 1.269909 -5.416947
v 10.247253 1.269791 -5.584091
v 8.432347 1.324884 -5.639661
v 5.840075 1.324884 -5.639661
v 4.171483 1.324884 -5.639662
v -15.199426 1.443293 2.771919
v -12.353275 1.277895 2.290335
v -12.315915 1.235934 2.283525
v -12.302666 1.175727 2.277245
v -15.199781 1.443293 -2.927054
v -12.369839 1.279308 -2.460453
v -12.332481 1.237347 -2.452597
v -12.319223 1.177140 -2.447052
v 15.199543 1.443293 2.823147
v 12.268995 1.279406 2.423485
v 12.231648 1.237446 2.417161
v 12.218392 1.177239 2.411767
v 15.199521 1.443293 -2.813332
v 12.297703 1.274948 -2.337614
v 12.260342 1.232987 -2.330466
v 12.247109 1.172780 -2.327054
v -8.145305 0.004204 1.926345
v -8.106393 0.004204 -1.764348
v -9.298765 0.105651 1.787622
v -8.027557 1.366353 1.813293
v -8.051684 1.390312 1.812365
v -9.354523 0.112833 1.793489
v -8.863492 0.494018 1.795635
v -8.888104 0.519059 1.794677
v -8.493597 0.891399 1.800968
v -8.501957 0.948767 1.794429
v -8.354213 0.772865 1.793411
v -8.329434 0.748537 1.794358
v -8.029751 1.064897 1.833332
v -8.053878 1.088856 1.832403
v -8.985773 0.111795 1.840045
v -8.733525 0.342666 1.829083
v -8.758138 0.367707 1.828125
v -9.035185 0.120873 1.838542
v -8.066597 0.762555 1.862880
v -8.041819 0.738227 1.863827
v -8.673907 0.123832 1.825626
v -8.266170 0.503385 1.830018
v -8.290782 0.528426 1.829060
v -8.739487 0.127571 1.839367
v -8.304129 0.129498 1.866389
v -8.050551 0.320589 1.816883
v -8.075164 0.345630 1.815925
v -8.401216 0.123003 1.879905
v -8.687527 1.084486 1.802053
v -8.662748 1.060158 1.803001
v -8.101301 1.627293 1.792152
v -8.125428 1.651252 1.791223
v -9.598674 0.119906 1.847151
v -9.049062 0.629737 1.837678
v -9.073674 0.654777 1.836720
v -9.633834 0.126004 1.853571
v -8.789639 1.290738 1.810122
v -8.764861 1.266411 1.811069
v -8.298820 1.741365 1.805408
v -8.322948 1.765324 1.804480
v -9.794308 0.321386 1.793221
v -9.168952 0.860540 1.808744
v -9.193564 0.885580 1.807786
v -9.806932 0.355361 1.792233
v -8.647414 1.839103 1.788518
v -8.622636 1.814775 1.789466
v -9.639224 0.786466 1.800250
v -9.186889 1.221266 1.807426
v -9.211501 1.246306 1.806468
v -9.665744 0.811172 1.799261
v -8.385657 1.804058 1.744445
v -8.063185 1.503195 1.733424
v -8.039844 1.529424 1.732466
v -8.362778 1.832167 1.743456
v -8.022344 1.207191 1.774908
v -8.044963 1.180843 1.775856
v -8.787681 1.843569 1.768986
v -8.323646 1.421278 1.776163
v -8.300304 1.447508 1.775204
v -8.764801 1.871678 1.767998
v -8.090357 0.896091 1.832030
v -8.112976 0.869743 1.832978
v -9.054964 1.702457 1.818364
v -8.590929 1.280167 1.825541
v -8.567588 1.306396 1.824582
v -9.032084 1.730567 1.817376
v -8.113070 0.583332 1.825437
v -8.135690 0.556985 1.826385
v -9.252456 1.499257 1.874391
v -8.772002 1.110008 1.875975
v -8.748661 1.136237 1.875017
v -9.229576 1.527367 1.873402
v -8.422229 0.435752 1.867631
v -8.444848 0.409405 1.868579
v -8.093257 0.084852 1.878377
v -8.070962 0.110525 1.877449
v -9.340833 1.207780 1.859077
v -8.860379 0.818531 1.860662
v -8.837038 0.844760 1.859703
v -9.317953 1.235890 1.858088
v -8.704516 0.276368 1.872304
v -8.727136 0.250020 1.873252
v -8.584836 0.133627 1.876301
v -8.520941 0.132300 1.874556
v -9.538946 0.964092 1.853343
v -9.040715 0.550292 1.857512
v -9.017374 0.576521 1.856553
v -9.516067 0.992202 1.852354
v -9.031432 0.119134 1.878565
v -9.077934 0.109293 1.879681
v -9.703911 0.657494 1.846744
v -9.239876 0.235204 1.853921
v -9.216535 0.261433 1.852963
v -9.681031 0.685604 1.845756
v -9.823091 0.432887 1.870409
v -9.461719 0.127636 1.889397
v -9.416285 0.131422 1.892921
v -9.800211 0.460997 1.869420
v -8.501957 0.951019 -1.819174
v -8.493597 0.893372 -1.815915
v -8.027557 1.366851 -1.776540
v -8.051684 1.390824 -1.776102
v -9.350023 0.053897 -1.860838
v -8.863492 0.496941 -1.843888
v -8.888104 0.521995 -1.843418
v -9.376543 0.078619 -1.860417
v -8.354213 0.775461 -1.830216
v -8.329434 0.751119 -1.830657
v -8.029751 1.064743 -1.773716
v -8.053878 1.088716 -1.773277
v -8.975553 0.081726 -1.824156
v -8.733525 0.343928 -1.819121
v -8.758138 0.368983 -1.818650
v -9.002072 0.106448 -1.823734
v -8.718505 0.069121 -1.814190
v -8.266170 0.504333 -1.809027
v -8.290782 0.529388 -1.808556
v -8.745025 0.093843 -1.813769
v -8.041819 0.736867 -1.761888
v -8.066597 0.761208 -1.761447
v -8.687527 1.086083 -1.803827
v -8.662748 1.061741 -1.804267
v -8.049007 1.674017 -1.796582
v -8.073134 1.697990 -1.796144
v -9.646441 0.058846 -1.790561
v -9.049062 0.630043 -1.794178
v -9.073674 0.655097 -1.793708
v -9.672961 0.083568 -1.790140
v -8.789639 1.291540 -1.784015
v -8.764861 1.267198 -1.784456
v -8.218425 1.851139 -1.792945
v -8.242552 1.875112 -1.792505
v -9.794308 0.324727 -1.856137
v -9.168952 0.862120 -1.809911
v -9.193564 0.887174 -1.809440
v -9.806932 0.358703 -1.855188
v -9.639224 0.788651 -1.822613
v -9.186889 1.222334 -1.790666
v -9.211501 1.247389 -1.790196
v -9.665744 0.813373 -1.822192
v -8.567612 1.887099 -1.794427
v -8.592390 1.911441 -1.793987
v -8.787681 1.845816 -1.793576
v -8.323646 1.423803 -1.810480
v -8.300304 1.450045 -1.809942
v -8.764801 1.873937 -1.792961
v -8.044963 1.183777 -1.824490
v -8.022344 1.210135 -1.823934
v -9.054964 1.702120 -1.752321
v -8.590929 1.280107 -1.769225
v -8.567588 1.306349 -1.768687
v -9.032084 1.730241 -1.751706
v -8.112976 0.869927 -1.785192
v -8.090357 0.896285 -1.784636
v -9.252456 1.496057 -1.769110
v -8.772002 1.107350 -1.789713
v -8.748661 1.133592 -1.789175
v -9.229576 1.524178 -1.768495
v -8.135690 0.558052 -1.809600
v -8.113070 0.584411 -1.809044
v -8.422229 0.434666 -1.775330
v -8.444848 0.408308 -1.775885
v -8.093257 0.083724 -1.784601
v -8.070962 0.109408 -1.784065
v -9.340833 1.205927 -1.739868
v -8.860379 0.817220 -1.760472
v -8.837038 0.843461 -1.759933
v -9.317953 1.234047 -1.739253
v -8.704516 0.275275 -1.825298
v -8.727136 0.248916 -1.825854
v -8.508035 0.052748 -1.811077
v -8.485740 0.078432 -1.810540
v -9.538946 0.962962 -1.781021
v -9.040715 0.549597 -1.800444
v -9.017374 0.575838 -1.799906
v -9.516067 0.991082 -1.780406
v -8.362699 1.817653 -1.813263
v -8.040226 1.516790 -1.824284
v -8.016885 1.543020 -1.825242
v -8.339819 1.845763 -1.814252
v -9.823091 0.432887 -1.814716
v -9.359056 0.010597 -1.795041
v -9.335714 0.036826 -1.796000
v -9.800211 0.460997 -1.815704
v -9.651157 0.706351 -1.808537
v -9.187122 0.284061 -1.801360
v -9.163781 0.310290 -1.802318
v -9.628278 0.734461 -1.809525
v -8.987690 0.114893 -1.772314
v -8.965071 0.141241 -1.773262
v -9.024068 1.879603 0.711579
v -8.534708 1.787490 1.142209
v -8.522189 1.813434 1.122112
v -9.002275 1.899617 0.690626
v -8.046498 1.859238 1.610749
v -8.023879 1.871493 1.587405
v -9.064881 1.893609 0.245080
v -8.504994 1.817964 0.657454
v -8.492476 1.843908 0.637356
v -9.043088 1.913623 0.224127
v -8.046498 1.859238 1.151306
v -8.023879 1.871493 1.127963
v -9.024068 1.879603 1.170893
v -8.788749 1.825425 1.351248
v -8.776230 1.851369 1.331150
v -9.002275 1.899617 1.149940
v -8.244700 1.860511 1.800148
v -8.222081 1.872766 1.776805
v -8.715759 1.864899 0.058149
v -8.707876 1.895352 0.042522
v -8.095243 1.903551 0.639572
v -8.074870 1.922977 0.619218
v -9.126067 1.858263 1.104629
v -8.624304 1.857781 0.599913
v -8.636997 1.889670 0.592449
v -9.138785 1.887020 1.086577
v -8.058887 1.885153 0.256139
v -8.075049 1.907285 0.234792
v -9.094629 1.858263 1.505559
v -8.602320 1.859624 1.022885
v -8.615013 1.891513 1.015421
v -9.107347 1.887020 1.487507
v -8.027450 1.885153 0.657069
v -8.043612 1.907285 0.635722
v -8.969039 1.799110 1.749185
v -8.457243 1.811917 1.304142
v -8.471209 1.843491 1.297678
v -8.982481 1.828072 1.732006
v -8.074263 1.903135 1.052979
v -8.090693 1.925484 1.032067
v -8.510401 1.865227 1.817559
v -8.009501 1.853556 1.360256
v -8.022185 1.885707 1.353998
v -8.522939 1.894712 1.800588
v -9.048903 1.895287 0.653912
v -8.568234 1.850714 0.177328
v -8.579662 1.883293 0.170868
v -9.060748 1.924978 0.636804
v -8.388927 1.884331 0.043549
v -8.404586 1.907633 0.023091
v -8.991247 1.905263 -1.061596
v -8.524170 1.839268 -0.627587
v -8.510500 1.864907 -0.647324
v -8.968333 1.924876 -1.081717
v -8.117929 1.885017 -0.166810
v -8.094159 1.896842 -0.189214
v -9.010870 1.915410 -1.529565
v -8.503480 1.835084 -1.086545
v -8.489810 1.860723 -1.106281
v -8.987956 1.935024 -1.549686
v -8.093601 1.880379 -0.608127
v -8.069833 1.892203 -0.630532
v -9.011931 1.909446 -0.602767
v -8.770016 1.862704 -0.422170
v -8.756347 1.888342 -0.441906
v -8.989017 1.929059 -0.622888
v -8.261922 1.888615 0.061154
v -8.238153 1.900439 0.038749
v -8.059930 1.919649 -1.091826
v -8.038467 1.938693 -1.111408
v -8.645105 1.911887 -1.715816
v -8.653988 1.881654 -1.700298
v -9.111052 1.888482 -0.673379
v -8.597198 1.846243 -1.114213
v -8.609224 1.878182 -1.122518
v -9.122656 1.917195 -0.692235
v -8.006529 1.897413 -1.473054
v -8.021491 1.919503 -1.495299
v -9.097702 1.891832 -0.271454
v -8.583849 1.849593 -0.712288
v -8.595875 1.881532 -0.720593
v -9.109306 1.920545 -0.290310
v -8.044412 1.899462 -1.017417
v -8.059374 1.921553 -1.039662
v -8.983808 1.833699 -0.021906
v -8.452387 1.837546 -0.443498
v -8.465731 1.869192 -0.450858
v -8.996172 1.862631 -0.039923
v -8.057592 1.922798 -0.677905
v -8.072840 1.945111 -0.699731
v -8.528076 1.896037 0.066517
v -8.053136 1.874405 -0.326147
v -8.065204 1.906618 -0.333249
v -8.539542 1.925484 0.048743
v -9.013303 1.920658 -1.120459
v -8.512129 1.867142 -1.574466
v -8.522928 1.899769 -1.581716
v -9.024068 1.950305 -1.138341
v -8.326652 1.897819 -1.700304
v -8.341140 1.921082 -1.721649
v -9.983706 0.127388 0.825183
v -9.798034 0.471556 0.421172
v -9.830745 0.483953 0.424330
v -10.017169 0.138945 0.817357
v -9.567520 0.982773 0.013989
v -9.599541 0.987795 0.001493
v -9.648848 0.892522 0.546322
v -9.619151 0.874603 0.544403
v -9.360876 1.358877 -0.035040
v -9.389893 1.376542 -0.033300
v -9.987917 0.124798 1.500772
v -9.770841 0.524504 0.980435
v -9.800660 0.543005 0.981927
v -10.022411 0.135783 1.502804
v -9.464022 1.247096 0.687389
v -9.434324 1.229177 0.685471
v -9.126675 1.803679 0.018780
v -9.155691 1.821344 0.020520
v -9.862268 0.405219 1.739791
v -9.586014 0.879079 1.121502
v -9.615833 0.897579 1.122995
v -9.893564 0.423330 1.742475
v -9.277063 1.426721 1.067790
v -9.247366 1.408802 1.065871
v -9.055472 1.799894 0.572293
v -9.084489 1.817559 0.574033
v -9.603805 0.813911 1.883859
v -9.391048 1.178349 1.370380
v -9.420868 1.196850 1.371872
v -9.635100 0.832022 1.886542
v -8.991728 1.927959 0.982202
v -8.962030 1.910040 0.980283
v -9.298011 1.184511 1.830676
v -9.189982 1.512903 1.434775
v -9.219802 1.531404 1.436267
v -9.329307 1.202622 1.833359
v -9.352274 1.288664 0.969364
v -9.352242 1.264567 0.994385
v -9.027012 1.891672 1.602778
v -9.026976 1.915398 1.578404
v -9.921788 0.317813 0.087246
v -9.586699 0.864674 0.646796
v -9.586513 0.889457 0.621906
v -9.922155 0.342315 0.060522
v -9.301653 1.463054 0.714404
v -9.301620 1.438957 0.739424
v -9.018270 1.821835 1.101149
v -9.018233 1.845561 1.076775
v -9.737474 0.678959 0.053959
v -9.469412 1.156542 0.446087
v -9.469226 1.181326 0.421198
v -9.737842 0.703461 0.027235
v -9.228520 1.653061 0.439845
v -9.228488 1.628964 0.464866
v -9.053322 1.847721 0.697069
v -9.053286 1.871447 0.672695
v -9.473211 1.214786 0.072845
v -9.310012 1.473212 0.303023
v -9.309826 1.497995 0.278133
v -9.473578 1.239288 0.046121
v -9.498702 1.064820 1.281971
v -9.498670 1.040723 1.306992
v -9.173440 1.667827 1.915386
v -9.173404 1.691554 1.891011
v -10.057204 0.111243 0.413828
v -9.733127 0.640830 0.959403
v -9.732941 0.665613 0.934514
v -10.057571 0.135746 0.387104
v -9.702191 0.630288 1.490314
v -9.702159 0.606191 1.515334
v -9.530807 0.935289 1.839478
v -9.530771 0.959016 1.815104
v -10.009236 0.139543 1.061854
v -9.909880 0.274833 1.200824
v -9.909694 0.299617 1.175935
v -10.019297 0.138876 0.998024
v -10.015328 0.139237 -0.960225
v -9.800978 0.402369 -1.384842
v -9.833913 0.414440 -1.383049
v -10.049127 0.143041 -0.972785
v -9.561461 0.910107 -1.791181
v -9.593062 0.914581 -1.804894
v -9.660955 0.826798 -1.260805
v -9.631017 0.809191 -1.261386
v -9.357256 1.287765 -1.838450
v -9.386505 1.305124 -1.838021
v -10.001060 0.131398 -0.406257
v -9.794545 0.463862 -0.825830
v -9.824597 0.482044 -0.825689
v -10.035302 0.137583 -0.416444
v -9.485176 1.185486 -1.118579
v -9.455237 1.167879 -1.119159
v -9.129963 1.735938 -1.782998
v -9.159212 1.753296 -1.782569
v -9.912007 0.354758 -0.068526
v -9.618765 0.822550 -0.683603
v -9.648817 0.840732 -0.683462
v -9.943573 0.372550 -0.067242
v -9.314009 1.372807 -0.734476
v -9.284070 1.355200 -0.735056
v -9.068103 1.870854 -1.302694
v -9.097352 1.888213 -1.302264
v -9.663334 0.768432 0.078523
v -9.436145 1.127648 -0.432447
v -9.466196 1.145829 -0.432306
v -9.694901 0.786225 0.079806
v -9.359840 1.141650 0.030747
v -9.241156 1.465372 -0.365948
v -9.271207 1.483554 -0.365808
v -9.391406 1.159442 0.032030
v -9.001261 1.858323 -0.817925
v -9.031199 1.875930 -0.817345
v -9.384126 1.232471 -0.833436
v -9.384735 1.208747 -0.808069
v -9.088449 1.848399 -0.197957
v -9.087790 1.871763 -0.222671
v -9.951165 0.127736 -1.795363
v -9.602173 0.801141 -1.157756
v -9.601357 0.825555 -1.182995
v -9.950832 0.151836 -1.822451
v -9.326228 1.403645 -1.089027
v -9.326838 1.379921 -1.063659
v -9.060867 1.771277 -0.697834
v -9.060207 1.794641 -0.722548
v -9.724569 0.560252 -1.788368
v -9.480882 1.091329 -1.358521
v -9.480066 1.115743 -1.383759
v -9.724236 0.584352 -1.815456
v -9.245296 1.590400 -1.363628
v -9.245907 1.566676 -1.338260
v -9.000804 1.787608 -1.141494
v -9.000145 1.810971 -1.166207
v -9.471847 1.144016 -1.732498
v -9.319854 1.407641 -1.500549
v -9.319038 1.432055 -1.525788
v -9.471514 1.168116 -1.759586
v -9.539308 1.011615 -0.522933
v -9.539918 0.987891 -0.497566
v -9.298200 1.547385 0.042564
v -9.297541 1.570749 0.017850
v -10.055809 0.039073 -1.396029
v -9.757356 0.580285 -0.847253
v -9.756539 0.604699 -0.872492
v -10.055477 0.063173 -1.423117
v -9.745476 0.577923 -0.315475
v -9.746085 0.554199 -0.290107
v -9.590098 0.889962 0.034958
v -9.589439 0.913326 0.010244
v -10.017595 0.136896 -0.701716
v -9.890988 0.342291 -0.499591
v -9.890172 0.366705 -0.524830
v -10.033787 0.144585 -0.759639
v -10.020784 0.139557 -0.392884
v -10.038335 0.138510 -0.937520
v -9.997991 0.133274 0.841578
v -10.002388 0.138402 1.522132
v -9.443057 0.131340 1.909687
v -9.008680 0.116004 1.876926
v -10.031481 0.139265 1.035244
v -10.041253 0.137389 -0.729011
v -8.347974 0.126564 1.896059
v -8.699842 0.125311 1.855156
v -8.556480 0.133038 1.890293
v 8.979981 1.943795 1.877961
v 8.854140 1.942219 1.878446
v 8.853652 1.944271 1.723169
v 8.979472 1.945847 1.722684
v 8.107055 1.932866 1.881324
v 8.104363 1.934890 1.726056
v 9.025879 1.970480 -0.092276
v 8.900049 1.968905 -0.091791
v 8.842597 1.990298 -1.759999
v 8.968435 1.991873 -1.760484
v 8.842086 1.992431 -1.921436
v 8.967926 1.994007 -1.921921
v 8.087069 1.980838 -1.757088
v 8.073732 1.982811 -1.918476
v 9.394575 1.058525 1.900112
v 9.263642 1.057193 1.900148
v 8.903111 1.812534 1.876535
v 9.028954 1.814110 1.876050
v 9.394167 1.059373 1.743059
v 9.028463 1.816161 1.720773
v 7.994495 0.980483 1.745122
v 8.000707 1.803294 1.724733
v 8.001213 1.801242 1.880010
v 7.994495 0.980529 1.902241
v 9.332470 0.912059 -1.945712
v 9.463947 0.913312 -1.945678
v 9.016897 1.864321 -1.923832
v 8.891077 1.862746 -1.923347
v 9.464875 0.911373 -1.782323
v 9.017429 1.862188 -1.762394
v 7.994495 1.043134 -1.779554
v 7.994495 1.055105 -1.942501
v 7.989161 1.851454 -1.919872
v 7.989688 1.849320 -1.758435
v 8.111753 1.802626 1.879584
v 7.999432 1.933576 1.726460
v 7.999921 1.931525 1.881737
v 9.074871 1.840795 -0.094186
v 7.987888 1.981736 -1.918145
v 7.988381 1.979603 -1.756708
v 8.083236 1.852631 -1.920234
v 8.045844 1.958210 -0.088500
v 8.047115 1.827927 -0.090227
v 9.026331 1.968588 0.050933
v 9.075305 1.838927 0.047157
v 8.900538 1.966857 0.063158
v 8.047666 1.825653 0.081855
v 8.046376 1.955920 0.084778
v 9.845349 0.120526 1.766575
v 9.846077 0.118976 1.925755
v 9.464631 0.912712 1.904091
v 9.464631 0.912712 1.746733
v 7.994495 0.116529 1.766676
v 7.994495 0.122894 1.925648
v 7.994495 0.123235 -1.802540
v 7.994495 0.114406 -1.968176
v 7.994495 0.912712 -1.946387
v 7.994495 0.912712 -1.782813
v 9.841300 0.128942 -1.967779
v 9.843281 0.124837 -1.802500
v 9.906963 -0.007675 1.769786
v 9.906963 -0.007675 1.929212
v 9.897974 0.119536 0.052802
v 9.959116 -0.007675 -0.019136
v 9.906963 -0.007675 -1.805812
v 9.898019 0.119450 -0.091201
v 9.906963 -0.007675 -1.971508
v 8.086285 1.054345 -1.942521
v 8.137475 1.959357 -0.088853
v 8.139245 1.957205 0.075201
v 8.120116 0.980529 1.902241
v 9.332026 0.912712 1.904091
v 8.085863 0.912712 -1.946387
v 9.515571 0.914125 0.055341
v 9.515642 0.914007 -0.092401
v 8.949630 1.836731 0.094609
v 8.949020 1.839219 -0.093701
v 8.129864 1.828963 -0.090545
v 8.137705 1.826759 0.083129
v 9.382864 0.915465 0.091544
v 9.383110 0.914920 -0.092401
v 9.758121 0.122510 0.088723
v 9.757071 0.124752 -0.091201
v 9.819735 -0.007675 -0.019136
v 8.085854 0.980495 1.745099
v 8.108032 1.804638 1.724319
v 8.093952 1.850626 -1.758836
v 8.098634 1.043810 -1.779537
v 8.096550 0.912712 -1.782813
v 8.891589 1.860613 -1.761909
v 9.334114 0.908580 -1.782393
v 8.902618 1.814586 1.721258
v 9.258286 1.068540 1.742830
v 9.706631 0.121114 1.925697
v 8.136975 0.122725 1.925653
v 8.131385 -0.007675 1.929212
v 7.994495 -0.007675 1.929212
v 9.767580 -0.007675 1.929212
v 9.767580 -0.007675 1.769786
v 9.715427 0.102499 1.767027
v 8.112247 0.115953 1.766690
v 7.994495 -0.007675 1.769786
v 9.332026 0.912712 1.746733
v 9.703737 0.127216 -1.967826
v 9.767580 -0.007675 -1.971508
v 8.092017 0.115137 -1.968156
v 7.994495 -0.007675 -1.971508
v 7.994495 -0.007675 -1.805812
v 8.095275 0.124421 -1.802511
v 8.096416 -0.007675 -1.805812
v 9.767580 -0.007675 -1.805812
v 9.696135 0.143275 -1.802040
v 8.451908 0.948234 1.795712
v 8.444404 0.890176 1.802330
v 8.025565 1.370835 1.814802
v 8.047246 1.395082 1.813863
v 9.168020 0.094991 1.788823
v 8.776838 0.488022 1.796932
v 8.798960 0.513364 1.795963
v 9.218140 0.102258 1.794760
v 8.319136 0.770218 1.794681
v 8.296864 0.745599 1.795640
v 8.027532 1.065758 1.835082
v 8.049226 1.090006 1.834142
v 8.618696 1.085583 1.803427
v 8.596425 1.060963 1.804386
v 8.091843 1.634910 1.793407
v 8.113523 1.659157 1.792468
v 9.437557 0.109417 1.849067
v 8.943609 0.625371 1.839480
v 8.965729 0.650713 1.838510
v 9.469158 0.115588 1.855564
v 8.710463 1.294312 1.811593
v 8.688198 1.269693 1.812552
v 8.269351 1.750352 1.806823
v 8.291032 1.774599 1.805883
v 9.613385 0.313317 1.794490
v 9.051353 0.858947 1.810199
v 9.073470 0.884288 1.809229
v 9.624734 0.347700 1.793489
v 9.473989 0.783984 1.801602
v 9.067480 1.224005 1.808865
v 9.089602 1.249347 1.807895
v 9.497818 0.808986 1.800602
v 8.560369 1.824644 1.790689
v 8.582633 1.849264 1.789730
v 8.347403 1.813798 1.745127
v 8.057593 1.509321 1.733974
v 8.036607 1.535865 1.733004
v 8.326841 1.842245 1.744127
v 8.708705 1.853783 1.769963
v 8.291660 1.426420 1.777226
v 8.270679 1.452965 1.776256
v 8.688132 1.882231 1.768963
v 8.041220 1.183097 1.776915
v 8.020884 1.209761 1.775956
v 8.948919 1.710977 1.819934
v 8.531874 1.283614 1.827197
v 8.510889 1.310159 1.826227
v 8.928357 1.739425 1.818934
v 8.102328 0.868260 1.834724
v 8.081995 0.894924 1.833765
v 9.126390 1.505336 1.876634
v 8.694598 1.111411 1.878237
v 8.673635 1.137956 1.877268
v 9.105833 1.533784 1.875633
v 8.122748 0.551745 1.828051
v 8.102414 0.578409 1.827092
v 8.380262 0.429057 1.869793
v 8.400598 0.402393 1.870752
v 8.084605 0.073942 1.880668
v 8.064565 0.099923 1.879729
v 9.205834 1.210358 1.861136
v 8.774043 0.816433 1.862740
v 8.753069 0.842978 1.861770
v 9.185261 1.238806 1.860136
v 9.383881 0.963743 1.855333
v 8.936095 0.544972 1.859552
v 8.915131 0.571517 1.858582
v 9.363306 0.992190 1.854333
v 9.532122 0.653462 1.848656
v 9.115105 0.226099 1.855918
v 9.094122 0.252644 1.854948
v 9.511564 0.681910 1.847655
v 8.969543 0.098677 1.881988
v 8.927772 0.108635 1.880858
v 8.451908 0.950513 -1.861296
v 8.444404 0.892173 -1.857998
v 8.025565 1.371340 -1.818150
v 8.047246 1.395601 -1.817706
v 9.214098 0.042615 -1.903460
v 8.776838 0.490980 -1.886307
v 8.798960 0.516336 -1.885831
v 9.237923 0.067634 -1.903034
v 8.319136 0.772846 -1.872471
v 8.296864 0.748212 -1.872917
v 8.027532 1.065603 -1.815292
v 8.049226 1.089864 -1.814848
v 8.877554 0.070778 -1.866338
v 8.660036 0.336130 -1.861242
v 8.682136 0.361486 -1.860766
v 8.901376 0.095797 -1.865911
v 8.646524 0.058022 -1.856252
v 8.240005 0.498462 -1.851027
v 8.262134 0.523817 -1.850551
v 8.670368 0.083041 -1.855826
v 8.038376 0.733788 -1.803322
v 8.060651 0.758422 -1.802876
v 8.618696 1.087199 -1.845765
v 8.596425 1.062565 -1.846210
v 8.044850 1.682195 -1.838433
v 8.066529 1.706456 -1.837989
v 9.480484 0.047624 -1.832339
v 8.943609 0.625681 -1.836000
v 8.965729 0.651036 -1.835524
v 9.504327 0.072643 -1.831913
v 8.710463 1.295124 -1.825715
v 8.688198 1.270490 -1.826161
v 8.197097 1.861444 -1.834752
v 8.218788 1.885705 -1.834307
v 9.613385 0.316698 -1.898703
v 9.051353 0.860546 -1.851921
v 9.073470 0.885901 -1.851445
v 9.624734 0.351082 -1.897743
v 9.473989 0.786194 -1.864776
v 9.067480 1.225087 -1.832446
v 9.089602 1.250442 -1.831970
v 9.497818 0.811213 -1.864350
v 8.510925 1.897837 -1.836252
v 8.533198 1.922471 -1.835806
v 8.708705 1.856058 -1.835391
v 8.291660 1.428976 -1.852497
v 8.270679 1.455533 -1.851953
v 8.688132 1.884516 -1.834768
v 8.041220 1.186066 -1.866676
v 8.020884 1.212742 -1.866113
v 8.948919 1.710636 -1.793640
v 8.531874 1.283554 -1.810747
v 8.510889 1.310110 -1.810202
v 8.928357 1.739094 -1.793018
v 8.102328 0.868446 -1.826905
v 8.081995 0.895122 -1.826343
v 9.126390 1.502098 -1.810631
v 8.694598 1.108722 -1.831482
v 8.673635 1.135278 -1.830937
v 9.105833 1.530556 -1.810008
v 8.122748 0.552826 -1.851607
v 8.102414 0.579501 -1.851044
v 8.380262 0.427958 -1.816925
v 8.400598 0.401283 -1.817488
v 8.084605 0.072800 -1.826308
v 8.064565 0.098793 -1.825765
v 9.205834 1.208483 -1.781038
v 8.774043 0.815106 -1.801889
v 8.753069 0.841663 -1.801344
v 9.185261 1.236941 -1.780415
v 8.633970 0.266652 -1.867494
v 8.654289 0.239976 -1.868056
v 8.457373 0.041453 -1.853101
v 8.437334 0.067445 -1.852558
v 9.383881 0.962599 -1.822685
v 8.936095 0.544269 -1.842341
v 8.915131 0.570825 -1.841797
v 9.363306 0.991057 -1.822063
v 8.326764 1.827557 -1.855314
v 8.036936 1.523080 -1.866467
v 8.015966 1.549624 -1.867437
v 8.306211 1.856004 -1.856315
v 9.639253 0.426157 -1.856784
v 9.222207 -0.001205 -1.836874
v 9.201225 0.025339 -1.837843
v 9.618678 0.454605 -1.857785
v 9.484728 0.702906 -1.850531
v 9.067682 0.275543 -1.843268
v 9.046720 0.302088 -1.844238
v 9.464165 0.731353 -1.851532
v 8.888459 0.104344 -1.813874
v 8.868129 0.131008 -1.814833
v 8.921153 1.890250 0.699855
v 8.481353 1.797031 1.135658
v 8.470095 1.823286 1.115319
v 8.901566 1.910505 0.678650
v 8.042583 1.869641 1.609825
v 8.022266 1.882043 1.586202
v 8.957828 1.904424 0.227753
v 8.454638 1.827871 0.645080
v 8.443388 1.854126 0.624741
v 8.938236 1.924679 0.206548
v 8.042583 1.869641 1.144864
v 8.022266 1.882043 1.121240
v 8.921153 1.890250 1.164687
v 8.709671 1.835421 1.347207
v 8.698420 1.861677 1.326868
v 8.901566 1.910505 1.143481
v 8.220712 1.870929 1.801499
v 8.200379 1.883331 1.777876
v 8.086403 1.914486 0.626983
v 8.068087 1.934145 0.606384
v 8.636988 1.906188 0.022762
v 8.644071 1.875370 0.038576
v 9.012820 1.868654 1.097626
v 8.561882 1.868167 0.586847
v 8.573277 1.900438 0.579294
v 9.024256 1.897757 1.079357
v 8.053712 1.895867 0.238944
v 8.068238 1.918265 0.217341
v 8.984567 1.868654 1.503372
v 8.542112 1.870031 1.014901
v 8.553520 1.902303 1.007347
v 8.996002 1.897757 1.485103
v 8.025468 1.895867 0.644690
v 8.040007 1.918265 0.623087
v 8.871677 1.808790 1.749924
v 8.411735 1.821751 1.299535
v 8.424284 1.853704 1.292994
v 8.883765 1.838101 1.732539
v 8.067545 1.914065 1.045356
v 8.082306 1.936683 1.024192
v 8.459499 1.875702 1.819120
v 8.009335 1.863891 1.356324
v 8.020736 1.896427 1.349991
v 8.470759 1.905541 1.801945
v 8.943454 1.906123 0.641495
v 8.511484 1.861015 0.159187
v 8.521753 1.893985 0.152650
v 8.954105 1.936171 0.624182
v 8.350333 1.895036 0.023801
v 8.364418 1.918617 0.003097
v 8.891649 1.916219 -1.094619
v 8.471872 1.849431 -0.655397
v 8.459597 1.875378 -0.675370
v 8.871055 1.936067 -1.114982
v 8.106778 1.895730 -0.189085
v 8.085423 1.907696 -0.211758
v 8.909277 1.926488 -1.568208
v 8.453280 1.845197 -1.119867
v 8.441004 1.871143 -1.139840
v 8.888700 1.946337 -1.588571
v 8.084923 1.891036 -0.635703
v 8.063553 1.903002 -0.658376
v 8.910248 1.920452 -0.630278
v 8.692820 1.873148 -0.447512
v 8.680544 1.899095 -0.467485
v 8.889653 1.940301 -0.650641
v 8.236181 1.899371 0.041617
v 8.214831 1.911337 0.018944
v 8.054657 1.930778 -1.125211
v 8.035370 1.950050 -1.145029
v 8.580567 1.922922 -1.756697
v 8.588555 1.892326 -1.740992
v 8.999321 1.899237 -0.701738
v 8.537499 1.856490 -1.147867
v 8.548323 1.888813 -1.156272
v 9.009750 1.928294 -0.720820
v 8.006670 1.908274 -1.511019
v 8.020108 1.930630 -1.533531
v 8.987310 1.902627 -0.294985
v 8.525501 1.859880 -0.741114
v 8.536322 1.892203 -0.749519
v 8.997753 1.931684 -0.314068
v 8.040715 1.910348 -1.049908
v 8.054149 1.932704 -1.072420
v 8.884977 1.843795 -0.042440
v 8.407367 1.847688 -0.469096
v 8.419345 1.879714 -0.476544
v 8.896082 1.873075 -0.060674
v 8.052550 1.933964 -0.706319
v 8.066254 1.956546 -0.728407
v 8.475397 1.906881 0.047045
v 8.048536 1.884990 -0.350335
v 8.059400 1.917589 -0.357523
v 8.485696 1.936683 0.029057
v 8.911463 1.931799 -1.154189
v 8.461060 1.877640 -1.613649
v 8.470747 1.910658 -1.620986
v 8.921153 1.961802 -1.172285
v 8.294378 1.908685 -1.740998
v 8.307390 1.932228 -1.762600
v 9.316526 1.250146 0.675375
v 9.289842 1.232012 0.673433
v 9.013365 1.813414 -0.001266
v 9.039428 1.831291 0.000495
v 9.674459 0.398157 1.740418
v 9.426167 0.877708 1.114702
v 9.452972 0.896431 1.116212
v 9.702568 0.416485 1.743133
v 9.148516 1.431929 1.060344
v 9.121835 1.413795 1.058402
v 8.949363 1.809584 0.558896
v 8.975439 1.827461 0.560657
v 9.442176 0.811758 1.886216
v 9.250956 1.180573 1.366569
v 9.277756 1.199296 1.368079
v 9.470287 0.830086 1.888931
v 9.167336 1.186809 1.832394
v 9.070247 1.519146 1.431738
v 9.097048 1.537869 1.433248
v 9.195469 1.205138 1.835109
v 8.865399 1.921053 0.971787
v 8.892076 1.939187 0.973729
v 9.216118 1.292214 0.960737
v 9.216085 1.267827 0.986058
v 8.923786 1.902464 1.601759
v 8.923750 1.926475 1.577092
v 9.727946 0.309701 0.068023
v 9.426796 0.863131 0.634294
v 9.426620 0.888212 0.609105
v 9.728277 0.334498 0.040978
v 9.170617 1.468698 0.702713
v 9.170586 1.444312 0.728035
v 8.915938 1.831788 1.094105
v 8.915907 1.855800 1.069438
v 9.562284 0.675185 0.034336
v 9.321376 1.158505 0.431174
v 9.321210 1.183586 0.405986
v 9.562625 0.699982 0.007291
v 9.104894 1.660988 0.424857
v 9.104862 1.636601 0.450179
v 8.947443 1.857985 0.685171
v 8.947408 1.881997 0.660504
v 9.324802 1.217448 0.053449
v 9.178135 1.478978 0.286391
v 9.177965 1.504059 0.261203
v 9.325130 1.242244 0.026404
v 9.347709 1.065681 1.277099
v 9.347681 1.041294 1.302420
v 9.055382 1.675931 1.918121
v 9.055369 1.699943 1.893454
v 9.849640 0.100650 0.398527
v 9.558403 0.636598 0.950656
v 9.558216 0.661679 0.925467
v 9.849985 0.125447 0.371483
v 9.530596 0.625929 1.487944
v 9.530560 0.601542 1.513265
v 9.376567 0.934594 1.841302
v 9.376525 0.958605 1.816635
v 9.335554 1.187796 -1.152286
v 9.308648 1.169977 -1.152873
v 9.016310 1.744859 -1.824686
v 9.042600 1.762426 -1.824251
v 9.719164 0.347089 -0.089620
v 9.455613 0.820500 -0.712085
v 9.482626 0.838901 -0.711943
v 9.747536 0.365096 -0.088321
v 9.181723 1.377367 -0.763569
v 9.154819 1.359549 -0.764156
v 8.960724 1.881396 -1.338613
v 8.987011 1.898964 -1.338178
v 9.495665 0.765733 0.059195
v 9.291475 1.129263 -0.457912
v 9.318504 1.147663 -0.457770
v 9.524034 0.783739 0.060493
v 9.222914 1.143433 0.010845
v 9.116257 1.471044 -0.390615
v 9.143250 1.489444 -0.390473
v 9.251277 1.161439 0.012143
v 8.900655 1.868715 -0.848020
v 8.927563 1.886534 -0.847433
v 9.244739 1.235345 -0.863718
v 9.245296 1.211336 -0.838046
v 8.978999 1.858672 -0.220606
v 8.978415 1.882316 -0.245617
v 9.754345 0.117341 -1.837200
v 9.440693 0.798835 -1.191933
v 9.439956 0.823542 -1.217475
v 9.754034 0.141730 -1.864613
v 9.192705 1.408576 -1.122379
v 9.193249 1.384567 -1.096706
v 8.954206 1.780624 -0.726487
v 8.953627 1.804268 -0.751498
v 9.550703 0.555052 -1.830120
v 9.331695 1.092508 -1.395110
v 9.330957 1.117215 -1.420652
v 9.550393 0.579442 -1.857533
v 9.119967 1.597574 -1.400278
v 9.120529 1.573565 -1.374606
v 8.900249 1.797150 -1.175476
v 8.899652 1.820794 -1.200486
v 9.323565 1.145828 -1.773579
v 9.186962 1.412619 -1.538844
v 9.186233 1.437326 -1.564386
v 9.323275 1.170217 -1.800992
v 9.384211 1.011837 -0.549486
v 9.384748 0.987828 -0.523813
v 9.167522 1.554042 0.022804
v 9.166925 1.577686 -0.002207
v 9.848383 0.027613 -1.433069
v 9.580176 0.575326 -0.877701
v 9.579425 0.600033 -0.903243
v 9.848091 0.052003 -1.460481
v 9.246869 1.308871 -1.880369
v 9.493532 0.824800 -1.296221
v 9.466626 0.806981 -1.296808
v 9.220583 1.291304 -1.880804
v 9.613590 0.457504 -0.856020
v 9.816906 0.129304 -0.417874
v 9.799174 0.121047 -0.431407
v 9.640602 0.475905 -0.855878
v 9.829956 0.127306 -0.441718
v 9.619366 0.395273 -1.421747
v 9.832676 0.128244 -0.969052
v 9.812004 0.128980 -0.992030
v 9.404104 0.909110 -1.832967
v 9.432507 0.913637 -1.846844
v 9.648977 0.407489 -1.419932
v 9.842390 0.132830 -1.004741
v 9.616716 0.465290 0.405960
v 9.796423 0.122945 0.831415
v 9.783600 0.116988 0.814824
v 9.409560 0.982649 -0.006114
v 9.438322 0.987731 -0.018760
v 9.646130 0.477837 0.409155
v 9.813660 0.128684 0.806903
v 9.249919 1.381147 -0.053971
v 9.482637 0.891313 0.532613
v 9.455956 0.873179 0.530671
v 9.223842 1.363270 -0.055732
v 9.592285 0.518875 0.971940
v 9.800375 0.128135 1.520144
v 9.787369 0.114368 1.498528
v 9.619089 0.537598 0.973451
v 9.818369 0.125485 1.500584
v 9.618678 0.454605 1.871604
v 9.639253 0.426157 1.872604
v 9.314470 0.117240 1.891820
v 9.297699 0.120988 1.912354
v 9.273643 0.121071 1.895387
v 8.886734 0.101209 1.841876
v 8.660036 0.334853 1.830782
v 8.682136 0.360194 1.829813
v 8.907324 0.105468 1.879200
v 8.931142 0.110395 1.840355
v 9.806531 0.129290 1.054337
v 9.717243 0.266205 1.194977
v 9.717072 0.291286 1.169789
v 9.826532 0.129008 1.027408
v 9.815580 0.128615 0.989741
v 9.429262 0.912367 -0.009904
v 9.569479 0.572935 -0.339535
v 9.570039 0.548927 -0.313863
v 9.429848 0.888723 0.015107
v 9.700258 0.334473 -0.525863
v 9.835293 0.127109 -0.758039
v 9.814054 0.126611 -0.730416
v 9.699530 0.359180 -0.551405
v 9.828597 0.134392 -0.789034
v 8.274132 0.119124 1.868536
v 8.046228 0.312510 1.818435
v 8.068352 0.337852 1.817465
v 8.313536 0.116155 1.898562
v 8.361370 0.112551 1.882214
v 8.606437 0.113390 1.827283
v 8.240005 0.497502 1.831729
v 8.262134 0.522844 1.830759
v 8.629758 0.114886 1.857168
v 8.038376 0.735165 1.865944
v 8.060651 0.759785 1.864985
v 8.665382 0.117174 1.841189
v 8.654289 0.241094 1.875481
v 8.500914 0.122707 1.892727
v 8.468969 0.121959 1.876802
v 8.633970 0.267758 1.874522
v 8.526396 0.123303 1.878567
v 11.455104 1.172538 -5.127410
v 11.510816 1.274750 -5.202332
v 11.463969 1.232621 -5.160572
v 11.414186 -0.011561 -5.214539
v 10.655764 1.269853 -5.518997
v 10.573026 -0.007634 -5.447401
v 10.619440 1.167685 -5.432370
v 10.634983 1.227892 -5.464337
v 12.030063 1.234512 -4.574807
v 12.067946 1.276443 -4.613335
v 12.011598 -0.010206 -4.626915
v 12.007062 1.174317 -4.557948
v -12.235360 0.051186 -4.707623
v -12.253053 1.169679 -4.733757
v -12.280151 1.229798 -4.737903
v -12.321393 1.271671 -4.765765
v -11.594331 0.025952 -5.355797
v -11.727074 1.197285 -5.346507
v -11.749488 1.257303 -5.371932
v -11.786581 1.298809 -5.419949
v -12.215511 1.183610 4.732240
v -12.245452 1.245478 4.730737
v -12.287613 1.288738 4.757205
v -11.607562 1.160730 5.294917
v -11.618694 1.221164 5.324589
v -11.665418 1.262727 5.370381
v -10.661145 1.177303 5.487737
v -10.661667 1.237686 5.522035
v -10.673686 1.279762 5.577780
v 11.978126 1.171111 4.641317
v 12.044036 1.273153 4.686090
v 12.001271 1.231305 4.657789
v 11.420597 1.172113 5.269970
v 11.480158 1.274334 5.342168
v 11.443190 1.232337 5.294948
v 10.627541 1.169075 5.485787
v 10.634569 1.229264 5.518543
v 10.636597 1.271181 5.574825
vt 0.720212 0.713232
vt 0.905700 0.078466
vt 0.905648 0.077252
vt 0.703391 0.532001
vt 0.918384 0.077116
vt 0.681612 0.532001
vt 0.720212 0.668119
vt 0.918409 0.078331
vt 0.720212 0.609351
vt 0.893516 0.078566
vt 0.720212 0.540126
vt 0.893331 0.077356
vt 0.720212 0.495726
vt 0.899385 0.077766
vt 0.720212 0.463552
vt 0.899477 0.078978
vt 0.720212 0.427201
vt 0.885132 0.081476
vt 0.720212 0.384724
vt 0.884790 0.080270
vt 0.879025 0.090325
vt 0.656004 0.532001
vt 0.878592 0.089179
vt 0.628519 0.532001
vt 0.600666 0.532001
vt 0.875740 0.105489
vt 0.875246 0.104545
vt 0.566825 0.532001
vt 0.874931 0.131575
vt 0.525802 0.532001
vt 0.874441 0.130919
vt 0.502494 0.532001
vt 0.874603 0.169974
vt 0.456818 0.751265
vt 0.874112 0.169379
vt 0.456818 0.707294
vt 0.874607 0.232062
vt 0.456818 0.664039
vt 0.874116 0.231485
vt 0.456818 0.605685
vt 0.874609 0.271949
vt 0.456818 0.536948
vt 0.874118 0.271526
vt 0.456818 0.492861
vt 0.874611 0.301476
vt 0.456818 0.460914
vt 0.874120 0.301199
vt 0.456818 0.424819
vt 0.874613 0.334504
vt 0.456818 0.382643
vt 0.720210 0.048514
vt 0.720210 0.004251
vt 0.874121 0.334375
vt 0.874616 0.371885
vt 0.686272 0.231514
vt 0.874124 0.371851
vt 0.720210 0.101328
vt 0.874618 0.409311
vt 0.720210 0.161188
vt 0.874126 0.409371
vt 0.720211 0.229321
vt 0.874620 0.442451
vt 0.720212 0.273722
vt 0.874127 0.442660
vt 0.720212 0.305896
vt 0.874622 0.472138
vt 0.720212 0.342146
vt 0.874129 0.472493
vt 0.659803 0.231514
vt 0.874625 0.512328
vt 0.623771 0.231514
vt 0.874131 0.512839
vt 0.588515 0.231514
vt 0.552550 0.231514
vt 0.874629 0.575089
vt 0.874135 0.575621
vt 0.520883 0.231514
vt 0.874797 0.618493
vt 0.493303 0.231514
vt 0.874303 0.619093
vt 0.463037 0.231514
vt 0.875901 0.640784
vt 0.456266 0.055906
vt 0.875403 0.641674
vt 0.456266 0.108838
vt 0.878223 0.661490
vt 0.456266 0.159598
vt 0.877785 0.662591
vt 0.456818 0.228336
vt 0.884975 0.669890
vt 0.456818 0.272423
vt 0.884629 0.671053
vt 0.456818 0.304370
vt 0.895441 0.669228
vt 0.456818 0.340364
vt 0.895257 0.670387
vt 0.141889 0.423278
vt 0.157344 0.427844
vt 0.146425 0.439199
vt 0.133669 0.428958
vt 0.043111 0.664722
vt 0.078153 0.456802
vt 0.088996 0.467587
vt 0.053538 0.487452
vt 0.045495 0.477730
vt 0.046407 0.492422
vt 0.605093 0.356654
vt 0.604621 0.356650
vt 0.037278 0.482281
vt 0.607971 0.356678
vt 0.115976 0.374602
vt 0.143869 0.366412
vt 0.162847 0.403271
vt 0.135892 0.405958
vt 0.602634 0.344793
vt 0.603784 0.346296
vt 0.607974 0.344682
vt 0.607713 0.346331
vt 0.040825 0.696954
vt 0.023430 0.697877
vt 0.603851 0.354972
vt 0.603366 0.354972
vt 0.604486 0.356398
vt 0.604957 0.356402
vt 0.107001 0.381003
vt 0.604455 0.355960
vt 0.024479 0.662801
vt 0.608567 0.355006
vt 0.608332 0.356431
vt 0.608305 0.355993
vt 0.124094 0.413948
vt 0.152989 0.705607
vt 0.166498 0.706415
vt 0.604137 0.351381
vt 0.608293 0.356681
vt 0.168609 0.759785
vt 0.607980 0.356428
vt 0.152053 0.734996
vt 0.608024 0.351414
vt 0.024176 0.450019
vt 0.604110 0.350988
vt 0.038864 0.451897
vt 0.607995 0.350937
vt 0.032657 0.726579
vt 0.601259 0.342995
vt 0.042702 0.461440
vt 0.033296 0.472322
vt 0.602418 0.344510
vt 0.608232 0.343048
vt 0.137985 0.574359
vt 0.019769 0.719174
vt 0.167421 0.775766
vt 0.152510 0.761115
vt 0.608846 0.353309
vt 0.608609 0.354748
vt 0.101781 0.746115
vt 0.602034 0.353277
vt 0.074726 0.448382
vt 0.603152 0.354701
vt 0.085502 0.459838
vt 0.082648 0.438935
vt 0.092926 0.465385
vt 0.090602 0.346739
vt 0.106371 0.337065
vt 0.601641 0.348156
vt 0.601840 0.353031
vt 0.608226 0.355002
vt 0.112569 0.367979
vt 0.100716 0.372221
vt 0.010937 0.419721
vt 0.036516 0.443369
vt 0.039076 0.451714
vt 0.021359 0.443351
vt 0.602787 0.349637
vt 0.602997 0.349907
vt 0.603645 0.354705
vt 0.608270 0.354745
vt 0.081060 0.337346
vt 0.092386 0.328748
vt 0.074213 0.413916
vt 0.603285 0.349641
vt 0.603494 0.349915
vt 0.602921 0.344514
vt 0.042072 0.372613
vt 0.603147 0.344815
vt 0.607627 0.344680
vt 0.126119 0.575126
vt 0.604577 0.350862
vt 0.604613 0.351385
vt 0.607712 0.351411
vt 0.607654 0.350929
vt 0.014316 0.401756
vt 0.602165 0.348170
vt 0.094115 0.553926
vt 0.607303 0.346327
vt 0.607914 0.355989
vt 0.604927 0.355964
vt 0.604265 0.346300
vt 0.045062 0.387188
vt 0.008635 0.409095
vt 0.101832 0.714340
vt 0.095161 0.712001
vt 0.140533 0.359933
vt 0.150608 0.554540
vt 0.601755 0.342965
vt 0.607789 0.343043
vt 0.608269 0.342815
vt 0.602542 0.353278
vt 0.602354 0.353035
vt 0.608487 0.353308
vt 0.608882 0.353091
vt 0.094993 0.743829
vt 0.078539 0.424399
vt 0.045363 0.626582
vt 0.150799 0.567273
vt 0.078541 0.424363
vt 0.991022 0.247691
vt 0.990929 0.198704
vt 0.990813 0.137920
vt 0.990707 0.082244
vt 0.990217 0.044686
vt 0.982403 0.013709
vt 0.971070 0.005602
vt 0.952491 0.005799
vt 0.940340 0.006012
vt 0.931941 0.006159
vt 0.918232 0.006305
vt 0.904523 0.006450
vt 0.896047 0.006481
vt 0.883972 0.006526
vt 0.865393 0.006723
vt 0.854072 0.015071
vt 0.846305 0.046214
vt 0.845871 0.083782
vt 0.845849 0.139461
vt 0.845826 0.200248
vt 0.845807 0.249237
vt 0.845792 0.287627
vt 0.845775 0.329626
vt 0.845759 0.372040
vt 0.845742 0.414511
vt 0.845726 0.456678
vt 0.845711 0.495320
vt 0.845691 0.544766
vt 0.845667 0.606336
vt 0.845645 0.662939
vt 0.846053 0.701235
vt 0.853884 0.732890
vt 0.865333 0.741186
vt 0.884128 0.740984
vt 0.896751 0.740760
vt 0.904918 0.740615
vt 0.918786 0.740466
vt 0.932655 0.740318
vt 0.942055 0.740283
vt 0.953444 0.740240
vt 0.547997 0.612934
vt 0.972239 0.740039
vt 0.983674 0.731498
vt 0.991457 0.699676
vt 0.642262 0.612934
vt 0.991808 0.661372
vt 0.991700 0.604772
vt 0.991583 0.543205
vt 0.536716 0.157786
vt 0.991489 0.493762
vt 0.991416 0.455121
vt 0.991336 0.412956
vt 0.639814 0.157786
vt 0.991255 0.370488
vt 0.991174 0.328076
vt 0.991095 0.286079
vt 0.962148 0.271349
vt 0.962090 0.231574
vt 0.962001 0.169659
vt 0.961480 0.126815
vt 0.960162 0.108646
vt 0.956306 0.088699
vt 0.941998 0.078833
vt 0.951048 0.081330
vt 0.936633 0.078711
vt 0.931103 0.078970
vt 0.905784 0.079239
vt 0.918443 0.079105
vt 0.899580 0.079754
vt 0.893656 0.079346
vt 0.885316 0.082415
vt 0.879290 0.091346
vt 0.876074 0.106285
vt 0.875286 0.132309
vt 0.874960 0.170584
vt 0.874964 0.232501
vt 0.874967 0.272278
vt 0.874969 0.301710
vt 0.874971 0.334637
vt 0.874974 0.371939
vt 0.874976 0.409285
vt 0.874979 0.442324
vt 0.874981 0.471913
vt 0.874983 0.511991
vt 0.874988 0.574578
vt 0.875156 0.617848
vt 0.876237 0.640082
vt 0.878491 0.660553
vt 0.895579 0.668544
vt 0.885161 0.669037
vt 0.900913 0.668413
vt 0.906112 0.668584
vt 0.933025 0.668295
vt 0.918889 0.668447
vt 0.938195 0.668423
vt 0.942750 0.668460
vt 0.952536 0.668473
vt 0.959490 0.660572
vt 0.961897 0.645893
vt 0.962380 0.617704
vt 0.962584 0.573641
vt 0.962494 0.511056
vt 0.962436 0.470979
vt 0.962393 0.441390
vt 0.962346 0.408352
vt 0.962292 0.371007
vt 0.962238 0.333706
vt 0.962190 0.300780
vt 0.349440 0.492861
vt 0.349440 0.536948
vt 0.349440 0.605685
vt 0.349440 0.664039
vt 0.349440 0.707294
vt 0.473638 0.612934
vt 0.349440 0.751265
vt 0.502494 0.612934
vt 0.525802 0.612934
vt 0.566825 0.612934
vt 0.600665 0.612934
vt 0.628519 0.612934
vt 0.656004 0.612934
vt 0.681612 0.612934
vt 0.827587 0.750381
vt 0.703391 0.612934
vt 0.827587 0.713232
vt 0.827587 0.668119
vt 0.827587 0.609351
vt 0.827587 0.540126
vt 0.827587 0.495726
vt 0.827587 0.463552
vt 0.827587 0.427201
vt 0.827587 0.384724
vt 0.827587 0.342146
vt 0.827587 0.305896
vt 0.827587 0.273722
vt 0.827587 0.229321
vt 0.827587 0.161188
vt 0.827587 0.101328
vt 0.827587 0.048514
vt 0.714446 0.157786
vt 0.827587 0.004251
vt 0.686272 0.157786
vt 0.659803 0.157786
vt 0.623771 0.157786
vt 0.588515 0.157786
vt 0.552550 0.157786
vt 0.520883 0.157786
vt 0.493303 0.157786
vt 0.348513 0.011059
vt 0.463037 0.157786
vt 0.348513 0.055906
vt 0.348513 0.108838
vt 0.348513 0.159598
vt 0.349440 0.228336
vt 0.349440 0.272423
vt 0.349440 0.304370
vt 0.349440 0.340364
vt 0.349440 0.382643
vt 0.349440 0.424819
vt 0.349440 0.460914
vt 0.936650 0.077934
vt 0.936699 0.076720
vt 0.931120 0.076981
vt 0.931118 0.078196
vt 0.942203 0.076837
vt 0.942068 0.078051
vt 0.951455 0.079173
vt 0.951162 0.080387
vt 0.956882 0.086514
vt 0.956500 0.087671
vt 0.960871 0.106897
vt 0.960426 0.107847
vt 0.962207 0.125398
vt 0.961767 0.126068
vt 0.962731 0.168437
vt 0.962289 0.169042
vt 0.962822 0.230541
vt 0.962379 0.231128
vt 0.962880 0.270581
vt 0.962437 0.271013
vt 0.962923 0.300252
vt 0.962480 0.300540
vt 0.962972 0.333427
vt 0.962527 0.333566
vt 0.963026 0.370902
vt 0.962582 0.370947
vt 0.963081 0.408422
vt 0.962636 0.408372
vt 0.963129 0.441710
vt 0.962684 0.441511
vt 0.963173 0.471541
vt 0.962727 0.471196
vt 0.963231 0.511886
vt 0.962785 0.511385
vt 0.963323 0.574667
vt 0.962876 0.574144
vt 0.963117 0.618933
vt 0.962671 0.618342
vt 0.962620 0.647486
vt 0.962167 0.646599
vt 0.960083 0.662599
vt 0.959692 0.661505
vt 0.952954 0.670476
vt 0.952654 0.669322
vt 0.938291 0.670259
vt 0.942961 0.670298
vt 0.942822 0.669143
vt 0.938233 0.669102
vt 0.933049 0.670129
vt 0.933043 0.668971
vt 0.918833 0.670282
vt 0.918856 0.669123
vt 0.456266 0.011059
vt 0.900710 0.670252
vt 0.714446 0.231514
vt 0.905977 0.670420
vt 0.720212 0.750381
vt 0.906028 0.669261
vt 0.473638 0.532001
vt 0.900805 0.669093
vt 0.067234 0.862938
vt 0.151162 0.861900
vt 0.150561 0.879971
vt 0.067473 0.880985
vt 0.084427 0.981259
vt 0.155923 0.980575
vt 0.156549 0.992832
vt 0.084588 0.993513
vt 0.062078 0.856947
vt 0.149443 0.855862
vt 0.154868 0.982780
vt 0.080206 0.983492
vt 0.154854 0.895613
vt 0.154209 0.911920
vt 0.070988 0.912803
vt 0.070784 0.897430
vt 0.065609 0.885050
vt 0.065923 0.903621
vt 0.153992 0.902681
vt 0.154011 0.885553
vt 0.080002 0.971298
vt 0.154478 0.970579
vt 0.148985 0.873701
vt 0.062378 0.874763
vt 0.150197 0.812661
vt 0.159417 0.808586
vt 0.009387 0.810525
vt 0.012894 0.813996
vt 0.012524 0.799532
vt 0.148597 0.797810
vt 0.148292 0.793772
vt 0.008384 0.795600
vt 0.151109 0.936144
vt 0.157316 0.930276
vt 0.034702 0.931560
vt 0.038400 0.937895
vt 0.038194 0.928357
vt 0.151275 0.926272
vt 0.150604 0.920076
vt 0.034020 0.921308
vt 0.128579 0.587614
vt 0.140761 0.587534
vt 0.025943 0.620670
vt 0.151674 0.671818
vt 0.164894 0.672056
vt 0.165725 0.700407
vt 0.152309 0.700066
vt 0.140153 0.774974
vt 0.157736 0.780196
vt 0.088038 0.762728
vt 0.011816 0.733929
vt 0.081566 0.760625
vt 0.003494 0.719497
vt 0.004122 0.711788
vt 0.007003 0.665278
vt 0.084503 0.660872
vt 0.139480 0.704458
vt 0.140763 0.722080
vt 0.138925 0.698887
vt 0.009431 0.625141
vt 0.010059 0.619308
vt 0.026324 0.614952
vt 0.045662 0.621182
vt 0.151072 0.666918
vt 0.164310 0.667520
vt 0.138591 0.668131
vt 0.137979 0.663228
vt 0.094491 0.566943
vt 0.015702 0.553263
vt 0.075109 0.552601
vt 0.075073 0.565658
vt 0.016287 0.566695
vt 0.093837 0.593510
vt 0.074494 0.592167
vt 0.075262 0.518283
vt 0.094355 0.519695
vt 0.084903 0.505487
vt 0.162423 0.595158
vt 0.149097 0.594246
vt 0.164211 0.568476
vt 0.016671 0.592715
vt 0.004088 0.591386
vt 0.003600 0.564888
vt 0.072403 0.612890
vt 0.015154 0.607526
vt 0.148500 0.612871
vt 0.090043 0.617582
vt 0.013883 0.504564
vt 0.014841 0.518183
vt 0.003010 0.551946
vt 0.002074 0.517686
vt 0.158018 0.504312
vt 0.151884 0.521010
vt 0.164890 0.555020
vt 0.166293 0.520776
vt 0.054069 0.411248
vt 0.058447 0.421309
vt 0.032424 0.277687
vt 0.004536 0.278744
vt 0.005815 0.253722
vt 0.031935 0.255867
vt 0.147591 0.270397
vt 0.122769 0.271989
vt 0.127934 0.233595
vt 0.146892 0.230035
vt 0.123008 0.299947
vt 0.079555 0.305234
vt 0.077966 0.272307
vt 0.073135 0.272962
vt 0.069665 0.307858
vt 0.030125 0.309721
vt 0.043894 0.449406
vt 0.046484 0.456284
vt 0.092248 0.428774
vt 0.090178 0.423105
vt 0.089931 0.422852
vt 0.085104 0.415739
vt 0.123251 0.326367
vt 0.115220 0.314038
vt 0.101776 0.664429
vt 0.083675 0.668502
vt 0.130514 0.206018
vt 0.148677 0.201228
vt 0.101548 0.401776
vt 0.037669 0.218457
vt 0.035176 0.251079
vt 0.008148 0.248189
vt 0.009869 0.215432
vt 0.041756 0.445726
vt 0.043897 0.449144
vt 0.054399 0.435497
vt 0.062464 0.066358
vt 0.152925 0.069573
vt 0.150051 0.084821
vt 0.060342 0.081669
vt 0.074953 0.176672
vt 0.147204 0.178695
vt 0.146375 0.188609
vt 0.073578 0.186590
vt 0.147186 0.101212
vt 0.144716 0.113772
vt 0.064014 0.111268
vt 0.065663 0.099366
vt 0.006093 0.023807
vt 0.007687 0.011310
vt 0.158227 0.016960
vt 0.158346 0.029811
vt 0.132967 0.139256
vt 0.006963 0.135967
vt 0.008082 0.127513
vt 0.134327 0.130544
vt 0.064480 0.414803
vt 0.078220 0.446272
vt 0.029400 0.442270
vt 0.040132 0.469282
vt 0.055073 0.429329
vt 0.017494 0.412302
vt 0.027491 0.437463
vt 0.053287 0.381406
vt 0.061992 0.409285
vt 0.103536 0.388950
vt 0.120825 0.372178
vt 0.140741 0.403533
vt 0.101522 0.339489
vt 0.117417 0.365555
vt 0.142989 0.415741
vt 0.156244 0.435381
vt 0.097235 0.326323
vt 0.081753 0.454726
vt 0.081902 0.461914
vt 0.049244 0.482843
vt 0.041027 0.487394
vt 0.129920 0.423846
vt 0.138140 0.418165
vt 0.081325 0.690179
vt 0.086033 0.646754
vt 0.103169 0.650525
vt 0.098882 0.693321
vt 0.101027 0.671905
vt 0.101776 0.664429
vt 0.084503 0.660872
vt 0.086033 0.646754
vt 0.103169 0.650525
vt 0.081325 0.690179
vt 0.083675 0.668502
vt 0.101027 0.671905
vt 0.098882 0.693321
vt 0.101776 0.664429
vt 0.084503 0.660872
vt 0.081325 0.690179
vt 0.083675 0.668502
vt 0.101027 0.671905
vt 0.098882 0.693321
vt 0.081325 0.690179
vt 0.083675 0.668502
vt 0.101027 0.671905
vt 0.098882 0.693321
vt 0.101776 0.664429
vt 0.084503 0.660872
vt 0.086033 0.646754
vt 0.103169 0.650525
vt 0.081325 0.690179
vt 0.083675 0.668502
vt 0.101027 0.671905
vt 0.098882 0.693321
vt 0.101776 0.664429
vt 0.084503 0.660872
vt 0.086033 0.646754
vt 0.103169 0.650525
vt 0.081325 0.690179
vt 0.083675 0.668502
vt 0.101027 0.671905
vt 0.098882 0.693321
vt 0.101776 0.664429
vt 0.084503 0.660872
vt 0.081325 0.690179
vt 0.083675 0.668502
vt 0.101027 0.671905
vt 0.098882 0.693321
vt 0.081325 0.690179
vt 0.083675 0.668502
vt 0.101027 0.671905
vt 0.098882 0.693321
vt 0.101776 0.664429
vt 0.084503 0.660872
vt 0.081325 0.690179
vt 0.083675 0.668502
vt 0.101027 0.671905
vt 0.098882 0.693321
vt 0.101776 0.664429
vt 0.084503 0.660872
vt 0.081325 0.690179
vt 0.083675 0.668502
vt 0.101027 0.671905
vt 0.098882 0.693321
vt 0.101776 0.664429
vt 0.084503 0.660872
vt 0.081325 0.690179
vt 0.083675 0.668502
vt 0.101027 0.671905
vt 0.098882 0.693321
vt 0.101776 0.664429
vt 0.084503 0.660872
vt 0.086033 0.646754
vt 0.103169 0.650525
vt 0.081325 0.690179
vt 0.083675 0.668502
vt 0.101027 0.671905
vt 0.098882 0.693321
vt 0.101776 0.664429
vt 0.084503 0.660872
vt 0.086033 0.646754
vt 0.103169 0.650525
vt 0.081325 0.690179
vt 0.083675 0.668502
vt 0.101027 0.671905
vt 0.098882 0.693321
vt 0.103185 0.647524
vt 0.085911 0.643967
vt 0.081325 0.690179
vt 0.083675 0.668502
vt 0.101027 0.671905
vt 0.098882 0.693321
vt 0.081325 0.690179
vt 0.085260 0.644378
vt 0.102612 0.647781
vt 0.098882 0.693321
vt 0.101776 0.664429
vt 0.084503 0.660872
vt 0.086033 0.646754
vt 0.103169 0.650525
vt 0.081325 0.690179
vt 0.083675 0.668502
vt 0.101027 0.671905
vt 0.098882 0.693321
vt 0.101776 0.664429
vt 0.084503 0.660872
vt 0.086033 0.646754
vt 0.103169 0.650525
vt 0.081325 0.690179
vt 0.083675 0.668502
vt 0.101027 0.671905
vt 0.098882 0.693321
vt 0.081325 0.690179
vt 0.083675 0.668502
vt 0.101027 0.671905
vt 0.098882 0.693321
vt 0.084503 0.660872
vt 0.101776 0.664429
vt 0.101776 0.664429
vt 0.084503 0.660872
vt 0.086033 0.646754
vt 0.103169 0.650525
vt 0.081325 0.690179
vt 0.083675 0.668502
vt 0.101027 0.671905
vt 0.098882 0.693321
vt 0.101776 0.664429
vt 0.084503 0.660872
vt 0.086033 0.646754
vt 0.103169 0.650525
vt 0.081325 0.690179
vt 0.083675 0.668502
vt 0.101027 0.671905
vt 0.098882 0.693321
vt 0.081325 0.690179
vt 0.083675 0.668502
vt 0.101027 0.671905
vt 0.098882 0.693321
vt 0.084503 0.660872
vt 0.101776 0.664429
vt 0.081325 0.690179
vt 0.083675 0.668502
vt 0.101027 0.671905
vt 0.098882 0.693321
vt 0.084503 0.660872
vt 0.101776 0.664429
vt 0.081325 0.690179
vt 0.083675 0.668502
vt 0.101027 0.671905
vt 0.098882 0.693321
vt 0.084503 0.660872
vt 0.101776 0.664429
vt 0.081325 0.690179
vt 0.083675 0.668502
vt 0.101027 0.671905
vt 0.098882 0.693321
vt 0.084503 0.660872
vt 0.101776 0.664429
vt 0.101776 0.664429
vt 0.084503 0.660872
vt 0.086033 0.646754
vt 0.103169 0.650525
vt 0.081325 0.690179
vt 0.083675 0.668502
vt 0.101027 0.671905
vt 0.098882 0.693321
vt 0.101776 0.664429
vt 0.084503 0.660872
vt 0.086033 0.646754
vt 0.103169 0.650525
vt 0.081325 0.690179
vt 0.083675 0.668502
vt 0.101027 0.671905
vt 0.098882 0.693321
vt 0.081325 0.690179
vt 0.083675 0.668502
vt 0.101027 0.671905
vt 0.098882 0.693321
vt 0.081325 0.690179
vt 0.083675 0.668502
vt 0.101027 0.671905
vt 0.098882 0.693321
vt 0.081325 0.690179
vt 0.083675 0.668502
vt 0.101027 0.671905
vt 0.098882 0.693321
vt 0.084503 0.660872
vt 0.101776 0.664429
vt 0.081325 0.690179
vt 0.083675 0.668502
vt 0.101027 0.671905
vt 0.098882 0.693321
vt 0.084503 0.660872
vt 0.101776 0.664429
vt 0.081325 0.690179
vt 0.083675 0.668502
vt 0.101027 0.671905
vt 0.098882 0.693321
vt 0.084503 0.660872
vt 0.101776 0.664429
vt 0.081325 0.690179
vt 0.083675 0.668502
vt 0.101027 0.671905
vt 0.098882 0.693321
vt 0.084503 0.660872
vt 0.101776 0.664429
vt 0.083675 0.668502
vt 0.101027 0.671905
vt 0.084503 0.660872
vt 0.101776 0.664429
vt 0.081325 0.690179
vt 0.083675 0.668502
vt 0.101027 0.671905
vt 0.098882 0.693321
vt 0.084503 0.660872
vt 0.101776 0.664429
vt 0.081325 0.690179
vt 0.083675 0.668502
vt 0.101027 0.671905
vt 0.098882 0.693321
vt 0.084503 0.660872
vt 0.101776 0.664429
vt 0.081325 0.690179
vt 0.083675 0.668502
vt 0.101027 0.671905
vt 0.098882 0.693321
vt 0.084503 0.660872
vt 0.101776 0.664429
vt 0.081325 0.690179
vt 0.083675 0.668502
vt 0.101027 0.671905
vt 0.098882 0.693321
vt 0.081325 0.690179
vt 0.083675 0.668502
vt 0.101027 0.671905
vt 0.098882 0.693321
vt 0.084503 0.660872
vt 0.101776 0.664429
vt 0.081325 0.690179
vt 0.083675 0.668502
vt 0.101027 0.671905
vt 0.098882 0.693321
vt 0.084503 0.660872
vt 0.101776 0.664429
vt 0.081325 0.690179
vt 0.083675 0.668502
vt 0.101027 0.671905
vt 0.098882 0.693321
vt 0.084503 0.660872
vt 0.101776 0.664429
vt 0.081325 0.690179
vt 0.083675 0.668502
vt 0.101027 0.671905
vt 0.098882 0.693321
vt 0.084503 0.660872
vt 0.101776 0.664429
vt 0.084503 0.660872
vt 0.101776 0.664429
vt 0.101027 0.671905
vt 0.083675 0.668502
vt 0.081325 0.690179
vt 0.083675 0.668502
vt 0.101027 0.671905
vt 0.098882 0.693321
vt 0.084503 0.660872
vt 0.101776 0.664429
vt 0.081325 0.690179
vt 0.083675 0.668502
vt 0.101027 0.671905
vt 0.098882 0.693321
vt 0.084503 0.660872
vt 0.101776 0.664429
vt 0.081325 0.690179
vt 0.083675 0.668502
vt 0.101027 0.671905
vt 0.098882 0.693321
vt 0.084503 0.660872
vt 0.101776 0.664429
vt 0.081325 0.690179
vt 0.083675 0.668502
vt 0.101027 0.671905
vt 0.098882 0.693321
vt 0.081325 0.690179
vt 0.083675 0.668502
vt 0.101027 0.671905
vt 0.098882 0.693321
vt 0.084503 0.660872
vt 0.101776 0.664429
vt 0.081325 0.690179
vt 0.083675 0.668502
vt 0.101027 0.671905
vt 0.098882 0.693321
vt 0.084503 0.660872
vt 0.101776 0.664429
vt 0.101776 0.664429
vt 0.084503 0.660872
vt 0.086033 0.646754
vt 0.103169 0.650525
vt 0.081325 0.690179
vt 0.083675 0.668502
vt 0.101027 0.671905
vt 0.098882 0.693321
vt 0.101776 0.664429
vt 0.084503 0.660872
vt 0.086033 0.646754
vt 0.103169 0.650525
vt 0.081325 0.690179
vt 0.083675 0.668502
vt 0.101027 0.671905
vt 0.098882 0.693321
vt 0.101776 0.664429
vt 0.084503 0.660872
vt 0.086033 0.646754
vt 0.103169 0.650525
vt 0.081325 0.690179
vt 0.083675 0.668502
vt 0.101027 0.671905
vt 0.098882 0.693321
vt 0.101776 0.664429
vt 0.084503 0.660872
vt 0.081325 0.690179
vt 0.083675 0.668502
vt 0.101027 0.671905
vt 0.098882 0.693321
vt 0.101776 0.664429
vt 0.084503 0.660872
vt 0.086033 0.646754
vt 0.103169 0.650525
vt 0.081325 0.690179
vt 0.083675 0.668502
vt 0.101027 0.671905
vt 0.098882 0.693321
vt 0.101776 0.664429
vt 0.084503 0.660872
vt 0.086033 0.646754
vt 0.103169 0.650525
vt 0.081325 0.690179
vt 0.083675 0.668502
vt 0.101027 0.671905
vt 0.098882 0.693321
vt 0.101776 0.664429
vt 0.084503 0.660872
vt 0.086033 0.646754
vt 0.103169 0.650525
vt 0.081325 0.690179
vt 0.083675 0.668502
vt 0.101027 0.671905
vt 0.098882 0.693321
vt 0.101776 0.664429
vt 0.084503 0.660872
vt 0.086033 0.646754
vt 0.103169 0.650525
vt 0.081325 0.690179
vt 0.083675 0.668502
vt 0.101027 0.671905
vt 0.098882 0.693321
vt 0.101776 0.664429
vt 0.084503 0.660872
vt 0.086033 0.646754
vt 0.103169 0.650525
vt 0.081325 0.690179
vt 0.083675 0.668502
vt 0.101027 0.671905
vt 0.098882 0.693321
vt 0.081325 0.690179
vt 0.083675 0.668502
vt 0.101027 0.671905
vt 0.098882 0.693321
vt 0.084503 0.660872
vt 0.101776 0.664429
vt 0.101776 0.664429
vt 0.084503 0.660872
vt 0.086033 0.646754
vt 0.103169 0.650525
vt 0.081325 0.690179
vt 0.083675 0.668502
vt 0.101027 0.671905
vt 0.098882 0.693321
vt 0.101776 0.664429
vt 0.084503 0.660872
vt 0.086033 0.646754
vt 0.103169 0.650525
vt 0.081325 0.690179
vt 0.083675 0.668502
vt 0.101027 0.671905
vt 0.098882 0.693321
vt 0.101776 0.664429
vt 0.084503 0.660872
vt 0.086033 0.646754
vt 0.103169 0.650525
vt 0.081325 0.690179
vt 0.083675 0.668502
vt 0.101027 0.671905
vt 0.098882 0.693321
vt 0.081325 0.690179
vt 0.083675 0.668502
vt 0.101027 0.671905
vt 0.098882 0.693321
vt 0.084503 0.660872
vt 0.101776 0.664429
vt 0.101776 0.664429
vt 0.084503 0.660872
vt 0.086033 0.646754
vt 0.103169 0.650525
vt 0.081325 0.690179
vt 0.083675 0.668502
vt 0.101027 0.671905
vt 0.098882 0.693321
vt 0.101776 0.664429
vt 0.084503 0.660872
vt 0.086033 0.646754
vt 0.103169 0.650525
vt 0.081325 0.690179
vt 0.083675 0.668502
vt 0.101027 0.671905
vt 0.098882 0.693321
vt 0.101776 0.664429
vt 0.084503 0.660872
vt 0.086033 0.646754
vt 0.103169 0.650525
vt 0.081325 0.690179
vt 0.083675 0.668502
vt 0.101027 0.671905
vt 0.098882 0.693321
vt 0.101776 0.664429
vt 0.084503 0.660872
vt 0.086033 0.646754
vt 0.103169 0.650525
vt 0.081325 0.690179
vt 0.083675 0.668502
vt 0.101027 0.671905
vt 0.098882 0.693321
vt 0.101776 0.664429
vt 0.084503 0.660872
vt 0.086033 0.646754
vt 0.103169 0.650525
vt 0.081325 0.690179
vt 0.083675 0.668502
vt 0.101027 0.671905
vt 0.098882 0.693321
vt 0.089393 0.691623
vt 0.089245 0.691596
vt 0.089468 0.691636
vt 0.089004 0.691553
vt 0.093628 0.646019
vt 0.089464 0.691636
vt 0.088644 0.691489
vt 0.088690 0.691497
vt 0.089254 0.691598
vt 0.088268 0.691422
vt 0.093638 0.648428
vt 0.141889 0.423278
vt 0.156244 0.435381
vt 0.146425 0.439199
vt 0.133669 0.428958
vt 0.062464 0.066358
vt 0.152925 0.069573
vt 0.150051 0.084821
vt 0.060342 0.081669
vt 0.081902 0.461914
vt 0.088996 0.467587
vt 0.053538 0.487452
vt 0.049244 0.482843
vt 0.046407 0.492422
vt 0.041027 0.487394
vt 0.074953 0.176672
vt 0.147204 0.178695
vt 0.146375 0.188609
vt 0.073578 0.186590
vt 0.120825 0.372178
vt 0.143869 0.366412
vt 0.162847 0.403271
vt 0.140741 0.403533
vt 0.107001 0.381003
vt 0.115976 0.374602
vt 0.135892 0.405958
vt 0.124094 0.413948
vt 0.043111 0.664722
vt 0.040825 0.696954
vt 0.023430 0.697877
vt 0.024479 0.662801
vt 0.603851 0.354972
vt 0.603366 0.354972
vt 0.604486 0.356398
vt 0.604957 0.356402
vt 0.024176 0.450019
vt 0.029400 0.442270
vt 0.040132 0.469282
vt 0.033296 0.472322
vt 0.152989 0.705607
vt 0.166498 0.706415
vt 0.168609 0.759785
vt 0.152053 0.734996
vt 0.157344 0.427844
vt 0.142989 0.415741
vt 0.138140 0.418165
vt 0.129920 0.423846
vt 0.062078 0.856947
vt 0.149443 0.855862
vt 0.151162 0.861900
vt 0.067234 0.862938
vt 0.032657 0.726579
vt 0.019769 0.719174
vt 0.074726 0.448382
vt 0.078153 0.456802
vt 0.045495 0.477730
vt 0.604621 0.356650
vt 0.605093 0.356654
vt 0.037278 0.482281
vt 0.167421 0.775766
vt 0.152510 0.761115
vt 0.154868 0.982780
vt 0.080206 0.983492
vt 0.084588 0.993513
vt 0.156549 0.992832
vt 0.101781 0.746115
vt 0.101832 0.714340
vt 0.081753 0.454726
vt 0.078220 0.446272
vt 0.092926 0.465385
vt 0.085502 0.459838
vt 0.095161 0.712001
vt 0.094993 0.743829
vt 0.090602 0.346739
vt 0.101522 0.339489
vt 0.112569 0.367979
vt 0.100716 0.372221
vt 0.045363 0.626582
vt 0.025943 0.620670
vt 0.151674 0.671818
vt 0.164894 0.672056
vt 0.165725 0.700407
vt 0.152309 0.700066
vt 0.010937 0.419721
vt 0.017494 0.412302
vt 0.027491 0.437463
vt 0.021359 0.443351
vt 0.081060 0.337346
vt 0.092386 0.328748
vt 0.053287 0.381406
vt 0.042072 0.372613
vt 0.014316 0.401756
vt 0.045062 0.387188
vt 0.008635 0.409095
vt 0.608567 0.355006
vt 0.608226 0.355002
vt 0.607980 0.356428
vt 0.608332 0.356431
vt 0.607971 0.356678
vt 0.608293 0.356681
vt 0.140153 0.774974
vt 0.157736 0.780196
vt 0.088038 0.762728
vt 0.011816 0.733929
vt 0.081566 0.760625
vt 0.003494 0.719497
vt 0.004122 0.711788
vt 0.007003 0.665278
vt 0.117417 0.365555
vt 0.140533 0.359933
vt 0.608609 0.354748
vt 0.608270 0.354745
vt 0.061992 0.409285
vt 0.054069 0.411248
vt 0.058447 0.421309
vt 0.064480 0.414803
vt 0.147186 0.101212
vt 0.144716 0.113772
vt 0.064014 0.111268
vt 0.065663 0.099366
vt 0.065609 0.885050
vt 0.065923 0.903621
vt 0.153992 0.902681
vt 0.154011 0.885553
vt 0.075073 0.565658
vt 0.094491 0.566943
vt 0.093837 0.593510
vt 0.074494 0.592167
vt 0.075262 0.518283
vt 0.094355 0.519695
vt 0.094115 0.553926
vt 0.075109 0.552601
vt 0.084903 0.505487
vt 0.607974 0.344682
vt 0.607627 0.344680
vt 0.607303 0.346327
vt 0.607713 0.346331
vt 0.607654 0.350929
vt 0.607995 0.350937
vt 0.607712 0.351411
vt 0.608024 0.351414
vt 0.607914 0.355989
vt 0.608305 0.355993
vt 0.139480 0.704458
vt 0.140763 0.722080
vt 0.138925 0.698887
vt 0.032424 0.277687
vt 0.004536 0.278744
vt 0.005815 0.253722
vt 0.031935 0.255867
vt 0.080002 0.971298
vt 0.154478 0.970579
vt 0.162423 0.595158
vt 0.149097 0.594246
vt 0.150799 0.567273
vt 0.164211 0.568476
vt 0.016671 0.592715
vt 0.004088 0.591386
vt 0.003600 0.564888
vt 0.016287 0.566695
vt 0.148985 0.873701
vt 0.062378 0.874763
vt 0.147591 0.270397
vt 0.122769 0.271989
vt 0.127934 0.233595
vt 0.146892 0.230035
vt 0.067473 0.880985
vt 0.150561 0.879971
vt 0.072403 0.612890
vt 0.015154 0.607526
vt 0.154854 0.895613
vt 0.070784 0.897430
vt 0.123008 0.299947
vt 0.079555 0.305234
vt 0.077966 0.272307
vt 0.073135 0.272962
vt 0.069665 0.307858
vt 0.030125 0.309721
vt 0.155923 0.980575
vt 0.084427 0.981259
vt 0.148500 0.612871
vt 0.090043 0.617582
vt 0.070988 0.912803
vt 0.154209 0.911920
vt 0.604137 0.351381
vt 0.604613 0.351385
vt 0.603494 0.349915
vt 0.602997 0.349907
vt 0.604455 0.355960
vt 0.604927 0.355964
vt 0.046484 0.456284
vt 0.042702 0.461440
vt 0.038864 0.451897
vt 0.043894 0.449406
vt 0.602787 0.349637
vt 0.603285 0.349641
vt 0.602165 0.348170
vt 0.601641 0.348156
vt 0.603784 0.346296
vt 0.604265 0.346300
vt 0.603147 0.344815
vt 0.602634 0.344793
vt 0.604110 0.350988
vt 0.604577 0.350862
vt 0.092248 0.428774
vt 0.082648 0.438935
vt 0.078539 0.424399
vt 0.090178 0.423105
vt 0.089931 0.422852
vt 0.078541 0.424363
vt 0.074213 0.413916
vt 0.085104 0.415739
vt 0.106371 0.337065
vt 0.123251 0.326367
vt 0.009431 0.625141
vt 0.010059 0.619308
vt 0.026324 0.614952
vt 0.097235 0.326323
vt 0.115220 0.314038
vt 0.013883 0.504564
vt 0.014841 0.518183
vt 0.150197 0.812661
vt 0.159417 0.808586
vt 0.009387 0.810525
vt 0.012894 0.813996
vt 0.045662 0.621182
vt 0.608269 0.342815
vt 0.607789 0.343043
vt 0.608232 0.343048
vt 0.006093 0.023807
vt 0.007687 0.011310
vt 0.158227 0.016960
vt 0.158346 0.029811
vt 0.015702 0.553263
vt 0.003010 0.551946
vt 0.002074 0.517686
vt 0.130514 0.206018
vt 0.148677 0.201228
vt 0.602418 0.344510
vt 0.602921 0.344514
vt 0.601755 0.342965
vt 0.601259 0.342995
vt 0.103536 0.388950
vt 0.101548 0.401776
vt 0.148292 0.793772
vt 0.148597 0.797810
vt 0.012524 0.799532
vt 0.008384 0.795600
vt 0.602542 0.353278
vt 0.602034 0.353277
vt 0.603152 0.354701
vt 0.603645 0.354705
vt 0.602354 0.353035
vt 0.601840 0.353031
vt 0.151109 0.936144
vt 0.157316 0.930276
vt 0.034702 0.931560
vt 0.038400 0.937895
vt 0.151072 0.666918
vt 0.164310 0.667520
vt 0.138591 0.668131
vt 0.137979 0.663228
vt 0.158018 0.504312
vt 0.151884 0.521010
vt 0.608882 0.353091
vt 0.608487 0.353308
vt 0.608846 0.353309
vt 0.132967 0.139256
vt 0.006963 0.135967
vt 0.008082 0.127513
vt 0.134327 0.130544
vt 0.164890 0.555020
vt 0.150608 0.554540
vt 0.166293 0.520776
vt 0.037669 0.218457
vt 0.035176 0.251079
vt 0.008148 0.248189
vt 0.009869 0.215432
vt 0.041756 0.445726
vt 0.043897 0.449144
vt 0.039076 0.451714
vt 0.036516 0.443369
vt 0.054399 0.435497
vt 0.055073 0.429329
vt 0.150604 0.920076
vt 0.151275 0.926272
vt 0.038194 0.928357
vt 0.034020 0.921308
vt 0.101776 0.664429
vt 0.084503 0.660872
vt 0.086033 0.646754
vt 0.103169 0.650525
vt 0.081325 0.690179
vt 0.083675 0.668502
vt 0.101027 0.671905
vt 0.098882 0.693321
vt 0.140761 0.587534
vt 0.128579 0.587614
vt 0.126119 0.575126
vt 0.137985 0.574359
vt 0.101776 0.664429
vt 0.084503 0.660872
vt 0.086033 0.646754
vt 0.103169 0.650525
vt 0.101776 0.664429
vt 0.084503 0.660872
vt 0.086033 0.646754
vt 0.103169 0.650525
vt 0.081325 0.690179
vt 0.083675 0.668502
vt 0.101027 0.671905
vt 0.098882 0.693321
vt 0.101776 0.664429
vt 0.084503 0.660872
vt 0.086033 0.646754
vt 0.103169 0.650525
vt 0.081325 0.690179
vt 0.083675 0.668502
vt 0.101027 0.671905
vt 0.098882 0.693321
vt 0.081325 0.690179
vt 0.083675 0.668502
vt 0.101027 0.671905
vt 0.098882 0.693321
vt 0.084503 0.660872
vt 0.101776 0.664429
vt 0.081325 0.690179
vt 0.083675 0.668502
vt 0.101027 0.671905
vt 0.098882 0.693321
vt 0.081325 0.690179
vt 0.083675 0.668502
vt 0.101027 0.671905
vt 0.098882 0.693321
vt 0.084503 0.660872
vt 0.101776 0.664429
vt 0.081325 0.690179
vt 0.083675 0.668502
vt 0.101027 0.671905
vt 0.098882 0.693321
vt 0.084503 0.660872
vt 0.101776 0.664429
vt 0.081325 0.690179
vt 0.083675 0.668502
vt 0.101027 0.671905
vt 0.098882 0.693321
vt 0.084503 0.660872
vt 0.101776 0.664429
vt 0.101776 0.664429
vt 0.084503 0.660872
vt 0.086033 0.646754
vt 0.103169 0.650525
vt 0.081325 0.690179
vt 0.083675 0.668502
vt 0.101027 0.671905
vt 0.098882 0.693321
vt 0.081325 0.690179
vt 0.083675 0.668502
vt 0.101027 0.671905
vt 0.098882 0.693321
vt 0.081325 0.690179
vt 0.083675 0.668502
vt 0.101027 0.671905
vt 0.098882 0.693321
vt 0.085911 0.643967
vt 0.103185 0.647524
vt 0.101776 0.664429
vt 0.084503 0.660872
vt 0.086033 0.646754
vt 0.103169 0.650525
vt 0.081325 0.690179
vt 0.083675 0.668502
vt 0.101027 0.671905
vt 0.098882 0.693321
vt 0.101776 0.664429
vt 0.084503 0.660872
vt 0.086033 0.646754
vt 0.103169 0.650525
vt 0.081325 0.690179
vt 0.083675 0.668502
vt 0.101027 0.671905
vt 0.098882 0.693321
vt 0.081325 0.690179
vt 0.083675 0.668502
vt 0.101027 0.671905
vt 0.098882 0.693321
vt 0.084503 0.660872
vt 0.101776 0.664429
vt 0.101776 0.664429
vt 0.084503 0.660872
vt 0.086033 0.646754
vt 0.103169 0.650525
vt 0.081325 0.690179
vt 0.083675 0.668502
vt 0.101027 0.671905
vt 0.098882 0.693321
vt 0.101776 0.664429
vt 0.084503 0.660872
vt 0.086033 0.646754
vt 0.103169 0.650525
vt 0.081325 0.690179
vt 0.083675 0.668502
vt 0.101027 0.671905
vt 0.098882 0.693321
vt 0.081325 0.690179
vt 0.083675 0.668502
vt 0.101027 0.671905
vt 0.098882 0.693321
vt 0.084503 0.660872
vt 0.101776 0.664429
vt 0.081325 0.690179
vt 0.083675 0.668502
vt 0.101027 0.671905
vt 0.098882 0.693321
vt 0.084503 0.660872
vt 0.101776 0.664429
vt 0.081325 0.690179
vt 0.083675 0.668502
vt 0.101027 0.671905
vt 0.098882 0.693321
vt 0.084503 0.660872
vt 0.101776 0.664429
vt 0.081325 0.690179
vt 0.083675 0.668502
vt 0.101027 0.671905
vt 0.098882 0.693321
vt 0.084503 0.660872
vt 0.101776 0.664429
vt 0.101776 0.664429
vt 0.084503 0.660872
vt 0.086033 0.646754
vt 0.103169 0.650525
vt 0.081325 0.690179
vt 0.083675 0.668502
vt 0.101027 0.671905
vt 0.098882 0.693321
vt 0.101776 0.664429
vt 0.084503 0.660872
vt 0.086033 0.646754
vt 0.103169 0.650525
vt 0.081325 0.690179
vt 0.083675 0.668502
vt 0.101027 0.671905
vt 0.098882 0.693321
vt 0.081325 0.690179
vt 0.083675 0.668502
vt 0.101027 0.671905
vt 0.098882 0.693321
vt 0.081325 0.690179
vt 0.083675 0.668502
vt 0.101027 0.671905
vt 0.098882 0.693321
vt 0.081325 0.690179
vt 0.083675 0.668502
vt 0.101027 0.671905
vt 0.098882 0.693321
vt 0.084503 0.660872
vt 0.101776 0.664429
vt 0.081325 0.690179
vt 0.083675 0.668502
vt 0.101027 0.671905
vt 0.098882 0.693321
vt 0.084503 0.660872
vt 0.101776 0.664429
vt 0.081325 0.690179
vt 0.083675 0.668502
vt 0.101027 0.671905
vt 0.098882 0.693321
vt 0.084503 0.660872
vt 0.101776 0.664429
vt 0.081325 0.690179
vt 0.083675 0.668502
vt 0.101027 0.671905
vt 0.098882 0.693321
vt 0.084503 0.660872
vt 0.101776 0.664429
vt 0.084503 0.660872
vt 0.101776 0.664429
vt 0.101027 0.671905
vt 0.083675 0.668502
vt 0.081325 0.690179
vt 0.083675 0.668502
vt 0.101027 0.671905
vt 0.098882 0.693321
vt 0.084503 0.660872
vt 0.101776 0.664429
vt 0.081325 0.690179
vt 0.083675 0.668502
vt 0.101027 0.671905
vt 0.098882 0.693321
vt 0.084503 0.660872
vt 0.101776 0.664429
vt 0.081325 0.690179
vt 0.083675 0.668502
vt 0.101027 0.671905
vt 0.098882 0.693321
vt 0.084503 0.660872
vt 0.101776 0.664429
vt 0.081325 0.690179
vt 0.083675 0.668502
vt 0.101027 0.671905
vt 0.098882 0.693321
vt 0.081325 0.690179
vt 0.083675 0.668502
vt 0.101027 0.671905
vt 0.098882 0.693321
vt 0.084503 0.660872
vt 0.101776 0.664429
vt 0.081325 0.690179
vt 0.083675 0.668502
vt 0.101027 0.671905
vt 0.098882 0.693321
vt 0.084503 0.660872
vt 0.101776 0.664429
vt 0.081325 0.690179
vt 0.083675 0.668502
vt 0.101027 0.671905
vt 0.098882 0.693321
vt 0.084503 0.660872
vt 0.101776 0.664429
vt 0.081325 0.690179
vt 0.083675 0.668502
vt 0.101027 0.671905
vt 0.098882 0.693321
vt 0.084503 0.660872
vt 0.101776 0.664429
vt 0.084503 0.660872
vt 0.101776 0.664429
vt 0.101027 0.671905
vt 0.083675 0.668502
vt 0.081325 0.690179
vt 0.083675 0.668502
vt 0.101027 0.671905
vt 0.098882 0.693321
vt 0.084503 0.660872
vt 0.101776 0.664429
vt 0.081325 0.690179
vt 0.083675 0.668502
vt 0.101027 0.671905
vt 0.098882 0.693321
vt 0.084503 0.660872
vt 0.101776 0.664429
vt 0.081325 0.690179
vt 0.083675 0.668502
vt 0.101027 0.671905
vt 0.098882 0.693321
vt 0.084503 0.660872
vt 0.101776 0.664429
vt 0.081325 0.690179
vt 0.083675 0.668502
vt 0.101027 0.671905
vt 0.098882 0.693321
vt 0.081325 0.690179
vt 0.083675 0.668502
vt 0.101027 0.671905
vt 0.098882 0.693321
vt 0.084503 0.660872
vt 0.101776 0.664429
vt 0.101776 0.664429
vt 0.084503 0.660872
vt 0.086033 0.646754
vt 0.103169 0.650525
vt 0.081325 0.690179
vt 0.083675 0.668502
vt 0.101027 0.671905
vt 0.098882 0.693321
vt 0.101776 0.664429
vt 0.084503 0.660872
vt 0.086033 0.646754
vt 0.103169 0.650525
vt 0.081325 0.690179
vt 0.083675 0.668502
vt 0.101027 0.671905
vt 0.098882 0.693321
vt 0.081325 0.690179
vt 0.083675 0.668502
vt 0.101027 0.671905
vt 0.098882 0.693321
vt 0.084503 0.660872
vt 0.101776 0.664429
vt 0.101776 0.664429
vt 0.084503 0.660872
vt 0.086033 0.646754
vt 0.103169 0.650525
vt 0.081325 0.690179
vt 0.083675 0.668502
vt 0.101027 0.671905
vt 0.098882 0.693321
vt 0.101776 0.664429
vt 0.084503 0.660872
vt 0.086033 0.646754
vt 0.103169 0.650525
vt 0.081325 0.690179
vt 0.083675 0.668502
vt 0.101027 0.671905
vt 0.098882 0.693321
vt 0.101776 0.664429
vt 0.084503 0.660872
vt 0.086033 0.646754
vt 0.103169 0.650525
vt 0.081325 0.690179
vt 0.083675 0.668502
vt 0.101027 0.671905
vt 0.098882 0.693321
vt 0.101776 0.664429
vt 0.084503 0.660872
vt 0.086033 0.646754
vt 0.103169 0.650525
vt 0.081325 0.690179
vt 0.083675 0.668502
vt 0.101027 0.671905
vt 0.098882 0.693321
vt 0.101776 0.664429
vt 0.084503 0.660872
vt 0.086033 0.646754
vt 0.103169 0.650525
vt 0.101776 0.664429
vt 0.084503 0.660872
vt 0.086033 0.646754
vt 0.103169 0.650525
vt 0.081325 0.690179
vt 0.083675 0.668502
vt 0.101027 0.671905
vt 0.098882 0.693321
vt 0.101776 0.664429
vt 0.084503 0.660872
vt 0.086033 0.646754
vt 0.103169 0.650525
vt 0.081325 0.690179
vt 0.083675 0.668502
vt 0.101027 0.671905
vt 0.098882 0.693321
vt 0.081325 0.690179
vt 0.083675 0.668502
vt 0.101027 0.671905
vt 0.098882 0.693321
vt 0.084503 0.660872
vt 0.101776 0.664429
vt 0.101776 0.664429
vt 0.084503 0.660872
vt 0.086033 0.646754
vt 0.103169 0.650525
vt 0.081325 0.690179
vt 0.083675 0.668502
vt 0.101027 0.671905
vt 0.098882 0.693321
vt 0.101776 0.664429
vt 0.084503 0.660872
vt 0.086033 0.646754
vt 0.103169 0.650525
vt 0.081325 0.690179
vt 0.083675 0.668502
vt 0.101027 0.671905
vt 0.098882 0.693321
vt 0.101776 0.664429
vt 0.084503 0.660872
vt 0.086033 0.646754
vt 0.103169 0.650525
vt 0.081325 0.690179
vt 0.083675 0.668502
vt 0.101027 0.671905
vt 0.098882 0.693321
vt 0.101776 0.664429
vt 0.084503 0.660872
vt 0.086033 0.646754
vt 0.103169 0.650525
vt 0.081325 0.690179
vt 0.083675 0.668502
vt 0.101027 0.671905
vt 0.098882 0.693321
vt 0.103169 0.650525
vt 0.101776 0.664429
vt 0.084503 0.660872
vt 0.086033 0.646754
vt 0.083675 0.668502
vt 0.089393 0.691623
vt 0.081325 0.690179
vt 0.101027 0.671905
vt 0.098882 0.693321
vt 0.083675 0.668502
vt 0.089245 0.691596
vt 0.081325 0.690179
vt 0.084503 0.660872
vt 0.101776 0.664429
vt 0.101027 0.671905
vt 0.098882 0.693321
vt 0.083675 0.668502
vt 0.089468 0.691636
vt 0.081325 0.690179
vt 0.084503 0.660872
vt 0.101776 0.664429
vt 0.101027 0.671905
vt 0.098882 0.693321
vt 0.103169 0.650525
vt 0.101776 0.664429
vt 0.084503 0.660872
vt 0.086033 0.646754
vt 0.083675 0.668502
vt 0.089004 0.691553
vt 0.081325 0.690179
vt 0.101027 0.671905
vt 0.098882 0.693321
vt 0.098882 0.693321
vt 0.081325 0.690179
vt 0.085260 0.644378
vt 0.093628 0.646019
vt 0.102612 0.647781
vt 0.081325 0.690179
vt 0.083675 0.668502
vt 0.101027 0.671905
vt 0.089464 0.691636
vt 0.098882 0.693321
vt 0.081325 0.690179
vt 0.083675 0.668502
vt 0.101027 0.671905
vt 0.088644 0.691489
vt 0.098882 0.693321
vt 0.103169 0.650525
vt 0.101776 0.664429
vt 0.084503 0.660872
vt 0.086033 0.646754
vt 0.083675 0.668502
vt 0.088690 0.691497
vt 0.081325 0.690179
vt 0.101027 0.671905
vt 0.098882 0.693321
vt 0.081325 0.690179
vt 0.083675 0.668502
vt 0.101027 0.671905
vt 0.089254 0.691598
vt 0.098882 0.693321
vt 0.081325 0.690179
vt 0.083675 0.668502
vt 0.101027 0.671905
vt 0.088268 0.691422
vt 0.084503 0.660872
vt 0.101776 0.664429
vt 0.098882 0.693321
vt 0.084503 0.660872
vt 0.093638 0.648428
vt 0.103169 0.650525
vt 0.101776 0.664429
vt 0.086033 0.646754
vt 0.349440 0.730170
vt 0.958436 0.097620
vt 0.958776 0.096194
vt 0.958156 0.098268
vt 0.456818 0.727780
vt 0.961503 0.115656
vt 0.349440 0.686871
vt 0.456818 0.683057
vt 0.961058 0.116443
vt 0.960784 0.117225
vt 0.954303 0.083026
vt 0.953992 0.084249
vt 0.487138 0.612934
vt 0.486810 0.532001
vt 0.953846 0.085251
vt 0.478626 0.157786
vt 0.478651 0.231514
vt 0.956194 0.666896
vt 0.955960 0.665650
vt 0.955908 0.664641
vt 0.348513 0.033124
vt 0.456266 0.032932
vt 0.961299 0.655357
vt 0.960900 0.654227
vt 0.960674 0.653350
vt 0.701336 0.157786
vt 0.881247 0.666871
vt 0.881518 0.665590
vt 0.881595 0.664501
vt 0.827587 0.026544
vt 0.877029 0.650849
vt 0.876604 0.652217
vt 0.877356 0.650243
vt 0.827587 0.074975
vt 0.874823 0.629770
vt 0.875330 0.629262
vt 0.875695 0.628942
vt 0.693030 0.612934
vt 0.881662 0.084766
vt 0.881943 0.086097
vt 0.882157 0.087097
vt 0.827587 0.731348
vt 0.877356 0.098030
vt 0.876922 0.096848
vt 0.877642 0.099000
vt 0.827587 0.693050
vt 0.875372 0.117355
vt 0.874865 0.117026
vt 0.875722 0.117927
vn 0.000000 0.065982 -0.997821
vn -0.000000 0.282533 -0.959258
vn 0.000000 0.065982 -0.997821
vn -0.000000 0.282531 -0.959258
vn 0.000000 0.065982 -0.997821
vn 0.000000 0.282533 -0.959257
vn 0.000000 0.065982 -0.997821
vn 0.000000 0.282533 -0.959258
vn 0.000000 0.065982 -0.997821
vn 0.000000 0.210309 -0.977635
vn -0.994267 0.102265 0.031220
vn -0.999210 -0.004511 -0.039490
vn -0.993322 0.107785 -0.041167
vn -0.999982 -0.001947 -0.005615
vn -0.999999 -0.001191 0.000027
vn -0.994325 0.106338 -0.003201
vn -0.994252 0.107068 0.000000
vn -0.989772 0.142402 -0.008535
vn -0.000258 0.067883 0.997693
vn 0.002310 0.066456 0.997787
vn 0.000462 0.067805 0.997699
vn -0.008257 0.047621 0.998831
vn -0.000720 0.066060 0.997815
vn -0.000720 0.067006 0.997752
vn 0.000000 0.065982 0.997821
vn 0.000000 0.065982 0.997821
vn 0.000000 0.065982 0.997821
vn 0.000000 0.065982 0.997821
vn 0.000000 0.065982 0.997821
vn 0.000000 0.065982 0.997821
vn -0.999908 -0.004087 -0.012932
vn -0.994317 0.106053 -0.009298
vn 0.011072 0.999851 0.013251
vn 0.011072 0.999851 0.013253
vn 0.011072 0.999851 0.013253
vn 0.011071 0.999851 0.013254
vn 0.011071 0.999851 0.013252
vn 0.011072 0.999851 0.013253
vn 0.011072 0.999851 0.013253
vn 0.011072 0.999851 0.013253
vn 0.011071 0.999851 0.013252
vn 0.011072 0.999851 0.013252
vn 0.011072 0.999851 0.013252
vn 0.011072 0.999851 0.013252
vn 0.011072 0.999851 0.013251
vn 0.011072 0.999851 0.013250
vn 0.011072 0.999851 0.013250
vn 0.011071 0.999851 0.013250
vn 0.011072 0.999851 0.013252
vn 0.011072 0.999851 0.013252
vn 0.011072 0.999851 0.013252
vn 0.011072 0.999851 0.013252
vn 0.000041 0.031806 0.999494
vn -0.001506 0.032346 0.999476
vn -0.001506 0.032346 0.999476
vn -0.003053 0.032886 0.999454
vn -0.878106 0.478466 0.000015
vn -0.878222 0.478251 0.001598
vn -0.878222 0.478251 0.001598
vn -0.878335 0.478035 0.003181
vn 0.999956 0.008584 0.003684
vn 0.999959 0.008887 0.001841
vn 0.999959 0.008887 0.001841
vn 0.999958 0.009189 -0.000003
vn -0.000036 0.022985 -0.999736
vn 0.001813 0.022295 -0.999750
vn 0.001813 0.022295 -0.999750
vn 0.003661 0.021606 -0.999760
vn -0.883820 0.467827 -0.000130
vn -0.883723 0.468009 0.001452
vn -0.883723 0.468009 0.001452
vn -0.883623 0.468190 0.003034
vn 0.999977 -0.006737 -0.000495
vn 0.999973 -0.007195 0.001486
vn 0.999973 -0.007195 0.001486
vn 0.999965 -0.007653 0.003468
vn -0.003569 -0.013213 0.999906
vn -0.003568 -0.013213 0.999906
vn -0.003568 -0.013213 0.999906
vn -0.003568 -0.013213 0.999906
vn -0.920250 0.391325 0.001888
vn -0.920251 0.391323 0.001888
vn -0.920251 0.391323 0.001888
vn -0.920253 0.391320 0.001888
vn -0.003568 -0.013213 0.999906
vn -0.003568 -0.013213 0.999906
vn -0.003568 -0.013213 0.999906
vn -0.003568 -0.013213 0.999906
vn 0.999932 -0.011118 0.003424
vn 0.999932 -0.011122 0.003422
vn 0.999932 -0.011122 0.003422
vn 0.999932 -0.011126 0.003421
vn -0.919645 0.391553 -0.030638
vn -0.919646 0.391552 -0.030638
vn -0.919646 0.391552 -0.030638
vn -0.919646 0.391551 -0.030638
vn 0.003569 0.013213 -0.999906
vn 0.003569 0.013213 -0.999906
vn 0.003569 0.013213 -0.999906
vn 0.003569 0.013213 -0.999906
vn -0.920251 0.391325 0.001887
vn -0.920251 0.391325 0.001886
vn -0.920251 0.391325 0.001886
vn -0.920251 0.391325 0.001886
vn 0.999932 -0.011128 0.003422
vn 0.999932 -0.011112 0.003422
vn 0.999932 -0.011112 0.003422
vn 0.999933 -0.011096 0.003422
vn 0.003568 0.013213 -0.999906
vn 0.003568 0.013213 -0.999906
vn 0.003568 0.013213 -0.999906
vn 0.003568 0.013212 -0.999906
vn 0.999188 -0.011601 0.038595
vn 0.999188 -0.011585 0.038595
vn 0.999188 -0.011585 0.038595
vn 0.999188 -0.011569 0.038595
vn 0.000000 0.065982 -0.997821
vn -0.007938 0.064249 -0.997902
vn 0.000000 0.282531 -0.959258
vn -0.003678 0.273958 -0.961735
vn 0.000000 0.065982 -0.997821
vn 0.000000 0.282533 -0.959257
vn 0.000000 0.065982 -0.997821
vn 0.000000 0.282533 -0.959258
vn 0.000000 0.065982 -0.997821
vn 0.000000 0.282533 -0.959258
vn 0.989788 0.141326 -0.018616
vn 0.999927 -0.008734 -0.008347
vn 0.994649 0.103137 -0.006047
vn 0.999965 -0.007312 -0.004069
vn 0.994644 0.103337 -0.002170
vn 0.999970 -0.007734 0.000087
vn 0.994650 0.103303 0.000000
vn 0.999948 0.001154 -0.010154
vn 0.999956 0.001220 -0.009312
vn 0.999971 -0.000327 -0.007564
vn 0.000000 0.065982 0.997821
vn 0.005185 0.058647 0.998265
vn 0.004875 0.050833 0.998695
vn 0.024806 0.026700 0.999336
vn -0.000000 0.065982 0.997821
vn 0.000000 0.065982 0.997821
vn -0.000000 0.065982 0.997821
vn -0.000000 0.065982 0.997821
vn 0.000000 0.065982 0.997821
vn 0.000000 0.065982 0.997821
vn 0.000000 0.065982 0.997821
vn 0.000000 0.065982 0.997821
vn -0.920047 0.390303 0.034312
vn -0.919963 0.390499 0.034331
vn -0.919963 0.390499 0.034331
vn -0.919880 0.390694 0.034349
vn 0.011071 0.999851 0.013252
vn 0.011071 0.999851 0.013251
vn 0.011071 0.999851 0.013251
vn 0.011071 0.999851 0.013251
vn 0.999420 -0.010650 -0.032332
vn 0.999423 -0.010480 -0.032318
vn 0.999423 -0.010480 -0.032318
vn 0.999425 -0.010309 -0.032303
vn -0.879478 0.475940 -0.000008
vn -0.879478 0.475939 -0.000004
vn -0.879478 0.475939 -0.000004
vn -0.879479 0.475938 0.000000
vn 1.000000 0.000000 0.000000
vn 1.000000 -0.000001 0.000000
vn 1.000000 -0.000001 0.000000
vn 1.000000 -0.000002 0.000000
vn 1.000000 0.000000 0.000000
vn 1.000000 0.000000 0.000000
vn 1.000000 0.000000 0.000000
vn 1.000000 0.000000 0.000000
vn -0.879260 0.476343 0.000013
vn -0.879261 0.476341 0.000007
vn -0.879261 0.476341 0.000007
vn -0.879262 0.476339 0.000001
vn -0.879477 0.475942 -0.000000
vn -0.879475 0.475945 -0.000004
vn -0.879475 0.475945 -0.000004
vn -0.879474 0.475948 -0.000008
vn -0.885904 0.462956 0.029086
vn -0.882357 0.469648 0.029603
vn -0.882357 0.469648 0.029603
vn -0.878760 0.476314 0.030117
vn -0.885920 0.462923 -0.029124
vn -0.882368 0.469626 -0.029642
vn -0.882368 0.469626 -0.029642
vn -0.878764 0.476302 -0.030158
vn -0.879474 0.475948 0.000000
vn -0.879479 0.475938 -0.000000
vn -0.879479 0.475938 -0.000000
vn -0.879485 0.475927 -0.000000
vn -0.000007 0.027908 -0.999610
vn 0.001862 0.028142 -0.999602
vn 0.001862 0.028142 -0.999602
vn 0.003732 0.028377 -0.999590
vn 0.003568 0.013212 -0.999906
vn 0.003571 0.013213 -0.999906
vn 0.003571 0.013213 -0.999906
vn 0.003574 0.013213 -0.999906
vn 0.011071 0.999851 0.013252
vn 0.011072 0.999851 0.013250
vn 0.011072 0.999851 0.013250
vn 0.011072 0.999851 0.013247
vn 0.011071 0.999851 0.013251
vn 0.011071 0.999851 0.013251
vn 0.011071 0.999851 0.013251
vn 0.011071 0.999851 0.013251
vn 0.011071 0.999851 0.013252
vn 0.011072 0.999851 0.013251
vn 0.011072 0.999851 0.013251
vn 0.011072 0.999851 0.013251
vn 0.011072 0.999851 0.013249
vn 0.011072 0.999851 0.013250
vn 0.011072 0.999851 0.013250
vn 0.011071 0.999851 0.013251
vn -0.003568 -0.013213 0.999906
vn -0.003568 -0.013213 0.999906
vn -0.003568 -0.013213 0.999906
vn -0.003569 -0.013212 0.999906
vn -0.000005 0.027078 0.999633
vn -0.001559 0.027331 0.999625
vn -0.001559 0.027331 0.999625
vn -0.003112 0.027584 0.999615
vn 0.000000 0.027283 0.999628
vn 0.000001 0.027283 0.999628
vn 0.000001 0.027283 0.999628
vn 0.000001 0.027283 0.999628
vn -0.879475 0.475945 0.000000
vn -0.879476 0.475944 -0.000001
vn -0.879476 0.475944 -0.000001
vn -0.879476 0.475943 -0.000002
vn 0.000001 0.027284 -0.999628
vn 0.000000 0.027283 -0.999628
vn 0.000000 0.027283 -0.999628
vn 0.000000 0.027283 -0.999628
vn 1.000000 0.000000 0.000000
vn 1.000000 0.000000 0.000000
vn 1.000000 0.000000 0.000000
vn 1.000000 0.000000 0.000000
vn -0.879483 0.475930 -0.000004
vn -0.879483 0.475930 -0.000004
vn -0.879483 0.475930 -0.000004
vn -0.879198 0.476457 0.000005
vn -0.879197 0.476458 0.000000
vn -0.879197 0.476458 0.000000
vn -0.879197 0.476458 -0.000004
vn -0.881532 0.472115 0.003091
vn -0.881439 0.472296 0.001549
vn -0.881439 0.472296 0.001549
vn -0.881344 0.472475 0.000008
vn -0.920241 0.391347 0.001885
vn -0.920249 0.391329 0.001884
vn -0.920249 0.391329 0.001884
vn -0.920257 0.391311 0.001883
vn 0.011071 0.999851 0.013252
vn 0.011071 0.999851 0.013253
vn 0.011071 0.999851 0.013253
vn 0.011071 0.999851 0.013254
vn 0.011072 0.999851 0.013252
vn 0.011072 0.999851 0.013252
vn 0.011072 0.999851 0.013252
vn 0.011072 0.999851 0.013251
vn 0.011072 0.999851 0.013251
vn 0.011072 0.999851 0.013252
vn 0.011072 0.999851 0.013252
vn 0.011072 0.999851 0.013253
vn 0.999933 -0.011107 0.003420
vn 0.999932 -0.011123 0.003419
vn 0.999932 -0.011123 0.003419
vn 0.999932 -0.011139 0.003417
vn -0.011072 -0.999851 -0.013253
vn -0.011072 -0.999851 -0.013252
vn -0.011072 -0.999851 -0.013252
vn -0.011072 -0.999851 -0.013252
vn 0.883738 -0.467983 -0.000008
vn 0.883862 -0.467745 -0.001514
vn 0.883862 -0.467745 -0.001514
vn 0.883985 -0.467506 -0.003020
vn 0.882511 -0.470292 0.000001
vn 0.882511 -0.470291 0.000001
vn 0.882511 -0.470291 0.000001
vn 0.882511 -0.470291 0.000000
vn 0.882519 -0.470276 0.000002
vn 0.882519 -0.470276 0.000002
vn 0.882519 -0.470276 0.000002
vn 0.000222 -0.024771 -0.999693
vn 0.001682 -0.024941 -0.999688
vn 0.001682 -0.024941 -0.999688
vn 0.003143 -0.025110 -0.999680
vn -0.011071 -0.999851 -0.013252
vn -0.011071 -0.999851 -0.013251
vn -0.011071 -0.999851 -0.013251
vn -0.011072 -0.999851 -0.013251
vn -0.011071 -0.999851 -0.013254
vn -0.011071 -0.999851 -0.013252
vn -0.011071 -0.999851 -0.013252
vn -0.011072 -0.999851 -0.013251
vn -0.011071 -0.999851 -0.013251
vn -0.011071 -0.999851 -0.013252
vn -0.011071 -0.999851 -0.013252
vn -0.011072 -0.999851 -0.013252
vn -0.000007 -0.026188 0.999657
vn -0.001856 -0.025906 0.999663
vn -0.001856 -0.025906 0.999663
vn -0.003705 -0.025624 0.999665
vn 0.000000 -0.024980 0.999688
vn 0.000000 -0.024980 0.999688
vn 0.000000 -0.024980 0.999688
vn 0.000000 -0.024980 0.999688
vn -0.997197 0.006386 -0.074548
vn -0.996808 0.007527 -0.079477
vn -0.996808 0.007527 -0.079477
vn -0.996394 0.008668 -0.084403
vn -0.011072 -0.999851 -0.013251
vn -0.011072 -0.999851 -0.013251
vn -0.011072 -0.999851 -0.013251
vn -0.011072 -0.999851 -0.013252
vn 0.886218 -0.463259 -0.002959
vn 0.886097 -0.463499 -0.001390
vn 0.886097 -0.463499 -0.001390
vn 0.885973 -0.463737 0.000179
vn 0.881031 -0.473049 -0.003108
vn 0.880928 -0.473247 -0.001701
vn 0.880928 -0.473247 -0.001701
vn 0.880823 -0.473445 -0.000295
vn -0.011072 -0.999851 -0.013251
vn -0.011072 -0.999851 -0.013251
vn -0.011072 -0.999851 -0.013251
vn -0.011072 -0.999851 -0.013251
vn -0.999147 -0.030987 -0.027294
vn -0.990936 -0.013293 -0.133677
vn -0.990936 -0.013293 -0.133677
vn -0.971133 0.004557 -0.238497
vn 0.003568 0.013213 -0.999906
vn 0.003568 0.013213 -0.999906
vn 0.003568 0.013213 -0.999906
vn 0.003568 0.013213 -0.999906
vn 0.916824 -0.397791 -0.034578
vn 0.918346 -0.394235 -0.034913
vn 0.918346 -0.394235 -0.034913
vn 0.919854 -0.390674 -0.035248
vn -0.013341 0.060476 0.998081
vn 0.000692 0.145275 0.989391
vn 0.000692 0.145275 0.989391
vn 0.014719 0.228990 0.973318
vn -0.999287 0.031535 0.020768
vn -0.999705 0.009859 0.022204
vn -0.999705 0.009859 0.022204
vn -0.999651 -0.011822 0.023630
vn -0.997552 -0.065301 -0.025018
vn -0.999571 -0.002695 -0.029154
vn -0.999571 -0.002695 -0.029154
vn -0.997652 0.059922 -0.033175
vn -0.003568 -0.013212 0.999906
vn -0.003568 -0.013212 0.999906
vn -0.003568 -0.013212 0.999906
vn -0.003568 -0.013213 0.999906
vn 0.919643 -0.391559 0.030637
vn 0.919641 -0.391563 0.030637
vn 0.919641 -0.391563 0.030637
vn 0.919639 -0.391567 0.030637
vn 0.003568 0.013213 -0.999906
vn 0.003568 0.013213 -0.999906
vn 0.003568 0.013213 -0.999906
vn 0.003568 0.013213 -0.999906
vn 0.003386 -0.003197 -0.999989
vn 0.001699 -0.002565 -0.999995
vn 0.001699 -0.002565 -0.999995
vn 0.000012 -0.001932 -0.999998
vn -0.011072 -0.999851 -0.013252
vn -0.011072 -0.999851 -0.013252
vn -0.011072 -0.999851 -0.013252
vn -0.011071 -0.999851 -0.013252
vn -0.003640 -0.019606 0.999801
vn -0.001782 -0.020301 0.999792
vn -0.001782 -0.020301 0.999792
vn 0.000076 -0.020995 0.999780
vn 0.000009 -0.001523 -0.999999
vn 0.000030 -0.001530 -0.999999
vn 0.000030 -0.001530 -0.999999
vn 0.000050 -0.001538 -0.999999
vn 0.003077 -0.030554 -0.999528
vn 0.001676 -0.030069 -0.999546
vn 0.001676 -0.030069 -0.999546
vn 0.000275 -0.029584 -0.999562
vn -0.011072 -0.999851 -0.013251
vn -0.011071 -0.999851 -0.013251
vn -0.011071 -0.999851 -0.013251
vn -0.011071 -0.999851 -0.013252
vn -0.311438 0.161806 0.936389
vn -0.273188 0.148139 0.950486
vn -0.273188 0.148139 0.950486
vn -0.234434 0.134199 0.962825
vn -0.234709 0.121646 0.964424
vn -0.228828 0.119687 0.966081
vn -0.228828 0.119687 0.966081
vn -0.222939 0.117723 0.967698
vn -0.745560 0.666170 -0.018924
vn -0.746422 0.665472 0.000000
vn -0.746177 0.665681 -0.009481
vn -0.746414 0.665482 0.000000
vn -0.000000 0.789586 -0.613640
vn -0.000000 0.789586 -0.613640
vn 0.004962 0.788898 -0.614505
vn 0.009917 0.788143 -0.615412
vn -0.000000 0.789586 -0.613639
vn -0.000000 0.789586 -0.613640
vn 0.000000 0.789587 -0.613639
vn 0.000000 0.789587 -0.613639
vn 0.000000 0.789586 -0.613640
vn 0.000000 0.789587 -0.613639
vn 0.000000 0.789585 -0.613641
vn 0.000000 0.789586 -0.613639
vn 0.000000 0.789586 -0.613640
vn 0.000000 0.789586 -0.613640
vn 0.000000 0.789586 -0.613640
vn 0.000000 0.789586 -0.613640
vn 0.000000 0.789586 -0.613640
vn 0.000000 0.789586 -0.613640
vn 0.000000 0.789586 -0.613640
vn 0.000000 0.789587 -0.613639
vn 0.746242 0.665640 -0.006889
vn 0.745783 0.666047 -0.013746
vn 0.745412 0.666285 -0.020618
vn 0.745028 0.666716 -0.020567
vn 0.746410 0.665487 0.000000
vn 0.746415 0.665480 0.000000
vn 0.746395 0.665503 0.001127
vn 0.746452 0.665435 0.002262
vn -0.004407 0.788975 0.614409
vn -0.008808 0.788308 0.615218
vn 0.016316 0.791902 0.610430
vn 0.045377 0.798993 0.599626
vn 0.000000 0.789586 0.613640
vn 0.000000 0.789586 0.613640
vn 0.000000 0.789586 0.613639
vn 0.000000 0.789586 0.613640
vn 0.000000 0.789587 0.613639
vn 0.000000 0.789587 0.613639
vn 0.000000 0.789586 0.613640
vn 0.000000 0.789587 0.613639
vn 0.000000 0.789585 0.613641
vn 0.000000 0.789587 0.613639
vn 0.000000 0.789587 0.613639
vn 0.000000 0.789586 0.613640
vn 0.000000 0.789587 0.613639
vn 0.000000 0.789587 0.613639
vn -0.000000 0.789586 0.613640
vn -0.000000 0.789586 0.613639
vn -0.000000 0.789586 0.613640
vn -0.000000 0.789586 0.613640
vn -0.746435 0.665457 -0.000848
vn -0.746651 0.665214 -0.001675
vn -0.746760 0.665088 -0.002513
vn -0.747051 0.664763 -0.002482
vn 0.000000 0.485415 0.874284
vn 0.000000 0.485415 0.874284
vn 0.000000 0.485415 0.874284
vn 0.000000 0.485415 0.874284
vn 0.000000 0.485415 0.874284
vn 0.000000 0.485415 0.874284
vn 0.000000 0.485415 0.874284
vn 0.000000 0.485415 0.874284
vn 0.000000 0.485415 0.874284
vn 0.000000 0.485415 0.874284
vn 0.000000 0.485415 0.874284
vn 0.000000 0.485413 0.874285
vn 0.000000 0.485411 0.874286
vn 0.000000 0.485410 0.874287
vn 0.000065 0.485419 0.874282
vn 0.000131 0.485431 0.874275
vn 0.025392 0.489959 0.871376
vn 0.051099 0.484837 0.873110
vn 0.976770 0.213871 -0.013383
vn 0.976476 0.215379 -0.010362
vn 0.976597 0.214656 -0.013481
vn 0.968138 0.250256 -0.009016
vn 0.977068 0.212929 0.000000
vn 0.976965 0.213374 -0.003257
vn 0.976613 0.214621 -0.012829
vn 0.976035 0.216774 -0.019127
vn 0.000000 0.485410 -0.874287
vn -0.002973 0.484913 -0.874557
vn 0.000000 0.485413 -0.874285
vn 0.000000 0.485415 -0.874284
vn 0.000000 0.485415 -0.874284
vn 0.000000 0.485415 -0.874284
vn 0.000000 0.485415 -0.874284
vn 0.000000 0.485415 -0.874284
vn -0.000000 0.485413 -0.874285
vn -0.000000 0.485410 -0.874287
vn -0.976656 0.212399 0.032089
vn -0.963080 0.262015 -0.061850
vn -0.977067 0.212934 0.000000
vn -0.976400 0.215071 -0.019663
vn -0.976999 0.213180 -0.005289
vn -0.976754 0.214213 -0.008007
vn -0.000000 0.485412 0.874286
vn -0.003993 0.485993 0.873954
vn -0.000000 0.485410 0.874287
vn -0.007971 0.486721 0.873521
vn -0.000000 0.485415 0.874284
vn -0.000000 0.485413 0.874285
vn 0.000000 0.999449 0.033198
vn 0.000000 0.999449 0.033198
vn 0.000000 0.999449 0.033198
vn 0.000000 0.999449 0.033198
vn 0.000000 0.999449 0.033198
vn 0.000000 0.999449 0.033198
vn 0.000000 0.999449 0.033198
vn 0.000000 0.999449 0.033198
vn 0.000000 0.999449 0.033198
vn 0.000000 0.999449 0.033198
vn 0.000000 0.999449 0.033198
vn 0.000000 0.999449 0.033198
vn 0.000000 0.999449 0.033198
vn 0.000000 0.999449 0.033198
vn -0.009728 0.999284 0.036554
vn -0.009728 0.999089 0.041544
vn 0.006496 0.999227 0.038783
vn 0.016587 0.999248 0.035057
vn 0.061222 0.998101 0.006828
vn 0.060353 0.998171 0.003381
vn 0.061096 0.998132 0.000000
vn 0.061096 0.998132 0.000000
vn 0.060914 0.998134 -0.004336
vn 0.059894 0.998196 -0.004292
vn 0.059293 0.998220 -0.006438
vn 0.058037 0.998314 0.000132
vn 0.000000 0.999449 -0.033198
vn 0.000000 0.999449 -0.033198
vn 0.000000 0.999449 -0.033198
vn 0.000000 0.999449 -0.033198
vn 0.000000 0.999449 -0.033198
vn 0.000000 0.999449 -0.033198
vn 0.000000 0.999449 -0.033198
vn 0.000000 0.999449 -0.033198
vn 0.000000 0.999449 -0.033198
vn 0.000000 0.999449 -0.033198
vn 0.000000 0.999449 -0.033198
vn 0.000000 0.999449 -0.033198
vn 0.000000 0.999449 -0.033198
vn 0.000000 0.999449 -0.033198
vn 0.000000 0.999449 -0.033198
vn 0.000000 0.999449 -0.033198
vn -0.000000 0.999449 -0.033198
vn -0.000000 0.999449 -0.033198
vn 0.010993 0.999255 -0.036990
vn 0.010993 0.999058 -0.041979
vn -0.059554 0.998225 0.000000
vn -0.059369 0.998226 -0.004498
vn -0.059554 0.998225 0.000000
vn -0.058136 0.998299 -0.004455
vn -0.059465 0.998228 0.002164
vn -0.058927 0.998260 0.002120
vn -0.058613 0.998276 0.003180
vn -0.057938 0.998320 -0.000133
vn 0.000000 0.999449 0.033198
vn -0.000000 0.999449 0.033198
vn 0.000000 0.999449 0.033198
vn -0.000000 0.999449 0.033198
vn 0.060032 0.998124 0.011988
vn 0.060470 0.998152 0.006064
vn 0.054011 0.998494 -0.009578
vn 0.047903 0.998760 -0.013574
vn 0.747883 0.663694 0.013461
vn 0.748838 0.662619 0.013335
vn 0.746734 0.665122 0.001281
vn 0.743123 0.669068 -0.010799
vn 0.059610 0.998199 0.006762
vn 0.057871 0.998324 -0.000132
vn 0.746465 0.665416 0.003393
vn 0.746588 0.665278 0.003405
vn 0.990015 0.140833 -0.006003
vn 0.976689 0.214604 -0.004966
vn 0.999995 -0.003060 0.000000
vn 0.999995 -0.003060 0.000000
vn 0.999995 -0.003060 0.000000
vn -0.057427 0.998327 -0.006683
vn -0.055854 0.998439 0.000127
vn -0.744575 0.666938 -0.028328
vn -0.745024 0.666433 -0.028384
vn -0.989304 0.142951 -0.029021
vn -0.975636 0.217419 -0.029393
vn -0.999713 -0.023533 0.004546
vn -0.999713 -0.023533 0.004546
vn -0.999713 -0.023533 0.004546
vn -0.059007 0.998235 -0.006682
vn -0.059262 0.998237 -0.003409
vn -0.058136 0.998309 0.000364
vn -0.057215 0.998359 0.002591
vn -0.746749 0.665104 0.001291
vn -0.746799 0.665049 0.001298
vn -0.742050 0.669941 0.023259
vn -0.732141 0.679700 0.044456
vn -0.976584 0.215030 0.006763
vn -0.976224 0.216666 0.006594
vn -0.974575 0.221247 0.035412
vn -0.963217 0.261610 0.061436
vn -0.999994 0.003562 0.000439
vn -0.999994 0.003562 0.000439
vn -0.999994 0.003562 0.000439
vn -0.997775 -0.003553 0.066573
vn -0.999962 -0.001490 0.008552
vn -0.998656 -0.003381 0.051711
vn 0.000000 0.027283 0.999628
vn 0.000000 0.027283 0.999628
vn 0.000000 0.027283 0.999628
vn 0.000000 0.027283 0.999628
vn 0.000000 0.027283 0.999628
vn 0.000000 0.027283 0.999628
vn 0.000000 0.027283 0.999628
vn 0.000000 0.027282 0.999628
vn -0.000001 0.027282 0.999628
vn -0.000001 0.027282 0.999628
vn -0.000002 0.027283 0.999628
vn 0.892007 -0.451073 -0.029287
vn 0.886949 -0.460886 -0.030079
vn 0.886949 -0.460886 -0.030079
vn 0.881784 -0.470643 -0.030868
vn 0.000000 -0.025039 -0.999687
vn 0.000000 -0.025040 -0.999686
vn 0.000000 -0.025040 -0.999686
vn 0.000000 -0.025040 -0.999686
vn 1.000000 0.000004 0.000000
vn 1.000000 0.000002 0.000000
vn 1.000000 0.000002 0.000000
vn 1.000000 0.000000 0.000000
vn 0.000002 0.027283 0.999628
vn -0.000001 0.027283 0.999628
vn -0.000001 0.027283 0.999628
vn -0.000003 0.027282 0.999628
vn 0.000000 0.027284 0.999628
vn 0.000000 0.027284 0.999628
vn 0.000000 0.027284 0.999628
vn 0.000000 -0.025039 -0.999687
vn 0.000000 -0.025039 -0.999687
vn 0.000000 -0.025039 -0.999687
vn -0.000003 -0.024966 -0.999688
vn 0.000110 -0.024953 -0.999689
vn 0.000110 -0.024953 -0.999689
vn 0.000223 -0.024940 -0.999689
vn -0.000908 0.993195 -0.116462
vn -0.004183 0.996769 -0.080216
vn -0.004183 0.996769 -0.080216
vn -0.007453 0.999010 -0.043863
vn 0.882520 -0.470275 0.000000
vn 0.882520 -0.470275 -0.000001
vn 0.882520 -0.470275 -0.000001
vn 0.882520 -0.470276 -0.000001
vn -0.970776 0.027423 -0.238415
vn -0.978317 0.022251 -0.205914
vn -0.978317 0.022251 -0.205914
vn -0.984743 0.017052 -0.173179
vn 0.000000 -0.025040 -0.999686
vn -0.000001 -0.025040 -0.999686
vn -0.000001 -0.025040 -0.999686
vn -0.000002 -0.025040 -0.999687
vn -0.018896 0.999821 0.000076
vn 0.051818 0.998648 0.004214
vn 0.051818 0.998648 0.004214
vn 0.122273 0.992462 0.008331
vn 0.000000 0.027283 0.999628
vn 0.000000 0.027283 0.999628
vn 0.000000 0.027283 0.999628
vn 0.000000 0.027283 0.999628
vn 0.000009 0.028160 -0.999604
vn 0.000009 0.028160 -0.999603
vn 0.000009 0.028160 -0.999603
vn 0.000008 0.028161 -0.999603
vn 0.000000 0.027282 -0.999628
vn 0.000003 0.027283 -0.999628
vn 0.000003 0.027283 -0.999628
vn 0.000006 0.027283 -0.999628
vn 0.000000 0.027283 -0.999628
vn -0.000000 0.027283 -0.999628
vn -0.000000 0.027283 -0.999628
vn -0.000000 0.027283 -0.999628
vn 1.000000 0.000000 0.000000
vn 1.000000 -0.000001 0.000000
vn 1.000000 -0.000001 0.000000
vn 1.000000 -0.000003 0.000000
vn -0.000004 -0.024981 0.999688
vn -0.000004 -0.024981 0.999688
vn -0.000004 -0.024981 0.999688
vn 0.888655 -0.457644 0.029214
vn 0.885250 -0.464163 0.029740
vn 0.885250 -0.464163 0.029740
vn 0.881797 -0.470657 0.030265
vn -0.000002 0.027283 -0.999628
vn -0.000002 0.027283 -0.999628
vn -0.000002 0.027283 -0.999628
vn -0.000000 0.027283 -0.999628
vn -0.000000 0.027283 -0.999628
vn -0.000000 0.027283 -0.999628
vn 0.000000 0.027283 -0.999628
vn 0.000002 -0.024980 0.999688
vn 0.000001 -0.024980 0.999688
vn 0.000001 -0.024980 0.999688
vn 0.000000 -0.024980 0.999688
vn 0.000006 -0.024980 0.999688
vn 0.000006 -0.024980 0.999688
vn 0.000006 -0.024980 0.999688
vn 0.006606 0.995287 -0.096750
vn 0.008519 0.997052 -0.076256
vn 0.008519 0.997052 -0.076256
vn 0.010427 0.998391 -0.055730
vn 0.882590 -0.470144 0.000003
vn 0.882589 -0.470146 -0.000007
vn 0.882589 -0.470146 -0.000007
vn 0.882588 -0.470147 -0.000017
vn -0.997312 0.000010 -0.073278
vn -0.998838 0.004648 -0.047976
vn -0.998838 0.004648 -0.047976
vn -0.999701 0.009282 -0.022643
vn -0.000015 -0.025656 0.999671
vn 0.000031 -0.025672 0.999670
vn 0.000031 -0.025672 0.999670
vn 0.000078 -0.025687 0.999670
vn -0.110615 0.993843 0.006324
vn -0.072054 0.997392 0.004137
vn -0.072054 0.997392 0.004137
vn -0.033384 0.999441 0.001943
vn 0.000000 -0.024980 0.999688
vn -0.000000 -0.024980 0.999688
vn -0.000000 -0.024980 0.999688
vn -0.000000 -0.024980 0.999688
vn -0.122677 0.094738 0.987915
vn -0.081064 0.047120 0.995595
vn -0.081064 0.047120 0.995595
vn -0.039122 -0.000690 0.999234
vn -0.027980 0.010742 0.999551
vn 0.031343 -0.048170 0.998347
vn 0.031343 -0.048170 0.998347
vn 0.090447 -0.106744 0.990164
vn -0.107454 0.097133 0.989454
vn -0.067341 0.054518 0.996239
vn -0.067341 0.054518 0.996239
vn -0.026994 0.011714 0.999567
vn 0.882518 -0.470279 -0.000001
vn 0.882518 -0.470278 -0.000001
vn 0.882518 -0.470278 -0.000001
vn 0.882519 -0.470277 0.000000
vn -0.082120 -0.044864 0.995612
vn -0.082292 -0.044668 0.995607
vn -0.082292 -0.044668 0.995607
vn -0.082464 -0.044471 0.995601
vn -0.009870 0.028886 0.999534
vn -0.009840 0.028862 0.999535
vn -0.009840 0.028862 0.999535
vn -0.009811 0.028838 0.999536
vn -0.009547 0.028864 0.999538
vn 0.073498 -0.052721 0.995901
vn 0.073498 -0.052721 0.995901
vn 0.155545 -0.133592 0.978754
vn 0.021717 0.060988 0.997902
vn 0.022082 0.060620 0.997917
vn 0.022082 0.060620 0.997917
vn 0.022446 0.060252 0.997931
vn -0.013513 0.025174 0.999592
vn -0.013500 0.025160 0.999592
vn -0.013500 0.025160 0.999592
vn -0.013487 0.025146 0.999593
vn -0.037765 0.015040 0.999173
vn -0.034673 0.011125 0.999337
vn -0.034673 0.011125 0.999337
vn -0.031581 0.007209 0.999475
vn -0.022176 0.016353 0.999620
vn -0.022203 0.016377 0.999619
vn -0.022203 0.016377 0.999619
vn -0.022230 0.016400 0.999618
vn -0.027063 0.011653 0.999566
vn -0.026886 0.011490 0.999573
vn -0.026886 0.011490 0.999573
vn -0.026710 0.011327 0.999579
vn -0.004394 0.034451 0.999397
vn -0.004270 0.034314 0.999402
vn -0.004270 0.034314 0.999402
vn -0.004146 0.034177 0.999407
vn 0.037275 0.003342 0.999300
vn 0.037623 0.003788 0.999285
vn 0.037623 0.003788 0.999285
vn 0.037972 0.004234 0.999270
vn 0.009818 0.027777 0.999566
vn 0.009669 0.027592 0.999573
vn 0.009669 0.027592 0.999573
vn 0.009519 0.027407 0.999579
vn 0.018456 0.020113 0.999627
vn 0.018450 0.020108 0.999628
vn 0.018450 0.020108 0.999628
vn 0.018444 0.020104 0.999628
vn 0.009818 0.027778 0.999566
vn 0.009669 0.027592 0.999573
vn 0.009669 0.027592 0.999573
vn 0.009521 0.027406 0.999579
vn 0.008810 0.028392 0.999558
vn 0.008882 0.028468 0.999555
vn 0.008882 0.028468 0.999555
vn 0.008954 0.028543 0.999552
vn 0.015175 0.022803 0.999625
vn 0.015227 0.022860 0.999623
vn 0.015227 0.022860 0.999623
vn 0.015279 0.022918 0.999621
vn 0.062409 -0.017681 0.997894
vn 0.062079 -0.018088 0.997907
vn 0.062079 -0.018088 0.997907
vn 0.061749 -0.018495 0.997920
vn 0.002977 0.033390 0.999438
vn 0.003017 0.033435 0.999436
vn 0.003017 0.033435 0.999436
vn 0.003058 0.033481 0.999435
vn 0.015176 0.022803 0.999625
vn 0.015228 0.022860 0.999623
vn 0.015228 0.022860 0.999623
vn 0.015279 0.022918 0.999621
vn 0.008865 0.028345 0.999559
vn 0.008934 0.028425 0.999556
vn 0.008934 0.028425 0.999556
vn 0.009004 0.028504 0.999553
vn 0.012427 0.025038 0.999609
vn 0.012540 0.025152 0.999605
vn 0.012540 0.025152 0.999605
vn 0.012652 0.025266 0.999601
vn 0.009823 0.027778 0.999566
vn 0.009670 0.027592 0.999573
vn 0.009670 0.027592 0.999573
vn 0.009517 0.027407 0.999579
vn -0.010892 0.163330 0.986511
vn -0.043778 0.133982 0.990016
vn -0.043778 0.133982 0.990016
vn -0.076579 0.104373 0.991586
vn -0.122678 0.038278 0.991708
vn -0.081067 -0.009700 0.996661
vn -0.081067 -0.009700 0.996661
vn -0.039128 -0.057639 0.997570
vn -0.009360 -0.027963 0.999565
vn -0.009580 -0.027748 0.999569
vn -0.009580 -0.027748 0.999569
vn -0.009800 -0.027534 0.999573
vn -0.107453 0.040581 0.993382
vn -0.067344 -0.002349 0.997727
vn -0.067344 -0.002349 0.997727
vn -0.027000 -0.045272 0.998610
vn -0.082120 -0.101544 0.991436
vn -0.082292 -0.101342 0.991442
vn -0.082292 -0.101342 0.991442
vn -0.082464 -0.101140 0.991449
vn -0.001083 -0.018203 0.999834
vn -0.000698 -0.018636 0.999826
vn -0.000698 -0.018636 0.999826
vn -0.000313 -0.019070 0.999818
vn 0.023087 0.005408 0.999719
vn 0.023489 0.005058 0.999711
vn 0.023489 0.005058 0.999711
vn 0.023892 0.004707 0.999703
vn 0.003428 -0.015420 0.999875
vn 0.002911 -0.014940 0.999884
vn 0.002911 -0.014940 0.999884
vn 0.002393 -0.014460 0.999893
vn -0.092271 -0.111843 0.989433
vn -0.092871 -0.111126 0.989457
vn -0.092871 -0.111126 0.989457
vn -0.093471 -0.110409 0.989481
vn 0.002747 -0.015308 0.999879
vn 0.002804 -0.015365 0.999878
vn 0.002804 -0.015365 0.999878
vn 0.002862 -0.015422 0.999877
vn 0.012369 -0.006613 0.999902
vn 0.011677 -0.005938 0.999914
vn 0.011677 -0.005938 0.999914
vn 0.010986 -0.005264 0.999926
vn 0.021717 0.004012 0.999756
vn 0.022081 0.003645 0.999750
vn 0.022081 0.003645 0.999750
vn 0.022446 0.003278 0.999743
vn 0.016711 -0.001101 0.999860
vn 0.016814 -0.001206 0.999858
vn 0.016814 -0.001206 0.999858
vn 0.016918 -0.001312 0.999856
vn -0.037765 -0.041920 0.998407
vn -0.034673 -0.045849 0.998347
vn -0.034673 -0.045849 0.998347
vn -0.031581 -0.049776 0.998261
vn -0.022164 -0.040657 0.998927
vn -0.022196 -0.040632 0.998928
vn -0.022196 -0.040632 0.998928
vn -0.022229 -0.040607 0.998928
vn -0.027063 -0.045330 0.998605
vn -0.026887 -0.045494 0.998603
vn -0.026887 -0.045494 0.998603
vn -0.026711 -0.045659 0.998600
vn 0.012200 -0.005664 0.999910
vn 0.012479 -0.005947 0.999905
vn 0.012479 -0.005947 0.999905
vn 0.012758 -0.006230 0.999899
vn 0.009823 -0.029233 0.999524
vn 0.009671 -0.029420 0.999520
vn 0.009671 -0.029420 0.999520
vn 0.009519 -0.029607 0.999516
vn 0.018447 -0.036907 0.999148
vn 0.018448 -0.036903 0.999149
vn 0.018448 -0.036903 0.999149
vn 0.018449 -0.036898 0.999149
vn 0.009823 -0.029236 0.999524
vn 0.009672 -0.029419 0.999520
vn 0.009672 -0.029419 0.999520
vn 0.009520 -0.029601 0.999516
vn 0.008805 -0.028631 0.999551
vn 0.008883 -0.028549 0.999553
vn 0.008883 -0.028549 0.999553
vn 0.008960 -0.028467 0.999555
vn 0.015177 -0.034205 0.999300
vn 0.015231 -0.034150 0.999301
vn 0.015231 -0.034150 0.999301
vn 0.015285 -0.034095 0.999302
vn 0.007493 -0.027507 0.999594
vn 0.007571 -0.027408 0.999596
vn 0.007571 -0.027408 0.999596
vn 0.007649 -0.027310 0.999598
vn 0.002984 -0.023627 0.999716
vn 0.003020 -0.023581 0.999717
vn 0.003020 -0.023581 0.999717
vn 0.003057 -0.023534 0.999718
vn 0.015183 -0.034205 0.999300
vn 0.015229 -0.034152 0.999301
vn 0.015229 -0.034152 0.999301
vn 0.015274 -0.034099 0.999302
vn 0.008865 -0.028671 0.999550
vn 0.008931 -0.028595 0.999551
vn 0.008931 -0.028595 0.999551
vn 0.008998 -0.028519 0.999553
vn -0.048698 0.020744 0.998598
vn -0.048551 0.020952 0.998601
vn -0.048551 0.020952 0.998601
vn -0.048403 0.021161 0.998604
vn 0.012434 -0.031978 0.999411
vn 0.012538 -0.031861 0.999414
vn 0.012538 -0.031861 0.999414
vn 0.012642 -0.031744 0.999416
vn 0.033306 -0.049621 0.998213
vn 0.033194 -0.049759 0.998209
vn 0.033194 -0.049759 0.998209
vn 0.033083 -0.049897 0.998206
vn 0.037275 0.003343 0.999300
vn 0.037625 0.003788 0.999285
vn 0.037625 0.003788 0.999285
vn 0.037975 0.004233 0.999270
vn -0.005050 0.040996 0.999147
vn -0.005477 0.040473 0.999166
vn -0.005477 0.040473 0.999166
vn -0.005904 0.039949 0.999184
vn 0.009823 0.027778 0.999566
vn 0.009670 0.027592 0.999573
vn 0.009670 0.027592 0.999573
vn 0.009516 0.027407 0.999579
vn -0.066387 0.092720 0.993477
vn -0.065643 0.093385 0.993464
vn -0.065643 0.093385 0.993464
vn -0.064900 0.094051 0.993450
vn -0.412530 0.673893 0.612934
vn -0.353300 0.754218 0.553475
vn -0.353300 0.754218 0.553475
vn -0.289302 0.824365 0.486547
vn -0.314024 0.931295 0.184602
vn -0.446366 0.820393 0.357371
vn -0.446366 0.820393 0.357371
vn -0.552075 0.660543 0.508819
vn -0.376886 0.674010 0.635349
vn -0.326644 0.752434 0.571967
vn -0.326644 0.752434 0.571967
vn -0.272257 0.821308 0.501327
vn -0.299248 0.933012 0.199846
vn -0.443970 0.820253 0.360660
vn -0.443970 0.820253 0.360660
vn -0.562266 0.658673 0.500007
vn -0.345910 0.673211 0.653554
vn -0.297558 0.748902 0.592119
vn -0.297558 0.748902 0.592119
vn -0.245681 0.815726 0.523672
vn -0.242327 0.935702 0.256398
vn -0.381340 0.825498 0.416092
vn -0.381340 0.825498 0.416092
vn -0.498627 0.668265 0.552081
vn -0.409147 0.828861 0.381561
vn -0.519861 0.674675 0.523983
vn -0.519861 0.674675 0.523983
vn -0.601299 0.482495 0.636897
vn 0.565958 0.603138 0.562065
vn 0.606791 0.508503 0.610925
vn 0.606791 0.508503 0.610925
vn 0.639731 0.407252 0.651836
vn 0.305728 0.767151 0.563923
vn 0.409264 0.590344 0.695699
vn 0.409264 0.590344 0.695699
vn 0.488512 0.378502 0.786189
vn 0.557057 0.604095 0.569875
vn 0.597815 0.508366 0.619824
vn 0.597815 0.508366 0.619824
vn 0.630609 0.405865 0.661518
vn 0.319033 0.768258 0.554975
vn 0.424054 0.592539 0.684891
vn 0.424054 0.592539 0.684891
vn 0.504148 0.381988 0.774545
vn 0.594146 0.405065 0.694919
vn 0.553999 0.506605 0.660633
vn 0.553999 0.506605 0.660633
vn 0.506596 0.601510 0.617694
vn 0.258495 0.754512 0.603235
vn 0.364057 0.576910 0.731189
vn 0.364057 0.576910 0.731189
vn 0.448118 0.365237 0.815961
vn 0.628464 0.380039 0.678677
vn 0.592105 0.483180 0.644941
vn 0.592105 0.483180 0.644941
vn 0.547991 0.579992 0.602757
vn 0.672645 0.363728 0.644399
vn 0.639750 0.467752 0.609859
vn 0.639750 0.467752 0.609859
vn 0.598478 0.565650 0.567331
vn 0.370116 0.740843 0.560505
vn 0.459337 0.556084 0.692661
vn 0.459337 0.556084 0.692661
vn 0.521199 0.338204 0.783562
vn -0.442973 0.683134 0.580605
vn -0.383270 0.763905 0.519185
vn -0.383270 0.763905 0.519185
vn -0.318255 0.834087 0.450568
vn -0.302523 0.937187 0.173667
vn -0.450819 0.827985 0.333472
vn -0.450819 0.827985 0.333472
vn -0.572311 0.669555 0.473451
vn -0.415673 0.683535 0.599997
vn -0.358316 0.761922 0.539522
vn -0.358316 0.761922 0.539522
vn -0.296269 0.830335 0.471984
vn -0.304146 0.936995 0.171862
vn -0.455194 0.827282 0.329245
vn -0.455194 0.827282 0.329245
vn -0.579103 0.668246 0.466997
vn -0.348766 0.681349 0.643526
vn -0.303101 0.755582 0.580712
vn -0.303101 0.755582 0.580712
vn -0.253938 0.821094 0.511195
vn -0.258781 0.940165 0.221634
vn -0.394547 0.833383 0.387047
vn -0.394547 0.833383 0.387047
vn -0.507747 0.678935 0.530321
vn -0.417605 0.836200 0.355495
vn -0.536171 0.684363 0.494133
vn -0.536171 0.684363 0.494133
vn -0.624533 0.493974 0.604936
vn 0.613794 0.407010 0.676461
vn 0.579952 0.508676 0.636321
vn 0.579952 0.508676 0.636321
vn 0.538517 0.603682 0.587849
vn 0.282013 0.768881 0.573838
vn 0.389988 0.594263 0.703392
vn 0.389988 0.594263 0.703392
vn 0.474979 0.384623 0.791492
vn 0.613794 0.407010 0.676461
vn 0.579950 0.508682 0.636319
vn 0.579950 0.508682 0.636319
vn 0.538512 0.603692 0.587844
vn 0.260734 0.766984 0.586305
vn 0.367174 0.591107 0.718175
vn 0.367174 0.591107 0.718175
vn 0.451713 0.379970 0.807204
vn 0.566267 0.405655 0.717486
vn 0.528724 0.507253 0.680548
vn 0.528724 0.507253 0.680548
vn 0.484257 0.602209 0.634697
vn 0.238593 0.757458 0.607726
vn 0.336507 0.580026 0.741844
vn 0.336507 0.580026 0.741844
vn 0.414548 0.368340 0.832152
vn 0.599627 0.379944 0.704337
vn 0.565880 0.483282 0.667996
vn 0.565880 0.483282 0.667996
vn 0.524698 0.580270 0.622879
vn 0.646549 0.363103 0.670918
vn 0.616282 0.467117 0.634034
vn 0.616282 0.467117 0.634034
vn 0.577945 0.565013 0.588846
vn 0.351875 0.742341 0.570188
vn 0.433212 0.557929 0.707844
vn 0.433212 0.557929 0.707844
vn 0.488742 0.340279 0.803331
vn 0.402921 0.593109 0.697048
vn 0.402908 0.593124 0.697043
vn 0.402908 0.593124 0.697043
vn 0.402896 0.593139 0.697037
vn 0.418433 0.620928 0.662844
vn 0.417594 0.621424 0.662908
vn 0.417594 0.621424 0.662908
vn 0.416755 0.621919 0.662972
vn 0.422049 0.629606 0.652281
vn 0.422489 0.629345 0.652248
vn 0.422489 0.629345 0.652248
vn 0.422930 0.629083 0.652215
vn 0.419613 0.624930 0.658321
vn 0.419721 0.624878 0.658302
vn 0.419721 0.624878 0.658302
vn 0.419829 0.624826 0.658283
vn 0.430290 0.642379 0.634192
vn 0.428740 0.643281 0.634328
vn 0.428740 0.643281 0.634328
vn 0.427188 0.644181 0.634462
vn 0.416719 0.619367 0.665379
vn 0.417038 0.619189 0.665345
vn 0.417038 0.619189 0.665345
vn 0.417357 0.619011 0.665311
vn 0.423801 0.636942 0.643970
vn 0.425131 0.636185 0.643842
vn 0.425131 0.636185 0.643842
vn 0.426460 0.635426 0.643712
vn 0.397493 0.582880 0.708696
vn 0.397354 0.582958 0.708710
vn 0.397354 0.582958 0.708710
vn 0.397216 0.583036 0.708723
vn -0.937179 0.250662 0.242618
vn -0.937177 0.250673 0.242615
vn -0.937177 0.250673 0.242615
vn -0.937175 0.250683 0.242613
vn -0.919188 0.282488 0.274396
vn -0.919192 0.283200 0.273650
vn -0.919192 0.283200 0.273650
vn -0.919194 0.283912 0.272904
vn -0.914220 0.291294 0.281690
vn -0.914230 0.290899 0.282067
vn -0.914230 0.290899 0.282067
vn -0.914239 0.290504 0.282444
vn -0.880660 0.340639 0.329247
vn -0.880655 0.340400 0.329507
vn -0.880655 0.340400 0.329507
vn -0.880650 0.340162 0.329767
vn -0.916955 0.287736 0.276409
vn -0.916949 0.286944 0.277251
vn -0.916949 0.286944 0.277251
vn -0.916942 0.286152 0.278092
vn -0.924498 0.273954 0.265050
vn -0.924489 0.273771 0.265274
vn -0.924489 0.273771 0.265274
vn -0.924479 0.273587 0.265497
vn -0.876381 0.346306 0.334708
vn -0.876362 0.346065 0.335006
vn -0.876362 0.346065 0.335006
vn -0.876343 0.345823 0.335304
vn -0.904377 0.308258 0.295091
vn -0.904419 0.306946 0.296330
vn -0.904419 0.306946 0.296330
vn -0.904457 0.305633 0.297568
vn -0.939928 0.245278 0.237432
vn -0.939930 0.245334 0.237365
vn -0.939930 0.245334 0.237365
vn -0.939933 0.245390 0.237298
vn -0.937179 0.250661 0.242620
vn -0.937181 0.250656 0.242617
vn -0.937181 0.250656 0.242617
vn -0.937184 0.250650 0.242613
vn -0.919874 0.281324 0.273294
vn -0.919870 0.282032 0.272574
vn -0.919870 0.282032 0.272574
vn -0.919866 0.282739 0.271854
vn -0.914238 0.291236 0.281693
vn -0.914232 0.290892 0.282068
vn -0.914232 0.290892 0.282068
vn -0.914226 0.290548 0.282442
vn -0.937571 0.249889 0.241899
vn -0.937565 0.249922 0.241890
vn -0.937565 0.249922 0.241890
vn -0.937559 0.249954 0.241881
vn 0.371077 0.607896 0.701971
vn 0.371077 0.607876 0.701989
vn 0.371077 0.607876 0.701989
vn 0.371076 0.607856 0.702006
vn 0.387517 0.635344 0.667958
vn 0.386681 0.635820 0.667990
vn 0.386681 0.635820 0.667990
vn 0.385846 0.636294 0.668021
vn 0.391415 0.643919 0.657391
vn 0.391870 0.643643 0.657391
vn 0.391870 0.643643 0.657391
vn 0.392325 0.643366 0.657390
vn 0.373215 0.611604 0.697604
vn 0.373212 0.611624 0.697588
vn 0.373212 0.611624 0.697588
vn 0.373209 0.611643 0.697573
vn 0.400199 0.656444 0.639470
vn 0.398615 0.657370 0.639508
vn 0.398615 0.657370 0.639508
vn 0.397029 0.658294 0.639544
vn 0.385737 0.633791 0.670459
vn 0.386059 0.633622 0.670434
vn 0.386059 0.633622 0.670434
vn 0.386381 0.633453 0.670408
vn 0.393414 0.651103 0.649068
vn 0.394745 0.650377 0.648988
vn 0.394745 0.650377 0.648988
vn 0.396076 0.649650 0.648906
vn 0.365360 0.597737 0.713598
vn 0.365218 0.597821 0.713600
vn 0.365218 0.597821 0.713600
vn 0.365076 0.597906 0.713602
vn -0.947978 0.243539 0.205006
vn -0.947976 0.243551 0.204999
vn -0.947976 0.243551 0.204999
vn -0.947975 0.243562 0.204992
vn -0.935745 0.269116 0.227942
vn -0.935766 0.268578 0.228489
vn -0.935766 0.268578 0.228489
vn -0.935787 0.268040 0.229037
vn -0.926890 0.284980 0.244257
vn -0.926897 0.284629 0.244638
vn -0.926897 0.284629 0.244638
vn -0.926904 0.284279 0.245019
vn -0.895580 0.335471 0.292224
vn -0.895592 0.335217 0.292481
vn -0.895592 0.335217 0.292481
vn -0.895603 0.334963 0.292738
vn -0.941856 0.256714 0.216808
vn -0.941862 0.256448 0.217095
vn -0.941862 0.256448 0.217095
vn -0.941868 0.256182 0.217383
vn -0.936357 0.267340 0.227521
vn -0.936355 0.267150 0.227748
vn -0.936355 0.267150 0.227748
vn -0.936354 0.266961 0.227975
vn -0.770057 0.475098 0.425786
vn -0.770115 0.474363 0.426500
vn -0.770115 0.474363 0.426500
vn -0.770172 0.473628 0.427213
vn -0.917698 0.302343 0.257719
vn -0.917778 0.301016 0.258985
vn -0.917778 0.301016 0.258985
vn -0.917854 0.299689 0.260251
vn -0.950473 0.238095 0.199779
vn -0.950473 0.238144 0.199723
vn -0.950473 0.238144 0.199723
vn -0.950473 0.238192 0.199667
vn -0.954714 0.228420 0.190647
vn -0.954715 0.228452 0.190604
vn -0.954715 0.228452 0.190604
vn -0.954716 0.228483 0.190561
vn -0.932106 0.274917 0.235793
vn -0.932093 0.275578 0.235074
vn -0.932093 0.275578 0.235074
vn -0.932078 0.276239 0.234354
vn -0.926882 0.285022 0.244237
vn -0.926898 0.284641 0.244620
vn -0.926898 0.284641 0.244620
vn -0.926915 0.284260 0.245002
vn 0.376546 0.617412 0.690663
vn 0.376532 0.617409 0.690673
vn 0.376532 0.617409 0.690673
vn 0.376518 0.617406 0.690684
vn 0.621539 0.435683 0.651052
vn 0.621539 0.435683 0.651052
vn 0.621539 0.435683 0.651052
vn 0.391428 0.643910 0.657392
vn 0.391876 0.643638 0.657391
vn 0.391876 0.643638 0.657391
vn 0.392325 0.643366 0.657390
vn -0.566061 0.773912 0.283964
vn -0.114237 0.808547 0.577237
vn -0.114237 0.808547 0.577237
vn 0.370871 0.607608 0.702330
vn 0.594190 0.514116 0.618565
vn 0.594190 0.514116 0.618565
vn 0.594190 0.514116 0.618565
vn -0.213719 0.669859 0.711065
vn 0.016637 0.629989 0.776426
vn 0.016637 0.629989 0.776426
vn 0.246012 0.552996 0.796036
vn -0.467315 0.847446 0.251895
vn -0.094290 0.867184 0.488980
vn -0.094290 0.867184 0.488980
vn 0.297192 0.717172 0.630349
vn 0.772229 0.262559 0.578554
vn 0.772229 0.262559 0.578554
vn 0.772229 0.262559 0.578554
vn -0.180439 0.661301 0.728096
vn 0.051642 0.617932 0.784534
vn 0.051642 0.617932 0.784534
vn 0.280680 0.538150 0.794741
vn -0.361392 0.802867 0.474130
vn -0.027830 0.773113 0.633658
vn -0.027830 0.773113 0.633658
vn 0.309562 0.636979 0.705995
vn 0.408079 0.602772 0.685666
vn 0.408053 0.602791 0.685664
vn 0.408053 0.602791 0.685664
vn 0.408027 0.602810 0.685663
vn 0.861512 0.159572 0.482011
vn 0.861512 0.159572 0.482011
vn 0.861512 0.159572 0.482011
vn 0.422052 0.629608 0.652277
vn 0.422491 0.629346 0.652246
vn 0.422491 0.629346 0.652246
vn 0.422930 0.629083 0.652215
vn -0.465263 0.802636 0.373238
vn -0.026694 0.808072 0.588479
vn -0.026694 0.808072 0.588479
vn 0.418247 0.620620 0.663250
vn -0.013516 0.046131 0.998844
vn -0.324875 -0.275662 0.904692
vn -0.324875 -0.275662 0.904692
vn -0.568218 -0.539743 0.621133
vn 0.438261 0.560628 0.702583
vn 0.438261 0.560628 0.702583
vn 0.438261 0.560628 0.702583
vn 0.004432 0.042591 0.999083
vn 0.393122 -0.309352 0.865885
vn 0.393122 -0.309352 0.865885
vn 0.666750 -0.570752 0.479256
vn 0.023848 0.061624 0.997815
vn 0.023489 0.062026 0.997798
vn 0.023489 0.062026 0.997798
vn 0.023130 0.062429 0.997781
vn -0.573391 0.663838 0.480147
vn -0.573391 0.663838 0.480147
vn -0.573391 0.663838 0.480147
vn -0.889947 0.326487 0.318433
vn -0.851548 0.178164 0.493075
vn -0.851548 0.178164 0.493075
vn -0.767188 0.020225 0.641104
vn -0.910282 0.297590 0.287798
vn -0.910296 0.297143 0.288214
vn -0.910296 0.297143 0.288214
vn -0.910310 0.296696 0.288630
vn -0.669574 0.707341 -0.226580
vn -0.669574 0.707341 -0.226580
vn -0.669574 0.707341 -0.226580
vn -0.948321 0.242812 0.204281
vn -0.948325 0.242804 0.204271
vn -0.948325 0.242804 0.204271
vn -0.948329 0.242796 0.204261
vn -0.745767 -0.173323 0.643265
vn -0.745767 -0.173323 0.643265
vn -0.745767 -0.173323 0.643265
vn -0.898935 0.330556 0.287486
vn -0.898920 0.329824 0.288372
vn -0.898920 0.329824 0.288372
vn -0.898904 0.329092 0.289259
vn -0.897263 0.331472 0.291627
vn -0.874510 0.470177 0.119022
vn -0.874510 0.470177 0.119022
vn -0.808426 0.585585 -0.059481
vn 0.094343 0.130491 0.986951
vn 0.336718 -0.139274 0.931249
vn 0.336718 -0.139274 0.931249
vn 0.533764 -0.390290 0.750180
vn -0.267641 0.607018 0.748263
vn -0.267641 0.607018 0.748263
vn -0.267641 0.607018 0.748263
vn -0.024208 0.014447 0.999603
vn 0.329316 -0.319385 0.888563
vn 0.329316 -0.319385 0.888563
vn 0.600923 -0.573768 0.556491
vn -0.092279 -0.055261 0.994199
vn -0.092872 -0.054545 0.994183
vn -0.092872 -0.054545 0.994183
vn -0.093466 -0.053830 0.994166
vn -0.322761 0.383540 0.865287
vn -0.322761 0.383540 0.865287
vn -0.322761 0.383540 0.865287
vn -0.047150 0.076302 0.995969
vn 0.166359 0.290103 0.942425
vn 0.166359 0.290103 0.942425
vn 0.364203 0.476587 0.800138
vn -0.008631 0.043349 0.999023
vn -0.008440 0.043591 0.999014
vn -0.008440 0.043591 0.999014
vn -0.008250 0.043832 0.999005
vn -0.399040 -0.467195 0.788984
vn -0.399040 -0.467195 0.788984
vn -0.399040 -0.467195 0.788984
vn -0.012469 0.999835 0.013252
vn -0.012468 0.999835 0.013252
vn -0.012468 0.999835 0.013252
vn -0.012467 0.999835 0.013251
vn -0.012467 0.999835 0.013252
vn -0.012467 0.999834 0.013252
vn -0.012467 0.999834 0.013252
vn -0.012467 0.999835 0.013251
vn -0.012467 0.999835 0.013252
vn -0.012467 0.999835 0.013251
vn -0.012467 0.999835 0.013251
vn -0.012467 0.999834 0.013251
vn -0.012466 0.999835 0.013251
vn -0.012467 0.999835 0.013251
vn -0.012467 0.999835 0.013251
vn -0.012467 0.999835 0.013251
vn -0.012467 0.999835 0.013251
vn -0.012467 0.999834 0.013252
vn -0.012467 0.999834 0.013252
vn -0.012467 0.999835 0.013253
vn -0.000044 0.031806 0.999494
vn 0.001697 0.032346 0.999475
vn 0.001697 0.032346 0.999475
vn 0.003439 0.032886 0.999453
vn 0.900347 0.435164 0.002907
vn 0.900250 0.435371 0.001460
vn 0.900250 0.435371 0.001460
vn 0.900152 0.435576 0.000013
vn -0.999967 0.008185 -0.000002
vn -0.999967 0.007908 0.001680
vn -0.999967 0.007908 0.001680
vn -0.999965 0.007632 0.003362
vn -0.004125 0.021606 -0.999758
vn -0.002042 0.022295 -0.999749
vn -0.002042 0.022295 -0.999749
vn 0.000041 0.022985 -0.999736
vn 0.904995 0.425421 -0.000092
vn 0.904916 0.425588 0.001276
vn 0.904916 0.425588 0.001276
vn 0.904835 0.425754 0.002644
vn -0.999982 -0.005952 -0.000437
vn -0.999979 -0.006371 0.001370
vn -0.999979 -0.006371 0.001370
vn -0.999972 -0.006789 0.003177
vn 0.004019 -0.013213 0.999905
vn 0.004018 -0.013213 0.999905
vn 0.004018 -0.013213 0.999905
vn 0.004018 -0.013213 0.999905
vn 0.935489 0.353353 0.001717
vn 0.935506 0.353308 0.001658
vn 0.935506 0.353308 0.001658
vn 0.935523 0.353262 0.001599
vn 0.004018 -0.013213 0.999905
vn 0.004018 -0.013213 0.999905
vn 0.004018 -0.013213 0.999905
vn 0.004018 -0.013213 0.999905
vn -0.999946 -0.009956 0.003130
vn -0.999946 -0.009886 0.003075
vn -0.999946 -0.009886 0.003075
vn -0.999947 -0.009815 0.003021
vn 0.934975 0.353634 -0.027660
vn 0.934977 0.353627 -0.027660
vn 0.934977 0.353627 -0.027660
vn 0.934980 0.353620 -0.027659
vn -0.004020 0.013212 -0.999905
vn -0.004019 0.013212 -0.999905
vn -0.004019 0.013212 -0.999905
vn -0.004018 0.013213 -0.999905
vn 0.935527 0.353252 0.001584
vn 0.935501 0.353320 0.001652
vn 0.935501 0.353320 0.001652
vn 0.935475 0.353388 0.001719
vn -0.999944 -0.010064 0.003134
vn -0.999946 -0.009935 0.003029
vn -0.999946 -0.009935 0.003029
vn -0.999948 -0.009806 0.002924
vn -0.004018 0.013212 -0.999905
vn -0.004018 0.013212 -0.999905
vn -0.004018 0.013212 -0.999905
vn -0.004018 0.013212 -0.999905
vn -0.999360 -0.010197 0.034293
vn -0.999359 -0.010347 0.034280
vn -0.999359 -0.010347 0.034280
vn -0.999358 -0.010496 0.034268
vn 0.935172 0.352833 0.031012
vn 0.935259 0.352604 0.030992
vn 0.935259 0.352604 0.030992
vn 0.935346 0.352376 0.030972
vn -0.012467 0.999834 0.013251
vn -0.012468 0.999834 0.013251
vn -0.012468 0.999834 0.013251
vn -0.012468 0.999834 0.013251
vn -0.999544 -0.009394 -0.028710
vn -0.999545 -0.009324 -0.028703
vn -0.999545 -0.009324 -0.028703
vn -0.999545 -0.009253 -0.028696
vn 0.901315 0.433164 0.000000
vn 0.901318 0.433158 0.000050
vn 0.901318 0.433158 0.000050
vn 0.901321 0.433151 0.000099
vn -1.000000 0.000000 0.000000
vn -1.000000 0.000000 0.000000
vn -1.000000 0.000000 0.000000
vn -1.000000 0.000000 0.000000
vn -1.000000 -0.000000 0.000000
vn -1.000000 -0.000000 0.000000
vn -1.000000 -0.000000 0.000000
vn -1.000000 0.000000 0.000000
vn 0.901139 0.433530 -0.000031
vn 0.901137 0.433535 -0.000002
vn 0.901137 0.433535 -0.000002
vn 0.901135 0.433539 0.000027
vn 0.901308 0.433178 0.000099
vn 0.901286 0.433225 0.000050
vn 0.901286 0.433225 0.000050
vn 0.901264 0.433272 -0.000000
vn 0.900708 0.433559 0.027408
vn 0.903744 0.427226 0.026922
vn 0.903744 0.427226 0.026922
vn 0.906735 0.420871 0.026434
vn 0.900712 0.433548 -0.027446
vn 0.903762 0.427185 -0.026958
vn 0.903762 0.427185 -0.026958
vn 0.906767 0.420801 -0.026468
vn 0.901301 0.433193 0.000000
vn 0.901309 0.433176 -0.000021
vn 0.901309 0.433176 -0.000021
vn 0.901317 0.433159 -0.000042
vn -0.004205 0.028376 -0.999588
vn -0.002098 0.028142 -0.999602
vn -0.002098 0.028142 -0.999602
vn 0.000008 0.027908 -0.999610
vn -0.004023 0.013213 -0.999905
vn -0.004019 0.013213 -0.999905
vn -0.004019 0.013213 -0.999905
vn -0.004015 0.013212 -0.999905
vn -0.012465 0.999835 0.013247
vn -0.012466 0.999835 0.013249
vn -0.012466 0.999835 0.013249
vn -0.012467 0.999834 0.013250
vn -0.012467 0.999835 0.013251
vn -0.012466 0.999835 0.013251
vn -0.012466 0.999835 0.013251
vn -0.012465 0.999834 0.013252
vn -0.012466 0.999835 0.013251
vn -0.012466 0.999834 0.013251
vn -0.012466 0.999834 0.013251
vn -0.012466 0.999835 0.013251
vn -0.012467 0.999835 0.013251
vn -0.012467 0.999835 0.013252
vn -0.012467 0.999835 0.013252
vn -0.012466 0.999835 0.013252
vn 0.004021 -0.013212 0.999905
vn 0.004019 -0.013212 0.999905
vn 0.004019 -0.013212 0.999905
vn 0.004018 -0.013212 0.999905
vn 0.003509 0.027584 0.999613
vn 0.001756 0.027331 0.999625
vn 0.001756 0.027331 0.999625
vn 0.000003 0.027078 0.999633
vn 0.000000 0.027283 0.999628
vn 0.000000 0.027283 0.999628
vn 0.000000 0.027283 0.999628
vn 0.000000 0.027283 0.999628
vn 0.901363 0.433065 -0.000003
vn 0.901365 0.433061 -0.000002
vn 0.901365 0.433061 -0.000002
vn 0.901367 0.433057 0.000000
vn 0.000000 0.027283 -0.999628
vn 0.000002 0.027283 -0.999628
vn 0.000002 0.027283 -0.999628
vn 0.000004 0.027284 -0.999628
vn -1.000000 -0.000011 0.000000
vn -1.000000 -0.000003 0.000000
vn -1.000000 -0.000003 0.000000
vn -1.000000 0.000006 0.000000
vn 0.901308 0.433178 0.000019
vn 0.901308 0.433178 0.000019
vn 0.901308 0.433178 0.000019
vn 0.901080 0.433653 0.000090
vn 0.901082 0.433648 0.000055
vn 0.901082 0.433648 0.000055
vn 0.901085 0.433643 0.000019
vn 0.903066 0.429493 0.002903
vn 0.902986 0.429668 0.001498
vn 0.902986 0.429668 0.001498
vn 0.902904 0.429843 0.000093
vn 0.935505 0.353310 0.001715
vn 0.935493 0.353340 0.001756
vn 0.935493 0.353340 0.001756
vn 0.935482 0.353370 0.001797
vn -0.012467 0.999834 0.013252
vn -0.012467 0.999835 0.013250
vn -0.012467 0.999835 0.013250
vn -0.012467 0.999835 0.013248
vn -0.012467 0.999835 0.013252
vn -0.012467 0.999835 0.013252
vn -0.012467 0.999835 0.013252
vn -0.012467 0.999835 0.013252
vn -0.012466 0.999835 0.013251
vn -0.012467 0.999835 0.013251
vn -0.012467 0.999835 0.013251
vn -0.012468 0.999835 0.013251
vn -0.999946 -0.009964 0.002939
vn -0.999947 -0.009878 0.003004
vn -0.999947 -0.009878 0.003004
vn -0.999947 -0.009792 0.003068
vn 0.012467 -0.999834 -0.013254
vn 0.012467 -0.999835 -0.013252
vn 0.012467 -0.999835 -0.013252
vn 0.012467 -0.999835 -0.013250
vn -0.904934 -0.425553 0.000050
vn -0.905040 -0.425325 -0.001319
vn -0.905040 -0.425325 -0.001319
vn -0.905144 -0.425097 -0.002688
vn -0.903893 -0.427759 -0.000059
vn -0.903888 -0.427769 -0.000000
vn -0.903888 -0.427769 -0.000000
vn -0.903884 -0.427778 0.000059
vn -0.903903 -0.427737 -0.000059
vn -0.903903 -0.427737 -0.000059
vn -0.903903 -0.427737 -0.000059
vn -0.000252 -0.024770 -0.999693
vn -0.001895 -0.024941 -0.999687
vn -0.001895 -0.024941 -0.999687
vn -0.003539 -0.025111 -0.999678
vn 0.012466 -0.999835 -0.013251
vn 0.012467 -0.999835 -0.013251
vn 0.012467 -0.999835 -0.013251
vn 0.012468 -0.999834 -0.013251
vn 0.012468 -0.999834 -0.013250
vn 0.012466 -0.999835 -0.013250
vn 0.012466 -0.999835 -0.013250
vn 0.012465 -0.999835 -0.013250
vn 0.012470 -0.999834 -0.013251
vn 0.012467 -0.999835 -0.013251
vn 0.012467 -0.999835 -0.013251
vn 0.012465 -0.999835 -0.013251
vn 0.004176 -0.025624 0.999663
vn 0.002091 -0.025906 0.999662
vn 0.002091 -0.025906 0.999662
vn 0.000007 -0.026187 0.999657
vn 0.000000 -0.024980 0.999688
vn 0.000000 -0.024980 0.999688
vn 0.000000 -0.024980 0.999688
vn 0.000000 -0.024981 0.999688
vn 0.997150 0.007711 -0.075054
vn 0.997481 0.006684 -0.070618
vn 0.997481 0.006684 -0.070618
vn 0.997792 0.005657 -0.066181
vn 0.012467 -0.999835 -0.013250
vn 0.012467 -0.999835 -0.013251
vn 0.012467 -0.999835 -0.013251
vn 0.012467 -0.999835 -0.013252
vn -0.907007 -0.421117 0.000160
vn -0.906925 -0.421290 -0.001266
vn -0.906925 -0.421290 -0.001266
vn -0.906842 -0.421462 -0.002693
vn -0.902634 -0.430399 -0.002827
vn -0.902550 -0.430583 -0.001584
vn -0.902550 -0.430583 -0.001584
vn -0.902463 -0.430766 -0.000341
vn 0.012467 -0.999834 -0.013252
vn 0.012467 -0.999834 -0.013252
vn 0.012467 -0.999834 -0.013252
vn 0.012467 -0.999834 -0.013252
vn 0.977037 0.004072 -0.213031
vn 0.992798 -0.011772 -0.119221
vn 0.992798 -0.011772 -0.119221
vn 0.999326 -0.027507 -0.024301
vn -0.004018 0.013213 -0.999905
vn -0.004018 0.013213 -0.999905
vn -0.004018 0.013213 -0.999905
vn -0.004018 0.013214 -0.999905
vn -0.935212 -0.352655 -0.031829
vn -0.933942 -0.356032 -0.031531
vn -0.933942 -0.356032 -0.031531
vn -0.932659 -0.359405 -0.031233
vn -0.016574 0.228983 0.973289
vn -0.000779 0.145274 0.989391
vn -0.000779 0.145274 0.989391
vn 0.015022 0.060474 0.998057
vn 0.999440 0.027901 0.018446
vn 0.999768 0.008683 0.019717
vn 0.999768 0.008683 0.019717
vn 0.999724 -0.010537 0.020981
vn 0.998071 -0.057964 -0.022237
vn 0.999662 -0.002413 -0.025896
vn 0.999662 -0.002413 -0.025896
vn 0.998152 0.053146 -0.029475
vn 0.004017 -0.013212 0.999905
vn 0.004018 -0.013212 0.999905
vn 0.004018 -0.013212 0.999905
vn 0.004018 -0.013212 0.999905
vn -0.935026 -0.353498 0.027657
vn -0.935003 -0.353559 0.027661
vn -0.935003 -0.353559 0.027661
vn -0.934980 -0.353620 0.027665
vn -0.004018 0.013213 -0.999905
vn -0.004018 0.013213 -0.999905
vn -0.004018 0.013213 -0.999905
vn -0.004018 0.013213 -0.999905
vn -0.000013 -0.001932 -0.999998
vn -0.001913 -0.002565 -0.999995
vn -0.001913 -0.002565 -0.999995
vn -0.003812 -0.003197 -0.999988
vn 0.012465 -0.999835 -0.013251
vn 0.012466 -0.999835 -0.013251
vn 0.012466 -0.999835 -0.013251
vn 0.012467 -0.999835 -0.013251
vn 0.004098 -0.019606 0.999799
vn 0.002007 -0.020301 0.999792
vn 0.002007 -0.020301 0.999792
vn -0.000084 -0.020995 0.999780
vn -0.000057 -0.001538 -0.999999
vn -0.000034 -0.001530 -0.999999
vn -0.000034 -0.001530 -0.999999
vn -0.000010 -0.001523 -0.999999
vn -0.000304 -0.029583 -0.999562
vn -0.001887 -0.030069 -0.999546
vn -0.001887 -0.030069 -0.999546
vn -0.003469 -0.030555 -0.999527
vn 0.012468 -0.999835 -0.013251
vn 0.012467 -0.999835 -0.013251
vn 0.012467 -0.999835 -0.013251
vn 0.012466 -0.999834 -0.013251
vn 0.346255 0.159754 0.924438
vn 0.304505 0.146653 0.941153
vn 0.304505 0.146653 0.941153
vn 0.262087 0.133230 0.955804
vn 0.262390 0.120768 0.957375
vn 0.255900 0.118863 0.959368
vn 0.255900 0.118863 0.959368
vn 0.249396 0.116952 0.961314
vn 0.000000 0.027283 0.999628
vn -0.000001 0.027283 0.999628
vn -0.000001 0.027283 0.999628
vn -0.000002 0.027283 0.999628
vn 0.000000 0.027283 0.999628
vn 0.000000 0.027283 0.999628
vn 0.000000 0.027283 0.999628
vn -0.000001 0.027283 0.999628
vn -0.000001 0.027282 0.999628
vn -0.000001 0.027282 0.999628
vn 0.000000 0.027282 0.999628
vn -0.903220 -0.428257 -0.028083
vn -0.907606 -0.418932 -0.027336
vn -0.907606 -0.418932 -0.027336
vn -0.911895 -0.409561 -0.026586
vn -0.000000 -0.025040 -0.999686
vn -0.000000 -0.025039 -0.999686
vn -0.000000 -0.025039 -0.999686
vn 0.000000 -0.025039 -0.999687
vn -1.000000 0.000000 0.000000
vn -1.000000 0.000003 0.000000
vn -1.000000 0.000003 0.000000
vn -1.000000 0.000005 0.000000
vn 0.000008 0.027282 0.999628
vn 0.000004 0.027283 0.999628
vn 0.000004 0.027283 0.999628
vn 0.000000 0.027283 0.999628
vn 0.000000 0.027283 0.999628
vn 0.000000 0.027283 0.999628
vn 0.000000 0.027283 0.999628
vn 0.000002 -0.025039 -0.999686
vn 0.000002 -0.025039 -0.999686
vn 0.000002 -0.025039 -0.999686
vn -0.000254 -0.024939 -0.999689
vn -0.000126 -0.024953 -0.999689
vn -0.000126 -0.024953 -0.999689
vn 0.000001 -0.024966 -0.999688
vn 0.008393 0.999002 -0.043863
vn 0.004711 0.996766 -0.080217
vn 0.004711 0.996766 -0.080217
vn 0.001022 0.993195 -0.116462
vn -0.903904 -0.427735 0.000068
vn -0.903901 -0.427742 0.000034
vn -0.903901 -0.427742 0.000034
vn -0.903898 -0.427749 0.000000
vn 0.987903 0.015204 -0.154329
vn 0.982775 0.019861 -0.183735
vn 0.982775 0.019861 -0.183735
vn 0.976751 0.024500 -0.212973
vn 0.000000 -0.025040 -0.999686
vn 0.000000 -0.025040 -0.999686
vn 0.000000 -0.025040 -0.999686
vn 0.000000 -0.025040 -0.999686
vn -0.137400 0.990481 0.008314
vn -0.058246 0.998293 0.004209
vn -0.058246 0.998293 0.004209
vn 0.021278 0.999774 0.000076
vn 0.000000 0.027283 0.999628
vn 0.000000 0.027283 0.999628
vn 0.000000 0.027283 0.999628
vn 0.000000 0.027283 0.999628
vn -0.000007 0.028161 -0.999603
vn -0.000010 0.028160 -0.999603
vn -0.000010 0.028160 -0.999603
vn -0.000013 0.028160 -0.999603
vn 0.000000 0.027282 -0.999628
vn 0.000000 0.027282 -0.999628
vn 0.000000 0.027282 -0.999628
vn 0.000000 0.027283 -0.999628
vn 0.000000 0.027283 -0.999628
vn 0.000000 0.027283 -0.999628
vn 0.000000 0.027283 -0.999628
vn 0.000000 0.027283 -0.999628
vn -1.000000 0.000001 0.000000
vn -1.000000 0.000000 0.000000
vn -1.000000 0.000000 0.000000
vn -1.000000 0.000000 0.000000
vn 0.000000 -0.024981 0.999688
vn 0.000000 -0.024981 0.999688
vn 0.000000 -0.024981 0.999688
vn -0.903259 -0.428212 0.027536
vn -0.906199 -0.421987 0.027037
vn -0.906199 -0.421987 0.027037
vn -0.909096 -0.415741 0.026537
vn -0.000003 0.027284 -0.999628
vn -0.000003 0.027284 -0.999628
vn -0.000003 0.027284 -0.999628
vn 0.000000 0.027283 -0.999628
vn -0.000000 0.027283 -0.999628
vn -0.000000 0.027283 -0.999628
vn -0.000001 0.027283 -0.999628
vn 0.000000 -0.024980 0.999688
vn -0.000002 -0.024980 0.999688
vn -0.000002 -0.024980 0.999688
vn -0.000004 -0.024980 0.999688
vn 0.000005 -0.024981 0.999688
vn 0.000005 -0.024981 0.999688
vn 0.000005 -0.024981 0.999688
vn -0.011741 0.998377 -0.055728
vn -0.009592 0.997042 -0.076255
vn -0.009592 0.997042 -0.076255
vn -0.007439 0.995281 -0.096750
vn -0.903961 -0.427615 -0.000033
vn -0.903962 -0.427613 -0.000021
vn -0.903962 -0.427613 -0.000021
vn -0.903963 -0.427611 -0.000009
vn 0.999763 0.008265 -0.020126
vn 0.999081 0.004140 -0.042671
vn 0.999081 0.004140 -0.042671
vn 0.997873 0.000013 -0.065195
vn -0.000088 -0.025687 0.999670
vn -0.000037 -0.025672 0.999671
vn -0.000037 -0.025672 0.999671
vn 0.000014 -0.025656 0.999671
vn 0.037591 0.999291 0.001943
vn 0.081047 0.996702 0.004132
vn 0.081047 0.996702 0.004132
vn 0.124348 0.992219 0.006313
vn -0.000000 -0.024980 0.999688
vn -0.000000 -0.024980 0.999688
vn -0.000000 -0.024980 0.999688
vn 0.000000 -0.024981 0.999688
vn 0.044046 -0.000687 0.999029
vn 0.091169 0.047044 0.994724
vn 0.091169 0.047044 0.994724
vn 0.137881 0.094563 0.985924
vn -0.101720 -0.106612 0.989084
vn -0.035245 -0.048128 0.998219
vn -0.035245 -0.048128 0.998219
vn 0.031509 0.010738 0.999446
vn 0.030391 0.011711 0.999469
vn 0.075755 0.054460 0.995638
vn 0.075755 0.054460 0.995638
vn 0.120824 0.096996 0.987924
vn -0.903899 -0.427747 -0.000074
vn -0.903885 -0.427776 -0.000037
vn -0.903885 -0.427776 -0.000037
vn -0.903871 -0.427806 0.000000
vn 0.092763 -0.044455 0.994695
vn 0.092570 -0.044645 0.994705
vn 0.092570 -0.044645 0.994705
vn 0.092378 -0.044835 0.994714
vn 0.011054 0.028834 0.999523
vn 0.011084 0.028861 0.999522
vn 0.011084 0.028861 0.999522
vn 0.011113 0.028888 0.999521
vn -0.174591 -0.133153 0.975596
vn -0.082549 -0.052549 0.995201
vn -0.082549 -0.052549 0.995201
vn 0.010760 0.028863 0.999526
vn -0.025277 0.060241 0.997864
vn -0.024861 0.060615 0.997852
vn -0.024861 0.060615 0.997852
vn -0.024444 0.060989 0.997839
vn 0.015185 0.025146 0.999568
vn 0.015202 0.025161 0.999568
vn 0.015202 0.025161 0.999568
vn 0.015220 0.025175 0.999567
vn 0.042513 0.015036 0.998983
vn 0.039035 0.011124 0.999176
vn 0.039035 0.011124 0.999176
vn 0.035556 0.007212 0.999342
vn 0.025034 0.016405 0.999552
vn 0.025005 0.016377 0.999553
vn 0.025005 0.016377 0.999553
vn 0.024977 0.016350 0.999554
vn 0.030091 0.011310 0.999483
vn 0.030267 0.011489 0.999476
vn 0.030267 0.011489 0.999476
vn 0.030443 0.011667 0.999468
vn 0.004649 0.034176 0.999405
vn 0.004805 0.034312 0.999400
vn 0.004805 0.034312 0.999400
vn 0.004961 0.034449 0.999394
vn -0.042756 0.004232 0.999077
vn -0.042352 0.003783 0.999096
vn -0.042352 0.003783 0.999096
vn -0.041949 0.003334 0.999114
vn -0.010724 0.027405 0.999567
vn -0.010890 0.027591 0.999560
vn -0.010890 0.027591 0.999560
vn -0.011055 0.027778 0.999553
vn -0.020780 0.020107 0.999582
vn -0.020774 0.020104 0.999582
vn -0.020774 0.020104 0.999582
vn -0.020768 0.020101 0.999582
vn -0.010719 0.027405 0.999567
vn -0.010887 0.027589 0.999560
vn -0.010887 0.027589 0.999560
vn -0.011054 0.027774 0.999553
vn -0.009932 0.028383 0.999548
vn -0.010002 0.028466 0.999545
vn -0.010002 0.028466 0.999545
vn -0.010073 0.028549 0.999542
vn -0.017097 0.022797 0.999594
vn -0.017154 0.022862 0.999592
vn -0.017154 0.022862 0.999592
vn -0.017210 0.022927 0.999589
vn -0.070224 -0.017681 0.997375
vn -0.069877 -0.018075 0.997392
vn -0.069877 -0.018075 0.997392
vn -0.069530 -0.018468 0.997409
vn -0.003363 0.033390 0.999437
vn -0.003393 0.033434 0.999435
vn -0.003393 0.033434 0.999435
vn -0.003423 0.033479 0.999434
vn -0.017095 0.022791 0.999594
vn -0.017147 0.022857 0.999592
vn -0.017147 0.022857 0.999592
vn -0.017200 0.022923 0.999589
vn -0.009982 0.028345 0.999548
vn -0.010058 0.028424 0.999545
vn -0.010058 0.028424 0.999545
vn -0.010134 0.028503 0.999542
vn -0.014014 0.025024 0.999589
vn -0.014120 0.025153 0.999584
vn -0.014120 0.025153 0.999584
vn -0.014225 0.025282 0.999579
vn -0.010720 0.027408 0.999567
vn -0.010890 0.027592 0.999560
vn -0.010890 0.027592 0.999560
vn -0.011061 0.027776 0.999553
vn 0.086148 0.104292 0.990809
vn 0.049258 0.133961 0.989762
vn 0.049258 0.133961 0.989762
vn 0.012257 0.163330 0.986495
vn 0.044059 -0.057620 0.997366
vn 0.091175 -0.009724 0.995787
vn 0.091175 -0.009724 0.995787
vn 0.137880 0.038216 0.989711
vn 0.011011 -0.027508 0.999561
vn 0.010787 -0.027746 0.999557
vn 0.010787 -0.027746 0.999557
vn 0.010564 -0.027984 0.999553
vn 0.030405 -0.045268 0.998512
vn 0.075762 -0.002373 0.997123
vn 0.075762 -0.002373 0.997123
vn 0.120824 0.040531 0.991846
vn 0.092762 -0.101078 0.990545
vn 0.092567 -0.101267 0.990543
vn 0.092567 -0.101267 0.990543
vn 0.092373 -0.101457 0.990542
vn 0.001221 -0.018202 0.999834
vn 0.000783 -0.018636 0.999826
vn 0.000783 -0.018636 0.999826
vn 0.000345 -0.019070 0.999818
vn -0.026858 0.004650 0.999628
vn -0.026453 0.005053 0.999637
vn -0.026453 0.005053 0.999637
vn -0.026047 0.005456 0.999646
vn -0.002762 -0.014404 0.999893
vn -0.003277 -0.014941 0.999883
vn -0.003277 -0.014941 0.999883
vn -0.003792 -0.015477 0.999873
vn 0.105106 -0.110295 0.988326
vn 0.104437 -0.111005 0.988317
vn 0.104437 -0.111005 0.988317
vn 0.103767 -0.111715 0.988308
vn -0.003226 -0.015427 0.999876
vn -0.003159 -0.015364 0.999877
vn -0.003159 -0.015364 0.999877
vn -0.003092 -0.015302 0.999878
vn -0.012422 -0.005199 0.999909
vn -0.013146 -0.005937 0.999896
vn -0.013146 -0.005937 0.999896
vn -0.013871 -0.006675 0.999882
vn -0.025271 0.003276 0.999675
vn -0.024863 0.003646 0.999684
vn -0.024863 0.003646 0.999684
vn -0.024455 0.004015 0.999693
vn -0.019040 -0.001308 0.999818
vn -0.018931 -0.001205 0.999820
vn -0.018931 -0.001205 0.999820
vn -0.018822 -0.001102 0.999822
vn 0.042526 -0.041917 0.998216
vn 0.039041 -0.045844 0.998186
vn 0.039041 -0.045844 0.998186
vn 0.035555 -0.049769 0.998128
vn 0.025021 -0.040602 0.998862
vn 0.024997 -0.040627 0.998862
vn 0.024997 -0.040627 0.998862
vn 0.024973 -0.040652 0.998861
vn 0.030097 -0.045670 0.998503
vn 0.030274 -0.045491 0.998506
vn 0.030274 -0.045491 0.998506
vn 0.030451 -0.045311 0.998509
vn -0.014372 -0.006230 0.999877
vn -0.014049 -0.005947 0.999884
vn -0.014049 -0.005947 0.999884
vn -0.013726 -0.005664 0.999890
vn -0.010715 -0.029608 0.999504
vn -0.010888 -0.029421 0.999508
vn -0.010888 -0.029421 0.999508
vn -0.011061 -0.029234 0.999511
vn -0.020768 -0.036907 0.999103
vn -0.020771 -0.036903 0.999103
vn -0.020771 -0.036903 0.999103
vn -0.020773 -0.036900 0.999103
vn -0.010723 -0.029600 0.999504
vn -0.010892 -0.029418 0.999508
vn -0.010892 -0.029418 0.999508
vn -0.011060 -0.029236 0.999511
vn -0.009932 -0.028638 0.999541
vn -0.010005 -0.028549 0.999542
vn -0.010005 -0.028549 0.999542
vn -0.010079 -0.028459 0.999544
vn -0.017102 -0.034209 0.999268
vn -0.017153 -0.034145 0.999270
vn -0.017153 -0.034145 0.999270
vn -0.017204 -0.034082 0.999271
vn -0.008441 -0.027508 0.999586
vn -0.008526 -0.027409 0.999588
vn -0.008526 -0.027409 0.999588
vn -0.008610 -0.027310 0.999590
vn -0.003353 -0.023627 0.999715
vn -0.003396 -0.023582 0.999716
vn -0.003396 -0.023582 0.999716
vn -0.003439 -0.023536 0.999717
vn -0.017098 -0.034216 0.999268
vn -0.017149 -0.034152 0.999269
vn -0.017149 -0.034152 0.999269
vn -0.017200 -0.034089 0.999271
vn -0.009977 -0.028673 0.999539
vn -0.010056 -0.028595 0.999541
vn -0.010056 -0.028595 0.999541
vn -0.010134 -0.028516 0.999542
vn 0.054822 0.020724 0.998281
vn 0.054656 0.020939 0.998286
vn 0.054656 0.020939 0.998286
vn 0.054489 0.021154 0.998290
vn -0.014009 -0.031991 0.999390
vn -0.014120 -0.031860 0.999393
vn -0.014120 -0.031860 0.999393
vn -0.014231 -0.031728 0.999395
vn -0.037504 -0.049610 0.998064
vn -0.037381 -0.049743 0.998062
vn -0.037381 -0.049743 0.998062
vn -0.037257 -0.049876 0.998060
vn -0.042768 0.004241 0.999076
vn -0.042365 0.003794 0.999095
vn -0.042365 0.003794 0.999095
vn -0.041963 0.003347 0.999114
vn 0.006651 0.039946 0.999180
vn 0.006173 0.040471 0.999162
vn 0.006173 0.040471 0.999162
vn 0.005695 0.040997 0.999143
vn -0.010718 0.027408 0.999567
vn -0.010889 0.027595 0.999560
vn -0.010889 0.027595 0.999560
vn -0.011060 0.027781 0.999553
vn 0.074493 0.092510 0.992921
vn 0.073890 0.093328 0.992890
vn 0.073890 0.093328 0.992890
vn 0.073287 0.094146 0.992857
vn 0.322168 0.815276 0.481179
vn 0.390939 0.742385 0.544087
vn 0.390939 0.742385 0.544087
vn 0.454237 0.659102 0.599378
vn 0.349130 0.919169 0.182309
vn 0.488055 0.801249 0.346125
vn 0.488055 0.801249 0.346125
vn 0.597677 0.635221 0.489159
vn 0.303555 0.813286 0.496408
vn 0.362403 0.742256 0.563667
vn 0.362403 0.742256 0.563667
vn 0.416528 0.661554 0.623579
vn 0.333100 0.921959 0.197573
vn 0.485246 0.801520 0.349430
vn 0.485246 0.801520 0.349430
vn 0.607930 0.632417 0.480072
vn 0.274439 0.809215 0.519475
vn 0.330950 0.740462 0.584969
vn 0.330950 0.740462 0.584969
vn 0.383419 0.662668 0.643320
vn 0.288737 0.927279 0.238293
vn 0.419205 0.812373 0.405361
vn 0.419205 0.812373 0.405361
vn 0.525301 0.650238 0.548862
vn 0.450686 0.810915 0.373227
vn 0.564050 0.653698 0.504507
vn 0.564050 0.653698 0.504507
vn 0.646502 0.460656 0.608138
vn -0.611569 0.578849 0.539367
vn -0.651711 0.485568 0.582662
vn -0.651711 0.485568 0.582662
vn -0.683911 0.386370 0.618857
vn -0.340017 0.757737 0.556976
vn -0.449946 0.579328 0.679652
vn -0.449946 0.579328 0.679652
vn -0.533345 0.366760 0.762253
vn -0.602686 0.580490 0.547541
vn -0.642868 0.486188 0.591897
vn -0.642868 0.486188 0.591897
vn -0.675031 0.385820 0.628869
vn -0.354394 0.758078 0.547470
vn -0.465415 0.580752 0.667919
vn -0.465415 0.580752 0.667919
vn -0.549312 0.369581 0.749444
vn -0.561005 0.581045 0.589627
vn -0.599734 0.486375 0.635420
vn -0.599734 0.486375 0.635420
vn -0.630931 0.385596 0.673232
vn -0.491569 0.355777 0.794848
vn -0.401970 0.568657 0.717669
vn -0.401970 0.568657 0.717669
vn -0.288533 0.747814 0.597932
vn -0.602575 0.556605 0.571922
vn -0.637546 0.461294 0.617044
vn -0.637546 0.461294 0.617044
vn -0.664648 0.360289 0.654549
vn -0.643699 0.540398 0.541869
vn -0.683659 0.444635 0.578714
vn -0.683659 0.444635 0.578714
vn -0.715329 0.343482 0.608543
vn -0.566638 0.326492 0.756521
vn -0.502492 0.542811 0.672947
vn -0.502492 0.542811 0.672947
vn -0.409256 0.727704 0.550414
vn 0.353597 0.823004 0.444561
vn 0.422964 0.749737 0.508916
vn 0.422964 0.749737 0.508916
vn 0.486275 0.665733 0.565983
vn 0.336589 0.925883 0.171603
vn 0.492253 0.808458 0.322619
vn 0.492253 0.808458 0.322619
vn 0.617974 0.641858 0.454012
vn 0.329857 0.820650 0.466614
vn 0.396456 0.749460 0.530219
vn 0.396456 0.749460 0.530219
vn 0.457684 0.668116 0.586640
vn 0.338249 0.925629 0.169703
vn 0.496650 0.807489 0.318277
vn 0.496650 0.807489 0.318277
vn 0.624695 0.639994 0.447397
vn 0.283501 0.814098 0.506826
vn 0.337011 0.746683 0.573488
vn 0.337011 0.746683 0.573488
vn 0.386527 0.670418 0.633354
vn 0.288880 0.931807 0.219737
vn 0.433697 0.818199 0.377434
vn 0.433697 0.818199 0.377434
vn 0.553037 0.656525 0.512958
vn 0.459639 0.817303 0.347488
vn 0.580300 0.661864 0.474540
vn 0.580300 0.661864 0.474540
vn 0.669124 0.470114 0.575557
vn -0.584126 0.581519 0.566244
vn -0.625228 0.487846 0.609176
vn -0.625228 0.487846 0.609176
vn -0.658636 0.388169 0.644611
vn -0.499465 0.370827 0.782958
vn -0.430403 0.582946 0.689149
vn -0.430403 0.582946 0.689149
vn -0.336135 0.760926 0.554982
vn -0.584046 0.581691 0.566150
vn -0.625208 0.487914 0.609143
vn -0.625208 0.487914 0.609143
vn -0.658657 0.388117 0.644621
vn -0.472394 0.366579 0.801539
vn -0.406215 0.580979 0.705303
vn -0.406215 0.580979 0.705303
vn -0.315823 0.760748 0.567026
vn -0.538602 0.583042 0.608252
vn -0.574360 0.488437 0.656917
vn -0.574360 0.488437 0.656917
vn -0.602883 0.387679 0.697307
vn -0.456472 0.359967 0.813669
vn -0.372612 0.572859 0.730064
vn -0.372612 0.572859 0.730064
vn -0.266638 0.751755 0.603133
vn -0.570218 0.559889 0.601145
vn -0.611276 0.464404 0.640835
vn -0.611276 0.464404 0.640835
vn -0.644768 0.363171 0.672593
vn -0.623391 0.541524 0.564035
vn -0.660978 0.445478 0.603869
vn -0.660978 0.445478 0.603869
vn -0.690485 0.343986 0.636321
vn -0.533646 0.329633 0.778823
vn -0.475563 0.545768 0.689911
vn -0.475563 0.545768 0.689911
vn -0.389901 0.730252 0.560990
vn -0.444304 0.580533 0.682331
vn -0.444258 0.580555 0.682342
vn -0.444258 0.580555 0.682342
vn -0.444212 0.580578 0.682353
vn -0.458965 0.607824 0.647998
vn -0.459679 0.607352 0.647934
vn -0.459679 0.607352 0.647934
vn -0.460392 0.606881 0.647870
vn -0.465178 0.614523 0.637159
vn -0.464763 0.614796 0.637198
vn -0.464763 0.614796 0.637198
vn -0.464348 0.615070 0.637236
vn -0.462002 0.610512 0.643296
vn -0.461923 0.610563 0.643304
vn -0.461923 0.610563 0.643304
vn -0.461843 0.610614 0.643312
vn -0.469911 0.628974 0.619335
vn -0.471388 0.627946 0.619255
vn -0.471388 0.627946 0.619255
vn -0.472864 0.626916 0.619174
vn -0.459352 0.604998 0.650364
vn -0.459080 0.605212 0.650356
vn -0.459080 0.605212 0.650356
vn -0.458808 0.605427 0.650349
vn -0.466055 0.622189 0.629026
vn -0.467480 0.621334 0.628814
vn -0.467480 0.621334 0.628814
vn -0.468903 0.620478 0.628599
vn -0.438100 0.571141 0.694166
vn -0.438335 0.570970 0.694159
vn -0.438335 0.570970 0.694159
vn -0.438569 0.570799 0.694151
vn 0.949462 0.225474 0.218364
vn 0.949467 0.225528 0.218287
vn 0.949467 0.225528 0.218287
vn 0.949472 0.225581 0.218211
vn 0.934653 0.256294 0.246451
vn 0.934642 0.255769 0.247035
vn 0.934642 0.255769 0.247035
vn 0.934631 0.255245 0.247618
vn 0.930527 0.262732 0.255131
vn 0.930524 0.262968 0.254897
vn 0.930524 0.262968 0.254897
vn 0.930522 0.263204 0.254663
vn 0.902339 0.309419 0.300074
vn 0.902324 0.309683 0.299845
vn 0.902324 0.309683 0.299845
vn 0.902310 0.309947 0.299616
vn 0.932785 0.259729 0.249906
vn 0.932775 0.259115 0.250578
vn 0.932775 0.259115 0.250578
vn 0.932765 0.258502 0.251251
vn 0.939024 0.247105 0.239110
vn 0.939024 0.246916 0.239302
vn 0.939024 0.246916 0.239302
vn 0.939025 0.246727 0.239495
vn 0.898684 0.315345 0.304837
vn 0.898673 0.315152 0.305067
vn 0.898673 0.315152 0.305067
vn 0.898663 0.314959 0.305297
vn 0.922299 0.279221 0.267207
vn 0.922336 0.278030 0.268321
vn 0.922336 0.278030 0.268321
vn 0.922369 0.276839 0.269435
vn 0.951715 0.220529 0.213552
vn 0.951726 0.220589 0.213442
vn 0.951726 0.220589 0.213442
vn 0.951737 0.220648 0.213331
vn 0.949478 0.225515 0.218252
vn 0.949471 0.225338 0.218467
vn 0.949471 0.225338 0.218467
vn 0.949464 0.225160 0.218681
vn 0.935203 0.254975 0.245730
vn 0.935201 0.254677 0.246048
vn 0.935201 0.254677 0.246048
vn 0.935198 0.254379 0.246365
vn 0.930531 0.262921 0.254919
vn 0.930527 0.263103 0.254747
vn 0.930527 0.263103 0.254747
vn 0.930523 0.263285 0.254574
vn 0.949777 0.224740 0.217750
vn 0.949783 0.224876 0.217584
vn 0.949783 0.224876 0.217584
vn 0.949789 0.225013 0.217417
vn -0.410296 0.597013 0.689371
vn -0.410333 0.596971 0.689385
vn -0.410333 0.596971 0.689385
vn -0.410370 0.596930 0.689399
vn -0.426064 0.624026 0.655027
vn -0.426911 0.623475 0.655000
vn -0.426911 0.623475 0.655000
vn -0.427758 0.622924 0.654973
vn -0.432880 0.630545 0.644227
vn -0.432435 0.630811 0.644265
vn -0.432435 0.630811 0.644265
vn -0.431989 0.631077 0.644303
vn -0.412636 0.600509 0.684924
vn -0.412647 0.600500 0.684925
vn -0.412647 0.600500 0.684925
vn -0.412659 0.600491 0.684926
vn -0.437999 0.644886 0.626322
vn -0.439478 0.643883 0.626318
vn -0.439478 0.643883 0.626318
vn -0.440956 0.642877 0.626312
vn -0.426393 0.621255 0.657443
vn -0.426199 0.621399 0.657433
vn -0.426199 0.621399 0.657433
vn -0.426005 0.621542 0.657423
vn -0.434143 0.638013 0.635971
vn -0.435618 0.637162 0.635816
vn -0.435618 0.637162 0.635816
vn -0.437091 0.636309 0.635659
vn -0.404114 0.587400 0.701180
vn -0.404167 0.587379 0.701167
vn -0.404167 0.587379 0.701167
vn -0.404221 0.587357 0.701154
vn 0.958281 0.218869 0.183833
vn 0.958284 0.218696 0.184021
vn 0.958284 0.218696 0.184021
vn 0.958287 0.218523 0.184210
vn 0.948291 0.242385 0.204924
vn 0.948308 0.241849 0.205480
vn 0.948308 0.241849 0.205480
vn 0.948324 0.241312 0.206035
vn 0.941042 0.256296 0.220797
vn 0.941023 0.256713 0.220394
vn 0.941023 0.256713 0.220394
vn 0.941004 0.257130 0.219992
vn 0.914948 0.303645 0.265838
vn 0.914932 0.303971 0.265521
vn 0.914932 0.303971 0.265521
vn 0.914915 0.304298 0.265204
vn 0.953303 0.230916 0.194659
vn 0.953313 0.230605 0.194978
vn 0.953313 0.230605 0.194978
vn 0.953322 0.230294 0.195298
vn 0.948787 0.240525 0.204819
vn 0.948794 0.240398 0.204937
vn 0.948794 0.240398 0.204937
vn 0.948801 0.240270 0.205055
vn 0.805579 0.440064 0.396719
vn 0.805536 0.440785 0.396005
vn 0.805536 0.440785 0.396005
vn 0.805492 0.441506 0.395291
vn 0.933390 0.272977 0.232950
vn 0.933451 0.271829 0.234047
vn 0.933451 0.271829 0.234047
vn 0.933509 0.270681 0.235143
vn 0.960351 0.213795 0.178936
vn 0.960346 0.213711 0.179065
vn 0.960346 0.213711 0.179065
vn 0.960340 0.213626 0.179193
vn 0.963770 0.204591 0.171145
vn 0.963778 0.204727 0.170937
vn 0.963778 0.204727 0.170937
vn 0.963786 0.204863 0.170729
vn 0.945289 0.248652 0.211189
vn 0.945293 0.248289 0.211599
vn 0.945293 0.248289 0.211599
vn 0.945296 0.247926 0.212009
vn 0.941020 0.256594 0.220545
vn 0.941013 0.256676 0.220481
vn 0.941013 0.256676 0.220481
vn 0.941006 0.256757 0.220418
vn -0.416179 0.606002 0.677906
vn -0.416164 0.606006 0.677912
vn -0.416164 0.606006 0.677912
vn -0.416149 0.606009 0.677918
vn -0.666174 0.414800 0.619801
vn -0.666174 0.414800 0.619801
vn -0.666174 0.414800 0.619801
vn -0.432899 0.630521 0.644237
vn -0.432448 0.630797 0.644270
vn -0.432448 0.630797 0.644270
vn -0.431997 0.631072 0.644303
vn 0.611619 0.742731 0.272530
vn 0.121281 0.806149 0.579150
vn 0.121281 0.806149 0.579150
vn -0.410107 0.596710 0.689746
vn -0.639600 0.491359 0.591168
vn -0.639600 0.491359 0.591168
vn -0.639600 0.491359 0.591168
vn -0.268289 0.530919 0.803832
vn -0.019937 0.629701 0.776582
vn -0.019937 0.629701 0.776582
vn 0.229854 0.683032 0.693278
vn 0.511248 0.823772 0.245002
vn 0.101992 0.865607 0.490227
vn 0.101992 0.865607 0.490227
vn -0.330658 0.708892 0.623007
vn -0.807775 0.243266 0.536956
vn -0.807775 0.243266 0.536956
vn -0.807775 0.243266 0.536956
vn -0.306595 0.514893 0.800553
vn -0.058740 0.617639 0.784265
vn -0.058740 0.617639 0.784265
vn 0.193360 0.675758 0.711311
vn 0.400001 0.789178 0.466044
vn 0.030488 0.772851 0.633855
vn 0.030488 0.772851 0.633855
vn -0.344053 0.629029 0.697101
vn -0.449603 0.589758 0.670852
vn -0.449624 0.589728 0.670864
vn -0.449624 0.589728 0.670864
vn -0.449645 0.589699 0.670876
vn -0.885980 0.145757 0.440220
vn -0.885980 0.145757 0.440220
vn -0.885980 0.145757 0.440220
vn -0.465180 0.614529 0.637152
vn -0.464782 0.614787 0.637192
vn -0.464782 0.614787 0.637192
vn -0.464384 0.615046 0.637233
vn 0.509373 0.780309 0.362846
vn 0.028610 0.807740 0.588844
vn 0.028610 0.807740 0.588844
vn -0.460248 0.606613 0.648222
vn 0.613845 -0.517803 0.595881
vn 0.353807 -0.265281 0.896909
vn 0.353807 -0.265281 0.896909
vn 0.015222 0.046135 0.998819
vn -0.481327 0.546778 0.685097
vn -0.481327 0.546778 0.685097
vn -0.481327 0.546778 0.685097
vn -0.709667 -0.539544 0.453061
vn -0.422115 -0.293527 0.857707
vn -0.422115 -0.293527 0.857707
vn -0.004995 0.042588 0.999080
vn -0.026865 0.061605 0.997739
vn -0.026458 0.062015 0.997725
vn -0.026458 0.062015 0.997725
vn -0.026051 0.062425 0.997710
vn 0.618961 0.636435 0.460259
vn 0.618961 0.636435 0.460259
vn 0.618961 0.636435 0.460259
vn 0.802750 0.018520 0.596029
vn 0.876770 0.161252 0.453070
vn 0.876770 0.161252 0.453070
vn 0.910206 0.296519 0.289140
vn 0.927263 0.268420 0.261025
vn 0.927251 0.268742 0.260734
vn 0.927251 0.268742 0.260734
vn 0.927240 0.269064 0.260444
vn 0.712365 0.668351 -0.214110
vn 0.712365 0.668351 -0.214110
vn 0.712365 0.668351 -0.214110
vn 0.958588 0.217805 0.183496
vn 0.958582 0.217991 0.183305
vn 0.958582 0.217991 0.183305
vn 0.958576 0.218177 0.183114
vn 0.783816 -0.161046 0.599747
vn 0.783816 -0.161046 0.599747
vn 0.783816 -0.161046 0.599747
vn 0.917707 0.298293 0.262364
vn 0.917732 0.299076 0.261384
vn 0.917732 0.299076 0.261384
vn 0.917755 0.299857 0.260405
vn 0.839919 0.539961 -0.054569
vn 0.896829 0.429185 0.107228
vn 0.896829 0.429185 0.107228
vn 0.916352 0.300516 0.264554
vn -0.579336 -0.376210 0.723074
vn -0.369005 -0.132358 0.919955
vn -0.369005 -0.132358 0.919955
vn -0.106103 0.130350 0.985774
vn 0.298598 0.601330 0.741108
vn 0.298598 0.601330 0.741108
vn 0.298598 0.601330 0.741108
vn -0.646053 -0.547765 0.531573
vn -0.356569 -0.307321 0.882277
vn -0.356569 -0.307321 0.882277
vn 0.027266 0.014441 0.999524
vn 0.105106 -0.053783 0.993006
vn 0.104440 -0.054493 0.993037
vn 0.104440 -0.054493 0.993037
vn 0.103773 -0.055203 0.993068
vn 0.358517 0.378318 0.853429
vn 0.358517 0.378318 0.853429
vn 0.358517 0.378318 0.853429
vn 0.053091 0.076267 0.995673
vn -0.184544 0.287253 0.939909
vn -0.184544 0.287253 0.939909
vn -0.402969 0.468336 0.786306
vn 0.009293 0.043829 0.998996
vn 0.009505 0.043590 0.999004
vn 0.009505 0.043590 0.999004
vn 0.009718 0.043350 0.999013
vn 0.440063 -0.457569 0.772642
vn 0.440063 -0.457569 0.772642
vn 0.440063 -0.457569 0.772642
vn -0.040692 0.029719 0.998730
vn -0.095130 0.005965 0.995447
vn 0.003420 0.789097 0.614259
vn 0.001711 0.789351 0.613940
vn -0.053384 0.494449 0.867566
vn -0.096110 0.496182 0.862883
vn 0.009665 0.999286 0.036532
vn 0.009665 0.999095 0.041424
vn -0.061599 0.799375 0.597666
vn -0.028800 0.793466 0.607933
vn -0.023355 0.999261 0.030538
vn -0.012447 0.999202 0.037942
vn -0.012301 0.999143 0.039519
vn -0.012008 0.999017 0.042673
vn -0.006773 0.999008 0.044007
vn 0.007256 0.998954 0.045159
vn -0.003613 0.998929 0.046135
vn -0.393566 -0.053927 0.917714
vn -0.301322 -0.027185 0.953135
vn -0.362478 -0.041155 0.931083
vn -0.269933 -0.026473 0.962515
vn -0.269561 -0.001670 0.962982
vn -0.238839 -0.013096 0.970971
vn -0.159276 0.811416 0.562348
vn -0.181363 0.819114 0.544206
vn -0.156385 0.815535 0.557177
vn -0.209974 0.817475 0.536326
vn -0.244961 0.806210 0.538534
vn -0.237950 0.815352 0.527807
vn -0.347758 0.491865 0.798207
vn -0.347554 0.494646 0.796574
vn -0.291917 0.496495 0.817482
vn -0.292849 0.495009 0.818050
vn -0.233161 0.502299 0.832665
vn -0.235247 0.496589 0.835499
vn -0.007226 0.998988 0.044400
vn -0.093142 0.806565 0.583761
vn -0.094850 0.803197 0.588115
vn -0.139913 0.492271 0.859124
vn -0.137936 0.499126 0.855480
vn -0.157520 -0.006408 0.987495
vn -0.127408 0.002913 0.991846
vn -0.973390 -0.012421 0.228819
vn -0.986084 -0.007453 0.166083
vn -0.697396 0.707861 0.112121
vn -0.663122 0.732036 0.156180
vn -0.937583 0.310934 0.155750
vn -0.903359 0.370575 0.215910
vn -0.050662 0.998673 0.009230
vn -0.048052 0.998796 0.009891
vn -0.629235 0.751319 0.198958
vn -0.633107 0.747482 0.201111
vn -0.039850 0.999010 0.019780
vn -0.023231 0.999262 0.030602
vn -0.027594 0.999290 0.025673
vn -0.032759 0.999252 0.020552
vn -0.035427 0.999147 0.021208
vn -0.959094 -0.020113 0.282373
vn -0.955795 -0.016600 0.293566
vn -0.870614 0.409160 0.273165
vn -0.879113 0.385670 0.280033
vn -0.582551 0.456952 0.672182
vn -0.580330 0.468480 0.666141
vn -0.618211 0.473971 0.627029
vn -0.658635 0.464252 0.592174
vn -0.371101 0.828448 0.419473
vn -0.427680 0.810002 0.401232
vn -0.379716 0.821125 0.426110
vn -0.428209 0.810324 0.400015
vn -0.605897 -0.037534 0.794658
vn -0.690138 -0.047582 0.722112
vn -0.629722 -0.047111 0.775391
vn -0.746622 -0.048079 0.663509
vn -0.031237 0.998981 0.032572
vn -0.037162 0.999079 0.021440
vn -0.481581 0.787844 0.383902
vn -0.474342 0.796414 0.375133
vn -0.703294 0.427772 0.567792
vn -0.696166 0.454437 0.555734
vn -0.779682 -0.039371 0.624937
vn -0.788653 -0.043487 0.613298
vn 0.998215 0.001820 0.059695
vn 0.993131 0.007877 0.116744
vn 0.748468 0.662914 -0.018465
vn 0.749313 0.662052 -0.014739
vn 0.749612 0.661625 -0.018289
vn 0.749940 0.661412 -0.011096
vn 0.732306 0.680238 0.031684
vn 0.707358 0.703506 0.068734
vn 0.954406 0.294774 0.047095
vn 0.927776 0.360794 0.095182
vn 0.061209 0.998107 -0.005969
vn 0.058022 0.998307 0.003986
vn 0.061615 0.998100 -0.000468
vn 0.056134 0.998401 0.006611
vn 0.060553 0.998029 -0.016502
vn 0.060916 0.998108 -0.008321
vn 0.050490 0.998637 0.013222
vn 0.673454 0.731988 0.103217
vn 0.683346 0.722266 0.106630
vn 0.899081 0.414890 0.139715
vn 0.912969 0.380630 0.146995
vn 0.986577 0.019393 0.162139
vn 0.984206 0.013484 0.176511
vn 0.108680 0.022873 0.993814
vn 0.208193 0.017301 0.977935
vn 0.090171 0.807948 0.582313
vn 0.110276 0.808244 0.578429
vn 0.126689 0.487235 0.864033
vn 0.182394 0.472590 0.862201
vn -0.000858 0.999192 0.040178
vn -0.025627 0.998528 0.047797
vn 0.829477 0.026157 0.557928
vn 0.828489 0.026863 0.559360
vn 0.777614 0.026076 0.628200
vn 0.693218 0.036914 0.719782
vn 0.296199 0.025995 0.954772
vn 0.280630 0.029031 0.959377
vn 0.537569 0.765193 0.354259
vn 0.465566 0.796664 0.385455
vn 0.523343 0.780922 0.340988
vn 0.397327 0.816433 0.419009
vn 0.135601 0.798973 0.585879
vn 0.128424 0.807553 0.575644
vn 0.242231 0.453761 0.857569
vn 0.234199 0.471885 0.849986
vn 0.773754 0.383504 0.504211
vn 0.751588 0.431122 0.499248
vn 0.658688 0.462334 0.593615
vn 0.646609 0.481888 0.591338
vn -0.052319 0.996613 0.063439
vn 0.037935 0.998777 0.031709
vn 0.022129 0.998986 0.039214
vn 0.042945 0.998844 0.021591
vn 0.016676 0.999134 0.038123
vn 0.021592 0.999362 0.028443
vn 0.001021 0.998676 0.051432
vn 0.334588 0.825289 0.454917
vn 0.338438 0.820084 0.461435
vn 0.552066 0.491480 0.673551
vn 0.553747 0.484962 0.676887
vn 0.568505 0.057917 0.820639
vn 0.614682 0.040994 0.787709
vn 0.693802 0.717058 -0.066828
vn 0.702682 0.707934 -0.071183
vn 0.714489 0.697475 -0.055073
vn 0.730556 0.681657 -0.040395
vn 0.993664 0.112328 -0.003770
vn 0.967718 0.252032 -0.001452
vn 0.968301 0.235083 -0.084434
vn 0.939665 0.333486 -0.076275
vn 0.059589 0.998193 0.007693
vn 0.068808 0.997117 0.031980
vn 0.095771 0.993350 0.063904
vn 0.994657 0.102882 0.008544
vn 0.976578 0.214938 0.009827
vn 0.999816 -0.008047 -0.017415
vn 0.999872 -0.015365 -0.004487
vn 0.999872 -0.015365 -0.004487
vn 0.999872 -0.015365 -0.004487
vn 0.666617 0.248985 -0.702587
vn 0.780171 0.039412 -0.624324
vn 0.830798 0.248321 -0.498107
vn 0.919556 0.111884 -0.376696
vn 0.996575 0.023638 -0.079243
vn 0.955524 0.238656 -0.173253
vn 0.910697 0.386752 -0.145098
vn 0.081582 0.995752 0.042682
vn 0.067769 0.997590 0.014903
vn 0.047411 0.998834 -0.009083
vn 0.028913 0.998975 -0.034834
vn 0.573072 0.754379 -0.320158
vn 0.560113 0.770196 -0.305077
vn 0.428241 0.808615 -0.403425
vn 0.426908 0.810473 -0.401103
vn 0.782478 0.366462 -0.503422
vn 0.622074 0.451903 -0.639380
vn 0.496024 0.312552 -0.810106
vn 0.459539 0.458208 -0.760835
vn 0.272899 0.834377 -0.478896
vn 0.284168 0.823957 -0.490249
vn 0.026245 0.999058 -0.034571
vn 0.016411 0.998816 -0.045793
vn 0.031421 0.035634 -0.998871
vn 0.041137 0.312395 -0.949061
vn -0.004344 0.788984 -0.614399
vn -0.008683 0.788327 -0.615195
vn 0.059613 0.492888 -0.868048
vn -0.007277 0.999336 -0.035709
vn -0.007277 0.999198 -0.039374
vn 0.126690 0.035357 -0.991312
vn 0.205868 0.035508 -0.977935
vn 0.150202 0.186821 -0.970844
vn 0.179532 0.308975 -0.933971
vn 0.010930 0.791175 -0.611492
vn 0.034048 0.796176 -0.604107
vn 0.092643 0.804233 -0.587049
vn 0.099508 0.810410 -0.577351
vn 0.090890 0.807803 -0.582404
vn 0.111359 0.807723 -0.578950
vn 0.143741 0.485088 -0.862571
vn 0.176386 0.475890 -0.861636
vn -0.003964 0.998911 -0.046479
vn -0.003941 0.998837 -0.048046
vn -0.001215 0.998947 -0.045871
vn -0.003930 0.998799 -0.048830
vn -0.009493 0.998981 -0.044125
vn -0.003325 0.998944 -0.045822
vn 0.233342 0.264992 -0.935591
vn 0.298390 0.061212 -0.952479
vn 0.128158 0.795926 -0.591673
vn 0.122452 0.805758 -0.579447
vn 0.195713 0.461016 -0.865541
vn -0.009393 0.998582 -0.052394
vn -0.006650 0.998851 -0.047450
vn 0.056279 0.802702 -0.593719
vn 0.057551 0.799730 -0.597595
vn 0.092532 0.492376 -0.865450
vn 0.100759 0.349400 -0.931540
vn -0.982959 -0.003746 -0.183788
vn -0.962444 0.188096 -0.195759
vn -0.731661 0.680343 -0.042492
vn -0.750979 0.659615 0.030639
vn -0.744356 0.667752 -0.006415
vn -0.748896 0.661970 0.030836
vn -0.652702 0.739153 -0.166234
vn -0.691536 0.711513 -0.124609
vn -0.897972 0.372953 -0.233564
vn -0.058078 0.998309 0.002636
vn -0.051428 0.998635 -0.009122
vn -0.057879 0.998322 -0.002019
vn -0.048646 0.998760 -0.010587
vn -0.057730 0.998235 0.013966
vn -0.058621 0.998255 0.007051
vn -0.040145 0.998970 -0.021172
vn -0.611885 0.763919 -0.205000
vn -0.620629 0.755474 -0.209947
vn -0.864020 0.411582 -0.289949
vn -0.913566 0.261821 -0.311202
vn -0.925708 0.018202 -0.377801
vn -0.753399 -0.008099 -0.657514
vn -0.863987 0.137235 -0.484452
vn -0.709904 0.311798 -0.631520
vn -0.531150 0.774762 -0.342964
vn -0.473395 0.798126 -0.372683
vn -0.521463 0.785217 -0.333932
vn -0.418880 0.812720 -0.405000
vn -0.368584 0.818966 -0.439819
vn -0.370100 0.816688 -0.442772
vn -0.588024 0.165913 -0.791644
vn -0.557185 0.483198 -0.675326
vn -0.656394 0.481774 -0.580552
vn -0.749718 0.451356 -0.483943
vn -0.034650 0.998958 -0.029688
vn -0.035527 0.999123 -0.022172
vn -0.039294 0.999026 -0.020100
vn -0.031908 0.999232 -0.022723
vn 0.000895 0.065801 -0.997832
vn -0.002641 0.278285 -0.960495
vn -0.002887 0.790052 -0.613033
vn -0.019970 0.794957 -0.606337
vn -0.000201 0.485443 -0.874268
vn 0.009383 0.998893 -0.046104
vn -0.002415 0.998898 -0.046866
vn -0.066475 0.046483 -0.996705
vn -0.120391 0.184810 -0.975372
vn -0.201978 0.013742 -0.979294
vn -0.236109 0.302522 -0.923435
vn -0.024577 0.049141 -0.998489
vn -0.026494 0.317904 -0.947753
vn -0.093666 0.800105 -0.592502
vn -0.091087 0.805707 -0.585269
vn -0.135651 0.813847 -0.565024
vn -0.182996 0.817326 -0.546343
vn -0.035416 0.487496 -0.872407
vn -0.134507 0.482380 -0.865574
vn -0.273013 0.483554 -0.831649
vn -0.009042 0.998990 -0.044003
vn -0.005297 0.998977 -0.044901
vn -0.010115 0.999103 -0.041118
vn -0.010652 0.999156 -0.039675
vn -0.520829 0.024901 -0.853298
vn -0.023792 0.999226 -0.031340
vn -0.025893 0.999249 -0.028827
vn -0.364573 0.326597 -0.872021
vn -0.345581 0.467172 -0.813833
vn -0.235325 0.810408 -0.536528
vn -0.229564 0.817318 -0.528480
vn -0.019749 0.999242 -0.033547
vn -0.056183 0.347954 -0.935827
vn -0.053958 0.482172 -0.874413
vn -0.036346 0.802113 -0.596065
vn -0.037378 0.798365 -0.601013
vn -0.004829 0.998949 -0.045570
f 10/13/1 284/345/2 9/11/3
f 9/11/3 284/345/2 285/344/4
f 11/15/5 283/346/6 10/13/1
f 10/13/1 283/346/6 284/345/2
f 12/17/7 282/347/8 11/15/5
f 11/15/5 282/347/8 283/346/6
f 1/19/9 281/348/10 12/17/7
f 12/17/7 281/348/10 282/347/8
f 362/261/11 14/22/12 291/337/13
f 16/28/14 50/25/15 294/334/16
f 294/334/16 50/25/15 293/335/17
f 366/257/18 16/28/14 294/334/16
f 23/42/19 22/40/20 301/326/21
f 301/326/21 22/40/20 300/327/22
f 24/44/23 23/42/19 302/325/24
f 302/325/24 23/42/19 301/326/21
f 25/46/25 24/44/23 255/376/26
f 255/376/26 24/44/23 302/325/24
f 26/48/27 25/46/25 256/375/28
f 256/375/28 25/46/25 255/376/26
f 2/50/29 26/48/27 257/374/30
f 257/374/30 26/48/27 256/375/28
f 15/24/31 292/336/32 50/25/15
f 50/25/15 292/336/32 293/335/17
f 97/97/33 98/603/34 100/100/35
f 100/100/35 98/603/34 99/99/36
f 98/568/37 176/569/38 99/571/39
f 99/571/39 176/569/38 175/570/40
f 135/606/41 136/103/42 104/607/43
f 104/607/43 136/103/42 103/104/44
f 104/607/45 103/104/46 106/608/47
f 106/608/47 103/104/46 105/106/48
f 103/572/49 173/573/50 105/575/51
f 105/575/51 173/573/50 172/574/52
f 181/598/53 180/112/54 85/599/55
f 85/599/55 180/112/54 86/113/56
f 181/111/57 85/114/58 182/125/59
f 182/125/59 85/114/58 88/131/60
f 90/119/61 89/120/62 147/101/63
f 147/101/63 89/120/62 146/127/64
f 154/122/65 94/123/66 153/121/67
f 153/121/67 94/123/66 93/124/68
f 154/140/69 141/590/70 94/147/71
f 94/147/71 141/590/70 92/591/72
f 185/132/73 184/133/74 95/138/75
f 95/138/75 184/133/74 96/136/76
f 85/599/77 86/113/78 97/602/79
f 97/602/79 86/113/78 98/98/80
f 88/131/81 85/114/82 100/609/83
f 100/609/83 85/114/82 97/610/84
f 86/445/85 177/446/86 98/437/87
f 98/437/87 177/446/86 176/438/88
f 89/120/89 90/119/90 101/151/91
f 101/151/91 90/119/90 102/144/92
f 134/158/93 135/102/94 92/591/95
f 92/591/95 135/102/94 104/105/96
f 94/123/97 106/108/98 93/124/99
f 93/124/99 106/108/98 105/107/100
f 94/147/101 92/591/102 106/109/103
f 106/109/103 92/591/102 104/105/104
f 95/138/105 96/136/106 107/153/107
f 107/153/107 96/136/106 108/152/108
f 93/448/109 105/444/110 171/447/111
f 171/447/111 105/444/110 172/443/112
f 137/156/113 138/201/114 107/153/115
f 107/153/115 138/201/114 95/138/116
f 55/61/117 54/59/118 277/352/119
f 277/352/119 54/59/118 276/353/120
f 56/63/121 55/61/117 278/351/122
f 278/351/122 55/61/117 277/352/119
f 57/65/123 56/63/121 279/350/124
f 279/350/124 56/63/121 278/351/122
f 58/67/125 57/65/123 280/349/126
f 280/349/126 57/65/123 279/350/124
f 1/19/9 58/67/125 281/348/10
f 281/348/10 58/67/125 280/349/126
f 354/269/127 64/71/128 270/360/129
f 68/74/130 268/362/131 132/73/132
f 132/73/132 268/362/131 269/361/133
f 358/265/134 72/77/135 267/363/136
f 80/87/137 262/369/138 79/85/139
f 79/85/139 262/369/138 263/368/140
f 81/89/141 261/370/142 80/87/137
f 80/87/137 261/370/142 262/369/138
f 82/91/143 260/371/144 81/89/141
f 81/89/141 260/371/144 261/370/142
f 83/93/145 259/372/146 82/91/143
f 82/91/143 259/372/146 260/371/144
f 84/95/147 258/373/148 83/93/145
f 83/93/145 258/373/148 259/372/146
f 2/50/29 257/374/30 84/95/147
f 84/95/147 257/374/30 258/373/148
f 64/71/128 132/73/132 270/360/129
f 270/360/129 132/73/132 269/361/133
f 189/589/149 88/131/150 190/605/151
f 190/605/151 88/131/150 100/609/152
f 99/99/153 191/162/154 100/100/155
f 100/100/155 191/162/154 190/160/156
f 102/144/157 90/119/158 193/212/159
f 193/212/159 90/119/158 194/202/160
f 157/600/161 144/168/162 158/163/163
f 158/163/163 144/168/162 143/169/164
f 147/101/165 146/127/166 168/214/167
f 168/214/167 146/127/166 155/479/168
f 163/481/169 152/482/170 164/480/171
f 164/480/171 152/482/170 151/483/172
f 161/170/173 160/593/174 154/173/175
f 154/173/175 160/593/174 141/594/176
f 61/179/177 157/600/178 65/178/179
f 65/178/179 157/600/178 158/163/180
f 133/184/181 65/178/182 187/595/183
f 187/595/183 65/178/182 158/163/184
f 133/184/185 159/199/186 69/192/187
f 69/192/187 159/199/186 160/593/188
f 73/200/189 69/192/190 161/170/191
f 161/170/191 69/192/190 160/593/192
f 183/167/193 171/137/194 184/128/195
f 184/128/195 171/137/194 96/129/196
f 171/137/197 172/110/198 96/129/199
f 96/129/199 172/110/198 108/135/200
f 173/484/201 107/153/202 172/485/203
f 172/485/203 107/153/202 108/152/204
f 174/486/205 137/156/206 173/484/207
f 173/484/207 137/156/206 107/153/208
f 102/144/209 193/212/210 175/487/211
f 175/487/211 193/212/210 192/488/212
f 176/489/213 101/151/214 175/487/215
f 175/487/215 101/151/214 102/144/216
f 177/490/217 89/120/218 176/489/219
f 176/489/219 89/120/218 101/151/220
f 146/127/221 89/120/222 178/491/223
f 178/491/223 89/120/222 177/490/224
f 144/601/225 145/203/226 181/598/227
f 181/598/227 145/203/226 180/112/228
f 144/168/229 181/111/230 143/169/231
f 143/169/231 181/111/230 182/125/232
f 170/177/233 183/167/234 152/155/235
f 152/155/235 183/167/234 184/128/236
f 151/483/237 152/482/238 185/132/239
f 185/132/239 152/482/238 184/133/240
f 159/199/241 133/184/242 187/595/243
f 188/596/244 142/532/245 187/595/246
f 187/595/246 142/532/245 159/199/247
f 134/158/248 142/533/249 189/589/250
f 189/589/250 142/533/249 188/588/251
f 134/158/252 189/589/253 135/102/254
f 135/102/254 189/589/253 190/605/255
f 191/162/256 136/103/257 190/160/258
f 190/160/258 136/103/257 135/606/259
f 192/576/260 174/577/261 191/579/262
f 191/579/262 174/577/261 136/578/263
f 193/212/264 137/156/265 192/488/266
f 192/488/266 137/156/265 174/486/267
f 138/201/268 137/156/269 194/202/270
f 194/202/270 137/156/269 193/212/271
f 195/453/272 139/454/273 201/456/274
f 201/456/274 139/454/273 202/455/275
f 196/507/276 149/504/277 195/510/278
f 195/510/278 149/504/277 139/509/279
f 197/511/280 166/512/281 196/506/282
f 196/506/282 166/512/281 149/194/283
f 140/513/284 166/512/285 197/511/286
f 147/117/287 199/186/288 90/118/289
f 90/118/289 199/186/288 200/195/290
f 90/118/291 200/195/292 194/143/293
f 194/143/293 200/195/292 201/191/294
f 138/139/295 194/143/296 202/190/297
f 202/190/297 194/143/296 201/191/298
f 202/190/299 203/196/300 138/139/301
f 138/139/301 203/196/300 95/130/302
f 185/132/303 95/138/304 204/493/305
f 204/493/305 95/138/304 203/494/306
f 151/483/307 185/132/308 205/495/309
f 205/495/309 185/132/308 204/493/310
f 171/535/311 183/536/312 203/534/313
f 203/534/313 183/536/312 204/537/314
f 91/457/315 93/448/316 203/458/317
f 203/458/317 93/448/316 171/447/318
f 93/514/319 91/515/320 153/516/321
f 153/516/321 91/515/320 150/215/322
f 87/517/323 86/518/324 186/508/325
f 186/508/325 86/518/324 180/519/326
f 200/459/327 177/446/328 87/460/329
f 87/460/329 177/446/328 86/445/330
f 200/539/331 199/540/332 177/538/333
f 177/538/333 199/540/332 178/541/334
f 87/460/335 99/440/336 200/459/337
f 200/459/337 99/440/336 175/439/338
f 191/520/339 99/521/340 195/510/341
f 195/510/341 99/521/340 87/517/342
f 192/449/343 191/452/344 201/456/345
f 201/456/345 191/452/344 195/453/346
f 200/539/347 175/542/348 201/544/349
f 201/544/349 175/542/348 192/543/350
f 202/545/351 174/546/352 203/534/353
f 203/534/353 174/546/352 173/547/354
f 173/442/355 103/441/356 203/458/357
f 203/458/357 103/441/356 91/457/358
f 103/522/359 136/523/360 91/515/361
f 91/515/361 136/523/360 139/509/362
f 139/454/363 136/451/364 202/455/365
f 202/455/365 136/451/364 174/450/366
f 139/189/367 149/182/368 134/134/369
f 134/134/369 149/182/368 142/175/370
f 91/197/371 139/189/372 92/126/373
f 92/126/373 139/189/372 134/134/374
f 91/549/375 92/146/376 150/548/377
f 150/548/377 92/146/376 141/142/378
f 149/181/379 166/193/380 142/174/381
f 142/174/381 166/193/380 159/165/382
f 87/198/383 186/185/384 88/116/385
f 88/116/385 186/185/384 182/115/386
f 189/141/387 195/188/388 88/116/389
f 88/116/389 195/188/388 87/198/390
f 195/550/391 189/161/392 196/551/393
f 196/551/393 189/161/392 188/213/394
f 196/552/395 188/216/396 197/553/397
f 197/553/397 188/216/396 187/180/398
f 340/3/399 341/5/400 37/2/401
f 37/2/401 341/5/400 49/8/402
f 32/37/403 333/39/404 31/33/405
f 31/33/405 333/39/404 334/35/406
f 33/41/407 332/43/408 32/37/403
f 32/37/403 332/43/408 333/39/404
f 34/45/409 331/47/410 33/41/407
f 33/41/407 331/47/410 332/43/408
f 35/49/411 330/53/412 34/45/409
f 34/45/409 330/53/412 331/47/410
f 3/54/413 329/56/414 35/49/411
f 35/49/411 329/56/414 330/53/412
f 3/54/413 117/58/415 329/56/414
f 329/56/414 117/58/415 328/60/416
f 117/58/415 116/62/417 328/60/416
f 328/60/416 116/62/417 327/64/418
f 116/62/417 115/66/419 327/64/418
f 327/64/418 115/66/419 326/68/420
f 115/66/419 114/70/421 326/68/420
f 326/68/420 114/70/421 325/72/422
f 119/434/423 318/432/424 353/436/425
f 353/436/425 318/432/424 352/430/426
f 131/428/427 317/427/428 119/434/423
f 119/434/423 317/427/428 318/432/424
f 131/428/427 120/426/429 317/427/428
f 317/427/428 120/426/429 316/425/430
f 126/412/431 310/411/432 125/414/433
f 125/414/433 310/411/432 311/413/434
f 127/410/435 309/409/436 126/412/431
f 126/412/431 309/409/436 310/411/432
f 128/408/437 308/407/438 127/410/435
f 127/410/435 308/407/438 309/409/436
f 129/406/439 307/405/440 128/408/437
f 128/408/437 307/405/440 308/407/438
f 130/404/441 306/403/442 129/406/439
f 129/406/439 306/403/442 307/405/440
f 4/402/443 305/401/444 130/404/441
f 130/404/441 305/401/444 306/403/442
f 304/399/445 305/401/444 48/400/446
f 48/400/446 305/401/444 4/402/443
f 303/397/447 304/399/445 47/398/448
f 47/398/448 304/399/445 48/400/446
f 350/395/449 303/397/447 46/396/450
f 46/396/450 303/397/447 47/398/448
f 349/393/451 350/395/449 45/394/452
f 45/394/452 350/395/449 46/396/450
f 38/380/453 342/379/454 365/377/455
f 365/377/455 342/379/454 364/378/456
f 49/8/402 341/5/400 38/380/453
f 38/380/453 341/5/400 342/379/454
f 47/398/457 48/400/458 255/324/459
f 255/324/459 48/400/458 256/323/460
f 257/322/461 256/323/460 4/402/462
f 4/402/462 256/323/460 48/400/458
f 257/322/461 4/402/462 258/321/463
f 258/321/463 4/402/462 130/404/464
f 258/321/463 130/404/464 259/320/465
f 259/320/465 130/404/464 129/406/466
f 259/320/465 129/406/466 260/319/467
f 260/319/467 129/406/466 128/408/468
f 260/319/467 128/408/468 261/318/469
f 261/318/469 128/408/468 127/410/470
f 261/318/469 127/410/470 262/317/471
f 262/317/471 127/410/470 126/412/472
f 262/317/471 126/412/472 263/316/473
f 263/316/473 126/412/472 125/414/474
f 358/311/475 267/312/476 357/424/477
f 357/424/477 267/312/476 121/423/478
f 269/310/133 268/309/131 131/428/479
f 131/428/479 268/309/131 120/426/480
f 269/310/133 131/428/479 270/308/129
f 270/308/129 131/428/479 119/434/481
f 270/308/129 119/434/481 354/307/127
f 354/307/127 119/434/481 353/436/482
f 277/300/119 276/301/120 114/70/483
f 114/70/483 276/301/120 113/75/484
f 278/299/122 277/300/119 115/66/485
f 115/66/485 277/300/119 114/70/483
f 279/298/124 278/299/122 116/62/486
f 116/62/486 278/299/122 115/66/485
f 280/297/126 279/298/124 117/58/487
f 117/58/487 279/298/124 116/62/486
f 281/296/10 280/297/126 3/54/488
f 3/54/488 280/297/126 117/58/487
f 281/296/10 3/54/488 282/295/8
f 282/295/8 3/54/488 35/49/489
f 282/295/8 35/49/489 283/294/6
f 283/294/6 35/49/489 34/45/490
f 283/294/6 34/45/490 284/293/2
f 284/293/2 34/45/490 33/41/491
f 284/293/2 33/41/491 285/292/4
f 285/292/4 33/41/491 32/37/492
f 362/285/11 291/286/13 361/16/493
f 361/16/493 291/286/13 36/10/494
f 293/284/17 292/283/32 49/8/495
f 49/8/495 292/283/32 37/2/496
f 293/284/17 49/8/495 294/282/16
f 294/282/16 49/8/495 38/380/497
f 294/282/16 38/380/497 366/281/18
f 366/281/18 38/380/497 365/377/498
f 301/274/499 300/275/500 45/394/501
f 45/394/501 300/275/500 44/392/502
f 302/273/503 301/274/499 46/396/504
f 46/396/504 301/274/499 45/394/501
f 255/324/459 302/273/503 47/398/457
f 47/398/457 302/273/503 46/396/504
f 245/272/505 244/271/506 303/397/507
f 303/397/507 244/271/506 304/399/508
f 305/401/509 304/399/508 243/270/510
f 243/270/510 304/399/508 244/271/506
f 305/401/509 243/270/510 306/403/511
f 306/403/511 243/270/510 242/268/512
f 306/403/511 242/268/512 307/405/513
f 307/405/513 242/268/512 241/267/514
f 307/405/513 241/267/514 308/407/515
f 308/407/515 241/267/514 240/266/516
f 308/407/515 240/266/516 309/409/517
f 309/409/517 240/266/516 239/264/518
f 309/409/517 239/264/518 310/411/519
f 310/411/519 239/264/518 238/263/520
f 310/411/519 238/263/520 311/413/521
f 311/413/521 238/263/520 237/262/522
f 316/425/523 232/254/524 317/427/525
f 317/427/525 232/254/524 231/253/526
f 317/427/525 231/253/526 318/432/527
f 318/432/527 231/253/526 230/252/528
f 318/432/527 230/252/528 352/430/529
f 352/430/529 230/252/528 351/251/530
f 326/68/531 325/72/532 222/243/533
f 222/243/533 325/72/532 223/244/534
f 327/64/535 326/68/531 221/242/536
f 221/242/536 326/68/531 222/243/533
f 328/60/537 327/64/535 220/241/538
f 220/241/538 327/64/535 221/242/536
f 329/56/539 328/60/537 219/240/540
f 219/240/540 328/60/537 220/241/538
f 329/56/539 219/240/540 330/53/541
f 330/53/541 219/240/540 218/239/542
f 330/53/541 218/239/542 331/47/543
f 331/47/543 218/239/542 217/238/544
f 331/47/543 217/238/544 332/43/545
f 332/43/545 217/238/544 216/237/546
f 332/43/545 216/237/546 333/39/547
f 333/39/547 216/237/546 215/236/548
f 333/39/547 215/236/548 334/35/549
f 334/35/549 215/236/548 214/235/550
f 341/5/551 340/3/552 207/227/553
f 207/227/553 340/3/552 208/228/554
f 341/5/551 207/227/553 342/379/555
f 342/379/555 207/227/553 254/226/556
f 342/379/555 254/226/556 364/378/557
f 364/378/557 254/226/556 363/225/558
f 350/395/559 349/393/560 246/217/561
f 246/217/561 349/393/560 247/218/562
f 303/397/507 350/395/559 245/272/505
f 245/272/505 350/395/559 246/217/561
f 352/430/563 351/251/564 319/96/565
f 319/96/565 351/251/564 229/250/566
f 353/436/567 352/430/568 118/94/569
f 118/94/569 352/430/568 319/96/570
f 316/425/523 356/421/571 232/254/524
f 232/254/524 356/421/571 355/255/572
f 120/426/429 357/424/573 316/425/430
f 316/425/430 357/424/573 356/421/574
f 268/309/131 358/311/575 120/426/480
f 120/426/480 358/311/575 357/424/576
f 68/74/577 72/77/578 358/265/579
f 68/74/130 358/265/575 268/362/131
f 340/3/552 360/14/580 208/228/554
f 208/228/554 360/14/580 359/229/581
f 360/14/582 340/3/399 361/16/583
f 361/16/583 340/3/399 37/2/401
f 292/283/32 362/285/584 37/2/496
f 37/2/496 362/285/584 361/16/585
f 15/24/31 362/261/584 292/336/32
f 15/24/586 14/22/587 362/261/588
f 364/378/589 363/225/590 343/381/591
f 343/381/591 363/225/590 253/224/592
f 365/377/593 364/378/594 39/382/595
f 39/382/595 364/378/594 343/381/596
f 366/281/597 365/377/598 295/279/599
f 295/279/599 365/377/598 39/382/600
f 17/30/601 16/28/602 366/257/603
f 17/30/604 366/257/605 295/333/606
f 157/164/607 156/554/608 144/601/609
f 144/601/609 156/554/608 145/203/610
f 179/496/611 367/497/612 63/498/613
f 61/604/614 62/555/615 157/164/616
f 157/164/616 62/555/615 156/554/617
f 140/513/618 197/511/619 66/524/620
f 66/524/620 197/511/619 167/525/621
f 67/462/622 66/463/623 198/461/624
f 198/461/624 66/463/623 167/464/625
f 63/498/626 67/499/627 155/479/628
f 155/479/628 67/499/627 168/214/629
f 179/496/630 155/479/631 178/491/632
f 178/491/632 155/479/631 146/127/633
f 63/498/634 155/479/635 179/496/636
f 67/207/637 198/206/638 168/149/639
f 198/206/640 199/186/641 168/149/642
f 168/149/642 199/186/641 147/117/643
f 156/581/644 179/582/645 167/580/646
f 167/580/646 179/582/645 198/583/647
f 145/526/648 156/527/649 148/505/650
f 148/505/650 156/527/649 167/525/651
f 199/540/652 198/558/653 178/541/654
f 178/541/654 198/558/653 179/559/655
f 148/183/656 167/205/657 143/148/658
f 143/148/658 167/205/657 158/145/659
f 187/180/660 158/597/661 197/553/662
f 197/553/662 158/597/661 167/560/663
f 179/466/664 156/465/665 367/467/666
f 367/467/666 156/465/665 62/468/667
f 161/157/668 154/159/669 162/208/670
f 162/208/670 154/159/669 153/176/671
f 73/166/672 161/157/673 74/209/674
f 74/209/674 161/157/673 162/208/675
f 75/470/676 74/471/677 169/469/678
f 169/469/678 74/471/677 162/472/679
f 75/501/680 163/481/681 71/500/682
f 71/500/682 163/481/681 164/480/683
f 206/502/684 368/503/685 71/500/686
f 140/513/687 70/528/688 166/512/689
f 166/512/689 70/528/688 165/529/690
f 75/211/691 169/210/692 163/154/693
f 152/155/694 163/154/695 170/177/696
f 170/177/696 163/154/695 169/210/697
f 164/480/698 151/483/699 206/502/700
f 206/502/700 151/483/699 205/495/701
f 71/500/702 164/480/703 206/502/704
f 162/585/705 165/586/706 169/584/707
f 169/584/707 165/586/706 206/587/708
f 150/204/709 165/529/710 153/530/711
f 153/530/711 165/529/710 162/531/712
f 205/562/713 170/563/714 206/561/715
f 206/561/715 170/563/714 169/564/716
f 150/566/717 141/172/718 165/565/719
f 165/565/719 141/172/718 160/171/720
f 165/565/721 160/171/722 166/567/723
f 166/567/723 160/171/722 159/592/724
f 206/474/725 165/473/726 368/475/727
f 368/475/727 165/473/726 70/476/728
f 375/492/729 370/612/730 376/556/731
f 376/556/731 370/612/730 371/613/732
f 373/557/733 374/615/734 369/611/735
f 369/611/735 374/615/734 372/614/736
f 376/556/737 374/615/738 375/492/739
f 375/492/739 374/615/738 373/557/740
f 186/478/741 180/477/742 148/150/743
f 148/150/743 180/477/742 145/187/744
f 378/617/745 379/618/746 377/616/747
f 377/616/747 379/618/746 380/619/748
f 395/634/749 396/635/750 398/637/751
f 398/637/751 396/635/750 397/636/752
f 400/639/753 401/640/754 399/638/755
f 399/638/755 401/640/754 402/641/756
f 395/634/757 401/640/758 396/635/759
f 396/635/759 401/640/758 400/639/760
f 403/642/761 404/643/762 406/645/763
f 406/645/763 404/643/762 405/644/764
f 407/646/765 408/647/766 410/649/767
f 410/649/767 408/647/766 409/648/768
f 404/643/769 403/642/770 408/647/771
f 408/647/771 403/642/770 409/648/772
f 414/653/773 415/654/774 413/652/775
f 413/652/775 415/654/774 416/655/776
f 411/650/777 415/654/778 412/651/779
f 412/651/779 415/654/778 414/653/780
f 418/657/781 419/658/782 417/656/783
f 417/656/783 419/658/782 420/659/784
f 424/663/785 425/664/786 423/662/787
f 423/662/787 425/664/786 426/665/788
f 421/660/789 425/664/790 422/661/791
f 422/661/791 425/664/790 424/663/792
f 430/669/793 431/670/794 429/668/795
f 429/668/795 431/670/794 432/671/796
f 427/666/797 431/670/798 428/667/799
f 428/667/799 431/670/798 430/669/800
f 435/674/801 436/675/802 438/677/803
f 438/677/803 436/675/802 437/676/804
f 434/673/805 433/672/806 436/675/807
f 436/675/807 433/672/806 437/676/808
f 439/678/809 440/679/810 442/681/811
f 442/681/811 440/679/810 441/680/812
f 443/682/813 444/683/814 446/685/815
f 446/685/815 444/683/814 445/684/816
f 440/679/817 439/678/818 444/683/819
f 444/683/819 439/678/818 445/684/820
f 451/690/821 452/691/822 454/693/823
f 454/693/823 452/691/822 453/692/824
f 458/697/825 459/698/826 457/696/827
f 457/696/827 459/698/826 460/699/828
f 455/694/829 459/698/830 456/695/831
f 456/695/831 459/698/830 458/697/832
f 466/705/833 467/706/834 465/704/835
f 465/704/835 467/706/834 468/707/836
f 470/709/837 471/710/838 469/708/839
f 469/708/839 471/710/838 472/711/840
f 465/704/841 471/710/842 466/705/843
f 466/705/843 471/710/842 470/709/844
f 474/713/845 475/714/846 473/712/847
f 473/712/847 475/714/846 476/715/848
f 477/716/849 478/717/850 480/719/851
f 480/719/851 478/717/850 479/718/852
f 474/713/853 473/712/854 478/717/855
f 478/717/855 473/712/854 479/718/856
f 482/721/857 483/722/858 481/720/859
f 481/720/859 483/722/858 484/723/860
f 486/725/861 483/722/862 485/724/863
f 485/724/863 483/722/862 482/721/864
f 487/726/865 488/727/866 490/729/867
f 490/729/867 488/727/866 489/728/868
f 492/731/869 493/732/870 491/730/871
f 491/730/871 493/732/870 494/733/872
f 487/726/873 493/732/874 488/727/875
f 488/727/875 493/732/874 492/731/876
f 496/735/877 497/736/878 495/734/879
f 495/734/879 497/736/878 498/737/880
f 499/738/881 500/739/882 502/741/883
f 502/741/883 500/739/882 501/740/884
f 496/735/885 495/734/886 500/739/887
f 500/739/887 495/734/886 501/740/888
f 504/743/889 505/744/890 503/742/891
f 503/742/891 505/744/890 506/745/892
f 508/747/893 505/744/894 507/746/895
f 507/746/895 505/744/894 504/743/896
f 510/749/897 511/750/898 509/748/899
f 509/748/899 511/750/898 512/751/900
f 514/753/901 511/750/902 513/752/903
f 513/752/903 511/750/902 510/749/904
f 516/755/905 517/756/906 515/754/907
f 515/754/907 517/756/906 518/757/908
f 520/759/909 517/756/910 519/758/911
f 519/758/911 517/756/910 516/755/912
f 521/760/913 522/761/914 524/763/915
f 524/763/915 522/761/914 523/762/916
f 525/764/917 526/765/918 522/761/919
f 522/761/919 526/765/918 523/762/920
f 527/766/921 528/767/922 530/769/923
f 530/769/923 528/767/922 529/768/924
f 531/770/925 532/771/926 534/773/927
f 534/773/927 532/771/926 533/772/928
f 528/767/929 527/766/930 532/771/931
f 532/771/931 527/766/930 533/772/932
f 535/774/933 536/775/934 538/777/935
f 538/777/935 536/775/934 537/776/936
f 539/778/937 540/779/938 542/781/939
f 542/781/939 540/779/938 541/780/940
f 536/775/941 535/774/942 540/779/943
f 540/779/943 535/774/942 541/780/944
f 544/783/945 545/784/946 543/782/947
f 543/782/947 545/784/946 546/785/948
f 548/787/949 549/788/950 547/786/951
f 547/786/951 549/788/950 550/789/952
f 552/791/953 553/792/954 551/790/955
f 551/790/955 553/792/954 554/793/956
f 556/795/957 553/792/958 555/794/959
f 555/794/959 553/792/958 552/791/960
f 558/797/961 559/798/962 557/796/963
f 557/796/963 559/798/962 560/799/964
f 561/800/965 562/801/966 558/797/967
f 558/797/967 562/801/966 559/798/968
f 564/803/969 565/804/970 563/802/971
f 563/802/971 565/804/970 566/805/972
f 567/806/973 568/807/974 564/803/975
f 564/803/975 568/807/974 565/804/976
f 570/809/977 571/810/978 569/808/979
f 569/808/979 571/810/978 572/811/980
f 574/813/981 571/810/982 573/812/983
f 573/812/983 571/810/982 570/809/984
f 577/816/985 578/817/986 575/814/987
f 575/814/987 578/817/986 576/815/988
f 579/818/989 580/819/990 582/821/991
f 582/821/991 580/819/990 581/820/992
f 583/822/993 584/823/994 580/819/995
f 580/819/995 584/823/994 581/820/996
f 585/824/997 586/825/998 588/827/999
f 588/827/999 586/825/998 587/826/1000
f 589/828/1001 590/829/1002 586/825/1003
f 586/825/1003 590/829/1002 587/826/1004
f 592/831/1005 593/832/1006 591/830/1007
f 591/830/1007 593/832/1006 594/833/1008
f 596/835/1009 593/832/1010 595/834/1011
f 595/834/1011 593/832/1010 592/831/1012
f 598/837/1013 599/838/1014 597/836/1015
f 597/836/1015 599/838/1014 600/839/1016
f 602/841/1017 603/842/1018 601/840/1019
f 601/840/1019 603/842/1018 604/843/1020
f 606/845/1021 603/842/1022 605/844/1023
f 605/844/1023 603/842/1022 602/841/1024
f 608/847/1025 609/848/1026 607/846/1027
f 607/846/1027 609/848/1026 610/849/1028
f 611/850/1029 612/851/1030 608/847/1031
f 608/847/1031 612/851/1030 609/848/1032
f 614/853/1033 615/854/1034 613/852/1035
f 613/852/1035 615/854/1034 616/855/1036
f 617/856/1037 618/857/1038 614/853/1039
f 614/853/1039 618/857/1038 615/854/1040
f 620/859/1041 621/860/1042 619/858/1043
f 619/858/1043 621/860/1042 622/861/1044
f 623/862/1045 624/863/1046 620/859/1047
f 620/859/1047 624/863/1046 621/860/1048
f 625/864/1049 626/865/1050 628/867/1051
f 628/867/1051 626/865/1050 627/866/1052
f 630/869/1053 631/870/1054 629/868/1055
f 629/868/1055 631/870/1054 632/871/1056
f 633/872/1057 634/873/1058 630/869/1059
f 630/869/1059 634/873/1058 631/870/1060
f 636/875/1061 637/876/1062 635/874/1063
f 635/874/1063 637/876/1062 638/877/1064
f 639/878/1065 640/879/1066 636/875/1067
f 636/875/1067 640/879/1066 637/876/1068
f 642/881/1069 643/882/1070 641/880/1071
f 641/880/1071 643/882/1070 644/883/1072
f 646/885/1073 643/882/1074 645/884/1075
f 645/884/1075 643/882/1074 642/881/1076
f 648/887/1077 649/888/1078 647/886/1079
f 647/886/1079 649/888/1078 650/889/1080
f 652/891/1081 653/892/1082 651/890/1083
f 651/890/1083 653/892/1082 654/893/1084
f 656/895/1085 653/892/1086 655/894/1087
f 655/894/1087 653/892/1086 652/891/1088
f 671/910/1089 672/911/1090 674/913/1091
f 674/913/1091 672/911/1090 673/912/1092
f 676/915/1093 677/916/1094 675/914/1095
f 675/914/1095 677/916/1094 678/917/1096
f 671/910/1097 677/916/1098 672/911/1099
f 672/911/1099 677/916/1098 676/915/1100
f 680/919/1101 681/920/1102 679/918/1103
f 679/918/1103 681/920/1102 682/921/1104
f 684/923/1105 685/924/1106 683/922/1107
f 683/922/1107 685/924/1106 686/925/1108
f 680/919/1109 679/918/1110 684/923/1111
f 684/923/1111 679/918/1110 685/924/1112
f 689/928/1113 690/929/1114 692/931/1115
f 692/931/1115 690/929/1114 691/930/1116
f 688/927/1117 687/926/1118 690/929/1119
f 690/929/1119 687/926/1118 691/930/1120
f 693/932/1121 694/933/1122 696/935/1123
f 696/935/1123 694/933/1122 695/934/1124
f 698/937/1125 699/938/1126 697/936/1127
f 697/936/1127 699/938/1126 700/939/1128
f 693/932/1129 699/938/1130 694/933/1131
f 694/933/1131 699/938/1130 698/937/1132
f 702/941/1133 703/942/1134 701/940/1135
f 701/940/1135 703/942/1134 704/943/1136
f 705/944/1137 706/945/1138 708/947/1139
f 708/947/1139 706/945/1138 707/946/1140
f 702/941/1141 701/940/1142 706/945/1143
f 706/945/1143 701/940/1142 707/946/1144
f 709/948/1145 710/949/1146 712/951/1147
f 712/951/1147 710/949/1146 711/950/1148
f 713/952/1149 714/953/1150 716/955/1151
f 716/955/1151 714/953/1150 715/954/1152
f 710/949/1153 709/948/1154 714/953/1155
f 714/953/1155 709/948/1154 715/954/1156
f 717/956/1157 718/957/1158 720/959/1159
f 720/959/1159 718/957/1158 719/958/1160
f 722/961/1161 723/962/1162 721/960/1163
f 721/960/1163 723/962/1162 724/963/1164
f 717/956/1165 723/962/1166 718/957/1167
f 718/957/1167 723/962/1166 722/961/1168
f 725/964/1169 726/965/1170 728/967/1171
f 728/967/1171 726/965/1170 727/966/1172
f 747/986/1173 748/987/1174 750/989/1175
f 750/989/1175 748/987/1174 749/988/1176
f 752/991/1177 753/992/1178 751/990/1179
f 751/990/1179 753/992/1178 754/993/1180
f 747/986/1181 753/992/1182 748/987/1183
f 748/987/1183 753/992/1182 752/991/1184
f 756/995/1185 757/996/1186 755/994/1187
f 755/994/1187 757/996/1186 758/997/1188
f 760/999/1189 761/1000/1190 759/998/1191
f 759/998/1191 761/1000/1190 762/1001/1192
f 756/995/1193 755/994/1194 760/999/1195
f 760/999/1195 755/994/1194 761/1000/1196
f 763/1002/1197 764/1003/1198 766/1005/1199
f 766/1005/1199 764/1003/1198 765/1004/1200
f 767/1006/1201 768/1007/1202 764/1003/1203
f 764/1003/1203 768/1007/1202 765/1004/1204
f 769/1008/1205 770/1009/1206 772/1011/1207
f 772/1011/1207 770/1009/1206 771/1010/1208
f 773/1012/1209 774/1013/1210 776/1015/1211
f 776/1015/1211 774/1013/1210 775/1014/1212
f 769/1008/1213 775/1014/1214 770/1009/1215
f 770/1009/1215 775/1014/1214 774/1013/1216
f 778/1017/1217 779/1018/1218 777/1016/1219
f 777/1016/1219 779/1018/1218 780/1019/1220
f 781/1020/1221 782/1021/1222 784/1023/1223
f 784/1023/1223 782/1021/1222 783/1022/1224
f 778/1017/1225 777/1016/1226 782/1021/1227
f 782/1021/1227 777/1016/1226 783/1022/1228
f 786/1025/1229 787/1026/1230 785/1024/1231
f 785/1024/1231 787/1026/1230 788/1027/1232
f 789/1028/1233 790/1029/1234 792/1031/1235
f 792/1031/1235 790/1029/1234 791/1030/1236
f 786/1025/1237 785/1024/1238 790/1029/1239
f 790/1029/1239 785/1024/1238 791/1030/1240
f 793/1032/1241 794/1033/1242 796/1035/1243
f 796/1035/1243 794/1033/1242 795/1034/1244
f 798/1037/1245 799/1038/1246 797/1036/1247
f 797/1036/1247 799/1038/1246 800/1039/1248
f 793/1032/1249 799/1038/1250 794/1033/1251
f 794/1033/1251 799/1038/1250 798/1037/1252
f 742/981/1253 739/978/1254 741/980/1255
f 741/980/1255 739/978/1254 740/979/1256
f 744/983/1257 809/1048/1258 743/982/1259
f 739/978/1260 745/984/1261 740/979/1262
f 740/979/1262 745/984/1261 744/983/1263
f 809/1048/1264 744/983/1265 746/985/1266
f 746/985/1266 744/983/1265 745/984/1267
f 734/973/1268 810/1049/1269 733/972/1270
f 737/976/1271 738/977/1272 734/973/1273
f 734/973/1273 738/977/1272 735/974/1274
f 810/1049/1275 734/973/1276 736/975/1277
f 736/975/1277 734/973/1276 735/974/1278
f 658/897/1279 811/1050/1280 657/896/1281
f 661/900/1282 662/901/1283 658/897/1284
f 658/897/1284 662/901/1283 659/898/1285
f 811/1050/1286 658/897/1287 660/899/1288
f 660/899/1288 658/897/1287 659/898/1289
f 666/905/1290 663/902/1291 665/904/1292
f 665/904/1292 663/902/1291 664/903/1293
f 668/907/1294 812/1051/1295 667/906/1296
f 663/902/1297 669/908/1298 664/903/1299
f 664/903/1299 669/908/1298 668/907/1300
f 812/1051/1301 668/907/1302 670/909/1303
f 670/909/1303 668/907/1302 669/908/1304
f 461/700/1305 462/701/1306 464/703/1307
f 464/703/1307 462/701/1306 813/1052/1308
f 464/703/1309 813/1052/1310 463/702/1311
f 382/621/1312 383/622/1313 381/620/1314
f 381/620/1314 383/622/1313 814/1053/1315
f 382/621/1316 378/617/1317 383/622/1318
f 383/622/1318 378/617/1317 377/616/1319
f 814/1053/1320 383/622/1321 384/623/1322
f 730/969/1323 731/970/1324 729/968/1325
f 729/968/1325 731/970/1324 815/1054/1326
f 725/964/1327 731/970/1328 726/965/1329
f 726/965/1329 731/970/1328 730/969/1330
f 815/1054/1331 731/970/1332 732/971/1333
f 801/1040/1334 802/1041/1335 804/1043/1336
f 804/1043/1336 802/1041/1335 803/1042/1337
f 806/1045/1338 816/1055/1339 805/1044/1340
f 802/1041/1341 801/1040/1342 806/1045/1343
f 806/1045/1343 801/1040/1342 807/1046/1344
f 806/1045/1345 807/1046/1346 816/1055/1347
f 816/1055/1347 807/1046/1346 808/1047/1348
f 392/631/1349 393/632/1350 391/630/1351
f 391/630/1351 393/632/1350 817/1056/1352
f 817/1056/1353 393/632/1354 394/633/1355
f 388/627/1356 389/628/1357 387/626/1358
f 387/626/1358 389/628/1357 818/1057/1359
f 385/624/1360 389/628/1361 386/625/1362
f 386/625/1362 389/628/1361 388/627/1363
f 818/1057/1364 389/628/1365 390/629/1366
f 448/687/1367 819/1058/1368 447/686/1369
f 447/686/1369 819/1058/1368 450/689/1370
f 448/687/1371 447/686/1372 452/691/1373
f 452/691/1373 447/686/1372 453/692/1374
f 819/1058/1375 448/687/1376 449/688/1377
f 823/1062/1378 822/1061/1379 820/1059/1380
f 820/1059/1380 822/1061/1379 821/1060/1381
f 821/1063/1382 822/1066/1383 824/1064/1384
f 824/1064/1384 822/1066/1383 825/1065/1385
f 826/1067/1386 829/1070/1387 827/1068/1388
f 827/1068/1388 829/1070/1387 828/1069/1389
f 831/1072/1390 830/1071/1391 829/1070/1392
f 829/1070/1392 830/1071/1391 828/1069/1393
f 828/1073/1394 830/1076/1395 832/1074/1396
f 832/1074/1396 830/1076/1395 833/1075/1397
f 834/1077/1398 837/1080/1399 835/1078/1400
f 835/1078/1400 837/1080/1399 836/1079/1401
f 839/1084/1402 837/1083/1403 838/1081/1404
f 838/1081/1404 837/1083/1403 834/1082/1405
f 843/1088/1406 842/1087/1407 840/1085/1408
f 840/1085/1408 842/1087/1407 841/1086/1409
f 847/1092/1410 846/1091/1411 844/1089/1412
f 844/1089/1412 846/1091/1411 845/1090/1413
f 845/1093/1414 846/1096/1415 848/1094/1416
f 848/1094/1416 846/1096/1415 849/1095/1417
f 850/1097/1418 853/1100/1419 851/1098/1420
f 851/1098/1420 853/1100/1419 852/1099/1421
f 837/1080/1422 820/1102/1423 836/1079/1424
f 836/1079/1424 820/1102/1423 821/1101/1425
f 839/1084/1426 823/1104/1427 837/1083/1428
f 837/1083/1428 823/1104/1427 820/1103/1429
f 836/1105/1430 821/1108/1431 854/1106/1432
f 854/1106/1432 821/1108/1431 824/1107/1433
f 842/1087/1434 856/1110/1435 841/1086/1436
f 841/1086/1436 856/1110/1435 855/1109/1437
f 829/1113/1438 826/1112/1439 849/1095/1440
f 849/1095/1440 826/1112/1439 857/1111/1441
f 830/1115/1442 831/1114/1443 847/1092/1444
f 847/1092/1444 831/1114/1443 846/1091/1445
f 846/1096/1446 831/1116/1447 849/1095/1448
f 849/1095/1448 831/1116/1447 829/1113/1449
f 853/1100/1450 859/1118/1451 852/1099/1452
f 852/1099/1452 859/1118/1451 858/1117/1453
f 833/1122/1454 830/1121/1455 860/1119/1456
f 860/1119/1456 830/1121/1455 847/1120/1457
f 861/1123/1458 859/1118/1459 862/1124/1460
f 862/1124/1460 859/1118/1459 853/1100/1461
f 823/1104/1462 839/1084/1463 863/1125/1464
f 863/1125/1464 839/1084/1463 864/1126/1465
f 863/1128/1466 865/1127/1467 823/1062/1468
f 823/1062/1468 865/1127/1467 822/1061/1469
f 855/1109/1470 867/1130/1471 841/1086/1472
f 841/1086/1472 867/1130/1471 866/1129/1473
f 871/1134/1474 870/1133/1475 868/1131/1476
f 868/1131/1476 870/1133/1475 869/1132/1477
f 873/1136/1478 843/1088/1479 872/1135/1480
f 872/1135/1480 843/1088/1479 840/1085/1481
f 877/1140/1482 876/1139/1483 874/1137/1484
f 874/1137/1484 876/1139/1483 875/1138/1485
f 878/1141/1486 845/1144/1487 879/1142/1488
f 879/1142/1488 845/1144/1487 848/1143/1489
f 868/1131/1490 869/1132/1491 880/1145/1492
f 880/1145/1492 869/1132/1491 881/1146/1493
f 868/1131/1494 880/1145/1495 882/1147/1496
f 882/1147/1496 880/1145/1495 883/1148/1497
f 879/1142/1498 885/1150/1499 884/1149/1500
f 884/1149/1500 885/1150/1499 883/1148/1501
f 886/1151/1502 878/1141/1503 884/1149/1504
f 884/1149/1504 878/1141/1503 879/1142/1505
f 852/1155/1506 860/1154/1507 851/1152/1508
f 851/1152/1508 860/1154/1507 887/1153/1509
f 858/1157/1510 833/1156/1511 852/1155/1512
f 852/1155/1512 833/1156/1511 860/1154/1513
f 832/1158/1514 833/1159/1515 859/1118/1516
f 859/1118/1516 833/1159/1515 858/1117/1517
f 888/1160/1518 832/1158/1519 861/1123/1520
f 861/1123/1520 832/1158/1519 859/1118/1521
f 889/1162/1522 867/1130/1523 825/1161/1524
f 825/1161/1524 867/1130/1523 855/1109/1525
f 824/1163/1526 825/1161/1527 856/1110/1528
f 856/1110/1528 825/1161/1527 855/1109/1529
f 854/1164/1530 824/1163/1531 842/1087/1532
f 842/1087/1532 824/1163/1531 856/1110/1533
f 854/1164/1534 842/1087/1535 890/1165/1536
f 890/1165/1536 842/1087/1535 843/1088/1537
f 870/1166/1538 834/1077/1539 891/1167/1540
f 891/1167/1540 834/1077/1539 835/1078/1541
f 838/1081/1542 834/1082/1543 871/1134/1544
f 871/1134/1544 834/1082/1543 870/1133/1545
f 851/1152/1546 887/1153/1547 876/1168/1548
f 876/1168/1548 887/1153/1547 892/1169/1549
f 877/1140/1550 850/1097/1551 876/1139/1552
f 876/1139/1552 850/1097/1551 851/1098/1553
f 885/1150/1554 882/1147/1555 883/1148/1556
f 893/1170/1557 882/1147/1558 894/1171/1559
f 894/1171/1559 882/1147/1558 885/1150/1560
f 857/1111/1561 864/1126/1562 894/1172/1563
f 894/1172/1563 864/1126/1562 893/1173/1564
f 863/1125/1565 864/1126/1566 826/1112/1567
f 826/1112/1567 864/1126/1566 857/1111/1568
f 865/1127/1569 863/1128/1570 827/1068/1571
f 827/1068/1571 863/1128/1570 826/1067/1572
f 889/1174/1573 865/1177/1574 888/1175/1575
f 888/1175/1575 865/1177/1574 827/1176/1576
f 867/1130/1577 889/1162/1578 861/1123/1579
f 861/1123/1579 889/1162/1578 888/1160/1580
f 867/1130/1581 861/1123/1582 866/1129/1583
f 866/1129/1583 861/1123/1582 862/1124/1584
f 895/1178/1585 898/1181/1586 896/1179/1587
f 896/1179/1587 898/1181/1586 897/1180/1588
f 899/1182/1589 895/1185/1590 900/1183/1591
f 900/1183/1591 895/1185/1590 896/1184/1592
f 901/1186/1593 899/1189/1594 902/1187/1595
f 902/1187/1595 899/1189/1594 900/1188/1596
f 903/1190/1597 901/1186/1598 902/1187/1599
f 840/1191/1600 841/1194/1601 904/1192/1602
f 904/1192/1602 841/1194/1601 905/1193/1603
f 841/1194/1604 866/1196/1605 905/1193/1606
f 905/1193/1606 866/1196/1605 898/1195/1607
f 898/1195/1608 866/1196/1609 897/1197/1610
f 897/1197/1610 866/1196/1609 862/1198/1611
f 853/1200/1612 906/1199/1613 862/1198/1614
f 862/1198/1614 906/1199/1613 897/1197/1615
f 906/1202/1616 853/1100/1617 907/1201/1618
f 907/1201/1618 853/1100/1617 850/1097/1619
f 907/1201/1620 850/1097/1621 908/1203/1622
f 908/1203/1622 850/1097/1621 877/1140/1623
f 907/1207/1624 887/1206/1625 906/1204/1626
f 906/1204/1626 887/1206/1625 860/1205/1627
f 909/1208/1628 906/1209/1629 847/1120/1630
f 847/1120/1630 906/1209/1629 860/1119/1631
f 844/1213/1632 910/1212/1633 847/1210/1634
f 847/1210/1634 910/1212/1633 909/1211/1635
f 911/1214/1636 912/1217/1637 836/1215/1638
f 836/1215/1638 912/1217/1637 835/1216/1639
f 905/1218/1640 911/1219/1641 854/1106/1642
f 854/1106/1642 911/1219/1641 836/1105/1643
f 890/1223/1644 904/1222/1645 854/1220/1646
f 854/1220/1646 904/1222/1645 905/1221/1647
f 911/1219/1648 905/1218/1649 822/1224/1650
f 822/1224/1650 905/1218/1649 825/1225/1651
f 911/1214/1652 822/1227/1653 895/1185/1654
f 895/1185/1654 822/1227/1653 865/1226/1655
f 895/1178/1656 865/1229/1657 898/1181/1658
f 898/1181/1658 865/1229/1657 889/1228/1659
f 905/1221/1660 898/1232/1661 825/1230/1662
f 825/1230/1662 898/1232/1661 889/1231/1663
f 897/1233/1664 906/1204/1665 888/1234/1666
f 888/1234/1666 906/1204/1665 832/1235/1667
f 909/1208/1668 828/1237/1669 906/1209/1670
f 906/1209/1670 828/1237/1669 832/1236/1671
f 896/1184/1672 827/1239/1673 909/1211/1674
f 909/1211/1674 827/1239/1673 828/1238/1675
f 896/1179/1676 897/1180/1677 827/1240/1678
f 827/1240/1678 897/1180/1677 888/1241/1679
f 894/1245/1680 900/1244/1681 857/1242/1682
f 857/1242/1682 900/1244/1681 896/1243/1683
f 857/1242/1684 896/1243/1685 849/1246/1686
f 849/1246/1686 896/1243/1685 909/1247/1687
f 909/1248/1688 910/1251/1689 849/1249/1690
f 849/1249/1690 910/1251/1689 848/1250/1691
f 885/1255/1692 902/1254/1693 894/1252/1694
f 894/1252/1694 902/1254/1693 900/1253/1695
f 838/1259/1696 912/1258/1697 839/1256/1698
f 839/1256/1698 912/1258/1697 911/1257/1699
f 864/1260/1700 839/1256/1701 895/1261/1702
f 895/1261/1702 839/1256/1701 911/1257/1703
f 895/1262/1704 899/1265/1705 864/1263/1706
f 864/1263/1706 899/1265/1705 893/1264/1707
f 899/1266/1708 901/1269/1709 893/1267/1710
f 893/1267/1710 901/1269/1709 882/1268/1711
f 891/1167/1712 913/1271/1713 870/1166/1714
f 870/1166/1714 913/1271/1713 869/1270/1715
f 914/1272/1716 916/1274/1717 915/1273/1718
f 913/1271/1719 917/1276/1720 869/1270/1721
f 869/1270/1721 917/1276/1720 881/1275/1722
f 919/1278/1723 901/1186/1724 918/1277/1725
f 918/1277/1725 901/1186/1724 903/1190/1726
f 919/1282/1727 918/1281/1728 920/1279/1729
f 920/1279/1729 918/1281/1728 921/1280/1730
f 872/1135/1731 921/1283/1732 873/1136/1733
f 873/1136/1733 921/1283/1732 916/1274/1734
f 843/1088/1735 873/1136/1736 890/1165/1737
f 890/1165/1737 873/1136/1736 914/1272/1738
f 916/1274/1739 914/1272/1740 873/1136/1741
f 921/1284/1742 872/1286/1743 920/1285/1744
f 840/1191/1745 904/1192/1746 872/1286/1747
f 872/1286/1747 904/1192/1746 920/1285/1748
f 920/1290/1749 914/1289/1750 919/1287/1751
f 919/1287/1751 914/1289/1750 913/1288/1752
f 919/1278/1753 913/1293/1754 922/1291/1755
f 922/1291/1755 913/1293/1754 891/1292/1756
f 914/1295/1757 920/1294/1758 890/1223/1759
f 890/1223/1759 920/1294/1758 904/1222/1760
f 868/1299/1761 919/1298/1762 871/1296/1763
f 871/1296/1763 919/1298/1762 922/1297/1764
f 919/1301/1765 868/1300/1766 901/1269/1767
f 901/1269/1767 868/1300/1766 882/1268/1768
f 917/1305/1769 913/1304/1770 915/1302/1771
f 915/1302/1771 913/1304/1770 914/1303/1772
f 844/1309/1773 845/1308/1774 923/1306/1775
f 923/1306/1775 845/1308/1774 878/1307/1776
f 923/1306/1777 878/1307/1778 924/1310/1779
f 924/1310/1779 878/1307/1778 886/1311/1780
f 923/1315/1781 924/1314/1782 925/1312/1783
f 925/1312/1783 924/1314/1782 926/1313/1784
f 874/1137/1785 875/1138/1786 927/1316/1787
f 927/1316/1787 875/1138/1786 926/1317/1788
f 928/1318/1789 927/1316/1790 929/1319/1791
f 931/1321/1792 930/1320/1793 902/1187/1794
f 902/1187/1794 930/1320/1793 903/1190/1795
f 926/1322/1796 875/1324/1797 925/1323/1798
f 876/1168/1799 892/1169/1800 875/1324/1801
f 875/1324/1801 892/1169/1800 925/1323/1802
f 908/1203/1803 877/1140/1804 928/1318/1805
f 928/1318/1805 877/1140/1804 874/1137/1806
f 927/1316/1807 928/1318/1808 874/1137/1809
f 928/1328/1810 931/1327/1811 925/1325/1812
f 925/1325/1812 931/1327/1811 923/1326/1813
f 923/1331/1814 931/1321/1815 844/1329/1816
f 844/1329/1816 931/1321/1815 910/1330/1817
f 925/1335/1818 892/1334/1819 928/1332/1820
f 928/1332/1820 892/1334/1819 908/1333/1821
f 879/1339/1822 848/1338/1823 931/1336/1824
f 931/1336/1824 848/1338/1823 910/1337/1825
f 885/1341/1826 879/1339/1827 902/1340/1828
f 902/1340/1828 879/1339/1827 931/1336/1829
f 930/1345/1830 931/1344/1831 929/1342/1832
f 929/1342/1832 931/1344/1831 928/1343/1833
f 935/1349/1834 934/1348/1835 932/1346/1836
f 932/1346/1836 934/1348/1835 933/1347/1837
f 939/1353/1838 938/1352/1839 936/1350/1840
f 936/1350/1840 938/1352/1839 937/1351/1841
f 937/1351/1842 938/1352/1843 933/1347/1844
f 933/1347/1844 938/1352/1843 932/1346/1845
f 912/1354/1846 922/1357/1847 835/1355/1848
f 835/1355/1848 922/1357/1847 891/1356/1849
f 943/1361/1850 942/1360/1851 940/1358/1852
f 940/1358/1852 942/1360/1851 941/1359/1853
f 947/1365/1854 946/1364/1855 944/1362/1856
f 944/1362/1856 946/1364/1855 945/1363/1857
f 951/1369/1858 950/1368/1859 948/1366/1860
f 948/1366/1860 950/1368/1859 949/1367/1861
f 949/1367/1862 950/1368/1863 945/1363/1864
f 945/1363/1864 950/1368/1863 944/1362/1865
f 955/1373/1866 954/1372/1867 952/1370/1868
f 952/1370/1868 954/1372/1867 953/1371/1869
f 956/1374/1870 959/1377/1871 957/1375/1872
f 957/1375/1872 959/1377/1871 958/1376/1873
f 957/1375/1874 958/1376/1875 953/1371/1876
f 953/1371/1876 958/1376/1875 952/1370/1877
f 960/1378/1878 963/1381/1879 961/1379/1880
f 961/1379/1880 963/1381/1879 962/1380/1881
f 961/1379/1882 962/1380/1883 964/1382/1884
f 964/1382/1884 962/1380/1883 965/1383/1885
f 969/1387/1886 968/1386/1887 966/1384/1888
f 966/1384/1888 968/1386/1887 967/1385/1889
f 973/1391/1890 972/1390/1891 970/1388/1892
f 970/1388/1892 972/1390/1891 971/1389/1893
f 974/1392/1894 971/1389/1895 975/1393/1896
f 975/1393/1896 971/1389/1895 972/1390/1897
f 979/1397/1898 978/1396/1899 976/1394/1900
f 976/1394/1900 978/1396/1899 977/1395/1901
f 980/1398/1902 977/1395/1903 981/1399/1904
f 981/1399/1904 977/1395/1903 978/1396/1905
f 985/1403/1906 984/1402/1907 982/1400/1908
f 982/1400/1908 984/1402/1907 983/1401/1909
f 986/1404/1910 983/1401/1911 987/1405/1912
f 987/1405/1912 983/1401/1911 984/1402/1913
f 988/1406/1914 991/1409/1915 989/1407/1916
f 989/1407/1916 991/1409/1915 990/1408/1917
f 995/1413/1918 994/1412/1919 992/1410/1920
f 992/1410/1920 994/1412/1919 993/1411/1921
f 989/1407/1922 993/1411/1923 988/1406/1924
f 988/1406/1924 993/1411/1923 994/1412/1925
f 999/1417/1926 998/1416/1927 996/1414/1928
f 996/1414/1928 998/1416/1927 997/1415/1929
f 1003/1421/1930 1002/1420/1931 1000/1418/1932
f 1000/1418/1932 1002/1420/1931 1001/1419/1933
f 1001/1419/1934 1002/1420/1935 1004/1422/1936
f 1004/1422/1936 1002/1420/1935 1005/1423/1937
f 1009/1427/1938 1008/1426/1939 1006/1424/1940
f 1006/1424/1940 1008/1426/1939 1007/1425/1941
f 1010/1428/1942 1013/1431/1943 1011/1429/1944
f 1011/1429/1944 1013/1431/1943 1012/1430/1945
f 1011/1429/1946 1012/1430/1947 1007/1425/1948
f 1007/1425/1948 1012/1430/1947 1006/1424/1949
f 1017/1435/1950 1016/1434/1951 1014/1432/1952
f 1014/1432/1952 1016/1434/1951 1015/1433/1953
f 1018/1436/1954 1021/1439/1955 1019/1437/1956
f 1019/1437/1956 1021/1439/1955 1020/1438/1957
f 1019/1437/1958 1020/1438/1959 1015/1433/1960
f 1015/1433/1960 1020/1438/1959 1014/1432/1961
f 1022/1440/1962 1025/1443/1963 1023/1441/1964
f 1023/1441/1964 1025/1443/1963 1024/1442/1965
f 1023/1441/1966 1024/1442/1967 1026/1444/1968
f 1026/1444/1968 1024/1442/1967 1027/1445/1969
f 1031/1449/1970 1030/1448/1971 1028/1446/1972
f 1028/1446/1972 1030/1448/1971 1029/1447/1973
f 1032/1450/1974 1035/1453/1975 1033/1451/1976
f 1033/1451/1976 1035/1453/1975 1034/1452/1977
f 1033/1451/1978 1034/1452/1979 1029/1447/1980
f 1029/1447/1980 1034/1452/1979 1028/1446/1981
f 1039/1457/1982 1038/1456/1983 1036/1454/1984
f 1036/1454/1984 1038/1456/1983 1037/1455/1985
f 1040/1458/1986 1043/1461/1987 1041/1459/1988
f 1041/1459/1988 1043/1461/1987 1042/1460/1989
f 1041/1459/1990 1042/1460/1991 1037/1455/1992
f 1037/1455/1992 1042/1460/1991 1036/1454/1993
f 1044/1462/1994 1047/1465/1995 1045/1463/1996
f 1045/1463/1996 1047/1465/1995 1046/1464/1997
f 1045/1463/1998 1046/1464/1999 1048/1466/2000
f 1048/1466/2000 1046/1464/1999 1049/1467/2001
f 1053/1471/2002 1052/1470/2003 1050/1468/2004
f 1050/1468/2004 1052/1470/2003 1051/1469/2005
f 1054/1472/2006 1051/1469/2007 1055/1473/2008
f 1055/1473/2008 1051/1469/2007 1052/1470/2009
f 1059/1477/2010 1058/1476/2011 1056/1474/2012
f 1056/1474/2012 1058/1476/2011 1057/1475/2013
f 1060/1478/2014 1057/1475/2015 1061/1479/2016
f 1061/1479/2016 1057/1475/2015 1058/1476/2017
f 1065/1483/2018 1064/1482/2019 1062/1480/2020
f 1062/1480/2020 1064/1482/2019 1063/1481/2021
f 1066/1484/2022 1063/1481/2023 1067/1485/2024
f 1067/1485/2024 1063/1481/2023 1064/1482/2025
f 1068/1486/2026 1071/1489/2027 1069/1487/2028
f 1069/1487/2028 1071/1489/2027 1070/1488/2029
f 1075/1493/2030 1074/1492/2031 1072/1490/2032
f 1072/1490/2032 1074/1492/2031 1073/1491/2033
f 1069/1487/2034 1073/1491/2035 1068/1486/2036
f 1068/1486/2036 1073/1491/2035 1074/1492/2037
f 1076/1494/2038 1079/1497/2039 1077/1495/2040
f 1077/1495/2040 1079/1497/2039 1078/1496/2041
f 1083/1501/2042 1082/1500/2043 1080/1498/2044
f 1080/1498/2044 1082/1500/2043 1081/1499/2045
f 1077/1495/2046 1081/1499/2047 1076/1494/2048
f 1076/1494/2048 1081/1499/2047 1082/1500/2049
f 1087/1505/2050 1086/1504/2051 1084/1502/2052
f 1084/1502/2052 1086/1504/2051 1085/1503/2053
f 1091/1509/2054 1090/1508/2055 1088/1506/2056
f 1088/1506/2056 1090/1508/2055 1089/1507/2057
f 1095/1513/2058 1094/1512/2059 1092/1510/2060
f 1092/1510/2060 1094/1512/2059 1093/1511/2061
f 1096/1514/2062 1093/1511/2063 1097/1515/2064
f 1097/1515/2064 1093/1511/2063 1094/1512/2065
f 1101/1519/2066 1100/1518/2067 1098/1516/2068
f 1098/1516/2068 1100/1518/2067 1099/1517/2069
f 1102/1520/2070 1099/1517/2071 1103/1521/2072
f 1103/1521/2072 1099/1517/2071 1100/1518/2073
f 1107/1525/2074 1106/1524/2075 1104/1522/2076
f 1104/1522/2076 1106/1524/2075 1105/1523/2077
f 1108/1526/2078 1105/1523/2079 1109/1527/2080
f 1109/1527/2080 1105/1523/2079 1106/1524/2081
f 1113/1531/2082 1112/1530/2083 1110/1528/2084
f 1110/1528/2084 1112/1530/2083 1111/1529/2085
f 1114/1532/2086 1111/1529/2087 1115/1533/2088
f 1115/1533/2088 1111/1529/2087 1112/1530/2089
f 1116/1534/2090 1119/1537/2091 1117/1535/2092
f 1117/1535/2092 1119/1537/2091 1118/1536/2093
f 1120/1538/2094 1123/1541/2095 1121/1539/2096
f 1121/1539/2096 1123/1541/2095 1122/1540/2097
f 1124/1542/2098 1121/1539/2099 1125/1543/2100
f 1125/1543/2100 1121/1539/2099 1122/1540/2101
f 1126/1544/2102 1129/1547/2103 1127/1545/2104
f 1127/1545/2104 1129/1547/2103 1128/1546/2105
f 1130/1548/2106 1127/1545/2107 1131/1549/2108
f 1131/1549/2108 1127/1545/2107 1128/1546/2109
f 1132/1550/2110 1135/1553/2111 1133/1551/2112
f 1133/1551/2112 1135/1553/2111 1134/1552/2113
f 1133/1551/2114 1134/1552/2115 1136/1554/2116
f 1136/1554/2116 1134/1552/2115 1137/1555/2117
f 1138/1556/2118 1141/1559/2119 1139/1557/2120
f 1139/1557/2120 1141/1559/2119 1140/1558/2121
f 1145/1563/2122 1144/1562/2123 1142/1560/2124
f 1142/1560/2124 1144/1562/2123 1143/1561/2125
f 1143/1561/2126 1144/1562/2127 1146/1564/2128
f 1146/1564/2128 1144/1562/2127 1147/1565/2129
f 1151/1569/2130 1150/1568/2131 1148/1566/2132
f 1148/1566/2132 1150/1568/2131 1149/1567/2133
f 1152/1570/2134 1149/1567/2135 1153/1571/2136
f 1153/1571/2136 1149/1567/2135 1150/1568/2137
f 1157/1575/2138 1156/1574/2139 1154/1572/2140
f 1154/1572/2140 1156/1574/2139 1155/1573/2141
f 1158/1576/2142 1155/1573/2143 1159/1577/2144
f 1159/1577/2144 1155/1573/2143 1156/1574/2145
f 1163/1581/2146 1162/1580/2147 1160/1578/2148
f 1160/1578/2148 1162/1580/2147 1161/1579/2149
f 1164/1582/2150 1161/1579/2151 1165/1583/2152
f 1165/1583/2152 1161/1579/2151 1162/1580/2153
f 1166/1584/2154 1169/1587/2155 1167/1585/2156
f 1167/1585/2156 1169/1587/2155 1168/1586/2157
f 1173/1591/2158 1172/1590/2159 1170/1588/2160
f 1170/1588/2160 1172/1590/2159 1171/1589/2161
f 1171/1589/2162 1172/1590/2163 1174/1592/2164
f 1174/1592/2164 1172/1590/2163 1175/1593/2165
f 1179/1597/2166 1178/1596/2167 1176/1594/2168
f 1176/1594/2168 1178/1596/2167 1177/1595/2169
f 1177/1595/2170 1178/1596/2171 1180/1598/2172
f 1180/1598/2172 1178/1596/2171 1181/1599/2173
f 1182/1600/2174 1185/1603/2175 1183/1601/2176
f 1183/1601/2176 1185/1603/2175 1184/1602/2177
f 1183/1601/2178 1184/1602/2179 1186/1604/2180
f 1186/1604/2180 1184/1602/2179 1187/1605/2181
f 1191/1609/2182 1190/1608/2183 1188/1606/2184
f 1188/1606/2184 1190/1608/2183 1189/1607/2185
f 1195/1613/2186 1194/1612/2187 1192/1610/2188
f 1192/1610/2188 1194/1612/2187 1193/1611/2189
f 1193/1611/2190 1194/1612/2191 1196/1614/2192
f 1196/1614/2192 1194/1612/2191 1197/1615/2193
f 1201/1619/2194 1200/1618/2195 1198/1616/2196
f 1198/1616/2196 1200/1618/2195 1199/1617/2197
f 1202/1620/2198 1205/1623/2199 1203/1621/2200
f 1203/1621/2200 1205/1623/2199 1204/1622/2201
f 1203/1621/2202 1204/1622/2203 1199/1617/2204
f 1199/1617/2204 1204/1622/2203 1198/1616/2205
f 1209/1627/2206 1208/1626/2207 1206/1624/2208
f 1206/1624/2208 1208/1626/2207 1207/1625/2209
f 1210/1628/2210 1213/1631/2211 1211/1629/2212
f 1211/1629/2212 1213/1631/2211 1212/1630/2213
f 1211/1629/2214 1212/1630/2215 1207/1625/2216
f 1207/1625/2216 1212/1630/2215 1206/1624/2217
f 1214/1632/2218 1217/1635/2219 1215/1633/2220
f 1215/1633/2220 1217/1635/2219 1216/1634/2221
f 1215/1633/2222 1216/1634/2223 1218/1636/2224
f 1218/1636/2224 1216/1634/2223 1219/1637/2225
f 1220/1638/2226 1223/1641/2227 1221/1639/2228
f 1221/1639/2228 1223/1641/2227 1222/1640/2229
f 1227/1645/2230 1226/1644/2231 1224/1642/2232
f 1224/1642/2232 1226/1644/2231 1225/1643/2233
f 1225/1643/2234 1226/1644/2235 1221/1639/2236
f 1221/1639/2236 1226/1644/2235 1220/1638/2237
f 1231/1649/2238 1230/1648/2239 1228/1646/2240
f 1228/1646/2240 1230/1648/2239 1229/1647/2241
f 1232/1650/2242 1235/1653/2243 1233/1651/2244
f 1233/1651/2244 1235/1653/2243 1234/1652/2245
f 1229/1647/2246 1233/1651/2247 1228/1646/2248
f 1228/1646/2248 1233/1651/2247 1234/1652/2249
f 1236/1654/2250 1239/1657/2251 1237/1655/2252
f 1237/1655/2252 1239/1657/2251 1238/1656/2253
f 1240/1658/2254 1243/1661/2255 1241/1659/2256
f 1241/1659/2256 1243/1661/2255 1242/1660/2257
f 1237/1655/2258 1241/1659/2259 1236/1654/2260
f 1236/1654/2260 1241/1659/2259 1242/1660/2261
f 1244/1662/2262 1247/1665/2263 1245/1663/2264
f 1245/1663/2264 1247/1665/2263 1246/1664/2265
f 1251/1669/2266 1250/1668/2267 1248/1666/2268
f 1248/1666/2268 1250/1668/2267 1249/1667/2269
f 1249/1667/2270 1250/1668/2271 1245/1663/2272
f 1245/1663/2272 1250/1668/2271 1244/1662/2273
f 1252/1670/2274 1255/1673/2275 1253/1671/2276
f 1253/1671/2276 1255/1673/2275 1254/1672/2277
f 1259/1677/2278 1258/1676/2279 1256/1674/2280
f 1256/1674/2280 1258/1676/2279 1257/1675/2281
f 1260/1678/2282 1263/1681/2283 1261/1679/2284
f 1261/1679/2284 1263/1681/2283 1262/1680/2285
f 1261/1679/2286 1262/1680/2287 1257/1675/2288
f 1257/1675/2288 1262/1680/2287 1256/1674/2289
f 1267/1685/2290 1266/1684/2291 1264/1682/2292
f 1264/1682/2292 1266/1684/2291 1265/1683/2293
f 1268/1686/2294 1271/1689/2295 1269/1687/2296
f 1269/1687/2296 1271/1689/2295 1270/1688/2297
f 1269/1687/2298 1270/1688/2299 1265/1683/2300
f 1265/1683/2300 1270/1688/2299 1264/1682/2301
f 1272/1690/2302 1275/1693/2303 1273/1691/2304
f 1273/1691/2304 1275/1693/2303 1274/1692/2305
f 1273/1691/2306 1274/1692/2307 1276/1694/2308
f 1276/1694/2308 1274/1692/2307 1277/1695/2309
f 1278/1696/2310 1281/1699/2311 1279/1697/2312
f 1279/1697/2312 1281/1699/2311 1280/1698/2313
f 1282/1700/2314 1285/1703/2315 1283/1701/2316
f 1283/1701/2316 1285/1703/2315 1284/1702/2317
f 1283/1701/2318 1284/1702/2319 1279/1697/2320
f 1279/1697/2320 1284/1702/2319 1278/1696/2321
f 1289/1707/2322 1288/1706/2323 1286/1704/2324
f 1286/1704/2324 1288/1706/2323 1287/1705/2325
f 1290/1708/2326 1293/1711/2327 1291/1709/2328
f 1291/1709/2328 1293/1711/2327 1292/1710/2329
f 1287/1705/2330 1291/1709/2331 1286/1704/2332
f 1286/1704/2332 1291/1709/2331 1292/1710/2333
f 1297/1715/2334 1296/1714/2335 1294/1712/2336
f 1294/1712/2336 1296/1714/2335 1295/1713/2337
f 1298/1716/2338 1301/1719/2339 1299/1717/2340
f 1299/1717/2340 1301/1719/2339 1300/1718/2341
f 1295/1713/2342 1299/1717/2343 1294/1712/2344
f 1294/1712/2344 1299/1717/2343 1300/1718/2345
f 1302/1720/2346 1305/1723/2347 1303/1721/2348
f 1303/1721/2348 1305/1723/2347 1304/1722/2349
f 1309/1727/2350 1308/1726/2351 1306/1724/2352
f 1306/1724/2352 1308/1726/2351 1307/1725/2353
f 1307/1725/2354 1308/1726/2355 1303/1721/2356
f 1303/1721/2356 1308/1726/2355 1302/1720/2357
f 1310/1728/2358 1313/1731/2359 1311/1729/2360
f 1311/1729/2360 1313/1731/2359 1312/1730/2361
f 1314/1732/2362 1316/1734/2363 1315/1733/2364
f 1314/1732/2365 1317/1735/2366 1312/1730/2367
f 1312/1730/2367 1317/1735/2366 1311/1729/2368
f 1315/1733/2369 1318/1736/2370 1314/1732/2371
f 1314/1732/2371 1318/1736/2370 1317/1735/2372
f 1319/1737/2373 1321/1739/2374 1320/1738/2375
f 1319/1737/2376 1324/1742/2377 1322/1740/2378
f 1322/1740/2378 1324/1742/2377 1323/1741/2379
f 1320/1738/2380 1325/1743/2381 1319/1737/2382
f 1319/1737/2382 1325/1743/2381 1324/1742/2383
f 1326/1744/2384 1328/1746/2385 1327/1745/2386
f 1326/1744/2387 1331/1749/2388 1329/1747/2389
f 1329/1747/2389 1331/1749/2388 1330/1748/2390
f 1327/1745/2391 1332/1750/2392 1326/1744/2393
f 1326/1744/2393 1332/1750/2392 1331/1749/2394
f 1333/1751/2395 1336/1754/2396 1334/1752/2397
f 1334/1752/2397 1336/1754/2396 1335/1753/2398
f 1337/1755/2399 1339/1757/2400 1338/1756/2401
f 1337/1755/2402 1340/1758/2403 1335/1753/2404
f 1335/1753/2404 1340/1758/2403 1334/1752/2405
f 1338/1756/2406 1341/1759/2407 1337/1755/2408
f 1337/1755/2408 1341/1759/2407 1340/1758/2409
f 1345/1763/2410 1344/1762/2411 1342/1760/2412
f 1342/1760/2412 1344/1762/2411 1343/1761/2413
f 1342/1760/2414 1346/1764/2415 1345/1763/2416
f 1350/1768/2417 1349/1767/2418 1347/1765/2419
f 1347/1765/2419 1349/1767/2418 1348/1766/2420
f 1348/1766/2421 1349/1767/2422 941/1359/2423
f 941/1359/2423 1349/1767/2422 940/1358/2424
f 1350/1768/2425 1351/1769/2426 1349/1767/2427
f 1355/1773/2428 1354/1772/2429 1352/1770/2430
f 1352/1770/2430 1354/1772/2429 1353/1771/2431
f 1353/1771/2432 1354/1772/2433 1253/1671/2434
f 1253/1671/2434 1354/1772/2433 1252/1670/2435
f 1355/1773/2436 1356/1774/2437 1354/1772/2438
f 1360/1778/2439 1359/1777/2440 1357/1775/2441
f 1357/1775/2441 1359/1777/2440 1358/1776/2442
f 1361/1779/2443 1363/1781/2444 1362/1780/2445
f 1364/1782/2446 1358/1776/2447 1361/1779/2448
f 1361/1779/2448 1358/1776/2447 1359/1777/2449
f 1365/1783/2450 1364/1782/2451 1362/1780/2452
f 1362/1780/2452 1364/1782/2451 1361/1779/2453
f 1369/1787/2454 1368/1786/2455 1366/1784/2456
f 1366/1784/2456 1368/1786/2455 1367/1785/2457
f 1369/1787/2458 1370/1788/2459 1368/1786/2460
f 1374/1792/2461 1373/1791/2462 1371/1789/2463
f 1371/1789/2463 1373/1791/2462 1372/1790/2464
f 1372/1790/2465 1373/1791/2466 1375/1793/2467
f 1375/1793/2467 1373/1791/2466 1376/1794/2468
f 1374/1792/2469 1377/1795/2470 1373/1791/2471
f 1378/1796/2472 1381/1799/2473 1379/1797/2474
f 1379/1797/2474 1381/1799/2473 1380/1798/2475
f 998/1416/2476 1381/1799/2477 997/1415/2478
f 997/1415/2478 1381/1799/2477 1378/1796/2479
f 1379/1797/2480 1382/1800/2481 1378/1796/2482
f 22/40/20 21/38/2483 300/327/22
f 300/327/22 21/38/2483 299/328/2484
f 348/391/2485 349/393/451 44/392/2486
f 44/392/2486 349/393/451 45/394/452
f 300/275/500 299/276/2487 44/392/502
f 44/392/502 299/276/2487 43/390/2488
f 349/393/560 348/391/2489 247/218/562
f 247/218/562 348/391/2489 248/219/2490
f 347/389/2491 348/391/2485 43/390/2492
f 43/390/2492 348/391/2485 44/392/2486
f 1384/1803/2493 250/221/2494 346/387/2495
f 1387/1806/2496 346/387/2495 249/220/2497
f 249/220/2497 346/387/2495 250/221/2494
f 348/391/2489 347/389/2498 248/219/2490
f 248/219/2490 347/389/2498 249/220/2499
f 1383/1801/2500 298/329/2501 1386/1805/2502
f 1386/1805/2502 298/329/2501 20/36/2503
f 1389/1807/2504 1388/1808/2505 298/329/2501
f 298/329/2501 1388/1808/2505 20/36/2503
f 1390/1809/2506 42/388/2507 1387/1806/2508
f 1387/1806/2508 42/388/2507 346/387/2509
f 1384/1803/2510 346/387/2509 1385/1802/2511
f 1385/1802/2511 346/387/2509 42/388/2507
f 1383/1804/2512 1385/1802/2513 298/277/2514
f 298/277/2514 1385/1802/2513 42/388/2515
f 1389/1810/2516 298/277/2514 1390/1809/2517
f 1390/1809/2517 298/277/2514 42/388/2515
f 1387/1806/2518 249/220/2499 347/389/2498
f 1387/1806/2519 347/389/2491 1390/1809/2520
f 1390/1809/2520 347/389/2491 43/390/2492
f 1390/1809/2521 43/390/2488 1389/1810/2522
f 1389/1810/2522 43/390/2488 299/276/2487
f 1389/1807/2523 299/328/2484 1388/1808/2524
f 1388/1808/2524 299/328/2484 21/38/2483
f 18/32/2525 17/30/604 296/332/2526
f 296/332/2526 17/30/604 295/333/606
f 39/382/595 343/381/596 40/384/2527
f 40/384/2527 343/381/596 344/383/2528
f 295/279/599 39/382/600 296/280/2529
f 296/280/2529 39/382/600 40/384/2530
f 343/381/591 253/224/592 344/383/2531
f 344/383/2531 253/224/592 252/223/2532
f 1392/1811/2533 1391/1812/2534 344/383/2528
f 344/383/2528 1391/1812/2534 40/384/2527
f 252/223/2532 1392/1811/2535 344/383/2531
f 250/221/2536 1384/1803/2537 251/222/2538
f 251/222/2538 1384/1803/2537 345/385/2539
f 1393/1814/2540 18/32/2525 1394/1813/2541
f 1394/1813/2541 18/32/2525 296/332/2526
f 1391/1812/2542 1394/1815/2543 40/384/2530
f 40/384/2530 1394/1815/2543 296/280/2529
f 1385/1802/2544 1383/1804/2545 41/386/2546
f 41/386/2546 1383/1804/2545 297/278/2547
f 1385/1802/2548 41/386/2549 1384/1803/2550
f 1384/1803/2550 41/386/2549 345/385/2551
f 1386/1805/2552 19/34/2553 1383/1801/2554
f 1383/1801/2554 19/34/2553 297/331/2555
f 1392/1811/2556 252/223/2557 345/385/2539
f 345/385/2539 252/223/2557 251/222/2538
f 1391/1812/2558 1392/1811/2559 41/386/2549
f 41/386/2549 1392/1811/2559 345/385/2551
f 1394/1815/2560 1391/1812/2561 297/278/2547
f 297/278/2547 1391/1812/2561 41/386/2546
f 1394/1813/2562 297/330/2555 1393/1814/2563
f 1393/1814/2563 297/330/2555 19/435/2553
f 72/77/135 76/79/2564 267/363/136
f 267/363/136 76/79/2564 266/364/2565
f 357/424/2566 121/423/2567 356/421/2568
f 356/421/2568 121/423/2567 315/422/2569
f 121/423/2567 122/420/2570 315/422/2569
f 315/422/2569 122/420/2570 314/419/2571
f 267/312/476 266/313/2572 121/423/478
f 121/423/478 266/313/2572 122/420/2573
f 315/422/2574 314/419/2575 233/256/2576
f 233/256/2576 314/419/2575 234/258/2577
f 356/421/2578 315/422/2574 355/255/2579
f 355/255/2579 315/422/2574 233/256/2576
f 1398/1818/2580 234/258/2577 314/419/2575
f 1398/1818/2581 314/419/2571 1397/1819/2582
f 1397/1819/2582 314/419/2571 122/420/2570
f 1397/1819/2583 122/420/2573 1396/1820/2584
f 1396/1820/2584 122/420/2573 266/313/2572
f 1396/1816/2585 266/364/2565 1395/1817/2586
f 1395/1817/2586 266/364/2565 76/79/2564
f 79/85/139 263/368/140 78/83/2587
f 78/83/2587 263/368/140 264/367/2588
f 125/414/433 311/413/434 124/416/2589
f 124/416/2589 311/413/434 312/415/2590
f 263/316/473 125/414/474 264/315/2591
f 264/315/2591 125/414/474 124/416/2592
f 311/413/521 237/262/522 312/415/2593
f 312/415/2593 237/262/522 236/260/2594
f 1396/1816/2595 1395/1817/2596 265/366/2597
f 265/366/2597 1395/1817/2596 77/81/2598
f 1400/1821/2599 1399/1822/2600 264/367/2588
f 264/367/2588 1399/1822/2600 78/83/2587
f 1397/1819/2601 123/418/2602 1398/1818/2603
f 1398/1818/2603 123/418/2602 313/417/2604
f 1402/1823/2605 1401/1824/2606 312/415/2590
f 312/415/2590 1401/1824/2606 124/416/2589
f 1401/1824/2607 1400/1825/2608 124/416/2592
f 124/416/2592 1400/1825/2608 264/315/2591
f 1397/1819/2609 1396/1820/2610 123/418/2611
f 123/418/2611 1396/1820/2610 265/314/2612
f 236/260/2594 1402/1823/2613 312/415/2593
f 1398/1818/2614 313/417/2615 234/258/2616
f 234/258/2616 313/417/2615 235/259/2617
f 236/260/2618 235/259/2617 1402/1823/2619
f 1402/1823/2619 235/259/2617 313/417/2615
f 1402/1823/2620 313/417/2604 1401/1824/2621
f 1401/1824/2621 313/417/2604 123/418/2602
f 1401/1824/2622 123/418/2611 1400/1825/2623
f 1400/1825/2623 123/418/2611 265/314/2612
f 1399/1822/2624 1400/1821/2625 77/429/2598
f 77/429/2598 1400/1821/2625 265/365/2597
f 1405/1827/2626 1404/1828/2627 320/92/2628
f 320/92/2628 1404/1828/2627 111/90/2629
f 118/94/569 319/96/570 111/90/2629
f 111/90/2629 319/96/570 320/92/2628
f 271/305/2630 118/94/2631 272/306/2632
f 272/306/2632 118/94/2631 111/90/2633
f 319/96/565 229/250/566 320/92/2634
f 320/92/2634 229/250/566 228/249/2635
f 228/249/2635 1405/1827/2636 320/92/2634
f 354/307/2637 353/436/2638 271/305/2630
f 271/305/2630 353/436/2638 118/94/2631
f 60/69/2639 354/269/2637 271/359/2630
f 60/69/2640 64/71/2641 354/269/2642
f 273/356/2643 51/431/2644 1403/1826/2645
f 1403/1826/2645 51/431/2644 59/55/2646
f 60/69/2639 271/359/2630 59/55/2647
f 59/55/2647 271/359/2630 272/358/2632
f 1403/1829/2648 272/306/2632 1404/1828/2649
f 1404/1828/2649 272/306/2632 111/90/2633
f 1403/1826/2648 59/55/2647 272/358/2632
f 1405/1827/2650 228/249/2651 321/88/2652
f 321/88/2652 228/249/2651 227/248/2653
f 1404/1828/2654 1405/1827/2655 109/86/2656
f 109/86/2656 1405/1827/2655 321/88/2657
f 1404/1828/2658 109/86/2659 1403/1829/2645
f 1403/1829/2645 109/86/2659 273/304/2643
f 1406/1830/2660 51/52/2644 273/357/2643
f 1407/1831/2661 1406/1833/2660 109/86/2659
f 109/86/2659 1406/1833/2660 273/304/2643
f 1407/1831/2662 109/86/2656 1408/1832/2663
f 1408/1832/2663 109/86/2656 321/88/2657
f 226/247/2664 1408/1832/2665 227/248/2653
f 227/248/2653 1408/1832/2665 321/88/2652
f 54/59/118 53/57/2666 276/353/120
f 276/353/120 53/57/2666 275/354/2667
f 114/70/421 113/75/2668 325/72/422
f 325/72/422 113/75/2668 324/76/2669
f 276/301/120 275/302/2667 113/75/484
f 113/75/484 275/302/2667 112/78/2670
f 325/72/532 324/76/2671 223/244/534
f 223/244/534 324/76/2671 224/245/2672
f 53/57/2673 52/51/2674 1409/1834/2675
f 1409/1834/2675 52/51/2674 274/355/2676
f 113/75/2668 112/78/2677 324/76/2669
f 324/76/2669 112/78/2677 323/80/2678
f 1410/1836/2679 110/82/2680 1411/1835/2681
f 1411/1835/2681 110/82/2680 322/84/2682
f 1409/1837/2675 274/303/2676 1410/1836/2683
f 1410/1836/2683 274/303/2676 110/82/2684
f 1411/1835/2685 322/84/2686 225/246/2687
f 225/246/2687 322/84/2686 226/247/2688
f 324/76/2671 323/80/2689 224/245/2672
f 224/245/2672 323/80/2689 225/246/2690
f 274/355/2676 52/51/2674 1406/1830/2691
f 1406/1830/2691 52/51/2674 51/52/2692
f 1408/1832/2693 322/84/2682 1407/1831/2694
f 1407/1831/2694 322/84/2682 110/82/2680
f 1407/1831/2695 110/82/2684 1406/1833/2691
f 1406/1833/2691 110/82/2684 274/303/2676
f 1408/1832/2696 226/247/2688 322/84/2686
f 1411/1835/2697 225/246/2690 323/80/2689
f 1411/1835/2698 323/80/2678 1410/1836/2699
f 1410/1836/2699 323/80/2678 112/78/2677
f 1410/1836/2700 112/78/2670 1409/1837/2701
f 1409/1837/2701 112/78/2670 275/302/2667
f 53/57/2666 1409/1834/2701 275/354/2667
f 14/22/12 13/6/2702 291/337/13
f 291/337/13 13/6/2702 290/338/2703
f 339/12/2704 360/14/2705 36/10/2706
f 36/10/2706 360/14/2705 361/16/2707
f 338/20/2708 339/12/2704 29/18/2709
f 29/18/2709 339/12/2704 36/10/2706
f 291/286/13 290/287/2703 36/10/494
f 36/10/494 290/287/2703 29/18/2710
f 339/12/2711 338/20/2712 209/230/2713
f 209/230/2713 338/20/2712 210/231/2714
f 360/14/2715 339/12/2711 359/229/2716
f 359/229/2716 339/12/2711 209/230/2713
f 1413/1839/2717 210/231/2714 338/20/2712
f 1413/1839/2718 338/20/2708 1414/1840/2719
f 1414/1840/2719 338/20/2708 29/18/2709
f 1414/1840/2720 29/18/2710 1412/1841/2721
f 1412/1841/2721 29/18/2710 290/287/2703
f 13/6/2702 1412/1838/2721 290/338/2703
f 13/6/2722 5/4/2723 1412/1838/2724
f 1412/1838/2724 5/4/2723 289/340/2725
f 1414/1840/2726 27/21/2727 1413/1839/2728
f 1413/1839/2728 27/21/2727 337/23/2729
f 1416/1844/2730 337/23/2729 1417/1843/2731
f 1417/1843/2731 337/23/2729 27/21/2727
f 1415/1845/2732 1417/1843/2733 289/288/2725
f 289/288/2725 1417/1843/2733 27/21/2734
f 1412/1841/2724 289/288/2725 1414/1840/2735
f 1414/1840/2735 289/288/2725 27/21/2734
f 1413/1839/2736 337/23/2737 210/231/2738
f 210/231/2738 337/23/2737 211/232/2739
f 9/11/3 285/344/4 8/9/2740
f 8/9/2740 285/344/4 286/343/2741
f 31/33/405 334/35/406 30/29/2742
f 30/29/2742 334/35/406 335/31/2743
f 285/292/4 32/37/492 286/291/2741
f 286/291/2741 32/37/492 31/33/2744
f 334/35/549 214/235/550 335/31/2745
f 335/31/2745 214/235/550 213/234/2746
f 7/7/2747 1418/1846/2748 6/1/2749
f 6/1/2749 1418/1846/2748 288/341/2750
f 8/9/2740 286/343/2741 7/7/2751
f 7/7/2751 286/343/2741 287/342/2752
f 1419/1847/2753 1420/1848/2754 28/26/2755
f 28/26/2755 1420/1848/2754 336/27/2756
f 286/291/2741 31/33/2744 287/290/2752
f 287/290/2752 31/33/2744 30/29/2757
f 1418/1849/2748 1419/1847/2758 288/289/2750
f 288/289/2750 1419/1847/2758 28/26/2759
f 1420/1848/2760 213/234/2761 336/27/2762
f 336/27/2762 213/234/2761 212/233/2763
f 289/339/2725 5/433/2723 1415/1842/2732
f 1415/1842/2732 5/433/2723 6/1/2764
f 212/233/2765 211/232/2739 1416/1844/2766
f 1416/1844/2766 211/232/2739 337/23/2737
f 1415/1842/2767 6/1/2749 288/341/2750
f 1417/1843/2768 1415/1845/2767 28/26/2759
f 28/26/2759 1415/1845/2767 288/289/2750
f 1416/1844/2769 1417/1843/2770 336/27/2756
f 336/27/2756 1417/1843/2770 28/26/2755
f 212/233/2763 1416/1844/2771 336/27/2762
f 1418/1846/2772 7/7/2751 287/342/2752
f 1419/1847/2773 1418/1849/2772 30/29/2757
f 30/29/2757 1418/1849/2772 287/290/2752
f 1420/1848/2774 1419/1847/2775 335/31/2743
f 335/31/2743 1419/1847/2775 30/29/2742
f 213/234/2746 1420/1848/2776 335/31/2745
