# This file uses centimeters as units for non-parametric coordinates.

v -5.753726 -2.968145 -4.116595
v -2.942549 -2.953267 -4.043082
v -3.888136 -2.812053 -10.131042
v -7.067930 -2.950637 -9.138401
v -0.704551 -2.929104 -4.317645
v -1.577019 -2.968454 -10.196339
v 1.200819 -2.788975 -4.565001
v 1.055308 -2.536269 -8.430780
v 1.898464 -2.807466 -4.417463
v 3.224883 -3.197254 -8.051699
v 3.463502 -2.915632 -3.722530
v 5.481060 -3.185271 -7.208847
v 5.008601 -2.992187 -2.612567
v 6.680749 -3.131376 -6.216076
v 5.264792 -3.572381 -1.946009
v 6.733068 -3.135138 -4.965639
v 5.746402 -3.543204 -1.259871
v 8.154076 -2.865825 -4.919273
v 5.295771 -3.440915 -0.529150
v 9.140210 -2.634477 -3.677662
v 5.466289 -3.171403 0.458736
v 8.469660 -2.977739 -0.851507
v 4.721498 -3.127519 0.784855
v 6.704576 -2.783262 1.231725
v 3.567626 -3.221644 0.897593
v 4.573368 -2.425129 2.262528
v 2.115535 -3.272584 0.819682
v 2.496454 -3.010566 2.261218
v 1.371733 -3.197249 0.686699
v 1.365849 -3.005562 2.218163
v -1.026940 -3.193445 0.914361
v -1.573970 -3.001197 2.736024
v -3.755448 -3.114877 0.721452
v -4.056222 -3.082604 2.495091
v -5.056456 -3.295438 0.497487
v -6.011735 -2.103927 2.835696
v -6.817139 -3.551672 0.113650
v -7.975513 -2.258201 2.238225
v -7.835547 -3.282682 0.459076
v -9.845798 -1.822184 2.376740
v -8.371482 -3.283086 -0.458467
v -11.464500 -1.829016 1.690140
v -11.196453 -3.083546 -1.449448
v -12.735238 -3.265892 -0.702440
v -11.469530 -2.848680 -1.706117
v -13.415064 -3.265348 -2.258107
v -13.416124 -3.267409 -1.495085
v -10.846046 -3.079457 -2.269999
v -13.143846 -3.259939 -3.726558
v -9.670349 -2.805136 -3.416467
v -12.126287 -2.349789 -5.679109
v -9.485528 -2.802468 -4.039158
v -11.549946 -2.343480 -6.453385
v -8.622486 -2.781348 -4.236480
v -8.992588 -3.277262 -8.009574
v -7.190270 -2.687769 -3.971582
v -7.990998 -2.207005 -8.983040
v -4.615369 -0.531637 -11.613705
v -6.633336 0.320713 -10.179214
v -7.808258 -0.301626 -10.201200
v -15.111010 -1.393188 -9.696918
v -16.935724 0.200047 -7.921543
v -1.845002 -1.559631 -11.147697
v 0.943917 -0.365730 -10.667532
v 3.881221 -1.127602 -9.258965
v 7.160510 -2.791395 -9.724646
v 7.841060 -2.010752 -7.352304
v 8.527014 -1.676819 -6.664021
v 9.176298 -3.208914 -6.513083
v 10.650740 -3.157346 -5.420240
v 10.057549 -3.143002 -0.943906
v 8.343941 -2.514402 1.435091
v -11.286706 1.511230 -14.350155
v -16.237328 -0.093874 -10.372465
v -17.453781 0.379647 -9.004828
v -17.661369 -0.045744 -5.740361
v -18.097361 -0.888927 -2.671218
v -17.562372 -0.502755 -0.811897
v -15.492929 -2.539227 1.950757
v -13.389124 -3.276943 2.364168
v -10.626843 -1.831200 4.169371
v -8.338194 -2.264578 3.883705
v -6.440719 -2.255193 4.177480
v -8.387362 1.530164 -14.344107
v -7.328198 1.627051 -13.479521
v -5.681132 1.542985 -12.860126
v -1.688658 1.566516 -12.077564
v 0.374552 1.510934 -11.913988
v 3.477733 1.597456 -11.482184
v 6.854115 1.476700 -9.632968
v 8.541352 -1.301919 -9.844051
v -22.363617 -2.355983 -9.954586
v -19.721552 -1.017909 -3.734566
v -18.730171 -1.020650 -0.982572
v -16.980661 -1.465290 2.683926
v -16.126717 -3.683361 5.164646
v -12.180798 3.054347 -14.324425
v -16.087347 2.563691 -16.532831
v -20.668015 2.383685 -11.869396
v -23.317398 0.566420 -10.451160
v 12.571287 -3.473648 -0.787501
v 14.123704 -3.529507 -5.496964
v 11.336095 -2.498091 -7.357665
v 10.120105 -2.503245 -8.209325
v 9.467124 -1.721865 -8.877453
v 13.471113 -1.352377 -7.146260
v 10.361566 -2.782716 2.906974
v 14.984038 -1.643694 1.223308
v 16.594540 -1.499019 -2.916826
v 17.260309 -2.047142 -5.692547
v 12.116615 -1.070833 -10.084312
v 9.624711 -0.229274 -10.409466
v 8.138410 -0.018597 -10.969026
v -8.576479 3.473149 -15.022779
v -11.010978 3.647781 -17.965097
v -13.117654 3.859819 -16.183239
v -15.410954 4.145708 -15.977339
v -10.886599 5.147134 -18.816851
v -13.121839 6.261977 -16.376329
v -11.411366 5.877251 -18.531525
v -13.228895 6.780985 -16.783749
v -11.092264 7.328602 -19.341391
v -13.344896 7.792116 -17.540037
v -11.782273 7.328153 -20.578596
v -12.634464 8.561729 -18.354864
v -13.518905 8.555243 -18.140175
v -13.451484 9.208459 -19.183487
v -13.937918 9.202325 -18.283453
v -14.091704 9.869699 -18.413939
v -14.494439 9.198642 -18.269823
v -14.887131 9.222244 -16.952326
v -14.068180 8.548328 -17.128027
v -14.957901 8.153440 -16.061638
v -14.960419 6.477229 -15.957243
v -14.295400 6.147687 -16.333408
v -15.799896 5.551536 -16.867409
v -16.429390 4.218772 -16.875034
v -15.469465 8.824269 -15.824366
v -15.811302 8.308727 -15.648066
v -17.493267 4.400577 -16.486563
v -18.454796 3.605408 -18.390760
v -18.525251 4.100012 -14.607416
v -19.560478 5.280723 -15.357182
v -21.497578 4.291536 -12.682486
v -22.466902 4.323885 -10.902935
v -19.162153 5.096033 -18.068785
v -17.989449 5.103189 -18.197050
v -18.972858 5.102365 -19.666595
v -18.833263 6.551395 -17.918327
v -18.846581 8.079239 -15.024626
v -19.537046 6.683735 -14.905344
v -22.789120 5.256307 -13.568050
v -18.574394 8.082873 -15.655363
v -19.369432 8.078156 -15.609579
v -18.326674 8.853737 -15.657526
v -19.961330 8.845229 -15.925756
v -19.258867 10.318213 -16.249115
v -20.625050 10.471842 -15.557442
v -22.153593 10.464808 -16.089546
v -22.333023 8.830633 -15.628954
v -21.656967 6.671576 -14.909479
v -6.395319 3.504223 -14.081026
v -9.781466 3.649939 -16.173872
v -8.107635 5.845455 -14.254955
v -3.875191 3.111365 -12.769377
v -0.943821 1.907873 -12.976562
v 1.027776 1.591204 -14.188370
v 4.141980 1.748599 -13.230628
v 1.742378 2.598584 -13.770342
v 3.561809 2.559375 -13.780835
v 2.561134 3.723593 -14.034413
v 1.570740 3.719874 -14.870337
v 0.743218 3.056496 -14.522274
v -0.990148 1.793106 -14.481068
v -1.118418 2.892176 -15.071657
v -0.792595 4.382742 -14.755819
v -0.944458 4.665895 -14.983490
v -1.553596 4.277151 -15.554375
v -1.767500 7.375366 -15.016731
v -4.707828 6.333076 -14.876162
v -2.017147 9.027205 -15.026546
v -3.049333 8.745237 -15.012129
v -2.102024 9.473073 -14.980196
v -2.564016 9.469135 -14.700056
v -5.408651 6.932617 -15.685396
v -4.883813 7.722893 -16.377396
v -6.720071 7.593335 -15.252512
v -5.842916 8.242130 -16.566948
v -7.526466 8.227384 -15.427591
v -6.251708 9.752525 -16.442221
v -7.620118 9.310057 -15.809624
v -6.025383 10.626830 -16.853035
v -7.258296 10.614826 -15.651487
v -5.959884 11.439251 -17.152594
v -7.211640 11.427178 -15.967777
v -6.745992 12.276084 -16.824593
v -7.527129 12.268644 -16.113771
v -8.752157 11.416761 -15.862715
v -8.829524 10.849488 -15.860100
v -8.581038 10.017284 -15.934660
v -8.538965 9.734931 -15.637381
v -8.341008 9.131496 -15.856997
v -8.647749 8.664108 -15.746067
v -8.198005 7.963122 -14.942764
v -9.335498 8.394667 -15.524736
v -9.756809 7.626682 -15.303566
v -9.811481 6.110429 -14.935377
v -9.360333 4.313132 -16.629223
v 1.121641 5.738738 -14.898849
v 0.232762 4.541887 -14.404100
v 0.162506 5.734031 -15.375338
v -0.579010 5.729211 -15.383543
v 1.000120 7.392406 -14.696194
v 2.741282 3.730608 -15.808878
v 2.499989 5.750714 -15.802576
v 2.368954 7.404226 -15.570671
v 2.058946 8.880261 -15.332182
v 0.858928 8.871849 -15.159691
v 1.833277 9.764942 -15.595726
v 0.944478 9.472157 -15.424936
v 1.966789 10.473318 -15.530151
v 0.902043 10.302653 -15.367695
v 1.630958 10.599562 -15.421379
v 0.941657 10.705590 -15.150311
v 1.159557 12.086565 -15.336382
v 0.426505 12.080269 -14.877825
v 0.887722 12.514362 -14.925039
v 0.582223 12.511689 -14.719431
v 0.582961 10.703339 -15.178658
v 0.494941 10.300098 -15.399870
v 0.308293 9.467450 -15.258295
v 0.088957 8.867366 -15.327168
v -0.152206 7.388225 -15.717337
v -3.406619 6.062178 -13.676434
v -20.018702 -1.022290 -2.627801
v -19.963757 -1.025689 -1.269543
v -19.581413 -1.025901 -0.521775
v -18.933113 -1.023558 -0.257656
v -19.424850 -1.027201 0.234680
v -19.545273 -1.029192 0.763312
v -18.446838 -0.459924 2.152356
v -18.262718 -1.113615 3.603340
v -17.774530 -1.112656 4.101204
v -23.201288 -2.368184 -7.703372
v -20.287432 -1.021224 -3.493809
v -7.010993 -3.285895 -2.550704
v -6.579700 -3.229638 -1.905815
v -4.801597 -3.220263 -1.846292
v 7.028026 1.531765 -12.691432
v 6.272480 3.746739 -13.758978
v 4.182875 3.733775 -13.952498
v 5.907002 4.613359 -13.815009
v 4.489714 4.604931 -14.047315
v 5.924621 5.858675 -13.623105
v 5.210031 5.855144 -13.953063
v 5.672897 6.164362 -13.882291
v 5.341826 6.162605 -14.003808
v 5.783303 6.663576 -14.028399
v 5.510102 6.661536 -13.951019
v 8.325003 2.733663 -11.663404
v 7.055739 3.752739 -13.977780
v 11.428486 1.652531 -12.157547
v 10.868026 3.771676 -12.135107
v 9.356033 3.764166 -12.859415
v 8.836292 5.260691 -13.133757
v 7.313776 5.051709 -13.481439
v 8.210147 5.851545 -13.350149
v 7.430043 5.845396 -13.060035
v 12.343977 2.345948 -11.431207
v 12.629878 3.277117 -13.006590
v 11.947268 4.437605 -12.692781
v 10.589357 4.886572 -12.014837
v 9.562319 4.882539 -12.831451
v 10.919827 5.729423 -12.252499
v 10.358473 5.725747 -12.250534
v 9.643288 5.722020 -12.539551
v 10.727987 6.617817 -12.489664
v 10.266378 6.371004 -12.469496
v 10.486397 6.968579 -12.539864
v 10.061998 7.027353 -12.622080
v 9.604282 6.722415 -12.502733
v 9.629289 6.367003 -12.519848
v 13.663792 -0.308981 -9.767412
v 14.399911 -1.005629 -8.903456
v 18.453949 -0.537469 -8.537121
v 21.018583 -2.040955 -2.925586
v 21.158710 -0.677928 -6.988134
v 21.473967 -0.128794 -8.610046
v 18.507568 -1.085268 3.400782
v 11.971274 -0.248627 5.648259
v 15.328982 -1.569245 7.285700
v 5.806376 -2.740114 4.268780
v 8.400411 -2.230689 4.961266
v 11.560047 -1.632847 6.268074
v -4.380705 -3.232106 3.389862
v -1.475955 -3.217030 3.576512
v 1.151467 -2.833993 4.182611
v 2.757278 -2.826119 4.456584
v 4.878962 -3.487478 -0.526544
v 4.134498 -3.437288 -0.439614
v 2.710178 -3.387783 -1.195792
v -3.320610 -3.643857 -1.892503
v -0.841375 -3.198536 -2.027277
v 1.632244 -3.392079 -1.747159
v 6.417964 -2.885594 -1.144750
v 6.119117 -2.932947 -1.814568
v 5.424429 -2.849074 -2.180770
v 14.510829 1.666302 -10.214060
v 13.703560 3.596308 -11.857710
v 17.092020 0.136649 -10.976743
v 18.224804 1.213769 -9.302357
v 16.983242 1.478580 -10.599308
v 14.570844 3.279395 -9.834881
v 16.413465 3.293723 -10.530113
v 15.889318 3.293282 -11.439520
v 18.225657 2.269196 -9.794744
v 18.084028 3.925256 -10.274590
v 17.033236 4.559284 -11.932470
v 14.954577 3.698122 -12.773651
v 15.276383 5.594548 -12.619461
v 16.778080 5.311956 -12.934944
v 15.294444 6.105830 -12.858812
v 16.135302 6.311642 -12.972271
v 15.486768 6.589619 -12.978268
v 18.657547 4.893098 -10.897356
v 17.982353 5.319202 -12.743866
v 17.652115 6.732003 -12.802485
v 17.249426 7.519841 -13.268219
v 15.652337 7.489541 -12.873875
v 17.380648 8.553171 -13.428986
v 15.655326 8.541828 -13.410074
v 17.214804 9.796750 -13.894106
v 15.604421 9.784878 -13.484594
v 16.719553 11.217991 -13.658117
v 15.266480 11.207244 -13.277931
v 16.185081 12.023608 -13.494461
v 15.508647 12.017715 -13.046396
v 14.842582 9.511661 -13.978386
v 15.010949 9.189547 -13.955116
v 14.820647 8.808823 -13.318773
v 14.862733 7.293020 -13.701862
v 13.778740 8.352356 -13.915419
v 13.907746 9.973711 -13.362446
v 12.971037 9.651320 -13.691214
v 13.313540 10.837276 -13.461060
v 12.938607 10.937346 -13.679365
v 12.210896 8.558994 -13.102688
v 12.261626 7.596530 -13.233561
v 13.559505 5.930351 -13.345081
v 11.487563 6.713179 -12.964581
v 11.995193 5.281458 -13.169268
v 13.548893 4.775683 -12.895065
v 20.930912 0.650761 -8.997471
v 19.875074 0.740810 -9.982724
v 19.407839 2.773881 -9.626076
v 19.328293 3.866570 -10.177759
v 20.644833 2.642987 -9.659304
v 20.657974 3.891557 -10.440378
v 20.194798 5.326580 -10.585197
v 19.775118 6.909499 -11.273836
v 18.770967 8.663272 -11.385689
v 17.739674 6.532383 -12.181543
v 21.421230 6.922167 -11.854351
v 19.517002 9.509475 -10.655242
v 18.878815 9.507055 -11.189129
v 21.278488 5.333383 -10.499542
v 21.558683 3.896643 -10.196083
v 21.604395 2.649148 -9.625026
v 21.846312 0.656900 -9.044550
v -21.469616 -0.698428 -3.277990
v -20.626249 0.121492 -1.492099
v -20.864145 -1.030439 -1.080700
v -20.344898 -1.029684 -0.452793
v -19.624762 -0.314827 1.644183
v -19.540361 -1.686193 2.685255
v -9.707419 -1.214996 -9.630316
v -13.063234 1.492507 -12.184336
v -13.343868 -1.232442 -11.557894
v -12.809256 -1.198535 -10.389429
v -10.353119 -1.218676 -9.795401
v -10.396894 -1.328748 -11.323494
v -11.371383 1.434812 -10.522799
v -11.236544 0.256799 -10.586969
v -11.894928 0.394623 -10.506701
v -11.841801 -0.472664 -10.497404
v -11.473652 -0.246742 -10.403242
v -12.002988 1.747947 -11.459142
v -12.177371 1.808926 -11.689282
v -12.000277 2.173822 -12.017378
v -15.469044 2.597620 -13.823532
v -3.302723 -1.617020 -11.232967
v -14.204843 -2.325476 -4.559835
v -14.065732 -2.829558 -2.986160
v -14.629377 -3.271999 -1.641906
v -13.884507 -3.272187 -0.268750
v -11.843815 -1.832459 2.213312
v -23.104923 6.977421 -14.714933
v -5.539278 0.199999 -11.101398
v -5.215999 -2.418805 -8.049812
v -9.549990 1.522572 -14.346533
v -9.380595 -1.001987 -11.820429
v -9.530754 1.360680 -11.886417
v -8.073239 0.124143 -10.928688
v -8.291097 1.402572 -13.390757
v -4.062334 1.552526 -12.542828
v -6.964699 0.527240 -11.091080
v -4.229156 1.689935 -11.545146
v -1.737156 -0.164097 -11.967501
v 0.111243 -1.005429 -10.594025
v -0.244080 0.243347 -10.780787
v 0.741883 0.891109 -11.065540
v 0.066366 1.591471 -13.342653
v -0.455057 1.724621 -13.188101
v -0.718111 2.209192 -11.178402
v -0.935188 -0.026530 -11.425726
v -0.812003 -1.219568 -10.804258
v -0.692013 -1.916161 -10.383026
v 4.130487 -3.163164 -9.564415
v 6.735243 -3.555283 -9.418421
v 12.465454 -1.949403 0.697405
v 15.071248 -2.174433 -2.861413
v 10.739093 -1.731897 4.840260
v 11.745085 -1.033290 2.623254
v 13.747820 -1.626090 2.891335
v 16.021685 -2.497493 -5.794938
v 13.157285 -2.189441 -1.091799
v 12.496104 -4.138386 -2.850208
v 10.313139 -3.167916 -2.872634
v 15.073976 -1.929745 -6.416191
v 17.496519 -0.543994 -8.456257
v 15.674184 3.293861 -12.044605
v 16.527935 4.512228 -12.551594
v 14.233891 3.281183 -11.050722
v 13.750468 3.276690 -10.644670
v 16.502821 3.300347 -12.370066
v 4.800771 2.490307 -12.578898
v 6.366742 3.265917 -12.457816
v 7.782115 1.630170 -12.670355
v 6.928761 1.526381 -10.496052
v 5.448289 2.465029 -12.389006
v 6.192579 1.766433 -10.493158
v 4.405437 1.522938 -11.457017
v 1.087274 -2.012905 -10.448751
v 7.513093 -3.463752 -7.494951
v 7.213455 -1.487774 -7.639804
v 6.592054 -3.898572 -8.025226
v 10.783634 -2.523068 -7.701284
v 9.928124 -2.896754 -6.143577
v 8.442399 -2.963233 -4.183168
v 11.263236 -1.078189 -9.542917
v 11.164250 -1.469804 -8.173251
v 11.753311 0.090675 -10.406086
v 10.657516 -1.454409 -10.906433
v 8.730985 -0.655292 -10.572809
v 8.085197 3.145499 -11.962199
v 9.200596 3.751977 -12.136901
v 10.208361 2.827988 -10.981050
v 10.375130 1.383107 -10.869968
v -5.669240 1.105711 -11.321447
v -8.136765 1.198016 -11.862347
v -7.449625 1.315536 -11.616096
v -5.405745 1.554895 -11.932302
v -6.335520 0.574057 -11.492130
v -6.127424 -0.146287 -10.802383
v -5.730015 -0.130262 -10.471350
v -4.979170 1.628458 -11.130178
v -4.344522 0.841091 -11.247070
v 12.387221 -3.343426 -5.458602
v 13.442508 -2.109139 1.092083
v 12.016690 -1.193649 2.770152
v 11.358994 -1.200491 4.001020
v 12.429162 -1.193463 3.522602
v 14.105060 -2.195493 -0.516150
v 15.577411 -1.516319 -0.379519
v 20.476473 -2.373653 -0.617326
v -15.329114 1.835506 -13.879604
v -14.036371 3.124589 -15.112524
v -12.702206 2.860251 -15.694462
v -11.393691 3.705675 -15.145952
v -9.673349 2.857670 -14.758837
v -14.435183 0.837778 -12.400106
v -13.526999 2.298908 -14.510431
v -6.809023 3.618565 -16.053921
v -10.421814 3.744141 -15.546085
v -10.212437 3.559307 -14.724401
v -21.075081 3.064805 -12.332300
v -20.180904 5.270593 -13.356565
v -19.356634 5.092007 -17.182665
v -19.136339 4.823151 -15.034607
v -19.047455 5.284786 -15.697557
v -18.189899 1.725456 -14.117083
v -17.643995 -0.298306 -12.482172
v -18.589825 0.162114 -12.837873
v -21.673504 4.289534 -12.380178
v -20.764475 2.688177 -10.761429
v -20.742620 1.202822 -9.560183
v -18.898417 -0.470874 -10.892313
v -18.494328 -0.387804 -11.888283
v -19.768061 1.598008 -11.079476
v -18.659266 0.172568 -9.632294
v -21.969650 -1.126480 -9.693069
v -20.880821 -0.447501 -9.778282
v -19.735483 0.515810 -8.208527
v -14.171226 -1.560084 -9.955623
v -14.469578 -1.712631 -7.370952
v -5.948346 -2.657000 -10.031906
v -4.515395 -0.938217 -10.353378
v -5.659799 -0.447904 -9.798367
v -6.626021 -0.832196 -9.715040
v -8.047842 -0.987317 -9.359971
v -1.760241 1.574633 -14.692940
v 7.176644 -0.635257 -8.884935
v 4.186840 0.718185 -10.564866
v 6.745617 -0.449428 -9.096528
v 15.080636 -0.387997 2.435265
v 14.408322 -1.572861 6.794983
v 14.669032 -1.467456 3.993434
v -19.765944 2.139559 -12.309929
v -18.487703 3.152133 -14.623232
v -16.057533 2.341796 -15.943026
v -17.189390 3.297235 -14.524235
v -16.525064 2.519141 -13.691864
v 2.660634 0.803035 -10.718639
v 2.492191 -0.767318 -9.925297
v 2.637689 -2.803362 -10.231047
v 2.246430 -2.899158 -8.222660
v 15.924727 -1.445415 -7.834742
v 16.697603 -1.970203 -6.983904
v 16.092049 -0.612071 -8.394282
v 16.321819 -0.151666 -10.675728
v 16.469473 -0.597181 -9.443226
v 18.033752 0.122647 -9.145185
v 17.375216 0.120728 -8.995452
v 17.949520 -0.538937 -9.094450
v 15.332637 -1.610520 -7.270365
v 9.693102 -2.771007 2.411832
v 11.573476 -3.322276 0.905204
v -1.544307 -1.810674 -10.121628
v -10.470757 1.239902 -10.850554
v -3.674761 -1.932642 -10.957870
v -2.607637 -2.196793 -11.431404
v -2.736315 -1.999816 -10.201881
v 5.063856 3.498867 -12.448456
v 7.253988 3.131705 -12.467850
v 7.596183 4.018109 -12.261429
v -17.062151 4.144552 -14.406210
v -14.500798 2.507291 -15.106344
v -12.461309 2.629502 -13.303011
v -19.886730 -0.905477 -4.242634
v -18.161047 -1.252228 -4.813340
v -15.797902 -2.782899 -3.492370
v -16.417179 -1.091500 -4.322020
v -16.571482 -2.037354 -2.312044
v -14.517469 -2.852129 0.763583
v -12.243452 -1.836087 2.764516
v -17.922052 0.011997 -12.323620
v -15.814215 2.477867 -13.340570
v -18.077297 0.468537 -12.926601
v -13.323372 2.948760 -15.473803
v -1.712289 1.569196 -12.940945
v 0.647755 1.505833 -12.894838
v 3.413311 1.699865 -13.789257
v 2.090832 1.769226 -13.172432
v 2.541303 1.596623 -11.430541
v 1.694168 0.980475 -10.821475
v -5.135654 -2.238398 -9.437254
v -5.948666 -2.679842 -9.217838
v -3.323187 -2.223630 -10.985386
v -3.598446 -2.676503 -10.249575
v -2.738063 -2.710336 -9.832087
v -1.835884 -2.857371 -10.246054
v -1.886827 -1.970317 -10.622709
v -4.487980 -3.465704 5.719653
v -1.490090 -3.450265 5.956603
v 1.190665 -3.208307 5.647877
v 2.878503 -3.199259 5.649352
v 5.930115 -2.699131 6.257811
v 8.613791 -2.684958 6.339528
v 10.664124 -1.212961 7.247958
v -6.913185 -2.976062 7.133134
v -9.077190 -2.987751 7.164106
v -11.377590 -2.553436 7.078128
v 12.169063 -1.205278 7.391999
v 13.493834 -1.579556 7.460192
v 5.050334 1.712541 -12.216288
v -3.857769 7.455472 -15.140463
v -2.723971 7.538281 -14.310431
v -2.499534 6.586072 -14.724072
v 8.910426 0.679609 -10.303749
v -14.708052 -1.550910 -7.810542
v -14.117061 -1.395670 -9.784338
v -14.618469 -0.548411 -9.924732
v -16.754944 0.598902 -7.517248
v -14.513685 2.058722 -9.154806
v -16.925892 1.442850 -7.860351
v -15.926818 4.499122 -8.124282
v -14.225772 4.908963 -9.154442
v -10.543372 0.502609 -10.076517
v -10.488331 1.693177 -10.349007
v -12.355440 0.847748 -9.782827
v -12.174192 0.297675 -9.655927
v -10.691047 -0.266546 -9.862864
v -10.855263 3.262262 -10.845570
v -12.171959 2.709405 -10.094065
v -11.404932 4.401841 -10.711576
v -10.167447 -0.266131 -10.163998
v -10.469773 1.244049 -10.845706
v -12.950747 0.046844 -10.148605
v -12.705117 -0.840848 -10.007860
v -10.367266 -1.284374 -9.864241
v -12.621475 2.847569 -10.526337
v -10.676359 3.801713 -11.379033
v -11.501584 5.225975 -11.355286
v -11.895030 4.410674 -10.967436
v -7.420042 0.072709 -10.240501
v -7.928981 -0.646564 -9.818689
v -7.060882 -2.885570 -9.074926
v -6.515203 0.257201 -8.562544
v -8.035257 -0.900731 -9.269764
v -7.977988 -2.112972 -8.889706
v -5.946169 -2.649178 -9.187600
v -5.802170 -0.668418 -10.680294
v -5.864221 0.250269 -10.230425
v -6.206261 0.898499 -9.655032
v -6.578738 0.836986 -9.604931
v -7.844792 -0.058527 -9.191061
v -5.942799 -2.578854 -9.952987
v -7.345237 0.647486 -9.605097
v -7.688079 0.551274 -9.270584
v -19.432528 3.395357 -13.353975
v -19.126822 2.645846 -13.466581
v -19.432528 3.395357 -13.353975
v -17.966772 5.024624 -13.284918
v -18.413708 5.945821 -13.366730
v -20.180906 5.270592 -13.356565
v -19.126822 2.645846 -13.466581
v -18.487703 3.152133 -14.623232
v -18.021744 5.658545 -13.323072
v -5.729275 -0.540356 -9.676386
v -5.974802 0.263530 -9.324028
v -6.548022 0.713352 -9.150621
v -6.942369 0.775866 -8.816963
v -7.347924 0.355438 -8.649899
v -7.474514 -0.193774 -8.702357
v -7.638155 -1.874932 -8.479113
v -11.273364 5.196417 -11.505045
v -14.551346 5.138510 -8.766308
v 4.122057 -3.124455 -9.526408
v 6.723885 -3.516133 -9.380577
v 7.148672 -2.753104 -9.686459
v 3.873072 -1.091184 -9.225806
v 6.734249 -0.413771 -9.065794
v 7.164789 -0.599392 -8.852984
v 6.113409 2.270487 -10.224010
v 6.844467 1.509419 -9.607791
v 6.728786 2.236406 -9.971692
v 4.387306 2.795899 -10.951604
v 5.248812 4.467399 -11.144512
v 4.781769 3.918621 -11.249935
v 8.527962 -1.265304 -9.805729
v 8.717380 -0.619404 -10.535134
v 7.453234 1.844134 -9.291823
v 4.210434 1.327753 -10.427574
v 6.544420 -3.730390 -7.870911
v 7.459442 -3.292511 -7.338478
v 7.785790 -1.846679 -7.196535
v 7.161281 -1.326281 -7.487566
v 6.321471 -2.129163 -8.039898
v 6.821693 -1.438392 -8.264134
v 6.422137 -1.737593 -8.273505
v 6.933637 -2.213480 -7.623684
v 7.723693 -2.628162 -7.167520
v 6.616927 -2.911078 -6.022646
v 6.728154 -3.118262 -4.951432
v 7.777547 -0.360000 -5.328708
v 7.080951 -0.805781 -6.045091
v 6.781123 -1.679639 -6.336921
v 8.148470 -2.849080 -4.905087
v 8.726467 -1.972765 -5.410408
v 7.114177 -1.623019 -4.889517
v 7.612606 5.982996 -13.119799
v 5.108207 3.534907 -9.922426
v 5.036008 1.704805 -9.069517
v 4.933395 -0.155527 -7.895831
v 5.248746 -2.634769 -8.785647
v 7.567774 4.638547 -12.483858
v 7.593398 5.977033 -12.203655
v 5.389002 6.466191 -13.498765
v 5.362501 6.162897 -13.395942
v 5.082407 5.145434 -13.242100
v 5.194993 4.294562 -13.209492
v -11.304254 3.517337 -9.886669
v -11.276931 1.881364 -9.406183
v -15.493507 2.361546 -7.933313
v -14.903831 0.390229 -8.073628
v 14.245048 0.313463 -9.669261
v 13.849602 1.008221 -8.908071
v 14.203090 -0.648229 -8.536381
v 14.358270 2.308264 -7.302364
v 15.876477 -0.259032 -8.032850
v 16.249720 -0.244307 -9.070171
v 13.843016 2.771592 -8.927347
v 16.123806 1.609318 -9.310537
v 15.740706 3.296644 -8.472644
v 13.922738 4.290178 -8.604025
v 15.043733 5.229923 -8.122993
v 14.237929 5.691211 -8.380409
v 14.400775 5.920596 -8.022201
v 17.265383 -0.191709 -8.094139
v 15.962640 -1.509684 -7.897761
v 16.737034 -2.035503 -7.045251
v 17.145422 0.465647 -8.627357
v 17.713366 -0.186709 -8.725260
v 18.212202 -0.185257 -8.174106
v 13.504206 -1.416463 -7.207925
v 14.219272 3.547301 -7.505181
v 14.213015 4.644455 -7.584939
v 14.296021 5.730935 -7.721173
v 0.374552 1.510933 -11.913988
v 2.541303 1.596622 -11.430541
v 1.714726 2.851661 -11.456676
v 0.508737 2.536850 -11.623488
v 1.075639 2.858791 -11.557155
v 2.184742 2.382792 -11.508283
v 1.180879 2.444440 -11.057024
v 1.222292 2.211681 -10.896834
v -0.718111 2.209192 -11.178402
v 0.374552 1.510934 -11.913988
v 0.078673 2.443060 -12.091034
v -0.539513 2.663888 -11.997257
v -1.688658 1.566516 -12.077564
v -0.994528 2.522961 -12.196707
v 1.255643 2.212350 -10.895180
v -2.704828 2.260974 -13.833830
v -2.793740 2.340281 -12.855160
v -2.940704 1.559137 -12.322978
v -3.050600 1.276121 -10.520386
v -2.573863 -1.588325 -11.190332
v 8.277009 -0.959886 -5.459726
v -3.894982 -1.206369 -10.665804
v -4.059872 -0.933528 -11.390497
v -5.135654 -2.238398 -9.437254
v -3.888136 -2.812053 -10.131042
v -4.563214 -0.847706 -9.855649
v -3.518326 -2.008814 -10.581440
v -3.547868 -1.146618 -10.686464
v -3.897644 -0.337312 -10.537134
v -4.552242 0.312763 -10.412876
v -5.948346 -2.657000 -10.031906
v -5.711466 -0.472084 -9.740481
v -5.699506 0.274124 -10.024225
v 8.325003 2.733663 -11.663404
v 10.208361 2.827988 -10.981050
v 8.855064 4.508222 -11.235372
v 8.974854 3.445477 -10.663414
v 9.622820 4.056410 -11.138991
v 8.270384 4.228901 -11.214153
v 8.974399 3.457271 -10.648369
v 5.868162 -2.697105 5.382266
v 2.865250 -3.198041 5.170585
v 4.236498 -3.238346 4.286230
v 4.161252 -3.191337 5.261942
v 5.255954 -3.280703 3.324942
v 6.577823 -2.860633 3.522336
v 7.052388 -2.684725 4.460622
v 5.864741 -2.696993 5.333903
v 3.819632 -2.961064 4.394162
v 4.161252 -3.191337 5.261942
v 5.868162 -2.697105 5.382266
v 5.864741 -2.696993 5.333903
v 5.574992 -2.025368 4.772354
v 4.807467 -2.237500 3.829465
v 6.686207 -1.899734 3.564229
v 7.053691 -2.688259 4.458151
v 5.917508 -2.829746 3.422345
v 5.716651 -2.195185 3.599196
v 7.068518 -2.189638 3.988583
v 2.660607 -3.253833 3.072794
v 1.326664 -3.260016 2.712388
v -0.701415 -3.213141 3.674786
v -0.601254 -3.445639 6.009148
v 1.136811 -2.111922 3.583305
v -0.701415 -3.213141 3.674786
v 1.151467 -2.833993 4.182611
v 2.757278 -2.826119 4.456584
v 2.338795 -2.111863 3.926193
v 1.808179 -1.979516 3.693420
v 1.787177 -2.830876 4.291071
v 0.334813 -2.729757 3.682181
v 2.633542 -2.449564 4.188948
v 9.954040 -1.774142 4.560090
v 10.039903 -1.939320 5.295803
v 8.608526 -2.680704 6.066535
v 8.908040 -1.716273 3.279950
v 6.576580 -2.857077 3.524924
v 7.051087 -2.681191 4.463092
v 8.398941 -2.227212 4.963673
v 9.762858 -1.719049 3.811541
v 9.952375 -1.770722 4.562547
v 10.038228 -1.935879 5.298169
v 8.607031 -2.677171 6.068805
v 7.953372 -2.026128 3.287222
v 7.523069 -2.389577 4.737028
v 10.948834 -1.100234 -0.208719
v 12.569296 -3.470076 -0.784374
v 12.463476 -1.946023 0.700346
v 11.775441 0.093038 1.025776
v 12.617544 1.328263 0.743841
v 12.643931 0.087492 1.553274
v 10.818161 1.960222 0.121306
v 12.094003 2.974267 0.551869
v 11.007068 3.883334 0.342626
v 14.550933 -0.073952 0.953881
v 14.251092 0.879182 0.415118
v 13.440407 -2.105739 1.094974
v 14.981746 -1.640351 1.226182
v 11.438748 3.759111 0.611695
v 11.120094 2.425710 1.138879
v 10.731339 2.963076 0.270411
v 11.603312 2.206670 1.227247
v -9.980742 -1.175608 4.210421
v -10.625937 -1.827834 4.171878
v -8.337572 -2.261158 3.886246
v -8.198317 -1.700605 4.158107
v -8.876659 -1.109591 3.992584
v -9.481753 -2.044496 4.029063
v 10.673937 -1.605689 4.929822
v 11.558183 -1.629445 6.270319
v 11.900423 -0.129273 5.734086
v 11.756623 -0.053115 4.404217
v 12.434827 0.909976 4.528300
v 11.110195 -0.747847 4.342787
v 13.427778 0.394619 5.386034
v 14.406182 -1.569514 6.797309
v 13.491812 -1.576209 7.462435
v -17.621691 -0.073007 -1.847821
v -19.569771 -0.781067 -3.487297
v -18.728151 -1.017303 -0.979423
v -17.438580 -0.286027 -0.605315
v -20.016523 -1.018943 -2.624446
v -19.961582 -1.022342 -1.266357
v -19.421034 -0.581397 -3.532742
v -20.285217 -1.017877 -3.490346
v -13.883036 -3.268641 -0.265688
v -14.627813 -3.268452 -1.638673
v -16.288239 -1.475343 -1.775587
v -14.515920 -2.848635 0.766515
v -17.383661 0.093891 -3.366373
v -16.094748 -0.328434 -3.321108
v -15.602973 -1.882997 -2.591715
v -15.491259 -2.535772 1.953540
v -6.612238 -3.144302 -3.897650
v -5.859921 -3.219843 -4.109780
v -2.980945 -3.204617 -4.030173
v -0.701350 -3.235410 -4.247020
v 1.893796 -3.134001 -4.350643
v 3.400962 -3.144210 -3.614411
v 4.905830 -3.423618 -2.239329
v 1.073315 -3.096567 -4.363203
v 10.772085 -0.547170 -0.188863
v 13.922425 1.155407 0.526721
v 12.805381 0.889045 4.759470
v -5.836403 2.323788 -11.833302
v -6.852671 2.461323 -11.456508
v -7.449114 1.319278 -11.611617
v -5.405489 1.558607 -11.927783
v -6.363229 2.556500 -11.711344
v -6.378901 1.909726 -11.201254
v -6.379278 1.906058 -11.205683
v -8.601531 -2.751481 -5.122603
v -7.411620 -2.663454 -5.068018
v -6.063695 -2.959910 -5.301042
v -3.777552 -2.751506 -5.514692
v -3.197567 -2.908879 -5.684962
v -2.885182 -2.878904 -5.667152
v -0.915154 -2.938602 -5.736691
v 1.156259 -2.676570 -5.748827
v 2.012872 -2.784586 -5.668564
v 2.342082 -2.884212 -5.632924
v 4.107116 -2.689194 -4.834688
v 5.543406 -2.883601 -3.663850
v 5.949886 -2.772711 -3.298976
v 6.716434 -2.721709 -2.676546
v 7.102810 -2.895979 -1.367079
v -8.900786 -2.817782 0.025030
v -8.150720 -2.817033 0.895496
v -7.158515 -2.814774 0.739769
v -5.280100 -2.746348 1.016172
v -3.830643 -2.945407 1.134198
v -1.148973 -3.061593 1.320744
v 1.369978 -3.059712 1.143635
v 2.221322 -3.063042 1.220017
v 3.904800 -2.836282 1.530228
v 5.265055 -2.772573 1.101049
v 5.866421 -2.764988 0.708516
v 6.469512 -2.982248 -0.041255
v -8.143586 -3.278491 -2.730258
v -8.722186 -2.729494 -2.839605
v 6.058157 -3.121831 -0.444821
v 7.229488 -2.841097 0.612198
v 9.558284 -3.091040 -0.914854
v 10.429004 -3.164288 -3.746974
v 9.205593 -2.830481 0.238862
v 8.730223 -2.587872 1.714744
v 11.753672 -1.139095 -9.010550
v 12.089532 2.153224 -11.633081
v 12.285014 3.373922 -12.836006
v 12.030673 0.032654 -10.313364
v 8.277268 -2.811740 2.916534
v 10.959149 -3.190395 -5.427053
v 11.438297 -2.443247 -7.347545
v 11.522080 -1.451590 -8.013948
v 12.047185 1.212743 -10.916116
v 7.734839 -2.454864 4.714078
v 7.319627 -2.691793 6.300121
v 8.027073 -2.002207 3.286661
v 7.717039 -2.353620 4.787220
vt 0.513666 0.602616
vt 0.559186 0.559301
vt 0.576585 0.559466
vt 0.552147 0.627999
vt 0.584041 0.641334
vt 0.584813 0.626455
vt 0.609719 0.630960
vt 0.617065 0.629025
vt 0.646004 0.562892
vt 0.708110 0.568302
vt 0.696037 0.613128
vt 0.730637 0.606359
vt 0.733917 0.566501
vt 0.743358 0.564985
vt 0.758948 0.600821
vt 0.800080 0.553363
vt 0.827882 0.591078
vt 0.853289 0.534111
vt 0.875174 0.574551
vt 0.858612 0.514116
vt 0.841936 0.513132
vt 0.849298 0.497236
vt 0.873391 0.488518
vt 0.882881 0.505121
vt 0.894505 0.491124
vt 0.876258 0.444769
vt 0.853314 0.444930
vt 0.816504 0.441853
vt 0.833040 0.433344
vt 0.766979 0.445443
vt 0.772927 0.437041
vt 0.740878 0.446981
vt 0.743074 0.437189
vt 0.659228 0.438264
vt 0.656093 0.429112
vt 0.564193 0.435187
vt 0.561851 0.425956
vt 0.518684 0.437751
vt 0.509753 0.429947
vt 0.457781 0.445443
vt 0.443186 0.436376
vt 0.408256 0.442366
vt 0.393964 0.437243
vt 0.392193 0.460314
vt 0.369688 0.454163
vt 0.410028 0.495489
vt 0.446671 0.495439
vt 0.254995 0.452622
vt 0.311882 0.470057
vt 0.302513 0.478775
vt 0.240941 0.482364
vt 0.236256 0.467493
vt 0.327275 0.486467
vt 0.258341 0.510055
vt 0.356053 0.512107
vt 0.296489 0.558771
vt 0.364085 0.523388
vt 0.317906 0.572104
vt 0.395004 0.542317
vt 0.403571 0.585950
vt 0.449090 0.549757
vt 0.424083 0.615030
vt 0.488306 0.549704
vt 0.461442 0.608380
vt 0.515999 0.625126
vt 0.537000 0.655529
vt 0.470467 0.647449
vt 0.416010 0.638977
vt 0.384137 0.705408
vt 0.425043 0.703930
vt 0.422915 0.725396
vt 0.371731 0.659392
vt 0.362535 0.692447
vt 0.294486 0.667461
vt 0.288755 0.635929
vt 0.364480 0.633706
vt 0.231627 0.589660
vt 0.242305 0.629345
vt 0.226232 0.644112
vt 0.178030 0.617230
vt 0.556893 0.651417
vt 0.641427 0.646906
vt 0.663722 0.663270
vt 0.637199 0.662109
vt 0.734154 0.635855
vt 0.775679 0.646460
vt 0.733596 0.659651
vt 0.777757 0.623431
vt 0.849614 0.618720
vt 0.861345 0.633640
vt 0.853030 0.594443
vt 0.883512 0.593643
vt 0.898796 0.612924
vt 0.879582 0.622969
vt 0.878003 0.554601
vt 0.924255 0.607487
vt 0.921578 0.559284
vt 0.938979 0.584411
vt 0.350633 0.741644
vt 0.282208 0.718679
vt 0.231037 0.669987
vt 0.154606 0.644922
vt 0.222725 0.539717
vt 0.220725 0.502777
vt 0.205335 0.468944
vt 0.218752 0.442088
vt 0.260234 0.416341
vt 0.277750 0.429033
vt 0.295820 0.371087
vt 0.335306 0.416213
vt 0.389516 0.374677
vt 0.408256 0.414675
vt 0.462466 0.371087
vt 0.480536 0.404419
vt 0.449750 0.730559
vt 0.421641 0.738251
vt 0.495929 0.723380
vt 0.497768 0.711748
vt 0.541828 0.721104
vt 0.653489 0.683335
vt 0.639162 0.717226
vt 0.632464 0.686991
vt 0.758916 0.686853
vt 0.736780 0.689207
vt 0.860404 0.655747
vt 0.873250 0.651382
vt 0.139883 0.585950
vt 0.100722 0.623564
vt 0.063587 0.605436
vt 0.068550 0.542059
vt 0.127369 0.547751
vt 0.107758 0.515696
vt 0.069610 0.531080
vt 0.072957 0.479288
vt 0.103742 0.486979
vt 0.143898 0.403906
vt 0.075634 0.403906
vt 0.113112 0.371087
vt 0.216178 0.384420
vt 0.315343 0.750779
vt 0.161470 0.698826
vt 0.210904 0.721286
vt 0.063420 0.662358
vt 0.100308 0.690003
vt 0.077641 0.711586
vt 0.063305 0.701833
vt 0.955041 0.619794
vt 0.934294 0.639281
vt 0.902839 0.657229
vt 0.378663 0.759682
vt 0.389245 0.737225
vt 0.412941 0.774660
vt 0.301180 0.769554
vt 0.287789 0.789531
vt 0.282530 0.768011
vt 0.345184 0.804716
vt 0.344470 0.834609
vt 0.279089 0.829017
vt 0.329121 0.844039
vt 0.275742 0.841324
vt 0.343337 0.875169
vt 0.271727 0.864913
vt 0.328614 0.885424
vt 0.292474 0.885424
vt 0.266373 0.882861
vt 0.270388 0.902860
vt 0.252318 0.894655
vt 0.245626 0.906962
vt 0.236256 0.894142
vt 0.217517 0.882348
vt 0.245626 0.873117
vt 0.215509 0.855682
vt 0.222871 0.826965
vt 0.245626 0.825940
vt 0.220863 0.790044
vt 0.208147 0.820812
vt 0.199505 0.798562
vt 0.190835 0.852056
vt 0.183087 0.791950
vt 0.212163 0.771583
vt 0.180708 0.772060
vt 0.165822 0.801766
vt 0.146302 0.774716
vt 0.066186 0.727677
vt 0.084298 0.775844
vt 0.049532 0.751071
vt 0.042000 0.747224
vt 0.132132 0.802792
vt 0.146575 0.823889
vt 0.135821 0.814916
vt 0.169867 0.824540
vt 0.155485 0.836123
vt 0.136672 0.842277
vt 0.111343 0.839037
vt 0.105081 0.816709
vt 0.016069 0.776198
vt 0.125784 0.845004
vt 0.106420 0.847477
vt 0.122662 0.862361
vt 0.088350 0.863374
vt 0.092873 0.890679
vt 0.060671 0.884314
vt 0.021810 0.888417
vt 0.022093 0.858759
vt 0.048863 0.815171
vt 0.473174 0.766455
vt 0.381427 0.788693
vt 0.369821 0.766729
vt 0.463353 0.789136
vt 0.433327 0.801965
vt 0.545454 0.747482
vt 0.603862 0.748089
vt 0.607715 0.728072
vt 0.629111 0.734149
vt 0.625096 0.749533
vt 0.671810 0.716227
vt 0.656438 0.734551
vt 0.642337 0.734298
vt 0.673661 0.728567
vt 0.713032 0.736721
vt 0.702061 0.755686
vt 0.680645 0.744917
vt 0.752255 0.756199
vt 0.721738 0.776198
vt 0.694699 0.784403
vt 0.672613 0.770045
vt 0.596253 0.787629
vt 0.620411 0.772096
vt 0.629781 0.791582
vt 0.628174 0.796149
vt 0.580770 0.824972
vt 0.597583 0.840974
vt 0.568326 0.862325
vt 0.592972 0.869015
vt 0.590294 0.876194
vt 0.576909 0.873117
vt 0.517687 0.816788
vt 0.489758 0.834048
vt 0.504155 0.856322
vt 0.457112 0.843888
vt 0.473994 0.866065
vt 0.432349 0.855682
vt 0.464058 0.890166
vt 0.427664 0.877733
vt 0.473174 0.911064
vt 0.435026 0.899270
vt 0.473843 0.927987
vt 0.435026 0.916705
vt 0.447385 0.938206
vt 0.423649 0.933115
vt 0.388178 0.914654
vt 0.387509 0.904398
vt 0.397547 0.890552
vt 0.398886 0.882861
vt 0.406917 0.874656
vt 0.400596 0.862451
vt 0.412271 0.845939
vt 0.378808 0.858246
vt 0.371520 0.843562
vt 0.375580 0.815545
vt 0.406397 0.801297
vt 0.683322 0.815684
vt 0.659228 0.791069
vt 0.655213 0.819786
vt 0.642331 0.819099
vt 0.681314 0.840298
vt 0.723477 0.795172
vt 0.718792 0.825940
vt 0.714376 0.849516
vt 0.708367 0.871917
vt 0.676629 0.869528
vt 0.702701 0.885853
vt 0.678637 0.882348
vt 0.703282 0.895023
vt 0.677967 0.896193
vt 0.695280 0.898848
vt 0.679975 0.901321
vt 0.686668 0.927987
vt 0.671051 0.923372
vt 0.681001 0.930865
vt 0.672301 0.928813
vt 0.673029 0.900971
vt 0.669683 0.895843
vt 0.664671 0.879947
vt 0.659688 0.868454
vt 0.651657 0.849004
vt 0.555677 0.804692
vt 0.574324 0.836854
vt 0.546012 0.840140
vt 0.049532 0.510055
vt 0.036816 0.483390
vt 0.040832 0.468519
vt 0.058902 0.463904
vt 0.037486 0.452622
vt 0.027447 0.440828
vt 0.042171 0.421341
vt 0.032801 0.392112
vt 0.044178 0.380317
vt 0.050202 0.525952
vt 0.006031 0.662870
vt 0.020754 0.570566
vt 0.468489 0.485954
vt 0.455411 0.524770
vt 0.493634 0.526780
vt 0.496598 0.531593
vt 0.456442 0.530567
vt 0.527384 0.487492
vt 0.576179 0.490577
vt 0.585610 0.534157
vt 0.584569 0.529346
vt 0.655436 0.536084
vt 0.655213 0.541849
vt 0.713438 0.548515
vt 0.709857 0.540410
vt 0.735765 0.542470
vt 0.735524 0.546977
vt 0.786031 0.531085
vt 0.787057 0.535695
vt 0.827968 0.473983
vt 0.776094 0.486415
vt 0.851148 0.473145
vt 0.868706 0.469032
vt 0.843025 0.697715
vt 0.867393 0.686462
vt 0.863277 0.707353
vt 0.769656 0.737738
vt 0.786782 0.740167
vt 0.802692 0.750385
vt 0.770325 0.776198
vt 0.746995 0.743755
vt 0.803804 0.775907
vt 0.829220 0.775686
vt 0.820520 0.789531
vt 0.801762 0.790238
vt 0.824535 0.807479
vt 0.810457 0.809440
vt 0.816504 0.815171
vt 0.811138 0.815719
vt 0.819851 0.824914
vt 0.839700 0.750573
vt 0.863579 0.750780
vt 0.876849 0.762510
vt 0.849298 0.779275
vt 0.872059 0.732961
vt 0.888126 0.689024
vt 0.887524 0.736151
vt 0.876163 0.775437
vt 0.881890 0.794579
vt 0.868839 0.793621
vt 0.881584 0.805414
vt 0.875160 0.802176
vt 0.957718 0.806966
vt 0.971773 0.811581
vt 0.965749 0.817735
vt 0.953033 0.819273
vt 0.948198 0.812432
vt 0.946160 0.805741
vt 0.341951 0.212577
vt 0.383486 0.198905
vt 0.402927 0.230315
vt 0.339853 0.238346
vt 0.439849 0.251062
vt 0.427541 0.327358
vt 0.360365 0.334050
vt 0.330110 0.324011
vt 0.481522 0.257659
vt 0.461878 0.329636
vt 0.523862 0.202961
vt 0.553375 0.181479
vt 0.552224 0.244760
vt 0.515743 0.261101
vt 0.517023 0.297200
vt 0.581262 0.292123
vt 0.616519 0.290310
vt 0.627020 0.334050
vt 0.518307 0.333381
vt 0.622771 0.164292
vt 0.654552 0.217655
vt 0.602919 0.233661
vt 0.543446 0.376728
vt 0.554824 0.398265
vt 0.651197 0.377753
vt 0.645174 0.397240
vt 0.749303 0.401618
vt 0.680133 0.376867
vt 0.751586 0.374677
vt 0.813158 0.371087
vt 0.799362 0.395657
vt 0.788395 0.415188
vt 0.851573 0.372170
vt 0.887139 0.399882
vt 0.861345 0.418777
vt 0.839878 0.507363
vt 0.656961 0.496760
vt 0.738297 0.495186
vt 0.906206 0.467970
vt 0.919471 0.510342
vt 0.886764 0.475641
vt 0.866398 0.530372
vt 0.894863 0.521891
vt 0.893647 0.453789
vt 0.878076 0.458263
vt 0.318727 0.118025
vt 0.347228 0.124443
vt 0.308860 0.157608
vt 0.345129 0.173536
vt 0.330687 0.172479
vt 0.289599 0.121895
vt 0.300367 0.176774
vt 0.285496 0.185474
vt 0.269599 0.135949
vt 0.259344 0.180789
vt 0.249087 0.156027
vt 0.304470 0.233661
vt 0.282419 0.234330
vt 0.251139 0.234999
vt 0.237903 0.162976
vt 0.255188 0.113721
vt 0.260497 0.104116
vt 0.242322 0.143665
vt 0.228576 0.118548
vt 0.217235 0.168305
vt 0.200372 0.138626
vt 0.200372 0.175435
vt 0.189603 0.139296
vt 0.184475 0.162720
vt 0.180372 0.145988
vt 0.222934 0.189490
vt 0.228063 0.249723
vt 0.209855 0.215925
vt 0.178321 0.209568
vt 0.160886 0.197521
vt 0.166527 0.156696
vt 0.141913 0.205552
vt 0.143451 0.156696
vt 0.116272 0.202875
vt 0.121401 0.161381
vt 0.093710 0.200198
vt 0.100590 0.167364
vt 0.080890 0.191498
vt 0.088374 0.179136
vt 0.122367 0.139688
vt 0.129820 0.137130
vt 0.140374 0.135280
vt 0.161912 0.124572
vt 0.142938 0.097132
vt 0.122489 0.117485
vt 0.124660 0.088903
vt 0.110365 0.108075
vt 0.147068 0.067191
vt 0.164658 0.066128
vt 0.188577 0.085085
vt 0.181247 0.043885
vt 0.198403 0.052740
vt 0.211653 0.083747
vt 0.241395 0.092447
vt 0.314213 0.309287
vt 0.301393 0.267793
vt 0.275753 0.273147
vt 0.252164 0.271139
vt 0.276266 0.306611
vt 0.247549 0.305272
vt 0.223448 0.300587
vt 0.190116 0.290548
vt 0.189575 0.226239
vt 0.162579 0.275430
vt 0.182424 0.329365
vt 0.152168 0.311295
vt 0.154389 0.292732
vt 0.223448 0.332712
vt 0.249600 0.334050
vt 0.275753 0.334050
vt 0.312675 0.334050
vt 0.008708 0.526465
vt 0.006031 0.508517
vt 0.006031 0.478262
vt 0.015400 0.465955
vt 0.006031 0.434161
vt 0.006031 0.401855
vt 0.275135 0.747375
vt 0.299290 0.739236
vt 0.309875 0.757737
vt 0.245095 0.699679
vt 0.253142 0.651897
vt 0.260630 0.715028
vt 0.380564 0.637678
vt 0.384125 0.655725
vt 0.373944 0.628971
vt 0.282974 0.631290
vt 0.373322 0.695280
vt 0.360162 0.747112
vt 0.192695 0.859151
vt 0.210795 0.761975
vt 0.249451 0.756428
vt 0.260035 0.766148
vt 0.142650 0.758726
vt 0.182562 0.760182
vt 0.587283 0.660287
vt 0.586409 0.654927
vt 0.607695 0.660819
vt 0.173245 0.544054
vt 0.180120 0.511128
vt 0.160565 0.490049
vt 0.188240 0.426525
vt 0.241270 0.402601
vt 0.006031 0.817222
vt 0.479575 0.672530
vt 0.496036 0.667187
vt 0.501220 0.682315
vt 0.394901 0.670329
vt 0.427791 0.676209
vt 0.429364 0.663189
vt 0.450318 0.666659
vt 0.444323 0.703211
vt 0.573901 0.719514
vt 0.571957 0.692687
vt 0.609703 0.717739
vt 0.537173 0.710815
vt 0.515433 0.704004
vt 0.534880 0.694309
vt 0.687337 0.674151
vt 0.681134 0.697257
vt 0.609034 0.691065
vt 0.691046 0.648138
vt 0.617863 0.644062
vt 0.440297 0.157724
vt 0.484788 0.132849
vt 0.493262 0.201849
vt 0.569361 0.207199
vt 0.398765 0.168874
vt 0.364861 0.170384
vt 0.322716 0.223397
vt 0.333003 0.217610
vt 0.851306 0.730559
vt 0.756940 0.706970
vt 0.767251 0.706870
vt 0.811912 0.748725
vt 0.787089 0.731472
vt 0.964883 0.583992
vt 0.977814 0.613024
vt 0.935705 0.546310
vt 0.905035 0.675987
vt 0.932286 0.680818
vt 0.890059 0.746228
vt 0.920781 0.755340
vt 0.926422 0.735161
vt 0.945530 0.733818
vt 0.924609 0.689547
vt 0.950957 0.709905
vt 0.471045 0.707479
vt 0.468489 0.670562
vt 0.459399 0.685272
vt 0.477931 0.691671
vt 0.496178 0.697972
vt 0.488003 0.615099
vt 0.541058 0.671606
vt 0.523697 0.678855
vt 0.514550 0.166161
vt 0.547669 0.171217
vt 0.582247 0.175616
vt 0.608223 0.127574
vt 0.629072 0.140969
vt 0.102097 0.093962
vt 0.333018 0.773546
vt 0.222495 0.731673
vt 0.357493 0.770777
vt 0.115424 0.746035
vt 0.129453 0.790392
vt 0.116458 0.798761
vt 0.128825 0.736149
vt 0.106763 0.714127
vt 0.152553 0.692227
vt 0.162769 0.731035
vt 0.198397 0.739175
vt 0.202270 0.734550
vt 0.214550 0.742362
vt 0.005361 0.728508
vt 0.063546 0.619301
vt 0.127685 0.649675
vt 0.088829 0.631274
vt 0.134527 0.657419
vt 0.151572 0.672200
vt 0.554188 0.659061
vt 0.499354 0.654021
vt 0.422431 0.653943
vt 0.576584 0.737777
vt 0.577776 0.747817
vt 0.731554 0.709770
vt 0.709399 0.695083
vt 0.952711 0.670724
vt 0.375728 0.158998
vt 0.392876 0.159327
vt 0.325309 0.206834
vt 0.566958 0.648078
vt 0.566871 0.659756
vt 0.607443 0.648182
vt 0.560125 0.631757
vt 0.925808 0.773725
vt 0.174205 0.716668
vt 0.699254 0.713261
vt 0.498615 0.626711
vt 0.585386 0.560051
vt 0.541890 0.329943
vt 0.658383 0.329943
vt 0.692818 0.330406
vt 0.760538 0.331316
vt 0.825057 0.334749
vt 0.821140 0.346712
vt 0.456760 0.331316
vt 0.368942 0.325823
vt 0.272164 0.331316
vt 0.665409 0.199428
vt 0.666096 0.261259
vt 0.635198 0.267532
vt 0.233714 0.606102
vt 0.242305 0.629345
vt 0.226232 0.644112
vt 0.204211 0.631831
vt 0.210907 0.669504
vt 0.185448 0.658388
vt 0.193320 0.713189
vt 0.166817 0.699148
vt 0.351601 0.668081
vt 0.343349 0.688263
vt 0.321921 0.679140
vt 0.349068 0.653659
vt 0.335221 0.720242
vt 0.316575 0.711343
vt 0.322263 0.732434
vt 0.365568 0.658300
vt 0.350047 0.688039
vt 0.281449 0.659943
vt 0.291781 0.645289
vt 0.301651 0.657653
vt 0.294486 0.667461
vt 0.361992 0.639270
vt 0.285163 0.704890
vt 0.293846 0.700496
vt 0.325392 0.742135
vt 0.319310 0.744703
vt 0.308726 0.735213
vt 0.340660 0.735687
vt 0.460812 0.611123
vt 0.470467 0.647449
vt 0.442801 0.641798
vt 0.443869 0.614876
vt 0.488003 0.615099
vt 0.490569 0.652022
vt 0.486925 0.658385
vt 0.449201 0.650244
vt 0.459239 0.658154
vt 0.469190 0.662375
vt 0.115424 0.746035
vt 0.138064 0.772609
vt 0.130649 0.781712
vt 0.128825 0.736149
vt 0.142217 0.758726
vt 0.118856 0.783680
vt 0.084298 0.775844
vt 0.498615 0.626711
vt 0.496974 0.653209
vt 0.491753 0.664347
vt 0.479575 0.669771
vt 0.468489 0.670562
vt 0.450318 0.666659
vt 0.438046 0.651711
vt 0.444978 0.660956
vt 0.434362 0.638642
vt 0.439635 0.619396
vt 0.205872 0.719838
vt 0.813686 0.621075
vt 0.849614 0.618720
vt 0.861345 0.633640
vt 0.815110 0.640559
vt 0.860404 0.655747
vt 0.873250 0.651382
vt 0.843025 0.697715
vt 0.867393 0.686462
vt 0.863955 0.699381
vt 0.813268 0.701080
vt 0.812589 0.736247
vt 0.902839 0.657229
vt 0.905035 0.675987
vt 0.888126 0.689024
vt 0.814616 0.671307
vt 0.872143 0.613725
vt 0.889834 0.602719
vt 0.896156 0.611796
vt 0.879582 0.622969
vt 0.853981 0.619330
vt 0.862544 0.623723
vt 0.852811 0.612995
vt 0.859425 0.597919
vt 0.883512 0.593643
vt 0.883512 0.593643
vt 0.895660 0.574858
vt 0.917511 0.599929
vt 0.899439 0.605531
vt 0.927589 0.592645
vt 0.875174 0.574551
vt 0.878003 0.554601
vt 0.921578 0.559284
vt 0.938979 0.584411
vt 0.888740 0.806453
vt 0.783511 0.704444
vt 0.800300 0.722807
vt 0.780597 0.682867
vt 0.775679 0.646460
vt 0.777757 0.623431
vt 0.903063 0.793772
vt 0.808859 0.814972
vt 0.812489 0.823889
vt 0.805528 0.809506
vt 0.787903 0.789495
vt 0.154606 0.644922
vt 0.178030 0.617230
vt 0.317192 0.116525
vt 0.345693 0.122943
vt 0.309403 0.154754
vt 0.343594 0.172036
vt 0.329152 0.170979
vt 0.288064 0.120394
vt 0.294158 0.151453
vt 0.275240 0.156803
vt 0.268064 0.134449
vt 0.252751 0.166324
vt 0.247552 0.154527
vt 0.249155 0.167412
vt 0.340416 0.211076
vt 0.363326 0.168884
vt 0.381951 0.197405
vt 0.323774 0.205334
vt 0.298832 0.175274
vt 0.331468 0.216110
vt 0.338318 0.236846
vt 0.374214 0.107009
vt 0.283961 0.183974
vt 0.257809 0.179289
vt 0.698354 0.713358
vt 0.731554 0.709770
vt 0.721137 0.724927
vt 0.696474 0.720577
vt 0.713032 0.736721
vt 0.697513 0.732947
vt 0.671810 0.716227
vt 0.676992 0.727958
vt 0.639162 0.717226
vt 0.671810 0.716227
vt 0.653137 0.728535
vt 0.639036 0.728281
vt 0.609703 0.717739
vt 0.625811 0.728132
vt 0.515999 0.625126
vt 0.552147 0.627999
vt 0.537000 0.655529
vt 0.556893 0.651417
vt 0.554188 0.659061
vt 0.541058 0.671606
vt 0.523697 0.678855
vt 0.498615 0.626711
vt 0.499354 0.654021
vt 0.496036 0.667187
vt 0.926295 0.735205
vt 0.934018 0.750678
vt 0.920781 0.755340
vt 0.887524 0.736151
vt 0.902716 0.749861
vt 0.945530 0.733818
vt 0.870662 0.346867
vt 0.922247 0.374164
vt 0.851573 0.372170
vt 0.870662 0.346867
vt 0.935885 0.347071
vt 0.935275 0.348283
vt 0.922247 0.374164
vt 0.891306 0.399053
vt 0.921029 0.402514
vt 0.960854 0.388484
vt 0.950752 0.405975
vt 0.969926 0.372777
vt 0.926263 0.444417
vt 0.918482 0.418561
vt 0.748240 0.414162
vt 0.749303 0.401618
vt 0.719966 0.385383
vt 0.751586 0.374677
vt 0.799362 0.395657
vt 0.775961 0.373256
vt 0.807263 0.381586
vt 0.774238 0.404563
vt 0.680133 0.376867
vt 0.813158 0.371087
vt 0.481169 0.129719
vt 0.511131 0.137795
vt 0.513015 0.164661
vt 0.482262 0.162360
vt 0.450945 0.198865
vt 0.491727 0.200349
vt 0.444883 0.179320
vt 0.407571 0.188972
vt 0.442211 0.233920
vt 0.522327 0.201461
vt 0.479987 0.256159
vt 0.514208 0.259601
vt 0.438314 0.249562
vt 0.432112 0.138141
vt 0.440198 0.164215
vt 0.413345 0.147202
vt 0.471249 0.131422
vt 0.391341 0.157827
vt 0.401187 0.176721
vt 0.354902 0.395517
vt 0.342668 0.372882
vt 0.389516 0.374677
vt 0.389105 0.378971
vt 0.316805 0.384661
vt 0.295820 0.371087
vt 0.621235 0.162791
vt 0.653017 0.216154
vt 0.601384 0.232161
vt 0.567826 0.205698
vt 0.550689 0.243260
vt 0.580712 0.174116
vt 0.561039 0.260141
vt 0.633663 0.266031
vt 0.614984 0.288809
vt 0.107758 0.515696
vt 0.069610 0.531080
vt 0.072957 0.479288
vt 0.103742 0.486979
vt 0.049532 0.510055
vt 0.036816 0.483390
vt 0.070626 0.532076
vt 0.050202 0.525952
vt 0.218752 0.442088
vt 0.205335 0.468944
vt 0.160565 0.490049
vt 0.188240 0.426525
vt 0.123633 0.542654
vt 0.156640 0.536196
vt 0.173063 0.510915
vt 0.143898 0.403906
vt 0.579727 0.290623
vt 0.490636 0.722663
vt 0.471905 0.724023
vt 0.473847 0.707877
vt 0.497923 0.711748
vt 0.454264 0.719409
vt 0.444323 0.703211
vt 0.392193 0.528003
vt 0.387658 0.500918
vt 0.962403 0.543387
vt 0.989904 0.570053
vt 0.457915 0.039281
vt 0.508828 0.039281
vt 0.507538 0.059653
vt 0.472446 0.048431
vt 0.965749 0.488518
vt 0.938006 0.457532
vt 0.983819 0.442879
vt 0.998474 0.467890
vt 0.998474 0.491331
vt 0.512666 0.139296
vt 0.485678 0.095223
vt 0.995098 0.609026
vt 0.430105 0.084361
vt 0.426422 0.111398
vt 0.375749 0.108509
vt 0.544332 0.128515
vt 0.532268 0.039281
vt 0.561272 0.039281
vt 0.571223 0.084368
vt 0.333187 0.039281
vt 0.348827 0.039281
vt 0.998474 0.666972
vt 0.992477 0.687322
vt 0.981523 0.659019
vt 0.975119 0.731072
vt 0.967757 0.762353
vt 0.234919 0.039281
vt 0.267235 0.039281
vt 0.266523 0.052961
vt 0.234216 0.050953
vt 0.225969 0.039281
vt 0.936791 0.784005
vt 0.965080 0.778249
vt 0.998474 0.774189
vt 0.975788 0.794659
vt 0.959726 0.794146
vt 0.942785 0.795660
vt 0.314600 0.039281
vt 0.324982 0.093116
vt 0.430105 0.039281
vt 0.988780 0.634852
vt 0.366926 0.039281
vt 0.390397 0.039281
vt 0.289794 0.039281
vt 0.587535 0.112525
vt 0.998474 0.765240
vt 0.998474 0.732923
vt 0.998474 0.710365
vt 0.998474 0.685559
vt 0.998474 0.651332
vt 0.998474 0.633232
vt 0.998474 0.609762
vt 0.998474 0.570053
vt 0.998474 0.542244
vt 0.998474 0.438887
vt 0.946927 0.325137
vt 0.935885 0.347071
vt 0.935275 0.348283
vt 0.950752 0.405975
vt 0.581658 0.039281
vt 0.998474 0.326914
vt 0.998474 0.371921
vt 0.969926 0.372777
vt 0.629072 0.071700
vt 0.628238 0.039281
vt 0.664663 0.090106
vt 0.998474 0.418501
vt 0.671589 0.093688
vt 0.673244 0.039281
vt 0.629072 0.071700
vt 0.593241 0.107856
vt 0.581971 0.073993
vt 0.586604 0.039281
vt 0.628256 0.039281
vt 0.608223 0.127574
vt 0.629072 0.140969
vt 0.664663 0.090106
vt 0.990199 0.372134
vt 0.995779 0.413167
vt 0.950752 0.405975
vt 0.969926 0.372777
vt 0.998474 0.371902
vt 0.998474 0.413554
vn 0.256674 0.966315 -0.018822
vn 0.256674 0.966315 -0.018822
vn 0.256674 0.966315 -0.018823
vn 0.256674 0.966315 -0.018823
vn 0.434442 0.414986 0.799404
vn 0.434442 0.414986 0.799404
vn 0.434442 0.414986 0.799404
vn -0.174590 0.984452 0.019322
vn -0.155778 0.987224 0.033495
vn -0.165327 0.985888 0.026312
vn -0.124973 0.990549 0.056523
vn 0.291225 0.956516 -0.016277
vn 0.292493 0.956128 -0.016321
vn 0.293925 0.955688 -0.016371
vn 0.294014 0.955661 -0.016374
vn -0.044089 0.988590 -0.144036
vn 0.011618 0.987195 -0.159093
vn 0.025098 0.986363 -0.162658
vn 0.058825 0.983436 -0.171445
vn 0.085159 0.984027 -0.156329
vn 0.135741 0.988702 -0.063587
vn 0.113119 0.987965 -0.105497
vn 0.155370 0.987497 -0.026630
vn -0.729843 0.351401 0.586385
vn -0.729843 0.351401 0.586385
vn -0.729843 0.351401 0.586385
vn -0.400221 0.361632 0.842048
vn -0.535477 0.591521 0.602799
vn -0.531613 0.584208 0.613260
vn -0.590382 0.709809 0.384214
vn -0.697535 0.666096 0.264123
vn -0.697535 0.666096 0.264123
vn -0.697535 0.666096 0.264123
vn -0.210607 0.810031 -0.547261
vn -0.181786 0.831939 -0.524243
vn -0.144117 0.857937 -0.493128
vn -0.117300 0.874683 -0.470287
vn -0.021384 0.858858 -0.511767
vn -0.019917 0.861694 -0.507038
vn -0.011608 0.877206 -0.479973
vn -0.006292 0.886640 -0.462418
vn 0.045856 0.880014 -0.472730
vn 0.076557 0.904991 -0.418485
vn 0.112646 0.929399 -0.351467
vn 0.146830 0.947340 -0.284584
vn -0.025837 0.957215 -0.288221
vn -0.023168 0.949855 -0.311833
vn -0.025542 0.956428 -0.290849
vn -0.022838 0.948905 -0.314734
vn 0.048341 0.954245 -0.295091
vn 0.064177 0.930040 -0.361811
vn 0.050025 0.951928 -0.302209
vn 0.065821 0.927210 -0.368712
vn -0.060711 0.919419 -0.388565
vn 0.129762 0.741993 -0.657730
vn 0.037281 0.843664 -0.535576
vn 0.153516 0.710878 -0.686356
vn 0.054337 0.697286 -0.714730
vn 0.078506 0.673688 -0.734834
vn 0.065650 0.686385 -0.724269
vn 0.084521 0.667634 -0.739676
vn -0.102115 0.616221 -0.780925
vn -0.111338 0.624729 -0.772863
vn -0.108036 0.621696 -0.775772
vn -0.121338 0.633823 -0.763902
vn 0.503039 0.747333 -0.434103
vn 0.494219 0.786361 -0.370655
vn 0.488147 0.806045 -0.334671
vn 0.477379 0.833160 -0.279202
vn 0.006119 0.999978 0.002636
vn 0.006119 0.999978 0.002636
vn 0.006119 0.999978 0.002636
vn -0.210054 0.977687 0.002349
vn -0.202277 0.976673 0.072072
vn -0.040036 0.948988 0.312761
vn -0.168923 0.967324 0.189077
vn 0.174358 0.811783 0.557322
vn -0.066824 0.895349 -0.440323
vn -0.071861 0.981929 -0.175076
vn -0.072307 0.996262 -0.047265
vn -0.072211 0.997343 -0.009664
vn -0.137562 0.985942 0.094843
vn -0.147524 0.957376 0.248331
vn -0.150310 0.940776 0.303886
vn -0.152316 0.923812 0.351241
vn 0.140920 0.988949 0.046064
vn 0.135199 0.989271 0.055364
vn 0.114720 0.989458 0.088392
vn 0.112562 0.989391 0.091849
vn 0.084726 0.989664 0.115703
vn 0.171153 0.982145 -0.078085
vn 0.199008 0.969404 -0.143705
vn 0.223913 0.953041 -0.203900
vn -0.064927 0.983255 -0.170278
vn -0.329266 0.944025 -0.020021
vn -0.582693 0.799404 0.146364
vn -0.630374 0.754826 0.181293
vn 0.627149 0.778897 -0.002000
vn 0.278798 0.959335 -0.044144
vn 0.539679 0.841757 -0.013821
vn 0.206007 0.977192 -0.051550
vn 0.561787 0.280405 0.778311
vn 0.561787 0.280405 0.778311
vn 0.561787 0.280405 0.778311
vn 0.309257 0.189171 0.931973
vn 0.258507 0.241368 0.935369
vn 0.277913 0.221726 0.934667
vn 0.200590 0.297782 0.933322
vn 0.113003 0.986250 0.120585
vn 0.113003 0.986250 0.120585
vn 0.113003 0.986250 0.120585
vn 0.112414 -0.041215 0.992806
vn 0.082604 0.028260 0.996182
vn 0.134321 0.065797 0.988751
vn -0.245126 -0.004624 0.969480
vn -0.068961 0.114564 0.991019
vn 0.195671 0.977379 0.080272
vn 0.503594 0.863703 -0.020257
vn 0.580700 0.812670 -0.048529
vn 0.620457 0.781645 -0.063754
vn 0.774113 0.323683 0.544040
vn 0.774113 0.323683 0.544040
vn 0.774113 0.323683 0.544040
vn -0.296836 0.456170 0.838926
vn -0.296836 0.456170 0.838926
vn -0.296836 0.456170 0.838926
vn -0.460909 -0.163911 0.872179
vn -0.460909 -0.163911 0.872179
vn -0.460909 -0.163911 0.872179
vn 0.003684 0.370322 0.928896
vn 0.046398 0.051796 0.997579
vn 0.065733 -0.108219 0.991952
vn 0.069377 -0.139724 0.987757
vn -0.494888 -0.011350 0.868882
vn -0.486345 -0.009700 0.873713
vn -0.457618 -0.004213 0.889139
vn -0.413707 0.004004 0.910401
vn -0.614396 0.788498 0.028079
vn -0.595209 0.793858 0.124565
vn -0.702800 0.702942 -0.109290
vn -0.741405 0.663084 -0.103142
vn -0.786056 0.233613 -0.572312
vn -0.174674 0.830630 0.528718
vn 0.163884 0.798533 0.579212
vn 0.568877 0.617938 0.542708
vn 0.811744 0.387090 0.437303
vn -0.685127 0.381863 0.620308
vn -0.708891 0.367205 0.602191
vn -0.699007 0.373411 0.609881
vn -0.709858 0.366590 0.601427
vn 0.717609 0.685630 0.122262
vn 0.679379 0.726014 0.106525
vn 0.604633 0.792752 0.077223
vn 0.350582 0.936450 -0.012402
vn 0.119462 0.972336 0.200726
vn 0.187914 0.925493 0.328864
vn 0.168053 0.941653 0.291629
vn 0.291982 0.799544 0.524858
vn 0.547494 0.809774 0.210990
vn 0.519002 0.840060 0.157909
vn 0.528078 0.831090 0.174423
vn 0.480966 0.871894 0.092044
vn 0.186204 0.907413 0.376736
vn 0.124245 0.958874 0.255193
vn 0.122211 0.960190 0.251198
vn -0.004109 0.999988 0.002695
vn -0.004067 0.999989 0.002343
vn -0.004333 0.999988 0.002242
vn -0.004304 0.999988 0.002252
vn -0.004682 0.999987 0.002108
vn -0.154888 0.904514 -0.397320
vn -0.302253 0.888785 -0.344535
vn -0.168085 0.904026 -0.393046
vn -0.415704 0.860076 -0.295737
vn -0.005363 0.999982 0.002693
vn -0.005363 0.999982 0.002693
vn -0.005363 0.999982 0.002693
vn -0.005363 0.999982 0.002693
vn 0.196171 0.976395 0.090382
vn 0.212450 0.974403 0.073512
vn 0.208367 0.974955 0.077759
vn 0.230534 0.971533 0.054577
vn -0.005363 0.999982 0.002693
vn -0.057921 0.997338 0.044294
vn -0.042467 0.998583 0.032061
vn -0.101993 0.991629 0.079183
vn -0.211264 0.965760 0.150586
vn -0.211264 0.965760 0.150586
vn -0.211264 0.965760 0.150586
vn -0.003586 0.999924 -0.011771
vn -0.003586 0.999924 -0.011771
vn -0.003586 0.999924 -0.011771
vn -0.678990 -0.015270 0.733988
vn -0.678990 -0.015270 0.733988
vn -0.678990 -0.015270 0.733988
vn -0.064143 0.455467 0.887939
vn -0.171431 0.548047 0.818692
vn -0.144866 0.526062 0.838017
vn -0.221097 0.587405 0.778506
vn -0.522581 -0.306007 0.795782
vn -0.522581 -0.306007 0.795782
vn -0.522581 -0.306007 0.795782
vn 0.401062 0.761342 0.509419
vn 0.401062 0.761342 0.509419
vn 0.401062 0.761342 0.509419
vn 0.096425 0.985003 0.143076
vn 0.097218 0.985884 0.136310
vn 0.097078 0.985732 0.137511
vn 0.099539 0.988221 0.116237
vn -0.395333 0.916490 -0.061307
vn -0.367710 0.929855 -0.012593
vn -0.356588 0.934240 0.006450
vn 0.360839 0.469657 0.805740
vn -0.104129 0.993818 0.038501
vn -0.269576 0.962630 -0.025932
vn -0.164693 0.986228 0.015213
vn -0.394842 0.915555 -0.076547
vn 0.656421 0.660456 0.364568
vn 0.438417 0.815917 0.376921
vn 0.428068 0.821430 0.376843
vn 0.242622 0.897831 0.367470
vn -0.461303 0.706482 0.536734
vn -0.461303 0.706482 0.536734
vn -0.461303 0.706482 0.536734
vn 0.220601 0.965540 -0.138087
vn 0.229000 0.962490 -0.145505
vn 0.348373 0.902900 -0.251810
vn 0.548685 0.713933 -0.435023
vn 0.686120 0.463539 0.560688
vn 0.734543 0.559261 0.384284
vn 0.743331 0.584506 0.325287
vn 0.713358 0.689143 -0.127285
vn 0.738657 0.368633 0.564354
vn 0.692802 0.606730 0.389748
vn 0.724313 0.490811 0.484226
vn 0.626336 0.738038 0.251004
vn 0.114602 0.946561 0.301478
vn -0.174002 0.984745 0.001011
vn 0.045146 0.971626 0.232175
vn -0.307327 0.939762 -0.149656
vn -0.003919 0.294736 0.955571
vn 0.019595 0.315388 0.948761
vn 0.029087 0.323637 0.945734
vn 0.039873 0.332951 0.942101
vn 0.350352 0.524923 0.775699
vn 0.350352 0.524923 0.775699
vn 0.350352 0.524924 0.775699
vn 0.626099 0.345237 0.699151
vn 0.708745 0.171583 0.684281
vn 0.731656 0.108699 0.672952
vn 0.748605 0.054419 0.660779
vn 0.765952 0.336430 0.547844
vn 0.762476 0.353235 0.542085
vn 0.721809 0.494050 0.484671
vn 0.712525 0.518263 0.472981
vn 0.722772 0.465187 0.511079
vn 0.657563 0.307950 0.687588
vn 0.694593 0.387532 0.606103
vn 0.634863 0.265327 0.725638
vn 0.488380 0.828935 -0.272678
vn 0.702449 0.417181 0.576649
vn 0.588977 0.803775 -0.083969
vn 0.636687 0.200592 0.744576
vn 0.123077 0.837539 0.532335
vn 0.394860 0.767013 0.505743
vn 0.356130 0.781485 0.512301
vn 0.727743 0.559177 0.397130
vn 0.842795 0.283646 0.457430
vn 0.680044 0.288491 0.674027
vn 0.647947 0.287239 0.705450
vn 0.022704 0.196874 0.980166
vn 0.006321 0.869940 0.493118
vn 0.375874 0.858570 0.348679
vn 0.565349 0.789575 0.238647
vn 0.647776 0.740306 0.179814
vn 0.727126 0.559062 0.398418
vn 0.747633 0.522990 0.409300
vn 0.742366 0.532584 0.406507
vn 0.759670 0.500116 0.415675
vn 0.559049 0.508646 0.654785
vn 0.559049 0.508646 0.654785
vn 0.559049 0.508646 0.654785
vn 0.613458 0.421427 0.667883
vn 0.654273 0.431668 0.620959
vn 0.638311 0.427790 0.639965
vn 0.748274 0.450250 0.487197
vn 0.422123 0.055718 0.904825
vn 0.424943 0.038492 0.904401
vn 0.335220 0.181763 0.924440
vn 0.382280 0.013246 0.923952
vn -0.030852 0.613233 0.789299
vn 0.586555 0.349887 0.730433
vn 0.133318 0.133090 0.982096
vn 0.336691 0.233199 0.912281
vn 0.028638 0.080140 0.996372
vn -0.797812 0.149131 0.584171
vn -0.753747 0.189804 0.629158
vn -0.715477 0.221550 0.662577
vn -0.621212 0.289244 0.728308
vn 0.443539 0.055047 0.894563
vn -0.000038 -0.166475 0.986046
vn -0.388817 -0.326099 0.861674
vn -0.476918 -0.357144 0.803117
vn -0.660366 0.018744 0.750710
vn -0.094820 0.182734 0.978579
vn -0.345852 0.120908 0.930467
vn 0.370143 0.260841 0.891603
vn -0.012326 0.991458 -0.129844
vn -0.012326 0.991458 -0.129844
vn -0.012326 0.991458 -0.129844
vn 0.218525 0.336717 0.915898
vn 0.218525 0.336717 0.915898
vn 0.218525 0.336717 0.915898
vn 0.888685 0.456004 -0.047949
vn 0.888977 0.454930 -0.052530
vn 0.884810 0.451885 0.113628
vn 0.894771 0.432924 -0.109367
vn 0.789522 0.403840 0.462135
vn 0.734195 0.636784 -0.235509
vn 0.822231 0.563550 -0.079673
vn 0.780587 0.604061 -0.160610
vn 0.901264 0.384581 0.199552
vn -0.005743 0.999978 0.003283
vn 0.069076 0.736725 0.672655
vn 0.084376 0.588257 0.804260
vn 0.108284 -0.160527 0.981074
vn 0.966501 -0.230157 0.113591
vn 0.965015 -0.230919 0.124188
vn 0.965754 -0.230551 0.119022
vn 0.964684 -0.231078 0.126445
vn 0.863972 -0.401497 0.303896
vn 0.866630 -0.397152 0.302030
vn 0.895097 -0.346858 0.280162
vn 0.958918 -0.191177 0.209590
vn -0.066493 0.624954 0.777825
vn -0.066493 0.624954 0.777825
vn -0.066493 0.624954 0.777825
vn 0.460263 0.785946 -0.412853
vn 0.622083 -0.578820 0.527238
vn 0.935149 0.353855 -0.016830
vn 0.037008 -0.829566 0.557181
vn 0.057577 -0.015702 0.998218
vn -0.093607 0.186317 0.978020
vn -0.124694 0.227357 0.965795
vn -0.157270 0.270173 0.949880
vn -0.156761 0.282511 0.946369
vn -0.156761 0.282511 0.946368
vn -0.156761 0.282511 0.946368
vn 0.449951 -0.018573 0.892860
vn 0.449951 -0.018573 0.892860
vn 0.449951 -0.018573 0.892860
vn 0.123382 -0.170995 0.977516
vn -0.017915 -0.024909 0.999529
vn -0.057142 0.015970 0.998238
vn -0.315883 0.289363 0.903597
vn 0.114403 0.346127 0.931186
vn 0.114403 0.346127 0.931187
vn 0.114403 0.346127 0.931186
vn 0.032638 0.402306 0.914924
vn 0.032638 0.402306 0.914924
vn 0.032638 0.402306 0.914923
vn -0.686285 0.391932 0.612700
vn -0.261580 0.459980 0.848525
vn -0.072669 0.456561 0.886719
vn -0.004329 0.451217 0.892404
vn -0.005370 0.690170 0.723627
vn -0.005370 0.690170 0.723627
vn -0.005370 0.690170 0.723627
vn -0.384839 0.270752 0.882379
vn -0.384839 0.270752 0.882379
vn -0.384839 0.270752 0.882379
vn -0.338980 0.809608 0.479194
vn 0.025700 0.873093 0.486875
vn 0.121504 0.870010 0.477829
vn 0.770783 0.579190 0.265392
vn -0.694863 -0.093457 0.713044
vn -0.113510 -0.285567 0.951613
vn 0.078325 -0.320966 0.943846
vn 0.492769 -0.354581 0.794639
vn -0.576240 0.494801 0.650476
vn -0.576240 0.494801 0.650476
vn -0.576240 0.494801 0.650476
vn -0.299949 0.423040 0.855025
vn -0.350339 0.399722 0.847045
vn -0.350002 0.399884 0.847108
vn -0.377750 0.386278 0.841483
vn -0.275590 0.961218 0.010526
vn -0.363183 0.931063 -0.034928
vn -0.309042 0.951025 -0.006640
vn -0.404847 0.912597 -0.057149
vn 0.457965 0.876005 -0.151275
vn 0.442250 0.885998 -0.139367
vn 0.385384 0.917641 -0.097033
vn 0.247745 0.968825 0.001172
vn -0.177137 0.984101 0.012909
vn -0.502889 0.770782 0.391149
vn -0.430230 0.851039 0.301056
vn -0.693901 0.205903 0.690004
vn 0.010393 0.221330 0.975144
vn 0.010393 0.221330 0.975144
vn 0.010393 0.221329 0.975144
vn -0.542098 0.544719 0.639852
vn -0.542098 0.544719 0.639852
vn -0.542098 0.544719 0.639852
vn -0.231956 0.662871 0.711898
vn -0.405237 0.435614 0.803756
vn -0.481965 0.300110 0.823191
vn -0.578164 0.072906 0.812657
vn -0.724687 0.012424 0.688966
vn -0.725672 0.032233 0.687285
vn -0.725116 0.020343 0.688327
vn -0.725529 0.150778 0.671472
vn 0.476008 -0.118360 0.871440
vn 0.476008 -0.118360 0.871440
vn 0.476008 -0.118360 0.871440
vn 0.140541 -0.469906 0.871456
vn 0.224809 -0.383564 0.895734
vn 0.196015 -0.414121 0.888865
vn 0.518412 0.009797 0.855075
vn -0.358096 0.444418 0.821133
vn -0.358096 0.444418 0.821133
vn -0.358096 0.444418 0.821133
vn 0.225371 -0.529332 0.817934
vn 0.225371 -0.529332 0.817934
vn 0.225371 -0.529332 0.817934
vn -0.005571 0.801179 0.598399
vn -0.005571 0.801179 0.598399
vn -0.005571 0.801179 0.598399
vn 0.395671 0.197749 0.896850
vn 0.432427 0.301570 0.849743
vn 0.404958 0.222782 0.886779
vn 0.460347 0.391809 0.796597
vn 0.298621 0.761571 0.575183
vn 0.323648 0.744766 0.583589
vn 0.378253 0.704710 0.600257
vn 0.405204 0.683119 0.607584
vn 0.528534 0.322770 0.785157
vn 0.462728 0.150515 0.873629
vn 0.485198 0.204569 0.850138
vn 0.409830 0.035653 0.911465
vn 0.469184 -0.233335 0.851716
vn 0.608445 -0.017303 0.793408
vn 0.547476 -0.120312 0.828127
vn 0.688785 0.154516 0.708308
vn 0.677616 0.232705 0.697629
vn 0.673108 0.214982 0.707608
vn 0.675939 0.225988 0.701453
vn 0.671304 0.208169 0.711349
vn 0.645333 0.337635 0.685236
vn 0.641080 0.341874 0.687123
vn 0.637573 0.345340 0.688651
vn 0.627238 0.355407 0.693007
vn 0.065437 0.194346 0.978748
vn 0.067461 0.065010 0.995602
vn 0.066007 0.164566 0.984155
vn 0.068073 -0.004685 0.997669
vn -0.068683 0.365386 0.928319
vn -0.126547 0.034007 0.991378
vn -0.092664 0.238868 0.966621
vn -0.149880 -0.132534 0.979781
vn -0.178767 -0.069376 0.981443
vn -0.064397 0.088242 0.994015
vn -0.142237 -0.018290 0.989664
vn 0.427343 0.684959 0.590093
vn 0.021280 -0.335751 0.941711
vn -0.069052 0.014130 0.997513
vn -0.108576 0.178910 0.977856
vn -0.140523 0.318618 0.937409
vn -0.143087 0.316470 0.937749
vn -0.030003 0.537513 0.842721
vn 0.071599 0.701155 0.709405
vn 0.131745 0.782260 0.608861
vn 0.304601 0.593176 0.745226
vn 0.273955 0.341986 0.898885
vn 0.273988 0.342191 0.898797
vn 0.268345 0.307920 0.912785
vn -0.068837 0.732263 0.677534
vn -0.222563 0.522953 0.822792
vn -0.198449 0.560865 0.803772
vn -0.288524 0.407767 0.866303
vn -0.267260 0.236477 0.934158
vn -0.302935 0.267467 0.914709
vn -0.300619 0.265456 0.916057
vn -0.318021 0.280569 0.905618
vn -0.820827 0.567234 0.066996
vn -0.820827 0.567234 0.066996
vn -0.820827 0.567234 0.066996
vn -0.359286 -0.686235 0.632452
vn -0.359286 -0.686235 0.632452
vn -0.359286 -0.686235 0.632452
vn 0.354624 0.047577 0.933798
vn 0.368285 0.073793 0.926780
vn 0.374076 0.085087 0.923486
vn 0.380435 0.097616 0.919642
vn -0.265505 -0.166786 0.949573
vn -0.293458 0.197388 0.935372
vn -0.282314 -0.008808 0.959282
vn -0.290436 0.426417 0.856630
vn -0.302915 -0.133724 0.943589
vn -0.302915 -0.133724 0.943589
vn -0.302915 -0.133724 0.943589
vn -0.305425 0.590554 0.746968
vn -0.223942 0.531719 0.816777
vn -0.262128 0.559981 0.785945
vn -0.012655 0.355912 0.934434
vn -0.366385 0.574625 0.731826
vn -0.440116 0.155445 0.884384
vn -0.431931 0.248534 0.866987
vn -0.439911 -0.141016 0.886901
vn 0.542676 0.132433 0.829436
vn 0.588030 0.099411 0.802707
vn 0.573881 0.109934 0.811527
vn 0.623523 0.072049 0.778478
vn 0.547273 -0.073559 0.833715
vn 0.542474 -0.068531 0.837273
vn 0.542615 -0.068678 0.837169
vn 0.537667 -0.063524 0.840761
vn 0.538364 -0.023039 0.842398
vn 0.375225 0.125543 0.918393
vn 0.398391 0.105930 0.911078
vn 0.133254 0.307856 0.942055
vn 0.128639 0.385402 0.913738
vn 0.099082 0.333479 0.937536
vn 0.108415 0.349946 0.930475
vn 0.082329 0.303761 0.949185
vn 0.206407 -0.056780 0.976817
vn 0.184353 -0.095565 0.978203
vn 0.191611 -0.082892 0.977964
vn 0.168838 -0.122358 0.978020
vn 0.190565 -0.298759 0.935109
vn 0.211027 -0.353279 0.911406
vn 0.249947 -0.459522 0.852271
vn 0.256689 -0.478322 0.839833
vn 0.373911 0.065654 0.925138
vn 0.493189 0.039274 0.869035
vn 0.423647 0.054979 0.904157
vn 0.529894 0.030583 0.847512
vn 0.481760 -0.428737 0.764259
vn 0.485676 -0.433458 0.759100
vn 0.486368 -0.434293 0.758179
vn 0.500827 -0.451819 0.738263
vn -0.075462 -0.221013 0.972347
vn -0.075462 -0.221013 0.972347
vn -0.075462 -0.221013 0.972347
vn -0.066672 -0.468668 0.880855
vn -0.066676 -0.468669 0.880854
vn -0.066677 -0.468669 0.880854
vn -0.066680 -0.468670 0.880853
vn -0.078129 -0.072524 0.994302
vn 0.096358 0.022191 0.995099
vn 0.186626 0.071665 0.979814
vn 0.251187 0.107259 0.961978
vn 0.233382 0.364976 0.901291
vn -0.025718 0.140089 0.989805
vn 0.008655 0.171107 0.985214
vn -0.212221 -0.034518 0.976612
vn -0.205897 0.274610 0.939253
vn -0.519180 0.044399 0.853511
vn -0.587991 -0.017287 0.808683
vn -0.660409 -0.089004 0.745613
vn -0.663009 0.028522 0.748068
vn -0.663009 0.028522 0.748068
vn -0.663009 0.028522 0.748068
vn -0.012142 0.200234 0.979673
vn -0.012142 0.200234 0.979673
vn -0.012142 0.200234 0.979673
vn 0.747926 0.083649 0.658491
vn 0.747926 0.083649 0.658491
vn 0.747926 0.083649 0.658491
vn 0.601804 0.095664 0.792894
vn 0.592816 -0.010744 0.805266
vn 0.594629 0.005469 0.803982
vn 0.555528 -0.217669 0.802502
vn -0.605296 0.320140 0.728785
vn -0.605296 0.320140 0.728785
vn -0.605296 0.320140 0.728785
vn -0.579381 0.287265 0.762756
vn -0.444290 0.357749 0.821354
vn -0.325510 0.408123 0.852924
vn -0.117640 0.475227 0.871963
vn -0.004711 0.999985 0.002693
vn -0.004711 0.999985 0.002693
vn -0.004711 0.999985 0.002693
vn -0.004711 0.999985 0.002693
vn -0.004711 0.999985 0.002693
vn -0.004711 0.999985 0.002693
vn -0.004711 0.999985 0.002693
vn -0.004711 0.999985 0.002693
vn 0.610800 0.734746 -0.295078
vn 0.325843 0.903891 -0.277141
vn 0.571346 0.766448 -0.293465
vn -0.226439 0.959373 -0.168315
vn -0.374951 0.923417 -0.081936
vn 0.455508 0.831888 0.316977
vn 0.366135 0.916721 0.159903
vn 0.414349 0.877295 0.242215
vn 0.156308 0.975447 -0.155150
vn 0.754193 0.596769 0.273968
vn 0.754194 0.596769 0.273968
vn 0.754193 0.596769 0.273968
vn 0.075895 0.978484 0.191857
vn 0.011337 0.999119 0.040401
vn 0.037768 0.994020 0.102455
vn -0.004711 0.999985 0.002693
vn 0.879736 0.343057 0.329207
vn 0.879735 0.343057 0.329207
vn 0.879736 0.343057 0.329207
vn 0.508106 0.832425 0.221129
vn 0.508106 0.832425 0.221129
vn 0.508106 0.832425 0.221129
vn -0.020502 0.999723 0.011536
vn -0.053936 0.998096 -0.029914
vn -0.025801 0.999655 0.004974
vn -0.064917 0.996940 -0.043552
vn 0.309167 0.932820 0.185103
vn 0.309167 0.932820 0.185103
vn 0.309167 0.932820 0.185103
vn 0.262519 -0.084736 0.961199
vn 0.215415 0.149558 0.965002
vn 0.167788 0.334749 0.927249
vn 0.162137 0.354424 0.920921
vn 0.276239 0.959164 0.060802
vn 0.103394 0.991844 0.074533
vn -0.047881 0.998493 0.026819
vn -0.096890 0.992952 0.068262
vn -0.010439 0.987659 0.156270
vn -0.026394 0.055294 0.998121
vn -0.027761 0.039525 0.998833
vn -0.026471 0.054410 0.998168
vn -0.027825 0.038785 0.998860
vn 0.095124 0.036560 0.994794
vn 0.115158 0.213534 0.970125
vn 0.097315 0.054724 0.993748
vn 0.116280 0.224304 0.967557
vn 0.012032 0.545012 0.838342
vn -0.123895 0.332100 0.935072
vn -0.029057 0.484746 0.874172
vn -0.197697 0.199235 0.959803
vn -0.387416 0.190135 0.902085
vn -0.388334 0.211787 0.896852
vn -0.385916 0.436782 0.812583
vn -0.382785 0.478523 0.790248
vn -0.031429 0.997306 -0.066276
vn 0.014406 0.996280 -0.084969
vn 0.026680 0.995590 -0.089941
vn 0.097102 0.988231 -0.118202
vn -0.104823 0.955736 -0.274921
vn -0.105028 0.955708 -0.274938
vn -0.106604 0.955496 -0.275070
vn -0.108436 0.955246 -0.275221
vn -0.006532 0.999973 0.003289
vn -0.006532 0.999973 0.003289
vn -0.006532 0.999973 0.003289
vn 0.309275 0.947492 0.081288
vn 0.309275 0.947492 0.081288
vn 0.309275 0.947492 0.081288
vn -0.799844 0.219599 0.558593
vn -0.817036 0.193854 0.543022
vn -0.819079 0.190678 0.541066
vn -0.842149 0.152792 0.517147
vn 0.005535 -0.010754 0.999927
vn 0.005535 -0.010754 0.999927
vn 0.005535 -0.010754 0.999927
vn -0.372160 0.323952 0.869800
vn -0.372160 0.323952 0.869800
vn -0.372160 0.323952 0.869800
vn 0.545559 0.281123 0.789516
vn 0.569970 0.226956 0.789700
vn 0.589083 0.180422 0.787673
vn 0.614450 0.111235 0.781075
vn 0.503219 -0.138564 0.852977
vn 0.459742 -0.069965 0.885292
vn 0.478284 -0.098612 0.872651
vn 0.389328 0.032010 0.920543
vn 0.551801 0.754909 0.354441
vn 0.641393 0.647649 0.411298
vn 0.752101 0.450152 0.481359
vn 0.837857 0.108190 0.535061
vn 0.802643 -0.002944 0.596453
vn 0.802643 -0.002944 0.596453
vn 0.802643 -0.002944 0.596453
vn -0.922408 0.299230 0.244183
vn -0.284450 0.878767 0.383219
vn -0.539533 0.751392 0.379886
vn 0.130585 0.925468 0.355608
vn 0.087719 0.936438 0.339690
vn -0.929235 0.148373 0.338390
vn -0.929235 0.148373 0.338390
vn -0.929235 0.148373 0.338390
vn -0.954723 0.060693 0.291239
vn -0.954723 0.060693 0.291239
vn -0.954723 0.060693 0.291239
vn -0.956837 0.083734 0.278303
vn -0.967405 0.015553 0.252757
vn -0.964075 0.040999 0.262447
vn -0.971581 -0.030539 0.234730
vn -0.603440 0.797374 -0.007461
vn -0.603440 0.797374 -0.007461
vn -0.603440 0.797374 -0.007461
vn -0.023796 0.125552 0.991802
vn -0.113961 0.157469 0.980926
vn -0.097583 0.151752 0.983590
vn -0.163894 0.174672 0.970891
vn 0.084558 0.250529 0.964409
vn 0.026479 0.143457 0.989302
vn 0.040392 0.169240 0.984747
vn -0.078343 -0.053450 0.995493
vn 0.055181 0.702047 0.709989
vn -0.432116 0.851554 0.296870
vn -0.214694 0.826807 0.519901
vn -0.466659 0.847232 0.253824
vn 0.119608 0.979073 -0.164649
vn -0.117941 0.980370 0.158003
vn -0.066107 0.993963 0.087568
vn -0.224593 0.926152 0.302987
vn -0.182482 0.898129 0.400082
vn -0.158206 0.919583 0.359637
vn -0.172762 0.907061 0.383918
vn -0.120992 0.947132 0.297155
vn 0.175495 0.981461 0.077042
vn 0.139920 0.980668 0.136798
vn 0.162365 0.981721 0.099306
vn 0.120166 0.978226 0.169217
vn 0.250996 0.923372 -0.290491
vn 0.077419 0.959533 -0.270745
vn -0.044742 0.966707 -0.251942
vn -0.266532 0.941232 -0.207468
vn 0.006331 0.821213 0.570587
vn -0.066981 0.978124 0.196943
vn -0.057067 0.970973 0.232282
vn -0.048740 0.995264 0.084110
vn -0.075351 0.995798 0.052048
vn -0.795974 0.428101 0.427966
vn -0.795974 0.428101 0.427966
vn -0.795974 0.428101 0.427966
vn 0.491475 0.833895 0.251139
vn 0.477224 0.830724 0.286628
vn 0.487652 0.833151 0.260874
vn 0.468151 0.828178 0.308148
vn -0.015363 0.987102 0.159357
vn -0.044704 0.972733 0.227579
vn -0.021112 0.984734 0.172779
vn -0.056364 0.965431 0.254492
vn -0.115227 0.950337 -0.289108
vn -0.115227 0.950337 -0.289108
vn -0.115227 0.950337 -0.289108
vn 0.068530 0.960384 -0.270122
vn 0.056621 0.956859 -0.284982
vn 0.056538 0.956833 -0.285086
vn 0.046156 0.953471 -0.297932
vn -0.256788 0.910261 0.324786
vn -0.157312 0.968549 0.192787
vn -0.097000 0.928915 0.357362
vn 0.223473 0.926728 -0.302053
vn -0.011529 0.977229 0.211874
vn 0.409440 0.820927 0.398043
vn 0.017727 0.998335 -0.054895
vn -0.018049 0.995124 -0.096970
vn 0.010086 0.997905 -0.063901
vn -0.109949 0.972781 -0.203979
vn -0.287721 0.664876 0.689316
vn -0.287721 0.664876 0.689316
vn -0.287721 0.664876 0.689316
vn -0.447687 0.643643 0.620725
vn -0.449715 0.638270 0.624794
vn -0.484320 0.528899 0.696921
vn -0.496571 0.478432 0.724238
vn 0.041776 0.980604 -0.191494
vn -0.063732 0.992200 -0.107137
vn -0.074266 0.992357 -0.098554
vn -0.177456 0.984044 -0.012897
vn 0.085730 0.993830 -0.070380
vn 0.041638 0.998539 -0.034427
vn 0.036401 0.998882 -0.030157
vn 0.001430 0.999998 -0.001640
vn 0.105291 0.994108 -0.025755
vn 0.043190 0.996600 -0.070162
vn 0.074238 0.996083 -0.048034
vn 0.034919 0.996494 -0.076032
vn -0.098234 0.972088 -0.213061
vn -0.098234 0.972088 -0.213061
vn -0.098234 0.972088 -0.213061
vn 0.050563 0.989130 -0.138076
vn 0.050563 0.989130 -0.138076
vn 0.050563 0.989130 -0.138076
vn 0.042752 0.995447 0.085193
vn -0.027663 0.995692 0.088504
vn -0.188266 0.977569 0.094419
vn -0.405100 0.908947 0.098538
vn 0.078149 0.981168 -0.176639
vn -0.061413 0.982143 -0.177829
vn -0.144861 0.973514 -0.176877
vn -0.177745 0.968182 -0.176153
vn 0.201128 0.979550 -0.005468
vn 0.009523 0.983380 -0.181309
vn 0.183000 0.982852 -0.022673
vn -0.052965 0.970334 -0.235894
vn -0.381829 0.726811 -0.570922
vn -0.287812 0.770587 -0.568648
vn -0.269430 0.778033 -0.567513
vn -0.198350 0.803613 -0.561127
vn 0.467011 0.484330 0.739814
vn 0.467011 0.484330 0.739814
vn 0.467011 0.484330 0.739814
vn -0.208602 0.976084 -0.061203
vn -0.128467 0.963158 0.236269
vn -0.147219 0.973940 0.172530
vn -0.093235 0.932726 0.348325
vn 0.129508 -0.258734 0.957228
vn 0.130376 -0.251192 0.959117
vn 0.132023 -0.236627 0.962589
vn 0.132597 -0.231478 0.963761
vn 0.351518 0.074767 0.933191
vn 0.311924 0.451421 0.836016
vn 0.306248 0.480855 0.821578
vn -0.006537 0.999973 0.003282
vn -0.725242 -0.240263 0.645212
vn -0.712060 0.078622 0.697703
vn -0.729025 -0.106372 0.676171
vn -0.650328 0.321601 0.688219
vn -0.453856 -0.175768 0.873568
vn -0.361567 0.029332 0.931885
vn -0.354961 0.042475 0.933916
vn -0.238517 0.251399 0.938034
vn -0.006538 0.999973 0.003283
vn -0.006538 0.999973 0.003283
vn -0.006538 0.999973 0.003283
vn -0.006538 0.999973 0.003283
vn -0.656495 0.358163 0.663878
vn -0.702499 0.006013 0.711660
vn -0.695366 -0.139830 0.704921
vn -0.006537 0.999973 0.003283
vn -0.006537 0.999973 0.003283
vn -0.006537 0.999973 0.003283
vn -0.006537 0.999973 0.003283
vn -0.398873 0.576313 0.713276
vn -0.193253 0.107475 0.975245
vn -0.247133 0.220229 0.943623
vn -0.107755 -0.062388 0.992218
vn 0.255395 0.351800 0.900561
vn 0.256064 0.358545 0.897706
vn 0.258460 0.383745 0.886532
vn 0.260074 0.401839 0.878002
vn 0.107442 0.105995 0.988545
vn 0.104335 0.118115 0.987503
vn 0.098672 0.139995 0.985223
vn 0.080436 0.208686 0.974669
vn -0.496089 0.658283 0.566179
vn -0.461683 0.742746 0.484950
vn -0.430868 0.799638 0.418248
vn -0.392678 0.854236 0.340712
vn -0.102095 0.782857 0.613769
vn -0.102095 0.782857 0.613769
vn -0.102095 0.782857 0.613769
vn -0.156732 0.004343 0.987632
vn -0.130249 -0.012309 0.991405
vn -0.127982 -0.013730 0.991681
vn -0.103190 -0.029227 0.994232
vn -0.213746 0.413858 0.884892
vn -0.005686 0.242856 0.970046
vn 0.108617 0.140883 0.984050
vn 0.239375 0.017055 0.970777
vn -0.054275 -0.105201 0.992969
vn -0.054275 -0.105201 0.992969
vn -0.054275 -0.105201 0.992969
vn 0.206881 0.443724 0.871957
vn 0.087719 0.269921 0.958879
vn 0.141088 0.348681 0.926561
vn 0.009829 0.152505 0.988254
vn 0.007953 0.351236 0.936253
vn 0.098278 0.249456 0.963386
vn 0.140261 0.199742 0.969758
vn 0.245409 0.068023 0.967030
vn 0.246280 -0.074632 0.966321
vn 0.249199 -0.077016 0.965385
vn 0.249450 -0.077222 0.965304
vn 0.252864 -0.080014 0.964188
vn 0.253216 -0.028445 0.966991
vn 0.321416 -0.112276 0.940258
vn 0.358722 -0.159713 0.919679
vn 0.514389 -0.374140 0.771637
vn -0.467937 -0.234962 0.851955
vn -0.472757 -0.222676 0.852594
vn -0.468819 -0.232733 0.852082
vn -0.484517 -0.191594 0.853543
vn -0.633628 0.020415 0.773368
vn -0.399110 0.324553 0.857541
vn -0.338896 0.385157 0.858373
vn 0.307941 0.773040 0.554601
vn -0.723029 0.315269 0.614683
vn -0.313808 -0.022621 0.949217
vn -0.495468 0.113238 0.861213
vn 0.027913 -0.244202 0.969323
vn -0.403583 -0.234701 0.884328
vn -0.562326 0.255617 0.786416
vn -0.485859 -0.032654 0.873427
vn -0.526396 0.789711 0.315062
vn 0.253675 -0.330259 0.909163
vn 0.253675 -0.330259 0.909163
vn 0.253675 -0.330259 0.909163
vn -0.299487 -0.097693 0.949086
vn -0.299487 -0.097693 0.949086
vn -0.299487 -0.097693 0.949086
vn 0.447905 -0.097245 0.888777
vn 0.447905 -0.097245 0.888777
vn 0.447905 -0.097245 0.888777
vn 0.322577 0.189196 0.927442
vn 0.210438 0.205991 0.955659
vn 0.204692 0.206766 0.956739
vn 0.029619 0.226570 0.973544
vn 0.217750 0.104669 0.970376
vn 0.188564 0.021861 0.981817
vn 0.177664 -0.008080 0.984058
vn 0.147449 -0.088556 0.985097
vn 0.425547 0.628489 0.651084
vn 0.425547 0.628489 0.651084
vn 0.425547 0.628489 0.651084
vn -0.306362 0.348114 0.885979
vn -0.215039 0.127779 0.968210
vn -0.194139 0.080507 0.977665
vn -0.130238 -0.058373 0.989763
vn -0.729073 0.054996 0.682223
vn -0.729073 0.054996 0.682223
vn -0.729073 0.054996 0.682223
vn -0.479705 0.385342 0.788286
vn -0.293101 0.480415 0.826616
vn -0.305220 0.475081 0.825311
vn -0.281118 0.485583 0.827758
vn -0.284226 0.414712 0.864424
vn -0.284226 0.414712 0.864424
vn -0.284226 0.414712 0.864424
vn -0.092127 0.789154 0.607246
vn -0.157307 0.741089 0.652718
vn -0.121426 0.768464 0.628266
vn -0.682863 -0.117347 0.721060
vn 0.360176 -0.080269 0.929425
vn 0.233162 0.024905 0.972119
vn 0.243843 0.016298 0.969678
vn -0.295980 0.404036 0.865535
vn -0.240932 0.251040 0.937513
vn -0.181879 0.315463 0.931345
vn -0.164827 0.333344 0.928285
vn -0.048397 0.447361 0.893043
vn -0.038324 0.556679 0.829843
vn -0.038324 0.556679 0.829843
vn -0.038324 0.556679 0.829843
vn -0.668196 0.146377 0.729444
vn -0.271181 -0.053660 0.961031
vn -0.500945 0.055872 0.863674
vn 0.008382 -0.170910 0.985251
vn 0.078595 0.528116 0.845527
vn 0.119317 0.494008 0.861231
vn 0.117300 0.495741 0.860513
vn 0.164415 0.454077 0.875661
vn 0.188438 0.158630 0.969189
vn -0.068078 0.305451 0.949771
vn -0.073467 0.308282 0.948454
vn -0.291799 0.413825 0.862324
vn -0.274658 0.321429 0.906227
vn -0.622122 0.462721 0.631549
vn -0.669181 0.477236 0.569599
vn -0.769406 0.500530 0.396843
vn -0.377603 -0.158012 0.912386
vn -0.377603 -0.158012 0.912386
vn -0.377603 -0.158012 0.912386
vn 0.327956 -0.187723 0.925854
vn -0.251503 -0.247582 0.935655
vn 0.246090 -0.198751 0.948651
vn -0.588230 -0.228272 0.775807
vn -0.384919 -0.162447 0.908542
vn -0.075229 0.380958 0.921527
vn 0.143316 0.543137 0.827322
vn 0.197190 0.577338 0.792337
vn 0.258503 0.613249 0.746392
vn -0.079040 0.074807 0.994061
vn -0.186100 0.120107 0.975162
vn -0.136461 0.099175 0.985669
vn -0.259565 0.150850 0.953871
vn -0.226593 0.518267 0.824654
vn -0.109660 0.457717 0.882310
vn -0.159722 0.484656 0.859999
vn -0.035142 0.414905 0.909186
vn -0.035927 0.310413 0.949923
vn 0.024368 0.292032 0.956098
vn -0.015751 0.304396 0.952415
vn 0.047332 0.284714 0.957443
vn 0.042256 0.468105 0.882662
vn 0.042256 0.468105 0.882662
vn 0.042256 0.468105 0.882662
vn 0.249655 0.965326 -0.076282
vn 0.381273 0.808639 -0.448035
vn 0.381893 0.807169 -0.450152
vn 0.404558 0.743548 -0.532418
vn 0.171089 0.897844 -0.405715
vn 0.171089 0.897844 -0.405715
vn 0.171089 0.897844 -0.405715
vn 0.868307 0.494868 -0.033887
vn 0.868307 0.494868 -0.033887
vn 0.868307 0.494868 -0.033887
vn -0.004711 0.999985 0.002693
vn -0.004711 0.999985 0.002693
vn -0.004711 0.999985 0.002693
vn -0.004711 0.999985 0.002693
vn 0.194711 0.293987 0.935767
vn 0.194711 0.293987 0.935767
vn 0.194711 0.293987 0.935767
vn -0.004711 0.999985 0.002693
vn -0.004711 0.999985 0.002693
vn -0.004711 0.999985 0.002693
vn -0.004711 0.999985 0.002693
vn -0.004711 0.999985 0.002693
vn -0.004711 0.999985 0.002693
vn -0.004711 0.999985 0.002693
vn 0.339372 0.745348 -0.573832
vn 0.061857 0.988383 0.138827
vn -0.375344 0.792087 0.481368
vn -0.595664 0.701337 0.391549
vn -0.478393 0.672175 0.565085
vn 0.661705 0.610431 -0.435338
vn 0.661705 0.610431 -0.435338
vn 0.661705 0.610431 -0.435338
vn -0.500366 0.839516 0.211770
vn -0.500366 0.839516 0.211770
vn -0.500366 0.839516 0.211770
vn -0.262309 0.241780 0.934204
vn -0.262309 0.241780 0.934204
vn -0.262309 0.241780 0.934204
vn 0.249554 0.915339 0.316035
vn 0.249554 0.915339 0.316035
vn 0.249554 0.915338 0.316035
vn 0.012778 0.997308 -0.072205
vn -0.104684 0.915248 0.389054
vn -0.176007 0.718960 0.672397
vn -0.208429 0.558660 0.802780
vn -0.133987 0.990910 -0.012011
vn -0.100343 0.914090 0.392900
vn -0.207983 0.586748 0.782605
vn 0.074381 0.632013 0.771380
vn 0.004221 0.551560 0.834125
vn 0.530348 0.727754 0.434862
vn 0.174363 0.912678 0.369617
vn 0.300182 0.866381 0.399093
vn -0.064167 0.952529 0.297608
vn 0.339588 -0.012362 0.940493
vn 0.460529 -0.123035 0.879076
vn 0.429604 -0.093838 0.898129
vn 0.483371 -0.145054 0.863314
vn -0.800348 0.485246 0.352106
vn -0.770030 0.473411 0.427709
vn -0.646413 0.417969 0.638320
vn 0.098516 0.016700 0.994995
vn -0.345136 0.178363 0.921449
vn -0.230775 0.381699 0.895013
vn -0.230757 0.381728 0.895006
vn -0.210903 0.412894 0.886024
vn 0.675594 0.733729 -0.072206
vn 0.721956 0.691196 0.032050
vn 0.796598 0.478060 0.369986
vn 0.638101 -0.019629 0.769703
vn -0.724675 0.224412 0.651525
vn -0.707755 0.254108 0.659176
vn -0.686761 0.288606 0.667132
vn -0.552588 0.466918 0.690386
vn 0.859666 0.496060 0.122063
vn 0.907869 0.383820 0.168689
vn 0.865421 0.484668 0.127059
vn 0.939494 0.270143 0.210651
vn -0.090134 0.928092 0.361276
vn -0.090134 0.928093 0.361276
vn -0.090134 0.928092 0.361276
vn 0.178215 0.633055 0.753313
vn 0.178215 0.633055 0.753313
vn 0.178215 0.633055 0.753313
vn 0.438484 0.016550 0.898587
vn 0.438484 0.016550 0.898587
vn 0.438484 0.016550 0.898587
vn -0.283146 0.892847 0.350218
vn -0.571927 0.493049 0.655593
vn -0.402252 0.780684 0.478253
vn -0.588392 0.449409 0.672180
vn -0.073841 -0.019562 0.997078
vn -0.111619 -0.083130 0.990268
vn -0.095395 -0.055760 0.993877
vn -0.131792 -0.117316 0.984311
vn -0.039970 -0.366126 0.929707
vn -0.039970 -0.366126 0.929707
vn -0.039970 -0.366126 0.929707
vn 0.493715 0.848112 0.192227
vn 0.044777 0.822428 0.567104
vn 0.371002 0.872532 0.317877
vn -0.260425 0.653763 0.710474
vn -0.058932 0.955298 0.289711
vn 0.398864 0.916961 -0.009509
vn 0.266326 0.960076 0.085581
vn 0.565558 0.812317 -0.142431
vn 0.326969 0.928266 -0.177237
vn 0.552295 0.816502 -0.168212
vn 0.519895 0.837084 -0.170297
vn 0.569352 0.804955 -0.166990
vn -0.108082 0.895938 -0.430828
vn -0.118332 0.901657 -0.415948
vn -0.213496 0.939694 -0.267197
vn -0.261810 0.947498 -0.183583
vn -0.005363 0.999982 0.002693
vn -0.005363 0.999982 0.002693
vn -0.005363 0.999982 0.002693
vn 0.199350 0.365415 0.909248
vn 0.213844 0.466427 0.858322
vn 0.213875 0.466652 0.858192
vn 0.226356 0.568554 0.790892
vn 0.451570 0.850901 0.268426
vn 0.451570 0.850901 0.268426
vn 0.451570 0.850901 0.268426
vn -0.332510 0.872950 0.356924
vn -0.332510 0.872950 0.356924
vn -0.332510 0.872950 0.356924
vn 0.472137 -0.146473 0.869271
vn 0.565131 -0.080403 0.821074
vn 0.673235 0.007502 0.739390
vn 0.735132 0.065566 0.674746
vn -0.556289 -0.012148 0.830900
vn -0.556289 -0.012148 0.830900
vn -0.556289 -0.012148 0.830900
vn -0.543651 0.622872 0.562561
vn -0.543651 0.622872 0.562561
vn -0.543651 0.622872 0.562561
vn 0.045486 0.996832 0.065242
vn 0.037046 0.996396 0.076304
vn 0.034760 0.996245 0.079296
vn -0.006750 0.991050 0.133319
vn -0.217737 0.964857 0.147110
vn -0.212961 0.965528 0.149676
vn -0.215731 0.965143 0.148189
vn -0.211264 0.965760 0.150586
vn -0.035786 0.987597 0.152876
vn -0.035786 0.987597 0.152876
vn -0.035786 0.987597 0.152876
vn 0.454951 0.239368 0.857743
vn 0.454951 0.239368 0.857743
vn 0.454951 0.239368 0.857743
vn -0.238310 0.076982 0.968133
vn -0.553346 0.201850 0.808125
vn -0.454441 0.162367 0.875854
vn -0.711161 0.265638 0.650912
vn -0.021618 0.141857 0.989651
vn 0.022382 0.224794 0.974149
vn 0.033261 0.245046 0.968941
vn 0.069231 0.311271 0.947796
vn 0.123569 0.991905 0.029260
vn 0.103233 0.993086 0.055887
vn 0.090743 0.993258 0.072135
vn 0.078113 0.993010 0.088485
vn -0.121261 0.198095 0.972653
vn 0.002582 0.720441 0.693511
vn -0.067149 0.542656 0.837267
vn 0.117038 0.990873 0.066886
vn 0.275649 0.959174 -0.063271
vn 0.318638 0.944336 -0.081848
vn -0.351631 0.898530 -0.262676
vn -0.275443 0.945933 -0.171295
vn -0.333475 0.911526 -0.240657
vn 0.496691 0.590770 0.635838
vn -0.673687 -0.016321 0.738836
vn -0.655139 -0.000727 0.755508
vn -0.621902 0.026103 0.782660
vn -0.566485 0.068105 0.821253
vn -0.403501 0.389595 0.827891
vn -0.497953 0.431886 0.752009
vn -0.466076 0.418004 0.779773
vn -0.550946 0.453952 0.700276
vn 0.046388 0.186449 0.981369
vn 0.020805 0.162405 0.986505
vn 0.019282 0.160967 0.986771
vn -0.012786 0.130561 0.991358
vn 0.307881 0.530590 0.789737
vn -0.148363 0.820808 0.551600
vn -0.178183 0.830397 0.527913
vn -0.391517 0.860741 0.325330
vn -0.524188 0.555388 0.645578
vn -0.524188 0.555388 0.645578
vn -0.524188 0.555388 0.645578
vn -0.011218 0.999812 0.015815
vn 0.101471 0.993638 -0.048854
vn 0.083651 0.995747 -0.038617
vn 0.152695 0.985166 -0.078303
vn 0.000745 0.999957 0.009286
vn 0.000745 0.999957 0.009286
vn 0.000745 0.999957 0.009286
vn 0.117830 0.916603 -0.382041
vn 0.117831 0.916603 -0.382041
vn 0.117830 0.916603 -0.382041
vn -0.401590 0.887036 -0.227798
vn -0.383322 0.893560 -0.233698
vn -0.345253 0.905823 -0.245529
vn -0.311642 0.915211 -0.255476
vn 0.009718 0.556068 0.831080
vn -0.138611 0.714511 0.685756
vn -0.118826 0.695670 0.708466
vn -0.182821 0.753885 0.631057
vn -0.674681 0.219640 0.704673
vn -0.686189 0.205875 0.697682
vn -0.705173 0.182294 0.685201
vn -0.733845 0.144336 0.663807
vn -0.006537 0.999973 0.003283
vn 0.345169 0.312348 0.885041
vn 0.242697 0.735492 0.632574
vn 0.361552 0.130785 0.923134
vn -0.699129 0.474895 0.534503
vn -0.699129 0.474895 0.534503
vn -0.699129 0.474895 0.534503
vn 0.131124 0.949621 0.284650
vn 0.164050 0.940897 0.296312
vn 0.184581 0.934806 0.303426
vn 0.206320 0.927804 0.310825
vn 0.195131 0.950241 0.242829
vn 0.195131 0.950241 0.242829
vn 0.195131 0.950241 0.242829
vn -0.369863 0.765135 0.527038
vn -0.700594 0.655502 0.281933
vn -0.609778 0.703380 0.365277
vn -0.915258 0.400566 -0.043006
vn -0.774131 0.109436 0.623494
vn -0.774131 0.109436 0.623494
vn -0.774131 0.109436 0.623494
vn 0.445408 0.406798 0.797576
vn 0.445408 0.406798 0.797576
vn 0.445408 0.406798 0.797576
vn -0.009532 -0.137072 0.990515
vn -0.009719 -0.137047 0.990517
vn -0.009586 -0.137065 0.990516
vn -0.009808 -0.137035 0.990518
vn -0.129304 0.991599 -0.003414
vn -0.129304 0.991599 -0.003414
vn -0.129304 0.991599 -0.003414
vn 0.076449 0.990459 0.114663
vn -0.273788 0.948167 0.161307
vn -0.595554 0.781045 0.187840
vn -0.811166 0.552806 0.190828
vn -0.350843 0.825582 0.441954
vn -0.415133 0.829391 0.373865
vn -0.400622 0.829159 0.389869
vn -0.765963 0.271306 -0.582832
vn 0.601399 0.487927 0.632651
vn 0.453813 0.491999 0.742960
vn 0.182969 0.463038 0.867247
vn -0.252229 0.341232 0.905506
vn 0.177803 0.975649 0.128431
vn 0.205080 0.971324 0.120299
vn 0.225923 0.967454 0.113984
vn 0.274130 0.956580 0.099030
vn 0.644754 0.724164 0.244703
vn 0.387920 0.887768 -0.247764
vn 0.414311 0.908013 -0.062120
vn 0.112247 0.912833 -0.392603
vn -0.211915 0.903422 -0.372720
vn -0.867548 0.496249 0.033113
vn -0.949231 0.285886 -0.131262
vn -0.947470 0.294335 -0.125169
vn -0.952506 0.268488 -0.143693
vn -0.433862 0.891620 0.129525
vn -0.371022 0.917952 0.140381
vn -0.220310 0.961760 0.162733
vn -0.105953 0.978570 0.176563
vn 0.084892 0.991563 0.097961
vn -0.153088 0.957102 -0.246007
vn 0.026510 0.999562 0.013163
vn -0.215708 0.916928 -0.335729
vn 0.279141 0.681055 0.676938
vn 0.818936 0.501581 0.278855
vn 0.800984 0.516653 0.302480
vn 0.834602 0.487271 0.256920
vn -0.442102 0.724946 0.528204
vn -0.442102 0.724946 0.528204
vn -0.442102 0.724946 0.528204
vn -0.832918 -0.088682 0.546245
vn -0.832918 -0.088682 0.546245
vn -0.832918 -0.088682 0.546245
vn -0.151745 0.521032 0.839940
vn -0.151745 0.521032 0.839940
vn -0.151745 0.521032 0.839940
vn -0.754652 0.655949 0.015191
vn -0.012367 0.981240 0.192391
vn -0.163023 0.972262 0.167720
vn 0.491639 0.836954 0.240413
vn -0.864888 0.081373 0.495325
vn -0.864888 0.081373 0.495325
vn -0.864888 0.081373 0.495325
vn 0.303274 0.128518 0.944197
vn 0.303275 0.128518 0.944197
vn 0.303274 0.128518 0.944197
vn -0.190687 0.163563 0.967929
vn -0.190687 0.163563 0.967929
vn -0.190687 0.163563 0.967928
vn -0.011387 0.986369 0.164153
vn -0.174386 0.982305 -0.068307
vn -0.064706 0.997814 -0.013399
vn -0.268419 0.910970 -0.313184
vn 0.275042 0.956834 -0.093918
vn 0.063685 0.656932 0.751255
vn 0.063685 0.656932 0.751255
vn 0.063685 0.656932 0.751255
vn -0.284711 0.907451 0.308988
vn -0.233195 0.789861 0.567221
vn -0.173296 0.738895 0.651155
vn -0.189737 0.579655 0.792464
vn -0.368444 0.347602 0.862220
vn -0.246011 -0.211500 0.945910
vn -0.125875 -0.023323 0.991772
vn -0.056920 0.080842 0.995100
vn 0.367496 0.661477 0.653754
vn -0.064977 0.987029 -0.146807
vn -0.265521 0.964028 0.012192
vn -0.074944 0.990225 -0.117634
vn -0.288879 0.955086 0.066036
vn -0.627843 0.731172 0.266834
vn 0.346659 0.699028 0.625450
vn 0.528204 0.790024 0.311228
vn 0.566261 0.795844 0.214433
vn 0.637774 0.768052 -0.057806
vn 0.005202 0.261630 0.965154
vn 0.005202 0.261630 0.965154
vn 0.005202 0.261630 0.965154
vn -0.369038 0.169086 0.913904
vn -0.248230 0.395369 0.884345
vn -0.194851 0.479189 0.855810
vn -0.034390 0.685991 0.726797
vn -0.457020 -0.144242 0.877683
vn -0.457020 -0.144242 0.877683
vn -0.457020 -0.144242 0.877683
vn 0.567772 0.805294 -0.170695
vn 0.426647 0.875507 -0.226850
vn 0.274526 0.921006 -0.276376
vn 0.263829 0.923190 -0.279489
vn 0.249079 0.958776 -0.136775
vn 0.249079 0.958776 -0.136775
vn 0.249079 0.958776 -0.136775
vn 0.053934 0.989352 0.135178
vn 0.066931 0.989848 0.125381
vn 0.100652 0.989910 0.099742
vn 0.606336 0.722332 -0.332555
vn -0.732135 0.671253 -0.115751
vn -0.505828 0.814929 -0.282894
vn -0.464183 0.830662 -0.307464
vn -0.199604 0.878728 -0.433584
vn -0.134636 0.963354 0.231999
vn -0.211803 0.970316 0.116728
vn -0.220454 0.969915 0.103267
vn -0.240729 0.967973 0.071263
vn -0.401576 0.902209 -0.157338
vn -0.402840 0.901713 -0.156948
vn -0.403996 0.901258 -0.156591
vn -0.405100 0.900822 -0.156250
vn 0.070580 0.991882 -0.105778
vn 0.123767 0.991732 -0.033889
vn 0.095613 0.992801 -0.072143
vn 0.156784 0.987565 0.011564
vn -0.411380 0.907934 -0.080142
vn -0.345901 0.930515 -0.120393
vn -0.339574 0.932347 -0.124171
vn -0.272422 0.948245 -0.163147
vn -0.884921 0.356892 -0.299239
vn -0.884921 0.356892 -0.299239
vn -0.884921 0.356892 -0.299239
vn -0.292961 -0.449697 0.843769
vn -0.292961 -0.449697 0.843769
vn -0.292961 -0.449697 0.843769
vn 0.470242 0.142057 0.871029
vn 0.470242 0.142057 0.871029
vn 0.470242 0.142057 0.871029
vn -0.222869 -0.298748 0.927943
vn -0.222869 -0.298748 0.927943
vn -0.222869 -0.298748 0.927943
vn -0.507192 -0.020728 0.861584
vn -0.507192 -0.020728 0.861584
vn -0.507192 -0.020728 0.861584
vn -0.344367 0.405137 0.846921
vn -0.344367 0.405137 0.846921
vn -0.344367 0.405137 0.846921
vn 0.079748 0.982296 -0.169514
vn 0.079748 0.982296 -0.169514
vn 0.079748 0.982296 -0.169514
vn -0.569467 0.815767 0.101156
vn -0.569467 0.815767 0.101156
vn -0.569467 0.815767 0.101156
vn 0.176721 0.087665 0.980349
vn 0.176721 0.087665 0.980349
vn 0.176721 0.087665 0.980349
vn -0.003917 0.294737 0.955571
vn 0.097422 0.180348 0.978766
vn 0.133173 0.138308 0.981395
vn 0.176617 0.085984 0.980517
vn 0.489125 0.696779 0.524648
vn 0.493808 0.586363 0.642131
vn 0.493906 0.608864 0.620758
vn 0.492087 0.537874 0.684501
vn -0.437694 0.337645 0.833319
vn -0.437694 0.337645 0.833319
vn -0.437694 0.337645 0.833319
vn -0.446827 0.813947 0.371262
vn -0.197503 0.843702 0.499159
vn -0.272204 0.841974 0.465815
vn -0.014355 0.824964 0.565003
vn -0.043043 0.996838 0.066799
vn -0.043043 0.996838 0.066799
vn -0.043043 0.996838 0.066799
vn -0.814964 0.543031 0.202365
vn -0.814964 0.543031 0.202365
vn -0.814964 0.543031 0.202365
vn 0.055357 0.997048 -0.053199
vn -0.087487 0.976242 0.198238
vn 0.049638 0.998353 -0.028766
vn -0.129079 0.926951 0.352278
vn -0.490225 0.209905 0.845943
vn 0.046896 0.977040 0.207830
vn 0.046896 0.977040 0.207830
vn 0.046896 0.977040 0.207830
vn -0.097560 0.823255 0.559226
vn -0.097560 0.823255 0.559226
vn -0.097560 0.823255 0.559226
vn 0.356850 0.679962 0.640555
vn 0.735102 0.447242 0.509509
vn 0.775790 0.406817 0.482337
vn 0.837421 0.334798 0.432015
vn -0.057598 0.749293 0.659729
vn -0.057598 0.749293 0.659729
vn -0.057598 0.749293 0.659729
vn 0.949435 -0.110500 0.293877
vn 0.949435 -0.110500 0.293877
vn 0.949435 -0.110500 0.293877
vn 0.991740 -0.054030 0.116329
vn 0.991740 -0.054030 0.116329
vn 0.991740 -0.054030 0.116329
vn 0.368352 0.739056 0.564015
vn 0.368352 0.739056 0.564015
vn 0.368352 0.739056 0.564015
vn 0.642622 0.738794 0.203029
vn 0.642622 0.738794 0.203029
vn 0.642622 0.738794 0.203029
vn -0.081836 0.990387 -0.111523
vn -0.081836 0.990387 -0.111523
vn -0.081836 0.990387 -0.111523
vn 0.781161 0.620766 -0.066607
vn 0.886507 0.462555 0.012191
vn 0.872184 0.489177 -0.000377
vn 0.982263 0.063991 0.176253
vn 0.799748 0.243776 0.548613
vn 0.806678 0.073467 0.586407
vn 0.806492 0.154006 0.570835
vn 0.803970 0.021932 0.594266
vn 0.753153 0.290350 0.590303
vn 0.753153 0.290350 0.590303
vn 0.753153 0.290350 0.590303
vn -0.333825 0.933327 0.132141
vn -0.307771 0.836539 0.453299
vn -0.322678 0.887654 0.328557
vn -0.269634 0.714970 0.645070
vn -0.046541 0.976819 0.208946
vn -0.046541 0.976819 0.208946
vn -0.046541 0.976819 0.208946
vn 0.497823 0.027625 0.866838
vn 0.497823 0.027625 0.866838
vn 0.497823 0.027625 0.866838
vn 0.479136 0.844946 0.237687
vn 0.479136 0.844946 0.237687
vn 0.479136 0.844946 0.237687
vn 0.640268 0.694735 0.327720
vn 0.299006 0.386673 0.872399
vn 0.157447 0.246595 0.956243
vn 0.026433 0.113433 0.993194
vn -0.509047 -0.019919 0.860508
vn -0.425915 0.065033 0.902423
vn -0.377616 0.111033 0.919281
vn -0.353365 0.133320 0.925937
vn -0.390834 0.575325 0.718506
vn -0.390834 0.575325 0.718506
vn -0.390834 0.575325 0.718506
vn -0.032090 0.965851 -0.257104
vn -0.126825 0.938191 -0.322046
vn -0.178197 0.917392 -0.355863
vn -0.224480 0.895006 -0.385451
vn -0.413136 0.906005 -0.092052
vn -0.413136 0.906005 -0.092052
vn -0.413136 0.906005 -0.092052
vn 0.877746 0.338257 -0.339330
vn 0.622843 0.740569 0.252236
vn 0.770252 0.636669 0.036957
vn 0.405363 0.787186 0.464779
vn 0.842349 0.387923 0.374118
vn 0.842349 0.387923 0.374118
vn 0.842349 0.387923 0.374118
vn 0.091775 0.879677 -0.466632
vn 0.091775 0.879677 -0.466632
vn 0.091775 0.879677 -0.466632
vn -0.029260 -0.128552 0.991271
vn -0.029260 -0.128552 0.991271
vn -0.029260 -0.128552 0.991271
vn 0.165429 -0.142814 0.975827
vn 0.165429 -0.142814 0.975827
vn 0.165429 -0.142814 0.975827
vn -0.553554 0.000234 0.832813
vn -0.692950 0.636411 0.338823
vn -0.622870 0.154009 0.767016
vn -0.532003 0.837361 -0.125697
vn -0.711642 0.252703 0.655520
vn -0.711642 0.252703 0.655520
vn -0.711642 0.252703 0.655520
vn -0.232441 0.969460 0.078217
vn -0.160371 0.945230 0.284291
vn -0.166847 0.949093 0.267179
vn -0.146823 0.936209 0.319306
vn 0.512498 0.847761 0.136554
vn 0.522720 0.835583 0.169013
vn 0.531918 0.822825 0.200059
vn 0.551030 0.788839 0.272211
vn -0.239092 0.968716 -0.066518
vn -0.239092 0.968716 -0.066518
vn -0.239092 0.968716 -0.066518
vn 0.477049 0.867584 0.140436
vn 0.477049 0.867584 0.140436
vn 0.477049 0.867584 0.140436
vn 0.476024 0.853264 0.212937
vn 0.500998 0.836004 0.223828
vn 0.493003 0.841663 0.220342
vn 0.509175 0.830081 0.227393
vn 0.691910 0.531855 0.488253
vn 0.691910 0.531855 0.488253
vn 0.691910 0.531855 0.488253
vn -0.068225 0.372235 0.925628
vn 0.153260 0.587743 0.794399
vn 0.174480 0.688480 0.703955
vn 0.473741 0.872787 0.117525
vn 0.301028 0.864173 -0.403222
vn 0.064779 0.792958 0.605823
vn 0.064779 0.792958 0.605823
vn 0.064779 0.792958 0.605823
vn -0.246421 0.960706 0.127751
vn -0.246421 0.960706 0.127751
vn -0.246421 0.960706 0.127751
vn 0.271476 -0.297987 0.915153
vn 0.118431 -0.137713 0.983366
vn 0.156169 -0.067125 0.985447
vn -0.040021 0.079604 0.996023
vn -0.099153 -0.223863 0.969564
vn 0.718170 -0.042915 0.694543
vn 0.585953 0.094907 0.804768
vn 0.686205 -0.006217 0.727382
vn -0.070224 0.509294 0.857723
vn 0.579796 0.814653 -0.013341
vn 0.579796 0.814652 -0.013341
vn 0.579796 0.814652 -0.013341
vn 0.579796 0.814652 -0.013340
vn -0.072326 0.307918 0.948660
vn -0.252604 0.378955 0.890272
vn -0.111396 0.324283 0.939378
vn -0.348482 0.411790 0.842015
vn 0.724834 0.158297 0.670491
vn 0.724834 0.158297 0.670491
vn 0.724834 0.158297 0.670491
vn 0.646294 0.340566 0.682876
vn 0.646294 0.340566 0.682876
vn 0.646294 0.340566 0.682876
vn 0.604771 0.704964 0.370511
vn 0.604771 0.704964 0.370511
vn 0.604771 0.704964 0.370511
vn -0.327724 0.270565 0.905202
vn -0.721242 0.223251 0.655720
vn -0.461183 0.262074 0.847719
vn -0.736144 0.219756 0.640156
vn -0.031521 0.709277 0.704225
vn -0.009047 0.718387 0.695585
vn -0.006310 0.719464 0.694501
vn 0.040888 0.736917 0.674745
vn -0.272373 0.463483 0.843206
vn -0.293989 0.507101 0.810197
vn -0.319337 0.558663 0.765454
vn -0.399974 0.727152 0.557916
vn 0.006296 -0.258000 0.966124
vn -0.057931 0.005570 0.998305
vn -0.122058 0.288035 0.949809
vn -0.183850 0.587826 0.787820
vn -0.673819 0.539320 -0.505076
vn -0.689262 0.722595 -0.052671
vn -0.703380 0.673776 -0.226458
vn -0.563741 0.741155 0.364535
vn 0.221526 0.921895 -0.317863
vn 0.406040 0.913788 -0.011091
vn 0.349822 0.929789 -0.114524
vn 0.448523 0.890598 0.075247
vn 0.156823 0.960221 -0.231046
vn 0.195318 0.945856 -0.259245
vn 0.187504 0.948977 -0.253545
vn 0.273822 0.908446 -0.315829
vn 0.743144 0.356104 0.566505
vn 0.743144 0.356104 0.566505
vn 0.743144 0.356104 0.566505
vn 0.028485 0.741467 0.670384
vn 0.399017 0.914526 -0.066550
vn 0.413513 0.903431 -0.113219
vn 0.445065 0.865961 -0.228097
vn -0.421919 0.469484 0.775609
vn -0.302065 0.414635 0.858391
vn -0.277537 0.402620 0.872279
vn -0.106901 0.312547 0.943868
vn 0.406305 0.836062 0.368669
vn 0.806249 0.542634 0.235607
vn 0.769477 0.584073 0.258388
vn 0.859738 0.474699 0.188442
vn 0.861312 0.469780 0.193514
vn 0.040255 0.670564 0.740759
vn 0.041794 0.670649 0.740596
vn 0.042842 0.670707 0.740484
vn 0.044382 0.670790 0.740318
vn -0.285616 0.456370 0.842704
vn -0.228230 0.374529 0.898687
vn -0.247544 0.402145 0.881477
vn -0.076314 0.155161 0.984937
vn -0.216847 -0.160106 0.962987
vn -0.313300 -0.045261 0.948575
vn -0.304258 -0.056442 0.950916
vn -0.412831 0.084524 0.906877
vn 0.274130 0.956580 0.099030
vn 0.376747 0.905157 0.196857
vn 0.349060 0.921535 0.170092
vn 0.415200 0.878976 0.234541
vn 0.284908 0.957746 0.039379
vn 0.185376 0.982645 -0.006723
vn 0.263056 0.964340 0.029156
vn 0.128059 0.991226 -0.032754
vn 0.061807 0.965886 0.251483
vn 0.061807 0.965886 0.251483
vn 0.061807 0.965886 0.251483
vn -0.437621 -0.185609 0.879794
vn -0.437621 -0.185609 0.879794
vn -0.437621 -0.185609 0.879794
vn -0.350465 0.688597 0.634829
vn 0.340336 0.655767 0.673900
vn 0.535457 0.576738 0.616976
vn 0.751941 0.431851 0.498085
vn 0.158061 0.908297 0.387316
vn 0.177353 0.877972 0.444648
vn 0.179946 0.873479 0.452387
vn 0.191454 0.852268 0.486810
vn -0.647626 0.755547 0.098639
vn -0.503320 0.841075 0.198149
vn -0.594318 0.792323 0.137878
vn -0.203220 0.912786 0.354292
vn 0.221348 0.046519 0.974085
vn 0.221348 0.046519 0.974085
vn 0.221348 0.046519 0.974085
vn -0.048560 0.998815 -0.003295
vn -0.130964 0.875862 0.464451
vn -0.253433 0.943640 0.212872
vn -0.355751 0.548740 0.756522
vn 0.690907 0.527276 0.494598
vn -0.006537 0.999973 0.003283
vn -0.006537 0.999973 0.003283
vn -0.006537 0.999973 0.003283
vn -0.768429 0.629537 0.114894
vn -0.722600 0.637024 0.268420
vn -0.735540 0.636709 0.231480
vn 0.220297 0.101175 0.970172
vn 0.332204 0.092559 0.938655
vn 0.332204 0.092559 0.938655
vn 0.332204 0.092559 0.938655
vn 0.148461 0.896259 0.417946
vn 0.148461 0.896259 0.417946
vn 0.148461 0.896259 0.417946
vn -0.349372 0.913903 0.206688
vn -0.349372 0.913903 0.206688
vn -0.349372 0.913903 0.206688
vn -0.073616 0.982566 0.170719
vn -0.246395 0.962502 0.113486
vn -0.158695 0.976865 0.143359
vn -0.321596 0.942923 0.086440
vn 0.493652 0.314299 0.810879
vn 0.493652 0.314299 0.810879
vn 0.493652 0.314299 0.810879
vn 0.284605 -0.069738 0.956105
vn 0.284605 -0.069738 0.956105
vn 0.284605 -0.069738 0.956105
vn -0.034105 0.995784 0.085156
vn -0.026961 0.996422 0.080103
vn -0.014470 0.997353 0.071258
vn -0.006653 0.997816 0.065715
vn 0.259245 0.954943 0.144484
vn 0.307547 0.951326 0.019854
vn 0.311077 0.950331 0.010134
vn 0.314638 0.949212 0.000234
vn -0.641473 0.686006 0.343376
vn -0.641473 0.686006 0.343376
vn -0.641473 0.686006 0.343376
vn -0.117746 0.978542 -0.169091
vn -0.117746 0.978542 -0.169091
vn -0.117746 0.978542 -0.169091
vn -0.668285 0.610829 0.424597
vn -0.668286 0.610829 0.424597
vn -0.668285 0.610829 0.424597
vn 0.342682 -0.259220 0.902981
vn 0.342682 -0.259220 0.902981
vn 0.342682 -0.259220 0.902980
vn -0.607700 0.757405 0.238829
vn -0.607700 0.757405 0.238829
vn -0.607700 0.757405 0.238829
vn -0.380968 0.427593 0.819773
vn -0.380968 0.427593 0.819773
vn -0.380968 0.427593 0.819773
vn 0.125873 0.674783 0.727203
vn 0.394496 0.791048 0.467564
vn 0.377989 0.786948 0.487686
vn 0.539003 0.802033 0.257330
vn -0.519738 0.001694 0.854324
vn -0.507300 -0.195679 0.839260
vn -0.507489 -0.194036 0.839526
vn -0.494751 -0.284749 0.821060
vn 0.159575 0.985870 0.050961
vn 0.034735 0.587654 0.808366
vn 0.120915 0.912173 0.391561
vn -0.021703 0.313391 0.949376
vn 0.798258 0.593409 0.103197
vn 0.798258 0.593409 0.103197
vn 0.798258 0.593409 0.103197
vn 0.310030 0.950586 0.016350
vn 0.496290 0.862776 0.096511
vn 0.442638 0.893739 0.072815
vn 0.520874 0.846830 0.107557
vn -0.265586 0.650313 0.711728
vn -0.285684 0.674858 0.680406
vn -0.278774 0.666492 0.691429
vn -0.319162 0.714210 0.622928
vn 0.827238 -0.197492 0.525998
vn 0.843771 -0.146306 0.516376
vn 0.868634 0.352982 0.347677
vn 0.763061 0.616700 0.193442
vn -0.851611 0.468947 0.234194
vn 0.694171 0.717664 -0.055533
vn -0.043141 0.990465 0.130835
vn 0.789863 0.606791 -0.089009
vn 0.797409 0.102658 0.594643
vn 0.068099 0.997501 -0.018839
vn 0.386788 0.893272 0.229042
vn -0.048372 0.993142 -0.106442
vn -0.076747 0.895431 0.438534
vn -0.076747 0.895431 0.438534
vn -0.076747 0.895431 0.438534
vn -0.626195 0.689537 0.363894
vn -0.626195 0.689537 0.363894
vn -0.626195 0.689537 0.363894
vn -0.531609 0.720128 0.445879
vn -0.530736 0.717467 0.451178
vn -0.530252 0.716008 0.454054
vn -0.523337 0.696017 0.491609
vn 0.238045 0.961764 0.135441
vn 0.082849 0.991965 -0.095617
vn 0.048291 0.988281 -0.144807
vn 0.031774 0.985267 -0.168045
vn -0.044096 0.985177 -0.165774
vn -0.044096 0.985177 -0.165774
vn -0.044096 0.985177 -0.165774
vn 0.631408 0.515382 0.579401
vn 0.631408 0.515382 0.579401
vn 0.631408 0.515382 0.579401
vn -0.064927 0.948644 0.309611
vn 0.183949 0.773817 0.606111
vn 0.247501 0.700380 0.669486
vn 0.370275 0.514834 0.773203
vn 0.168967 0.976507 0.133730
vn 0.179281 0.978469 0.102262
vn 0.185608 0.979146 0.082595
vn 0.186647 0.979218 0.079338
vn 0.612720 0.784682 -0.094066
vn 0.618478 0.733984 -0.280630
vn 0.618348 0.764157 -0.183604
vn 0.616272 0.716801 -0.326198
vn -0.360210 0.931596 -0.048753
vn -0.341863 0.937235 -0.068707
vn -0.306253 0.945973 -0.106505
vn -0.304614 0.946308 -0.108217
vn 0.528615 0.835336 -0.150932
vn 0.427478 0.899025 -0.094950
vn 0.521660 0.840394 -0.147000
vn 0.152885 0.987137 0.046761
vn 0.671222 0.692322 -0.264860
vn 0.671222 0.692322 -0.264860
vn 0.671222 0.692322 -0.264860
vn -0.700272 0.390822 0.597392
vn -0.017262 0.963308 0.267843
vn -0.536466 0.641428 0.548429
vn 0.327341 0.944695 0.019972
vn -0.626616 0.298181 0.720029
vn -0.626616 0.298181 0.720029
vn -0.626616 0.298181 0.720029
vn 0.524852 0.823822 0.214119
vn -0.204481 0.708499 0.675438
vn 0.443163 0.847330 0.292640
vn -0.368265 0.594956 0.714428
vn -0.201091 0.838781 0.505973
vn -0.543274 0.837740 0.055190
vn -0.504296 0.854849 0.122142
vn -0.577268 0.816505 -0.009000
vn 0.780583 0.578398 0.236952
vn 0.780583 0.578398 0.236952
vn 0.780583 0.578398 0.236952
vn -0.197095 0.405849 0.892435
vn -0.197095 0.405849 0.892435
vn -0.197095 0.405849 0.892435
vn -0.413957 0.606151 0.679133
vn -0.413411 0.586547 0.696458
vn -0.413881 0.602711 0.682233
vn -0.393152 0.374857 0.839591
vn 0.795154 -0.377297 0.474740
vn 0.795154 -0.377297 0.474740
vn 0.795154 -0.377297 0.474740
vn 0.086271 -0.025255 0.995952
vn 0.086271 -0.025255 0.995952
vn 0.086271 -0.025255 0.995952
vn -0.558986 -0.051589 0.827570
vn -0.100342 0.560908 0.821775
vn -0.419810 0.134275 0.897625
vn 0.144715 0.587375 0.796272
vn 0.206494 0.662898 0.719671
vn 0.128742 0.967673 -0.216875
vn 0.128742 0.967673 -0.216875
vn 0.128742 0.967673 -0.216875
vn 0.394706 0.465447 0.792190
vn 0.298401 0.738041 0.605188
vn 0.187223 0.902929 0.386868
vn -0.006537 0.999973 0.003282
vn -0.402711 0.915222 0.013863
vn -0.402711 0.915222 0.013863
vn -0.402711 0.915222 0.013863
vn 0.012592 0.995784 0.090863
vn 0.011756 0.998096 0.060558
vn 0.011922 0.997712 0.066545
vn 0.007277 0.995324 -0.096322
vn -0.152422 0.978856 0.136413
vn -0.043812 0.989901 -0.134818
vn 0.130452 0.964762 -0.228511
vn 0.180523 0.908866 -0.375998
vn -0.507498 0.849233 -0.145773
vn -0.245567 -0.029445 0.968932
vn -0.607852 0.135478 0.782408
vn -0.620716 0.141940 0.771081
vn -0.810566 0.246699 0.531153
vn -0.262400 0.252731 0.931275
vn -0.262400 0.252731 0.931275
vn -0.262400 0.252731 0.931275
vn 0.352051 0.640176 0.682814
vn 0.352051 0.640176 0.682814
vn 0.352051 0.640176 0.682814
vn -0.609618 0.097616 0.786662
vn -0.609618 0.097616 0.786662
vn -0.609618 0.097616 0.786662
vn 0.004489 0.995230 0.097456
vn 0.004489 0.995230 0.097456
vn 0.004489 0.995230 0.097456
vn -0.282861 -0.050100 0.957852
vn -0.282861 -0.050100 0.957852
vn -0.282861 -0.050100 0.957852
vn 0.142459 -0.078596 0.986675
vn 0.105839 -0.035995 0.993732
vn 0.098032 -0.026949 0.994818
vn 0.018667 0.064317 0.997755
vn -0.587532 -0.008800 0.809153
vn -0.252047 0.119885 0.960260
vn 0.212823 0.252662 0.943858
vn 0.519558 0.312482 0.795245
vn -0.503483 0.860041 0.082674
vn -0.503483 0.860041 0.082674
vn -0.503483 0.860040 0.082674
vn -0.371877 0.927921 0.025891
vn -0.371877 0.927921 0.025891
vn -0.371877 0.927921 0.025891
vn 0.937967 0.346579 0.010093
vn 0.883441 0.260451 0.389484
vn 0.309102 -0.050119 0.949707
vn 0.133100 -0.121374 0.983643
vn 0.352377 0.343426 0.870568
vn 0.352377 0.343426 0.870568
vn 0.352377 0.343426 0.870568
vn -0.025170 0.688009 0.725265
vn 0.109667 0.691301 0.714196
vn 0.472756 0.632610 0.613438
vn 0.546846 0.606085 0.577599
vn -0.097531 0.994552 0.036807
vn 0.013728 0.998688 0.049333
vn -0.079587 0.995943 0.041983
vn -0.394938 0.915106 0.081271
vn -0.122395 0.990594 0.061178
vn 0.029895 0.999491 -0.011127
vn 0.152008 0.988079 0.024368
vn 0.041591 0.999111 -0.006931
vn 0.257769 0.964111 0.063604
vn 0.181282 0.982347 0.046162
vn -0.837927 0.171839 0.518025
vn -0.511762 0.040545 0.858170
vn -0.796362 0.152259 0.585341
vn -0.211823 -0.056973 0.975646
vn -0.768158 0.532557 0.355410
vn -0.768158 0.532557 0.355410
vn -0.768158 0.532557 0.355410
vn 0.400500 0.377517 0.834914
vn 0.400500 0.377517 0.834914
vn 0.400500 0.377517 0.834914
vn -0.143245 0.974775 -0.171156
vn -0.143245 0.974775 -0.171156
vn -0.143245 0.974775 -0.171156
vn -0.011540 0.994997 0.099233
vn -0.012118 0.995070 0.098430
vn -0.012302 0.995093 0.098174
vn -0.012827 0.995158 0.097443
vn -0.227184 0.968048 0.106164
vn -0.180575 0.971726 0.152122
vn -0.181367 0.971699 0.151352
vn -0.077727 0.965454 0.248712
vn -0.047128 0.967506 0.248418
vn -0.011982 0.962804 0.269935
vn 0.023707 0.942442 0.333528
vn 0.083888 0.945491 0.314659
vn -0.005363 0.999982 0.002693
vn 0.459788 0.881248 0.109530
vn 0.391105 0.896436 0.208421
vn 0.388417 0.896749 0.212069
vn 0.341162 0.899229 0.273853
vn -0.040517 0.972196 0.230637
vn -0.024121 0.974311 0.223910
vn -0.012881 0.975582 0.219259
vn -0.002201 0.976653 0.214810
vn 0.210568 0.943612 0.255458
vn 0.195516 0.944602 0.263629
vn 0.185952 0.945086 0.268765
vn 0.168148 0.945688 0.278210
vn -0.504276 0.859519 0.083263
vn -0.279175 0.959826 -0.028187
vn -0.318417 0.947902 -0.009611
vn -0.207602 0.976294 -0.061256
vn 0.030660 0.928578 -0.369868
vn 0.185093 0.880983 -0.435443
vn 0.109193 0.907961 -0.404579
vn 0.262860 0.845823 -0.464207
vn -0.471690 0.473269 0.743993
vn 0.059001 0.827549 0.558285
vn -0.307659 0.624895 0.717532
vn 0.284861 0.870950 0.400376
vn -0.506196 0.541444 0.671271
vn -0.515905 0.535520 0.668626
vn -0.515827 0.535568 0.668647
vn -0.526033 0.529216 0.665748
vn 0.774655 -0.089364 0.626038
vn 0.774655 -0.089364 0.626038
vn 0.774655 -0.089364 0.626038
vn 0.739115 0.061598 0.670757
vn 0.739115 0.061598 0.670757
vn 0.739115 0.061598 0.670757
vn -0.350965 0.465195 0.812661
vn -0.350965 0.465195 0.812661
vn -0.350965 0.465195 0.812661
vn -0.610008 -0.076960 0.788649
vn -0.727153 0.170392 0.664993
vn -0.709668 0.123832 0.693568
vn -0.740635 0.211143 0.637870
vn -0.090636 -0.185049 0.978541
vn -0.090636 -0.185049 0.978541
vn -0.090636 -0.185049 0.978541
vn 0.804459 0.522807 0.281989
vn 0.945023 0.278154 0.171936
vn 0.972136 0.193177 0.132791
vn 0.989048 0.112674 0.095335
vn 0.974832 -0.098275 0.200110
vn 0.913667 0.047907 0.403630
vn 0.948008 -0.015702 0.317859
vn 0.788138 0.194182 0.584065
vn 0.357861 0.154811 0.920852
vn 0.357861 0.154811 0.920852
vn 0.357861 0.154811 0.920852
vn 0.773062 0.107349 0.625182
vn 0.763414 0.095596 0.638796
vn 0.741825 0.070455 0.666882
vn 0.724847 0.051656 0.686970
vn 0.751288 0.352302 0.558077
vn 0.853432 0.227959 0.468709
vn 0.814874 0.280121 0.507456
vn 0.910779 0.130282 0.391802
vn 0.871151 0.384252 0.305690
vn 0.871151 0.384252 0.305690
vn 0.871151 0.384252 0.305690
vn 0.997372 -0.031139 0.065418
vn 0.886432 0.287953 0.362383
vn 0.984786 0.068101 0.159874
vn 0.831383 0.358211 0.424839
vn -0.532628 -0.013207 0.846247
vn -0.536345 0.002723 0.843994
vn -0.533999 -0.007404 0.845453
vn -0.539436 0.016473 0.841865
vn -0.065494 -0.022184 0.997606
vn -0.042530 -0.101781 0.993897
vn -0.012802 -0.202333 0.979233
vn 0.017750 -0.302826 0.952881
vn 0.492398 0.155477 0.856371
vn 0.492768 0.150710 0.857010
vn 0.492789 0.150437 0.857046
vn 0.493299 0.143602 0.857925
vn -0.676275 0.175983 0.715320
vn -0.674333 0.176843 0.716939
vn -0.659516 0.183298 0.729000
vn -0.650398 0.187177 0.736171
vn 0.501613 0.568288 0.652253
vn 0.501613 0.568288 0.652253
vn 0.501613 0.568288 0.652253
vn -0.381604 0.540765 0.749635
vn -0.381604 0.540765 0.749635
vn -0.381604 0.540765 0.749635
vn 0.973673 0.185985 -0.131794
vn 0.982129 0.187590 0.015264
vn 0.896723 0.171251 0.408119
vn 0.871791 0.166485 0.460720
vn -0.402050 0.469112 0.786314
vn -0.430337 0.466704 0.772656
vn -0.517106 0.456017 0.724327
vn -0.542263 0.451901 0.708334
vn -0.186384 0.365916 0.911793
vn -0.186384 0.365916 0.911793
vn -0.186384 0.365916 0.911793
vn -0.306053 0.882758 0.356469
vn -0.306053 0.882758 0.356469
vn -0.306053 0.882758 0.356469
vn 0.003140 0.504214 0.863573
vn -0.033014 0.522874 0.851770
vn -0.034203 0.523472 0.851356
vn -0.608789 0.675109 0.416658
vn -0.668644 0.644762 0.370403
vn -0.668644 0.644762 0.370403
vn -0.668644 0.644762 0.370403
vn -0.732436 0.436675 0.522352
vn -0.732436 0.436675 0.522352
vn -0.732436 0.436675 0.522352
vn 0.484513 -0.222074 0.846127
vn 0.142978 -0.036602 0.989049
vn 0.427637 -0.190652 0.883617
vn -0.210765 0.148812 0.966143
vn 0.137120 -0.182538 0.973590
vn 0.137120 -0.182538 0.973590
vn 0.137120 -0.182538 0.973590
vn 0.815520 -0.004579 0.578711
vn 0.815520 -0.004579 0.578711
vn 0.815520 -0.004579 0.578711
vn -0.112116 -0.068845 0.991307
vn -0.112116 -0.068845 0.991307
vn -0.112116 -0.068845 0.991307
vn 0.830635 0.043239 0.555136
vn 0.830635 0.043239 0.555136
vn 0.830635 0.043239 0.555136
vn 0.531685 0.683334 0.500366
vn 0.531685 0.683334 0.500366
vn 0.531685 0.683334 0.500366
vn -0.047496 0.408097 0.911702
vn -0.047496 0.408097 0.911702
vn -0.047496 0.408097 0.911702
vn 0.301173 0.652550 0.695323
vn 0.472732 0.256576 0.843027
vn 0.417864 0.417520 0.806887
vn 0.489089 0.196362 0.849843
vn 0.486485 0.478553 0.730972
vn 0.544265 0.446145 0.710444
vn 0.689237 0.346171 0.636489
vn 0.799749 0.243772 0.548614
vn 0.743143 0.356105 0.566505
vn 0.743143 0.356105 0.566505
vn 0.743143 0.356105 0.566505
vn -0.103302 0.050830 0.993351
vn -0.103302 0.050830 0.993350
vn -0.103302 0.050830 0.993351
vn 0.799748 0.243776 0.548613
vn 0.660376 -0.474022 0.582415
vn 0.689865 -0.415138 0.593082
vn 0.604596 -0.567607 0.558826
vn -0.014704 -0.004487 0.999882
vn -0.017605 0.011668 0.999777
vn -0.015174 -0.001869 0.999883
vn -0.034178 0.104416 0.993946
vn 0.631122 0.629577 0.453120
vn 0.631122 0.629577 0.453120
vn 0.631122 0.629577 0.453120
vn 0.994618 -0.103486 -0.005128
vn 0.994629 -0.101306 -0.021206
vn 0.993990 -0.097312 -0.050144
vn 0.993582 -0.095945 -0.059906
vn 0.963011 0.244197 0.113916
vn 0.985369 0.170407 0.003171
vn 0.985285 0.170879 0.003864
vn 0.990342 0.108907 -0.085803
vn 0.915190 0.388843 0.105965
vn 0.689416 0.516208 0.508168
vn 0.829761 0.509756 0.227255
vn 0.639009 0.752062 0.161461
vn 0.425286 0.717874 0.551170
vn -0.239844 0.970165 -0.035430
vn -0.159993 0.987114 0.002734
vn -0.166428 0.986054 -0.000318
vn 0.336212 0.914250 0.226071
vn -0.803783 0.275339 0.527372
vn -0.638926 0.560422 0.526973
vn -0.614999 0.700243 0.362541
vn -0.281412 0.959506 -0.012447
vn -0.451896 0.827524 0.333159
vn -0.775622 0.117452 0.620174
vn -0.775385 0.118470 0.620277
vn -0.775515 0.117914 0.620220
vn -0.775164 0.119415 0.620372
vn -0.792591 0.155445 0.589607
vn -0.793796 0.153954 0.588376
vn -0.797150 0.149773 0.584910
vn -0.801728 0.143990 0.580085
vn 0.501451 0.801438 0.325952
vn 0.520820 0.818413 0.242790
vn 0.515599 0.814121 0.267141
vn 0.524722 0.821445 0.223374
vn 0.775110 0.377559 0.506609
vn 0.773940 0.360689 0.520500
vn 0.771874 0.338593 0.538113
vn 0.767445 0.303790 0.564571
vn 0.748488 -0.055727 0.660803
vn 0.767151 -0.076477 0.636891
vn 0.758625 -0.066867 0.648087
vn 0.768204 -0.077680 0.635475
vn 0.431413 0.118356 0.894357
vn 0.416314 -0.146628 0.897320
vn 0.403912 -0.238324 0.883208
vn 0.399711 -0.264187 0.877745
vn -0.524234 -0.303927 0.795492
vn -0.524234 -0.303927 0.795492
vn -0.524234 -0.303927 0.795492
vn -0.332987 0.379167 0.863338
vn -0.332987 0.379167 0.863338
vn -0.332987 0.379167 0.863338
vn 0.746510 0.484759 0.455775
vn 0.746510 0.484759 0.455775
vn 0.746510 0.484759 0.455775
vn 0.731665 0.404796 0.548458
vn 0.697157 0.337921 0.632283
vn 0.031353 -0.375857 0.926147
vn -0.159382 -0.508762 0.846025
vn 0.644860 0.342511 0.683259
vn 0.644860 0.342511 0.683259
vn 0.644860 0.342511 0.683259
vn -0.328829 0.273582 0.903894
vn -0.438601 0.266971 0.858111
vn -0.354043 0.272428 0.894671
vn -0.443705 0.266560 0.855612
vn 0.541722 0.435505 0.718939
vn 0.571988 0.386817 0.723327
vn 0.562023 0.403330 0.722119
vn 0.612526 0.313923 0.725441
vn 0.527088 -0.129462 0.839892
vn 0.548573 0.042397 0.835027
vn 0.552245 0.254730 0.793812
vn 0.534459 0.429699 0.727814
vn -0.563287 0.296428 0.771258
vn -0.563287 0.296428 0.771258
vn -0.563287 0.296428 0.771258
vn -0.999620 -0.003181 0.027375
vn -0.999620 -0.003181 0.027375
vn -0.999620 -0.003181 0.027375
vn -0.470954 0.070072 0.879370
vn -0.456541 0.024964 0.889352
vn -0.454457 0.018700 0.890572
vn -0.439337 -0.025043 0.897973
vn -0.421849 0.540543 0.727913
vn -0.822879 0.286580 0.490655
vn -0.748712 0.354637 0.560056
vn -0.910940 0.176530 0.372862
vn -0.561368 0.009170 0.827516
vn -0.555453 0.060970 0.829310
vn -0.538312 0.168122 0.825806
vn -0.420105 0.542155 0.727722
vn -0.498045 -0.013520 0.867046
vn -0.500501 -0.015097 0.865605
vn -0.500890 -0.015348 0.865375
vn -0.507667 -0.019718 0.861328
vn -0.944494 0.254814 0.207365
vn -0.851109 0.416783 0.319227
vn -0.859427 0.405445 0.311447
vn -0.748392 0.531185 0.397180
vn 0.382147 0.117996 0.916537
vn 0.382147 0.117996 0.916537
vn 0.382147 0.117996 0.916537
vn -0.959280 0.241595 0.146332
vn -0.960467 0.208028 0.185010
vn -0.960459 0.211743 0.180783
vn -0.959702 0.182500 0.213693
vn -0.026032 -0.034648 0.999060
vn 0.177861 0.137667 0.974378
vn 0.128317 0.095710 0.987104
vn 0.349995 0.283915 0.892690
vn 0.218857 0.975696 0.010940
vn 0.218857 0.975696 0.010940
vn 0.218857 0.975696 0.010940
vn -0.862142 0.389132 0.324481
vn -0.835185 0.438387 0.332089
vn -0.814049 0.473085 0.336921
vn -0.745955 0.568070 0.347632
vn -0.855155 0.262557 0.446960
vn -0.861467 0.250138 0.441935
vn -0.862661 0.247739 0.440956
vn -0.867509 0.237830 0.436882
vn -0.837450 0.332341 0.433851
vn -0.839958 0.328208 0.432145
vn -0.841721 0.325276 0.430931
vn -0.847082 0.316216 0.427154
vn -0.482219 -0.185626 0.856159
vn -0.547862 -0.261686 0.794587
vn -0.578475 -0.299156 0.758862
vn -0.607124 -0.335711 0.720207
vn 0.346057 0.330622 0.878028
vn 0.346057 0.330622 0.878028
vn 0.346057 0.330622 0.878028
vn 0.518372 -0.184719 0.834967
vn 0.442750 0.033257 0.896028
vn 0.402400 0.126639 0.906663
vn 0.326039 0.278825 0.903302
vn 0.617261 0.745842 0.250417
vn 0.617261 0.745842 0.250417
vn 0.617261 0.745842 0.250417
vn -0.982481 0.048367 0.179975
vn -0.982481 0.048367 0.179975
vn -0.982481 0.048367 0.179975
vn -0.938286 0.328051 -0.109551
vn -0.878686 0.476490 -0.029475
vn -0.597769 0.781749 0.177598
vn 0.111995 0.900981 0.419154
vn -0.916813 0.398112 0.030991
vn -0.979891 0.196748 0.033233
vn -0.945364 0.324442 0.031997
vn -0.994578 0.098357 0.033779
vn -0.834452 0.457628 0.307029
vn -0.863830 0.425514 0.269697
vn -0.898548 0.380563 0.218594
vn -0.954326 0.278908 0.107106
vn -0.668106 0.308991 0.676875
vn -0.746472 0.085197 0.659940
vn -0.715375 0.189732 0.672488
vn -0.776844 -0.078847 0.624737
vn -0.667663 0.569090 0.479961
vn -0.667663 0.569090 0.479961
vn -0.667663 0.569090 0.479961
vn -0.612455 0.500750 0.611676
vn -0.612455 0.500750 0.611676
vn -0.612455 0.500750 0.611676
vn -0.481345 0.190479 0.855585
vn -0.468080 0.207613 0.858952
vn -0.457217 0.221361 0.861366
vn -0.436585 0.246804 0.865148
vn 0.064093 -0.190783 0.979538
vn 0.016416 -0.164819 0.986187
vn -0.007344 -0.151706 0.988398
vn -0.396408 0.080369 0.914550
vn 0.289712 0.018548 0.956934
vn 0.226634 0.067167 0.971661
vn 0.185035 0.098385 0.977795
vn -0.171623 0.340992 0.924267
vn 0.300510 0.157795 0.940635
vn 0.300510 0.157795 0.940635
vn 0.300510 0.157795 0.940635
vn -0.005609 0.087855 0.996117
vn -0.005609 0.087855 0.996117
vn -0.005609 0.087855 0.996117
vn 0.467026 0.249831 0.848217
vn 0.467026 0.249831 0.848217
vn 0.467026 0.249831 0.848217
vn -0.918186 -0.110584 0.380403
vn -0.918186 -0.110584 0.380403
vn -0.918186 -0.110584 0.380403
vn 0.853836 0.415833 0.313125
vn 0.055849 -0.242554 0.968529
vn 0.412877 -0.014955 0.910664
vn -0.187753 -0.369927 0.909892
vn -0.966163 -0.004187 0.257898
vn -0.965106 0.002081 0.261850
vn -0.965210 0.001480 0.261471
vn -0.962930 0.014093 0.269382
vn -0.960482 0.182542 0.210124
vn -0.968088 0.165832 0.187898
vn -0.975939 0.146179 0.161790
vn -0.992875 0.086175 0.082300
vn -0.844665 0.533623 0.042278
vn -0.844665 0.533623 0.042278
vn -0.844665 0.533623 0.042278
vn 0.038498 0.109932 0.993193
vn -0.310276 0.432805 0.846409
vn -0.223734 0.356318 0.907183
vn -0.433315 0.536236 0.724354
vn -0.491457 0.079082 0.867304
vn 0.663997 0.140343 0.734446
vn 0.431324 0.144774 0.890506
vn 0.766877 0.133497 0.627756
vn -0.048560 0.998815 -0.003294
vn -0.130963 0.875862 0.464452
vn -0.253434 0.943640 0.212872
vn -0.355752 0.548737 0.756524
vn 0.690907 0.527277 0.494598
vn -0.006537 0.999973 0.003282
vn -0.006537 0.999973 0.003282
vn -0.006537 0.999973 0.003282
vn 0.188779 0.803804 0.564147
vn -0.056771 0.517147 0.854012
vn 0.086966 0.701790 0.707056
vn -0.304524 0.081527 0.949009
vn -0.956322 -0.060471 0.285992
vn -0.956322 -0.060471 0.285992
vn -0.956322 -0.060471 0.285992
vn -0.953249 -0.000256 0.302185
vn -0.953249 -0.000256 0.302185
vn -0.953249 -0.000256 0.302185
vn 0.769121 0.186349 0.611332
vn 0.769121 0.186349 0.611332
vn 0.769121 0.186349 0.611332
vn 0.542973 0.063966 0.837310
vn 0.529376 -0.054545 0.846632
vn 0.489017 -0.253347 0.834672
vn 0.475529 -0.302276 0.826137
vn 0.507678 0.068897 0.858788
vn 0.521203 0.043755 0.852310
vn 0.521242 0.043680 0.852290
vn 0.525445 0.035685 0.850079
vn 0.647921 0.522237 0.554497
vn 0.647921 0.522237 0.554497
vn 0.647921 0.522237 0.554497
vn 0.473892 0.296908 0.829019
vn 0.470074 0.309577 0.826554
vn 0.434628 0.413791 0.799922
vn 0.365519 0.570959 0.735120
vn 0.405424 0.311834 0.859297
vn 0.269201 0.471342 0.839862
vn 0.149249 0.585991 0.796454
vn -0.093241 0.756972 0.646761
vn -0.649366 -0.127362 0.749735
vn -0.627580 0.135217 0.766720
vn -0.643391 0.012361 0.765438
vn -0.439141 0.644260 0.626166
vn -0.818510 0.219696 0.530825
vn -0.818510 0.219696 0.530825
vn -0.818510 0.219696 0.530825
vn 0.664526 0.337563 0.666675
vn 0.609574 0.455374 0.648888
vn 0.596278 0.479880 0.643559
vn 0.356810 0.781514 0.511784
vn -0.727596 0.574707 0.374588
vn -0.683223 0.624775 0.377971
vn -0.668105 0.640481 0.378707
vn -0.418820 0.829581 0.369305
vn -0.282367 0.712277 0.642596
vn 0.504161 0.425692 0.751404
vn 0.430838 0.475444 0.767028
vn 0.656865 0.298444 0.692430
vn 0.461642 0.215816 0.860413
vn 0.461642 0.215816 0.860413
vn 0.461642 0.215816 0.860413
vn 0.724835 0.158297 0.670490
vn 0.724835 0.158297 0.670490
vn 0.724835 0.158297 0.670490
vn 0.579797 0.814652 -0.013341
vn 0.579797 0.814652 -0.013341
vn 0.579797 0.814652 -0.013341
vn 0.164928 0.122433 0.978677
vn 0.066817 0.272913 0.959716
vn 0.070969 0.266790 0.961138
vn -0.160479 0.576183 0.801411
vn -0.376822 0.918321 0.121208
vn -0.153659 0.963611 0.218729
vn -0.143769 0.899451 0.412696
vn 0.468238 0.563109 0.680927
vn 0.020246 0.990897 -0.133090
vn -0.047540 -0.234975 0.970838
vn -0.397501 -0.186641 0.898420
vn -0.213929 -0.216000 0.952669
vn -0.435194 -0.179382 0.882286
vn -0.039969 -0.366126 0.929706
vn -0.039969 -0.366126 0.929707
vn -0.039969 -0.366126 0.929706
vn 0.750611 0.020966 0.660411
vn 0.750611 0.020966 0.660411
vn 0.750611 0.020966 0.660411
vn 0.789034 0.515444 0.334279
vn 0.789035 0.515444 0.334279
vn 0.789035 0.515444 0.334279
vn 0.339644 0.195511 0.920010
vn 0.339644 0.195511 0.920010
vn 0.339644 0.195511 0.920009
vn 0.648099 -0.106717 0.754042
vn 0.648099 -0.106717 0.754042
vn 0.648099 -0.106717 0.754042
vn 0.648410 0.749303 0.134573
vn 0.648410 0.749303 0.134573
vn 0.648410 0.749303 0.134573
vn -0.309691 -0.125847 0.942472
vn -0.309691 -0.125847 0.942472
vn -0.309691 -0.125847 0.942472
vn 0.503581 0.052163 0.862372
vn 0.503581 0.052163 0.862372
vn 0.503581 0.052163 0.862372
vn 0.652414 0.119287 0.748416
vn 0.652414 0.119287 0.748416
vn 0.652414 0.119287 0.748416
vn 0.651743 0.144291 0.744588
vn 0.589028 0.255530 0.766649
vn 0.583335 0.264638 0.767911
vn 0.512502 0.367747 0.775954
vn 0.649019 0.113863 0.752203
vn 0.649019 0.113863 0.752203
vn 0.649019 0.113863 0.752203
vn -0.574052 -0.046799 0.817480
vn -0.389596 0.031012 0.920464
vn -0.111517 0.132719 0.984860
vn 0.168290 0.219824 0.960914
vn 0.225549 0.419971 0.879063
vn 0.244402 0.396956 0.884700
vn 0.250544 0.389319 0.886374
vn 0.292053 0.335831 0.895501
vn 0.175783 0.481824 0.858456
vn 0.175783 0.481824 0.858456
vn 0.175783 0.481824 0.858456
vn -0.740017 -0.218186 0.636215
vn -0.740017 -0.218186 0.636215
vn -0.740017 -0.218186 0.636215
vn 0.372541 0.290881 0.881250
vn 0.372541 0.290881 0.881250
vn 0.372541 0.290881 0.881250
vn -0.183168 0.449807 0.874141
vn -0.183168 0.449807 0.874141
vn -0.183168 0.449807 0.874141
vn 0.312027 0.109896 0.943696
vn 0.311753 0.109700 0.943809
vn 0.311504 0.109521 0.943912
vn 0.309932 0.108390 0.944560
vn 0.288394 0.866384 0.407686
vn 0.192841 0.947291 0.255838
vn 0.104243 0.987691 0.116621
vn -0.001765 0.998833 -0.048259
vn -0.287484 0.893776 -0.344263
vn -0.287484 0.893776 -0.344263
vn -0.287484 0.893776 -0.344263
vn -0.496750 0.770248 0.399947
vn -0.437720 0.743469 0.505623
vn -0.303063 0.657227 0.690076
vn -0.279485 0.959898 0.021989
vn -0.209460 0.610620 0.763721
vn -0.494966 0.842297 0.213409
vn -0.494966 0.842297 0.213409
vn -0.494966 0.842297 0.213409
vn -0.084510 0.984647 -0.152734
vn -0.084510 0.984647 -0.152734
vn -0.084510 0.984647 -0.152734
vn 0.283563 0.891414 0.353516
vn 0.283563 0.891414 0.353516
vn 0.283563 0.891414 0.353516
vn 0.431063 0.680956 0.592017
vn 0.431063 0.680956 0.592017
vn 0.431063 0.680956 0.592017
vn 0.209976 0.972973 0.096088
vn 0.144285 0.974349 0.172699
vn 0.083393 0.967009 0.240707
vn -0.461564 0.522226 0.717104
vn -0.540103 0.826551 -0.158439
vn -0.540103 0.826551 -0.158439
vn -0.540103 0.826551 -0.158439
vn -0.292829 0.940655 -0.171521
vn -0.292829 0.940655 -0.171521
vn -0.292829 0.940655 -0.171521
vn 0.418061 0.616175 0.667497
vn 0.418061 0.616175 0.667497
vn 0.418061 0.616175 0.667498
vn -0.013461 0.889435 0.456863
vn -0.050546 0.923738 0.379675
vn -0.074358 0.941778 0.327910
vn -0.085990 0.949428 0.301980
vn 0.082581 0.883365 0.461353
vn 0.087986 0.962713 0.255815
vn 0.081360 0.914251 0.396895
vn 0.079622 0.974505 0.209761
vn 0.000913 0.998907 -0.046730
vn -0.011064 0.994969 0.099572
vn -0.015877 0.995068 0.097919
vn -0.012213 0.994995 0.099178
vn -0.017356 0.995093 0.097410
vn -0.365774 0.589997 0.719801
vn -0.365774 0.589997 0.719800
vn -0.365774 0.589997 0.719801
vn -0.138017 0.530365 0.836460
vn -0.138017 0.530365 0.836460
vn -0.138017 0.530365 0.836460
vn -0.244338 0.616362 0.748597
vn -0.178639 0.588656 0.788399
vn -0.204081 0.599791 0.773694
vn -0.140771 0.571161 0.808677
vn -0.320207 0.676278 0.663412
vn -0.320207 0.676278 0.663412
vn -0.320207 0.676278 0.663412
vn -0.209046 0.565313 0.797948
vn -0.209046 0.565313 0.797948
vn -0.209046 0.565313 0.797948
vn -0.143980 0.541423 0.828330
vn -0.143980 0.541423 0.828330
vn -0.143980 0.541423 0.828330
vn -0.633209 -0.562196 0.531960
vn -0.633099 -0.487513 0.601262
vn -0.629397 -0.435119 0.643841
vn -0.612884 -0.321971 0.721601
vn -0.453081 0.480301 0.751018
vn -0.453081 0.480301 0.751018
vn -0.453081 0.480301 0.751018
vn 0.389728 -0.055882 0.919233
vn 0.389729 -0.055882 0.919233
vn 0.389729 -0.055882 0.919233
vn 0.598802 0.278056 0.751080
vn 0.598802 0.278056 0.751080
vn 0.598802 0.278056 0.751080
vn 0.207213 0.537607 0.817338
vn 0.207213 0.537607 0.817338
vn 0.207213 0.537607 0.817338
vn -0.496962 -0.297774 0.815083
vn -0.421713 -0.318636 0.848899
vn -0.470393 -0.305503 0.827888
vn -0.399403 -0.324234 0.857525
vn 0.291361 -0.093137 0.952068
vn 0.145888 -0.011044 0.989240
vn 0.173137 -0.026263 0.984547
vn -0.124870 0.136495 0.982740
vn 0.293786 0.538739 0.789589
vn 0.293786 0.538739 0.789589
vn 0.293786 0.538739 0.789589
vn -0.932550 -0.130772 0.336526
vn -0.932550 -0.130772 0.336526
vn -0.932550 -0.130772 0.336526
vn -0.681319 -0.242531 0.690639
vn -0.681320 -0.242531 0.690639
vn -0.681320 -0.242531 0.690639
vn -0.391004 0.417700 0.820148
vn -0.391004 0.417700 0.820148
vn -0.391004 0.417700 0.820148
vn -0.836799 0.211082 0.505185
vn -0.836799 0.211082 0.505185
vn -0.836799 0.211082 0.505185
vn 0.131341 0.606198 0.784394
vn 0.358583 0.306811 0.881638
vn 0.288809 0.412020 0.864193
vn 0.388589 0.256977 0.884851
vn -0.227129 -0.110723 0.967550
vn -0.227129 -0.110723 0.967550
vn -0.227129 -0.110723 0.967550
vn 0.116886 -0.036927 0.992459
vn -0.037359 -0.109214 0.993316
vn 0.013203 -0.085812 0.996224
vn -0.459519 -0.292556 0.838602
vn 0.094170 -0.151303 0.983992
vn 0.156196 -0.115058 0.981002
vn 0.144892 -0.121743 0.981929
vn 0.197963 -0.090042 0.976065
vn -0.775197 0.361922 0.517766
vn -0.775197 0.361922 0.517766
vn -0.775197 0.361922 0.517766
vn -0.818895 0.561113 0.120681
vn -0.818895 0.561113 0.120681
vn -0.818895 0.561113 0.120681
vn -0.805312 0.553998 0.211091
vn -0.778565 0.602916 0.174151
vn -0.787904 0.586845 0.186600
vn -0.732183 0.670880 0.117591
vn -0.295736 0.784494 0.545078
vn -0.295736 0.784494 0.545078
vn -0.295736 0.784494 0.545078
vn -0.490918 0.390390 0.778842
vn 0.065289 0.793906 0.604525
vn -0.326202 0.555152 0.765114
vn 0.306141 0.849636 0.429415
vn -0.508643 0.824381 0.248351
vn -0.513135 0.823563 0.241738
vn -0.514064 0.823386 0.240362
vn -0.528557 0.820288 0.218529
vn -0.205349 0.965544 0.159866
vn -0.163284 0.978383 0.126908
vn -0.080439 0.994829 0.062008
vn -0.004711 0.999985 0.002693
vn -0.100500 0.291383 0.951313
vn -0.312513 0.942650 0.117249
vn -0.289537 0.869594 0.399969
vn -0.313085 0.944623 0.098315
vn 0.326968 0.928267 -0.177236
vn 0.703234 0.694108 -0.153870
vn 0.670085 0.725322 -0.157776
vn 0.731101 0.665535 -0.150179
vn -0.635370 0.587383 0.501285
vn -0.323582 0.944254 0.060647
vn -0.450895 0.864900 0.220548
vn -0.318139 0.946496 0.054158
vn 0.303015 0.940961 0.150914
vn 0.303015 0.940961 0.150914
vn 0.303015 0.940961 0.150914
vn 0.648898 0.481642 0.589027
vn 0.648898 0.481642 0.589027
vn 0.648898 0.481642 0.589027
vn 0.695763 0.674329 0.247376
vn 0.722736 0.689600 0.045885
vn 0.708151 0.682653 0.180298
vn 0.724339 0.689349 0.011437
vn 0.677562 0.731395 -0.077274
vn 0.677562 0.731395 -0.077274
vn 0.677562 0.731395 -0.077274
vn 0.565540 0.783246 0.258246
vn -0.322010 0.575928 0.751410
vn 0.439186 0.813574 0.381068
vn -0.474565 0.449801 0.756616
vn -0.091687 0.995461 -0.025519
vn 0.043068 0.996327 0.074008
vn -0.066627 0.997754 -0.006920
vn 0.139023 0.979742 0.144149
vn -0.005363 0.999982 0.002693
vn 0.052074 0.997363 0.050558
vn -0.005363 0.999982 0.002693
vn 0.064824 0.996020 0.061178
vn 0.274059 0.932520 0.235157
vn -0.164983 0.970953 0.173293
vn -0.077243 0.993838 0.079496
vn -0.087288 0.992088 0.090232
vn 0.011998 0.999802 -0.015852
vn 0.043763 0.993728 0.102903
vn 0.058932 0.993280 0.099611
vn 0.064827 0.993041 0.098324
vn 0.066601 0.992962 0.097936
vn -0.039491 0.994728 0.094638
vn -0.044601 0.994958 0.089828
vn -0.041357 0.994818 0.092882
vn -0.048186 0.995090 0.086450
vn 0.025017 0.999519 0.018314
vn 0.059404 0.994091 0.090851
vn 0.052978 0.995601 0.077279
vn 0.073520 0.989963 0.120695
vn 0.071666 0.996694 0.038285
vn 0.093351 0.994886 0.038558
vn 0.230292 0.972305 0.039865
vn 0.354192 0.934300 0.040391
vn 0.071288 0.526321 0.847292
vn 0.049905 0.268079 0.962103
vn 0.069683 0.505880 0.859785
vn 0.046124 0.224893 0.973291
vn -0.079383 0.996611 -0.021563
vn -0.079383 0.996611 -0.021563
vn -0.079383 0.996611 -0.021563
vn -0.751497 -0.067375 0.656288
vn -0.786687 -0.108973 0.607659
vn -0.842126 -0.186666 0.505944
vn -0.883765 -0.266922 0.384333
vn 0.482776 0.233403 0.844068
vn 0.482776 0.233403 0.844068
vn 0.482776 0.233403 0.844068
vn -0.097397 0.731962 0.674348
vn -0.028700 0.609844 0.792001
vn -0.032833 0.617717 0.785715
vn -0.012934 0.579209 0.815076
vn 0.413042 0.557770 0.719922
vn 0.569791 0.372007 0.732768
vn 0.580495 0.356743 0.731956
vn 0.636537 0.269230 0.722728
vn 0.279436 0.590402 0.757193
vn -0.202406 0.262717 0.943404
vn -0.280428 0.194145 0.940036
vn -0.396281 0.082771 0.914391
vn 0.630538 0.470054 0.617633
vn 0.302093 0.131439 0.944174
vn 0.292456 0.122274 0.948429
vn -0.080268 -0.212085 0.973949
vn -0.016844 0.999304 0.033284
vn -0.016844 0.999304 0.033284
vn -0.016844 0.999304 0.033284
vn -0.075190 0.996662 0.031815
vn -0.073404 0.996708 0.034422
vn -0.072816 0.996721 0.035281
vn -0.071899 0.996740 0.036619
vn 0.211292 0.977198 -0.020985
vn 0.199697 0.979359 -0.031254
vn 0.196530 0.979906 -0.034049
vn 0.187285 0.981399 -0.042189
vn -0.008921 0.989999 0.140793
vn -0.024304 0.992544 0.119443
vn -0.053249 0.995453 0.078982
vn -0.087967 0.995673 0.029944
vn 0.258026 0.966037 -0.013960
vn 0.258026 0.966037 -0.013960
vn 0.258026 0.966037 -0.013960
vn -0.097808 0.994316 0.042072
vn -0.097808 0.994316 0.042072
vn -0.097808 0.994316 0.042072
vn 0.029895 0.999491 -0.011127
vn 0.005443 0.999582 0.028388
vn 0.012331 0.999775 0.017265
vn -0.005196 0.998948 0.045556
vn -0.125421 0.992031 0.011974
vn -0.107706 0.993557 0.035276
vn -0.091128 0.994210 0.056945
vn -0.060523 0.993481 0.096609
vn 0.116340 0.989165 0.089542
vn 0.060359 0.997004 0.048380
vn 0.086921 0.993898 0.067914
vn 0.022198 0.999547 0.020310
vn 0.285049 0.957522 0.043578
vn 0.285049 0.957522 0.043578
vn 0.285049 0.957522 0.043578
vn -0.157581 0.981511 0.108644
vn -0.024331 0.999232 0.030716
vn -0.076200 0.995219 0.061098
vn 0.083267 0.995997 -0.032498
vn -0.020428 0.981937 0.188102
vn -0.019614 0.987535 0.156171
vn -0.018945 0.991276 0.130436
vn -0.017972 0.995441 0.093675
vn -0.243321 0.969658 -0.023627
vn -0.262466 0.963548 -0.051833
vn -0.250876 0.967397 -0.034710
vn -0.268208 0.961467 -0.060374
vn -0.087922 0.995770 0.026686
vn -0.051625 0.991412 0.120159
vn -0.064590 0.994107 0.087063
vn -0.006017 0.972199 0.234079
vn -0.111103 0.980310 0.163246
vn -0.091291 0.988688 0.119003
vn -0.082116 0.991735 0.098583
vn -0.006786 0.997696 -0.067504
vn 0.123551 0.925085 -0.359101
vn -0.040920 0.926623 -0.373758
vn 0.007005 0.928793 -0.370533
vn -0.287135 0.880808 -0.376472
vn 0.305838 0.914657 -0.264322
vn 0.229453 0.925992 -0.299816
vn 0.163445 0.930364 -0.328191
vn 0.139441 0.930758 -0.338003
vn -0.061228 0.924310 -0.376700
vn 0.064584 0.918288 -0.390610
vn 0.141791 0.907206 -0.396072
vn 0.180242 0.899548 -0.397902
vn 0.013847 0.944596 -0.327942
vn 0.020691 0.943315 -0.331252
vn 0.020441 0.943363 -0.331132
vn 0.027829 0.941919 -0.334684
vn 0.125469 0.984804 0.120080
vn 0.347748 0.934560 -0.075291
vn 0.335850 0.939720 -0.064271
vn 0.422290 0.894616 -0.146060
vn 0.045282 0.998553 -0.029015
vn -0.010812 0.998690 0.050015
vn 0.021694 0.999756 0.004258
vn -0.041687 0.994758 0.093375
vn -0.004286 0.998723 -0.050346
vn -0.006036 0.998948 -0.045456
vn -0.005074 0.998828 -0.048143
vn -0.006363 0.998987 -0.044542
vn 0.006402 0.998625 -0.052022
vn 0.007282 0.998658 -0.051269
vn 0.007169 0.998654 -0.051366
vn 0.008420 0.998699 -0.050297
vn -0.260204 0.923737 -0.281076
vn -0.227832 0.950256 -0.212383
vn -0.166387 0.982271 -0.086370
vn -0.130683 0.991304 -0.015429
vn 0.031580 0.962583 -0.269140
vn -0.012245 0.955955 -0.293256
vn -0.086210 0.939226 -0.332300
vn -0.159246 0.915775 -0.368778
vn 0.004977 0.999625 0.026942
vn 0.004977 0.999625 0.026942
vn 0.004977 0.999625 0.026942
vn 0.691812 0.719119 0.065295
vn 0.690152 0.720658 0.065898
vn 0.682213 0.727914 0.068754
vn 0.679675 0.730199 0.069659
vn -0.129217 0.991361 0.022497
vn -0.132903 0.990664 0.030369
vn -0.135701 0.990691 0.010787
vn -0.172409 0.984288 -0.038111
vn -0.136824 0.985971 0.095606
vn -0.009624 0.994766 0.101723
vn -0.009624 0.994766 0.101723
vn -0.009624 0.994766 0.101723
vn 0.459100 0.612098 0.643866
vn 0.453534 0.617841 0.642324
vn 0.434336 0.637106 0.636748
vn 0.427375 0.643889 0.634631
vn -0.057567 0.997494 -0.041137
vn -0.055158 0.997709 -0.039163
vn -0.056232 0.997574 -0.041045
vn -0.050091 0.998129 -0.035055
vn -0.025194 0.999678 -0.003194
vn 0.186703 0.980781 0.056657
vn 0.186703 0.980781 0.056657
vn 0.186703 0.980781 0.056657
vn -0.685764 0.719513 -0.109678
vn -0.522854 0.822173 -0.225065
vn -0.537168 0.815335 -0.216055
vn -0.333337 0.883454 -0.329236
vn -0.361637 0.913419 -0.186774
vn -0.265922 0.940679 -0.210733
vn -0.149373 0.960163 -0.236166
vn -0.054350 0.965658 -0.254067
vn -0.231631 0.967791 -0.098633
vn -0.358865 0.842753 -0.401228
vn -0.296891 0.922490 -0.246714
vn -0.408409 0.734868 -0.541453
vn -0.141492 0.907714 -0.395014
vn 0.120838 0.990843 0.060236
vn -0.049057 0.969603 -0.239716
vn 0.179999 0.968993 0.169274
vn 0.169042 0.985253 0.026489
vn 0.105377 0.994431 0.001582
vn 0.159165 0.986993 0.022613
vn 0.103568 0.994622 0.000877
vn 0.090455 0.977020 -0.193001
vn 0.007724 0.990269 -0.138953
vn -0.014096 0.982554 -0.185442
vn -0.044962 0.976620 -0.210217
vn -0.061012 0.953289 -0.295834
vn 0.130139 0.991486 0.004438
vn 0.286161 0.942675 -0.171686
vn 0.254822 0.957436 -0.135582
vn 0.390655 0.871912 -0.295226
vn 0.013966 0.945084 0.326528
vn -0.078921 0.970645 0.227201
vn -0.004236 0.951527 0.307535
vn -0.141648 0.977438 0.156688
vn 0.083450 0.617514 0.782120
vn 0.083450 0.617514 0.782120
vn 0.083450 0.617514 0.782120
vn 0.131099 0.991304 -0.011368
vn 0.185343 0.981029 -0.056835
vn 0.183100 0.981807 -0.050302
vn 0.226741 0.970390 -0.083262
vn 0.227116 0.970777 -0.077523
vn 0.242411 0.966799 -0.080846
vn -0.913956 0.394796 -0.093916
vn -0.908488 0.367329 -0.199296
vn -0.900969 0.350533 -0.255698
vn -0.872586 0.308415 -0.378779
vn -0.165675 0.563470 0.809354
vn -0.165675 0.563470 0.809354
vn -0.165675 0.563470 0.809354
vn 0.040215 0.996226 0.076925
vn 0.040215 0.996225 0.076925
vn 0.040215 0.996226 0.076925
vn -0.505198 0.080030 0.859285
vn -0.505672 0.604702 0.615331
vn -0.515187 0.548884 0.658262
vn -0.138805 0.968736 -0.205630
vn 0.772491 0.197915 0.603397
vn 0.458012 0.586157 0.668316
vn 0.534276 0.478614 0.696763
vn -0.011245 0.915144 0.402969
vn -0.011827 0.999828 0.014322
vn -0.735681 0.531525 0.419826
vn -0.630740 0.613382 0.475321
vn 0.356115 0.761165 0.542042
vn 0.457492 0.726647 0.512528
vn 0.448214 0.021989 0.893656
vn 0.448214 0.021989 0.893656
vn 0.448214 0.021989 0.893656
vn -0.431555 0.057090 0.900278
vn -0.525344 -0.086897 0.846441
vn -0.495591 -0.038601 0.867698
vn -0.604628 -0.233282 0.761580
vn 0.463423 0.067440 0.883567
vn 0.352980 0.123130 0.927493
vn 0.410305 0.094875 0.907000
vn 0.001599 0.270810 0.962631
vn -0.621746 0.048496 0.781716
vn -0.561871 -0.038764 0.826316
vn -0.541619 -0.065957 0.838032
vn -0.358948 -0.275465 0.891782
vn 0.001208 0.321498 0.946909
vn -0.039137 0.284150 0.957981
vn -0.061135 0.263360 0.962759
vn -0.085868 0.239623 0.967061
vn -0.078544 -0.032143 0.996392
vn -0.246120 0.132661 0.960118
vn -0.256503 0.143085 0.955894
vn -0.363679 0.252376 0.896685
vn -0.279221 0.174259 0.944282
vn -0.279221 0.174259 0.944282
vn -0.279221 0.174259 0.944282
vn -0.101018 0.984850 0.140946
vn -0.155520 0.956218 0.247912
vn -0.185627 0.933302 0.307392
vn -0.406510 0.510311 0.757847
vn -0.178290 0.919026 -0.351573
vn -0.004620 0.997120 0.075697
vn -0.097866 0.983642 -0.151233
vn 0.016778 0.991756 0.127036
vn -0.371422 0.353411 0.858572
vn -0.404166 0.274180 0.872625
vn -0.492042 0.335566 0.803299
vn -0.608423 0.297760 0.735636
vn -0.621385 0.751394 0.222010
vn -0.578949 0.743609 0.334460
vn -0.578949 0.743609 0.334460
vn -0.578949 0.743609 0.334460
vn 0.158662 -0.169687 0.972642
vn -0.334973 0.136039 0.932355
vn -0.409261 0.184484 0.893572
vn -0.722233 0.400978 0.563558
vn 0.006267 0.491407 0.870908
vn -0.031572 0.399677 0.916112
vn -0.016234 0.437543 0.899051
vn -0.046033 0.363114 0.930607
vn -0.763815 0.422396 -0.488025
vn -0.764010 0.422594 -0.487548
vn -0.764086 0.422672 -0.487361
vn -0.764234 0.422822 -0.486998
vn -0.596234 0.780717 -0.187047
vn -0.571365 0.747239 -0.339377
vn -0.570872 0.746580 -0.341647
vn -0.509697 0.665203 -0.545632
vn 0.108346 0.952183 0.285673
vn 0.211720 0.947086 0.241254
vn 0.326938 0.907714 0.262996
vn 0.359437 0.905176 0.226852
vn 0.106932 0.994098 0.018295
vn 0.106931 0.994098 0.018294
vn -0.492517 0.833223 -0.251331
vn -0.470350 0.880789 0.054608
vn -0.486001 0.870089 -0.082150
vn -0.183931 0.569570 0.801099
vn -0.517530 0.498615 0.695375
vn -0.517530 0.498614 0.695375
vn -0.517530 0.498614 0.695375
vn -0.474391 0.497015 0.726587
vn -0.474391 0.497015 0.726587
vn -0.474391 0.497015 0.726587
vn -0.365027 0.540329 0.758155
vn -0.365027 0.540329 0.758155
vn -0.365027 0.540329 0.758155
vn -0.197725 0.448081 0.871853
vn -0.197725 0.448081 0.871853
vn -0.197726 0.448081 0.871853
vn -0.197726 0.448081 0.871853
vn 0.752582 0.136390 0.644219
vn 0.752582 0.136390 0.644219
vn 0.752582 0.136390 0.644219
vn 0.475142 0.698655 0.534902
vn 0.475142 0.698655 0.534902
vn 0.475142 0.698655 0.534902
vn 0.049510 -0.339311 0.939370
vn -0.002193 0.004031 0.999990
vn 0.001317 -0.019320 0.999813
vn -0.045697 0.293943 0.954730
vn 0.106774 0.917339 0.383520
vn -0.220882 0.832688 0.507781
vn -0.324431 0.780217 0.534795
vn -0.435086 0.708173 0.556050
vn 0.129627 0.860349 -0.492947
vn 0.129627 0.860349 -0.492947
vn 0.129627 0.860349 -0.492947
vn -0.366197 0.925899 -0.092796
vn -0.366197 0.925899 -0.092796
vn -0.366197 0.925899 -0.092796
vn -0.738127 0.429730 0.520097
vn -0.738127 0.429730 0.520097
vn -0.738127 0.429730 0.520097
vn 0.105540 0.963528 0.245919
vn -0.079673 0.876676 0.474438
vn 0.034757 0.940681 0.337509
vn -0.355471 0.569179 0.741401
vn 0.151914 0.909884 0.386048
vn 0.151914 0.909884 0.386048
vn 0.151914 0.909884 0.386048
vn 0.152072 0.894165 0.421121
vn 0.152072 0.894165 0.421121
vn 0.152072 0.894165 0.421121
vn 0.146012 0.973844 -0.174093
vn 0.146012 0.973844 -0.174093
vn 0.146012 0.973844 -0.174093
vn -0.697487 0.462884 -0.547038
vn -0.738667 0.518502 -0.430727
vn -0.752102 0.531623 -0.389512
vn -0.779508 0.604614 -0.163733
vn -0.770226 0.611294 -0.181855
vn -0.532189 0.377476 0.757817
vn -0.532189 0.377476 0.757817
vn -0.532189 0.377476 0.757817
vn -0.553945 0.402351 0.728875
vn -0.553945 0.402351 0.728875
vn -0.553945 0.402351 0.728875
vn -0.164262 0.951486 0.260177
vn -0.164262 0.951486 0.260177
vn -0.164262 0.951486 0.260177
vn -0.243077 0.937136 0.250379
vn -0.346853 0.745572 0.569048
vn -0.308986 0.841322 0.443514
vn -0.402181 0.377229 0.834235
vn 0.012753 0.992257 0.123544
vn 0.012753 0.992257 0.123544
vn 0.012753 0.992257 0.123544
vn -0.060271 0.987845 -0.143285
vn 0.054589 0.984942 -0.164041
vn 0.041451 0.985957 -0.161774
vn 0.131617 0.975412 -0.176775
vn -0.133762 0.969817 -0.203870
vn -0.133762 0.969817 -0.203870
vn -0.133762 0.969817 -0.203870
vn 0.071791 0.996899 -0.032237
vn 0.024566 0.999269 -0.029280
vn -0.015569 0.999522 -0.026718
vn -0.168834 0.985506 -0.016520
vn 0.090455 0.977020 -0.193002
vn 0.090455 0.977020 -0.193002
vn 0.090455 0.977020 -0.193002
vn 0.448210 0.021988 0.893658
vn 0.449215 0.019977 0.893200
vn 0.449989 0.018425 0.892844
vn 0.450970 0.016453 0.892387
vn -0.735678 0.531527 0.419829
vn 0.298681 0.217616 0.929211
vn -0.027310 0.378277 0.925290
vn 0.465993 0.113953 0.877420
vn -0.738127 0.429727 0.520099
vn -0.738127 0.429727 0.520099
vn -0.738127 0.429727 0.520099
vn -0.738127 0.429727 0.520099
vn -0.197727 0.448082 0.871852
vn -0.197727 0.448082 0.871852
vn -0.197727 0.448082 0.871852
vn -0.279214 0.174260 0.944284
vn -0.279214 0.174260 0.944284
vn -0.279214 0.174260 0.944284
vn 0.040215 0.996226 0.076925
vn 0.040215 0.996226 0.076925
vn 0.040215 0.996226 0.076925
vn -0.164262 0.951486 0.260177
vn -0.164261 0.951486 0.260177
vn -0.164262 0.951486 0.260177
vn -0.164261 0.951486 0.260178
vn -0.365019 0.540331 0.758158
vn -0.365030 0.540327 0.758155
vn -0.365024 0.540329 0.758157
vn -0.365030 0.540327 0.758155
vn -0.478311 0.852169 0.212196
vn -0.385988 0.889735 0.243692
vn 0.100982 0.930069 0.353233
vn 0.107377 0.929021 0.354106
vn 0.106931 0.994098 0.018294
vn 0.106931 0.994098 0.018294
vn 0.106931 0.994098 0.018294
vn 0.382157 0.922491 0.054469
vn 0.346893 0.933265 0.093176
vn 0.382610 0.920781 0.075974
vn 0.192705 0.972401 0.131532
vn 0.110797 0.983106 0.145695
vn 0.242411 0.966799 -0.080846
vn 0.242411 0.966799 -0.080846
vn 0.242411 0.966799 -0.080846
vn -0.164418 0.986293 0.013916
vn -0.166885 0.985870 -0.014489
vn -0.100137 0.991495 -0.083125
vn -0.173856 0.810684 -0.559076
vn -0.005363 0.999982 0.002694
vn -0.279485 0.959898 0.021989
vn -0.277798 0.960401 -0.021409
vn -0.292567 0.954898 -0.050742
vn -0.284852 0.957871 -0.036654
vn -0.302475 0.950647 -0.069128
vn 0.041254 0.998500 0.036009
vn -0.067399 0.997276 0.029956
vn -0.150286 0.988325 0.025067
vn -0.164715 0.986045 0.024191
vn 0.042569 0.979187 0.198447
vn 0.042569 0.979187 0.198447
vn 0.042569 0.979187 0.198447
vn -0.336199 0.940329 0.052455
vn -0.122519 0.992231 0.021612
vn -0.061683 0.998019 0.012404
vn -0.006752 0.999966 0.004784
vn -0.005363 0.999982 0.002692
vn -0.005363 0.999982 0.002693
vn 0.061180 0.993387 -0.097160
vn 0.061180 0.993387 -0.097160
vn 0.061180 0.993387 -0.097160
vn -0.016638 0.984230 -0.176107
vn -0.016638 0.984230 -0.176107
vn -0.016638 0.984230 -0.176107
vn -0.038488 0.998524 -0.038315
vn -0.038488 0.998524 -0.038315
vn -0.038488 0.998524 -0.038315
vn 0.124520 0.981580 -0.144895
vn 0.021491 0.980199 -0.196843
vn -0.119650 0.963107 -0.241058
vn -0.130061 0.955777 -0.263770
vn -0.222662 0.941211 -0.254054
vn -0.362998 0.752972 -0.548878
vn -0.362998 0.752971 -0.548878
vn -0.362998 0.752972 -0.548878
vn -0.216800 0.946792 0.237870
vn -0.216800 0.946792 0.237870
vn -0.216800 0.946792 0.237870
vn -0.239396 0.882668 0.404459
vn -0.239396 0.882668 0.404459
vn -0.239396 0.882668 0.404459
vn 0.042569 0.979187 0.198445
vn 0.042569 0.979187 0.198446
vn 0.042569 0.979187 0.198447
vn 0.042569 0.979187 0.198447
vn -0.108014 0.968387 -0.224853
vn -0.118289 0.969376 -0.215214
vn -0.123712 0.969821 -0.210101
vn -0.312446 0.949724 -0.020024
vn 0.042606 0.931846 -0.360345
vn -0.418945 0.886951 -0.194428
vn -0.298631 0.921727 -0.247466
vn -0.450185 0.892649 0.022594
vn -0.528410 0.840214 -0.121751
vn -0.009648 0.989346 0.145266
vn 0.002623 0.990321 0.138769
vn -0.133260 0.964425 0.228311
vn -0.017010 0.984357 0.175360
vn -0.424030 0.808103 0.408863
vn -0.149525 0.957810 0.245443
vn -0.218408 0.950199 0.222306
vn -0.221414 0.953642 0.203821
vn -0.288052 0.938615 0.189808
vn -0.223738 0.958225 0.178178
vn -0.248819 0.959943 0.128840
vn -0.248819 0.959943 0.128840
vn -0.248819 0.959943 0.128840
vn -0.216800 0.946793 0.237869
vn -0.216800 0.946793 0.237869
vn -0.216800 0.946793 0.237869
vn -0.239396 0.882668 0.404459
vn -0.239396 0.882668 0.404459
vn -0.239396 0.882668 0.404459
vn -0.507411 0.859264 0.064807
vn -0.510312 0.857310 0.067826
vn -0.512028 0.856143 0.069616
vn -0.578671 0.803082 0.142121
vn -0.303787 0.939666 0.157292
vn -0.290632 0.943335 0.160165
vn -0.223855 0.958947 0.174096
vn -0.222901 0.959135 0.174287
f 873/2/1 874/3/2 399/1/3
f 399/1/3 874/3/2 3/4/4
f 542/5/5 570/6/6 571/7/7
f 6/8/8 876/9/9 8/11/10
f 8/11/10 876/9/9 877/10/11
f 878/13/12 879/14/13 526/12/14
f 526/12/14 879/14/13 10/15/15
f 879/14/16 880/16/17 10/15/18
f 10/15/18 880/16/17 12/17/19
f 12/17/20 880/16/21 14/19/22
f 14/19/22 880/16/21 881/18/23
f 307/20/24 13/21/25 15/22/26
f 307/20/27 15/22/28 306/24/29
f 306/24/29 15/22/28 17/23/30
f 305/25/31 306/24/32 17/23/33
f 894/26/34 23/27/35 893/29/36
f 893/29/36 23/27/35 25/28/37
f 893/29/38 25/28/39 892/31/40
f 892/31/40 25/28/39 27/30/41
f 892/31/42 27/30/43 891/33/44
f 891/33/44 27/30/43 29/32/45
f 29/32/46 31/34/47 891/33/48
f 891/33/48 31/34/47 890/35/49
f 31/34/50 33/36/51 890/35/52
f 890/35/52 33/36/51 889/37/53
f 33/36/54 35/38/55 889/37/56
f 889/37/56 35/38/55 888/39/57
f 35/38/58 37/40/59 888/39/60
f 888/39/60 37/40/59 887/41/61
f 37/40/62 39/42/63 887/41/64
f 887/41/64 39/42/63 886/43/65
f 886/43/66 39/42/67 885/45/68
f 885/45/68 39/42/67 41/44/69
f 897/46/70 41/44/71 246/47/72
f 46/51/73 47/52/74 45/50/75
f 47/52/74 44/48/76 45/50/75
f 44/48/76 43/49/77 45/50/75
f 45/50/78 48/53/79 46/51/80
f 46/51/80 48/53/79 49/54/81
f 48/53/82 50/55/83 49/54/84
f 49/54/84 50/55/83 51/56/85
f 50/55/86 52/57/87 51/56/88
f 51/56/88 52/57/87 53/58/89
f 52/57/90 870/59/91 53/58/92
f 53/58/92 870/59/91 55/60/93
f 870/59/94 871/61/95 55/60/96
f 55/60/96 871/61/95 57/62/97
f 57/62/98 871/61/99 4/64/100
f 4/64/100 871/61/99 872/63/101
f 566/65/102 3/4/103 507/66/104
f 4/64/105 509/67/106 57/62/107
f 57/62/107 509/67/106 510/68/108
f 402/69/109 460/70/110 404/71/111
f 382/73/112 384/74/113 383/72/114
f 385/75/115 386/76/116 384/74/113
f 383/72/114 384/74/113 386/76/116
f 504/78/117 61/79/118 505/77/119
f 505/77/119 61/79/118 62/80/120
f 3/4/121 540/81/122 507/66/123
f 417/82/124 409/83/125 416/84/126
f 525/85/127 65/86/128 524/87/129
f 419/89/130 66/90/131 418/88/132
f 418/88/132 66/90/131 65/86/133
f 446/91/134 444/92/135 445/94/136
f 445/94/136 444/92/135 67/93/137
f 16/95/138 68/96/139 14/19/140
f 68/96/139 67/93/141 14/19/140
f 14/19/140 67/93/141 444/92/142
f 16/95/143 18/97/144 68/96/145
f 68/96/145 18/97/144 69/98/146
f 388/100/147 384/74/148 387/99/149
f 384/74/148 382/73/150 387/99/149
f 61/79/151 74/101/152 62/80/153
f 62/80/153 74/101/152 75/102/154
f 505/77/155 392/103/156 51/56/157
f 51/56/157 392/103/156 49/54/158
f 392/103/159 393/104/160 49/54/161
f 49/54/161 393/104/160 46/51/162
f 393/104/163 394/105/164 46/51/165
f 46/51/165 394/105/164 47/52/166
f 394/105/167 395/106/168 47/52/169
f 47/52/169 395/106/168 44/48/170
f 395/106/171 396/107/172 44/48/173
f 44/48/173 396/107/172 42/108/174
f 42/108/175 396/107/176 40/110/177
f 40/110/177 396/107/176 81/109/178
f 81/109/179 82/111/180 40/110/181
f 40/110/181 82/111/180 38/112/182
f 82/111/183 83/113/184 38/112/185
f 38/112/185 83/113/184 36/114/186
f 404/71/187 85/115/188 84/116/189
f 86/117/190 462/118/191 405/119/192
f 410/120/193 414/121/194 415/122/195
f 523/124/196 524/87/197 513/123/198
f 513/123/198 524/87/197 65/86/199
f 514/125/200 66/90/201 512/126/202
f 512/126/203 445/94/204 67/93/205
f 76/127/206 62/80/207 503/128/208
f 503/128/208 62/80/207 75/102/209
f 92/129/210 549/130/211 76/127/212
f 76/127/212 549/130/211 550/131/213
f 93/133/214 94/134/215 77/132/216
f 77/132/216 94/134/215 78/135/217
f 95/137/218 96/138/219 79/136/220
f 79/136/220 96/138/219 80/139/221
f 388/100/222 387/99/223 389/140/224
f 75/102/225 74/101/226 556/141/227
f 556/141/227 74/101/226 492/142/228
f 496/143/229 499/144/230 495/146/231
f 495/146/231 499/144/230 99/145/232
f 69/98/233 104/147/234 68/96/235
f 68/96/235 104/147/234 105/148/236
f 91/149/237 67/93/238 105/148/239
f 105/148/239 67/93/238 68/96/240
f 400/151/241 84/116/242 480/150/243
f 480/150/243 84/116/242 114/152/244
f 478/153/245 116/154/246 559/155/247
f 115/156/248 118/157/249 116/154/250
f 116/154/250 118/157/249 119/158/251
f 118/157/252 120/159/253 119/158/254
f 119/158/254 120/159/253 121/160/255
f 121/160/256 120/159/257 123/162/258
f 123/162/258 120/159/257 122/161/259
f 124/163/260 125/164/261 122/161/262
f 122/161/262 125/164/261 123/162/263
f 125/164/264 127/166/265 126/165/266
f 126/165/266 127/166/265 128/167/267
f 127/166/268 129/168/269 128/167/270
f 128/167/270 129/168/269 130/169/271
f 128/167/272 130/169/273 132/171/274
f 132/171/274 130/169/273 131/170/275
f 128/167/276 132/171/277 126/165/278
f 126/165/278 132/171/277 123/162/279
f 132/171/280 131/170/281 133/172/282
f 133/172/283 121/160/284 132/171/285
f 132/171/285 121/160/284 123/162/286
f 133/172/287 134/173/288 121/160/289
f 134/173/288 135/174/290 121/160/289
f 121/160/289 135/174/290 119/158/291
f 134/173/292 116/154/293 135/174/294
f 116/154/293 119/158/295 135/174/294
f 134/173/296 136/176/297 117/175/298
f 117/175/298 136/176/297 137/177/299
f 133/172/300 139/178/301 134/173/302
f 134/173/302 139/178/301 136/176/303
f 117/175/304 137/177/305 98/180/306
f 98/180/306 137/177/305 140/179/307
f 546/181/308 141/182/309 142/183/310
f 486/184/311 487/185/312 144/186/313
f 495/146/314 99/145/315 494/187/316
f 99/145/315 486/184/317 494/187/316
f 486/184/317 144/186/318 494/187/316
f 490/188/319 141/182/320 488/190/321
f 488/190/321 141/182/320 146/189/322
f 148/192/323 146/189/324 147/191/325
f 146/189/324 141/182/326 147/191/325
f 148/192/327 149/193/328 146/189/329
f 146/189/329 149/193/328 150/194/330
f 150/194/331 151/195/332 146/189/333
f 146/189/333 151/195/332 488/190/334
f 144/186/335 487/185/336 152/196/337
f 150/194/338 149/193/339 154/198/340
f 149/193/339 153/197/341 154/198/340
f 153/197/342 155/199/343 154/198/344
f 154/198/344 155/199/343 156/200/345
f 156/200/346 155/199/347 157/201/348
f 156/200/349 157/201/350 158/202/351
f 156/200/352 158/202/353 160/204/354
f 160/204/354 158/202/353 159/203/355
f 156/200/356 160/204/357 161/205/358
f 156/200/359 161/205/360 154/198/361
f 150/194/362 154/198/363 151/195/364
f 151/195/364 154/198/363 161/205/365
f 152/196/366 151/195/367 161/205/368
f 114/152/369 84/116/370 162/206/371
f 114/152/372 163/207/373 480/150/374
f 480/150/374 163/207/373 485/208/375
f 163/207/376 114/152/377 164/210/378
f 164/210/378 114/152/377 483/209/379
f 84/116/380 85/115/381 162/206/382
f 85/115/383 86/117/384 162/206/385
f 162/206/385 86/117/384 165/211/386
f 511/212/387 560/213/388 174/215/389
f 174/215/389 560/213/388 166/214/390
f 414/121/391 88/216/392 413/218/393
f 413/218/393 88/216/392 412/217/394
f 561/219/395 563/220/396 167/222/397
f 167/222/397 563/220/396 169/221/398
f 169/221/399 170/223/400 171/224/401
f 169/221/402 171/224/403 172/225/404
f 172/225/405 173/226/406 169/221/407
f 169/221/407 173/226/406 167/222/408
f 175/228/409 176/229/410 178/227/411
f 178/227/411 176/229/410 177/230/412
f 588/231/413 178/227/414 179/232/415
f 182/233/416 181/234/417 184/236/418
f 184/236/418 181/234/417 183/235/419
f 165/211/420 180/237/421 162/206/422
f 164/210/423 483/209/424 180/237/425
f 164/210/426 180/237/427 185/238/428
f 164/210/429 185/238/430 187/240/431
f 187/240/431 185/238/430 186/239/432
f 186/239/433 188/241/434 187/240/435
f 187/240/435 188/241/434 189/242/436
f 189/242/437 188/241/438 191/244/439
f 191/244/439 188/241/438 190/243/440
f 191/244/441 190/243/442 193/246/443
f 193/246/443 190/243/442 192/245/444
f 193/246/445 192/245/446 195/248/447
f 195/248/447 192/245/446 194/247/448
f 194/247/449 196/249/450 195/248/451
f 195/248/451 196/249/450 197/250/452
f 197/250/453 198/251/454 195/248/455
f 195/248/455 198/251/454 199/252/456
f 195/248/457 199/252/458 193/246/459
f 193/246/459 199/252/458 200/253/460
f 193/246/461 200/253/462 191/244/463
f 191/244/463 200/253/462 201/254/464
f 201/254/465 202/255/466 191/244/467
f 191/244/467 202/255/466 189/242/468
f 202/255/469 203/256/470 189/242/471
f 189/242/471 203/256/470 204/257/472
f 189/242/473 204/257/474 187/240/475
f 187/240/475 204/257/474 164/210/476
f 203/256/477 205/258/478 204/257/479
f 204/257/479 205/258/478 206/259/480
f 206/259/481 207/260/482 204/257/483
f 204/257/483 207/260/482 164/210/484
f 164/210/485 208/261/486 163/207/487
f 164/210/488 207/260/489 208/261/490
f 173/226/491 172/225/492 210/263/493
f 210/263/493 172/225/492 209/262/494
f 210/263/495 175/228/496 173/226/497
f 173/226/497 175/228/496 174/215/498
f 176/229/499 175/228/500 210/263/501
f 210/263/502 211/264/503 177/230/504
f 177/230/504 211/264/503 212/265/505
f 210/263/506 209/262/507 211/264/508
f 211/264/508 209/262/507 213/266/509
f 209/262/510 172/225/511 215/268/512
f 215/268/512 172/225/511 214/267/513
f 215/268/514 216/269/515 209/262/516
f 209/262/516 216/269/515 213/266/517
f 216/269/518 217/270/519 213/266/520
f 213/266/520 217/270/519 218/271/521
f 218/271/522 217/270/523 220/273/524
f 220/273/524 217/270/523 219/272/525
f 220/273/526 219/272/527 222/275/528
f 222/275/528 219/272/527 221/274/529
f 221/274/530 223/276/531 222/275/532
f 222/275/532 223/276/531 224/277/533
f 223/276/534 225/278/535 224/277/536
f 224/277/536 225/278/535 226/279/537
f 225/278/538 227/280/539 226/279/540
f 226/279/540 227/280/539 228/281/541
f 224/277/542 226/279/543 229/282/544
f 224/277/545 229/282/546 222/275/547
f 222/275/547 229/282/546 230/283/548
f 222/275/549 230/283/550 220/273/551
f 220/273/551 230/283/550 231/284/552
f 220/273/553 231/284/554 218/271/555
f 218/271/555 231/284/554 232/285/556
f 218/271/557 232/285/558 213/266/559
f 213/266/559 232/285/558 233/286/560
f 213/266/561 233/286/562 211/264/563
f 211/264/564 233/286/565 212/265/566
f 165/211/567 178/227/568 234/287/569
f 181/234/570 587/288/571 179/232/572
f 179/232/572 587/288/571 588/231/573
f 165/211/574 234/287/575 180/237/576
f 586/289/577 587/288/578 182/233/579
f 182/233/579 587/288/578 181/234/580
f 93/133/581 235/290/582 94/134/583
f 94/134/583 235/290/582 236/291/584
f 236/291/585 237/292/586 94/134/587
f 94/134/587 237/292/586 238/293/588
f 95/137/589 238/293/590 241/296/591
f 238/293/590 239/294/592 241/296/591
f 239/294/592 240/295/593 241/296/591
f 241/296/594 242/297/595 95/137/596
f 95/137/596 242/297/595 243/298/597
f 95/137/598 243/298/599 96/138/600
f 549/130/601 245/299/602 93/133/603
f 93/133/603 245/299/602 235/290/604
f 92/129/605 100/300/606 244/301/607
f 45/50/608 43/49/609 48/53/610
f 39/42/611 247/302/612 41/44/613
f 41/44/613 247/302/612 246/47/614
f 39/42/615 37/40/616 247/302/617
f 853/304/618 1/305/619 852/303/620
f 852/303/620 1/305/619 56/306/621
f 302/308/622 248/307/623 35/38/624
f 35/38/624 248/307/623 37/40/625
f 248/307/623 247/302/626 37/40/625
f 2/309/627 1/305/628 854/310/629
f 854/310/629 1/305/628 853/304/630
f 854/310/631 855/311/632 2/309/633
f 2/309/633 855/311/632 5/312/634
f 859/314/635 856/315/636 7/313/637
f 7/313/637 856/315/636 9/316/638
f 9/316/639 856/315/640 11/318/641
f 11/318/641 856/315/640 857/317/642
f 27/30/643 25/28/644 301/320/645
f 301/320/645 25/28/644 300/319/646
f 25/28/647 23/27/648 299/321/649
f 299/321/649 23/27/648 19/322/650
f 172/225/651 171/224/652 214/267/653
f 441/323/654 90/324/655 439/325/656
f 168/326/657 436/327/658 251/329/659
f 251/329/659 436/327/658 543/328/660
f 169/221/661 562/330/662 170/223/663
f 170/223/664 168/326/665 251/329/666
f 250/332/667 252/333/668 691/331/669
f 691/331/669 252/333/668 690/334/670
f 252/333/671 254/335/672 690/334/673
f 690/334/673 254/335/672 689/336/674
f 254/335/675 256/337/676 689/336/677
f 689/336/677 256/337/676 688/338/678
f 688/338/679 256/337/680 258/339/681
f 545/342/682 261/343/683 544/341/684
f 544/341/684 261/343/683 437/340/685
f 250/332/686 437/340/685 261/343/683
f 438/344/687 113/345/688 260/346/689
f 545/342/690 686/347/691 261/343/692
f 261/343/693 686/347/694 266/349/695
f 266/349/695 686/347/694 687/348/696
f 681/350/697 268/351/698 687/348/699
f 277/353/700 279/354/701 278/352/702
f 278/352/702 279/354/701 280/355/703
f 280/355/704 281/356/705 278/352/706
f 278/352/706 281/356/705 282/357/707
f 430/358/708 528/359/709 285/361/710
f 285/361/710 528/359/709 110/360/711
f 109/362/712 286/363/713 110/360/714
f 110/360/714 286/363/713 287/364/715
f 110/360/716 287/364/717 285/361/718
f 285/361/718 287/364/717 288/365/719
f 474/366/720 475/367/721 109/362/722
f 109/362/722 475/367/721 286/363/723
f 470/369/724 424/370/725 469/368/726
f 469/368/726 424/370/725 108/371/727
f 515/372/728 517/373/729 289/376/730
f 291/375/731 289/376/730 516/374/732
f 517/373/729 516/374/732 289/376/730
f 422/377/733 294/378/734 290/379/735
f 83/113/736 295/380/737 36/114/738
f 36/114/738 295/380/737 34/381/739
f 295/380/740 296/382/741 34/381/742
f 34/381/742 296/382/741 32/383/743
f 779/384/744 780/385/745 297/386/746
f 779/384/747 297/386/748 778/388/749
f 778/388/749 297/386/748 298/387/750
f 28/389/751 778/388/752 26/392/753
f 298/387/754 761/390/755 778/388/752
f 778/388/752 761/390/755 26/392/753
f 761/390/755 763/391/756 26/392/753
f 15/22/757 299/321/758 17/23/759
f 17/23/759 299/321/758 19/322/760
f 858/393/761 15/22/762 13/21/763
f 858/393/764 13/21/765 857/317/766
f 857/317/766 13/21/765 11/318/767
f 33/36/768 31/34/769 302/308/770
f 302/308/770 31/34/769 303/394/771
f 304/395/772 303/394/773 29/32/774
f 29/32/774 303/394/773 31/34/775
f 27/30/776 301/320/777 29/32/778
f 29/32/778 301/320/777 304/395/779
f 302/308/780 35/38/781 33/36/782
f 25/28/783 299/321/784 300/319/785
f 884/397/786 305/25/787 896/396/788
f 896/396/788 305/25/787 899/398/789
f 882/399/790 883/400/791 16/95/792
f 16/95/792 883/400/791 18/97/793
f 14/19/794 881/18/795 16/95/796
f 16/95/796 881/18/795 882/399/797
f 895/401/798 21/402/799 894/26/800
f 894/26/800 21/402/799 23/27/801
f 696/403/802 284/404/803 530/405/804
f 529/406/805 531/407/806 284/404/807
f 284/404/807 531/407/806 530/405/808
f 310/409/809 312/410/810 308/408/811
f 308/408/811 312/410/810 313/411/812
f 312/410/813 314/412/814 313/411/815
f 313/411/815 314/412/814 315/413/816
f 310/409/817 311/414/818 312/410/819
f 312/410/819 311/414/818 316/415/820
f 312/410/821 316/415/822 314/412/823
f 314/412/823 316/415/822 317/416/824
f 314/412/825 435/417/826 315/413/827
f 433/418/828 434/419/829 313/411/830
f 308/408/831 313/411/830 434/419/829
f 313/411/832 315/413/833 433/418/834
f 433/418/834 315/413/833 431/420/835
f 431/420/836 432/422/837 319/421/838
f 319/421/838 432/422/837 320/423/839
f 432/422/840 321/424/841 320/423/842
f 320/423/842 321/424/841 322/425/843
f 321/424/844 323/426/845 322/425/846
f 322/425/846 323/426/845 324/427/847
f 317/416/848 325/429/849 318/428/850
f 318/428/850 325/429/849 326/430/851
f 318/428/852 326/430/853 321/424/854
f 326/430/855 327/431/856 321/424/857
f 321/424/857 327/431/856 323/426/858
f 327/431/859 328/432/860 323/426/861
f 323/426/861 328/432/860 329/433/862
f 323/426/863 329/433/864 324/427/865
f 329/433/866 328/432/867 331/435/868
f 331/435/868 328/432/867 330/434/869
f 330/434/870 332/436/871 331/435/872
f 331/435/872 332/436/871 333/437/873
f 332/436/874 334/438/875 333/437/876
f 333/437/876 334/438/875 335/439/877
f 334/438/878 336/440/879 335/439/880
f 335/439/880 336/440/879 337/441/881
f 335/439/882 338/442/883 333/437/884
f 333/437/884 338/442/883 339/443/885
f 333/437/886 339/443/887 331/435/888
f 331/435/888 339/443/887 340/444/889
f 329/433/890 331/435/891 341/445/892
f 341/445/892 331/435/891 340/444/893
f 341/445/894 340/444/895 342/446/896
f 342/446/896 340/444/895 339/443/897
f 342/446/898 339/443/899 343/447/900
f 344/448/901 343/447/902 345/449/903
f 342/446/904 347/450/905 348/451/906
f 348/451/907 349/452/908 342/446/909
f 342/446/909 349/452/908 341/445/910
f 348/451/911 350/453/912 349/452/913
f 349/452/913 350/453/912 351/454/914
f 352/455/915 309/456/916 319/421/917
f 349/452/918 352/455/919 320/423/920
f 320/423/920 352/455/919 319/421/921
f 324/427/922 329/433/923 341/445/924
f 324/427/925 341/445/926 322/425/927
f 322/425/927 341/445/926 349/452/928
f 349/452/929 320/423/930 322/425/931
f 285/361/932 288/365/933 354/458/934
f 354/458/934 288/365/933 353/457/935
f 354/458/936 355/459/937 311/414/938
f 311/414/938 355/459/937 316/415/939
f 316/415/940 355/459/941 317/416/942
f 317/416/942 355/459/941 356/460/943
f 325/429/944 317/416/945 356/460/946
f 353/457/947 357/461/948 354/458/949
f 354/458/949 357/461/948 355/459/950
f 357/461/951 358/462/952 355/459/953
f 355/459/953 358/462/952 356/460/954
f 358/462/955 359/463/956 356/460/957
f 356/460/957 359/463/956 325/429/958
f 359/463/959 360/464/960 325/429/961
f 325/429/961 360/464/960 326/430/962
f 362/465/963 360/464/964 361/466/965
f 363/467/966 364/468/967 360/464/968
f 364/468/967 365/469/969 360/464/968
f 361/466/970 360/464/968 365/469/969
f 359/463/971 366/470/972 360/464/973
f 360/464/973 366/470/972 363/467/974
f 359/463/975 358/462/976 366/470/977
f 366/470/977 358/462/976 367/471/978
f 358/462/979 357/461/980 367/471/981
f 367/471/981 357/461/980 368/472/982
f 357/461/983 353/457/984 368/472/985
f 368/472/985 353/457/984 369/473/986
f 353/457/987 288/365/988 369/473/989
f 245/299/990 370/474/991 235/290/992
f 235/290/992 370/474/991 371/475/993
f 245/299/994 244/301/995 370/474/996
f 235/290/997 371/475/998 236/291/999
f 237/292/1000 236/291/1001 373/477/1002
f 373/477/1002 236/291/1001 372/476/1003
f 372/476/1004 236/291/1005 371/475/1006
f 373/477/1007 239/294/1008 237/292/1009
f 237/292/1009 239/294/1008 238/293/1010
f 239/294/1011 373/477/1012 240/295/1013
f 240/295/1014 374/478/1015 241/296/1016
f 242/297/1017 241/296/1016 375/479/1018
f 241/296/1016 374/478/1015 375/479/1018
f 240/295/1019 373/477/1020 374/478/1021
f 482/480/1022 548/481/1023 97/482/1024
f 481/483/1025 378/484/1026 377/485/1027
f 504/78/1028 378/484/1029 61/79/1030
f 381/487/1031 380/488/1032 376/486/1033
f 376/486/1033 380/488/1032 55/60/1034
f 381/487/1035 376/486/1036 510/68/1037
f 55/60/1038 57/62/1039 376/486/1036
f 510/68/1037 376/486/1036 57/62/1039
f 55/60/1040 380/488/1041 53/58/1042
f 53/58/1042 380/488/1041 379/489/1043
f 382/73/1044 383/72/1045 539/490/1046
f 539/490/1046 383/72/1045 381/487/1047
f 378/484/1048 379/489/1049 384/74/1050
f 384/74/1050 379/489/1049 385/75/1051
f 386/76/1052 385/75/1053 380/488/1054
f 379/489/1055 380/488/1054 385/75/1053
f 380/488/1056 381/487/1057 386/76/1058
f 386/76/1058 381/487/1057 383/72/1059
f 378/484/1060 384/74/1061 377/485/1062
f 377/485/1062 384/74/1061 388/100/1063
f 97/482/1064 389/140/1065 73/491/1066
f 73/491/1066 389/140/1065 387/99/1067
f 97/482/1068 548/481/1069 389/140/1070
f 123/162/1071 125/164/1072 126/165/1073
f 139/178/1074 133/172/1075 138/492/1076
f 520/493/1077 547/494/1078 98/180/1079
f 98/180/1079 547/494/1078 477/495/1080
f 519/496/1081 521/497/1082 142/183/1083
f 142/183/1083 521/497/1082 546/181/1084
f 738/498/1085 541/499/1086 63/500/1087
f 392/103/1088 76/127/1089 552/501/1090
f 552/501/1090 76/127/1089 550/131/1091
f 393/104/1092 551/502/1093 394/105/1094
f 394/105/1094 551/502/1093 553/503/1095
f 395/106/1096 394/105/1097 554/504/1098
f 554/504/1098 394/105/1097 553/503/1099
f 395/106/1100 554/504/1101 396/107/1102
f 396/107/1102 554/504/1101 555/505/1103
f 81/109/1104 396/107/1105 555/505/1106
f 160/204/1107 397/506/1108 161/205/1109
f 161/205/1109 397/506/1108 152/196/1110
f 494/187/1111 144/186/1112 152/196/1113
f 464/507/1114 465/508/1115 398/509/1116
f 381/487/1117 401/510/1118 539/490/1119
f 539/490/1119 401/510/1118 402/69/1120
f 401/510/1121 403/511/1122 402/69/1123
f 60/512/1124 615/513/1125 403/511/1126
f 402/69/1127 404/71/1128 400/151/1129
f 400/151/1129 404/71/1128 84/116/1130
f 461/514/1131 85/115/1132 460/70/1133
f 460/70/1133 85/115/1132 404/71/1134
f 736/515/1135 737/516/1136 87/517/1137
f 407/518/1138 466/519/1139 467/520/1140
f 409/83/1141 410/120/1142 416/84/1143
f 416/84/1143 410/120/1142 415/122/1144
f 409/83/1145 64/521/1146 410/120/1147
f 410/120/1147 64/521/1146 411/522/1148
f 88/216/1149 561/219/1150 412/217/1151
f 412/217/1151 561/219/1150 167/222/1152
f 173/226/1153 174/215/1154 167/222/1155
f 167/222/1155 174/215/1154 412/217/1156
f 412/217/1156 174/215/1154 413/218/1157
f 174/215/1154 166/214/1158 413/218/1157
f 414/121/1159 413/218/1160 87/517/1161
f 87/517/1161 413/218/1160 166/214/1162
f 414/121/1163 87/517/1164 415/122/1165
f 415/122/1165 87/517/1164 408/523/1166
f 416/84/1167 415/122/1168 63/500/1169
f 63/500/1169 415/122/1168 408/523/1170
f 417/82/1171 443/524/1172 409/83/1173
f 409/83/1173 443/524/1172 64/521/1174
f 417/82/1175 416/84/1176 538/525/1177
f 538/525/1177 416/84/1176 63/500/1178
f 6/8/1179 8/11/1180 417/82/1181
f 10/15/1182 12/17/1183 418/88/1184
f 418/88/1184 12/17/1183 419/89/1185
f 421/526/1186 426/527/1187 473/528/1188
f 472/529/1189 290/379/1190 424/370/1191
f 421/526/1192 109/362/1193 425/530/1194
f 425/530/1194 109/362/1193 110/360/1195
f 529/406/1196 527/531/1197 430/358/1198
f 430/358/1198 527/531/1197 528/359/1199
f 311/414/1200 532/532/1201 285/361/1202
f 285/361/1202 532/532/1201 534/533/1203
f 315/413/1204 435/417/1205 431/420/1206
f 431/420/1206 435/417/1205 432/422/1207
f 321/424/1208 432/422/1209 318/428/1210
f 309/456/1211 433/418/1212 319/421/1213
f 319/421/1213 433/418/1212 431/420/1214
f 434/419/1215 433/418/1216 309/456/1217
f 317/416/1218 318/428/1219 314/412/1220
f 314/412/1220 318/428/1219 435/417/1221
f 432/422/1222 435/417/1223 318/428/1224
f 285/361/1225 354/458/1226 311/414/1227
f 437/340/1228 249/534/1229 544/341/1230
f 544/341/1230 249/534/1229 438/344/1231
f 439/325/1232 438/344/1233 249/534/1234
f 89/535/1235 442/536/1236 168/326/1237
f 168/326/1237 442/536/1236 436/327/1238
f 441/323/1239 440/537/1240 442/536/1241
f 442/536/1241 440/537/1240 585/538/1242
f 442/536/1243 585/538/1244 436/327/1245
f 436/327/1245 585/538/1244 440/537/1246
f 418/88/1247 525/85/1248 10/15/1249
f 10/15/1249 525/85/1248 526/12/1250
f 419/89/1251 12/17/1252 446/91/1253
f 12/17/1252 14/19/1254 446/91/1253
f 14/19/1254 444/92/1255 446/91/1253
f 419/89/1256 446/91/1257 66/90/1258
f 66/90/1258 446/91/1257 445/94/1259
f 69/98/1260 448/539/1261 104/147/1262
f 104/147/1262 448/539/1261 447/540/1263
f 449/541/1264 448/539/1265 18/97/1266
f 18/97/1266 448/539/1265 69/98/1267
f 454/542/1268 113/345/1269 91/149/1270
f 91/149/1270 113/345/1269 90/324/1271
f 91/149/1272 112/543/1273 454/542/1274
f 455/544/1275 438/344/1276 260/346/1277
f 260/346/1278 456/545/1279 455/544/1280
f 260/346/1281 758/546/1282 456/545/1283
f 456/545/1283 758/546/1282 457/547/1284
f 589/548/1285 758/546/1286 260/346/1287
f 112/543/1288 458/549/1289 589/548/1290
f 86/117/1291 405/119/1292 165/211/1293
f 85/115/1294 461/514/1295 86/117/1296
f 461/514/1295 869/550/1297 86/117/1296
f 86/117/1296 869/550/1297 462/118/1298
f 402/69/1299 403/511/1300 460/70/1301
f 59/551/1302 406/552/1303 403/511/1304
f 403/511/1304 406/552/1303 460/70/1305
f 406/552/1303 461/514/1306 460/70/1305
f 869/550/1307 461/514/1308 463/553/1309
f 463/553/1309 461/514/1308 406/552/1310
f 405/119/1311 462/118/1312 407/518/1313
f 407/518/1313 462/118/1312 466/519/1314
f 462/118/1312 459/554/1315 466/519/1314
f 463/553/1316 406/552/1317 464/507/1318
f 464/507/1318 406/552/1317 59/551/1319
f 4/64/1320 567/555/1321 509/67/1322
f 459/554/1323 463/553/1324 398/509/1325
f 398/509/1325 463/553/1324 464/507/1326
f 741/556/1327 467/520/1328 58/557/1329
f 423/559/1330 470/369/1331 420/558/1332
f 420/558/1332 470/369/1331 469/368/1333
f 470/369/1334 472/529/1335 424/370/1336
f 471/560/1337 472/529/1338 423/559/1339
f 423/559/1339 472/529/1338 470/369/1340
f 422/377/1341 290/379/1342 471/560/1343
f 471/560/1343 290/379/1342 472/529/1344
f 791/561/1345 792/562/1346 422/377/1347
f 422/377/1347 792/562/1346 294/378/1348
f 473/528/1349 474/366/1350 421/526/1351
f 421/526/1351 474/366/1350 109/362/1352
f 426/527/1353 420/558/1354 473/528/1355
f 473/528/1355 420/558/1354 469/368/1356
f 474/366/1357 473/528/1358 108/371/1359
f 108/371/1359 473/528/1358 469/368/1360
f 515/372/1361 474/366/1362 108/371/1363
f 326/430/1364 360/464/1365 362/465/1366
f 342/446/1367 344/448/1368 347/450/1369
f 342/446/1370 343/447/1371 344/448/1372
f 344/448/1373 345/449/1374 346/563/1375
f 482/480/1376 97/482/1377 477/495/1378
f 97/482/1379 478/153/1380 559/155/1381
f 97/482/1382 479/564/1383 478/153/1384
f 97/482/1385 480/150/1386 485/208/1387
f 400/151/1388 480/150/1389 73/491/1390
f 73/491/1390 480/150/1389 97/482/1391
f 61/79/1392 378/484/1393 74/101/1394
f 74/101/1394 378/484/1393 481/483/1395
f 547/494/1396 482/480/1397 477/495/1398
f 377/485/1399 482/480/1400 481/483/1401
f 481/483/1401 482/480/1400 476/565/1402
f 483/209/1403 114/152/1404 162/206/1405
f 180/237/1406 483/209/1407 162/206/1408
f 115/156/1409 116/154/1410 484/566/1411
f 484/566/1411 116/154/1410 479/564/1412
f 479/564/1412 116/154/1410 478/153/1413
f 485/208/1414 484/566/1415 479/564/1416
f 97/482/1417 485/208/1418 479/564/1419
f 142/183/1420 489/568/1421 630/567/1422
f 630/567/1422 489/568/1421 487/185/1423
f 152/196/1424 487/185/1425 151/195/1426
f 151/195/1427 487/185/1428 143/569/1429
f 488/190/1430 151/195/1431 143/569/1432
f 143/569/1433 489/568/1434 490/188/1435
f 487/185/1436 489/568/1437 143/569/1438
f 143/569/1439 490/188/1440 488/190/1441
f 142/183/1442 141/182/1443 489/568/1444
f 489/568/1444 141/182/1443 490/188/1445
f 631/570/1446 519/496/1447 630/567/1448
f 630/567/1448 519/496/1447 142/183/1449
f 518/571/1450 493/572/1451 491/573/1452
f 74/101/1453 481/483/1454 492/142/1455
f 492/142/1455 481/483/1454 476/565/1456
f 522/574/1457 557/575/1458 390/576/1459
f 492/142/1460 476/565/1461 390/576/1462
f 145/577/1463 494/187/1464 152/196/1465
f 494/187/1466 145/577/1467 495/146/1468
f 495/146/1468 145/577/1467 100/300/1469
f 92/129/1470 501/578/1471 100/300/1472
f 100/300/1472 501/578/1471 496/143/1473
f 496/143/1474 495/146/1475 100/300/1476
f 75/102/1477 500/579/1478 503/128/1479
f 503/128/1479 500/579/1478 502/580/1480
f 497/581/1481 75/102/1482 498/582/1483
f 497/581/1484 499/144/1485 500/579/1486
f 500/579/1486 499/144/1485 496/143/1487
f 498/582/1488 499/144/1489 497/581/1490
f 75/102/1491 497/581/1492 500/579/1493
f 502/580/1494 500/579/1495 496/143/1496
f 501/578/1497 502/580/1498 496/143/1499
f 92/129/1500 503/128/1501 501/578/1502
f 503/128/1501 502/580/1503 501/578/1502
f 76/127/1504 503/128/1505 92/129/1506
f 378/484/1507 504/78/1508 379/489/1509
f 379/489/1509 504/78/1508 53/58/1510
f 392/103/1511 505/77/1512 76/127/1513
f 76/127/1513 505/77/1512 62/80/1514
f 4/64/1515 399/1/1516 567/555/1517
f 399/1/1518 3/4/1519 566/65/1520
f 740/583/1521 741/556/1522 507/66/1523
f 507/66/1523 741/556/1522 58/557/1524
f 465/508/1525 58/557/1526 398/509/1527
f 509/67/1528 508/584/1529 59/551/1530
f 508/584/1529 465/508/1531 59/551/1530
f 465/508/1531 464/507/1532 59/551/1530
f 510/68/1533 509/67/1534 616/585/1535
f 510/68/1536 401/510/1537 381/487/1538
f 58/557/1539 467/520/1540 398/509/1541
f 398/509/1541 467/520/1540 459/554/1542
f 466/519/1543 459/554/1542 467/520/1540
f 737/516/1544 738/498/1545 408/523/1546
f 408/523/1546 738/498/1545 63/500/1547
f 735/586/1548 560/213/1549 734/587/1550
f 734/587/1550 560/213/1549 511/212/1551
f 178/227/1552 511/212/1553 175/228/1554
f 175/228/1554 511/212/1553 174/215/1555
f 734/587/1556 511/212/1557 178/227/1558
f 512/126/1559 91/149/1560 90/324/1561
f 512/126/1562 67/93/1563 91/149/1564
f 512/126/1565 90/324/1566 514/125/1567
f 514/125/1567 90/324/1566 441/323/1568
f 523/124/1569 513/123/1570 89/535/1571
f 89/535/1571 513/123/1570 442/536/1572
f 514/125/1573 441/323/1574 513/123/1575
f 513/123/1575 441/323/1574 442/536/1576
f 66/90/1577 514/125/1578 65/86/1579
f 65/86/1579 514/125/1578 513/123/1580
f 108/371/1581 424/370/1582 515/372/1583
f 515/372/1583 424/370/1582 517/373/1584
f 424/370/1585 290/379/1586 517/373/1587
f 517/373/1587 290/379/1586 516/374/1588
f 475/367/1589 474/366/1590 289/376/1591
f 289/376/1591 474/366/1590 515/372/1592
f 631/570/1593 491/573/1594 519/496/1595
f 522/574/1596 390/576/1597 521/497/1598
f 521/497/1598 390/576/1597 520/493/1599
f 522/574/1600 521/497/1601 491/573/1602
f 491/573/1602 521/497/1601 519/496/1603
f 99/145/1604 499/144/1605 518/571/1606
f 498/582/1607 493/572/1608 499/144/1605
f 499/144/1605 493/572/1608 518/571/1606
f 89/535/1609 564/588/1610 523/124/1611
f 523/124/1611 564/588/1610 565/589/1612
f 524/87/1613 523/124/1614 64/521/1615
f 64/521/1615 523/124/1614 565/589/1616
f 525/85/1617 524/87/1618 443/524/1619
f 443/524/1619 524/87/1618 64/521/1620
f 526/12/1621 525/85/1622 8/11/1623
f 8/11/1623 525/85/1622 443/524/1624
f 8/11/1625 877/10/1626 526/12/1627
f 526/12/1627 877/10/1626 878/13/1628
f 417/82/1629 8/11/1630 443/524/1631
f 418/88/1632 65/86/1633 525/85/1634
f 91/149/1635 105/148/1636 112/543/1637
f 112/543/1637 105/148/1636 453/590/1638
f 535/591/1639 429/592/1640 528/359/1641
f 528/359/1641 429/592/1640 425/530/1642
f 533/593/1643 310/409/1644 531/407/1645
f 531/407/1645 310/409/1644 530/405/1646
f 533/593/1647 534/533/1648 532/532/1649
f 529/406/1650 430/358/1651 531/407/1652
f 531/407/1652 430/358/1651 533/593/1653
f 430/358/1651 534/533/1654 533/593/1653
f 285/361/1655 534/533/1656 430/358/1657
f 310/409/1658 533/593/1659 311/414/1660
f 311/414/1660 533/593/1659 532/532/1661
f 308/408/1662 530/405/1663 310/409/1664
f 527/531/1665 535/591/1666 528/359/1667
f 110/360/1668 528/359/1669 425/530/1670
f 873/2/1671 399/1/1672 872/63/1673
f 872/63/1673 399/1/1672 4/64/1674
f 568/594/1675 541/499/1676 391/595/1677
f 6/8/1678 417/82/1679 538/525/1680
f 539/490/1681 402/69/1682 73/491/1683
f 73/491/1683 402/69/1682 400/151/1684
f 382/73/1685 539/490/1686 387/99/1687
f 387/99/1687 539/490/1686 73/491/1688
f 616/585/1689 401/510/1690 510/68/1691
f 542/5/1692 572/596/1693 541/499/1694
f 63/500/1695 541/499/1696 572/596/1697
f 507/66/1698 540/81/1699 740/583/1700
f 569/597/1701 542/5/1702 568/594/1703
f 569/597/1704 570/6/1705 542/5/1706
f 543/328/1707 437/340/1708 691/331/1709
f 691/331/1709 437/340/1708 250/332/1710
f 545/342/1711 544/341/1712 455/544/1713
f 455/544/1713 544/341/1712 438/344/1714
f 264/598/1715 545/342/1716 456/545/1717
f 456/545/1717 545/342/1716 455/544/1718
f 90/324/1719 113/345/1720 439/325/1721
f 439/325/1722 249/534/1723 441/323/1724
f 441/323/1724 249/534/1723 440/537/1725
f 491/573/1726 493/572/1727 558/599/1728
f 558/599/1728 493/572/1727 556/141/1729
f 546/181/1730 521/497/1731 98/180/1732
f 98/180/1732 521/497/1731 520/493/1733
f 141/182/1734 546/181/1735 140/179/1736
f 98/180/1737 140/179/1736 546/181/1735
f 476/565/1738 547/494/1739 390/576/1740
f 390/576/1740 547/494/1739 520/493/1741
f 476/565/1742 482/480/1743 547/494/1744
f 482/480/1745 377/485/1746 548/481/1747
f 548/481/1748 377/485/1749 389/140/1750
f 389/140/1750 377/485/1749 388/100/1751
f 549/130/1752 93/133/1753 550/131/1754
f 550/131/1754 93/133/1753 77/132/1755
f 552/501/1756 550/131/1757 77/132/1758
f 551/502/1759 552/501/1760 77/132/1761
f 393/104/1762 392/103/1763 551/502/1764
f 551/502/1764 392/103/1763 552/501/1765
f 51/56/1766 53/58/1767 505/77/1768
f 505/77/1768 53/58/1767 504/78/1769
f 551/502/1770 77/132/1771 553/503/1772
f 553/503/1772 77/132/1771 78/135/1773
f 245/299/1774 549/130/1775 244/301/1776
f 244/301/1776 549/130/1775 92/129/1777
f 79/136/1778 94/134/1779 95/137/1780
f 95/137/1780 94/134/1779 238/293/1781
f 554/504/1782 553/503/1783 78/135/1784
f 555/505/1785 554/504/1786 80/139/1787
f 80/139/1787 554/504/1786 79/136/1788
f 81/109/1789 555/505/1790 80/139/1791
f 554/504/1792 78/135/1793 79/136/1794
f 79/136/1794 78/135/1793 94/134/1795
f 493/572/1796 498/582/1797 556/141/1798
f 556/141/1798 498/582/1797 75/102/1799
f 558/599/1800 556/141/1801 492/142/1802
f 557/575/1803 558/599/1804 492/142/1805
f 558/599/1806 557/575/1807 491/573/1808
f 491/573/1808 557/575/1807 522/574/1809
f 390/576/1810 557/575/1811 492/142/1812
f 116/154/1813 134/173/1814 117/175/1815
f 98/180/1816 477/495/1817 117/175/1818
f 116/154/1819 117/175/1818 559/155/1820
f 559/155/1820 117/175/1818 477/495/1817
f 97/482/1821 559/155/1822 477/495/1823
f 735/586/1824 736/515/1825 560/213/1826
f 560/213/1826 736/515/1825 87/517/1827
f 166/214/1828 560/213/1829 87/517/1830
f 89/535/1831 168/326/1832 563/220/1833
f 563/220/1833 168/326/1832 562/330/1834
f 563/220/1835 561/219/1836 564/588/1837
f 564/588/1837 561/219/1836 733/600/1838
f 88/216/1839 733/600/1838 561/219/1836
f 565/589/1840 733/600/1841 411/522/1842
f 411/522/1842 733/600/1841 88/216/1843
f 64/521/1844 565/589/1845 411/522/1846
f 169/221/1847 563/220/1848 562/330/1849
f 170/223/1850 562/330/1851 168/326/1852
f 564/588/1853 89/535/1854 563/220/1855
f 440/537/1856 543/328/1857 436/327/1858
f 249/534/1859 437/340/1860 440/537/1861
f 440/537/1861 437/340/1860 543/328/1862
f 506/601/1863 566/65/1864 508/584/1865
f 508/584/1865 566/65/1864 507/66/1866
f 399/1/1867 566/65/1868 506/601/1869
f 567/555/1870 399/1/1871 506/601/1872
f 567/555/1873 506/601/1874 509/67/1875
f 509/67/1875 506/601/1874 508/584/1876
f 540/81/1877 568/594/1878 391/595/1879
f 3/4/1880 569/597/1881 540/81/1882
f 540/81/1882 569/597/1881 568/594/1883
f 875/602/1884 570/6/1885 874/3/1886
f 3/4/1887 874/3/1886 569/597/1888
f 874/3/1886 570/6/1885 569/597/1888
f 876/9/1889 6/8/1890 875/602/1891
f 6/8/1890 571/7/1892 875/602/1891
f 571/7/1892 570/6/1893 875/602/1891
f 572/596/1894 571/7/1895 538/525/1896
f 538/525/1896 571/7/1895 6/8/1897
f 63/500/1898 572/596/1899 538/525/1900
f 542/5/1901 571/7/1902 572/596/1903
f 568/594/1904 542/5/1905 541/499/1906
f 295/380/1907 573/603/1908 296/382/1909
f 296/382/1909 573/603/1908 574/604/1910
f 780/385/1911 781/605/1912 297/386/1913
f 297/386/1913 781/605/1912 575/606/1914
f 297/386/1915 575/606/1916 298/387/1917
f 298/387/1917 575/606/1916 760/608/1918
f 575/606/1916 576/607/1919 760/608/1918
f 295/380/1920 83/113/1921 573/603/1922
f 573/603/1922 83/113/1921 580/609/1923
f 83/113/1924 82/111/1925 580/609/1926
f 580/609/1926 82/111/1925 581/610/1927
f 82/111/1928 81/109/1929 581/610/1930
f 581/610/1930 81/109/1929 582/611/1931
f 81/109/1932 80/139/1933 582/611/1934
f 582/611/1934 80/139/1933 96/138/1935
f 579/612/1936 583/613/1937 294/378/1938
f 294/378/1938 583/613/1937 584/614/1939
f 294/378/1940 584/614/1941 290/379/1942
f 290/379/1942 584/614/1941 516/374/1943
f 180/237/1944 234/287/1945 586/289/1946
f 586/289/1946 234/287/1945 587/288/1947
f 588/231/1948 587/288/1949 234/287/1950
f 234/287/1951 178/227/1952 588/231/1953
f 176/229/1954 210/263/1955 177/230/1956
f 454/542/1957 589/548/1958 113/345/1959
f 113/345/1959 589/548/1958 260/346/1960
f 112/543/1961 589/548/1962 454/542/1963
f 591/616/1964 592/617/1965 590/615/1966
f 590/615/1966 592/617/1965 695/618/1967
f 592/617/1968 594/619/1969 695/618/1970
f 695/618/1970 594/619/1969 694/620/1971
f 647/621/1972 596/622/1973 694/620/1974
f 599/624/1975 693/625/1976 598/623/1977
f 598/623/1977 693/625/1976 602/626/1978
f 599/624/1979 603/627/1980 693/625/1981
f 693/625/1981 603/627/1980 692/628/1982
f 692/628/1983 603/627/1984 605/629/1985
f 599/624/1986 598/623/1987 607/631/1988
f 607/631/1988 598/623/1987 606/630/1989
f 609/633/1990 601/634/1991 608/632/1992
f 608/632/1992 601/634/1991 600/635/1993
f 610/636/1994 602/626/1995 609/633/1996
f 609/633/1996 602/626/1995 601/634/1997
f 610/636/1998 606/630/1999 602/626/2000
f 602/626/2000 606/630/1999 598/623/2001
f 608/632/2002 600/635/2003 611/637/2004
f 611/637/2004 600/635/2003 604/638/2005
f 646/639/2006 613/640/2007 605/629/2008
f 613/640/2009 614/641/2010 605/629/2011
f 599/624/2012 607/631/2013 603/627/2014
f 603/627/2014 607/631/2013 612/642/2015
f 605/629/2016 614/641/2017 604/638/2018
f 604/638/2018 614/641/2017 611/637/2019
f 615/513/2020 509/67/2021 59/551/2022
f 403/511/2023 615/513/2024 59/551/2025
f 509/67/2026 615/513/2027 616/585/2028
f 616/585/2028 615/513/2027 60/512/2029
f 60/512/2030 401/510/2031 616/585/2032
f 60/512/2033 403/511/2034 401/510/2035
f 617/643/2036 618/644/2037 645/646/2038
f 645/646/2038 618/644/2037 644/645/2039
f 617/643/2040 621/647/2041 618/644/2042
f 618/644/2043 639/648/2044 640/649/2045
f 644/645/2046 618/644/2047 643/650/2048
f 618/644/2049 621/647/2050 639/648/2051
f 642/651/2052 618/644/2053 641/652/2054
f 643/650/2055 618/644/2056 642/651/2057
f 99/145/2058 630/567/2059 486/184/2060
f 486/184/2060 630/567/2059 487/185/2061
f 99/145/2062 518/571/2063 630/567/2064
f 630/567/2064 518/571/2063 631/570/2065
f 518/571/2066 491/573/2067 631/570/2068
f 632/653/2069 633/654/2070 638/655/2071
f 636/656/2072 637/657/2073 632/653/2074
f 632/653/2074 637/657/2073 633/654/2075
f 632/653/2076 638/655/2077 635/659/2078
f 635/659/2078 638/655/2077 634/658/2079
f 618/644/2080 640/649/2081 641/652/2082
f 621/647/2083 627/660/2084 639/648/2085
f 639/648/2085 627/660/2084 622/661/2086
f 640/649/2087 639/648/2088 623/662/2089
f 623/662/2089 639/648/2088 622/661/2090
f 623/662/2091 624/663/2092 640/649/2093
f 641/652/2094 640/649/2093 625/664/2095
f 640/649/2093 624/663/2092 625/664/2095
f 628/665/2096 642/651/2097 625/664/2098
f 625/664/2098 642/651/2097 641/652/2099
f 626/666/2100 643/650/2101 629/667/2102
f 628/665/2103 629/667/2102 642/651/2104
f 643/650/2101 642/651/2104 629/667/2102
f 619/668/2105 644/645/2106 626/666/2107
f 626/666/2107 644/645/2106 643/650/2108
f 644/645/2109 619/668/2110 645/646/2111
f 645/646/2111 619/668/2110 620/669/2112
f 508/584/2113 507/66/2114 465/508/2115
f 465/508/2115 507/66/2114 58/557/2116
f 646/639/2117 605/629/2118 612/642/2119
f 612/642/2119 605/629/2118 603/627/2120
f 647/621/2121 694/620/2122 597/670/2123
f 597/670/2123 694/620/2122 594/619/2124
f 649/672/2125 650/673/2126 685/671/2127
f 685/671/2127 650/673/2126 684/674/2128
f 652/675/2129 650/673/2130 653/676/2131
f 654/677/2132 655/678/2133 656/679/2134
f 682/680/2135 654/677/2136 658/681/2137
f 660/682/2138 661/683/2139 655/678/2140
f 655/678/2140 661/683/2139 662/684/2141
f 653/676/2142 660/682/2143 655/678/2144
f 653/676/2145 655/678/2146 652/675/2147
f 652/675/2147 655/678/2146 654/677/2148
f 652/675/2149 654/677/2150 683/685/2151
f 683/685/2151 654/677/2150 682/680/2152
f 650/673/2153 652/675/2154 684/674/2155
f 684/674/2155 652/675/2154 683/685/2156
f 655/678/2157 662/684/2158 656/679/2159
f 66/90/2160 445/94/2161 512/126/2162
f 672/687/2163 666/688/2164 671/686/2165
f 671/686/2165 666/688/2164 667/689/2166
f 670/690/2167 671/686/2168 669/691/2169
f 669/691/2169 671/686/2168 667/689/2170
f 664/693/2171 671/686/2172 668/692/2173
f 668/692/2173 671/686/2172 670/690/2174
f 664/693/2175 665/694/2176 671/686/2177
f 671/686/2177 665/694/2176 672/687/2178
f 677/695/2179 680/696/2180 676/698/2181
f 676/698/2181 680/696/2180 675/697/2182
f 680/696/2183 739/699/2184 675/697/2185
f 674/701/2186 680/696/2187 673/700/2188
f 673/700/2188 680/696/2187 677/695/2189
f 674/701/2190 678/702/2191 680/696/2192
f 680/696/2192 678/702/2191 679/703/2193
f 681/350/2194 687/348/2195 267/704/2196
f 657/705/2197 682/680/2198 659/706/2199
f 659/706/2199 682/680/2198 658/681/2200
f 663/707/2201 683/685/2202 657/705/2203
f 657/705/2203 683/685/2202 682/680/2204
f 651/708/2205 684/674/2206 663/707/2207
f 663/707/2207 684/674/2206 683/685/2208
f 648/709/2209 685/671/2210 651/708/2211
f 651/708/2211 685/671/2210 684/674/2212
f 545/342/2213 264/598/2214 686/347/2215
f 687/348/2216 686/347/2217 265/710/2218
f 265/710/2218 686/347/2217 264/598/2219
f 267/704/2220 687/348/2221 265/710/2222
f 268/351/2223 266/349/2224 687/348/2225
f 257/711/2226 688/338/2227 259/712/2228
f 259/712/2228 688/338/2227 258/339/2229
f 255/713/2230 689/336/2231 257/711/2232
f 257/711/2232 689/336/2231 688/338/2233
f 253/714/2234 690/334/2235 255/713/2236
f 255/713/2236 690/334/2235 689/336/2237
f 251/329/2238 691/331/2239 253/714/2240
f 253/714/2240 691/331/2239 690/334/2241
f 251/329/2242 543/328/2243 691/331/2244
f 604/638/2245 692/628/2246 605/629/2247
f 600/635/2248 693/625/2249 604/638/2250
f 604/638/2250 693/625/2249 692/628/2251
f 602/626/2252 693/625/2253 601/634/2254
f 601/634/2254 693/625/2253 600/635/2255
f 695/618/2256 694/620/2257 593/716/2258
f 593/716/2258 694/620/2257 595/715/2259
f 590/615/2260 695/618/2261 593/716/2262
f 694/620/2263 596/622/2264 595/715/2265
f 308/408/2266 696/403/2267 530/405/2268
f 697/717/2269 698/718/2270 699/719/2271
f 701/721/2272 699/719/2273 700/720/2274
f 698/718/2275 700/720/2274 699/719/2273
f 702/722/2276 716/723/2277 705/725/2278
f 705/725/2278 716/723/2277 717/724/2279
f 705/725/2280 717/724/2281 707/727/2282
f 707/727/2282 717/724/2281 718/726/2283
f 718/726/2284 708/728/2285 707/727/2286
f 700/720/2287 710/730/2288 709/729/2289
f 709/729/2289 710/730/2288 711/731/2290
f 712/732/2291 703/733/2292 701/721/2293
f 701/721/2293 703/733/2292 699/719/2294
f 700/720/2295 709/729/2296 701/721/2297
f 701/721/2297 709/729/2296 712/732/2298
f 709/729/2296 713/734/2299 712/732/2298
f 714/735/2300 713/734/2301 709/729/2302
f 715/736/2303 710/730/2304 698/718/2305
f 698/718/2305 710/730/2304 700/720/2306
f 702/722/2307 699/719/2308 716/723/2309
f 702/722/2310 697/717/2311 699/719/2312
f 716/723/2313 699/719/2314 703/733/2315
f 717/724/2316 716/723/2317 704/737/2318
f 704/737/2318 716/723/2317 703/733/2319
f 718/726/2320 717/724/2321 706/738/2322
f 706/738/2322 717/724/2321 704/737/2323
f 706/738/2324 708/728/2325 718/726/2326
f 720/740/2327 724/741/2328 726/739/2329
f 726/739/2329 724/741/2328 725/742/2330
f 724/741/2331 721/743/2332 725/742/2333
f 725/742/2333 721/743/2332 723/744/2334
f 719/745/2335 725/742/2336 722/746/2337
f 722/746/2337 725/742/2336 723/744/2338
f 719/745/2339 726/739/2340 725/742/2341
f 728/748/2342 729/749/2343 727/747/2344
f 727/747/2344 729/749/2343 730/750/2345
f 731/751/2346 727/747/2347 732/752/2348
f 732/752/2348 727/747/2347 730/750/2349
f 411/522/2350 88/216/2351 410/120/2352
f 410/120/2352 88/216/2351 414/121/2353
f 565/589/2354 564/588/2355 733/600/2356
f 165/211/2357 734/587/2358 178/227/2359
f 165/211/2360 735/586/2361 734/587/2362
f 165/211/2363 405/119/2364 735/586/2365
f 735/586/2365 405/119/2364 736/515/2366
f 737/516/2367 736/515/2368 467/520/2369
f 467/520/2369 736/515/2368 407/518/2370
f 405/119/2371 407/518/2370 736/515/2368
f 738/498/2372 737/516/2373 391/595/2374
f 391/595/2374 737/516/2373 467/520/2375
f 391/595/2376 541/499/2377 738/498/2378
f 87/517/2379 737/516/2380 408/523/2381
f 439/325/2382 113/345/2383 438/344/2384
f 680/696/2385 679/703/2386 739/699/2387
f 740/583/2388 540/81/2389 391/595/2390
f 741/556/2391 740/583/2392 391/595/2393
f 391/595/2394 467/520/2395 741/556/2396
f 742/753/2397 743/754/2398 744/755/2399
f 743/754/2400 745/756/2401 744/755/2402
f 746/757/2403 747/758/2404 744/755/2405
f 744/755/2405 747/758/2404 748/759/2406
f 744/755/2407 745/756/2408 746/757/2409
f 749/760/2410 742/753/2411 750/761/2412
f 750/761/2412 742/753/2411 744/755/2413
f 744/755/2414 748/759/2415 750/761/2416
f 750/761/2416 748/759/2415 751/762/2417
f 755/763/2418 756/764/2419 754/765/2420
f 752/766/2421 755/763/2422 757/767/2423
f 755/763/2424 753/768/2425 756/764/2426
f 757/767/2427 755/763/2428 754/765/2429
f 589/548/2430 458/549/2431 758/546/2432
f 758/546/2432 458/549/2431 457/547/2433
f 298/387/2434 760/608/2435 761/390/2436
f 761/390/2436 760/608/2435 762/769/2437
f 763/391/2438 761/390/2439 292/770/2440
f 767/771/2441 768/772/2442 771/775/2443
f 769/773/2444 770/774/2445 768/772/2442
f 768/772/2442 770/774/2445 771/775/2443
f 772/776/2446 767/771/2447 771/775/2448
f 776/777/2449 772/776/2450 771/775/2451
f 777/778/2452 773/779/2453 771/775/2454
f 770/774/2455 774/780/2456 771/775/2457
f 24/781/2458 26/392/2459 775/782/2460
f 775/782/2460 26/392/2459 763/391/2461
f 292/770/2462 775/782/2463 763/391/2464
f 773/779/2465 776/777/2466 771/775/2467
f 774/780/2468 777/778/2469 771/775/2470
f 30/783/2471 779/384/2472 28/389/2473
f 28/389/2473 779/384/2472 778/388/2474
f 30/783/2475 32/383/2476 779/384/2477
f 32/383/2476 296/382/2478 779/384/2477
f 296/382/2478 780/385/2479 779/384/2477
f 781/605/2480 780/385/2481 574/604/2482
f 574/604/2482 780/385/2481 296/382/2483
f 782/784/2484 789/785/2485 784/786/2486
f 786/787/2487 788/788/2488 790/789/2489
f 782/784/2490 784/786/2491 787/790/2492
f 787/790/2492 784/786/2491 788/788/2493
f 789/785/2494 783/791/2495 784/786/2496
f 787/790/2497 788/788/2498 786/787/2499
f 790/789/2500 788/788/2501 785/792/2502
f 805/794/2503 806/795/2504 804/793/2505
f 804/793/2505 806/795/2504 807/796/2506
f 808/797/2507 807/796/2508 809/798/2509
f 820/799/2510 807/796/2511 808/797/2512
f 820/799/2513 808/797/2514 811/800/2515
f 808/797/2516 809/798/2517 861/801/2518
f 807/796/2519 806/795/2520 809/798/2521
f 809/798/2521 806/795/2520 815/802/2522
f 809/798/2523 815/802/2524 813/803/2525
f 813/803/2525 815/802/2524 816/804/2526
f 814/805/2527 809/798/2528 813/803/2529
f 810/806/2530 818/807/2531 819/808/2532
f 860/809/2533 804/793/2534 807/796/2535
f 812/810/2536 818/807/2537 817/811/2538
f 819/808/2539 818/807/2540 812/810/2541
f 820/799/2542 811/800/2543 818/807/2544
f 818/807/2544 811/800/2543 817/811/2545
f 818/807/2546 807/796/2547 820/799/2548
f 826/813/2549 823/814/2550 825/812/2551
f 825/812/2551 823/814/2550 824/815/2552
f 822/817/2553 826/813/2554 821/816/2555
f 821/816/2555 826/813/2554 825/812/2556
f 827/818/2557 828/819/2558 829/820/2559
f 830/821/2560 829/820/2561 831/822/2562
f 827/818/2563 829/820/2564 832/823/2565
f 832/823/2565 829/820/2564 830/821/2566
f 862/824/2567 831/822/2568 829/820/2569
f 828/819/2570 835/825/2571 829/820/2572
f 829/820/2572 835/825/2571 834/826/2573
f 837/828/2574 838/829/2575 836/827/2576
f 836/827/2576 838/829/2575 839/830/2577
f 837/828/2578 840/831/2579 838/829/2580
f 838/829/2580 840/831/2579 841/832/2581
f 842/833/2582 843/834/2583 837/828/2584
f 837/828/2584 843/834/2583 840/831/2585
f 844/835/2586 845/836/2587 847/838/2588
f 847/838/2588 845/836/2587 846/837/2589
f 837/828/2590 836/827/2591 842/833/2592
f 848/839/2593 842/833/2592 836/827/2591
f 849/840/2594 848/839/2595 836/827/2596
f 850/841/2597 849/840/2598 836/827/2599
f 850/841/2600 836/827/2601 846/837/2602
f 846/837/2602 836/827/2601 839/830/2603
f 847/838/2604 846/837/2605 839/830/2606
f 847/838/2607 839/830/2608 851/842/2609
f 851/842/2609 839/830/2608 838/829/2610
f 247/302/2611 853/304/2612 246/47/2613
f 246/47/2613 853/304/2612 852/303/2614
f 247/302/2615 248/307/2616 853/304/2617
f 853/304/2617 248/307/2616 854/310/2618
f 854/310/2618 248/307/2616 302/308/2619
f 302/308/2620 303/394/2621 854/310/2622
f 854/310/2622 303/394/2621 855/311/2623
f 856/315/2624 859/314/2625 304/395/2626
f 304/395/2626 859/314/2625 303/394/2627
f 856/315/2628 304/395/2629 857/317/2630
f 857/317/2630 304/395/2629 301/320/2631
f 300/319/2632 858/393/2633 301/320/2634
f 301/320/2634 858/393/2633 857/317/2635
f 300/319/2636 299/321/2637 858/393/2638
f 858/393/2638 299/321/2637 15/22/2639
f 7/313/2640 5/312/2641 859/314/2642
f 859/314/2642 5/312/2641 855/311/2643
f 303/394/2644 859/314/2645 855/311/2646
f 860/809/2647 807/796/2648 810/806/2649
f 810/806/2649 807/796/2648 818/807/2650
f 861/801/2651 809/798/2652 814/805/2653
f 862/824/2654 829/820/2655 833/843/2656
f 833/843/2656 829/820/2655 834/826/2657
f 867/845/2658 868/846/2659 863/844/2660
f 863/844/2660 868/846/2659 866/847/2661
f 867/845/2662 864/848/2663 868/846/2664
f 868/846/2664 864/848/2663 865/849/2665
f 462/118/2666 869/550/2667 459/554/2668
f 459/554/2668 869/550/2667 463/553/2669
f 870/59/2670 52/57/2671 54/850/2672
f 870/59/2673 54/850/2674 871/61/2675
f 871/61/2675 54/850/2674 56/306/2676
f 871/61/2677 56/306/2678 872/63/2679
f 872/63/2679 56/306/2678 1/305/2680
f 2/309/2681 873/2/2682 1/305/2683
f 1/305/2683 873/2/2682 872/63/2684
f 874/3/2685 873/2/2686 2/309/2687
f 875/602/2688 874/3/2689 2/309/2690
f 876/9/2691 875/602/2692 5/312/2693
f 5/312/2693 875/602/2692 2/309/2694
f 876/9/2695 5/312/2696 877/10/2697
f 877/10/2697 5/312/2696 7/313/2698
f 877/10/2699 7/313/2700 878/13/2701
f 878/13/2701 7/313/2700 9/316/2702
f 879/14/2703 878/13/2704 9/316/2705
f 880/16/2706 879/14/2707 11/318/2708
f 11/318/2708 879/14/2707 9/316/2709
f 880/16/2710 11/318/2711 881/18/2712
f 881/18/2712 11/318/2711 13/21/2713
f 881/18/2714 13/21/2715 882/399/2716
f 882/399/2716 13/21/2715 307/20/2717
f 882/399/2718 307/20/2719 883/400/2720
f 883/400/2720 307/20/2719 306/24/2721
f 883/400/2722 306/24/2723 884/397/2724
f 884/397/2724 306/24/2723 305/25/2725
f 885/45/2726 43/49/2727 42/108/2728
f 42/108/2728 43/49/2727 44/48/2729
f 886/43/2730 885/45/2731 40/110/2732
f 40/110/2732 885/45/2731 42/108/2733
f 887/41/2734 886/43/2735 38/112/2736
f 38/112/2736 886/43/2735 40/110/2737
f 888/39/2738 887/41/2739 36/114/2740
f 36/114/2740 887/41/2739 38/112/2741
f 889/37/2742 888/39/2743 34/381/2744
f 34/381/2744 888/39/2743 36/114/2745
f 890/35/2746 889/37/2747 32/383/2748
f 32/383/2748 889/37/2747 34/381/2749
f 891/33/2750 890/35/2751 30/783/2752
f 30/783/2752 890/35/2751 32/383/2753
f 28/389/2754 892/31/2755 30/783/2756
f 30/783/2756 892/31/2755 891/33/2757
f 26/392/2758 893/29/2759 28/389/2760
f 28/389/2760 893/29/2759 892/31/2761
f 24/781/2762 894/26/2763 26/392/2764
f 26/392/2764 894/26/2763 893/29/2765
f 24/781/2766 895/401/2767 894/26/2768
f 885/45/2769 41/44/2770 898/851/2771
f 898/851/2771 41/44/2770 897/46/2772
f 885/45/2773 898/851/2774 43/49/2775
f 43/49/2775 898/851/2774 48/53/2776
f 50/55/2777 48/53/2776 898/851/2774
f 852/303/2778 897/46/2779 246/47/2780
f 898/851/2781 897/46/2782 56/306/2783
f 56/306/2783 897/46/2782 852/303/2784
f 56/306/2785 54/850/2786 898/851/2787
f 898/851/2787 54/850/2786 50/55/2788
f 50/55/2788 54/850/2786 52/57/2789
f 18/97/2790 883/400/2791 449/541/2792
f 305/25/2793 17/23/2794 899/398/2795
f 899/398/2795 17/23/2794 19/322/2796
f 899/398/2797 19/322/2798 21/402/2799
f 21/402/2799 19/322/2798 23/27/2800
f 899/398/2801 21/402/2802 896/396/2803
f 896/396/2803 21/402/2802 895/401/2804
f 20/852/2805 70/853/2806 449/541/2807
f 449/541/2807 70/853/2806 448/539/2808
f 902/854/2809 901/855/2810 428/857/2811
f 428/857/2811 901/855/2810 71/856/2812
f 901/862/2813 22/858/2814 903/861/2815
f 22/858/2814 900/859/2816 903/861/2815
f 900/859/2816 72/860/2817 903/861/2815
f 71/856/2818 101/863/2819 428/857/2820
f 428/857/2820 101/863/2819 427/864/2821
f 70/853/2822 103/865/2823 448/539/2824
f 448/539/2824 103/865/2823 447/540/2825
f 468/866/2826 102/867/2827 106/868/2828
f 101/863/2829 71/856/2830 537/869/2831
f 71/856/2830 903/870/2832 537/869/2831
f 537/869/2831 903/870/2832 536/872/2833
f 903/870/2832 904/871/2834 536/872/2833
f 427/864/2835 101/863/2836 426/527/2837
f 426/527/2837 101/863/2836 420/558/2838
f 102/867/2839 429/592/2840 106/868/2841
f 111/873/2842 905/874/2843 106/868/2844
f 452/876/2845 453/590/2846 111/875/2847
f 111/875/2847 453/590/2846 450/877/2848
f 262/878/2849 263/879/2850 457/547/2851
f 457/547/2851 263/879/2850 456/545/2852
f 263/879/2850 264/598/2853 456/545/2852
f 906/881/2854 269/882/2855 907/880/2856
f 907/880/2856 269/882/2855 270/883/2857
f 271/884/2858 907/880/2859 270/883/2860
f 264/598/2861 263/879/2862 273/885/2863
f 273/885/2863 263/879/2862 272/886/2864
f 271/887/2865 274/888/2866 272/886/2867
f 272/886/2867 274/888/2866 275/889/2868
f 272/886/2869 275/889/2870 273/885/2871
f 273/885/2871 275/889/2870 276/890/2872
f 275/889/2873 274/888/2874 278/352/2875
f 278/352/2875 274/888/2874 277/353/2876
f 282/357/2877 276/890/2878 278/352/2879
f 278/352/2879 276/890/2878 275/889/2880
f 908/891/2881 111/873/2882 283/892/2883
f 106/868/2884 284/404/2885 111/873/2886
f 111/873/2886 284/404/2885 283/892/2887
f 449/541/2888 883/400/2889 20/852/2890
f 20/852/2890 883/400/2889 884/397/2891
f 283/892/2892 308/408/2893 269/882/2894
f 308/408/2893 434/419/2895 269/882/2894
f 269/882/2894 434/419/2895 309/456/2896
f 270/883/2897 269/882/2898 309/456/2899
f 271/884/2900 270/883/2901 352/455/2902
f 352/455/2902 270/883/2901 309/456/2903
f 271/884/2904 352/455/2905 351/454/2906
f 351/454/2906 352/455/2905 349/452/2907
f 101/863/2908 537/869/2909 420/558/2910
f 420/558/2910 537/869/2909 423/559/2911
f 102/867/2912 427/864/2913 421/526/2914
f 421/526/2914 427/864/2913 426/527/2915
f 102/867/2916 468/866/2917 427/864/2918
f 427/864/2918 468/866/2917 428/857/2919
f 428/857/2919 468/866/2917 902/854/2920
f 468/866/2917 910/893/2921 902/854/2920
f 421/526/2922 425/530/2923 102/867/2924
f 102/867/2924 425/530/2923 429/592/2925
f 451/894/2926 104/147/2927 447/540/2928
f 103/865/2929 451/894/2930 447/540/2931
f 912/895/2932 911/896/2933 106/868/2934
f 908/891/2935 283/892/2936 913/897/2937
f 913/897/2937 283/892/2936 269/882/2938
f 458/549/2939 262/878/2940 457/547/2941
f 458/549/2942 452/876/2943 262/878/2944
f 453/590/2945 452/876/2946 112/543/2947
f 112/543/2947 452/876/2946 458/549/2948
f 910/893/2949 468/866/2950 911/896/2951
f 911/896/2951 468/866/2950 106/868/2952
f 107/898/2953 791/561/2954 422/377/2955
f 453/590/2956 105/148/2957 450/877/2958
f 906/881/2959 913/897/2960 269/882/2961
f 106/868/2962 527/531/2963 284/404/2964
f 284/404/2964 527/531/2963 529/406/2965
f 106/868/2966 429/592/2967 535/591/2968
f 106/868/2969 535/591/2970 527/531/2971
f 537/869/2972 536/872/2973 107/898/2974
f 537/869/2975 107/898/2976 423/559/2977
f 423/559/2977 107/898/2976 471/560/2978
f 107/898/2976 422/377/2979 471/560/2978
f 283/892/2980 284/404/2981 696/403/2982
f 283/892/2983 696/403/2984 308/408/2985
f 905/874/2986 912/895/2987 106/868/2988
f 450/877/2989 105/148/2990 451/894/2991
f 451/894/2991 105/148/2990 104/147/2992
f 20/852/2993 884/397/2994 22/858/2995
f 900/859/2996 896/396/2997 24/781/2998
f 24/781/2998 896/396/2997 895/401/2999
f 72/860/3000 900/859/3001 24/781/3002
f 22/858/3003 884/397/3004 900/859/3005
f 900/859/3005 884/397/3004 896/396/3006
f 901/855/3007 903/870/3008 71/856/3009
f 907/899/3010 271/887/3011 263/879/3012
f 263/879/3012 271/887/3011 272/886/3013
f 906/900/3014 907/899/3015 262/878/3016
f 262/878/3016 907/899/3015 263/879/3017
f 906/900/3018 262/878/3019 913/901/3020
f 913/901/3020 262/878/3019 452/876/3021
f 908/902/3022 913/901/3023 452/876/3024
f 111/875/3025 908/902/3026 452/876/3027
f 905/903/3028 111/875/3029 450/877/3030
f 912/904/3031 905/903/3032 451/894/3033
f 451/894/3033 905/903/3032 450/877/3034
f 911/905/3035 912/904/3036 103/865/3037
f 103/865/3037 912/904/3036 451/894/3038
f 911/905/3039 103/865/3040 910/906/3041
f 910/906/3041 103/865/3040 70/853/3042
f 902/907/3043 910/906/3044 70/853/3045
f 70/853/3046 20/852/3047 902/907/3048
f 902/907/3048 20/852/3047 901/862/3049
f 901/862/3049 20/852/3047 22/858/3050
f 904/908/3051 903/861/3052 72/860/3053
f 577/909/3054 759/910/3055 576/607/3056
f 759/910/3055 762/769/3057 576/607/3056
f 576/607/3056 762/769/3057 760/608/3058
f 759/910/3059 766/911/3060 762/769/3061
f 766/911/3060 292/770/3062 762/769/3061
f 762/769/3061 292/770/3062 761/390/3063
f 775/782/3064 764/912/3065 24/781/3066
f 24/781/3066 764/912/3065 72/860/3067
f 904/871/3068 909/913/3069 536/872/3070
f 914/915/3071 765/916/3072 915/914/3073
f 765/916/3072 766/911/3074 915/914/3073
f 766/911/3074 759/910/3075 915/914/3073
f 915/914/3073 759/910/3075 577/909/3076
f 764/912/3077 775/782/3078 292/770/3079
f 765/916/3080 764/912/3081 292/770/3082
f 766/911/3083 765/916/3084 292/770/3085
f 107/898/3086 536/872/3087 293/917/3088
f 536/872/3087 909/913/3089 293/917/3088
f 293/917/3088 909/913/3089 914/918/3090
f 107/898/3091 293/917/3092 791/561/3093
f 792/562/3094 791/561/3095 293/917/3096
f 293/917/3097 793/919/3098 792/562/3099
f 904/908/3100 72/860/3101 909/920/3102
f 909/920/3102 72/860/3101 764/912/3103
f 909/920/3104 764/912/3105 914/915/3106
f 914/915/3106 764/912/3105 765/916/3107
f 294/378/3108 792/562/3109 579/612/3110
f 793/919/3111 578/921/3112 792/562/3109
f 792/562/3109 578/921/3112 579/612/3110
f 915/922/3113 578/921/3114 914/918/3115
f 578/921/3114 793/919/3116 914/918/3115
f 914/918/3115 793/919/3116 293/917/3117
f 798/924/3118 794/925/3119 797/923/3120
f 794/925/3119 916/926/3121 797/923/3120
f 797/923/3120 916/926/3121 917/927/3122
f 798/924/3123 797/923/3124 799/928/3125
f 800/929/3126 799/928/3127 797/923/3128
f 797/923/3129 801/930/3130 800/929/3131
f 802/932/3132 795/933/3133 803/931/3134
f 803/931/3134 795/933/3133 796/934/3135
f 916/936/3136 802/932/3137 917/935/3138
f 917/935/3138 802/932/3137 803/931/3139
