# This file uses centimeters as units for non-parametric coordinates.

v -0.859877 4.016465 0.748833
v -0.913720 4.016465 4.482947
v 0.332526 4.076202 4.567749
v -8.247119 4.016465 4.482947
v -8.251086 4.016465 0.749010
v -0.908787 5.320376 0.729717
v -8.820930 4.886189 0.749010
v -7.849819 6.387923 0.749009
v -2.919950 5.318626 0.748875
v -2.921214 5.749976 0.741655
v -5.276660 5.767782 0.739814
v -5.277798 6.391208 0.745329
v -8.250998 4.886189 0.749010
v -8.249129 4.886189 4.482947
v -5.255493 4.016465 0.748834
v -7.838580 4.016465 0.749010
v -2.917349 4.016465 0.748834
v -5.255473 6.382189 -9.140456
v -5.255484 5.785712 -9.140455
v -7.849819 6.412535 -9.140455
v 0.332000 4.016468 0.749282
v -2.917004 5.327251 -9.140429
v -0.863494 5.327234 -9.140429
v -2.917525 5.783374 -9.140429
v -0.793466 4.016465 -9.140429
v -7.866428 7.631366 -9.132557
v -7.849817 7.632032 0.749009
v -8.793193 7.632854 0.749010
v 0.332572 4.016468 -9.130079
v -8.799289 7.633327 -9.130372
v -7.849817 7.633593 -7.932233
v -8.798085 7.633234 -7.936530
v -7.888888 7.632407 -0.439905
v -8.794291 7.632939 -0.445829
v -8.798064 8.723682 -7.936536
v -8.799284 8.723689 -9.130361
v -7.851676 8.723707 -7.932249
v -7.851677 8.723738 -9.140445
v -8.794271 8.723661 -0.445834
v -8.843135 8.723656 0.749009
v -7.851676 8.723599 0.749007
v -7.851676 8.723625 -0.439926
v -7.849323 6.388816 0.339358
v -5.532747 6.381297 -8.677030
v -7.849325 6.411918 -8.677193
v -7.849323 5.746655 0.339359
v -5.532747 5.763161 -8.677030
v -7.896828 5.769755 -8.677193
v -3.236214 5.767292 0.339569
v -5.283029 5.768883 0.339342
v -5.267134 5.784285 -8.675861
v -3.230973 5.214694 0.339570
v -5.267136 5.214664 0.339342
v -5.267134 5.214370 -8.675861
v -1.180298 5.326656 -8.675381
v -2.944323 5.295370 -8.674939
v -2.944479 5.257361 0.339357
v -1.198460 4.703721 -8.675381
v -2.944323 4.703955 -8.674939
v -2.944479 4.636248 0.339357
v -5.278090 6.399687 0.334372
v -5.267136 5.214632 -1.849880
v -5.532752 6.396802 -1.849371
v -5.532752 5.754725 -1.850104
v -5.268270 6.367787 -1.872120
v -5.925286 5.752424 0.339359
v -5.937347 5.753724 -1.850138
v -7.654700 8.723706 -7.710134
v -8.972047 8.723673 -7.716000
v -7.654700 8.723748 -9.362556
v -8.970006 8.723681 -9.348769
v -8.324714 9.724397 -8.536343
v -8.976783 8.723674 -0.678342
v -8.978646 8.723666 0.981261
v -7.654958 8.723587 0.981758
v -7.654958 8.723622 -0.670138
v -8.326240 9.731933 0.151706
v -0.960920 4.886419 4.482947
v -8.755911 4.886189 4.995132
v -0.962529 4.850852 5.012329
v 0.332525 4.886766 4.482945
v 0.337189 4.868434 4.997724
v -2.917519 5.782728 -8.674893
v -3.231102 5.219977 -6.451425
v -2.944334 4.703955 -6.451440
v -3.231098 5.781190 -6.451437
v -2.917507 5.781608 -6.451427
v -3.852113 5.214404 -8.674937
v -3.842129 5.214423 -6.451419
v -0.856952 4.016465 0.336449
v -0.892588 5.305703 0.347761
v -1.290180 4.637492 0.339357
v -1.216449 4.699770 -1.479751
v -0.853458 4.244759 -1.493924
v -1.202885 5.321251 -1.479751
v -0.891725 5.321217 -1.479751
v -1.289911 4.704256 -1.479751
v -0.577143 4.016465 -1.479773
v -0.601310 4.016465 0.336447
v -0.890076 4.329764 -1.493311
v -0.863073 4.279389 0.339357
v 0.332595 4.016468 -1.498231
v 8.514864 7.632407 -7.960689
v 8.514864 7.633593 -0.289013
v 9.463134 7.633234 -0.284714
v 9.459340 7.632939 -7.994210
v 9.463113 8.723682 -0.284710
v 8.516725 8.723707 -0.288997
v 9.461289 7.633090 0.749293
v 9.464333 8.723689 0.749565
v 8.514864 7.633036 0.754337
v 8.516726 8.723738 0.759648
v 9.458220 8.723656 -9.129806
v 9.459317 8.723661 -7.934960
v 8.516725 8.723599 -9.129802
v 8.516725 8.723625 -7.940870
v 8.514372 6.411918 0.296398
v 8.514865 6.400229 0.754334
v 8.514370 6.388816 -8.720153
v 8.514370 5.746655 -8.720157
v 8.514372 5.769755 0.296398
v 5.920527 6.400713 0.754368
v 5.920529 6.395676 -8.720150
v 6.197798 6.405323 0.313281
v 6.197798 5.763161 0.296233
v 6.170139 6.396802 -6.530633
v 5.953619 6.396739 -6.533341
v 6.197802 5.754725 -6.530693
v 6.602397 5.753724 -6.530659
v 6.590337 5.752424 -8.720157
v 8.319750 8.723706 -0.670664
v 9.637097 8.723673 -0.664798
v 8.319750 8.723748 0.981759
v 9.635056 8.723681 0.967971
v 8.989766 9.724397 0.155548
v 9.643695 8.723666 -9.362057
v 9.641833 8.723674 -7.702453
v 8.320005 8.723587 -9.362557
v 8.320005 8.723622 -7.710660
v 8.991290 9.731933 -8.532503
v 9.433693 4.886189 0.749010
v 8.916046 4.886189 0.749010
v 8.916137 4.016465 0.751534
v 8.503630 4.016465 0.751534
v 8.914180 4.886189 4.482947
v 9.420959 4.886189 4.995132
v 8.912173 4.016465 4.482947
v 1.625970 4.886419 4.482947
v 1.578771 4.016465 4.482947
v 1.630630 4.863538 4.999352
v 5.932185 5.209323 -6.509508
v 5.932185 5.207627 -8.720139
v 5.920537 5.776747 0.754333
v 5.932184 5.223029 0.295066
v 5.932184 5.765797 0.295066
v 3.587868 5.769109 0.298426
v 3.609375 5.295370 0.294142
v 3.582156 5.322938 0.754253
v 3.582494 5.774619 0.754317
v 5.920543 4.016465 0.751534
v 5.932187 5.768883 -8.720137
v 3.896023 5.767292 -8.720367
v 3.896023 5.206036 -8.720367
v 3.896148 5.781190 -1.929360
v 3.896152 5.219977 -1.929371
v 3.582558 5.781608 -1.929369
v 4.507179 5.220236 -1.929376
v 4.517162 5.221260 0.294142
v 3.582400 4.016465 0.751534
v 3.609385 4.643172 -1.929356
v 3.609375 4.643711 0.294142
v 1.863510 4.643697 0.294585
v 1.863510 5.326656 0.323089
v 3.609530 5.319207 -8.720153
v 3.609530 4.636248 -8.720153
v 1.533516 5.323805 0.754262
v 1.878169 5.325273 -6.901375
v 1.572608 5.325237 -6.899704
v 1.559220 5.320696 -8.720153
v 1.886124 4.638286 -6.901045
v 1.955229 4.637492 -8.720153
v 1.954961 4.638182 -6.901045
v 1.528123 4.260829 -8.720153
v 1.491722 4.016465 0.751532
v 1.516621 4.016465 -6.901014
v 1.242193 4.016465 -6.901022
v 0.332198 4.016467 -6.881046
v 1.522002 4.016465 -8.717245
v 1.266359 4.016465 -8.717244
v 1.528352 4.260877 -6.901045
v 8.514864 7.632032 -9.129805
v 9.458243 7.632854 -9.129806
v 8.514865 6.346738 -9.129806
v 5.922254 6.374176 -9.122447
v 5.935023 5.767782 -9.129804
v 3.588136 5.757668 -9.127694
v 3.582260 5.318626 -9.129671
v 1.567452 5.310250 -9.123739
v 1.524928 4.016465 -9.129629
v -2.944440 4.703953 -1.488715
v -1.205063 4.703887 -6.574377
v -1.278424 4.703987 -6.569191
v -1.294021 4.703954 -8.675357
v -2.304479 4.636668 0.339357
v -2.319187 4.703953 -1.485772
v -2.234362 4.703954 -6.501623
v -2.232429 4.703954 -8.675118
v -2.223930 5.327245 -9.140429
v -2.224116 5.308276 -8.675121
v -1.166289 5.338088 -9.140429
v -0.869591 5.351425 -5.198898
v -1.181968 5.351509 -5.197035
v -0.828519 4.016465 -6.868152
v 1.532325 4.016465 -1.452176
v -2.944467 4.703953 0.270514
v -2.308719 4.703921 0.267583
v -1.290096 4.703954 0.252055
v -0.994261 4.383018 0.234845
v -0.584987 4.016465 -0.016366
v -2.917447 5.775046 -2.965755
v -2.944419 4.703954 -2.946719
v -0.881550 4.016465 -1.510782
v -7.843931 5.294230 0.749010
v -5.255488 5.273130 0.748945
v -7.847208 5.814117 0.749009
v -3.204157 4.016465 0.748834
v -3.235998 5.766349 0.749004
v -3.244947 5.321425 0.748893
v -5.647903 4.016465 0.748850
v -5.650335 5.769617 0.749008
v -5.649546 5.282084 0.748956
v -3.231014 5.210522 -1.845822
v -5.267135 5.214453 -6.524927
v -2.917371 5.766885 0.338998
v -5.267136 5.214634 0.165885
v -3.231013 5.214612 0.132028
v -4.480336 5.214383 -8.675552
v -4.480337 5.214440 -6.497432
v -4.547235 5.214676 0.339423
v -4.547266 5.214625 0.153988
v -4.547274 5.214623 -1.848564
v -5.267136 5.214569 -3.279315
v -4.547271 5.214565 -3.282971
v -3.231038 5.213130 -3.290418
v -5.255474 6.383133 -8.666816
v -5.541258 6.385532 -9.140456
v -5.951135 5.764352 -8.677058
v -3.305741 5.214616 0.136083
v -3.305310 5.214612 -1.846335
v -3.316769 5.214424 -6.451421
v -3.305389 5.214559 -3.289039
v -7.849324 6.396300 -1.845688
v -7.896827 5.753744 -1.845130
v -5.532747 5.762502 -7.514266
v -5.950083 5.763541 -7.513903
v -7.896828 5.768562 -7.512208
v -6.897714 5.750144 0.339359
v -6.869144 5.753732 -1.843823
v -6.796412 5.765218 -7.513315
v -7.849817 7.632634 -1.843127
v -8.795017 7.632996 -1.843141
v -7.893164 6.392095 -0.426500
v -7.896828 5.761515 -4.421772
v -7.849324 6.403841 -4.422418
v -7.849817 7.633115 -4.426428
v -8.796492 7.633110 -4.428419
v -7.849325 6.410213 -7.525467
v -7.849817 7.633521 -7.537055
v -8.797743 7.633207 -7.543736
v -6.786472 5.766126 -8.677102
v -7.849817 7.633320 -6.001411
v -7.849324 6.406966 -5.944019
v -8.797150 7.633161 -6.065611
v -7.896828 5.764918 -5.914042
v -7.849325 6.410785 -7.911842
v -7.849817 7.632897 -3.256978
v -7.849324 6.400234 -3.189955
v -8.795887 7.661660 -3.368770
v -7.896827 5.757583 -3.118015
v -5.935173 5.753489 -0.032639
v -6.875203 5.752971 -0.035406
v -7.849324 5.751843 -0.039917
v -5.532750 5.757139 -3.136951
v -5.941319 5.756785 -3.136793
v -6.846230 5.757350 -3.136533
v -5.567163 5.455980 0.339350
v -5.536410 5.428050 -1.849984
v -3.231035 5.774108 -2.966354
v -3.244985 5.784160 0.754403
v -3.256034 5.791646 0.339563
v -5.267135 5.214531 -4.380852
v -5.532750 6.390898 -4.429501
v -5.255476 6.391613 -4.430337
v -6.831196 5.759725 -4.457305
v -5.944002 5.758853 -4.476757
v -5.532749 5.758795 -4.488376
v -5.255475 6.387754 -5.977119
v -5.532748 6.386612 -5.977119
v -5.267135 5.214479 -5.985926
v -8.797118 7.677808 -5.986264
v -8.796510 7.663629 -4.471302
v -8.795908 7.633065 -3.405226
v -8.795003 7.658130 -1.817150
v -8.843158 7.659366 0.749010
v -8.757046 6.430681 0.766581
v -8.798381 6.417915 0.755764
v -7.849846 7.650312 -9.140460
v -5.260506 6.400659 -8.637022
v -5.537779 6.398814 -8.656274
v -1.176871 5.327266 -9.140429
v -6.706278 6.391839 0.339357
v -6.779609 4.016465 0.748933
v -6.722972 5.288025 0.748982
v -6.690948 5.790696 0.749009
v -6.655329 6.391279 0.749040
v -5.255486 5.789064 0.749010
v -5.266738 5.790302 0.339342
v -2.908694 5.331531 0.750926
v -5.306456 6.396732 -1.849409
v -5.278090 6.349902 0.312354
v -5.278265 6.327277 0.768503
v -0.894359 5.320656 0.391050
v -0.894156 5.281154 0.748888
v 0.332168 4.016468 0.112448
v -7.849324 5.832483 -0.394881
v -7.896827 5.752219 -0.396790
v -7.838844 6.392348 -0.511980
v -7.850476 6.349076 -0.502930
v -7.822286 7.673368 -0.507214
v -7.883370 7.623051 -0.458593
v -7.821683 7.665680 0.799010
v -6.811971 5.757322 -3.136546
v -6.832377 5.753002 -0.035244
v -6.825238 5.753731 -1.844208
v -7.849325 5.813003 -5.918229
v -7.849325 5.814120 -7.513149
v -7.849325 5.791860 -4.421860
v -7.849325 5.850570 -8.677193
v -7.849324 5.806951 -3.129932
v -7.849324 5.808185 -1.845196
v -4.494905 5.214622 -1.848457
v -4.499709 5.214625 0.152871
v -4.495635 5.214565 -3.283662
v -3.305587 5.214557 -3.344049
v -4.496521 5.214563 -3.338840
v -4.547271 5.214563 -3.334750
v -0.895015 4.334601 -1.481146
v -1.208972 4.704123 -5.091355
v -0.878956 5.323939 -5.165500
v -0.852145 4.016465 -5.306548
v -1.191277 5.324029 -5.166375
v -2.946495 5.763831 -2.974759
v -3.260082 5.762897 -2.975412
v -4.499258 5.214382 -8.675560
v -4.514640 5.214441 -6.498631
v -6.791369 5.759686 -4.458179
v -6.757074 5.765140 -7.513342
v -6.737091 5.753729 -1.846152
v -3.946074 5.214621 0.145087
v -3.930863 5.214618 -1.847451
v -3.903131 5.214562 -3.286339
v -3.902076 5.214560 -3.341440
v -1.281785 4.704055 -5.079921
v -2.944393 4.703351 -3.868321
v -2.280875 4.703352 -3.874352
v -1.284799 4.703351 -3.874511
v -1.213529 4.703284 -3.874808
v -2.943645 5.267021 0.339346
v -3.245009 5.330535 0.748895
v -3.244798 5.330481 0.761561
v -2.937742 5.325321 0.766130
v -2.937724 5.765895 0.749003
v -7.829005 6.394261 0.784438
v 0.697874 4.016467 -9.129941
v 8.514370 5.748315 -7.960992
v 8.514533 6.371995 -7.960892
v 6.593852 5.752803 -7.999834
v 8.514370 5.752155 -6.569930
v 8.514864 7.632627 -6.570481
v 8.514864 7.633067 -3.784453
v 8.514371 5.759081 -3.784259
v 9.461433 7.633102 -3.784452
v 9.460222 7.597284 -6.578810
v 8.514534 6.377891 -6.570111
v 8.514532 6.369875 -3.784454
v 8.514371 5.762789 -2.298941
v 8.514476 6.384656 -2.298950
v 8.514864 7.633317 -2.298997
v 6.197801 5.758191 -3.784266
v 6.610135 5.764335 0.296262
v 6.605572 5.758348 -3.784265
v 7.305328 5.750280 -8.720157
v 7.302309 5.751147 -7.985506
v 7.340091 5.766413 0.296315
v 7.296374 5.753154 -6.544913
v 7.332478 5.758627 -3.784263
v 6.197799 5.761371 0.182021
v 6.608493 5.762180 0.177663
v 4.549226 5.206546 -8.720294
v 4.542782 5.208644 -6.510337
v 3.896041 5.208013 -6.510429
v 3.896129 5.217489 -2.853955
v 5.932184 5.218663 -2.802133
v 4.514282 5.217924 -2.852894
v 5.215856 5.206980 -8.720232
v 5.215643 5.208912 -6.510015
v 5.217629 5.218289 -2.852743
v 5.219712 5.222294 0.294682
v 6.197801 6.399558 -4.283161
v 5.920529 6.397923 -4.284000
v 5.932185 5.215175 -4.273748
v 5.216991 5.215278 -3.950204
v 5.932185 5.216264 -3.950207
v 3.896101 5.214519 -3.954878
v 4.522904 5.215117 -3.952639
v 3.891095 4.824243 -1.929363
v 3.609506 4.637403 -6.892051
v 1.876471 4.640595 -3.336209
v 3.609450 4.640064 -3.310335
v 2.940658 4.637718 -6.895687
v 2.971653 4.640259 -3.319858
v 2.966170 4.643705 0.294305
v 8.514413 6.401105 -0.296976
v 3.894170 5.762574 -9.128510
v 3.609485 4.638402 -5.943546
v 3.582473 5.772416 -5.955701
v 3.896066 5.772130 -5.960305
v 1.546969 4.016465 -5.111530
v 1.866845 5.317792 -5.192875
v 1.548720 5.321941 -5.196698
v 1.796152 4.016465 0.751533
v 1.840250 5.327450 0.760811
v 5.920539 5.260603 0.752513
v 8.508772 5.260448 0.751447
v 4.098870 5.322186 0.753807
v 4.093374 4.016465 0.751534
v 5.365454 5.260524 0.752901
v 5.364480 4.016465 0.751534
v 6.194156 6.400623 0.754362
v 6.220956 4.016465 0.751534
v 6.200503 5.260574 0.752311
v 5.920527 6.400477 0.328404
v 6.197494 5.781431 0.753283
v 8.511888 5.825069 0.752923
v 9.460821 7.591316 -5.310780
v 8.514864 7.632843 -5.302771
v 8.514533 6.374176 -5.302293
v 8.514370 5.755274 -5.302058
v 9.500369 7.633253 -2.298990
v 8.514864 7.633571 -0.450329
v 9.370722 7.633251 -0.887010
v 2.969609 4.641543 -1.973090
v 1.871804 4.641712 -2.028853
v 1.237392 4.016466 -1.462566
v 1.083234 4.016466 0.528145
v 1.095910 4.016466 0.859345
v 8.514371 5.764038 -0.627635
v 8.514387 6.011827 -0.284669
v 7.337251 5.763509 0.088064
v 7.337272 5.763530 0.206203
v 8.514371 5.764104 -0.035543
v 4.542191 5.208837 -6.471855
v 5.215688 5.209123 -6.471818
v 3.896043 5.208201 -6.471871
v 5.932185 5.209578 -6.471759
v 5.932185 5.210728 -5.727535
v 5.215921 5.210225 -5.727628
v 4.538733 5.209962 -5.727678
v 3.896053 5.209335 -5.727801
v 5.217692 5.218410 -2.817850
v 4.513448 5.218195 -2.804638
v 3.896132 5.217790 -2.802613
v -5.063477 4.886308 4.482947
v -5.043364 4.886297 4.995238
v 5.214722 4.881742 4.483968
v 5.260664 4.886312 4.995253
v 9.446827 6.394652 0.749145
v 9.429400 6.362271 0.740561
v 5.238599 4.904468 4.478508
v 1.630405 4.872656 4.489766
v -0.957942 4.869651 4.490258
v 7.115112 4.870014 4.497400
v 7.122403 4.886256 4.995198
v 7.063165 4.914982 4.480489
v 7.082067 4.904933 4.995202
v 1.605567 4.863550 4.999321
v -0.978148 4.886417 4.988771
v -5.059609 4.897241 4.470701
v -5.015832 4.897231 4.982742
v -7.275657 4.886225 4.482947
v -7.281375 4.886232 4.995174
v -7.260006 4.907022 4.981356
v -7.264927 4.907016 4.469126
v 5.293575 4.887262 4.995250
v 9.511919 7.673280 -2.283278
v 9.461524 7.619102 -3.800176
v 9.460814 7.633054 -5.317701
v 9.460217 7.633008 -6.582456
v 8.514533 6.373293 -7.654554
v 9.459624 7.632961 -7.669073
v 8.514864 7.632483 -7.639442
v 5.945419 6.404750 -9.133321
v 3.582421 5.766718 -8.716182
v 3.609651 5.765906 -9.129799
v 3.582405 5.737566 -9.129792
v 1.559563 5.290363 -9.129684
v 1.588436 5.320352 -9.129686
v 3.612960 5.782748 0.294110
v 3.584895 5.731864 0.294102
v 3.882823 5.747311 -5.952723
v 3.585241 5.747606 -5.937856
v 3.903247 5.779557 -9.134679
v 5.920619 5.796634 -9.129454
v 8.482496 6.388135 -9.129849
v 8.514975 7.696884 -9.129805
v 8.568171 7.643747 -9.112815
v 9.459340 7.652848 -7.960199
v 6.210976 6.399494 -4.272038
v 5.933704 6.397835 -4.256523
v 6.210571 6.369768 0.739691
v 5.902308 5.784269 0.295056
v 8.487432 6.417918 0.294503
v 9.422961 7.619911 0.723458
v 8.455957 7.655315 -0.310349
v 1.517161 5.320104 -5.218681
v 1.879026 5.322943 -5.177828
v 1.881521 4.639387 -5.201252
v 1.856989 5.316246 0.732897
v 1.889032 5.326199 0.294579
v 5.932649 6.363949 -6.538331
v 5.934430 6.354934 -6.529278
v 6.204696 6.364018 -6.528451
v 1.551527 5.291896 -6.905654
v 1.904100 5.299651 -6.904824
v 0.332095 4.027270 1.439790
v 7.424237 5.753049 -6.547539
v 7.697916 5.750223 -7.977505
v 7.303904 5.754296 -5.969132
v 7.848828 5.748650 -8.720157
v 7.787217 6.390739 -8.720152
v 8.038737 6.391041 -9.130457
v 6.606657 5.759771 -2.312279
v 6.757931 5.758406 -3.784265
v 6.197802 5.755568 -5.863000
v 6.516422 5.758313 -3.784265
v 4.453952 4.881250 4.996164
v 4.457262 4.879822 4.485193
v 5.988084 5.777890 0.754077
v 6.020583 5.260592 0.752441
v 5.972415 6.400696 0.754367
v 5.989357 6.401858 0.644872
v 6.018577 6.402191 0.323056
v 6.077096 4.016465 0.751534
v 6.202364 6.403303 -1.275500
v 4.976649 4.016465 4.482947
vt 0.121387 0.647485
vt 0.211244 0.814785
vt 0.177337 0.814714
vt 0.120707 0.666299
vt 0.174057 0.893515
vt 0.211142 0.892103
vt 0.188130 0.834889
vt 0.188447 0.906955
vt 0.223009 0.834096
vt 0.221625 0.902291
vt 0.056275 0.605055
vt 0.044749 0.705523
vt 0.060418 0.747235
vt 0.103480 0.605218
vt 0.095990 0.706754
vt 0.111257 0.737749
vt 0.225480 0.758183
vt 0.227155 0.761877
vt 0.112682 0.502232
vt 0.120440 0.520752
vt 0.126670 0.467274
vt 0.220302 0.698432
vt 0.239007 0.500803
vt 0.243491 0.519619
vt 0.293196 0.737248
vt 0.318294 0.762517
vt 0.277048 0.701986
vt 0.239460 0.569189
vt 0.263239 0.565748
vt 0.234515 0.545416
vt 0.228740 0.546324
vt 0.217540 0.472675
vt 0.214927 0.896854
vt 0.166282 0.900771
vt 0.227610 0.921391
vt 0.185296 0.918413
vt 0.196381 0.981692
vt 0.024745 0.710280
vt 0.056000 0.752048
vt 0.095359 0.713364
vt 0.121514 0.759122
vt 0.066812 0.834550
vt 0.078251 0.403170
vt 0.099587 0.402597
vt 0.111216 0.319305
vt 0.131244 0.319869
vt 0.032682 0.250675
vt 0.005711 0.249122
vt 0.019989 0.092990
vt 0.448953 0.201798
vt 0.454033 0.063304
vt 0.059175 0.056135
vt 0.510459 0.190882
vt 0.025766 0.039809
vt 0.264142 0.506196
vt 0.257474 0.457031
vt 0.318866 0.724610
vt 0.314133 0.664847
vt 0.312780 0.701009
vt 0.387257 0.700426
vt 0.362560 0.673062
vt 0.391028 0.678781
vt 0.390850 0.724461
vt 0.241966 0.452480
vt 0.251729 0.315209
vt 0.248943 0.473484
vt 0.324224 0.474604
vt 0.324300 0.443354
vt 0.344866 0.451341
vt 0.363132 0.670700
vt 0.349921 0.614171
vt 0.380745 0.670511
vt 0.336826 0.614353
vt 0.382745 0.662278
vt 0.347797 0.313509
vt 0.347828 0.401446
vt 0.383737 0.596779
vt 0.390058 0.626524
vt 0.428887 0.404860
vt 0.354875 0.408161
vt 0.351597 0.424565
vt 0.449467 0.420841
vt 0.449298 0.373228
vt 0.440685 0.625762
vt 0.446236 0.661552
vt 0.465171 0.678751
vt 0.433626 0.500285
vt 0.454802 0.500258
vt 0.448378 0.399673
vt 0.451248 0.312003
vt 0.453119 0.341612
vt 0.455482 0.425089
vt 0.480203 0.424852
vt 0.479003 0.346122
vt 0.467428 0.603968
vt 0.434217 0.463642
vt 0.456997 0.444560
vt 0.428788 0.463617
vt 0.404264 0.043610
vt 0.399057 0.055429
vt 0.506027 0.058731
vt 0.505850 0.046220
vt 0.991983 0.061881
vt 0.541641 0.059118
vt 0.547539 0.046496
vt 0.796339 0.811353
vt 0.878513 0.639501
vt 0.916152 0.637762
vt 0.832386 0.808274
vt 0.929852 0.727568
vt 0.889004 0.728268
vt 0.944311 0.596977
vt 0.958367 0.696217
vt 0.900163 0.595917
vt 0.910555 0.698704
vt 0.825041 0.828235
vt 0.832244 0.903980
vt 0.839191 0.889780
vt 0.786122 0.829983
vt 0.795335 0.905778
vt 0.805612 0.890635
vt 0.881906 0.512256
vt 0.890491 0.489649
vt 0.780076 0.756264
vt 0.788087 0.730351
vt 0.786592 0.695804
vt 0.876100 0.470430
vt 0.686662 0.758333
vt 0.693749 0.736625
vt 0.783894 0.503854
vt 0.765155 0.490338
vt 0.779484 0.466067
vt 0.721859 0.704970
vt 0.703987 0.706721
vt 0.715783 0.650273
vt 0.741681 0.651904
vt 0.731893 0.697837
vt 0.877694 0.754688
vt 0.952435 0.758888
vt 0.906189 0.708783
vt 0.970763 0.704063
vt 0.936318 0.828501
vt 0.840218 0.921252
vt 0.850666 0.894565
vt 0.787910 0.921031
vt 0.803996 0.895251
vt 0.823799 0.981787
vt 0.862376 0.305284
vt 0.894776 0.306492
vt 0.900103 0.393971
vt 0.924038 0.395119
vt 0.973373 0.201690
vt 0.999129 0.202599
vt 0.971184 0.069933
vt 0.576673 0.071413
vt 0.565588 0.196338
vt 0.997169 0.046818
vt 0.510519 0.190739
vt 0.515699 0.062562
vt 0.698191 0.631210
vt 0.691104 0.662009
vt 0.759156 0.434977
vt 0.739907 0.459565
vt 0.753537 0.458640
vt 0.655011 0.458406
vt 0.651183 0.413705
vt 0.655254 0.388242
vt 0.658786 0.434376
vt 0.749352 0.304013
vt 0.685984 0.723363
vt 0.691308 0.698421
vt 0.635424 0.698684
vt 0.638677 0.661897
vt 0.614102 0.722415
vt 0.666922 0.510149
vt 0.665784 0.489056
vt 0.646133 0.511073
vt 0.650829 0.478079
vt 0.691560 0.460879
vt 0.660628 0.300961
vt 0.641696 0.422283
vt 0.634830 0.415191
vt 0.577224 0.413725
vt 0.575778 0.412505
vt 0.610524 0.690020
vt 0.614492 0.662552
vt 0.614157 0.626023
vt 0.551123 0.394272
vt 0.560558 0.593654
vt 0.542336 0.589815
vt 0.538778 0.692377
vt 0.540727 0.660663
vt 0.562934 0.593615
vt 0.560146 0.624710
vt 0.564718 0.593734
vt 0.540588 0.613968
vt 0.550163 0.300025
vt 0.500762 0.310991
vt 0.540190 0.544811
vt 0.521645 0.545105
vt 0.495223 0.553498
vt 0.540218 0.618197
vt 0.521571 0.596309
vt 0.540996 0.564900
vt 0.538424 0.630359
vt 0.495462 0.603727
vt 0.670515 0.676553
vt 0.671531 0.490091
vt 0.684273 0.489425
vt 0.708870 0.489963
vt 0.703039 0.612067
vt 0.674307 0.683270
vt 0.650122 0.612170
vt 0.662717 0.611470
vt 0.364440 0.463996
vt 0.436464 0.595685
vt 0.434191 0.595717
vt 0.437821 0.626589
vt 0.379842 0.407047
vt 0.385746 0.463840
vt 0.403802 0.595830
vt 0.408449 0.626937
vt 0.408221 0.661896
vt 0.409855 0.679212
vt 0.447918 0.678895
vt 0.457600 0.587758
vt 0.439559 0.588782
vt 0.463749 0.557811
vt 0.545338 0.421733
vt 0.505603 0.425935
vt 0.381544 0.423418
vt 0.429022 0.423066
vt 0.357862 0.424777
vt 0.454406 0.420949
vt 0.480834 0.368979
vt 0.364473 0.571432
vt 0.368560 0.489836
vt 0.467936 0.435795
vt 0.627017 0.352691
vt 0.633930 0.354708
vt 0.633933 0.359181
vt 0.620486 0.356147
vt 0.601974 0.351968
vt 0.602396 0.346708
vt 0.602718 0.345577
vt 0.274696 0.405715
vt 0.272268 0.408123
vt 0.272400 0.406955
vt 0.273596 0.405523
vt 0.281961 0.395507
vt 0.282205 0.398258
vt 0.121696 0.405980
vt 0.245886 0.405049
vt 0.116280 0.454848
vt 0.328388 0.313814
vt 0.320068 0.451084
vt 0.321201 0.400785
vt 0.229706 0.315636
vt 0.217646 0.453684
vt 0.221297 0.405198
vt 0.321618 0.479211
vt 0.301082 0.614761
vt 0.158016 0.355839
vt 0.166995 0.360252
vt 0.166756 0.365051
vt 0.165820 0.387681
vt 0.156419 0.384042
vt 0.349858 0.472987
vt 0.265458 0.479249
vt 0.321316 0.477801
vt 0.331779 0.664918
vt 0.321914 0.615425
vt 0.281112 0.452193
vt 0.285265 0.478590
vt 0.293421 0.504664
vt 0.295127 0.521958
vt 0.277266 0.523892
vt 0.328388 0.523170
vt 0.311970 0.737059
vt 0.301019 0.762810
vt 0.275462 0.702021
vt 0.323658 0.477599
vt 0.329148 0.501498
vt 0.351763 0.614096
vt 0.332617 0.521132
vt 0.387394 0.662055
vt 0.345452 0.665522
vt 0.194984 0.614492
vt 0.215375 0.606495
vt 0.238669 0.658339
vt 0.220412 0.664805
vt 0.281970 0.419961
vt 0.282402 0.419228
vt 0.283122 0.420446
vt 0.275452 0.431845
vt 0.275523 0.430673
vt 0.277508 0.427370
vt 0.278931 0.425004
vt 0.248005 0.476258
vt 0.512847 0.836367
vt 0.512875 0.842801
vt 0.514056 0.907735
vt 0.483151 0.908780
vt 0.262837 0.506807
vt 0.239881 0.524551
vt 0.240313 0.521114
vt 0.240081 0.524088
vt 0.156333 0.543581
vt 0.151288 0.590628
vt 0.273372 0.687267
vt 0.271515 0.687233
vt 0.216630 0.687715
vt 0.181637 0.470541
vt 0.199241 0.543896
vt 0.200435 0.472770
vt 0.251070 0.687686
vt 0.144893 0.685014
vt 0.120115 0.684582
vt 0.132558 0.551964
vt 0.187542 0.617250
vt 0.182938 0.660601
vt 0.176659 0.748481
vt 0.138418 0.746306
vt 0.213515 0.717422
vt 0.206138 0.801886
vt 0.170606 0.803683
vt 0.257355 0.700843
vt 0.192652 0.776124
vt 0.198128 0.690689
vt 0.154370 0.775636
vt 0.200958 0.651072
vt 0.211693 0.815865
vt 0.177337 0.814714
vt 0.223009 0.834096
vt 0.212739 0.813628
vt 0.205878 0.802522
vt 0.209325 0.716378
vt 0.218147 0.736488
vt 0.213102 0.723232
vt 0.227155 0.761877
vt 0.212811 0.678106
vt 0.217114 0.690410
vt 0.215069 0.723818
vt 0.217254 0.734957
vt 0.160834 0.717831
vt 0.168234 0.628073
vt 0.131704 0.718653
vt 0.172455 0.587227
vt 0.481629 0.896480
vt 0.228201 0.520625
vt 0.190986 0.520973
vt 0.146922 0.520279
vt 0.239988 0.588917
vt 0.243599 0.588591
vt 0.212893 0.589128
vt 0.273021 0.505961
vt 0.239270 0.464162
vt 0.501200 0.908676
vt 0.495463 0.838281
vt 0.240198 0.535691
vt 0.345070 0.571281
vt 0.279360 0.426037
vt 0.318512 0.451109
vt 0.321338 0.474682
vt 0.285349 0.554733
vt 0.259920 0.633179
vt 0.281110 0.630373
vt 0.225382 0.619000
vt 0.249639 0.619534
vt 0.252751 0.619458
vt 0.274775 0.679636
vt 0.294623 0.679237
vt 0.295920 0.595069
vt 0.152715 0.774039
vt 0.138812 0.747069
vt 0.083110 0.646602
vt 0.131935 0.719604
vt 0.120098 0.684242
vt 0.055995 0.607497
vt 0.067515 0.501796
vt 0.067574 0.501254
vt 0.222968 0.835094
vt 0.292995 0.736618
vt 0.310573 0.736917
vt 0.447532 0.678898
vt 0.174857 0.519769
vt 0.178840 0.317822
vt 0.169631 0.454235
vt 0.172575 0.405581
vt 0.170845 0.501574
vt 0.241865 0.454119
vt 0.247615 0.475060
vt 0.346866 0.404267
vt 0.258867 0.566381
vt 0.239361 0.495019
vt 0.244151 0.512484
vt 0.164633 0.387222
vt 0.449329 0.418169
vt 0.448500 0.395958
vt 0.156487 0.382847
vt 0.509145 0.346022
vt 0.134312 0.534851
vt 0.147093 0.522992
vt 0.135580 0.524116
vt 0.134206 0.528464
vt 0.129177 0.527226
vt 0.126670 0.467274
vt 0.133687 0.554293
vt 0.133833 0.551960
vt 0.123205 0.650734
vt 0.122680 0.649833
vt 0.103707 0.607152
vt 0.216487 0.589117
vt 0.192191 0.520952
vt 0.201358 0.543897
vt 0.200563 0.656605
vt 0.212563 0.680823
vt 0.186915 0.623151
vt 0.216859 0.692328
vt 0.220031 0.703221
vt 0.171755 0.593993
vt 0.155731 0.549199
vt 0.436267 0.626579
vt 0.430206 0.464684
vt 0.296150 0.504287
vt 0.290873 0.478529
vt 0.301359 0.521813
vt 0.333510 0.526456
vt 0.302150 0.526808
vt 0.295996 0.526853
vt 0.455648 0.432267
vt 0.434700 0.558752
vt 0.275954 0.402699
vt 0.620110 0.356062
vt 0.619934 0.350617
vt 0.439454 0.581842
vt 0.457410 0.580992
vt 0.274828 0.405583
vt 0.460252 0.518547
vt 0.364576 0.572056
vt 0.345185 0.571909
vt 0.279335 0.426074
vt 0.328105 0.664916
vt 0.317258 0.615526
vt 0.228539 0.619024
vt 0.254755 0.687763
vt 0.474713 0.840565
vt 0.210333 0.544693
vt 0.311796 0.501898
vt 0.306075 0.478098
vt 0.316920 0.521474
vt 0.317803 0.526632
vt 0.265556 0.481618
vt 0.432307 0.556933
vt 0.373172 0.522329
vt 0.393901 0.523455
vt 0.430617 0.522151
vt 0.278216 0.399991
vt 0.433008 0.523344
vt 0.351363 0.426341
vt 0.321050 0.404317
vt 0.321158 0.401592
vt 0.344611 0.404272
vt 0.343281 0.451325
vt 0.115721 0.502198
vt 0.514239 0.604019
vt 0.528261 0.604576
vt 0.528828 0.622327
vt 0.610276 0.492966
vt 0.592367 0.488287
vt 0.591669 0.449733
vt 0.615115 0.456022
vt 0.581250 0.483944
vt 0.575788 0.444297
vt 0.790946 0.681721
vt 0.791432 0.725813
vt 0.732906 0.683372
vt 0.801651 0.651545
vt 0.810779 0.771467
vt 0.842182 0.710624
vt 0.830598 0.575047
vt 0.882240 0.710042
vt 0.848512 0.769822
vt 0.804689 0.691449
vt 0.834266 0.618995
vt 0.846287 0.534487
vt 0.850731 0.583232
vt 0.860085 0.675938
vt 0.787241 0.578255
vt 0.794971 0.469259
vt 0.762498 0.578428
vt 0.764388 0.651666
vt 0.742834 0.577886
vt 0.816899 0.469899
vt 0.747393 0.697344
vt 0.753046 0.682629
vt 0.763449 0.651766
vt 0.788431 0.577153
vt 0.826070 0.469708
vt 0.766288 0.506316
vt 0.806221 0.508914
vt 0.783283 0.508558
vt 0.477812 0.904485
vt 0.512150 0.904228
vt 0.510508 0.827011
vt 0.467216 0.826992
vt 0.657272 0.661137
vt 0.659219 0.632084
vt 0.676205 0.688729
vt 0.671170 0.494515
vt 0.732675 0.491855
vt 0.683408 0.494485
vt 0.668817 0.661689
vt 0.674068 0.632304
vt 0.707572 0.494564
vt 0.716133 0.460677
vt 0.741815 0.641882
vt 0.722385 0.641267
vt 0.717830 0.556222
vt 0.697278 0.535940
vt 0.722467 0.536119
vt 0.663408 0.536362
vt 0.675710 0.536962
vt 0.495492 0.904780
vt 0.665289 0.487301
vt 0.646056 0.633085
vt 0.668717 0.677854
vt 0.674166 0.473107
vt 0.688137 0.472371
vt 0.641617 0.660885
vt 0.668925 0.673737
vt 0.670733 0.676940
vt 0.672350 0.679804
vt 0.674806 0.684154
vt 0.676170 0.686585
vt 0.618750 0.592848
vt 0.569034 0.516829
vt 0.629332 0.516418
vt 0.596908 0.593206
vt 0.607140 0.516569
vt 0.618722 0.415507
vt 0.868671 0.539249
vt 0.699058 0.698239
vt 0.724949 0.699223
vt 0.727792 0.733012
vt 0.631425 0.722373
vt 0.622319 0.563562
vt 0.643237 0.633951
vt 0.624861 0.633825
vt 0.673598 0.684943
vt 0.541202 0.521575
vt 0.565286 0.540095
vt 0.545108 0.540376
vt 0.575172 0.300237
vt 0.575732 0.394563
vt 0.756830 0.392089
vt 0.874997 0.389502
vt 0.681746 0.390156
vt 0.676893 0.301520
vt 0.734351 0.391510
vt 0.726948 0.303243
vt 0.788324 0.489439
vt 0.779217 0.391616
vt 0.771702 0.304281
vt 0.797489 0.578529
vt 0.817254 0.607009
vt 0.806355 0.637314
vt 0.784300 0.620901
vt 0.791493 0.596255
vt 0.761196 0.500440
vt 0.783449 0.437226
vt 0.882643 0.440530
vt 0.826166 0.741655
vt 0.865868 0.740047
vt 0.818210 0.655855
vt 0.814686 0.617097
vt 0.880352 0.675967
vt 0.874977 0.647493
vt 0.881302 0.671422
vt 0.612532 0.475440
vt 0.574848 0.444130
vt 0.638519 0.515560
vt 0.641748 0.520708
vt 0.640403 0.520102
vt 0.632951 0.508979
vt 0.633188 0.507083
vt 0.636919 0.513015
vt 0.530423 0.424618
vt 0.528487 0.310121
vt 0.526949 0.294549
vt 0.853401 0.515097
vt 0.861133 0.517874
vt 0.810107 0.513094
vt 0.812136 0.509485
vt 0.854039 0.512952
vt 0.674988 0.627644
vt 0.659879 0.627745
vt 0.646796 0.628742
vt 0.674735 0.684028
vt 0.699213 0.626511
vt 0.701663 0.625640
vt 0.700815 0.628769
vt 0.704985 0.611375
vt 0.678980 0.611219
vt 0.247325 0.225472
vt 0.263355 0.041673
vt 0.264397 0.051699
vt 0.766736 0.198356
vt 0.822726 0.061290
vt 0.820586 0.046227
vt 0.933687 0.491192
vt 0.933448 0.488814
vt 0.769172 0.198380
vt 0.829288 0.061030
vt 0.567226 0.196354
vt 0.549816 0.058910
vt 0.450117 0.201591
vt 0.404743 0.055447
vt 0.868485 0.199366
vt 0.908777 0.046794
vt 0.907321 0.061027
vt 0.860891 0.199290
vt 0.897623 0.060713
vt 0.899773 0.047065
vt 0.539009 0.046262
vt 0.397574 0.043436
vt 0.253887 0.224702
vt 0.268770 0.051833
vt 0.268470 0.041679
vt 0.119369 0.051534
vt 0.116905 0.041192
vt 0.098272 0.242974
vt 0.122356 0.040276
vt 0.124844 0.051600
vt 0.103974 0.242304
vt 0.830378 0.046515
vt 0.880395 0.675760
vt 0.881811 0.710801
vt 0.865673 0.740392
vt 0.848388 0.770087
vt 0.794352 0.718244
vt 0.838103 0.796051
vt 0.801294 0.797666
vt 0.687593 0.758313
vt 0.615550 0.710876
vt 0.615667 0.722435
vt 0.613917 0.720737
vt 0.538192 0.676103
vt 0.539762 0.692345
vt 0.656532 0.458751
vt 0.653755 0.454699
vt 0.673552 0.684877
vt 0.626662 0.633426
vt 0.643460 0.632805
vt 0.632803 0.722518
vt 0.686016 0.725027
vt 0.778911 0.756290
vt 0.787433 0.835670
vt 0.788814 0.830554
vt 0.832522 0.809715
vt 0.742364 0.639049
vt 0.722923 0.639324
vt 0.789458 0.489455
vt 0.752571 0.458641
vt 0.880120 0.512104
vt 0.944147 0.595344
vt 0.878722 0.641270
vt 0.545053 0.541344
vt 0.565255 0.539650
vt 0.640381 0.520070
vt 0.640208 0.518253
vt 0.565843 0.557001
vt 0.577192 0.390535
vt 0.576880 0.412522
vt 0.703878 0.702925
vt 0.703840 0.703115
vt 0.721329 0.700203
vt 0.542258 0.588369
vt 0.560178 0.593898
vt 0.641815 0.522110
vt 0.562241 0.593044
vt 0.503463 0.266067
vt 0.765417 0.682326
vt 0.767459 0.651741
vt 0.768659 0.636200
vt 0.765015 0.696642
vt 0.762938 0.756648
vt 0.761641 0.732095
vt 0.771185 0.731082
vt 0.767934 0.578157
vt 0.770221 0.552461
vt 0.722359 0.632675
vt 0.767908 0.578386
vt 0.769944 0.633814
vt 0.769943 0.633835
vt 0.767907 0.578406
vt 0.770220 0.552482
vt 0.767933 0.578177
vt 0.768658 0.636221
vt 0.767458 0.651761
vt 0.765415 0.682347
vt 0.765013 0.696663
vt 0.761640 0.732116
vt 0.771184 0.731103
vt 0.762939 0.756627
vt 0.759906 0.046291
vt 0.765053 0.060944
vt 0.764829 0.391933
vt 0.765080 0.435541
vt 0.769547 0.490185
vt 0.769806 0.493709
vt 0.769222 0.501661
vt 0.760998 0.304163
vt 0.769504 0.550705
vt 0.724576 0.197936
vt 0.759467 0.070739
vt 0.766287 0.506336
vt 0.769505 0.550684
vt 0.769223 0.501640
vt 0.769807 0.493688
vt 0.769549 0.490164
vt 0.765081 0.435520
vt 0.764830 0.391912
vt 0.761000 0.304142
vt 0.759468 0.070718
vt 0.765054 0.060923
vt 0.724578 0.197915
vt 0.759907 0.046270
vn -0.003456 0.635296 0.772261
vn -0.003456 0.635296 0.772261
vn -0.003456 0.635296 0.772261
vn 0.830938 0.556366 0.000014
vn 0.830938 0.556366 0.000014
vn 0.830938 0.556366 0.000014
vn -0.008143 0.633425 -0.773761
vn -0.008143 0.633425 -0.773761
vn -0.008143 0.633425 -0.773761
vn -0.840035 0.542531 -0.001047
vn -0.840035 0.542531 -0.001047
vn -0.840035 0.542531 -0.001047
vn -0.839923 0.542705 -0.000941
vn -0.839923 0.542705 -0.000941
vn -0.839923 0.542705 -0.000941
vn -0.000252 0.635448 0.772144
vn -0.000252 0.635448 0.772144
vn -0.000252 0.635448 0.772144
vn 0.832407 0.554165 0.000012
vn 0.832407 0.554165 0.000012
vn 0.832407 0.554165 0.000012
vn 0.004826 0.633713 -0.773553
vn 0.004826 0.633713 -0.773553
vn 0.004826 0.633713 -0.773553
vn -0.000051 -1.000000 0.000000
vn -0.000051 -1.000000 0.000004
vn -0.000051 -1.000000 0.000004
vn -0.000051 -1.000000 0.000007
vn 0.003455 0.635297 -0.772260
vn 0.003455 0.635297 -0.772260
vn 0.003455 0.635297 -0.772260
vn -0.830936 0.556368 -0.000014
vn -0.830936 0.556368 -0.000014
vn -0.830936 0.556368 -0.000014
vn 0.008144 0.633424 0.773763
vn 0.008144 0.633424 0.773763
vn 0.008144 0.633424 0.773763
vn 0.840036 0.542530 0.001048
vn 0.840036 0.542530 0.001048
vn 0.840036 0.542530 0.001048
vn 0.839923 0.542704 0.000940
vn 0.839923 0.542704 0.000940
vn 0.839923 0.542704 0.000940
vn 0.000255 0.635448 -0.772144
vn 0.000255 0.635448 -0.772144
vn 0.000255 0.635448 -0.772144
vn -0.832407 0.554165 -0.000011
vn -0.832407 0.554165 -0.000011
vn -0.832407 0.554165 -0.000011
vn -0.004827 0.633714 0.773552
vn -0.004827 0.633714 0.773552
vn -0.004827 0.633714 0.773552
vn 0.010394 0.729985 0.683384
vn 0.004880 0.763825 0.645405
vn 0.004880 0.763825 0.645405
vn -0.000646 0.795666 0.605736
vn 0.000052 -1.000000 -0.000005
vn 0.000050 -1.000000 -0.000005
vn 0.000050 -1.000000 -0.000005
vn 0.000048 -1.000000 -0.000006
vn -1.000000 0.000004 0.001008
vn -1.000000 0.000013 0.001015
vn -1.000000 0.000013 0.001015
vn -0.999999 0.000022 0.001022
vn -0.000177 1.000000 0.000130
vn -0.000254 1.000000 0.000081
vn -0.000254 1.000000 0.000081
vn -0.000331 1.000000 0.000031
vn 0.033068 0.871027 -0.490121
vn 0.033068 0.871027 -0.490121
vn 0.033068 0.871027 -0.490121
vn 0.032210 0.999481 0.000130
vn 0.039635 0.999203 0.004730
vn 0.039635 0.999203 0.004730
vn 0.047058 0.998849 0.009330
vn -0.001224 0.814732 0.579836
vn -0.001224 0.814732 0.579836
vn -0.001224 0.814732 0.579836
vn 0.000148 1.000000 0.000186
vn 0.000071 1.000000 0.000115
vn 0.000071 1.000000 0.000115
vn -0.000005 1.000000 0.000043
vn 0.096404 0.783146 -0.614320
vn 0.096404 0.783146 -0.614320
vn 0.096404 0.783146 -0.614320
vn -0.010641 -0.000004 -0.999943
vn -0.122205 -0.098799 -0.987575
vn -0.082173 -0.065793 -0.994444
vn -0.002342 0.000011 -0.999997
vn -0.118065 -0.098839 -0.988075
vn 0.000051 -1.000000 0.000000
vn 0.000051 -1.000000 -0.000002
vn 0.000051 -1.000000 -0.000002
vn 0.000051 -1.000000 -0.000005
vn 0.000026 -1.000000 -0.000022
vn 0.000026 -1.000000 -0.000021
vn 0.000026 -1.000000 -0.000021
vn 0.000025 -1.000000 -0.000020
vn 0.000025 -1.000000 -0.000025
vn 0.000024 -1.000000 -0.000025
vn 0.000024 -1.000000 -0.000025
vn 0.000024 -1.000000 -0.000025
vn -0.004531 0.000006 0.999990
vn -0.004531 0.000006 0.999990
vn -0.004531 0.000006 0.999990
vn -0.004532 0.000007 0.999990
vn 0.999999 0.001705 -0.000001
vn 0.999999 0.001706 -0.000001
vn 0.999999 0.001706 -0.000001
vn 0.999999 0.001707 -0.000001
vn -0.000332 1.000000 0.000183
vn -0.000355 1.000000 0.000127
vn -0.000355 1.000000 0.000127
vn -0.000378 1.000000 0.000070
vn 0.750552 -0.660748 -0.009162
vn 0.750552 -0.660748 -0.009162
vn 0.750552 -0.660748 -0.009162
vn 0.000073 -0.000042 1.000000
vn 0.000048 -0.000063 1.000000
vn 0.000048 -0.000063 1.000000
vn 0.000024 -0.000083 1.000000
vn 0.000024 -0.000040 1.000000
vn 0.000049 -0.000020 1.000000
vn 0.000049 -0.000020 1.000000
vn 0.000073 0.000000 1.000000
vn 0.999973 -0.007303 0.000022
vn 0.999994 -0.003501 -0.000340
vn 0.999994 -0.003501 -0.000340
vn 1.000000 0.000300 -0.000703
vn 0.929645 0.366289 0.039906
vn 0.929645 0.366289 0.039906
vn 0.929645 0.366289 0.039906
vn 0.030366 0.999539 0.000186
vn 0.030366 0.999539 0.000186
vn 0.030366 0.999539 0.000186
vn 0.000382 0.999823 0.018785
vn 0.000382 0.999823 0.018785
vn 0.000382 0.999823 0.018785
vn 0.000285 0.718869 -0.695146
vn 0.000285 0.718869 -0.695146
vn 0.000285 0.718869 -0.695146
vn -0.040392 0.999015 0.018372
vn -0.007152 0.999955 -0.006322
vn -0.007152 0.999955 -0.006322
vn 0.026100 0.999178 -0.031005
vn -0.000040 -1.000000 -0.000020
vn -0.000039 -1.000000 -0.000021
vn -0.000039 -1.000000 -0.000021
vn -0.000038 -1.000000 -0.000022
vn -0.000059 -1.000000 -0.000006
vn -0.000072 -1.000000 -0.000005
vn -0.000072 -1.000000 -0.000005
vn -0.000085 -1.000000 -0.000005
vn -0.000057 -1.000000 0.000017
vn -0.000058 -1.000000 0.000008
vn -0.000058 -1.000000 0.000008
vn -0.000060 -1.000000 0.000000
vn -0.000038 -1.000000 -0.000026
vn -0.000039 -1.000000 -0.000022
vn -0.000039 -1.000000 -0.000022
vn -0.000039 -1.000000 -0.000019
vn 0.017644 0.683619 0.729626
vn 0.017644 0.683619 0.729626
vn 0.017644 0.683619 0.729626
vn -0.999165 0.000021 -0.040862
vn -0.926744 -0.269594 -0.261657
vn -0.818055 -0.412445 -0.400842
vn -1.000000 0.000020 0.000919
vn -0.826293 -0.416345 -0.379338
vn -0.049121 0.045766 0.997744
vn -0.024574 0.022896 0.999436
vn -0.024574 0.022896 0.999436
vn 0.000002 0.000001 1.000000
vn 1.000000 -0.000001 -0.000000
vn 1.000000 -0.000001 -0.000000
vn 1.000000 -0.000001 -0.000000
vn 1.000000 0.000000 -0.000001
vn 1.000000 -0.000002 -0.000000
vn 1.000000 -0.000001 -0.000000
vn 1.000000 -0.000001 -0.000000
vn 1.000000 0.000000 -0.000000
vn 1.000000 0.000402 0.000000
vn 1.000000 0.000402 0.000000
vn 1.000000 0.000402 0.000000
vn 1.000000 0.000401 0.000000
vn 1.000000 0.000402 0.000000
vn 1.000000 0.000401 0.000000
vn 1.000000 0.000401 0.000000
vn 1.000000 0.000400 0.000001
vn 1.000000 0.000402 0.000000
vn 1.000000 0.000402 0.000000
vn 1.000000 0.000402 0.000000
vn 1.000000 0.000402 0.000001
vn -0.006549 0.999977 -0.001993
vn 0.002573 0.999991 0.003465
vn 0.002573 0.999991 0.003465
vn 0.011695 0.999892 0.008923
vn 0.039249 0.768299 -0.638887
vn 0.026168 0.818367 -0.574100
vn 0.026168 0.818367 -0.574100
vn 0.012908 0.862809 -0.505365
vn 0.999907 0.013633 -0.001047
vn 0.999909 0.011242 -0.007451
vn 0.999909 0.011242 -0.007451
vn 0.999865 0.008850 -0.013854
vn 1.000000 0.000403 0.000001
vn 1.000000 0.000403 0.000001
vn 1.000000 0.000403 0.000001
vn 0.011696 0.999931 0.001320
vn 0.012456 0.999909 0.005108
vn 0.012456 0.999909 0.005108
vn 0.013216 0.999873 0.008896
vn -0.971841 0.000000 -0.235639
vn -0.971841 0.000000 -0.235639
vn -0.971841 0.000000 -0.235639
vn 1.000000 0.000002 -0.000001
vn 1.000000 -0.000000 -0.000000
vn 1.000000 -0.000000 -0.000000
vn 1.000000 -0.000003 -0.000000
vn 1.000000 0.000399 0.000001
vn 1.000000 0.000401 0.000001
vn 1.000000 0.000401 0.000001
vn 1.000000 0.000402 0.000000
vn 1.000000 0.000001 0.000000
vn 1.000000 0.000000 0.000000
vn 1.000000 0.000000 0.000000
vn 1.000000 0.000000 0.000000
vn 1.000000 0.000400 0.000000
vn 1.000000 0.000399 0.000001
vn 1.000000 0.000399 0.000001
vn 1.000000 0.000397 0.000001
vn 0.860584 -0.509309 -0.000537
vn 0.860584 -0.509309 -0.000537
vn 0.860584 -0.509309 -0.000537
vn 0.856114 -0.503946 -0.114485
vn 0.856114 -0.503946 -0.114485
vn 0.856114 -0.503946 -0.114485
vn 0.965241 -0.261227 -0.008359
vn 0.965241 -0.261227 -0.008359
vn 0.965241 -0.261227 -0.008359
vn 0.999998 0.002224 -0.000037
vn 0.999999 0.001113 0.000410
vn 0.999999 0.001113 0.000410
vn 1.000000 0.000002 0.000858
vn 0.999713 -0.012848 -0.020211
vn 0.999882 -0.006217 -0.014034
vn 0.999882 -0.006217 -0.014034
vn 0.999969 0.000415 -0.007856
vn 0.753439 -0.657425 0.011014
vn 0.753439 -0.657425 0.011014
vn 0.753439 -0.657425 0.011014
vn 0.720660 -0.693289 0.000666
vn 0.737286 -0.675580 -0.000659
vn 0.737286 -0.675580 -0.000659
vn 0.753477 -0.657472 -0.001983
vn 0.538318 -0.842685 0.009842
vn 0.633737 -0.773539 0.003902
vn 0.633737 -0.773539 0.003902
vn 0.720333 -0.693625 -0.002093
vn 0.710939 -0.703184 -0.009936
vn 0.628521 -0.777770 -0.005966
vn 0.628521 -0.777770 -0.005966
vn 0.538327 -0.842734 -0.001922
vn 0.692169 -0.721735 -0.000505
vn 0.701812 -0.712362 -0.001054
vn 0.701812 -0.712362 -0.001054
vn 0.711327 -0.702859 -0.001603
vn 0.520579 0.016975 0.853645
vn 0.520579 0.016975 0.853645
vn 0.520579 0.016975 0.853645
vn -0.000091 0.000370 1.000000
vn -0.000091 0.000370 1.000000
vn -0.000091 0.000370 1.000000
vn -0.001775 -0.000458 0.999998
vn -0.000804 -0.000800 0.999999
vn -0.000804 -0.000800 0.999999
vn 0.000167 -0.001143 0.999999
vn 0.626743 0.779225 -0.001137
vn 0.624255 0.781221 -0.000637
vn 0.623217 0.782049 -0.000425
vn 0.621448 0.783455 -0.000068
vn 0.621137 0.783702 -0.000001
vn 0.641792 0.765461 -0.046613
vn 0.679040 0.703520 0.209675
vn 0.679040 0.703520 0.209675
vn 0.668140 0.591694 0.451096
vn 0.964651 -0.008633 0.263390
vn 0.964651 -0.008633 0.263390
vn 0.964651 -0.008633 0.263390
vn 0.119235 0.058516 -0.991140
vn 0.119235 0.058516 -0.991140
vn 0.119235 0.058516 -0.991140
vn 0.088326 0.045227 -0.995064
vn 0.088326 0.045227 -0.995064
vn 0.088326 0.045227 -0.995064
vn 0.101156 0.060880 -0.993006
vn 0.101156 0.060880 -0.993006
vn 0.101156 0.060880 -0.993006
vn 0.707369 0.706817 0.006235
vn 0.707369 0.706817 0.006235
vn 0.707369 0.706817 0.006235
vn 0.000110 1.000000 0.000739
vn 0.000198 1.000000 0.000747
vn 0.000198 1.000000 0.000747
vn 0.000286 1.000000 0.000754
vn 0.999777 0.019666 0.007745
vn 0.999847 0.015973 0.007150
vn 0.999692 0.023150 0.008991
vn 0.999877 0.014126 0.006852
vn 0.999993 0.001616 0.003466
vn 0.999915 0.012949 0.001467
vn 0.999424 0.032897 0.008289
vn 0.999154 0.039715 0.010661
vn 0.998473 0.053086 0.015254
vn 0.998457 0.053343 0.015403
vn -0.998818 -0.047852 -0.008580
vn -0.999705 -0.023930 -0.004281
vn -0.999705 -0.023930 -0.004281
vn -1.000000 0.000006 0.000020
vn -0.076719 -0.498737 0.863352
vn -0.076719 -0.498737 0.863352
vn -0.076719 -0.498737 0.863352
vn 0.996993 -0.054838 0.054756
vn 0.999264 -0.026869 0.027394
vn 0.999264 -0.026869 0.027394
vn 0.999999 0.001141 -0.000010
vn 0.001000 0.999999 0.001388
vn 0.000831 0.999997 0.002238
vn 0.000831 0.999997 0.002238
vn 0.000661 0.999995 0.003089
vn 0.999811 -0.019470 0.000040
vn 0.999874 -0.009745 0.012556
vn 0.999874 -0.009745 0.012556
vn 0.999686 -0.000017 0.025069
vn -0.000412 -0.000071 1.000000
vn -0.000456 0.000087 1.000000
vn -0.000265 0.000630 1.000000
vn -0.000547 0.000261 1.000000
vn -0.000679 -0.000412 1.000000
vn -0.000387 -0.000007 1.000000
vn -0.000392 0.000000 1.000000
vn 0.983608 -0.021855 0.178989
vn 0.983608 -0.021855 0.178989
vn 0.983608 -0.021855 0.178989
vn 0.000008 0.999170 0.040734
vn -0.008927 0.998500 0.054011
vn -0.008927 0.998500 0.054011
vn -0.017859 0.997575 0.067275
vn 0.000017 1.000000 -0.000027
vn 0.000001 1.000000 -0.000033
vn 0.000001 1.000000 -0.000033
vn -0.000016 1.000000 -0.000038
vn 0.000005 1.000000 -0.000035
vn 0.000009 1.000000 -0.000037
vn 0.000015 1.000000 -0.000035
vn 0.000019 1.000000 -0.000039
vn 0.000023 1.000000 -0.000040
vn 0.000018 1.000000 -0.000047
vn 0.000005 1.000000 -0.000040
vn 0.000009 1.000000 -0.000042
vn 0.000009 1.000000 -0.000042
vn 0.000012 1.000000 -0.000044
vn 0.000005 1.000000 -0.000038
vn 0.000005 1.000000 -0.000038
vn 0.000005 1.000000 -0.000038
vn 0.000001 0.000000 1.000000
vn 0.000127 0.000000 1.000000
vn 0.000168 0.000000 1.000000
vn 0.000252 0.000001 1.000000
vn 0.000252 0.000001 1.000000
vn 1.000000 -0.000001 0.000000
vn 1.000000 -0.000000 0.000000
vn 1.000000 -0.000000 0.000000
vn 1.000000 0.000000 0.000000
vn 1.000000 0.000000 0.000000
vn -0.000071 0.000000 1.000000
vn -0.000071 0.000001 1.000000
vn -0.000064 0.000018 1.000000
vn -0.000069 0.000018 1.000000
vn -0.000069 0.000027 1.000000
vn -0.000086 0.000000 1.000000
vn 0.001976 0.999998 0.000797
vn 0.001976 0.999998 0.000797
vn 0.001976 0.999998 0.000797
vn 0.003269 0.999994 0.000808
vn 0.003155 0.999995 0.000916
vn 0.003155 0.999995 0.000916
vn 0.003040 0.999995 0.001024
vn 0.861987 -0.506682 -0.015866
vn 0.784498 -0.620074 -0.008382
vn 0.784498 -0.620074 -0.008382
vn 0.692168 -0.721736 -0.000739
vn -0.000083 0.000048 1.000000
vn -0.000083 0.000048 1.000000
vn -0.000083 0.000048 1.000000
vn -0.000084 0.000370 1.000000
vn -0.000084 0.000370 1.000000
vn -0.000084 0.000370 1.000000
vn -0.000714 1.000000 0.000418
vn -0.000350 1.000000 0.000411
vn -0.000350 1.000000 0.000411
vn 0.000014 1.000000 0.000404
vn -0.000741 0.999972 0.007496
vn -0.000741 0.999972 0.007496
vn -0.000741 0.999972 0.007496
vn -0.002344 0.999971 0.007220
vn -0.001448 0.999986 0.005049
vn -0.001448 0.999986 0.005049
vn -0.000552 0.999996 0.002878
vn -0.000545 1.000000 0.000373
vn -0.000269 1.000000 0.000251
vn -0.000269 1.000000 0.000251
vn 0.000007 1.000000 0.000129
vn -0.001192 0.999971 0.007471
vn -0.002430 0.999941 0.010574
vn -0.002430 0.999941 0.010574
vn -0.003667 0.999900 0.013678
vn -0.001163 0.999999 0.001208
vn -0.001163 0.999999 0.001208
vn -0.001163 0.999999 0.001208
vn -0.000884 1.000000 0.000418
vn -0.000437 1.000000 0.000735
vn -0.000437 1.000000 0.000735
vn 0.000011 0.999999 0.001053
vn 0.001021 0.999998 0.001804
vn 0.000922 0.999998 0.001805
vn 0.000922 0.999998 0.001805
vn 0.000822 0.999998 0.001807
vn -0.000864 0.999997 0.002381
vn -0.001670 0.999996 0.002128
vn -0.001670 0.999996 0.002128
vn -0.002475 0.999995 0.001875
vn 0.000822 0.999996 0.002787
vn 0.000429 0.999996 0.002793
vn 0.000429 0.999996 0.002793
vn 0.000035 0.999996 0.002799
vn 0.000617 0.999996 0.002749
vn 0.000318 0.999997 0.002564
vn 0.000318 0.999997 0.002564
vn 0.000018 0.999997 0.002379
vn 0.001977 0.999996 0.001807
vn 0.001499 0.999997 0.001808
vn 0.001499 0.999997 0.001808
vn 0.001021 0.999998 0.001809
vn 0.001756 0.999996 0.002280
vn 0.002068 0.999996 0.002052
vn 0.002392 0.999995 0.002128
vn 0.002710 0.999994 0.002052
vn 0.003042 0.999993 0.002280
vn 0.000275 0.999995 0.003016
vn 0.001008 0.999997 0.002417
vn 0.001008 0.999997 0.002417
vn 0.001741 0.999997 0.001818
vn 0.000271 0.999996 0.002805
vn 0.000140 0.999996 0.002910
vn 0.000140 0.999996 0.002910
vn 0.000008 0.999995 0.003016
vn 0.630489 0.776198 -0.001046
vn 0.629786 0.776768 -0.000849
vn 0.632405 0.774618 -0.005480
vn 0.637582 0.770241 -0.014740
vn 0.633358 0.773821 -0.007697
vn 0.000088 0.999996 0.002780
vn 0.000088 0.999996 0.002780
vn 0.000088 0.999996 0.002780
vn 0.000036 1.000000 0.000403
vn 0.000036 1.000000 0.000403
vn 0.000036 1.000000 0.000403
vn -0.000017 1.000000 -0.000176
vn -0.000005 1.000000 -0.000224
vn -0.000005 1.000000 -0.000224
vn 0.000007 1.000000 -0.000271
vn 0.000009 1.000000 -0.000001
vn 0.000010 1.000000 -0.000001
vn 0.000010 1.000000 -0.000001
vn 0.000010 1.000000 -0.000002
vn 0.000004 1.000000 -0.000272
vn 0.000004 1.000000 -0.000272
vn 0.000004 1.000000 -0.000272
vn 0.000007 1.000000 -0.000002
vn 0.000008 1.000000 -0.000002
vn 0.000008 1.000000 -0.000002
vn 0.000008 1.000000 -0.000002
vn 0.000064 1.000000 -0.000002
vn 0.027535 0.999620 -0.001034
vn 0.027535 0.999620 -0.001034
vn 0.054985 0.998485 -0.002064
vn 0.000012 1.000000 -0.000001
vn 0.000012 1.000000 -0.000001
vn 0.000012 1.000000 -0.000001
vn 0.000012 1.000000 -0.000001
vn 0.000009 1.000000 -0.000039
vn 0.000009 1.000000 -0.000040
vn 0.000009 1.000000 -0.000040
vn 0.000009 1.000000 -0.000040
vn 0.054971 0.998488 -0.000040
vn 0.037120 0.999310 0.000882
vn 0.037120 0.999310 0.000882
vn 0.019257 0.999813 0.001804
vn 0.017583 0.999843 0.002166
vn -0.023572 0.999722 0.001179
vn -0.023572 0.999722 0.001179
vn -0.064688 0.997906 0.000190
vn 0.000008 1.000000 -0.000038
vn 0.000007 1.000000 -0.000037
vn 0.000007 1.000000 -0.000037
vn 0.000005 1.000000 -0.000037
vn 0.019222 0.999815 -0.000117
vn 0.019222 0.999815 -0.000117
vn 0.019222 0.999815 -0.000117
vn -0.000034 1.000000 -0.000026
vn -0.000003 1.000000 -0.000018
vn -0.000003 1.000000 -0.000018
vn 0.000028 1.000000 -0.000009
vn 0.000006 1.000000 -0.000039
vn 0.000011 1.000000 -0.000039
vn 0.000011 1.000000 -0.000039
vn 0.000015 1.000000 -0.000039
vn 0.000007 1.000000 -0.000031
vn 0.000008 1.000000 -0.000038
vn 0.000008 1.000000 -0.000038
vn 0.000009 1.000000 -0.000045
vn 0.000030 1.000000 -0.000039
vn 0.000018 1.000000 -0.000041
vn 0.000018 1.000000 -0.000041
vn 0.000005 1.000000 -0.000044
vn 0.000005 1.000000 -0.000040
vn 0.000005 1.000000 -0.000035
vn 0.000005 1.000000 -0.000035
vn 0.000005 1.000000 -0.000029
vn -0.000025 1.000000 -0.000027
vn -0.000005 1.000000 -0.000027
vn -0.000005 1.000000 -0.000027
vn 0.000015 1.000000 -0.000027
vn -0.000013 1.000000 -0.000328
vn 0.000010 1.000000 -0.000368
vn -0.000006 1.000000 -0.000355
vn 0.000042 1.000000 -0.000393
vn 0.000022 1.000000 -0.000388
vn 0.000005 1.000000 -0.000044
vn 0.000001 1.000000 -0.000043
vn 0.000001 1.000000 -0.000043
vn -0.000003 1.000000 -0.000043
vn 0.000005 1.000000 -0.000032
vn 0.000005 1.000000 -0.000031
vn 0.000005 1.000000 -0.000031
vn 0.000005 1.000000 -0.000029
vn 0.000005 1.000000 -0.000038
vn 0.000007 1.000000 -0.000040
vn 0.000007 1.000000 -0.000040
vn 0.000009 1.000000 -0.000041
vn 0.000008 1.000000 -0.000001
vn 0.000008 1.000000 -0.000001
vn 0.000008 1.000000 -0.000001
vn 0.000007 1.000000 -0.000002
vn 0.000003 1.000000 -0.000273
vn 0.000003 1.000000 -0.000273
vn 0.000003 1.000000 -0.000273
vn 0.000240 -0.000007 1.000000
vn 0.000240 -0.000007 1.000000
vn 0.000240 -0.000007 1.000000
vn 0.000257 0.000001 1.000000
vn 0.000253 -0.000003 1.000000
vn 0.000253 -0.000003 1.000000
vn 0.000248 -0.000007 1.000000
vn -0.017581 0.999016 0.040720
vn -0.008802 0.999740 0.021020
vn -0.008802 0.999740 0.021020
vn -0.000020 0.999999 0.001310
vn -0.714991 0.699120 -0.004350
vn -0.714991 0.699120 -0.004350
vn -0.714991 0.699120 -0.004350
vn -0.001656 0.744926 0.667145
vn 0.001172 0.758407 0.651780
vn 0.001172 0.758407 0.651780
vn 0.004000 0.771565 0.636138
vn 0.035820 0.999340 -0.006078
vn -0.111523 0.993749 0.005031
vn -0.074105 0.997250 0.000944
vn -0.129197 0.991609 0.004481
vn 0.000225 0.999974 -0.007145
vn 0.026082 -0.013628 0.999567
vn 0.013042 -0.006815 0.999892
vn 0.013042 -0.006815 0.999892
vn -0.000001 0.000000 1.000000
vn -0.000027 0.000014 -1.000000
vn 0.000003 -0.000004 -1.000000
vn 0.000003 -0.000004 -1.000000
vn 0.000032 -0.000022 -1.000000
vn -0.000047 0.000006 -1.000000
vn -0.000024 0.000021 -1.000000
vn -0.000024 0.000021 -1.000000
vn -0.000001 0.000036 -1.000000
vn 0.494270 0.869308 0.000002
vn 0.492200 0.870481 -0.001103
vn 0.492200 0.870481 -0.001103
vn 0.490127 0.871648 -0.002208
vn -0.000034 1.000000 0.000000
vn -0.000017 1.000000 -0.000008
vn -0.000017 1.000000 -0.000008
vn -0.000000 1.000000 -0.000016
vn -0.000032 1.000000 0.000019
vn -0.000163 1.000000 0.000096
vn -0.000163 1.000000 0.000096
vn -0.000295 1.000000 0.000174
vn -0.000038 1.000000 -0.000045
vn -0.000237 1.000000 0.000088
vn -0.000158 1.000000 0.000253
vn -0.000218 1.000000 0.000403
vn 0.000001 1.000000 0.000583
vn 0.683303 0.729889 0.018925
vn 0.709804 0.704334 0.009568
vn 0.709804 0.704334 0.009568
vn 0.735281 0.677763 0.000196
vn 0.001357 0.999999 -0.000026
vn 0.001898 0.999998 -0.000049
vn 0.001898 0.999998 -0.000049
vn 0.002440 0.999997 -0.000072
vn 0.001348 0.999999 -0.000154
vn 0.000205 1.000000 -0.000101
vn 0.000205 1.000000 -0.000101
vn -0.000937 1.000000 -0.000048
vn -0.999146 0.041245 -0.002641
vn -0.999229 0.039234 -0.001693
vn -0.999354 0.035870 -0.002177
vn -0.999447 0.033182 -0.001945
vn -0.999570 0.029143 -0.003144
vn -0.002362 -0.038707 0.999248
vn -0.002362 -0.038707 0.999248
vn -0.002362 -0.038707 0.999248
vn 0.683305 0.730021 -0.012808
vn 0.683305 0.730021 -0.012808
vn 0.683305 0.730021 -0.012808
vn -0.954625 -0.008776 -0.297681
vn -0.954625 -0.008776 -0.297681
vn -0.954625 -0.008776 -0.297681
vn -0.999599 0.028155 -0.003126
vn -0.999547 0.029898 -0.003424
vn -0.999626 0.027206 -0.002678
vn -0.999640 0.026731 -0.002454
vn -0.999761 0.021821 -0.001187
vn 0.000001 1.000000 0.000000
vn 0.000001 1.000000 0.000000
vn 0.000001 1.000000 0.000000
vn 0.000001 1.000000 0.000000
vn 0.000949 0.999999 0.001468
vn 0.030959 0.999521 0.000611
vn 0.030959 0.999521 0.000611
vn 0.060941 0.998141 -0.000247
vn 0.000000 1.000000 -0.000378
vn -0.000146 1.000000 -0.000317
vn -0.000146 1.000000 -0.000317
vn -0.000292 1.000000 -0.000256
vn 0.000946 0.999999 0.000586
vn 0.000062 1.000000 0.000636
vn 0.000062 1.000000 0.000636
vn -0.000822 1.000000 0.000686
vn 0.000001 1.000000 0.000234
vn 0.000009 1.000000 0.000232
vn 0.000009 1.000000 0.000232
vn 0.000018 1.000000 0.000230
vn -0.006969 0.999965 0.004568
vn -0.005545 0.999974 0.004713
vn -0.005545 0.999974 0.004713
vn -0.004120 0.999980 0.004859
vn -1.000000 -0.000002 -0.000001
vn -1.000000 -0.000001 -0.000001
vn -1.000000 -0.000001 -0.000001
vn -1.000000 0.000000 -0.000001
vn -1.000000 0.000000 -0.000001
vn -1.000000 -0.000001 -0.000001
vn -1.000000 -0.000001 -0.000001
vn -1.000000 -0.000001 -0.000001
vn -1.000000 0.000000 -0.000001
vn 0.607982 0.793882 0.010435
vn 0.607982 0.793882 0.010435
vn 0.607982 0.793882 0.010435
vn -0.004120 0.999988 -0.002495
vn -0.003353 0.999991 -0.002632
vn -0.003353 0.999991 -0.002632
vn -0.002586 0.999993 -0.002769
vn -0.002584 0.999995 -0.002034
vn -0.001138 0.999997 -0.002162
vn -0.001138 0.999997 -0.002162
vn 0.000307 0.999997 -0.002289
vn 0.999949 -0.009923 -0.001940
vn 0.999970 -0.007753 -0.000970
vn 0.999961 -0.008694 -0.001580
vn 0.999985 -0.005387 -0.000934
vn 0.999985 -0.005288 -0.001401
vn 1.000000 0.000000 0.000000
vn 0.999941 -0.009697 0.004910
vn 0.999995 -0.002577 0.001637
vn 0.999987 -0.004358 0.002455
vn 1.000000 0.000983 0.000000
vn 1.000000 0.000984 -0.000000
vn 0.999951 -0.009937 0.000026
vn 0.999951 -0.009920 0.000013
vn 0.999951 -0.009920 0.000013
vn 0.999951 -0.009903 0.000001
vn 0.000177 0.999999 0.001226
vn -0.000343 0.999999 0.001386
vn -0.000343 0.999999 0.001386
vn -0.000864 0.999998 0.001546
vn 0.002490 0.999997 0.000566
vn 0.002669 0.999996 0.000631
vn 0.002669 0.999996 0.000631
vn 0.002847 0.999996 0.000695
vn 0.000186 0.999999 0.001543
vn 0.001338 0.999998 0.001384
vn 0.001338 0.999998 0.001384
vn 0.002491 0.999996 0.001225
vn 0.002123 0.999997 0.000794
vn 0.002053 0.999998 0.000744
vn 0.002053 0.999998 0.000744
vn 0.001982 0.999998 0.000695
vn 0.000617 0.999998 0.001798
vn 0.000816 0.999998 0.001669
vn 0.000816 0.999998 0.001669
vn 0.001016 0.999998 0.001541
vn 0.001021 0.999998 0.001797
vn 0.001502 0.999997 0.001668
vn 0.001502 0.999997 0.001668
vn 0.001982 0.999997 0.001539
vn -0.999988 -0.004576 0.001857
vn -0.999980 -0.006246 0.000926
vn -0.999980 -0.006246 0.000926
vn -0.999969 -0.007916 -0.000005
vn 0.003270 0.712970 0.701187
vn 0.001396 0.721386 0.692532
vn 0.001396 0.721386 0.692532
vn -0.000478 0.729695 0.683773
vn -0.002990 0.999982 0.005238
vn -0.002161 0.999984 0.005170
vn -0.002161 0.999984 0.005170
vn -0.001332 0.999986 0.005102
vn 1.000000 0.000000 0.000163
vn 1.000000 0.000000 0.000163
vn 1.000000 0.000000 0.000163
vn -0.020918 0.944735 -0.327167
vn -0.020918 0.944735 -0.327167
vn -0.020918 0.944735 -0.327167
vn 0.007035 0.008390 -0.999940
vn 0.003629 0.006225 -0.999974
vn 0.005444 0.009337 -0.999942
vn 0.001284 0.003428 -0.999993
vn 0.000000 0.000000 -1.000000
vn 0.000000 0.000000 -1.000000
vn 0.999998 0.001959 0.000027
vn 0.999953 -0.009317 0.002785
vn 0.999990 -0.001531 0.004169
vn 0.999880 -0.014955 0.004165
vn 0.999690 -0.024886 0.000017
vn 0.000050 1.000000 0.000018
vn 0.000025 1.000000 0.000009
vn 0.000025 1.000000 0.000009
vn 0.000000 1.000000 -0.000000
vn -0.000003 1.000000 -0.000252
vn 0.000763 1.000000 -0.000453
vn 0.000509 1.000000 -0.000302
vn 0.000765 1.000000 -0.000327
vn -0.000000 1.000000 0.000001
vn 0.000025 -0.000083 1.000000
vn 0.000033 -0.000086 1.000000
vn 0.000033 -0.000086 1.000000
vn 0.000041 -0.000088 1.000000
vn 0.024597 -0.000068 0.999697
vn 0.012523 0.009205 0.999879
vn 0.012523 0.009205 0.999879
vn 0.000446 0.018476 0.999829
vn 0.020366 -0.413586 0.910238
vn 0.020366 -0.413586 0.910238
vn 0.020366 -0.413586 0.910238
vn 0.999792 0.020351 0.001393
vn 0.999410 0.031809 -0.012956
vn 0.999410 0.031809 -0.012956
vn 0.998691 0.043256 -0.027300
vn -0.008191 0.999800 0.018265
vn -0.009711 0.999897 0.010595
vn -0.009711 0.999897 0.010595
vn -0.011230 0.999933 0.002925
vn 0.713401 -0.700419 -0.021713
vn 0.756143 -0.654157 -0.018052
vn 0.756143 -0.654157 -0.018052
vn 0.795875 -0.605292 -0.014319
vn -0.000028 0.000043 -1.000000
vn -0.000027 0.000021 -1.000000
vn -0.000027 0.000021 -1.000000
vn -0.000027 -0.000001 -1.000000
vn 0.000112 -0.000006 -1.000000
vn 0.000111 -0.000001 -1.000000
vn 0.000111 -0.000003 -1.000000
vn 0.000065 0.000000 -1.000000
vn 0.000042 0.000001 -1.000000
vn -0.000027 -0.000001 -1.000000
vn -0.007082 -0.012141 0.999901
vn -0.007082 -0.012141 0.999901
vn -0.007082 -0.012141 0.999901
vn 0.008162 0.441568 0.897191
vn 0.008162 0.441568 0.897191
vn 0.008162 0.441568 0.897191
vn 0.000295 0.000002 -1.000000
vn 0.000295 0.000002 -1.000000
vn 0.000295 0.000002 -1.000000
vn -0.026840 0.988871 -0.146335
vn -0.013891 0.997237 -0.072977
vn -0.013891 0.997237 -0.072977
vn -0.000863 0.999999 0.000792
vn -0.000253 0.628827 -0.777545
vn -0.000319 0.627723 -0.778437
vn -0.000319 0.627723 -0.778437
vn -0.000386 0.626618 -0.779326
vn 0.304606 -0.024594 -0.952161
vn 0.304606 -0.024594 -0.952161
vn 0.304606 -0.024594 -0.952161
vn 0.000000 -0.000045 1.000000
vn 0.000014 -0.000067 1.000000
vn 0.000014 -0.000067 1.000000
vn 0.000028 -0.000088 1.000000
vn -0.999840 -0.006714 0.016571
vn -0.999840 -0.006714 0.016571
vn -0.999840 -0.006714 0.016571
vn 0.000031 -0.000196 1.000000
vn -0.000235 0.009120 0.999958
vn -0.000235 0.009120 0.999958
vn -0.000501 0.018435 0.999830
vn 0.000056 -0.000043 1.000000
vn 0.000028 -0.000037 1.000000
vn 0.000028 -0.000037 1.000000
vn 0.000000 -0.000031 1.000000
vn 0.775603 0.631220 0.001046
vn 0.837904 0.545769 -0.007282
vn 0.837904 0.545769 -0.007282
vn 0.890776 0.454177 -0.015527
vn 0.479507 -0.529473 0.699808
vn 0.479507 -0.529473 0.699808
vn 0.479507 -0.529473 0.699808
vn -0.002994 0.999993 0.002470
vn -0.000857 0.999997 0.002267
vn -0.000857 0.999997 0.002267
vn 0.001281 0.999997 0.002064
vn 0.702014 0.711224 0.036565
vn 0.702014 0.711224 0.036565
vn 0.702014 0.711224 0.036565
vn 0.749871 -0.660384 0.039828
vn 0.919434 -0.393226 -0.003651
vn 0.919434 -0.393226 -0.003651
vn 0.995201 -0.085953 -0.046758
vn 0.999677 -0.025102 0.004066
vn 0.999246 -0.037501 0.010040
vn 0.999910 -0.013280 0.002040
vn 0.999538 -0.029127 0.008691
vn 0.998992 -0.042967 0.013031
vn 1.000000 0.000019 0.000016
vn 0.998622 -0.052489 -0.000152
vn 0.998622 -0.052489 -0.000152
vn 0.998622 -0.052489 -0.000152
vn 0.999487 0.030144 0.010804
vn 0.999399 -0.011142 -0.032829
vn 0.999399 -0.011142 -0.032829
vn 0.995704 -0.052389 -0.076344
vn 0.434307 0.034972 0.900086
vn 0.446120 0.034181 0.894320
vn 0.446120 0.034181 0.894320
vn 0.457855 0.033383 0.888400
vn 0.499524 -0.010545 0.866236
vn -0.492840 0.009971 0.870063
vn -0.492840 0.009971 0.870063
vn -0.999647 0.020664 0.016685
vn -1.000000 -0.000003 0.000017
vn -0.999991 -0.004195 -0.000512
vn -0.999998 -0.001583 -0.000778
vn -0.999973 -0.007355 -0.000452
vn -0.999955 -0.009483 0.000196
vn -0.999955 -0.009451 0.000108
vn 0.001282 0.999996 0.002475
vn 0.001402 0.999996 0.002389
vn 0.001402 0.999996 0.002389
vn 0.001522 0.999996 0.002302
vn -0.014214 0.038842 0.999144
vn -0.007083 0.033821 0.999403
vn -0.007083 0.033821 0.999403
vn 0.000048 0.028796 0.999585
vn -0.008034 -0.935024 0.354493
vn -0.015304 -0.881473 0.471986
vn -0.015304 -0.881473 0.471986
vn -0.022318 -0.813179 0.581585
vn 0.006978 -0.004512 0.999966
vn 0.002326 -0.001504 0.999996
vn 0.003489 -0.002256 0.999991
vn 0.000000 0.000000 1.000000
vn 0.000000 0.000000 1.000000
vn 0.000000 0.000000 1.000000
vn -0.000000 0.000000 1.000000
vn -0.000000 0.000000 1.000000
vn -0.014003 -0.619627 0.784772
vn -0.014003 -0.619627 0.784772
vn -0.014003 -0.619627 0.784772
vn 0.000024 -0.000055 1.000000
vn 0.000011 -0.000081 1.000000
vn 0.000011 -0.000081 1.000000
vn -0.000002 -0.000108 1.000000
vn -0.001233 -0.060917 0.998142
vn 0.014462 -0.031396 0.999402
vn 0.014462 -0.031396 0.999402
vn 0.030142 -0.001839 0.999544
vn -0.000000 -0.000053 1.000000
vn 0.000012 -0.000026 1.000000
vn 0.000012 -0.000026 1.000000
vn 0.000025 0.000000 1.000000
vn 0.002550 0.340770 0.940143
vn 0.002550 0.340770 0.940143
vn 0.002550 0.340770 0.940143
vn -0.048131 -0.090706 0.994714
vn -0.027049 -0.509486 0.860053
vn -0.027049 -0.509486 0.860053
vn -0.000722 -0.829449 0.558581
vn 0.019365 -0.000000 0.999813
vn 0.009690 0.007308 0.999926
vn 0.009690 0.007308 0.999926
vn 0.000013 0.014615 0.999893
vn 0.006543 -0.000004 -0.999979
vn 0.006405 -0.000119 -0.999980
vn 0.006405 -0.000119 -0.999980
vn 0.006267 -0.000233 -0.999980
vn 0.003450 0.894615 -0.446824
vn 0.003450 0.894615 -0.446824
vn 0.003450 0.894615 -0.446824
vn 0.785579 -0.618214 -0.026011
vn 0.785579 -0.618214 -0.026011
vn 0.785579 -0.618214 -0.026011
vn 0.998164 0.025707 -0.054836
vn 0.999615 -0.004190 -0.027441
vn 0.999615 -0.004190 -0.027441
vn 0.999419 -0.034080 -0.000001
vn -0.005488 0.999983 0.002046
vn -0.002690 0.999932 0.011339
vn -0.002690 0.999932 0.011339
vn 0.000107 0.999787 0.020632
vn -0.005415 0.404478 -0.914532
vn -0.005415 0.404478 -0.914532
vn -0.005415 0.404478 -0.914532
vn 0.959039 -0.000245 0.283273
vn 0.959039 -0.000245 0.283273
vn 0.959039 -0.000245 0.283273
vn 0.838659 -0.114023 0.532588
vn 0.838659 -0.114023 0.532588
vn 0.838659 -0.114023 0.532588
vn 0.890897 0.094889 0.444183
vn 0.890897 0.094889 0.444183
vn 0.890897 0.094889 0.444183
vn 0.843973 0.007268 0.536337
vn 0.745996 -0.001899 0.665947
vn 0.745996 -0.001899 0.665947
vn 0.628264 -0.011016 0.777922
vn -0.002645 0.999923 -0.012112
vn -0.000036 0.999985 -0.005532
vn -0.000036 0.999985 -0.005532
vn 0.002572 0.999996 0.001048
vn 1.000000 0.000002 -0.000003
vn 1.000000 0.000002 -0.000003
vn 1.000000 0.000002 -0.000003
vn -0.000001 -0.000002 -1.000000
vn -0.000000 -0.000002 -1.000000
vn -0.000000 -0.000002 -1.000000
vn 0.000000 -0.000001 -1.000000
vn 0.997799 0.033919 -0.056973
vn 0.998208 0.056562 -0.019521
vn 0.998208 0.056562 -0.019521
vn 0.996705 0.079097 0.017969
vn 0.999453 -0.003801 -0.032846
vn 0.999549 0.005134 -0.029575
vn 0.998959 0.007700 -0.044958
vn 0.999564 0.009603 -0.027938
vn 0.999999 -0.000002 0.001209
vn -0.000000 -0.000003 -1.000000
vn -0.009802 -0.011975 -0.999880
vn -0.005621 -0.024027 -0.999696
vn -0.008431 -0.036035 -0.999315
vn 0.002742 -0.048116 -0.998838
vn -0.000000 -0.000052 1.000000
vn -0.004502 -0.020310 0.999784
vn -0.007640 -0.012402 0.999894
vn 0.001774 -0.036119 0.999346
vn -0.006753 -0.030436 0.999514
vn -0.293982 0.955809 0.001730
vn -0.293982 0.955809 0.001730
vn -0.293982 0.955809 0.001730
vn -0.861908 -0.003921 0.507049
vn -0.861908 -0.003921 0.507049
vn -0.861908 -0.003921 0.507049
vn 0.000003 1.000000 0.000001
vn 0.000003 1.000000 0.000000
vn 0.000003 1.000000 0.000001
vn 0.000003 1.000000 0.000000
vn 0.000003 1.000000 0.000000
vn -0.000002 1.000000 -0.000001
vn -0.000003 1.000000 -0.000000
vn -0.000003 1.000000 -0.000000
vn -0.000003 1.000000 0.000000
vn 0.000003 1.000000 -0.000000
vn 0.000003 1.000000 -0.000000
vn 0.000003 1.000000 -0.000000
vn 0.000003 1.000000 0.000000
vn -0.000002 1.000000 -0.000000
vn -0.000002 1.000000 0.000000
vn -0.000003 1.000000 0.000000
vn -0.000002 1.000000 0.000000
vn 0.000000 1.000000 0.000000
vn -0.000002 1.000000 0.000000
vn -0.000425 0.999987 -0.005018
vn -0.000410 0.999986 -0.005255
vn -0.000410 0.999986 -0.005255
vn -0.000395 0.999985 -0.005492
vn -0.000388 0.999999 -0.001513
vn -0.000406 0.999999 -0.001498
vn -0.000406 0.999999 -0.001498
vn -0.000425 0.999999 -0.001482
vn -0.000519 0.999997 -0.002557
vn -0.000371 0.999996 -0.002650
vn -0.000371 0.999996 -0.002650
vn -0.000223 0.999996 -0.002742
vn -0.000388 0.999996 -0.002843
vn -0.000305 0.999996 -0.002875
vn -0.000305 0.999996 -0.002875
vn -0.000223 0.999996 -0.002906
vn -0.000410 0.999984 -0.005639
vn -0.000465 0.999990 -0.004549
vn -0.000465 0.999990 -0.004549
vn -0.000519 0.999994 -0.003458
vn -0.013115 0.999271 0.035867
vn -0.013083 0.999274 0.035785
vn -0.013083 0.999274 0.035785
vn -0.013051 0.999277 0.035703
vn 1.000000 -0.000103 -0.000500
vn 0.999999 0.001104 -0.000781
vn 0.999999 0.001104 -0.000781
vn 0.999997 0.002312 -0.001062
vn 0.000000 1.000000 0.000000
vn 0.000000 1.000000 0.000000
vn 0.000000 1.000000 0.000000
vn 0.000000 1.000000 0.000000
vn 0.909681 0.414674 0.022924
vn 0.952272 0.303928 0.028376
vn 0.952272 0.303928 0.028376
vn 0.981428 0.188895 0.033428
vn 0.002641 0.999996 -0.000205
vn 0.002660 0.999996 -0.000055
vn 0.002660 0.999996 -0.000055
vn 0.002678 0.999996 0.000095
vn -0.886272 0.463087 0.008508
vn -0.803001 0.595978 0.000347
vn -0.803001 0.595978 0.000347
vn -0.699927 0.714172 -0.007823
vn -0.909333 0.408741 0.077752
vn -0.687770 0.724223 0.049735
vn -0.687770 0.724223 0.049735
vn -0.363452 0.931503 0.014287
vn -0.000037 1.000000 -0.000013
vn -0.000033 1.000000 -0.000021
vn -0.000033 1.000000 -0.000021
vn -0.000029 1.000000 -0.000029
vn 0.009407 0.999956 -0.000105
vn 0.009379 0.999956 -0.000226
vn 0.009379 0.999956 -0.000226
vn 0.009352 0.999956 -0.000347
vn 0.000030 0.365383 -0.930857
vn 0.000030 0.365383 -0.930857
vn 0.000030 0.365383 -0.930857
vn 0.000065 1.000000 -0.000103
vn 0.000014 1.000000 -0.000136
vn 0.000014 1.000000 -0.000136
vn -0.000037 1.000000 -0.000168
vn -0.000027 0.746863 -0.664978
vn -0.000027 0.746863 -0.664978
vn -0.000027 0.746863 -0.664978
vn -1.000000 0.000263 -0.000000
vn -1.000000 0.000263 0.000000
vn -1.000000 0.000263 0.000000
vn -1.000000 0.000263 0.000000
vn 0.043694 0.998876 -0.018393
vn 0.029225 0.999530 -0.009272
vn 0.029225 0.999530 -0.009272
vn 0.014747 0.999891 -0.000148
vn 0.015533 0.163570 0.986409
vn 0.015533 0.163570 0.986409
vn 0.015533 0.163570 0.986409
vn -0.000226 1.000000 -0.000169
vn 0.018440 0.999728 -0.014263
vn 0.018440 0.999728 -0.014263
vn 0.037096 0.998910 -0.028350
vn -1.000000 0.000263 0.000000
vn -1.000000 0.000263 -0.000000
vn -1.000000 0.000263 -0.000000
vn -1.000000 0.000263 -0.000000
vn 0.012560 0.101540 0.994752
vn 0.012560 0.101540 0.994752
vn 0.012560 0.101540 0.994752
vn 0.000000 -0.011898 -0.999929
vn 0.000000 -0.011898 -0.999929
vn 0.000000 -0.011898 -0.999929
vn -0.999565 0.029328 -0.003008
vn -0.999585 0.028253 -0.005714
vn -0.999612 0.027154 -0.006173
vn -0.999663 0.024957 -0.007093
vn -0.999630 0.026067 -0.007756
vn 0.000003 1.000000 0.000003
vn 0.000001 1.000000 0.000001
vn 0.000001 1.000000 0.000001
vn 0.000000 1.000000 -0.000000
vn -0.440938 0.896960 -0.032208
vn -0.440938 0.896960 -0.032208
vn -0.440938 0.896960 -0.032208
vn -0.926183 0.375988 -0.028623
vn -0.926183 0.375988 -0.028623
vn -0.926183 0.375988 -0.028623
vn 0.000008 0.000021 1.000000
vn 0.000008 0.000021 1.000000
vn 0.000008 0.000021 1.000000
vn -0.000665 0.999997 -0.002336
vn -0.000544 0.999997 -0.002420
vn -0.000544 0.999997 -0.002420
vn -0.000424 0.999997 -0.002505
vn -0.000944 0.999996 -0.002560
vn -0.000821 0.999996 -0.002629
vn -0.000821 0.999996 -0.002629
vn -0.000698 0.999996 -0.002698
vn 0.000015 0.000012 1.000000
vn 0.000029 0.000016 1.000000
vn 0.000009 0.000004 1.000000
vn 0.000006 0.000000 1.000000
vn -0.000030 -0.000020 1.000000
vn -0.000976 0.999995 -0.002913
vn -0.000959 0.999995 -0.002918
vn -0.000959 0.999995 -0.002918
vn -0.000943 0.999995 -0.002924
vn -0.000677 0.999982 -0.005877
vn -0.000685 0.999983 -0.005752
vn -0.000685 0.999983 -0.005752
vn -0.000693 0.999984 -0.005627
vn -0.992172 -0.022317 0.122867
vn -0.992172 -0.022317 0.122867
vn -0.992172 -0.022317 0.122867
vn -0.359656 0.932736 -0.025508
vn -0.359656 0.932736 -0.025508
vn -0.359656 0.932736 -0.025508
vn -0.960947 0.276050 -0.019418
vn -0.960947 0.276050 -0.019418
vn -0.960947 0.276050 -0.019418
vn 0.000727 0.999999 -0.000789
vn 0.000796 0.999999 -0.001133
vn 0.000796 0.999999 -0.001133
vn 0.000866 0.999999 -0.001476
vn -0.000004 0.000000 1.000000
vn -0.000001 0.000000 1.000000
vn -0.000002 0.000000 1.000000
vn 0.000000 0.000000 1.000000
vn 0.000000 0.000000 1.000000
vn -0.998159 -0.060505 0.004302
vn -0.998920 -0.030099 0.035406
vn -0.998920 -0.030099 0.035406
vn -0.997790 0.000365 0.066443
vn -1.000000 0.000000 -0.000013
vn -0.999899 -0.014005 -0.002271
vn -0.999654 -0.026232 -0.002224
vn -0.999717 -0.023813 0.000003
vn -0.999414 -0.034167 -0.002219
vn -0.998170 -0.060468 0.000144
vn -0.999761 -0.021852 0.000001
vn -0.999740 -0.022796 -0.000156
vn -0.999749 -0.022415 -0.000237
vn -0.999729 -0.023268 -0.000234
vn -0.999723 -0.023559 0.000006
vn 0.000573 0.999964 -0.008422
vn 0.000952 0.999964 -0.008452
vn 0.000952 0.999964 -0.008452
vn 0.001332 0.999963 -0.008481
vn -0.000983 0.999988 -0.004889
vn -0.000980 0.999987 -0.004954
vn -0.000980 0.999987 -0.004954
vn -0.000976 0.999987 -0.005020
vn -0.000976 0.999998 -0.001524
vn -0.000980 0.999998 -0.001521
vn -0.000980 0.999998 -0.001521
vn -0.000983 0.999998 -0.001517
vn 0.859735 -0.343185 0.378259
vn 0.859735 -0.343185 0.378259
vn 0.859735 -0.343185 0.378259
vn 0.040997 0.586439 0.808955
vn 0.028066 0.442118 0.896518
vn 0.028066 0.442118 0.896518
vn 0.014331 0.285125 0.958383
vn 0.999698 0.024564 -0.000052
vn 0.999714 0.023842 -0.001779
vn 0.999873 0.015900 -0.001195
vn 0.999989 0.004643 -0.000727
vn 1.000000 0.000010 -0.000026
vn 1.000000 0.000037 -0.000040
vn 1.000000 0.000037 -0.000040
vn 1.000000 0.000006 -0.000023
vn -0.000650 0.999999 -0.000874
vn -0.000524 0.999999 -0.000912
vn -0.000524 0.999999 -0.000912
vn -0.000397 1.000000 -0.000950
vn -0.000782 0.999999 -0.000952
vn -0.000879 0.999999 -0.000923
vn -0.000879 0.999999 -0.000923
vn -0.000977 0.999999 -0.000894
vn -0.001854 0.999997 -0.001753
vn -0.000488 0.999998 -0.001909
vn -0.000488 0.999998 -0.001909
vn 0.000879 0.999997 -0.002064
vn 1.000000 -0.000027 -0.000016
vn 1.000000 -0.000100 -0.000029
vn 1.000000 -0.000067 -0.000022
vn 1.000000 -0.000087 -0.000025
vn 1.000000 0.000000 -0.000008
vn -0.001859 0.999996 -0.002087
vn 0.004951 0.999964 -0.006848
vn 0.004951 0.999964 -0.006848
vn 0.011761 0.999863 -0.011609
vn -0.882160 0.470948 -0.001439
vn -0.882160 0.470948 -0.001439
vn -0.882160 0.470948 -0.001439
vn -0.000508 1.000000 -0.000043
vn -0.000456 1.000000 -0.000089
vn -0.000456 1.000000 -0.000089
vn -0.000404 1.000000 -0.000135
vn -1.000000 0.000261 -0.000000
vn -1.000000 0.000262 -0.000000
vn -1.000000 0.000262 -0.000000
vn -1.000000 0.000263 -0.000000
vn 0.000060 -1.000000 0.000002
vn 0.000060 -1.000000 0.000001
vn 0.000060 -1.000000 0.000001
vn 0.000060 -1.000000 0.000000
vn 0.000038 -1.000000 0.000026
vn 0.000039 -1.000000 0.000021
vn 0.000039 -1.000000 0.000021
vn 0.000039 -1.000000 0.000016
vn 0.000062 -1.000000 0.000005
vn 0.000062 -1.000000 0.000004
vn 0.000062 -1.000000 0.000004
vn 0.000062 -1.000000 0.000003
vn 1.000000 0.000022 -0.000966
vn 1.000000 0.000226 -0.000753
vn 1.000000 0.000317 -0.000670
vn 1.000000 0.000043 -0.000919
vn 1.000000 0.000328 -0.000646
vn 0.000040 -1.000000 0.000020
vn 0.000039 -1.000000 0.000021
vn 0.000039 -1.000000 0.000021
vn 0.000038 -1.000000 0.000022
vn -0.000718 0.824325 -0.566117
vn 0.054168 0.256367 -0.965061
vn -0.011190 0.465783 -0.884828
vn 0.048068 -0.050037 -0.997590
vn 0.081726 -0.075078 -0.993823
vn -0.000004 0.000003 -1.000000
vn -0.000128 -0.018159 0.999835
vn -0.003197 -0.020861 0.999777
vn -0.003197 -0.020861 0.999777
vn -0.006266 -0.023563 0.999703
vn -0.999999 0.001706 -0.000001
vn -0.999999 0.001705 -0.000000
vn -0.999999 0.001705 -0.000000
vn -0.999999 0.001704 -0.000000
vn -0.000514 1.000000 -0.000236
vn -0.000540 1.000000 -0.000152
vn -0.000540 1.000000 -0.000152
vn -0.000566 1.000000 -0.000068
vn -1.000000 0.000263 -0.000000
vn -1.000000 0.000263 -0.000001
vn -1.000000 0.000263 -0.000001
vn -1.000000 0.000263 -0.000001
vn -0.214542 0.976715 -0.000312
vn -0.214542 0.976715 -0.000312
vn -0.214542 0.976715 -0.000312
vn -0.699846 -0.713206 -0.039401
vn -0.699846 -0.713206 -0.039401
vn -0.699846 -0.713206 -0.039401
vn 0.018413 -0.862869 0.505092
vn 0.018413 -0.862869 0.505092
vn 0.018413 -0.862869 0.505092
vn -0.000375 0.999998 -0.002089
vn -0.000877 0.999997 -0.002416
vn -0.000877 0.999997 -0.002416
vn -0.001379 0.999995 -0.002742
vn -0.000277 0.999994 -0.003474
vn -0.000277 0.999994 -0.003474
vn -0.000277 0.999994 -0.003474
vn -1.000000 0.000312 -0.000000
vn -1.000000 0.000287 -0.000020
vn -1.000000 0.000287 -0.000020
vn -1.000000 0.000262 -0.000040
vn -1.000000 0.000072 -0.000000
vn -1.000000 0.000072 -0.000000
vn -1.000000 0.000072 -0.000000
vn -1.000000 0.000168 -0.000000
vn -1.000000 0.000135 -0.000013
vn -1.000000 0.000112 -0.000019
vn -1.000000 0.000064 -0.000032
vn -1.000000 0.000083 -0.000029
vn -0.003983 0.999847 -0.017023
vn -0.003413 0.999695 -0.024456
vn -0.003413 0.999695 -0.024456
vn -0.002843 0.999487 -0.031888
vn -1.000000 0.000000 0.000003
vn -1.000000 0.000000 0.000003
vn -1.000000 0.000000 0.000003
vn -1.000000 0.000020 -0.000042
vn -1.000000 0.000020 -0.000042
vn -1.000000 0.000020 -0.000042
vn -1.000000 0.000068 -0.000070
vn -1.000000 0.000068 -0.000070
vn -1.000000 0.000068 -0.000070
vn 0.070168 0.000000 -0.997535
vn 0.070168 0.000000 -0.997535
vn 0.070168 0.000000 -0.997535
vn 0.003834 -0.258156 0.966096
vn 0.003834 -0.258156 0.966096
vn 0.003834 -0.258156 0.966096
vn 0.215662 0.976156 0.024683
vn 0.215662 0.976156 0.024683
vn 0.215662 0.976156 0.024683
vn -0.000026 -1.000000 0.000015
vn -0.000026 -1.000000 0.000015
vn -0.000026 -1.000000 0.000015
vn -0.000025 -1.000000 0.000015
vn -0.000020 -1.000000 0.000029
vn -0.000032 -1.000000 0.000027
vn -0.000032 -1.000000 0.000027
vn -0.000044 -1.000000 0.000026
vn -0.000053 -1.000000 0.000007
vn -0.000048 -1.000000 0.000006
vn -0.000048 -1.000000 0.000006
vn -0.000043 -1.000000 0.000005
vn 0.004529 0.000003 -0.999990
vn 0.015189 0.009255 -0.999842
vn 0.015189 0.009255 -0.999842
vn 0.025846 0.018506 -0.999495
vn 0.000360 1.000000 -0.000028
vn 0.000369 1.000000 -0.000083
vn 0.000369 1.000000 -0.000083
vn 0.000379 1.000000 -0.000137
vn 0.000304 1.000000 -0.000137
vn -0.020065 0.999724 0.012209
vn -0.020065 0.999724 0.012209
vn -0.040423 0.998881 0.024549
vn -1.000000 0.000365 -0.000000
vn -1.000000 0.000346 -0.000012
vn -1.000000 0.000363 -0.000017
vn -1.000000 0.000336 -0.000017
vn -1.000000 0.000312 -0.000000
vn 0.005329 -0.004879 0.999974
vn 0.007985 -0.002579 0.999965
vn 0.007985 -0.002579 0.999965
vn 0.010640 -0.000279 0.999943
vn 0.999995 -0.002793 0.001783
vn 0.999999 -0.001385 0.000302
vn 0.999999 -0.001385 0.000302
vn 0.999999 0.000022 -0.001179
vn -0.345839 -0.938294 -0.000500
vn -0.345839 -0.938294 -0.000500
vn -0.345839 -0.938294 -0.000500
vn 0.033984 -0.000002 0.999422
vn 0.019842 0.010536 0.999748
vn 0.019842 0.010536 0.999748
vn 0.005693 0.021070 0.999762
vn -1.000000 0.000366 -0.000076
vn -1.000000 0.000256 0.000334
vn -1.000000 0.000384 -0.000038
vn -1.000000 0.000201 0.000538
vn -0.999999 0.000001 0.001077
vn 0.002458 -0.892243 0.451549
vn 0.002458 -0.892243 0.451549
vn 0.002458 -0.892243 0.451549
vn 0.002990 -0.696606 -0.717447
vn 0.002990 -0.696606 -0.717447
vn 0.002990 -0.696606 -0.717447
vn -0.996865 0.055574 0.056317
vn -0.999192 0.028662 0.028180
vn -0.999192 0.028662 0.028180
vn -0.999999 0.001706 0.000001
vn -0.002392 0.999995 -0.002252
vn -0.001036 0.999998 -0.001602
vn -0.001036 0.999998 -0.001602
vn 0.000321 1.000000 -0.000952
vn 0.000475 1.000000 -0.000715
vn -0.000209 1.000000 -0.000800
vn -0.000471 1.000000 -0.000884
vn -0.000551 1.000000 -0.000842
vn 0.000316 1.000000 -0.000631
vn 0.000202 1.000000 -0.000953
vn 0.000261 1.000000 -0.000903
vn 0.000261 1.000000 -0.000903
vn 0.000320 1.000000 -0.000852
vn -0.001471 0.999998 -0.001247
vn 0.000055 0.999999 -0.001350
vn 0.000256 1.000000 -0.000858
vn 0.000818 0.999999 -0.001402
vn -0.000348 0.999997 -0.002334
vn -0.479672 0.877297 -0.016257
vn -0.479672 0.877297 -0.016257
vn -0.479672 0.877297 -0.016257
vn -0.996629 0.081050 -0.012727
vn -0.996629 0.081050 -0.012727
vn -0.996629 0.081050 -0.012727
vn -0.002481 0.999996 -0.000957
vn -0.001244 0.999999 -0.000600
vn -0.001244 0.999999 -0.000600
vn -0.000008 1.000000 -0.000242
vn -0.540699 0.841216 -0.000207
vn -0.538745 0.842469 0.000143
vn -0.539396 0.842052 0.000776
vn -0.538744 0.842469 0.001267
vn -0.540697 0.841215 0.002040
vn -0.000326 0.999999 -0.001247
vn -0.000678 0.999999 -0.001329
vn -0.000678 0.999999 -0.001329
vn -0.001031 0.999999 -0.001410
vn 0.000320 0.000000 -1.000000
vn 0.000320 0.000000 -1.000000
vn 0.000320 0.000000 -1.000000
vn 0.000197 1.000000 -0.000853
vn 0.000095 1.000000 -0.000903
vn 0.000095 1.000000 -0.000903
vn -0.000008 1.000000 -0.000953
vn -0.999986 0.000749 -0.005285
vn -0.999154 -0.027603 -0.030476
vn -0.999154 -0.027603 -0.030476
vn -0.996885 -0.055916 -0.055623
vn -0.011830 0.999927 -0.002442
vn -0.011830 0.999927 -0.002442
vn -0.011830 0.999927 -0.002442
vn 0.047064 0.998551 0.026111
vn 0.332589 0.942619 0.029236
vn 0.332589 0.942619 0.029236
vn 0.589956 0.806882 0.029886
vn -0.744569 0.027836 -0.666965
vn -0.744569 0.027836 -0.666965
vn -0.744569 0.027836 -0.666965
vn -0.004156 0.999740 0.022400
vn 0.006864 0.999811 -0.018190
vn 0.006864 0.999811 -0.018190
vn 0.017871 0.998113 -0.058748
vn -0.000254 -0.000000 -1.000000
vn -0.000254 -0.000000 -1.000000
vn -0.000254 -0.000000 -1.000000
vn -0.000129 -0.000023 -1.000000
vn -0.000127 0.000000 -1.000000
vn -0.005846 -0.006850 -0.999959
vn 0.000539 0.000012 -1.000000
vn 0.000573 0.000452 -1.000000
vn 0.000476 0.000088 -1.000000
vn -0.029817 -0.048221 -0.998392
vn 0.030296 0.055235 -0.998014
vn -0.015096 -0.017789 -0.999728
vn -1.000000 0.000402 -0.000003
vn -0.099591 -0.024791 -0.994720
vn -0.099591 -0.024791 -0.994720
vn 0.980165 -0.005340 -0.198113
vn -0.000569 0.999977 -0.006734
vn -0.000602 0.999981 -0.006129
vn -0.000602 0.999981 -0.006129
vn -0.000634 0.999985 -0.005523
vn -0.000635 0.999999 -0.001480
vn -0.000668 0.999999 -0.001513
vn -0.000668 0.999999 -0.001513
vn -0.000701 0.999999 -0.001546
vn -0.000573 1.000000 -0.000768
vn -0.000738 0.999999 -0.000821
vn -0.000738 0.999999 -0.000821
vn -0.000903 0.999999 -0.000874
vn -0.001379 0.999993 -0.003369
vn -0.001074 0.999995 -0.003090
vn -0.001260 0.999994 -0.003105
vn -0.000921 0.999995 -0.002950
vn -0.000701 0.999995 -0.003059
vn -0.999986 0.000092 -0.005378
vn -0.999985 -0.004872 -0.002681
vn -0.999977 -0.006533 -0.001778
vn -0.999952 -0.009845 0.000023
vn -0.999951 -0.009855 0.000030
vn -0.841512 0.540089 -0.012663
vn -0.841512 0.540089 -0.012663
vn -0.841512 0.540089 -0.012663
vn 0.744496 -0.394098 -0.538900
vn 0.744496 -0.394098 -0.538900
vn 0.744496 -0.394098 -0.538900
vn -0.000032 0.000130 1.000000
vn -0.000032 0.000130 1.000000
vn -0.000032 0.000130 1.000000
vn -0.682395 0.730984 0.000067
vn -0.666085 0.745863 -0.004288
vn -0.666085 0.745863 -0.004288
vn -0.649438 0.760365 -0.008641
vn 0.000475 1.000000 -0.000632
vn 0.000613 1.000000 -0.000581
vn 0.000566 1.000000 -0.000514
vn 0.000612 1.000000 -0.000455
vn 0.000473 1.000000 -0.000379
vn -0.662496 0.749066 -0.000382
vn -0.661962 0.749537 -0.000159
vn -0.661962 0.749537 -0.000159
vn -0.661428 0.750009 0.000064
vn -0.999626 -0.021463 0.016953
vn -0.999776 0.016284 -0.013538
vn -0.999863 0.013235 -0.009935
vn -0.998968 0.035145 -0.028773
vn -0.999535 0.022375 -0.020736
vn 0.000003 0.000000 -1.000000
vn 0.002416 -0.002289 -0.999995
vn 0.002439 -0.003453 -0.999991
vn 0.003657 -0.005179 -0.999980
vn 0.002484 -0.005780 -0.999980
vn 0.006283 0.999971 0.004420
vn 0.003091 0.999988 0.003735
vn 0.003091 0.999988 0.003735
vn -0.000100 0.999995 0.003050
vn 0.999540 0.021358 0.021526
vn 0.999922 -0.002899 0.012129
vn 0.999922 -0.002899 0.012129
vn 0.999628 -0.027155 0.002724
vn -0.572878 0.054124 0.817851
vn -0.572878 0.054124 0.817851
vn -0.572878 0.054124 0.817851
vn 0.016317 0.941865 -0.335596
vn 0.015375 0.975117 -0.221157
vn 0.015375 0.975117 -0.221157
vn 0.014215 0.994520 -0.103576
vn 0.772876 0.024548 -0.634083
vn 0.772876 0.024548 -0.634083
vn 0.772876 0.024548 -0.634083
vn -0.002994 0.999995 -0.000684
vn -0.006036 0.999982 -0.000510
vn -0.006036 0.999982 -0.000510
vn -0.009077 0.999959 -0.000336
vn 0.999990 0.003557 0.002705
vn 0.999989 0.003709 0.002762
vn 0.999993 0.002423 0.003031
vn 0.999994 0.001188 0.003319
vn 0.999994 -0.000149 0.003570
vn 0.999994 -0.000149 0.003570
vn 0.000003 1.000000 0.000000
vn 0.000001 1.000000 0.000000
vn 0.000002 1.000000 -0.000000
vn 0.000000 1.000000 0.000000
vn 0.000001 1.000000 0.000000
vn 0.000318 1.000000 -0.000714
vn 0.000445 1.000000 -0.000683
vn 0.000430 1.000000 -0.000680
vn 0.000842 1.000000 -0.000659
vn 0.001510 0.999999 -0.000643
vn 0.000992 0.999999 -0.000666
vn -0.842817 0.537564 -0.026158
vn -0.842817 0.537564 -0.026158
vn -0.842817 0.537564 -0.026158
vn -0.000585 0.132805 -0.991142
vn -0.002997 0.155948 -0.987761
vn -0.002997 0.155948 -0.987761
vn -0.005407 0.179005 -0.983833
vn 0.703358 0.710793 0.007774
vn 0.703358 0.710793 0.007774
vn 0.703358 0.710793 0.007774
vn 0.707387 0.706816 0.003792
vn 0.690495 0.723254 0.010937
vn 0.690495 0.723254 0.010937
vn 0.673185 0.739253 0.018076
vn -0.000004 1.000000 0.000000
vn -0.000004 1.000000 0.000000
vn -0.000004 1.000000 0.000000
vn -0.000004 1.000000 0.000000
vn 0.000003 1.000000 0.000000
vn 0.000003 1.000000 -0.000000
vn 0.000003 1.000000 -0.000000
vn 0.000003 1.000000 -0.000000
vn 0.984759 0.021017 0.172649
vn 0.994464 0.024811 0.102108
vn 0.994464 0.024811 0.102108
vn 0.999112 0.028478 0.031049
vn 0.999608 0.027093 0.007092
vn 0.999601 0.027828 0.004839
vn 0.999601 0.027828 0.004839
vn 0.999589 0.028563 0.002585
vn 0.000006 -0.011060 0.999939
vn 0.000006 -0.011060 0.999939
vn 0.000006 -0.011060 0.999939
vn 0.708471 0.704979 0.032776
vn 0.678727 0.734291 -0.012140
vn 0.678727 0.734291 -0.012140
vn 0.646430 0.760841 -0.057011
vn -0.000007 -0.000031 1.000000
vn -0.000003 -0.000037 1.000000
vn -0.000003 -0.000037 1.000000
vn 0.000000 -0.000043 1.000000
vn 0.000000 1.000000 0.000000
vn 0.000000 1.000000 0.000000
vn 0.000000 1.000000 0.000000
vn -0.000004 1.000000 -0.000001
vn -0.000004 1.000000 -0.000000
vn -0.000004 1.000000 -0.000000
vn -0.000004 1.000000 0.000001
vn 0.000003 1.000000 0.000001
vn 0.000003 1.000000 0.000001
vn 0.000003 1.000000 0.000001
vn 0.000003 1.000000 -0.000001
vn 0.001130 0.999969 -0.007821
vn 0.001130 0.999969 -0.007821
vn 0.002257 0.999875 -0.015641
vn 0.000000 1.000000 0.000000
vn 0.000000 1.000000 -0.000000
vn 0.000000 1.000000 0.000000
vn 0.000000 1.000000 -0.000000
vn 0.000000 1.000000 0.000000
vn 0.000000 1.000000 -0.000001
vn 0.000000 1.000000 -0.000001
vn 0.000000 1.000000 0.000001
vn 0.000000 1.000000 0.000000
vn 0.000000 1.000000 -0.000000
vn 0.960925 0.052132 -0.271856
vn 0.600088 0.037948 -0.799033
vn 0.413286 -0.017446 -0.910434
vn 0.033426 -0.047868 -0.998294
vn 0.072472 -0.103781 -0.991956
vn -0.000003 1.000000 -0.000003
vn 0.000000 0.999969 -0.007823
vn 0.000000 0.999969 -0.007823
vn 0.000003 0.999878 -0.015642
vn 0.000000 0.000000 -1.000000
vn -0.000000 0.000000 -1.000000
vn 0.000007 -0.269463 -0.963011
vn 0.000000 0.000000 -1.000000
vn 0.000007 -0.191808 -0.981432
vn 0.000020 -0.745974 -0.665975
vn 0.000011 -0.348203 -0.937419
vn 0.000021 -0.553627 -0.832765
vn -0.008989 0.999960 -0.000130
vn -0.027907 0.999580 -0.007875
vn -0.027907 0.999580 -0.007875
vn -0.046813 0.998782 -0.015618
vn 0.000783 0.999998 -0.001827
vn 0.001588 0.999996 -0.002294
vn 0.001588 0.999996 -0.002294
vn 0.002393 0.999993 -0.002761
vn -0.000384 0.999997 -0.002508
vn 0.000150 0.999997 -0.002318
vn -0.000049 0.999997 -0.002247
vn 0.000538 0.999998 -0.002146
vn 0.000664 0.999997 -0.002226
vn 0.000780 0.999998 -0.001993
vn -1.000000 0.000265 -0.000000
vn -1.000000 0.000263 0.000000
vn -1.000000 0.000263 0.000000
vn -1.000000 0.000261 0.000000
vn -1.000000 0.000264 0.000000
vn -1.000000 0.000264 -0.000000
vn -1.000000 0.000264 -0.000000
vn -1.000000 0.000264 -0.000001
vn 0.002370 0.999996 -0.001635
vn 0.002684 0.999995 -0.001911
vn 0.002684 0.999995 -0.001911
vn 0.002998 0.999993 -0.002188
vn 0.002361 0.999997 -0.001173
vn 0.002679 0.999996 -0.000856
vn 0.002679 0.999996 -0.000856
vn 0.002998 0.999995 -0.000540
vn -0.802554 0.595536 -0.035268
vn -0.802554 0.595536 -0.035268
vn -0.802554 0.595536 -0.035268
vn 0.002645 0.999994 0.002360
vn 0.004598 0.999990 0.000093
vn 0.004598 0.999990 0.000093
vn 0.006551 0.999976 -0.002174
vn -0.894712 -0.446616 -0.004996
vn -0.894712 -0.446616 -0.004996
vn -0.894712 -0.446616 -0.004996
vn 0.000003 -0.000007 1.000000
vn 0.000001 -0.000007 1.000000
vn 0.000001 -0.000007 1.000000
vn 0.000000 -0.000006 1.000000
vn 0.000032 -0.000003 1.000000
vn 0.000032 -0.000003 1.000000
vn 0.000032 -0.000003 1.000000
vn -0.000784 0.999562 0.029578
vn 0.002509 0.999906 0.013467
vn 0.002509 0.999906 0.013467
vn 0.005802 0.999980 -0.002647
vn -0.000113 -0.000003 1.000000
vn -0.000113 -0.000012 1.000000
vn -0.000122 -0.000034 1.000000
vn -0.000112 -0.000021 1.000000
vn -0.000103 0.000011 1.000000
vn -0.000112 0.000000 1.000000
vn -0.999463 -0.018589 0.026985
vn -0.999906 -0.007854 0.011275
vn -0.999906 -0.007854 0.011275
vn -0.999986 0.002884 -0.004440
vn 0.786267 0.614750 -0.062191
vn 0.786267 0.614750 -0.062191
vn 0.786267 0.614750 -0.062191
vn -1.000000 0.000262 -0.000001
vn -1.000000 0.000262 -0.000001
vn -1.000000 0.000263 -0.000001
vn -1.000000 0.000263 -0.000001
vn -1.000000 0.000261 -0.000000
vn -1.000000 0.000262 -0.000001
vn -1.000000 0.000131 0.000107
vn -1.000000 0.000131 0.000107
vn -1.000000 0.000000 0.000215
vn -0.999999 -0.000002 -0.001208
vn -1.000000 0.000219 -0.000329
vn -1.000000 0.000198 -0.000604
vn -1.000000 0.000330 0.000110
vn -1.000000 0.000262 0.000221
vn -0.001215 0.999999 -0.001259
vn -0.001899 0.999998 -0.001003
vn -0.001394 0.999998 -0.001501
vn -0.001484 0.999998 -0.001622
vn -0.000384 0.999997 -0.002496
vn -0.000525 1.000000 -0.000176
vn -0.000521 1.000000 -0.000145
vn -0.000521 1.000000 -0.000145
vn -0.000517 1.000000 -0.000114
vn -1.000000 0.000166 -0.000040
vn -1.000000 0.000217 -0.000020
vn -1.000000 0.000217 -0.000020
vn -1.000000 0.000267 -0.000001
vn 0.006542 0.999967 0.004749
vn 0.004593 0.999899 0.013433
vn 0.004593 0.999899 0.013433
vn 0.002644 0.999752 0.022116
vn 0.000001 -0.000007 1.000000
vn 0.000001 -0.000008 1.000000
vn 0.000001 -0.000009 1.000000
vn 0.000011 0.000001 1.000000
vn 0.000016 0.000006 1.000000
vn 0.000032 0.000022 1.000000
vn 0.002999 0.999994 -0.001508
vn 0.002680 0.999996 -0.001340
vn 0.002680 0.999996 -0.001340
vn 0.002361 0.999997 -0.001171
vn 0.002368 0.999996 -0.001524
vn 0.001580 0.999998 -0.001457
vn 0.001580 0.999998 -0.001457
vn 0.000792 0.999999 -0.001390
vn 0.000780 0.999998 -0.001992
vn 0.000780 0.999998 -0.001992
vn 0.000780 0.999998 -0.001992
vn -0.000282 1.000000 -0.000531
vn -0.003087 0.999995 -0.000842
vn -0.003087 0.999995 -0.000842
vn -0.005892 0.999982 -0.001154
vn 0.005104 -0.061051 -0.998122
vn 0.008790 -0.081736 -0.996615
vn 0.008790 -0.081736 -0.996615
vn 0.012473 -0.102384 -0.994667
vn 0.688529 0.725149 -0.009363
vn 0.688529 0.725149 -0.009363
vn 0.688529 0.725149 -0.009363
vn 0.000793 0.999999 -0.001389
vn 0.001571 0.999998 -0.001015
vn 0.001571 0.999998 -0.001015
vn 0.002350 0.999997 -0.000641
vn -0.000384 0.999998 -0.001977
vn -0.000384 0.999998 -0.001977
vn -0.000384 0.999998 -0.001977
vn -0.637651 0.770325 -0.000591
vn -0.633071 0.774092 0.001753
vn -0.634389 0.773014 0.001040
vn -0.630771 0.775964 0.002925
vn -0.630428 0.776242 0.003180
vn -0.000013 -0.038807 -0.999247
vn -0.022237 -0.027988 -0.999361
vn -0.013847 -0.017444 -0.999752
vn -0.020763 -0.006755 -0.999762
vn 0.002937 0.003645 -0.999989
vn 0.000780 0.999998 -0.001995
vn 0.000324 0.999998 -0.001805
vn 0.000678 0.999998 -0.001866
vn -0.000385 0.999999 -0.001683
vn 0.000095 0.999999 -0.001710
vn 0.999936 -0.011317 0.000015
vn 0.999936 -0.011317 0.000015
vn 0.999936 -0.011317 0.000015
vn 0.000474 0.999840 0.017889
vn 0.578155 0.814807 0.042742
vn 0.578155 0.814807 0.042742
vn 0.942745 0.329460 0.051841
vn 0.000000 1.000000 -0.000000
vn 0.000000 1.000000 -0.000000
vn 0.000000 1.000000 -0.000000
vn 0.000000 1.000000 0.000000
vn -0.009247 0.999430 -0.032473
vn -0.004609 0.999857 -0.016253
vn -0.004609 0.999857 -0.016253
vn 0.000029 1.000000 -0.000029
vn 0.000268 0.999020 0.044252
vn 0.002036 0.999201 0.039904
vn 0.002036 0.999201 0.039904
vn 0.003803 0.999361 0.035555
vn -0.028842 0.998924 0.036327
vn -0.379799 0.923788 0.048673
vn -0.379799 0.923788 0.048673
vn -0.681774 0.729512 0.054742
vn -0.002540 0.999993 -0.002813
vn -0.004396 0.999962 0.007541
vn -0.004396 0.999962 0.007541
vn -0.006252 0.999820 0.017894
vn 0.656212 0.754518 -0.009366
vn 0.543515 0.839090 -0.022782
vn 0.543515 0.839090 -0.022782
vn 0.419929 0.906853 -0.035741
vn -0.005796 0.999409 0.033895
vn -0.007837 0.999608 0.026890
vn -0.007837 0.999608 0.026890
vn -0.009877 0.999754 0.019883
vn 0.000205 -0.002616 0.999997
vn 0.000290 -0.002240 0.999997
vn 0.000290 -0.002240 0.999997
vn 0.000374 -0.001864 0.999998
vn 0.000720 -0.003117 0.999995
vn 0.002285 -0.003322 0.999992
vn 0.002285 -0.003322 0.999992
vn 0.003850 -0.003526 0.999986
vn 0.003798 -0.000370 0.999993
vn 0.001910 -0.000213 0.999998
vn 0.001910 -0.000213 0.999998
vn 0.000022 -0.000056 1.000000
vn -0.999544 -0.017050 -0.024942
vn -0.999886 -0.008533 -0.012473
vn -0.999886 -0.008533 -0.012473
vn -1.000000 -0.000014 0.000000
vn 0.000331 0.999943 0.010658
vn 0.000331 0.999943 0.010658
vn 0.000331 0.999943 0.010658
vn -0.017506 0.999847 -0.000557
vn -0.017507 0.999847 -0.000556
vn -0.017507 0.999847 -0.000556
vn -0.017507 0.999847 -0.000555
vn 0.000080 -0.002920 -0.999996
vn -0.002730 0.011799 -0.999927
vn -0.004093 0.004428 -0.999982
vn -0.002758 0.021618 -0.999763
vn -0.000004 0.026538 -0.999648
vn -0.000004 0.026538 -0.999648
vn 0.885187 0.465073 0.012266
vn 0.885187 0.465073 0.012266
vn 0.885187 0.465073 0.012266
vn 0.668796 0.002312 0.743442
vn 0.668796 0.002312 0.743442
vn 0.668796 0.002312 0.743442
vn -0.000280 0.023103 0.999733
vn -0.003302 0.010342 0.999941
vn -0.003302 0.010342 0.999941
vn -0.006323 -0.002420 0.999977
vn -0.013458 0.999139 0.039236
vn -0.009131 0.998081 0.061251
vn -0.009131 0.998081 0.061251
vn -0.004799 0.996518 0.083236
vn 0.000000 -0.001099 0.999999
vn 0.000315 -0.001421 0.999999
vn 0.000315 -0.001421 0.999999
vn 0.000631 -0.001744 0.999998
vn -0.999997 0.002306 -0.001062
vn -0.999999 0.001101 -0.000781
vn -0.999999 0.001101 -0.000781
vn -1.000000 -0.000103 -0.000500
vn 0.000698 -0.000787 0.999999
vn 0.000349 -0.000943 1.000000
vn 0.000349 -0.000943 1.000000
vn 0.000000 -0.001099 0.999999
vn 0.000000 -0.000729 1.000000
vn 0.000361 -0.000758 1.000000
vn 0.000361 -0.000758 1.000000
vn 0.000721 -0.000787 0.999999
vn 0.000374 -0.000619 1.000000
vn 0.000187 -0.000274 1.000000
vn 0.000187 -0.000274 1.000000
vn 0.000000 0.000070 1.000000
vn 0.014953 -0.002530 0.999885
vn 0.008877 0.000200 0.999961
vn 0.012529 0.001611 0.999920
vn 0.003892 -0.001128 0.999992
vn 0.002532 -0.003030 0.999992
vn 0.002008 -0.001188 0.999997
vn 0.003013 0.001474 0.999994
vn -0.000000 0.002902 0.999996
vn 0.000003 1.000000 0.000000
vn 0.000003 1.000000 0.000000
vn 0.000003 1.000000 0.000000
vn 0.000002 1.000000 0.000000
vn -0.000910 0.999845 0.017601
vn -0.000791 0.999855 0.017002
vn -0.000791 0.999855 0.017002
vn -0.000671 0.999865 0.016402
vn 0.525874 0.850534 -0.006942
vn 0.525874 0.850534 -0.006942
vn 0.525874 0.850534 -0.006942
vn -0.000001 0.014336 0.999897
vn -0.006186 0.006127 0.999962
vn -0.006186 0.006127 0.999962
vn -0.012370 -0.002084 0.999921
vn 0.000860 -0.001745 0.999998
vn 0.000430 -0.001913 0.999998
vn 0.000430 -0.001913 0.999998
vn 0.000000 -0.002081 0.999998
vn -0.000004 -0.003526 0.999994
vn 0.000564 -0.001082 0.999999
vn 0.000347 -0.001930 0.999998
vn 0.000699 -0.000331 1.000000
vn 0.000781 -0.000235 1.000000
vn 0.000863 -0.000142 1.000000
vn -0.021271 -0.006360 0.999754
vn -0.010636 -0.004224 0.999935
vn -0.010636 -0.004224 0.999935
vn -0.000001 -0.002088 0.999998
vn 0.851391 -0.032344 0.523534
vn 0.851391 -0.032344 0.523534
vn 0.851391 -0.032344 0.523534
vn -0.901695 -0.005139 0.432343
vn -0.901695 -0.005139 0.432343
vn -0.901695 -0.005139 0.432343
vn -0.006057 0.999981 -0.001289
vn -0.011968 0.999928 -0.000879
vn -0.009197 0.999957 -0.001006
vn -0.017510 0.999847 -0.000626
vn -0.014923 0.999888 -0.000674
vn -0.999830 -0.018216 -0.002863
vn -0.999963 -0.008465 -0.001509
vn -0.999994 -0.003389 -0.000604
vn -1.000000 0.000633 -0.000078
vn -1.000000 -0.000008 -0.000000
vn -1.000000 0.000003 -0.000000
vn -1.000000 0.000000 -0.000000
vn -0.999996 0.001175 -0.002555
vn -0.999985 0.004420 -0.003279
vn -0.999873 0.013610 -0.008324
vn -0.999741 0.019827 -0.011208
vn -0.999319 0.031986 -0.018412
vn 0.000002 1.000000 -0.000002
vn 0.000002 1.000000 -0.000002
vn 0.000002 1.000000 -0.000002
vn 0.000002 1.000000 0.000000
vn 0.000002 1.000000 0.000000
vn 0.000002 1.000000 0.000000
vn 0.046812 0.998781 -0.015631
vn 0.029833 0.999517 -0.008672
vn 0.029833 0.999517 -0.008672
vn 0.012843 0.999916 -0.001711
vn 0.000001 -0.000000 -1.000000
vn -0.036309 -0.051995 -0.997987
vn -0.036309 -0.051995 -0.997987
vn -0.072472 -0.103781 -0.991956
vn 0.795473 -0.043156 -0.604450
vn 0.443382 -0.019601 -0.896118
vn 0.291540 -0.011933 -0.956484
vn 0.000000 0.002601 -0.999997
vn -0.000819 0.005332 -0.999985
vn 0.000000 1.000000 -0.000000
vn 0.000000 1.000000 0.000001
vn 0.000000 1.000000 0.000001
vn 0.000000 1.000000 0.000001
vn 0.000000 1.000000 0.000000
vn 0.000000 1.000000 -0.000000
vn 0.999964 -0.007835 0.003195
vn 0.999991 -0.003917 0.001598
vn 0.999991 -0.003917 0.001598
vn 1.000000 0.000000 0.000000
vn -0.005913 0.999964 0.006080
vn -0.005612 0.999943 0.009066
vn -0.005612 0.999943 0.009066
vn -0.005311 0.999913 0.012052
vn 0.552790 -0.511667 -0.657739
vn 0.552790 -0.511667 -0.657739
vn 0.552790 -0.511667 -0.657739
vn -0.001846 0.999998 -0.000177
vn -0.001846 0.999998 -0.000177
vn -0.001846 0.999998 -0.000177
vn -0.001142 0.999835 -0.018146
vn -0.001993 0.999685 -0.025017
vn -0.001993 0.999685 -0.025017
vn -0.002843 0.999487 -0.031888
vn -0.002135 0.999875 -0.015663
vn -0.002490 0.999854 -0.016897
vn -0.002490 0.999854 -0.016897
vn -0.002845 0.999832 -0.018130
vn -0.000385 1.000000 -0.000802
vn -0.001305 0.999999 -0.000888
vn -0.000968 0.999999 -0.000849
vn -0.001765 0.999998 -0.000931
vn -0.001979 0.999998 -0.000966
vn -0.000385 0.999999 -0.001262
vn -0.000385 0.999999 -0.001262
vn -0.000385 0.999999 -0.001262
vn -0.000385 0.999999 -0.000966
vn -0.000385 0.999999 -0.000966
vn -0.000385 0.999999 -0.000966
vn 0.999975 -0.007098 0.000006
vn 0.999918 -0.012719 0.001451
vn 0.999918 -0.012719 0.001451
vn 0.999828 -0.018339 0.002897
vn -0.000385 0.999999 -0.000967
vn -0.000385 0.999999 -0.000967
vn -0.000385 0.999999 -0.000967
vn 0.000000 1.000000 0.000000
vn 0.000000 1.000000 0.000000
vn 0.000000 1.000000 0.000000
vn 0.000000 1.000000 0.000000
vn 0.000000 1.000000 0.000000
vn 0.000000 1.000000 0.000000
vn 0.000000 1.000000 0.000000
vn 0.000000 1.000000 0.000000
vn 0.000000 1.000000 -0.000000
vn 1.000000 -0.000001 0.000008
vn 0.999999 -0.000293 0.001442
vn 0.999999 -0.000293 0.001442
vn 0.999996 -0.000586 0.002875
vn -0.001942 0.999998 -0.000966
vn -0.001291 0.999999 -0.001104
vn -0.001744 0.999998 -0.001026
vn -0.000384 0.999999 -0.001260
vn -0.000965 0.999999 -0.001173
vn 0.002475 0.999996 -0.001262
vn 0.002187 0.999997 -0.001437
vn 0.001329 0.999998 -0.001519
vn -0.000385 0.999999 -0.001683
vn 0.000757 0.999998 -0.001647
vn -0.002540 0.999993 -0.002813
vn -0.004411 0.999975 -0.005592
vn -0.004411 0.999975 -0.005592
vn -0.006283 0.999945 -0.008371
vn -0.001622 0.001626 -0.999997
vn -0.015440 -0.062317 -0.997937
vn -0.000811 0.001402 -0.999999
vn -0.010481 -0.037190 -0.999253
vn -0.010367 -0.168340 -0.985675
vn -0.008033 0.000019 -0.999968
vn 0.001959 -0.104744 -0.994497
vn 0.003029 -0.348906 -0.937153
vn 0.000722 -0.000696 1.000000
vn 0.000361 -0.000661 1.000000
vn 0.000361 -0.000661 1.000000
vn 0.000000 -0.000625 1.000000
vn 0.003841 -0.002921 0.999988
vn 0.002281 -0.002392 0.999995
vn 0.002281 -0.002392 0.999995
vn 0.000721 -0.001862 0.999998
vn 0.000023 -0.000465 1.000000
vn 0.001921 -0.001093 0.999998
vn 0.001921 -0.001093 0.999998
vn 0.003820 -0.001721 0.999991
vn 0.000329 0.999943 0.010657
vn 0.000330 0.999943 0.010657
vn 0.000330 0.999943 0.010657
vn 0.000330 0.999943 0.010657
vn -0.017505 0.999847 -0.000552
vn -0.017505 0.999847 -0.000552
vn -0.017505 0.999847 -0.000552
vn -0.017547 0.999845 -0.001321
vn -0.017547 0.999845 -0.001321
vn -0.017547 0.999845 -0.001321
f 69/34/1 68/33/2 72/37/3
f 68/33/4 70/35/5 72/37/6
f 70/35/7 71/36/8 72/37/9
f 71/36/10 69/34/11 72/37/12
f 73/39/13 74/38/14 77/42/15
f 74/38/16 75/40/17 77/42/18
f 75/40/19 76/41/20 77/42/21
f 76/41/22 73/39/23 77/42/24
f 110/113/25 134/141/26 112/115/27
f 112/115/27 134/141/26 133/140/28
f 132/139/29 131/138/30 135/142/31
f 131/138/32 133/140/33 135/142/34
f 133/140/35 134/141/36 135/142/37
f 134/141/38 132/139/39 135/142/40
f 137/144/41 136/143/42 140/147/43
f 136/143/44 138/145/45 140/147/46
f 138/145/47 139/146/48 140/147/49
f 139/146/50 137/144/51 140/147/52
f 216/231/53 204/219/54 217/232/55
f 217/232/55 204/219/54 92/79/56
f 36/8/57 35/5/58 71/36/59
f 71/36/59 35/5/58 69/34/60
f 30/7/61 32/3/62 36/8/63
f 36/8/63 32/3/62 35/5/64
f 271/328/65 268/336/66 273/330/67
f 273/330/67 268/336/66 269/326/68
f 300/374/69 271/328/70 273/330/71
f 265/322/72 271/328/73 301/375/74
f 301/375/74 271/328/73 300/374/75
f 265/322/76 301/375/77 266/323/78
f 276/345/79 265/322/80 302/377/81
f 302/377/81 265/322/80 266/323/82
f 276/345/83 302/377/84 278/347/85
f 38/10/86 307/382/87 36/8/88
f 30/7/89 36/8/88 26/334/90
f 307/382/87 26/334/90 36/8/88
f 36/8/91 71/36/92 38/10/93
f 38/10/93 71/36/92 70/35/94
f 35/5/95 37/6/96 69/34/97
f 69/34/97 37/6/96 68/33/98
f 70/35/99 68/33/100 38/10/101
f 38/10/101 68/33/100 37/6/102
f 35/5/103 32/3/104 37/6/105
f 37/6/105 32/3/104 31/332/106
f 31/332/107 307/382/108 37/6/109
f 37/6/109 307/382/108 38/10/110
f 268/336/111 31/2/112 269/326/113
f 269/326/113 31/2/112 32/333/114
f 307/382/115 31/332/116 26/334/117
f 312/387/118 229/258/119 313/389/120
f 313/389/120 229/258/119 231/260/121
f 313/389/122 223/252/123 312/387/124
f 312/387/124 223/252/123 16/46/125
f 321/395/126 320/396/127 12/23/128
f 12/23/128 320/396/127 61/24/129
f 323/400/130 322/397/131 6/267/132
f 278/347/133 260/317/134 276/345/135
f 260/317/136 278/347/137 261/318/138
f 303/378/139 260/317/140 261/318/141
f 34/4/142 329/410/143 303/378/144
f 303/378/144 329/410/143 260/317/145
f 42/16/146 76/41/147 41/15/148
f 41/15/148 76/41/147 75/40/149
f 39/13/150 40/12/151 73/39/152
f 73/39/152 40/12/151 74/38/153
f 40/12/154 41/15/155 74/38/156
f 74/38/156 41/15/155 75/40/157
f 39/13/158 73/39/159 42/16/160
f 42/16/160 73/39/159 76/41/161
f 34/4/162 330/411/163 329/410/164
f 40/12/165 39/13/166 304/379/167
f 34/376/168 28/11/169 39/13/166
f 28/11/169 304/379/167 39/13/166
f 331/412/170 41/15/171 304/379/172
f 304/379/172 41/15/171 40/12/173
f 335/416/174 336/417/175 272/329/176
f 272/329/176 336/417/175 267/337/177
f 337/418/178 335/416/179 264/321/180
f 264/321/180 335/416/179 272/329/181
f 272/329/182 267/337/183 271/328/184
f 271/328/184 267/337/183 268/336/185
f 271/328/186 265/322/187 272/329/188
f 272/329/188 265/322/187 264/321/189
f 31/335/190 268/325/191 275/344/192
f 275/344/192 268/325/191 267/339/193
f 245/279/194 18/26/195 44/25/196
f 44/25/196 18/26/195 246/280/197
f 309/383/198 308/384/199 44/25/200
f 44/25/200 308/384/199 245/279/201
f 20/340/202 26/9/203 45/17/204
f 45/17/204 26/9/203 31/335/205
f 31/335/206 275/344/207 45/17/208
f 20/18/209 45/338/210 246/280/211
f 246/280/211 45/338/210 44/25/212
f 47/27/213 309/383/214 44/25/215
f 339/421/216 337/418/217 277/346/218
f 277/346/218 337/418/217 264/321/219
f 277/346/220 264/321/221 276/345/222
f 276/345/222 264/321/221 265/322/223
f 340/422/224 339/421/225 252/309/226
f 252/309/226 339/421/225 277/346/227
f 276/345/228 260/317/229 277/346/230
f 277/346/230 260/317/229 252/309/231
f 325/404/232 326/403/233 253/308/234
f 326/405/235 325/402/236 282/406/237
f 328/409/238 252/309/239 327/408/240
f 325/404/241 340/422/242 328/409/243
f 328/409/243 340/422/242 252/309/244
f 329/410/245 327/408/246 260/317/247
f 260/317/247 327/408/246 252/309/248
f 340/422/249 325/404/250 253/308/251
f 339/421/252 340/422/253 279/348/254
f 279/348/254 340/422/253 253/308/255
f 337/418/256 339/421/257 263/320/258
f 263/320/258 339/421/257 279/348/259
f 335/416/260 337/418/261 274/331/262
f 274/331/262 337/418/261 263/320/263
f 336/417/264 335/416/265 256/341/266
f 256/341/266 335/416/265 274/331/267
f 319/394/268 62/55/269 65/29/270
f 64/305/271 287/360/272 62/304/273
f 62/55/274 319/394/275 64/307/276
f 64/307/276 319/394/275 63/28/277
f 286/359/278 53/300/279 287/358/280
f 53/300/279 235/301/281 287/358/280
f 287/358/280 235/301/281 62/302/282
f 101/83/283 218/234/284 92/79/285
f 92/79/285 218/234/284 217/232/286
f 350/435/287 211/242/288 349/434/289
f 222/238/290 100/97/291 94/92/292
f 98/93/293 94/92/294 100/97/295
f 98/93/296 222/238/297 94/92/298
f 347/431/299 98/93/300 100/97/301
f 96/88/302 349/437/303 95/87/304
f 95/87/304 349/437/303 351/436/305
f 350/435/306 349/434/307 222/245/308
f 222/245/308 349/434/307 100/244/309
f 349/434/307 96/243/310 100/244/309
f 211/242/311 350/435/312 23/241/313
f 350/435/312 213/239/314 23/241/313
f 23/241/313 213/239/314 25/240/315
f 353/442/316 86/295/317 244/297/318
f 244/297/318 86/295/317 84/296/319
f 353/442/320 244/297/321 288/362/322
f 56/286/323 22/62/324 83/60/325
f 83/60/325 22/62/324 24/63/326
f 24/63/327 19/57/328 83/60/329
f 83/60/329 19/57/328 51/59/330
f 245/279/331 51/59/332 18/26/333
f 18/26/333 51/59/332 19/57/334
f 83/60/335 51/59/336 56/61/337
f 56/61/337 51/59/336 88/287/338
f 88/287/338 51/59/336 237/271/339
f 237/271/339 51/59/336 354/443/340
f 51/59/336 54/58/341 354/443/340
f 308/384/342 51/59/343 245/279/344
f 208/224/345 22/62/346 209/223/347
f 209/223/347 22/62/346 56/286/348
f 355/444/349 354/443/350 233/262/351
f 233/262/351 354/443/350 54/58/352
f 242/277/353 346/430/354 291/365/355
f 346/430/354 355/444/356 291/365/355
f 291/365/355 355/444/356 299/373/357
f 355/444/356 233/262/358 299/373/357
f 243/276/359 242/277/360 241/275/361
f 241/275/361 242/277/360 62/356/362
f 346/430/363 242/277/364 243/276/365
f 88/74/366 59/78/367 56/286/368
f 209/223/369 56/286/368 207/222/370
f 207/222/370 56/286/368 59/78/367
f 336/419/371 338/420/372 267/324/373
f 267/324/373 338/420/372 275/343/374
f 338/420/372 45/338/375 275/343/374
f 47/27/376 44/25/377 247/281/378
f 44/25/377 45/338/379 247/281/378
f 247/281/378 45/338/379 270/327/380
f 45/338/379 338/420/381 270/327/380
f 357/446/382 270/327/383 259/316/384
f 270/327/385 48/22/386 259/316/387
f 259/316/387 48/22/386 256/312/388
f 338/420/389 336/419/390 48/22/391
f 48/22/391 336/419/390 256/342/392
f 270/327/393 338/420/394 48/22/395
f 287/360/396 64/305/397 67/306/398
f 281/351/399 333/414/400 258/314/401
f 258/314/401 333/414/400 334/415/402
f 257/315/403 333/414/404 281/351/405
f 257/315/406 66/299/407 333/414/408
f 333/414/408 66/299/407 280/350/409
f 333/414/410 280/350/411 358/448/412
f 358/448/412 280/350/411 67/31/413
f 281/351/414 282/352/415 257/315/416
f 257/315/416 282/352/415 46/407/417
f 281/351/418 326/403/419 282/352/420
f 281/351/421 258/314/422 326/403/423
f 326/403/423 258/314/422 253/308/424
f 356/445/425 294/368/426 332/413/427
f 332/413/427 294/368/426 285/355/428
f 284/353/429 67/31/430 283/354/431
f 283/354/431 67/31/430 64/30/432
f 332/413/433 285/355/434 334/415/435
f 334/415/435 285/355/434 258/314/436
f 332/413/437 358/448/438 284/353/439
f 284/353/439 358/448/438 67/31/440
f 357/446/441 259/316/442 356/445/443
f 356/445/443 259/316/442 294/368/444
f 263/320/445 294/368/446 274/331/447
f 294/368/446 259/316/448 274/331/447
f 274/331/447 259/316/448 256/312/449
f 279/348/450 285/355/451 263/320/452
f 263/320/452 285/355/451 294/368/453
f 285/355/454 279/348/455 258/314/456
f 258/314/456 279/348/455 253/308/457
f 287/358/458 67/303/459 286/359/460
f 66/447/461 286/359/460 280/349/462
f 280/349/462 286/359/460 67/303/459
f 358/448/463 332/413/464 334/415/465
f 333/414/466 358/448/467 334/415/468
f 53/56/469 239/273/470 235/269/471
f 235/269/471 239/273/470 240/274/472
f 341/425/473 241/275/474 342/426/475
f 342/426/475 241/275/474 240/274/476
f 239/273/477 342/426/478 240/274/479
f 359/450/480 248/282/481 360/449/482
f 360/449/482 248/282/481 249/283/483
f 248/282/484 236/270/485 249/283/486
f 249/283/486 236/270/485 232/261/487
f 241/275/488 62/356/489 240/274/490
f 240/274/490 62/356/489 235/269/491
f 243/276/492 241/275/493 343/427/494
f 343/427/494 241/275/493 341/425/495
f 249/283/496 232/261/497 251/285/498
f 251/285/498 232/261/497 244/278/499
f 244/278/500 84/71/501 344/428/502
f 344/428/502 84/71/501 250/284/503
f 360/449/504 249/283/505 361/451/506
f 361/451/506 249/283/505 251/285/507
f 244/278/508 344/428/509 251/285/510
f 237/271/511 238/272/512 88/287/513
f 88/287/513 238/272/512 89/73/514
f 346/430/515 345/429/516 355/444/517
f 355/444/517 345/429/516 238/272/518
f 345/429/519 346/430/520 343/427/521
f 343/427/521 346/430/520 243/276/522
f 238/272/523 345/429/524 89/73/525
f 89/73/525 345/429/524 362/452/526
f 361/451/527 251/285/528 362/452/529
f 362/452/529 251/285/528 344/428/530
f 237/271/531 354/443/532 238/272/533
f 238/272/533 354/443/532 355/444/534
f 239/273/535 52/68/536 359/450/537
f 236/270/538 248/282/539 52/68/536
f 52/68/536 248/282/539 359/450/537
f 362/452/540 344/428/541 89/73/542
f 89/73/542 344/428/541 250/284/543
f 362/452/544 345/429/545 361/451/546
f 361/451/546 345/429/545 343/427/547
f 361/451/548 343/427/549 360/449/550
f 360/449/550 343/427/549 341/425/551
f 360/449/552 341/425/553 359/450/554
f 359/450/554 341/425/553 342/426/555
f 239/273/556 359/450/557 342/426/558
f 55/85/559 203/218/560 58/423/561
f 207/222/562 203/218/563 209/223/564
f 209/223/564 203/218/563 55/85/565
f 209/223/566 55/85/567 208/224/568
f 208/224/568 55/85/567 310/385/569
f 310/385/570 55/85/571 210/225/572
f 351/436/573 349/437/574 212/227/575
f 212/227/575 349/437/574 211/226/576
f 23/86/577 210/225/578 211/226/579
f 210/225/578 55/85/580 211/226/579
f 211/226/579 55/85/580 212/227/581
f 100/97/582 96/88/583 93/96/584
f 93/96/584 96/88/583 95/87/585
f 85/77/586 84/71/587 87/72/588
f 87/72/588 84/71/587 86/70/589
f 84/71/590 85/77/591 250/284/592
f 250/284/592 85/77/591 89/73/593
f 85/289/594 59/290/595 89/288/596
f 89/288/596 59/290/595 88/291/597
f 206/221/598 202/217/599 207/222/600
f 207/222/600 202/217/599 203/218/601
f 216/231/602 217/232/603 205/220/604
f 205/220/604 217/232/603 97/98/605
f 202/217/606 206/221/607 363/454/608
f 206/221/607 365/456/609 363/454/608
f 363/454/608 365/456/609 366/457/610
f 347/431/611 97/98/612 218/234/613
f 218/234/613 97/98/612 217/232/614
f 202/217/615 201/216/616 203/218/617
f 203/218/617 201/216/616 58/84/618
f 201/216/619 202/217/620 348/432/621
f 348/432/621 202/217/620 363/454/622
f 348/433/623 212/246/624 201/249/625
f 212/246/624 55/247/626 201/249/625
f 201/249/625 55/247/626 58/248/627
f 100/97/628 93/96/629 97/98/630
f 97/98/631 347/431/632 100/97/633
f 348/433/634 351/438/635 212/246/636
f 351/438/637 348/433/638 95/251/639
f 348/433/638 367/458/640 95/251/639
f 95/251/639 367/458/640 93/250/641
f 85/77/642 206/221/643 59/78/644
f 59/78/644 206/221/643 207/222/645
f 367/459/646 366/457/647 93/424/648
f 93/424/648 366/457/647 97/98/649
f 366/457/650 365/456/651 97/98/652
f 97/98/652 365/456/651 205/220/653
f 366/457/654 367/459/655 363/454/656
f 363/454/656 367/459/655 348/432/657
f 364/455/658 365/456/659 85/77/660
f 85/77/660 365/456/659 206/221/661
f 309/383/662 298/371/663 308/384/664
f 308/384/664 298/371/663 297/372/665
f 296/370/666 283/354/667 292/366/668
f 292/366/668 283/354/667 63/28/669
f 283/354/667 64/30/670 63/28/669
f 292/366/671 298/371/672 296/370/673
f 296/370/673 298/371/672 254/310/674
f 293/367/675 319/394/676 65/29/677
f 297/372/678 298/371/679 293/367/680
f 293/367/680 298/371/679 292/366/681
f 293/367/682 292/366/683 319/394/684
f 319/394/684 292/366/683 63/28/685
f 297/372/686 299/373/687 308/384/688
f 299/373/687 233/262/689 308/384/688
f 308/384/688 233/262/689 51/59/690
f 233/262/689 54/58/691 51/59/690
f 293/367/692 65/29/693 291/365/694
f 291/365/694 65/29/693 242/277/695
f 65/29/693 62/453/696 242/277/695
f 297/372/697 293/367/698 299/373/699
f 299/373/699 293/367/698 291/365/700
f 296/370/701 295/369/702 283/354/703
f 283/354/703 295/369/702 284/353/704
f 254/310/705 47/27/706 255/311/707
f 255/311/707 47/27/706 247/281/708
f 295/369/709 296/370/710 255/311/711
f 255/311/711 296/370/710 254/310/712
f 270/327/713 357/446/714 247/281/715
f 247/281/715 357/446/714 255/311/716
f 332/413/717 284/353/718 356/445/719
f 356/445/719 284/353/718 295/369/720
f 356/445/721 295/369/722 357/446/723
f 357/446/723 295/369/722 255/311/724
f 298/371/725 309/383/726 254/310/727
f 254/310/727 309/383/726 47/27/728
f 215/233/729 60/80/730 216/231/731
f 216/231/731 60/80/730 204/219/732
f 353/441/733 352/440/734 86/70/735
f 86/70/735 352/440/734 87/72/736
f 215/233/737 57/81/738 60/80/739
f 57/81/740 322/398/741 91/82/742
f 101/83/743 92/79/744 91/82/745
f 91/82/745 92/79/744 57/81/746
f 92/79/744 204/219/747 57/81/746
f 204/219/747 60/80/748 57/81/746
f 221/237/749 364/455/750 352/440/751
f 352/440/751 364/455/750 87/72/752
f 364/455/750 85/77/753 87/72/752
f 216/231/754 205/220/755 215/233/756
f 215/233/756 205/220/755 200/215/757
f 365/456/758 364/455/759 205/220/760
f 364/455/759 221/237/761 205/220/760
f 205/220/760 221/237/761 200/215/762
f 231/260/763 229/258/764 224/253/765
f 224/253/765 229/258/764 15/65/766
f 230/259/767 231/260/768 11/64/769
f 11/64/769 231/260/768 224/253/770
f 316/391/771 230/259/772 11/64/773
f 320/396/774 321/395/775 317/392/776
f 317/392/776 321/395/775 316/391/777
f 289/363/778 290/364/779 11/64/780
f 11/64/780 290/364/779 50/66/781
f 316/391/782 11/64/783 317/392/784
f 317/392/784 11/64/783 50/66/785
f 317/392/786 50/66/787 66/32/788
f 66/32/788 50/66/787 286/357/789
f 52/68/790 239/273/791 290/364/792
f 290/364/792 239/273/791 50/66/793
f 239/273/791 53/56/794 50/66/793
f 53/56/794 286/357/795 50/66/793
f 11/64/796 369/462/797 289/363/798
f 9/76/799 323/399/800 6/89/801
f 52/68/802 290/364/803 49/67/804
f 57/81/805 9/76/806 322/398/807
f 322/398/807 9/76/806 6/89/808
f 353/441/809 288/361/810 352/440/811
f 352/440/811 288/361/810 220/236/812
f 221/237/813 352/440/814 220/236/815
f 226/255/816 228/257/817 15/65/818
f 15/65/818 228/257/817 224/253/819
f 370/461/820 369/462/821 228/257/822
f 228/257/823 369/462/824 224/253/825
f 224/253/825 369/462/824 11/64/826
f 228/257/827 226/255/828 9/76/829
f 9/76/829 226/255/828 17/75/830
f 49/67/831 290/364/832 227/256/833
f 227/256/833 290/364/832 289/363/834
f 371/463/835 9/76/836 318/393/837
f 220/236/838 288/361/839 234/268/840
f 234/268/840 288/361/839 49/67/841
f 234/268/842 372/464/843 10/69/844
f 318/393/845 9/76/846 368/460/847
f 368/460/847 9/76/846 57/81/848
f 220/236/849 368/460/850 221/237/851
f 221/237/851 368/460/850 200/215/852
f 368/460/850 57/81/853 200/215/852
f 57/81/853 215/233/854 200/215/852
f 368/460/855 220/236/856 234/268/857
f 10/69/858 318/393/859 234/268/860
f 234/268/860 318/393/859 368/460/861
f 372/464/862 371/463/863 10/69/864
f 10/69/864 371/463/863 318/393/865
f 289/363/866 369/462/867 227/256/868
f 369/462/867 370/461/869 227/256/868
f 244/297/870 232/298/871 288/362/872
f 288/362/872 232/298/871 49/294/873
f 52/293/874 49/294/873 236/292/875
f 236/292/875 49/294/873 232/298/871
f 234/268/876 49/67/877 372/464/878
f 372/464/878 49/67/877 227/256/879
f 371/463/880 372/464/881 370/461/882
f 370/461/882 372/464/881 227/256/883
f 9/76/884 371/463/885 228/257/886
f 228/257/886 371/463/885 370/461/887
f 306/381/888 7/43/889 8/19/890
f 8/19/890 7/43/889 225/254/891
f 7/43/889 13/44/892 225/254/891
f 225/254/891 13/44/892 223/252/893
f 223/252/893 13/44/892 16/46/894
f 13/44/892 5/45/895 16/46/894
f 306/381/896 8/19/897 305/380/898
f 313/389/899 231/260/900 314/388/901
f 314/388/901 231/260/900 230/259/902
f 225/254/903 314/388/904 373/465/905
f 373/465/905 314/388/904 315/390/906
f 314/388/907 225/254/908 313/389/909
f 313/389/909 225/254/908 223/252/910
f 315/390/911 321/395/912 12/23/913
f 304/379/914 28/11/915 331/412/916
f 331/412/916 28/11/915 27/14/917
f 8/19/918 27/14/919 305/380/920
f 305/380/920 27/14/919 28/11/921
f 34/376/922 39/13/923 33/1/924
f 33/1/924 39/13/923 42/16/925
f 330/411/926 34/4/927 33/1/928
f 33/1/929 331/412/930 27/14/931
f 331/412/932 33/1/933 41/15/934
f 41/15/934 33/1/933 42/16/935
f 311/386/936 315/390/937 61/24/938
f 61/24/938 315/390/937 12/23/939
f 320/396/940 311/386/941 61/24/942
f 262/319/943 330/411/944 33/1/945
f 262/319/946 328/409/947 327/408/948
f 328/409/949 262/319/950 325/404/951
f 262/319/952 327/408/953 330/411/954
f 330/411/954 327/408/953 329/410/955
f 43/20/956 373/465/957 311/386/958
f 311/386/958 373/465/957 315/390/959
f 282/406/960 43/20/961 46/21/962
f 311/386/963 257/313/964 43/20/965
f 43/20/965 257/313/964 46/21/966
f 43/20/967 282/406/968 262/319/969
f 262/319/969 282/406/968 325/402/970
f 33/1/971 27/14/972 262/319/973
f 262/319/973 27/14/972 43/20/974
f 27/14/972 8/19/975 43/20/974
f 257/313/976 311/386/977 66/32/978
f 311/386/977 320/396/979 66/32/978
f 66/32/978 320/396/979 317/392/980
f 314/388/981 230/259/982 315/390/983
f 316/391/984 321/395/985 230/259/982
f 230/259/982 321/395/985 315/390/983
f 373/465/986 43/20/987 8/19/988
f 225/254/989 373/465/990 8/19/991
f 29/206/992 187/201/993 374/466/994
f 374/466/994 187/201/993 189/203/995
f 187/201/993 186/200/996 189/203/995
f 213/228/997 187/201/998 25/95/999
f 25/95/999 187/201/998 29/206/1000
f 454/588/1001 186/200/1002 102/230/1003
f 102/230/1003 186/200/1002 187/201/1004
f 187/201/1005 213/228/1006 102/230/1007
f 213/228/1006 350/439/1008 102/230/1007
f 222/238/1009 98/93/1010 350/439/1008
f 350/439/1008 98/93/1010 102/230/1007
f 462/597/1011 463/596/1012 400/508/1013
f 400/508/1013 463/596/1012 406/514/1014
f 468/214/1015 467/604/1016 462/597/1017
f 462/597/1017 467/604/1016 463/596/1018
f 404/512/1019 407/515/1020 415/523/1021
f 415/523/1021 407/515/1020 412/520/1022
f 467/604/1023 468/214/1024 412/520/1025
f 412/520/1025 468/214/1024 415/523/1026
f 471/209/1027 470/210/1028 404/512/1029
f 404/512/1029 470/210/1028 407/515/1030
f 80/99/1031 82/102/1032 481/618/1033
f 481/618/1033 82/102/1032 81/101/1034
f 13/44/1035 14/47/1036 5/45/1037
f 5/45/1037 14/47/1036 4/49/1038
f 13/44/1039 7/43/1040 14/47/1041
f 14/47/1041 7/43/1040 79/48/1042
f 80/99/1043 481/618/1044 487/626/1045
f 487/626/1045 481/618/1044 78/100/1046
f 488/628/1047 489/629/1048 78/100/1049
f 78/100/1049 489/629/1048 487/626/1050
f 493/634/1051 490/630/1052 492/633/1053
f 492/633/1053 490/630/1052 491/631/1054
f 488/628/1055 473/607/1056 489/629/1057
f 489/629/1057 473/607/1056 474/606/1058
f 490/630/1059 14/52/1060 491/631/1061
f 491/631/1061 14/52/1060 79/54/1062
f 493/634/1063 492/633/1064 473/607/1065
f 473/607/1065 492/633/1064 474/606/1066
f 388/488/1067 495/637/1068 449/577/1069
f 449/577/1070 382/482/1071 388/488/1072
f 388/488/1072 382/482/1071 380/480/1073
f 496/638/1074 380/480/1075 382/482/1076
f 446/573/1077 447/575/1078 380/480/1079
f 380/480/1079 447/575/1078 385/485/1080
f 445/574/1081 446/573/1082 496/638/1083
f 496/638/1083 446/573/1082 380/480/1084
f 497/639/1085 446/573/1086 445/574/1087
f 446/573/1088 497/639/1089 379/479/1090
f 379/479/1090 497/639/1089 383/483/1091
f 447/575/1092 446/573/1093 384/484/1094
f 384/484/1094 446/573/1093 379/479/1095
f 498/640/1096 379/479/1097 383/483/1098
f 183/196/1099 188/202/1100 189/203/1101
f 179/192/1102 506/648/1103 183/196/1104
f 188/202/1105 183/196/1104 199/205/1106
f 199/205/1106 183/196/1104 506/648/1103
f 374/466/1107 189/203/1108 199/468/1109
f 199/468/1109 189/203/1108 188/467/1110
f 179/192/1111 507/649/1112 198/191/1113
f 506/648/1114 179/192/1115 198/191/1116
f 165/176/1117 416/525/1118 167/178/1119
f 471/209/1120 472/208/1121 167/529/1122
f 167/529/1122 472/208/1121 165/528/1123
f 415/523/1124 414/522/1125 404/512/1126
f 404/512/1126 414/522/1125 402/510/1127
f 170/181/1128 416/525/1129 166/177/1130
f 416/525/1129 165/176/1131 166/177/1130
f 166/177/1130 165/176/1131 164/175/1132
f 468/214/1133 469/213/1134 415/523/1135
f 415/523/1135 469/213/1134 414/522/1136
f 472/208/1137 471/209/1138 402/510/1139
f 402/510/1139 471/209/1138 404/512/1140
f 425/547/1141 511/653/1142 426/549/1143
f 503/645/1144 504/646/1145 196/174/1146
f 505/647/1147 503/645/1148 196/174/1149
f 179/192/1150 174/186/1151 507/649/1152
f 507/649/1152 174/186/1151 197/185/1153
f 183/196/1154 181/194/1155 179/192/1156
f 179/192/1156 181/194/1155 174/186/1157
f 181/194/1155 175/187/1158 174/186/1157
f 503/645/1159 505/647/1160 174/186/1161
f 174/186/1161 505/647/1160 197/185/1162
f 175/187/1163 417/536/1164 174/186/1165
f 425/547/1166 426/549/1167 417/536/1164
f 503/645/1168 174/186/1165 426/549/1167
f 426/549/1167 174/186/1165 417/536/1164
f 425/547/1169 419/538/1170 511/653/1171
f 511/653/1171 419/538/1170 166/177/1172
f 419/538/1170 170/181/1173 166/177/1172
f 510/654/1174 511/653/1175 164/175/1176
f 164/175/1176 511/653/1175 166/177/1177
f 464/598/1178 462/597/1179 401/526/1180
f 401/526/1180 462/597/1179 400/508/1181
f 469/213/1182 468/214/1183 464/598/1184
f 464/598/1184 468/214/1183 462/597/1185
f 510/652/1186 464/599/1187 427/550/1188
f 511/653/1189 510/654/1190 426/549/1191
f 426/549/1191 510/654/1190 427/548/1192
f 464/599/1193 510/652/1194 469/212/1195
f 510/652/1194 164/527/1196 469/212/1195
f 469/212/1195 164/527/1196 414/533/1197
f 414/533/1197 164/527/1196 402/532/1198
f 402/532/1198 164/527/1196 472/207/1199
f 164/527/1196 165/531/1200 472/207/1199
f 405/513/1201 399/507/1202 406/514/1203
f 406/514/1203 399/507/1202 400/508/1204
f 399/507/1205 163/530/1206 400/508/1207
f 400/508/1207 163/530/1206 401/526/1208
f 162/172/1209 503/645/1210 427/548/1211
f 427/548/1211 503/645/1210 426/549/1212
f 427/550/1213 464/599/1214 162/509/1215
f 464/599/1214 401/534/1216 162/509/1215
f 162/509/1215 401/534/1216 163/535/1217
f 503/645/1218 162/172/1219 504/646/1220
f 504/646/1220 162/172/1219 424/546/1221
f 162/172/1222 512/655/1223 424/546/1224
f 500/642/1225 501/643/1226 498/640/1227
f 498/640/1227 501/643/1226 379/479/1228
f 499/641/1229 384/484/1230 501/643/1231
f 501/643/1231 384/484/1230 379/479/1232
f 113/117/1233 115/120/1234 136/143/1235
f 136/143/1235 115/120/1234 138/145/1236
f 114/118/1237 137/144/1238 116/121/1239
f 116/121/1239 137/144/1238 139/146/1240
f 136/143/1241 137/144/1242 113/117/1243
f 113/117/1243 137/144/1242 114/118/1244
f 192/116/1245 113/117/1246 106/109/1247
f 114/118/1248 517/660/1249 113/117/1246
f 106/109/1247 113/117/1246 517/660/1249
f 116/121/1250 139/146/1251 115/120/1252
f 115/120/1252 139/146/1251 138/145/1253
f 191/119/1254 516/659/1255 192/116/1256
f 192/116/1256 516/659/1255 113/117/1257
f 516/659/1255 515/658/1258 113/117/1257
f 515/658/1258 115/120/1259 113/117/1257
f 103/106/1260 517/660/1261 116/121/1262
f 116/121/1262 517/660/1261 114/118/1263
f 103/106/1264 116/121/1265 515/658/1266
f 515/658/1266 116/121/1265 115/120/1267
f 501/643/1268 500/642/1269 103/106/1270
f 103/106/1270 500/642/1269 106/109/1271
f 501/643/1272 103/106/1273 499/641/1274
f 499/641/1274 103/106/1273 376/476/1275
f 103/106/1276 516/659/1277 191/119/1278
f 516/659/1279 103/106/1280 515/658/1281
f 517/660/1282 103/106/1283 106/109/1284
f 403/511/1285 413/521/1286 407/515/1287
f 407/515/1287 413/521/1286 412/520/1288
f 470/210/1289 403/511/1290 407/515/1291
f 388/488/1292 380/480/1293 387/487/1294
f 387/487/1294 380/480/1293 385/485/1295
f 461/595/1296 458/592/1297 457/591/1298
f 386/486/1299 457/591/1300 387/487/1301
f 423/542/1302 387/487/1301 458/592/1303
f 458/592/1303 387/487/1301 457/591/1300
f 461/595/1304 460/594/1305 121/127/1306
f 121/127/1306 460/594/1305 394/499/1307
f 461/595/1308 121/127/1309 117/122/1310
f 458/592/1311 461/595/1312 117/122/1313
f 458/592/1314 117/122/1315 423/542/1316
f 121/127/1317 522/665/1318 117/122/1319
f 118/123/1320 478/612/1321 477/611/1322
f 522/665/1323 118/123/1324 117/122/1325
f 107/110/1326 108/111/1327 132/139/1328
f 132/139/1328 108/111/1327 131/138/1329
f 112/115/1330 133/140/1331 108/111/1332
f 108/111/1332 133/140/1331 131/138/1333
f 110/113/1334 107/110/1335 134/141/1336
f 134/141/1336 107/110/1335 132/139/1337
f 107/110/1338 105/108/1339 108/111/1340
f 108/111/1340 105/108/1339 524/667/1341
f 451/579/1342 450/578/1343 105/108/1344
f 105/108/1344 450/578/1343 104/107/1345
f 450/578/1346 451/579/1347 388/488/1348
f 388/488/1348 451/579/1347 495/637/1349
f 104/107/1350 450/578/1351 423/542/1352
f 423/542/1352 450/578/1351 387/487/1353
f 450/578/1351 388/488/1354 387/487/1353
f 111/114/1355 109/112/1356 112/115/1357
f 112/115/1357 109/112/1356 110/113/1358
f 109/112/1359 105/108/1360 110/113/1361
f 110/113/1361 105/108/1360 107/110/1362
f 111/114/1363 524/667/1364 104/107/1365
f 111/114/1366 118/123/1367 523/666/1368
f 523/666/1368 118/123/1367 477/611/1369
f 423/542/1370 117/122/1371 104/107/1372
f 104/107/1372 117/122/1371 111/114/1373
f 117/122/1371 118/123/1374 111/114/1373
f 111/114/1375 523/666/1376 109/112/1377
f 524/667/1378 105/108/1379 104/107/1380
f 524/667/1381 111/114/1382 108/111/1383
f 108/111/1383 111/114/1382 112/115/1384
f 170/181/1385 419/538/1386 452/580/1387
f 452/580/1387 419/538/1386 421/540/1388
f 420/539/1389 421/540/1390 417/536/1391
f 417/536/1391 421/540/1390 425/547/1392
f 421/540/1390 419/538/1393 425/547/1392
f 452/580/1394 421/540/1395 453/581/1396
f 453/581/1396 421/540/1395 418/537/1397
f 408/516/1398 470/210/1399 168/179/1400
f 168/179/1400 470/210/1399 167/529/1401
f 470/210/1399 471/209/1402 167/529/1401
f 159/168/1403 508/650/1404 156/165/1405
f 509/651/1406 159/168/1407 156/165/1408
f 452/580/1409 422/541/1410 170/181/1411
f 170/181/1411 422/541/1410 171/182/1412
f 170/504/1413 171/505/1414 416/524/1415
f 171/505/1414 168/506/1416 416/524/1415
f 416/524/1415 168/506/1416 167/503/1417
f 470/210/1418 408/516/1419 403/511/1420
f 403/511/1420 408/516/1419 154/163/1421
f 154/163/1422 521/664/1423 155/164/1424
f 453/581/1425 172/183/1426 452/580/1427
f 452/580/1427 172/183/1426 422/541/1428
f 159/168/1429 509/651/1430 158/167/1431
f 158/167/1431 509/651/1430 157/166/1432
f 432/555/1433 173/184/1434 176/188/1435
f 529/674/1436 173/184/1437 528/673/1438
f 528/673/1438 173/184/1437 432/555/1439
f 529/674/1440 172/183/1441 173/184/1442
f 528/673/1443 158/167/1444 529/674/1445
f 529/674/1445 158/167/1444 157/166/1446
f 172/183/1447 529/674/1448 422/541/1449
f 529/674/1448 157/166/1450 422/541/1449
f 422/541/1449 157/166/1450 171/182/1451
f 171/182/1451 157/166/1450 168/179/1452
f 154/163/1453 408/516/1454 521/664/1455
f 521/664/1455 408/516/1454 508/650/1456
f 408/516/1454 168/179/1452 508/650/1456
f 157/166/1450 509/651/1457 168/179/1452
f 509/651/1457 156/165/1458 168/179/1452
f 156/165/1458 508/650/1456 168/179/1452
f 465/601/1459 530/675/1460 151/602/1461
f 530/675/1460 531/676/1462 151/602/1461
f 151/160/1463 406/514/1464 465/600/1465
f 465/600/1465 406/514/1464 463/596/1466
f 463/596/1467 467/604/1468 465/600/1469
f 465/600/1469 467/604/1468 466/211/1470
f 151/160/1471 152/161/1472 406/514/1473
f 406/514/1473 152/161/1472 405/513/1474
f 413/521/1475 411/519/1476 412/520/1477
f 412/520/1477 411/519/1476 467/604/1478
f 411/519/1476 466/211/1479 467/604/1478
f 530/675/1480 465/601/1481 410/518/1482
f 465/601/1481 466/603/1483 410/518/1482
f 410/518/1482 466/603/1483 411/519/1484
f 530/675/1485 410/518/1486 127/134/1487
f 531/676/1488 530/675/1489 127/134/1490
f 186/200/1491 185/199/1492 190/204/1493
f 183/470/1494 189/473/1495 190/471/1496
f 190/471/1496 189/473/1495 186/474/1497
f 417/536/1498 175/187/1499 420/539/1500
f 175/187/1499 181/194/1501 420/539/1500
f 420/539/1500 181/194/1501 182/195/1502
f 182/472/1503 181/469/1504 190/471/1505
f 190/471/1505 181/469/1504 183/470/1506
f 428/551/1507 525/668/1508 185/199/1509
f 185/199/1509 525/668/1508 190/204/1510
f 525/668/1508 533/678/1511 190/204/1510
f 182/195/1512 190/204/1513 180/193/1514
f 190/204/1513 533/678/1515 180/193/1514
f 180/193/1514 533/678/1515 534/679/1516
f 429/552/1517 177/189/1518 525/668/1519
f 525/668/1519 177/189/1518 178/190/1520
f 429/584/1521 527/671/1522 534/680/1523
f 534/680/1523 527/671/1522 180/583/1524
f 525/668/1525 428/551/1526 430/553/1527
f 526/669/1528 429/552/1529 430/553/1530
f 430/553/1530 429/552/1529 525/668/1531
f 527/671/1532 429/584/1533 526/670/1534
f 526/669/1535 430/553/1536 173/184/1537
f 173/184/1537 430/553/1536 176/188/1538
f 527/671/1539 526/670/1540 418/582/1541
f 526/670/1540 173/585/1542 418/582/1541
f 418/582/1541 173/585/1542 453/587/1543
f 173/585/1542 172/586/1544 453/587/1543
f 214/229/1545 428/551/1546 454/588/1547
f 185/199/1548 186/200/1549 428/551/1546
f 428/551/1546 186/200/1549 454/588/1547
f 421/540/1550 420/539/1551 418/537/1552
f 418/537/1552 420/539/1551 527/672/1553
f 180/193/1554 527/672/1553 182/195/1555
f 182/195/1555 527/672/1553 420/539/1551
f 533/678/1556 525/668/1557 178/190/1558
f 534/679/1559 533/678/1560 177/189/1561
f 177/189/1561 533/678/1560 178/190/1562
f 429/552/1563 534/681/1564 177/189/1565
f 98/93/1566 347/431/1567 219/235/1568
f 219/235/1568 347/431/1567 218/234/1569
f 324/401/1570 102/230/1571 219/235/1572
f 219/235/1572 102/230/1571 98/93/1573
f 455/589/1574 454/588/1575 324/401/1576
f 324/401/1576 454/588/1575 102/230/1577
f 90/264/1578 101/265/1579 322/397/1580
f 322/397/1580 101/265/1579 91/266/1581
f 1/263/1582 90/264/1583 323/400/1584
f 323/400/1584 90/264/1583 322/397/1585
f 101/83/1586 90/91/1587 99/94/1588
f 99/94/1589 219/235/1590 101/83/1591
f 101/83/1591 219/235/1590 218/234/1592
f 9/76/1593 17/75/1594 323/399/1595
f 323/399/1595 17/75/1594 1/90/1596
f 1/90/1597 99/94/1598 90/91/1599
f 219/235/1600 99/94/1601 324/401/1602
f 324/401/1602 99/94/1601 21/198/1603
f 21/198/1604 455/589/1605 324/401/1606
f 455/589/1607 21/198/1608 456/590/1609
f 456/590/1609 21/198/1608 535/682/1610
f 5/45/1611 4/49/1612 16/46/1613
f 4/49/1612 2/51/1614 16/46/1613
f 16/46/1613 2/51/1614 312/387/1615
f 312/387/1615 2/51/1614 229/258/1616
f 229/258/1616 2/51/1614 15/65/1617
f 15/65/1617 2/51/1614 226/255/1618
f 226/255/1618 2/51/1614 17/75/1619
f 2/51/1614 1/90/1620 17/75/1619
f 78/50/1621 481/617/1622 2/51/1623
f 481/617/1622 81/53/1624 2/51/1623
f 2/51/1623 81/53/1624 3/159/1625
f 99/94/1626 1/90/1627 21/198/1628
f 21/198/1628 1/90/1627 535/682/1629
f 2/51/1630 4/49/1631 78/50/1632
f 14/47/1633 490/632/1634 4/49/1631
f 488/627/1635 78/50/1632 473/605/1636
f 78/50/1632 4/49/1631 473/605/1636
f 493/635/1637 473/605/1636 490/632/1634
f 490/632/1634 473/605/1636 4/49/1631
f 1/90/1638 2/51/1639 535/682/1640
f 535/682/1640 2/51/1639 3/159/1641
f 536/700/1642 378/478/1643 537/701/1644
f 537/701/1644 378/478/1643 375/475/1645
f 381/481/1646 448/576/1647 396/498/1648
f 396/498/1648 448/576/1647 538/699/1649
f 448/576/1647 378/478/1650 538/699/1649
f 378/478/1650 536/700/1651 538/699/1649
f 381/481/1652 385/485/1653 448/576/1654
f 448/576/1654 385/485/1653 447/575/1655
f 447/575/1656 384/484/1657 448/576/1658
f 448/576/1658 384/484/1657 378/478/1659
f 537/701/1660 375/475/1661 539/702/1662
f 539/702/1662 375/475/1661 120/126/1663
f 393/496/1664 392/495/1665 377/477/1666
f 377/477/1666 392/495/1665 130/137/1667
f 123/129/1668 502/644/1669 194/128/1670
f 540/703/1671 119/125/1672 541/687/1673
f 541/687/1673 119/125/1672 514/657/1674
f 161/171/1675 513/656/1676 195/170/1677
f 540/704/1678 539/702/1679 119/125/1680
f 119/125/1680 539/702/1679 120/126/1681
f 161/171/1682 152/161/1683 130/543/1684
f 162/172/1685 161/171/1686 512/655/1687
f 512/655/1687 161/171/1686 195/170/1688
f 161/171/1689 162/172/1690 152/161/1691
f 152/161/1691 162/172/1690 405/513/1692
f 405/513/1692 162/172/1690 399/507/1693
f 162/172/1690 163/173/1694 399/507/1693
f 161/171/1695 123/129/1696 513/656/1697
f 513/656/1697 123/129/1696 194/128/1698
f 514/657/1699 119/125/1700 193/124/1701
f 375/475/1702 378/478/1703 376/476/1704
f 376/476/1704 378/478/1703 499/641/1705
f 378/478/1703 384/484/1706 499/641/1705
f 375/475/1707 376/476/1708 120/126/1709
f 120/126/1709 376/476/1708 119/125/1710
f 193/124/1711 119/125/1712 191/119/1713
f 191/119/1713 119/125/1712 103/106/1714
f 119/125/1712 376/476/1715 103/106/1714
f 459/593/1716 457/591/1717 396/498/1718
f 457/591/1717 386/486/1719 396/498/1718
f 396/498/1718 386/486/1719 381/481/1720
f 460/594/1721 461/595/1722 459/593/1723
f 459/593/1723 461/595/1722 457/591/1724
f 387/487/1725 385/485/1726 386/486/1727
f 386/486/1727 385/485/1726 381/481/1728
f 541/705/1729 502/644/1730 540/688/1731
f 540/688/1731 502/644/1730 123/129/1732
f 539/686/1733 540/689/1734 392/495/1735
f 540/689/1734 123/545/1736 392/495/1735
f 392/495/1735 123/545/1736 130/137/1737
f 123/545/1736 161/544/1738 130/137/1737
f 539/686/1739 392/495/1740 537/683/1741
f 537/683/1741 392/495/1740 393/496/1742
f 537/683/1743 393/496/1744 536/684/1745
f 536/684/1745 393/496/1744 395/497/1746
f 538/685/1747 536/684/1748 395/497/1749
f 127/134/1750 410/518/1751 126/133/1752
f 126/133/1752 410/518/1751 409/517/1753
f 532/677/1754 531/676/1755 126/133/1756
f 126/133/1756 531/676/1755 127/134/1757
f 409/517/1758 532/677/1759 126/133/1760
f 395/497/1761 393/496/1762 129/136/1763
f 129/136/1763 393/496/1762 377/477/1764
f 538/699/1765 543/698/1766 396/498/1767
f 152/566/1768 151/567/1769 130/565/1770
f 130/565/1770 151/567/1769 377/569/1771
f 151/567/1769 129/568/1772 377/569/1771
f 129/136/1773 151/602/1774 128/135/1775
f 151/602/1774 531/676/1776 128/135/1775
f 128/135/1775 531/676/1776 532/677/1777
f 395/497/1778 129/136/1779 538/685/1780
f 391/491/1781 543/690/1782 129/136/1779
f 129/136/1779 543/690/1782 538/685/1780
f 532/677/1783 544/692/1784 128/135/1785
f 150/105/1786 480/616/1787 486/625/1788
f 486/625/1788 480/616/1787 148/104/1789
f 146/153/1790 141/151/1791 145/152/1792
f 145/152/1792 141/151/1791 142/150/1793
f 482/621/1794 483/620/1795 145/103/1796
f 145/103/1796 483/620/1795 146/157/1797
f 148/104/1798 81/101/1799 486/625/1800
f 486/625/1800 81/101/1799 82/102/1801
f 494/636/1802 479/614/1803 476/610/1804
f 476/610/1804 479/614/1803 475/609/1805
f 547/726/1806 480/616/1807 546/728/1808
f 546/728/1808 480/616/1807 150/105/1809
f 484/623/1810 485/624/1811 482/621/1812
f 482/621/1812 485/624/1811 483/620/1813
f 479/614/1814 494/636/1815 484/623/1816
f 484/623/1816 494/636/1815 485/624/1817
f 444/572/1818 443/571/1819 434/557/1820
f 434/557/1820 443/571/1819 441/563/1821
f 549/723/1822 548/722/1823 433/556/1824
f 433/556/1824 548/722/1823 153/162/1825
f 548/722/1826 550/721/1827 153/162/1828
f 153/162/1828 550/721/1827 122/131/1829
f 155/164/1830 153/162/1831 442/570/1832
f 442/570/1832 153/162/1831 122/131/1833
f 550/721/1834 551/720/1835 122/131/1836
f 552/719/1837 442/570/1838 551/720/1839
f 551/720/1839 442/570/1838 122/131/1840
f 121/127/1841 394/499/1842 522/665/1843
f 522/665/1843 394/499/1842 124/130/1844
f 394/499/1842 390/490/1845 124/130/1844
f 390/490/1845 125/132/1846 124/130/1844
f 520/663/1847 124/130/1848 439/562/1849
f 443/571/1850 520/663/1851 439/562/1852
f 443/571/1853 444/572/1854 520/663/1855
f 520/663/1855 444/572/1854 118/123/1856
f 118/123/1857 522/665/1858 520/663/1859
f 520/663/1859 522/665/1858 124/130/1860
f 438/561/1861 437/560/1862 436/559/1863
f 436/559/1863 437/560/1862 435/558/1864
f 147/154/1865 145/152/1866 143/149/1867
f 143/149/1867 145/152/1866 142/150/1868
f 433/556/1869 437/560/1870 160/169/1871
f 160/169/1871 437/560/1870 438/561/1872
f 553/724/1873 549/723/1874 160/169/1875
f 160/169/1875 549/723/1874 433/556/1876
f 441/563/1877 440/564/1878 434/557/1879
f 434/557/1879 440/564/1878 144/148/1880
f 118/123/1881 444/572/1882 478/612/1883
f 478/612/1883 444/572/1882 141/151/1884
f 444/572/1882 434/557/1885 141/151/1884
f 141/151/1884 434/557/1885 142/150/1886
f 434/557/1885 144/148/1887 142/150/1886
f 144/148/1887 143/149/1888 142/150/1886
f 454/588/1889 455/589/1890 214/229/1891
f 214/229/1891 455/589/1890 184/197/1892
f 159/168/1893 153/162/1894 508/650/1895
f 508/650/1895 153/162/1894 521/664/1896
f 521/664/1897 153/162/1898 155/164/1899
f 431/554/1900 169/180/1901 528/673/1902
f 528/673/1902 169/180/1901 158/167/1903
f 435/558/1904 158/167/1905 436/559/1906
f 436/559/1906 158/167/1905 169/180/1907
f 153/162/1908 159/168/1909 433/556/1910
f 433/556/1910 159/168/1909 437/560/1911
f 437/560/1911 159/168/1909 435/558/1912
f 159/168/1909 158/167/1913 435/558/1912
f 432/555/1914 176/188/1915 431/554/1916
f 431/554/1916 176/188/1915 184/197/1917
f 431/554/1918 528/673/1919 432/555/1920
f 411/519/1921 519/662/1922 410/518/1923
f 518/661/1924 519/662/1925 554/718/1926
f 442/570/1927 552/719/1928 519/662/1925
f 552/719/1928 554/718/1926 519/662/1925
f 442/570/1929 519/662/1930 155/164/1931
f 519/662/1930 411/519/1932 155/164/1931
f 411/519/1932 413/521/1933 155/164/1931
f 413/521/1933 403/511/1934 155/164/1931
f 155/164/1931 403/511/1934 154/163/1935
f 430/553/1936 428/551/1937 176/188/1938
f 428/551/1937 214/229/1939 176/188/1938
f 176/188/1938 214/229/1939 184/197/1940
f 455/589/1941 456/590/1942 184/197/1943
f 456/590/1944 149/155/1945 184/197/1946
f 3/159/1947 149/155/1948 535/682/1949
f 535/682/1949 149/155/1948 456/590/1950
f 148/156/1951 149/155/1952 81/158/1953
f 81/158/1953 149/155/1952 3/159/1954
f 148/156/1955 480/615/1956 149/155/1957
f 555/725/1958 149/155/1957 547/727/1959
f 149/155/1957 480/615/1956 547/727/1959
f 555/716/1960 147/154/1961 553/713/1962
f 553/713/1962 147/154/1961 440/564/1963
f 143/149/1964 144/148/1965 147/154/1961
f 147/154/1961 144/148/1965 440/564/1963
f 532/677/1966 409/517/1967 544/692/1968
f 544/692/1968 409/517/1967 389/493/1969
f 410/518/1970 519/662/1971 409/517/1972
f 409/517/1972 519/662/1971 518/661/1973
f 389/493/1974 409/517/1975 518/661/1976
f 398/502/1977 460/594/1978 459/593/1979
f 398/502/1980 390/490/1981 460/594/1982
f 460/594/1982 390/490/1981 394/499/1983
f 397/501/1984 125/494/1985 398/502/1986
f 398/502/1986 125/494/1985 390/490/1987
f 389/489/1988 397/501/1989 545/696/1990
f 545/696/1990 397/501/1989 542/697/1991
f 397/501/1989 398/502/1992 542/697/1991
f 545/696/1993 544/695/1994 389/489/1995
f 542/691/1996 543/690/1997 391/491/1998
f 397/500/1999 389/493/2000 554/718/2001
f 554/718/2001 389/493/2000 518/661/2002
f 545/693/2003 542/691/2004 391/491/2005
f 553/724/2006 160/169/2007 555/725/2008
f 160/169/2007 438/561/2009 555/725/2008
f 438/561/2009 436/559/2010 555/725/2008
f 555/725/2008 436/559/2010 149/155/2011
f 436/559/2010 169/180/2012 149/155/2011
f 184/197/2013 149/155/2011 431/554/2014
f 169/180/2012 431/554/2014 149/155/2011
f 125/132/2015 397/717/2016 124/130/2017
f 124/130/2017 397/717/2016 554/714/2018
f 398/502/2019 459/593/2020 542/697/2021
f 396/498/2022 543/698/2023 459/593/2020
f 459/593/2020 543/698/2023 542/697/2021
f 128/492/2024 544/694/2025 129/136/2026
f 391/491/2027 129/136/2026 545/693/2028
f 129/136/2026 544/694/2025 545/693/2028
f 547/707/2029 546/706/2030 475/609/2031
f 475/609/2031 546/706/2030 476/610/2032
f 547/715/2033 475/608/2034 555/716/2035
f 555/716/2035 475/608/2034 147/154/2036
f 475/608/2034 479/613/2037 147/154/2036
f 145/152/2038 147/154/2036 482/619/2039
f 147/154/2036 479/613/2037 482/619/2039
f 479/613/2037 484/622/2040 482/619/2039
f 549/708/2041 553/713/2042 441/563/2043
f 441/563/2043 553/713/2042 440/564/2044
f 548/709/2045 549/708/2046 443/571/2047
f 443/571/2047 549/708/2046 441/563/2048
f 550/710/2049 548/709/2050 439/562/2051
f 439/562/2051 548/709/2050 443/571/2052
f 550/710/2053 439/562/2054 551/711/2055
f 551/711/2055 439/562/2054 124/130/2056
f 552/712/2057 551/711/2058 124/130/2059
f 554/714/2060 552/712/2061 124/130/2062
