# This file uses centimeters as units for non-parametric coordinates.

v 65.473030 38.747467 29.410545
v 66.738693 38.479122 26.545391
v 67.570091 37.063728 25.550394
v 67.864174 34.556595 25.823185
v 66.397133 32.816601 29.355988
v 65.522385 32.445213 31.619164
v 65.125763 38.265430 30.992050
v 65.109352 32.551216 32.753620
v 64.563133 39.195545 32.393021
v 63.585094 33.183594 37.850140
v 63.998409 39.237259 34.900299
v 64.324135 38.715954 33.950024
v 64.430435 32.059364 35.067436
v 63.093578 32.872032 39.747173
v 62.883129 33.267204 40.376316
v 62.766670 39.337479 39.098885
v 62.592369 33.174393 41.448730
v 62.227436 38.780819 40.942974
v 60.838871 40.335518 43.104248
v 62.552170 32.465828 42.465153
v 62.305138 31.980659 43.505245
v 61.961807 31.392559 44.627007
v 60.790447 31.338711 46.761398
v 60.287167 33.081821 48.392475
v 59.044407 41.248493 45.910130
v 59.955917 33.454460 49.969067
v 58.304989 40.973011 52.300285
v 59.761967 33.096931 51.363400
v 59.565136 33.714069 52.542625
v 59.294258 33.639320 53.918812
v 58.703197 33.003910 56.130554
v 58.267963 39.998169 58.570339
v 58.412163 31.812611 57.765961
v 58.297516 31.105820 58.358318
v 57.978821 30.635765 59.243790
v 57.906685 31.115414 60.767681
v 58.460697 32.391930 56.445045
v 58.466652 31.837231 57.296734
v 58.002556 37.851013 70.097237
v 57.641209 35.370468 72.259010
v 57.649506 30.809776 61.207096
v 56.593166 31.058510 64.851616
v 56.253304 33.042511 74.170425
v 53.147659 36.074497 79.365112
v 49.829174 36.722301 80.938828
v 49.787903 38.021996 80.638397
v 54.219498 38.069092 78.315063
v 55.704350 33.636112 75.969307
v 47.476204 36.826862 81.770592
v 47.620770 37.196411 81.476143
v 57.164833 30.917622 62.809715
v 56.901497 30.955219 63.735245
v 49.782547 35.499954 81.106819
v 47.383579 35.963768 81.661949
v 46.932747 36.160706 81.677681
v 47.045330 36.458748 81.743942
v -84.750214 33.686485 -3.326935
v -83.756180 27.744617 -2.976444
v -85.273407 30.831608 -9.322987
v -85.790215 32.001789 -9.782505
v -85.803192 32.705597 -8.622692
v -84.312531 33.186363 -1.628437
v -83.230133 27.477242 -0.373394
v -83.027489 27.625553 0.868450
v -84.177795 34.142811 -0.191109
v -82.190392 28.469749 6.218267
v -82.489052 27.228210 3.415003
v -83.757248 33.638260 1.421429
v -83.650757 34.180511 2.381386
v -82.792976 34.589989 6.854412
v -81.754539 28.769024 8.870487
v -81.789642 28.314312 8.247278
v -82.271103 34.030323 8.910248
v -81.517090 28.623623 10.021955
v -82.031769 35.665627 11.410518
v -80.527275 26.664730 13.535053
v -80.870010 27.251896 12.231903
v -81.176697 27.785767 11.073696
v -80.081192 26.803406 16.089733
v -81.570580 36.925152 14.671804
v -80.158257 28.505928 17.290615
v -80.487152 36.545856 19.653357
v -79.992294 28.886082 18.553719
v -79.687622 29.173759 20.482265
v -79.718826 28.547453 19.716988
v -79.639938 35.597515 23.744751
v -79.101295 28.872456 23.380280
v -79.497070 29.201370 21.543444
v -78.693977 27.941967 24.707787
v -78.263420 27.712019 26.827568
v -78.318138 27.125080 25.972328
v -78.503723 27.373150 25.200226
v -79.051483 33.989498 25.950953
v -78.749443 27.924309 24.389580
v -78.935295 28.403042 23.835518
v -78.502594 32.060284 27.820814
v -78.151070 27.566864 27.299820
v -77.676727 28.712193 30.344116
v -77.687141 28.065842 29.930260
v -78.341553 30.230797 32.831455
v -77.675476 32.823612 30.288893
v -79.497330 32.715488 33.341335
v -79.467575 32.375553 33.400085
v -77.571892 29.712706 31.415798
v -80.164886 32.454788 34.536358
v -80.435852 32.236668 35.234619
v -77.956299 27.807583 28.478947
v -77.829849 27.896160 29.142269
v -80.567795 32.208900 35.578255
v -80.743210 31.949314 35.984344
v -80.682549 31.763741 36.061722
v -79.554924 31.229218 34.270596
v -81.254395 32.226631 36.651344
v -79.601898 25.619576 37.177799
v -80.507622 28.148682 29.259401
v -80.972893 29.617939 28.599174
v -80.960060 30.687996 29.304209
v -80.640579 31.904770 38.925358
v -78.649971 24.693939 40.793678
v -78.214172 24.744719 42.896122
v -80.474251 33.325825 41.124432
v -76.282318 26.157928 52.630577
v -77.020630 24.278477 47.508308
v -79.637405 32.840675 43.974991
v -79.383430 33.645756 45.719341
v -77.460510 34.471512 53.772358
v -75.281967 26.733818 57.431145
v -75.384132 26.074642 56.292831
v -76.323837 33.842064 57.477924
v -74.751663 26.619011 59.532673
v -76.987427 36.064240 64.551414
v -72.006126 24.150686 65.985565
v -73.353088 24.950588 63.634197
v -74.022415 25.567856 61.467876
v -68.266243 24.607723 69.272102
v -72.396111 38.102158 68.857704
v -66.969223 27.030842 71.148552
v -65.320015 37.627018 75.851707
v -65.207909 27.677059 72.836655
v -62.961834 27.780163 75.916420
v -63.391838 27.343300 74.251831
v -58.553852 36.781342 80.203560
v -58.195038 27.680046 79.015572
v -61.251621 27.929527 77.083534
v -55.808678 26.565413 80.249756
v -52.319492 26.479309 82.514381
v -53.553318 25.597301 81.441658
v -54.866222 25.850260 80.655266
v -54.678238 36.662331 84.121063
v -56.319057 26.507929 79.897591
v -57.338181 27.095076 79.403656
v -50.418472 31.617512 84.881470
v -51.518166 26.333443 82.996941
v -45.384872 27.371504 86.055573
v -47.298615 27.283539 85.898773
v -39.977486 30.993629 88.359116
v -47.302185 36.412258 86.496719
v -42.420273 37.376953 88.909683
v -37.998028 34.772114 89.834473
v -43.543159 28.833082 86.954147
v -36.740013 36.922661 90.557480
v -38.296146 37.630066 90.404984
v -49.644829 26.782446 84.315704
v -48.567284 26.971775 85.034729
v -33.409203 36.868450 91.406265
v -32.180901 37.277935 91.795769
v -31.577593 36.432693 91.800613
v -33.767715 33.022346 90.628311
v -0.642576 41.338684 97.291679
v -0.716702 31.400036 97.606010
v -7.745405 35.277325 96.836754
v -8.207799 39.484325 96.731956
v -6.063885 41.673584 96.893364
v 2.050215 39.975861 97.458710
v 3.566072 30.080009 97.950829
v 5.623850 29.894276 98.092850
v 4.422796 41.025063 97.515961
v 14.419575 29.457661 98.627068
v 9.792263 28.293362 98.366005
v 6.942121 39.645016 97.632034
v 8.481234 40.191113 97.655701
v 15.381074 39.452248 97.662956
v 18.538853 29.199734 98.507446
v 17.640802 28.572006 98.661407
v 18.236832 38.029144 97.091949
v 20.170717 28.678326 98.159462
v 23.122648 42.245815 96.851952
v 27.966743 26.835978 95.819832
v 26.459160 27.915768 97.903389
v 25.166525 28.937382 99.819443
v 30.556196 27.156521 91.518440
v 25.488333 44.152527 90.694611
v 30.822977 30.096132 88.750809
v 29.822189 43.699883 82.990952
v 31.750221 30.865105 86.648636
v 33.418854 31.569145 83.961838
v 33.003765 30.426334 85.141541
v 34.028214 42.567898 77.996025
v 37.166019 31.697411 81.058739
v 34.492939 31.755505 82.717133
v 39.157257 30.289005 79.860245
v 41.333633 29.970089 77.468330
v 40.607452 28.794270 78.978615
v 39.567432 29.153130 79.536400
v 35.575706 43.216312 74.775467
v 38.852840 30.236029 80.270302
v 37.912537 30.968651 80.660210
v 38.391056 36.808434 72.020470
v 41.962215 29.737083 77.119514
v 44.011189 31.667469 71.954086
v 44.169296 30.617296 73.164490
v 45.562981 33.911999 62.559387
v 41.646332 41.862617 66.328804
v 42.209435 41.992783 61.907021
v 48.143425 43.492500 60.900745
v 44.573963 33.777782 66.529350
v 48.405945 42.903500 59.582962
v 45.853252 40.443123 60.042141
v 42.846615 30.166985 75.239319
v 43.432156 30.322020 74.256577
v 50.927872 42.302303 58.678505
v 51.863438 40.367401 57.334522
v 49.190872 36.679436 56.720974
v 48.397076 34.852264 58.107841
v -69.623413 42.222939 5.578955
v -69.949081 42.043415 9.501780
v -70.750076 41.169319 10.593834
v -71.802391 39.926506 10.345324
v -71.998909 36.797379 5.548207
v -71.980713 36.235538 2.695726
v -69.686287 41.539917 3.734680
v -71.240089 35.326077 0.659209
v -68.477310 42.394939 2.270373
v -70.080803 36.179245 -5.010444
v -67.948967 42.328957 -0.487777
v -68.335678 41.763603 0.490743
v -71.036194 34.851608 -2.105122
v -69.935387 36.036690 -7.156679
v -69.657242 36.538471 -7.775115
v -67.067749 42.680393 -5.153399
v -69.612144 36.411297 -8.984616
v -67.001022 42.051369 -7.331357
v -66.030724 43.885399 -9.674423
v -69.935814 35.558510 -10.133360
v -70.091362 35.038284 -11.372149
v -70.261497 34.479507 -12.762047
v -69.927917 34.771641 -15.359672
v -68.953796 36.652195 -16.402189
v -65.052582 45.339279 -12.740660
v -68.613693 37.140732 -17.624357
v -64.381996 45.092430 -17.618895
v -68.624069 36.864208 -18.818501
v -68.210915 37.584431 -19.502937
v -68.034698 37.691505 -20.546165
v -67.884010 37.481026 -22.392788
v -64.118721 44.343113 -21.683468
v -68.122490 36.623184 -23.800930
v -68.333313 36.083725 -24.346003
v -68.291763 35.878246 -25.144094
v -67.794212 36.542427 -25.912283
v -68.053574 37.036446 -22.886936
v -68.203415 36.588127 -23.483776
v -65.639206 45.585587 -29.407644
v -65.655190 42.901604 -31.699932
v -67.761421 36.426132 -26.395800
v -66.810509 37.093937 -28.881237
v -64.924011 40.494625 -34.463787
v -61.931564 41.100876 -36.646141
v -58.279209 42.189442 -38.946243
v -57.288998 44.519238 -37.903694
v -61.410255 44.734253 -34.130245
v -63.345444 40.942284 -35.522781
v -56.721203 41.962765 -40.684242
v -55.845600 43.236023 -40.241714
v -67.347198 36.752712 -27.510052
v -67.121346 36.879650 -28.142015
v -59.186398 40.055183 -39.901436
v -56.201847 41.130859 -41.732368
v -55.680027 41.541161 -41.856171
v -56.025402 41.999027 -41.179230
v 38.569775 39.901276 23.169296
v 36.867233 26.741972 22.831518
v 39.562229 31.782606 33.211285
v 40.563099 32.997238 33.809219
v 40.500622 34.334858 32.852833
v 37.761475 39.475121 21.388580
v 35.909500 27.098305 20.048159
v 35.540985 27.536978 18.576637
v 37.464523 41.456036 19.718904
v 33.727116 29.586863 11.779327
v 34.525200 26.899174 15.392014
v 36.684669 40.635788 18.016235
v 36.461155 41.462505 16.826544
v 34.663437 40.588341 10.965416
v 32.670158 29.702551 7.979702
v 32.837437 28.896469 8.835892
v 33.583099 38.865662 8.176872
v 32.057522 29.134672 6.260803
v 32.692856 40.040325 4.679893
v 29.257793 24.525379 0.966175
v 30.346832 25.856024 2.818329
v 31.230927 27.157194 4.551582
v 27.452965 25.715729 -2.314247
v 30.983261 41.065868 0.570911
v 26.991528 29.353888 -3.521961
v 21.798683 42.794136 -9.635281
v 26.079708 30.612812 -4.793861
v 19.158295 33.724480 -11.581779
v 24.960087 30.776590 -6.014599
v 18.454971 47.743477 -13.499020
v 17.139584 34.722073 -13.869881
v 18.216583 34.351444 -12.601765
v 14.806320 34.725845 -15.658852
v 12.578575 37.926189 -17.999462
v 11.985668 36.942394 -17.370823
v 12.864666 35.274937 -17.047585
v 16.819504 48.882965 -15.253471
v 15.580406 34.070805 -15.114590
v 16.534821 34.437099 -14.341080
v 12.717823 43.564419 -18.470097
v 12.250870 38.401440 -18.151573
v 11.100441 40.186882 -20.158230
v 12.119083 40.198261 -19.778824
v 8.571938 41.673576 -21.840900
v 12.348694 45.455803 -19.459667
v 10.171288 46.370171 -21.902302
v 7.727398 45.017357 -23.372562
v 9.294636 40.534042 -21.017372
v 4.636929 50.005669 -25.858986
v 8.051846 46.036488 -23.727070
v 12.629276 39.106743 -19.026878
v 12.485455 39.640553 -19.242752
v 4.280460 45.852116 -26.023643
v 4.586498 44.163502 -26.022221
v 5.038326 43.042061 -25.486576
v 5.905094 42.374702 -24.315239
v 12.789049 36.813187 -66.282677
v 12.405628 29.242769 -67.489304
v 17.200346 32.382298 -69.232399
v 19.381414 34.976227 -69.243759
v 17.618864 35.976246 -68.140640
v 10.748165 36.251240 -64.811287
v 8.434055 28.847544 -66.552757
v 5.857247 29.203777 -67.270164
v 8.315804 38.399704 -64.419151
v -6.591080 30.589956 -70.611107
v -0.416095 28.822926 -70.060387
v 5.404361 42.157288 -65.268562
v 3.029814 44.358978 -66.287750
v -8.963088 45.660549 -68.233994
v -12.714483 31.594973 -69.694595
v -10.520986 30.519255 -71.643997
v -12.823373 45.887184 -67.074829
v -14.824934 33.226898 -69.701759
v -21.865082 43.108929 -69.147568
v -29.955938 27.204325 -72.371323
v -25.426483 28.868343 -71.890884
v -21.173708 29.674702 -72.193817
v -35.528454 27.390076 -70.337807
v -28.850389 44.901665 -66.829880
v -37.275082 29.326988 -68.313019
v -38.385612 43.937149 -61.953220
v -39.079548 29.711456 -66.140366
v -42.686752 29.960880 -64.440453
v -41.672615 28.862701 -65.735474
v -46.200905 42.366344 -58.598843
v -49.082191 29.748619 -63.278751
v -45.014206 29.978832 -64.269325
v -51.665119 27.863804 -62.777267
v -54.769016 27.273273 -60.478760
v -53.863388 26.030214 -62.766129
v -52.378780 26.466722 -63.052555
v -48.902279 42.911499 -55.788094
v -51.264267 27.854080 -63.222919
v -49.952423 28.396397 -63.592934
v -51.931751 35.199123 -52.906376
v -55.540596 26.961119 -60.085037
v -59.151985 28.883980 -55.602394
v -59.061317 27.707077 -56.804237
v -60.964851 34.858356 -46.582649
v -53.564953 44.366531 -54.679249
v -54.353359 45.202534 -47.540066
v -58.091015 40.382050 -44.009392
v -61.133553 31.423416 -52.030411
v -58.723145 41.790180 -43.374130
v -56.605736 44.743565 -44.597778
v -56.971039 27.324734 -58.369797
v -57.918068 27.441195 -57.635090
v -61.560673 39.687138 -41.578522
v -62.187534 39.313408 -40.368664
v -62.988873 38.099075 -40.216991
v -63.078941 36.119789 -43.412193
v -41.934715 41.096947 80.649429
v -42.499561 37.543224 77.503197
v -47.190571 38.044353 75.621956
v -47.456902 39.248497 76.648117
v -46.032513 39.572845 78.090080
v -39.902790 45.217930 82.021790
v -39.864857 37.888771 79.925072
v -38.492630 37.444500 80.751282
v -38.111862 45.620327 83.356979
v -32.162239 35.792809 84.391693
v -35.726078 35.689434 82.079170
v -36.451000 44.238136 84.019867
v -35.234844 44.393906 84.858131
v -29.679329 42.752628 87.611900
v -28.684418 34.923389 86.079651
v -29.600864 34.661137 85.486504
v -27.067739 41.191776 88.452667
v -27.153000 34.245323 86.646469
v -21.018568 42.559795 93.646309
v -18.353413 31.384670 89.882912
v -20.593388 32.087711 90.403503
v -22.564114 32.756798 90.843681
v -13.903280 31.672306 89.364944
v -15.299375 44.209965 93.451309
v -11.421807 33.942112 89.789734
v -6.807841 44.232895 91.900620
v -9.199108 34.541199 89.627319
v -5.796135 35.140392 89.151184
v -7.211203 34.259167 89.131783
v -0.114972 43.474171 90.222458
v -0.519039 34.931705 88.549034
v -4.032767 35.278816 88.814651
v 1.457685 34.011684 87.326157
v 4.422240 34.034374 85.901215
v 2.876594 33.123455 86.181961
v 1.737645 33.388161 86.569061
v 2.685049 44.261662 89.057457
v 1.006930 33.945896 87.510124
v 0.179579 34.438744 88.060913
v 5.807956 39.776966 86.393036
v 5.056439 33.917252 85.545937
v 8.923438 35.733795 83.925102
v 8.415713 34.860302 84.008911
v 11.401857 39.034687 81.678375
v 8.576267 44.377377 86.016258
v 10.254758 47.108997 82.186073
v 11.518360 43.008835 79.865875
v 11.126270 37.916931 82.812325
v 11.909028 43.774281 78.353470
v 11.349349 46.189232 79.173752
v 6.603511 34.369640 84.872505
v 7.442155 34.558304 84.466644
v 12.846692 41.767220 76.269463
v 13.212660 41.337669 75.365700
v 13.381967 40.390663 75.270798
v 12.702150 39.279861 77.783691
v 13.186609 33.176155 -65.856873
v 18.774471 33.572838 -69.428200
v -33.301952 26.793358 -71.211502
v -2.943273 29.006035 -69.749123
v -55.727295 39.157043 -47.426308
v -51.030807 36.662796 -52.935459
v -49.423740 36.240128 -54.510197
v -48.218842 35.922962 -55.688026
v -46.231583 36.068913 -58.563004
v -38.120350 35.964355 -60.596867
v -29.684282 35.907940 -64.362549
v -23.411549 35.425678 -66.937607
v -19.997662 35.377281 -68.305222
v -13.539584 38.859047 -67.526527
v -10.431673 38.343380 -68.064339
v -0.471165 37.560139 -66.213524
v 2.271942 37.003468 -66.447845
v 3.201042 36.565914 -66.709778
v 7.721650 32.759666 -64.500870
v 10.431973 32.708138 -64.237549
v 36.944008 33.318768 -41.616318
v 39.217396 33.179214 -40.479282
v 40.380722 39.264523 -38.406414
v 37.309143 39.485718 -39.443985
v 8.852139 27.852591 -58.986561
v 5.660114 27.521257 -59.151451
v 7.355831 26.819838 -60.482395
v 8.481110 26.944866 -59.855125
v 11.007848 42.038967 -48.974800
v 7.809428 41.461529 -48.558414
v 7.900001 34.059715 -50.412971
v 10.667116 34.942184 -51.109798
v 6.516562 33.934303 -50.241535
v 4.661770 33.611061 -50.046425
v 3.988242 32.104351 -50.950378
v 0.412941 28.651270 -57.728832
v 1.036499 27.944273 -58.744122
v -4.334520 35.229969 -46.994808
v -1.122498 34.494797 -48.346268
v 4.135477 40.778580 -50.229683
v 0.016850 38.980217 -46.203812
v -5.093746 31.934416 -51.381042
v -2.586956 30.315994 -55.759579
v -5.020781 36.312687 -46.528114
v -2.936938 38.466091 -45.536224
v 3.170929 27.562605 -58.846992
v 4.950283 27.343533 -59.346535
v 2.189449 27.686480 -58.799259
v -7.834220 34.848129 -47.276672
v -8.859090 34.434597 -46.911247
v -9.495609 33.618118 -47.503773
v -8.018749 32.702644 -50.057110
v 49.238369 27.295572 -30.242565
v 50.854359 27.351898 -28.668592
v 51.212173 35.506306 -26.940760
v 49.285011 36.065563 -28.052441
v 57.301098 36.319527 -25.641506
v 53.117931 36.433105 -26.678726
v 53.337528 28.175510 -28.210039
v 58.600994 29.500401 -27.582029
v 59.142223 35.861904 -25.683064
v 57.676071 28.523254 -28.504229
v 54.246445 25.598457 -30.493237
v 30.579088 40.495152 -44.358166
v 29.490273 31.447906 -46.064610
v 32.468094 31.614544 -45.299694
v 23.952242 30.405672 -47.653687
v 25.605066 40.532162 -45.928242
v 16.923653 32.790707 -48.850437
v 17.831772 42.479092 -47.016483
v 47.632576 36.806129 -30.754011
v 46.310608 28.960682 -34.576141
v 47.083191 28.874748 -34.260117
v 44.352013 29.304817 -35.619118
v 46.354874 37.920948 -32.629166
v 10.393627 28.111107 -58.558792
v 9.336067 27.856449 -59.080688
v 15.605938 28.172550 -55.291100
v 16.881042 27.376961 -55.913223
v 23.197985 25.853241 -56.315109
v 21.052946 27.414978 -55.353600
v 25.261734 25.058868 -55.957623
v 28.469059 25.264107 -54.906719
v 31.410036 26.497833 -51.918118
v 34.215172 27.212605 -49.831005
v 36.939022 28.761248 -44.521576
v 38.471649 27.721466 -43.776066
v 43.022434 27.349644 -41.514519
v 40.890827 27.633989 -44.087040
v 45.214745 26.031929 -39.498180
v 47.063641 25.958435 -38.501202
v 49.846779 25.467766 -33.603439
v 51.264122 25.022392 -31.956871
v 18.801380 27.644642 -54.735500
v 10.846035 28.948088 -57.604523
v 14.002403 28.576538 -56.265602
v 16.878731 39.372147 -26.509096
v 19.274170 38.879902 -25.737543
v 19.662127 46.212044 -22.802368
v 16.355398 46.585861 -23.654318
v -14.651632 35.274891 -40.470505
v -17.806362 34.772690 -40.258728
v -16.231760 34.250378 -41.814651
v -15.051338 34.406536 -41.325722
v -12.445648 44.703129 -31.357105
v -15.516712 44.790543 -30.336359
v -15.057919 39.275486 -32.052277
v -12.471386 39.779377 -33.194847
v -16.397802 39.406952 -31.623262
v -18.185673 39.561329 -31.052212
v -18.841152 38.556374 -31.799994
v -22.918354 35.412533 -38.175575
v -22.366728 34.800632 -39.289467
v -26.852821 41.151958 -26.657104
v -23.778160 40.744057 -28.409693
v -19.307230 46.289764 -30.931299
v -22.755383 45.226822 -26.203810
v -27.866268 37.967808 -31.077284
v -25.783493 36.737461 -35.791428
v -27.564037 42.162895 -26.059870
v -25.556522 44.444767 -25.218102
v -20.236467 34.608189 -39.659653
v -18.518284 34.554634 -40.375328
v -21.211794 34.645264 -39.491463
v -30.319489 40.491665 -26.542713
v -31.256618 39.985279 -26.078234
v -31.890522 39.126694 -26.633562
v -30.662636 38.431000 -29.384821
v 29.032696 34.086849 -17.638411
v 30.854240 33.760914 -16.346991
v 32.458595 38.335258 -15.008001
v 30.342224 38.809460 -15.875588
v 38.318619 37.878338 -14.902588
v 34.510937 38.924690 -15.009527
v 33.481239 34.141689 -16.254183
v 38.494907 31.464437 -16.622023
v 38.853584 32.410439 -15.859957
v 37.289463 30.722752 -17.432905
v 33.154072 28.545950 -18.992723
v 7.972828 48.912781 -27.081675
v 7.259056 38.250320 -30.354650
v 10.312735 37.909683 -30.067442
v 1.724188 38.856930 -30.859581
v 2.239993 48.955280 -28.231375
v -5.838161 39.065060 -31.522385
v -5.493435 45.654575 -30.192535
v 28.046646 38.638489 -18.518806
v 25.375422 33.437088 -21.546469
v 26.161165 33.204979 -21.365158
v 23.368216 34.169071 -22.237589
v 27.587511 42.454857 -19.519588
v -13.093582 35.587944 -40.225342
v -14.183969 35.309353 -40.622993
v -7.543835 35.881638 -37.608032
v -6.293493 35.237606 -38.409744
v -0.038759 34.614235 -39.561882
v -2.107044 35.750092 -38.316544
v 1.908625 34.101013 -39.472557
v 4.773764 34.241650 -38.864311
v 7.823193 34.755257 -36.345734
v 10.991783 34.848122 -34.706482
v 14.706499 35.508507 -29.837090
v 16.139421 34.192219 -29.404558
v 20.850954 32.925350 -27.935202
v 18.433722 33.747814 -30.108452
v 23.068541 31.120611 -26.375261
v 25.007685 30.676018 -25.697119
v 28.376410 29.361977 -21.349745
v 29.930679 28.567959 -19.981474
v -4.274614 35.667236 -37.445892
v -12.597462 36.393963 -39.297226
v -9.280647 36.182632 -38.367676
v -40.255383 43.431858 -8.017285
v -38.392727 43.676964 -9.788496
v -36.652863 50.101200 -9.851957
v -38.773884 49.407616 -7.300931
v -59.702042 36.067104 16.089058
v -60.164387 35.069195 19.095688
v -61.384407 34.914986 17.182365
v -60.657257 35.214317 16.163338
v -49.937382 45.009712 17.311193
v -49.566513 44.544670 20.493507
v -51.384502 39.311672 18.796036
v -51.948864 40.293568 16.156559
v -51.234680 39.201942 20.196777
v -51.037056 39.034897 22.062105
v -51.945572 37.999954 22.381870
v -59.150513 34.753162 24.550377
v -60.152313 34.319427 23.697292
v -48.452557 38.932373 31.563505
v -49.551872 39.137356 28.181057
v -50.863121 45.480953 24.289772
v -46.994385 43.545349 28.370823
v -53.117950 35.971840 31.147354
v -57.351662 35.436382 28.006653
v -47.971733 39.773468 32.536079
v -46.639282 42.268082 31.140696
v -60.084846 34.486717 21.534081
v -60.433918 34.753204 19.724571
v -60.119171 34.359947 22.515751
v -49.080933 37.737881 34.826202
v -48.840820 37.059322 35.738503
v -49.550529 36.157406 36.099442
v -52.017914 35.868835 34.258274
v -25.029926 39.746658 -16.015354
v -22.995787 40.092457 -17.013433
v -22.489048 48.083450 -15.869725
v -23.926376 48.408432 -14.957661
v -19.053158 47.328949 -21.776419
v -19.605865 47.741520 -18.626896
v -21.689981 41.867615 -19.142220
v -19.269299 44.872353 -23.797520
v -18.500439 46.737251 -23.555630
v -20.501486 42.997208 -23.299606
v -23.679749 37.330128 -20.932192
v -43.265793 47.879124 -3.275040
v -45.183754 41.620705 -2.609581
v -44.290092 41.735138 -5.561150
v -46.788651 41.401470 2.741484
v -44.891327 48.864697 2.700270
v -48.981388 40.488434 9.954683
v -47.330128 46.933071 10.978922
v -27.116730 48.993534 -14.211926
v -30.030132 42.207294 -14.572203
v -29.476906 42.158112 -15.201324
v -31.655422 42.548111 -13.048250
v -30.967402 49.936298 -12.825891
v -59.128937 36.597683 14.683487
v -59.753593 36.184761 15.612999
v -55.417336 37.547089 9.881516
v -55.971718 37.166107 8.408985
v -55.839867 37.604767 2.034981
v -54.998821 38.310532 4.466717
v -55.374283 37.393215 0.085068
v -54.185036 37.928471 -2.541332
v -51.074226 38.715797 -4.909693
v -48.816586 39.173241 -7.635414
v -42.597980 40.383621 -9.045346
v -41.428890 38.764957 -10.314858
v -37.784252 38.726749 -13.879137
v -40.919621 38.890778 -12.701259
v -35.207817 36.718407 -15.370201
v -33.649101 36.843075 -16.787064
v -28.103321 36.467232 -17.825499
v -26.092131 35.901325 -18.647772
v -54.596329 37.828583 6.718159
v -58.085312 37.398457 14.519928
v -56.504051 37.632561 11.461353
v 12.059738 38.624710 -0.648348
v 13.496235 39.069843 0.584215
v 14.961509 44.148945 3.816048
v 13.003288 43.999474 2.683018
v -6.218814 37.315552 -18.480150
v -8.237136 37.082653 -18.824465
v -7.032447 36.642048 -19.530052
v -6.366216 36.732616 -19.045916
v -3.776189 48.413399 -5.425081
v -6.091218 48.174091 -6.091707
v -6.291316 42.847050 -8.884306
v -4.313264 43.450596 -8.623405
v -7.158538 43.070885 -8.723904
v -16.501366 46.102886 -8.790430
v -12.611423 42.995205 -9.341991
v -8.643193 48.213253 -8.282360
v -14.675934 49.823784 -8.565183
v -16.006771 40.452816 -12.152828
v -15.852199 39.311493 -15.637138
v -20.645008 47.131531 -7.979694
v -18.801937 49.544781 -7.540807
v -12.734312 38.232346 -18.226423
v -20.577599 43.363583 -10.220761
v -17.996828 40.892391 -11.551260
v 18.052425 35.722321 5.645683
v 18.977665 35.520729 6.747038
v 19.247662 37.306190 7.172180
v 18.196472 38.013554 6.428350
v 23.094360 36.988632 8.370520
v 20.548809 37.632023 7.472050
v 20.615425 35.701931 7.202831
v 24.052479 35.825764 7.937696
v 24.191402 36.455673 8.436266
v 23.399998 35.346554 7.269093
v 20.689510 30.822531 5.449320
v 8.915345 45.494259 -2.442844
v 7.023494 39.827637 -5.530308
v 8.901629 38.261703 -4.957827
v 3.731707 41.126308 -6.424702
v 5.618176 47.481110 -2.797817
v -0.822363 41.694580 -7.821873
v 0.202318 47.493870 -4.506050
v 17.546429 39.167427 5.073353
v 16.859116 37.289070 3.255276
v 17.250134 37.071415 3.295469
v 15.982275 38.159035 3.294168
v 17.284874 40.717644 4.790747
v -5.253675 37.515182 -18.027647
v -5.902270 37.319332 -18.503225
v -1.667001 38.305382 -13.834055
v -0.753053 37.715424 -14.031597
v 3.208694 36.076889 -14.200312
v 1.869177 37.319496 -13.405113
v 4.362041 35.586128 -13.931561
v 6.060253 35.628716 -13.108902
v 7.700746 36.411175 -10.676514
v 9.626348 36.978794 -8.467606
v 11.519018 35.407856 -4.233997
v 12.212254 34.407356 -3.987436
v 14.512692 31.309837 -2.542608
v 13.634289 33.873791 -4.393719
v 16.182037 31.264196 -0.966155
v 17.259418 31.604750 -0.166909
v 17.690784 31.006039 3.014933
v 18.832317 30.877535 4.327784
v 0.439680 37.771282 -12.951160
v -5.004192 38.136261 -17.215954
v -2.796544 38.360531 -15.151953
v -63.206772 33.143299 -133.014023
v -59.074329 34.248692 -133.925247
v -54.479149 41.718639 -134.196960
v -59.418190 40.979656 -132.583328
v -122.913139 23.447243 -124.288857
v -126.410065 22.920204 -121.890602
v -125.609077 22.174549 -123.982353
v -123.773056 22.513115 -124.454460
v -102.821747 42.124573 -118.669533
v -107.360039 41.444847 -116.161613
v -109.064270 33.921669 -117.108307
v -106.048126 34.858128 -119.611519
v -110.223022 34.207397 -115.883621
v -115.296547 40.477123 -114.734177
v -119.484192 33.572998 -109.259384
v -126.498268 37.313160 -104.395355
v -126.005180 41.969704 -107.445221
v -131.922211 38.647125 -98.495987
v -130.069351 41.820118 -101.082741
v -133.311218 33.230835 -99.670876
v -130.165497 29.872200 -103.643707
v -127.995438 29.212038 -106.674240
v -40.414776 32.501423 -134.719788
v -36.830112 32.750111 -134.927002
v -36.908596 35.078392 -135.320358
v -40.375961 35.573055 -134.753036
v -28.687435 35.385433 -139.244507
v -34.634411 35.660217 -136.839005
v -33.657665 33.238945 -136.717621
v -27.230011 33.868301 -140.609924
v -26.541737 34.831490 -140.502472
v -29.112141 32.990143 -140.227158
v -33.332016 26.683607 -137.221619
v -76.172874 40.502289 -132.032822
v -80.716942 32.361538 -130.941620
v -75.718018 30.812500 -132.544678
v -88.241547 33.384106 -127.705139
v -83.190613 42.566521 -128.477676
v -98.071907 33.260128 -123.084808
v -94.494286 41.604351 -122.871407
v -44.702713 36.381184 -135.345993
v -47.782486 33.361664 -135.597198
v -46.966564 33.137665 -136.024704
v -49.644051 34.374027 -134.613953
v -46.729889 38.115143 -135.604935
v -132.846771 24.295238 -115.740967
v -133.451782 26.456825 -109.648636
v -120.766350 23.920303 -125.205200
v -122.485001 23.459728 -124.724648
v -108.135460 26.740955 -126.434959
v -106.714645 26.003334 -127.669205
v -99.928543 24.184013 -132.631165
v -101.337395 25.921040 -130.468781
v -97.349976 23.764965 -133.795715
v -93.303040 24.237379 -135.314453
v -86.866783 26.238640 -135.525635
v -80.267357 27.908104 -136.255859
v -68.409561 27.817919 -134.689087
v -66.196503 26.753012 -135.153107
v -57.842541 23.737011 -136.198486
v -64.445068 26.027241 -137.247803
v -52.368950 24.403351 -137.002747
v -49.507969 25.190390 -137.796707
v -42.495392 25.767418 -135.454193
v -38.244377 26.200205 -135.777206
v -102.952606 26.567284 -128.304077
v -119.321945 25.004112 -124.967972
v -112.325478 26.218750 -126.115051
vt 0.402342 0.844078
vt 0.376190 0.846805
vt 0.364924 0.861749
vt 0.364924 0.887183
vt 0.401579 0.905731
vt 0.424894 0.909499
vt 0.414935 0.849626
vt 0.436486 0.908475
vt 0.427607 0.840167
vt 0.486771 0.901961
vt 0.447841 0.840412
vt 0.439519 0.845739
vt 0.459063 0.913551
vt 0.505034 0.904356
vt 0.511498 0.899951
vt 0.483527 0.837310
vt 0.521765 0.901896
vt 0.498836 0.843557
vt 0.520838 0.827394
vt 0.529944 0.910886
vt 0.539613 0.916807
vt 0.550513 0.923332
vt 0.574077 0.922927
vt 0.587937 0.905985
vt 0.548260 0.815273
vt 0.600117 0.902596
vt 0.587585 0.820482
vt 0.610163 0.906523
vt 0.618216 0.900418
vt 0.627953 0.900557
vt 0.644166 0.904651
vt 0.627316 0.832276
vt 0.654706 0.914698
vt 0.658235 0.920713
vt 0.664864 0.923557
vt 0.673671 0.917892
vt 0.647525 0.909634
vt 0.651771 0.914752
vt 0.644467 0.829098
vt 0.671373 0.871594
vt 0.677737 0.919564
vt 0.698899 0.915068
vt 0.701159 0.908312
vt 0.725758 0.865269
vt 0.734328 0.848768
vt 0.726580 0.825154
vt 0.709361 0.806862
vt 0.708071 0.897963
vt 0.740997 0.847523
vt 0.738794 0.834520
vt 0.687815 0.917440
vt 0.692927 0.916669
vt 0.741427 0.870401
vt 0.751966 0.869105
vt 0.751966 0.864307
vt 0.748501 0.860691
vt 0.405764 0.845029
vt 0.404406 0.903081
vt 0.240009 0.869191
vt 0.240009 0.845758
vt 0.247061 0.831989
vt 0.418357 0.853196
vt 0.427721 0.908628
vt 0.439313 0.907120
vt 0.431029 0.839272
vt 0.489598 0.897531
vt 0.461890 0.914591
vt 0.442941 0.847475
vt 0.451263 0.839633
vt 0.485030 0.820913
vt 0.514326 0.894573
vt 0.507861 0.901057
vt 0.500339 0.830108
vt 0.524592 0.897436
vt 0.531069 0.851359
vt 0.553341 0.928989
vt 0.542440 0.919385
vt 0.532771 0.910668
vt 0.576904 0.928393
vt 0.562864 0.837016
vt 0.590764 0.903454
vt 0.590819 0.845558
vt 0.602944 0.898467
vt 0.621043 0.895261
vt 0.612990 0.904246
vt 0.641046 0.834932
vt 0.646994 0.901492
vt 0.630780 0.895465
vt 0.657533 0.916280
vt 0.676498 0.920981
vt 0.667691 0.929321
vt 0.661062 0.925134
vt 0.658197 0.830253
vt 0.654598 0.916360
vt 0.650352 0.908827
vt 0.674201 0.852832
vt 0.680564 0.923443
vt 0.703987 0.906879
vt 0.701726 0.916824
vt 0.715254 0.888784
vt 0.695658 0.833411
vt 0.730715 0.819292
vt 0.732324 0.839350
vt 0.710898 0.891646
vt 0.745607 0.835619
vt 0.755043 0.847351
vt 0.690642 0.920317
vt 0.695754 0.919181
vt 0.760552 0.875069
vt 0.767454 0.885902
vt 0.767454 0.900277
vt 0.746462 0.904159
vt 0.405764 0.845029
vt 0.404406 0.903081
vt 0.370702 0.866364
vt 0.370702 0.848533
vt 0.376068 0.838056
vt 0.418357 0.853196
vt 0.427721 0.908628
vt 0.439313 0.907120
vt 0.431029 0.839272
vt 0.489598 0.897531
vt 0.461890 0.914591
vt 0.442941 0.847475
vt 0.451263 0.839633
vt 0.485030 0.820913
vt 0.514326 0.894573
vt 0.507861 0.901057
vt 0.500339 0.830108
vt 0.524592 0.897436
vt 0.534567 0.827745
vt 0.553341 0.928989
vt 0.542440 0.919385
vt 0.532771 0.910668
vt 0.576904 0.928393
vt 0.551391 0.866867
vt 0.590764 0.903454
vt 0.590716 0.874536
vt 0.602944 0.898467
vt 0.621043 0.895261
vt 0.612990 0.904246
vt 0.641046 0.834932
vt 0.646994 0.901492
vt 0.630780 0.895465
vt 0.657533 0.916280
vt 0.676498 0.920981
vt 0.667691 0.929321
vt 0.661062 0.925134
vt 0.658197 0.830253
vt 0.654598 0.916360
vt 0.650352 0.908827
vt 0.674201 0.852832
vt 0.680564 0.923443
vt 0.703987 0.906879
vt 0.701726 0.916824
vt 0.718699 0.883066
vt 0.703245 0.839395
vt 0.730893 0.828260
vt 0.732162 0.844079
vt 0.710898 0.891646
vt 0.742637 0.841136
vt 0.750079 0.850389
vt 0.690642 0.920317
vt 0.695754 0.919181
vt 0.754424 0.872249
vt 0.759867 0.880792
vt 0.759867 0.892130
vt 0.743312 0.895192
vt 0.405764 0.845029
vt 0.404406 0.903081
vt 0.367752 0.875778
vt 0.367752 0.838341
vt 0.379612 0.849043
vt 0.418357 0.853196
vt 0.427721 0.908628
vt 0.439313 0.907120
vt 0.431029 0.839272
vt 0.489598 0.897531
vt 0.461890 0.914591
vt 0.442941 0.847475
vt 0.451263 0.839633
vt 0.485030 0.820913
vt 0.514326 0.894573
vt 0.507861 0.901057
vt 0.500339 0.830108
vt 0.524592 0.897436
vt 0.534567 0.827745
vt 0.553341 0.928989
vt 0.542440 0.919385
vt 0.532771 0.910668
vt 0.576904 0.928393
vt 0.561989 0.809903
vt 0.590764 0.903454
vt 0.601314 0.817571
vt 0.602944 0.898467
vt 0.621043 0.895261
vt 0.612990 0.904246
vt 0.641046 0.834932
vt 0.646994 0.901492
vt 0.630780 0.895465
vt 0.657533 0.916280
vt 0.676498 0.920981
vt 0.667691 0.929321
vt 0.661062 0.925134
vt 0.658197 0.830253
vt 0.654598 0.916360
vt 0.650352 0.908827
vt 0.674201 0.852832
vt 0.680564 0.923443
vt 0.703987 0.906879
vt 0.701726 0.916824
vt 0.719422 0.846162
vt 0.660753 0.806616
vt 0.683037 0.803402
vt 0.696425 0.811923
vt 0.721568 0.857559
vt 0.700390 0.801790
vt 0.692225 0.800046
vt 0.690642 0.920317
vt 0.695754 0.919181
vt 0.732321 0.811136
vt 0.742419 0.811940
vt 0.751466 0.818773
vt 0.743932 0.833830
vt 0.402342 0.844078
vt 0.376190 0.846805
vt 0.364924 0.861749
vt 0.364924 0.887183
vt 0.401579 0.905731
vt 0.424894 0.909499
vt 0.414935 0.849626
vt 0.436486 0.908475
vt 0.427607 0.840167
vt 0.486771 0.901961
vt 0.447841 0.840412
vt 0.439519 0.845739
vt 0.459063 0.913551
vt 0.505034 0.904356
vt 0.511498 0.899951
vt 0.483527 0.837310
vt 0.521765 0.901896
vt 0.498836 0.843557
vt 0.519655 0.843358
vt 0.529944 0.910886
vt 0.539613 0.916807
vt 0.550513 0.923332
vt 0.574077 0.922927
vt 0.587937 0.905985
vt 0.550009 0.841510
vt 0.600117 0.902596
vt 0.589359 0.844724
vt 0.610163 0.906523
vt 0.618216 0.900418
vt 0.627953 0.900557
vt 0.644166 0.904651
vt 0.624360 0.852379
vt 0.654706 0.914698
vt 0.658235 0.920713
vt 0.664864 0.923557
vt 0.673671 0.917892
vt 0.647525 0.909634
vt 0.651771 0.914752
vt 0.644467 0.829098
vt 0.671373 0.871594
vt 0.677737 0.919564
vt 0.698899 0.915068
vt 0.701159 0.908312
vt 0.705912 0.893715
vt 0.714482 0.877214
vt 0.706734 0.853600
vt 0.689515 0.835308
vt 0.708071 0.897963
vt 0.721151 0.875969
vt 0.718948 0.862966
vt 0.687815 0.917440
vt 0.692927 0.916669
vt 0.721580 0.898847
vt 0.732120 0.897551
vt 0.732120 0.892753
vt 0.728654 0.889137
vt 0.405764 0.845029
vt 0.404406 0.903081
vt 0.370702 0.866364
vt 0.370702 0.848533
vt 0.376068 0.838056
vt 0.418357 0.853196
vt 0.427721 0.908628
vt 0.439313 0.907120
vt 0.431029 0.839272
vt 0.489598 0.897531
vt 0.461890 0.914591
vt 0.442941 0.847475
vt 0.451263 0.839633
vt 0.485030 0.820913
vt 0.514326 0.894573
vt 0.507861 0.901057
vt 0.500339 0.830108
vt 0.524592 0.897436
vt 0.534567 0.827745
vt 0.553341 0.928989
vt 0.542440 0.919385
vt 0.532771 0.910668
vt 0.576904 0.928393
vt 0.561989 0.809903
vt 0.590764 0.903454
vt 0.601314 0.817571
vt 0.602944 0.898467
vt 0.621043 0.895261
vt 0.612990 0.904246
vt 0.641046 0.834932
vt 0.646994 0.901492
vt 0.630780 0.895465
vt 0.657533 0.916280
vt 0.676498 0.920981
vt 0.667691 0.929321
vt 0.661062 0.925134
vt 0.658197 0.830253
vt 0.654598 0.916360
vt 0.650352 0.908827
vt 0.674201 0.852832
vt 0.680564 0.923443
vt 0.703987 0.906879
vt 0.701726 0.916824
vt 0.718699 0.883066
vt 0.703245 0.839395
vt 0.730893 0.828260
vt 0.732162 0.844079
vt 0.710898 0.891646
vt 0.742637 0.841136
vt 0.750079 0.850389
vt 0.690642 0.920317
vt 0.695754 0.919181
vt 0.754424 0.872249
vt 0.759867 0.880792
vt 0.759867 0.892130
vt 0.743312 0.895192
vt 0.405764 0.845029
vt 0.404406 0.903081
vt 0.367752 0.875778
vt 0.367752 0.838341
vt 0.379612 0.849043
vt 0.418357 0.853196
vt 0.427721 0.908628
vt 0.439313 0.907120
vt 0.431029 0.839272
vt 0.489598 0.897531
vt 0.461890 0.914591
vt 0.442941 0.847475
vt 0.451263 0.839633
vt 0.485030 0.820913
vt 0.514326 0.894573
vt 0.507861 0.901057
vt 0.500339 0.830108
vt 0.524592 0.897436
vt 0.534567 0.827745
vt 0.553341 0.928989
vt 0.542440 0.919385
vt 0.532771 0.910668
vt 0.576904 0.928393
vt 0.561989 0.809903
vt 0.590764 0.903454
vt 0.601314 0.817571
vt 0.602944 0.898467
vt 0.621043 0.895261
vt 0.612990 0.904246
vt 0.641046 0.834932
vt 0.646994 0.901492
vt 0.630780 0.895465
vt 0.657533 0.916280
vt 0.676498 0.920981
vt 0.667691 0.929321
vt 0.661062 0.925134
vt 0.658197 0.830253
vt 0.654598 0.916360
vt 0.650352 0.908827
vt 0.674201 0.852832
vt 0.680564 0.923443
vt 0.703987 0.906879
vt 0.701726 0.916824
vt 0.718699 0.883066
vt 0.703245 0.839395
vt 0.730893 0.828260
vt 0.732162 0.844079
vt 0.710898 0.891646
vt 0.742637 0.841136
vt 0.750079 0.850389
vt 0.690642 0.920317
vt 0.695754 0.919181
vt 0.754424 0.872249
vt 0.759867 0.880792
vt 0.759867 0.892130
vt 0.743312 0.895192
vt 0.405764 0.845029
vt 0.404406 0.903081
vt 0.367752 0.875778
vt 0.367752 0.838341
vt 0.379612 0.849043
vt 0.418357 0.853196
vt 0.427721 0.908628
vt 0.439313 0.907120
vt 0.431029 0.839272
vt 0.489598 0.897531
vt 0.461890 0.914591
vt 0.442941 0.847475
vt 0.451263 0.839633
vt 0.485030 0.820913
vt 0.514326 0.894573
vt 0.507861 0.901057
vt 0.500339 0.830108
vt 0.524592 0.897436
vt 0.534567 0.827745
vt 0.553341 0.928989
vt 0.542440 0.919385
vt 0.532771 0.910668
vt 0.576904 0.928393
vt 0.561989 0.809903
vt 0.590764 0.903454
vt 0.601314 0.817571
vt 0.602944 0.898467
vt 0.621043 0.895261
vt 0.612990 0.904246
vt 0.641046 0.834932
vt 0.646994 0.901492
vt 0.630780 0.895465
vt 0.657533 0.916280
vt 0.676498 0.920981
vt 0.667691 0.929321
vt 0.661062 0.925134
vt 0.658197 0.830253
vt 0.654598 0.916360
vt 0.650352 0.908827
vt 0.674201 0.852832
vt 0.680564 0.923443
vt 0.703987 0.906879
vt 0.701726 0.916824
vt 0.718699 0.883066
vt 0.703245 0.839395
vt 0.730893 0.828260
vt 0.732162 0.844079
vt 0.710898 0.891646
vt 0.742637 0.841136
vt 0.750079 0.850389
vt 0.690642 0.920317
vt 0.695754 0.919181
vt 0.754424 0.872249
vt 0.759867 0.880792
vt 0.759867 0.892130
vt 0.743312 0.895192
vt 0.404813 0.854704
vt 0.367752 0.858061
vt 0.566944 0.928645
vt 0.473181 0.907639
vt 0.711431 0.862528
vt 0.671099 0.848456
vt 0.665784 0.867868
vt 0.657897 0.869120
vt 0.643950 0.867437
vt 0.607340 0.862304
vt 0.569440 0.869093
vt 0.543278 0.874720
vt 0.533533 0.875483
vt 0.514898 0.870525
vt 0.500302 0.859313
vt 0.469817 0.851497
vt 0.455555 0.854556
vt 0.450863 0.858271
vt 0.435267 0.861305
vt 0.422252 0.860234
vt 0.514898 0.870525
vt 0.500302 0.859313
vt 0.485030 0.820913
vt 0.500339 0.830108
vt 0.657533 0.916280
vt 0.676498 0.920981
vt 0.667691 0.929321
vt 0.661062 0.925134
vt 0.641046 0.834932
vt 0.658197 0.830253
vt 0.657897 0.869120
vt 0.643950 0.867437
vt 0.665784 0.867868
vt 0.671099 0.848456
vt 0.674201 0.852832
vt 0.703987 0.906879
vt 0.701726 0.916824
vt 0.732162 0.844079
vt 0.711431 0.862528
vt 0.703245 0.839395
vt 0.730893 0.828260
vt 0.718699 0.883066
vt 0.710898 0.891646
vt 0.742637 0.841136
vt 0.750079 0.850389
vt 0.690642 0.920317
vt 0.680564 0.923443
vt 0.695754 0.919181
vt 0.754424 0.872249
vt 0.759867 0.880792
vt 0.759867 0.892130
vt 0.743312 0.895192
vt 0.435267 0.861305
vt 0.422252 0.860234
vt 0.418357 0.853196
vt 0.431029 0.839272
vt 0.379612 0.849043
vt 0.405764 0.845029
vt 0.404813 0.854704
vt 0.367752 0.858061
vt 0.367752 0.838341
vt 0.367752 0.875778
vt 0.404406 0.903081
vt 0.534567 0.827745
vt 0.543278 0.874720
vt 0.533533 0.875483
vt 0.569440 0.869093
vt 0.561989 0.809903
vt 0.607340 0.862304
vt 0.601314 0.817571
vt 0.442941 0.847475
vt 0.455555 0.854556
vt 0.450863 0.858271
vt 0.469817 0.851497
vt 0.451263 0.839633
vt 0.650352 0.908827
vt 0.654598 0.916360
vt 0.621043 0.895261
vt 0.612990 0.904246
vt 0.576904 0.928393
vt 0.590764 0.903454
vt 0.566944 0.928645
vt 0.553341 0.928989
vt 0.542440 0.919385
vt 0.532771 0.910668
vt 0.524592 0.897436
vt 0.514326 0.894573
vt 0.489598 0.897531
vt 0.507861 0.901057
vt 0.473181 0.907639
vt 0.461890 0.914591
vt 0.439313 0.907120
vt 0.427721 0.908628
vt 0.602944 0.898467
vt 0.646994 0.901492
vt 0.630780 0.895465
vt 0.514898 0.870525
vt 0.500302 0.859313
vt 0.485030 0.820913
vt 0.500339 0.830108
vt 0.657533 0.916280
vt 0.676498 0.920981
vt 0.667691 0.929321
vt 0.661062 0.925134
vt 0.641046 0.834932
vt 0.658197 0.830253
vt 0.657897 0.869120
vt 0.643950 0.867437
vt 0.665784 0.867868
vt 0.671099 0.848456
vt 0.674201 0.852832
vt 0.703987 0.906879
vt 0.701726 0.916824
vt 0.732162 0.844079
vt 0.711431 0.862528
vt 0.703245 0.839395
vt 0.730893 0.828260
vt 0.718699 0.883066
vt 0.710898 0.891646
vt 0.742637 0.841136
vt 0.750079 0.850389
vt 0.690642 0.920317
vt 0.680564 0.923443
vt 0.695754 0.919181
vt 0.754424 0.872249
vt 0.759867 0.880792
vt 0.759867 0.892130
vt 0.743312 0.895192
vt 0.435267 0.861305
vt 0.422252 0.860234
vt 0.418357 0.853196
vt 0.431029 0.839272
vt 0.379612 0.849043
vt 0.405764 0.845029
vt 0.404813 0.854704
vt 0.367752 0.858061
vt 0.367752 0.838341
vt 0.367752 0.875778
vt 0.404406 0.903081
vt 0.534567 0.827745
vt 0.543278 0.874720
vt 0.533533 0.875483
vt 0.569440 0.869093
vt 0.561989 0.809903
vt 0.607340 0.862304
vt 0.601314 0.817571
vt 0.442941 0.847475
vt 0.455555 0.854556
vt 0.450863 0.858271
vt 0.469817 0.851497
vt 0.451263 0.839633
vt 0.650352 0.908827
vt 0.654598 0.916360
vt 0.621043 0.895261
vt 0.612990 0.904246
vt 0.576904 0.928393
vt 0.590764 0.903454
vt 0.566944 0.928645
vt 0.553341 0.928989
vt 0.542440 0.919385
vt 0.532771 0.910668
vt 0.524592 0.897436
vt 0.514326 0.894573
vt 0.489598 0.897531
vt 0.507861 0.901057
vt 0.473181 0.907639
vt 0.461890 0.914591
vt 0.439313 0.907120
vt 0.427721 0.908628
vt 0.602944 0.898467
vt 0.646994 0.901492
vt 0.630780 0.895465
vt 0.514898 0.870525
vt 0.500302 0.859313
vt 0.485030 0.820913
vt 0.500339 0.830108
vt 0.657533 0.916280
vt 0.676498 0.920981
vt 0.667691 0.929321
vt 0.661062 0.925134
vt 0.649369 0.862876
vt 0.666520 0.858197
vt 0.657897 0.869120
vt 0.643950 0.867437
vt 0.665784 0.867868
vt 0.671099 0.848456
vt 0.674201 0.852832
vt 0.703987 0.906879
vt 0.701726 0.916824
vt 0.732162 0.844079
vt 0.711431 0.862528
vt 0.703245 0.839395
vt 0.730893 0.828260
vt 0.718699 0.883066
vt 0.710898 0.891646
vt 0.742637 0.841136
vt 0.750079 0.850389
vt 0.690642 0.920317
vt 0.680564 0.923443
vt 0.695754 0.919181
vt 0.754424 0.872249
vt 0.759867 0.880792
vt 0.759867 0.892130
vt 0.743312 0.895192
vt 0.435267 0.861305
vt 0.422252 0.860234
vt 0.418357 0.853196
vt 0.431029 0.839272
vt 0.379612 0.849043
vt 0.405764 0.845029
vt 0.404813 0.854704
vt 0.367752 0.858061
vt 0.367752 0.838341
vt 0.367752 0.875778
vt 0.404406 0.903081
vt 0.535756 0.869958
vt 0.543278 0.874720
vt 0.533533 0.875483
vt 0.569440 0.869093
vt 0.563178 0.850927
vt 0.607340 0.862304
vt 0.602503 0.858595
vt 0.459588 0.845096
vt 0.455555 0.854556
vt 0.450863 0.858271
vt 0.469817 0.851497
vt 0.467910 0.837255
vt 0.650352 0.908827
vt 0.654598 0.916360
vt 0.621043 0.895261
vt 0.612990 0.904246
vt 0.576904 0.928393
vt 0.590764 0.903454
vt 0.566944 0.928645
vt 0.553341 0.928989
vt 0.542440 0.919385
vt 0.532771 0.910668
vt 0.524592 0.897436
vt 0.514326 0.894573
vt 0.489598 0.897531
vt 0.507861 0.901057
vt 0.473181 0.907639
vt 0.461890 0.914591
vt 0.439313 0.907120
vt 0.427721 0.908628
vt 0.602944 0.898467
vt 0.646994 0.901492
vt 0.630780 0.895465
vt 0.514898 0.870525
vt 0.500302 0.859313
vt 0.485030 0.820913
vt 0.500339 0.830108
vt 0.657533 0.916280
vt 0.676498 0.920981
vt 0.667691 0.929321
vt 0.661062 0.925134
vt 0.641046 0.834932
vt 0.658197 0.830253
vt 0.657897 0.869120
vt 0.643950 0.867437
vt 0.665784 0.867868
vt 0.732162 0.844079
vt 0.711431 0.862528
vt 0.703245 0.839395
vt 0.730893 0.828260
vt 0.718699 0.883066
vt 0.710898 0.891646
vt 0.742637 0.841136
vt 0.750079 0.850389
vt 0.690642 0.920317
vt 0.759867 0.892130
vt 0.743312 0.895192
vt 0.435267 0.861305
vt 0.422252 0.860234
vt 0.418357 0.853196
vt 0.431029 0.839272
vt 0.379612 0.849043
vt 0.405764 0.845029
vt 0.404813 0.854704
vt 0.367752 0.858061
vt 0.367752 0.838341
vt 0.367752 0.875778
vt 0.404406 0.903081
vt 0.534567 0.827745
vt 0.543278 0.874720
vt 0.533533 0.875483
vt 0.569440 0.869093
vt 0.561989 0.809903
vt 0.607340 0.862304
vt 0.601314 0.817571
vt 0.442941 0.847475
vt 0.455555 0.854556
vt 0.450863 0.858271
vt 0.469817 0.851497
vt 0.451263 0.839633
vt 0.650352 0.908827
vt 0.654598 0.916360
vt 0.621043 0.895261
vt 0.612990 0.904246
vt 0.576904 0.928393
vt 0.590764 0.903454
vt 0.566944 0.928645
vt 0.553341 0.928989
vt 0.542440 0.919385
vt 0.532771 0.910668
vt 0.524592 0.897436
vt 0.514326 0.894573
vt 0.489598 0.897531
vt 0.507861 0.901057
vt 0.473181 0.907639
vt 0.461890 0.914591
vt 0.439313 0.907120
vt 0.427721 0.908628
vt 0.602944 0.898467
vt 0.646994 0.901492
vt 0.630780 0.895465
vt 0.514898 0.870525
vt 0.500302 0.859313
vt 0.485030 0.820913
vt 0.500339 0.830108
vt 0.657533 0.916280
vt 0.676498 0.920981
vt 0.667691 0.929321
vt 0.661062 0.925134
vt 0.641046 0.834932
vt 0.658197 0.830253
vt 0.657897 0.869120
vt 0.643950 0.867437
vt 0.665784 0.867868
vt 0.703245 0.839395
vt 0.711431 0.862528
vt 0.732162 0.844079
vt 0.730893 0.828260
vt 0.742637 0.841136
vt 0.750079 0.850389
vt 0.759867 0.892130
vt 0.743312 0.895192
vt 0.718699 0.883066
vt 0.435267 0.861305
vt 0.422252 0.860234
vt 0.418357 0.853196
vt 0.431029 0.839272
vt 0.379612 0.849043
vt 0.405764 0.845029
vt 0.404813 0.854704
vt 0.367752 0.858061
vt 0.367752 0.838341
vt 0.367752 0.875778
vt 0.404406 0.903081
vt 0.534567 0.827745
vt 0.543278 0.874720
vt 0.533533 0.875483
vt 0.569440 0.869093
vt 0.561989 0.809903
vt 0.607340 0.862304
vt 0.601314 0.817571
vt 0.442941 0.847475
vt 0.455555 0.854556
vt 0.450863 0.858271
vt 0.469817 0.851497
vt 0.451263 0.839633
vt 0.690642 0.920317
vt 0.710898 0.891646
vt 0.650352 0.908827
vt 0.654598 0.916360
vt 0.621043 0.895261
vt 0.612990 0.904246
vt 0.576904 0.928393
vt 0.590764 0.903454
vt 0.566944 0.928645
vt 0.553341 0.928989
vt 0.542440 0.919385
vt 0.532771 0.910668
vt 0.524592 0.897436
vt 0.514326 0.894573
vt 0.489598 0.897531
vt 0.507861 0.901057
vt 0.473181 0.907639
vt 0.461890 0.914591
vt 0.439313 0.907120
vt 0.427721 0.908628
vt 0.602944 0.898467
vt 0.646994 0.901492
vt 0.630780 0.895465
vn -0.906974 -0.123491 -0.402675
vn -0.918602 -0.146198 -0.367146
vn -0.891142 -0.138640 -0.432023
vn -0.894999 -0.160833 -0.416064
vn -0.891147 -0.264109 -0.368923
vn -0.928103 -0.101834 -0.358126
vn -0.946058 -0.115179 -0.302832
vn -0.966017 -0.092512 -0.241357
vn -0.951640 -0.077092 -0.297386
vn -0.956941 -0.071728 -0.281282
vn -0.967555 -0.076364 -0.240844
vn -0.960600 -0.067667 -0.269570
vn -0.958518 -0.062009 -0.278207
vn -0.956201 -0.073662 -0.283291
vn -0.961515 -0.075116 -0.264285
vn -0.957807 -0.081559 -0.275598
vn -0.983084 -0.078903 -0.165291
vn -0.909772 -0.127870 -0.394924
vn -0.870850 -0.186771 -0.454684
vn -0.873786 -0.217372 -0.435027
vn -0.919771 -0.178201 -0.349664
vn -0.936783 -0.158922 -0.311740
vn -0.936075 -0.221139 -0.273607
vn -0.960105 -0.148810 -0.236756
vn -0.924962 -0.138837 -0.353794
vn -0.973700 -0.177525 -0.142805
vn -0.987205 -0.132360 -0.088925
vn -0.976233 -0.163695 -0.142029
vn -0.975570 -0.173842 -0.134324
vn -0.999346 -0.027858 -0.023072
vn -0.985142 -0.065055 -0.158941
vn -0.943289 -0.187678 -0.273832
vn -0.874899 -0.219791 -0.431560
vn -0.970732 0.209112 -0.118117
vn -0.998774 0.017588 -0.046285
vn -0.968749 0.206005 -0.138159
vn -0.995654 0.012265 -0.092315
vn -0.998592 -0.016442 -0.050434
vn -0.995132 0.002315 -0.098528
vn -0.966502 0.110569 -0.231622
vn -0.933681 0.310483 -0.178440
vn -0.809002 0.550526 -0.206004
vn -0.903873 0.383916 -0.188736
vn -0.396804 -0.169921 -0.902039
vn -0.409546 -0.217312 -0.886029
vn -0.700606 -0.055128 -0.711416
vn -0.797682 0.028293 -0.602414
vn -0.854389 -0.124910 -0.504398
vn -0.262025 -0.079783 -0.961758
vn -0.295747 -0.388644 -0.872634
vn -0.730818 0.630919 -0.260474
vn -0.760250 0.601431 -0.245563
vn -0.391343 -0.092464 -0.915588
vn 0.052239 0.197874 -0.978834
vn -0.028535 0.144352 -0.989115
vn -0.182544 0.143846 -0.972618
vn 0.964920 0.148659 -0.216404
vn 0.968228 0.158031 -0.193806
vn 0.963106 0.208907 -0.169661
vn 0.923410 0.332625 -0.191508
vn 0.949651 0.300987 -0.087002
vn 0.970560 0.145297 -0.192097
vn 0.973012 0.145015 -0.179496
vn 0.973089 0.138090 -0.184468
vn 0.970490 0.139291 -0.196842
vn 0.975656 0.125528 -0.179830
vn 0.975302 0.137216 -0.173082
vn 0.974148 0.124337 -0.188617
vn 0.970954 0.135998 -0.196856
vn 0.973256 0.112555 -0.200262
vn 0.977623 0.117579 -0.174440
vn 0.978081 0.107461 -0.178354
vn 0.976346 0.106907 -0.187934
vn 0.970526 0.089326 -0.223831
vn 0.975898 0.120117 -0.182195
vn 0.972200 0.114291 -0.204365
vn 0.978040 0.112727 -0.175303
vn 0.973603 0.111222 -0.199316
vn 0.975830 0.103893 -0.192258
vn 0.978893 0.117747 -0.167043
vn 0.978370 0.130666 -0.160370
vn 0.976270 0.094203 -0.194994
vn 0.980154 0.088771 -0.177252
vn 0.983273 0.088127 -0.159398
vn 0.980100 0.092752 -0.175501
vn 0.978551 0.086627 -0.186905
vn 0.978410 0.086459 -0.187721
vn 0.974424 0.093484 -0.204349
vn 0.976790 0.099912 -0.189469
vn 0.969207 0.169686 -0.178452
vn 0.977601 0.098431 -0.186029
vn 0.969209 0.169686 -0.178441
vn 0.975595 0.081799 -0.203772
vn 0.971742 0.103066 -0.212355
vn 0.966247 0.108563 -0.233624
vn 0.977288 0.098227 -0.187778
vn 0.977594 0.017488 -0.209771
vn 0.977280 0.100390 -0.186668
vn 0.976524 0.098075 -0.191786
vn 0.845725 0.159303 0.509286
vn 0.819032 0.277447 0.502205
vn 0.973100 -0.225415 -0.047587
vn 0.912037 0.256284 0.320167
vn 0.897345 0.438045 0.053739
vn 0.866820 0.250219 0.431293
vn -0.439149 -0.794880 -0.418705
vn 0.977471 0.096517 -0.187711
vn 0.975652 0.094869 -0.197745
vn 0.826372 0.306394 0.472474
vn 0.816889 0.428155 0.386492
vn 0.837271 0.310515 0.450065
vn 0.847997 0.261062 0.461246
vn 0.967512 0.229541 -0.105978
vn 0.966769 0.252262 -0.041499
vn 0.968689 0.234665 -0.081081
vn 0.974337 0.221894 -0.037827
vn 0.997796 -0.044446 0.049278
vn 0.954047 0.212968 -0.210806
vn 0.956460 0.212090 -0.200503
vn 0.953870 0.201170 -0.222849
vn 0.952417 0.204110 -0.226364
vn 0.956569 0.180262 -0.229088
vn 0.955468 0.199732 -0.217229
vn 0.954983 0.183002 -0.233490
vn 0.951401 0.198165 -0.235728
vn 0.954927 0.163828 -0.247538
vn 0.960365 0.171526 -0.219722
vn 0.961249 0.155162 -0.227869
vn 0.969579 0.227025 -0.091521
vn 0.954203 0.131214 -0.268849
vn 0.689760 0.202255 -0.695215
vn 0.892561 0.318246 -0.319459
vn 0.819596 0.231336 -0.524161
vn 0.953520 0.282744 -0.104193
vn 0.664960 0.185544 -0.723465
vn 0.649791 0.176156 -0.739419
vn 0.681594 0.197409 -0.704599
vn 0.640769 0.171963 -0.748227
vn 0.625831 0.232638 -0.744456
vn 0.687879 0.159396 -0.708107
vn 0.771673 0.236537 -0.590399
vn 0.616120 0.152621 -0.772724
vn 0.544386 0.126380 -0.829260
vn 0.522983 0.130561 -0.842284
vn 0.509668 0.243248 -0.825269
vn 0.532467 0.241742 -0.811197
vn 0.587954 0.221676 -0.777927
vn 0.532456 0.241729 -0.811208
vn 0.565637 0.189099 -0.802681
vn 0.523704 0.138957 -0.840491
vn 0.490331 0.132672 -0.861379
vn 0.534215 0.183149 -0.825270
vn 0.368486 0.158430 -0.916034
vn 0.297330 0.089634 -0.950558
vn 0.236906 -0.057115 -0.969852
vn 0.332632 0.135129 -0.933325
vn 0.372809 0.221705 -0.901033
vn 0.328757 0.166974 -0.929537
vn 0.285550 0.206690 -0.935810
vn 0.323765 0.099024 -0.940941
vn 0.237187 0.179647 -0.954709
vn 0.296075 0.216589 -0.930284
vn 0.532189 0.181906 -0.826852
vn 0.523184 0.181000 -0.832777
vn 0.256428 0.193689 -0.946958
vn 0.245931 0.170091 -0.954247
vn 0.245917 0.170055 -0.954257
vn 0.245919 0.170090 -0.954250
vn 0.078789 -0.035143 -0.996272
vn 0.087520 -0.027822 -0.995774
vn 0.076348 -0.028713 -0.996668
vn 0.077261 -0.014283 -0.996909
vn 0.073375 0.001671 -0.997303
vn 0.049727 -0.039308 -0.997989
vn 0.066877 -0.039335 -0.996986
vn 0.047565 -0.049904 -0.997621
vn 0.033874 -0.048084 -0.998269
vn 0.022271 -0.076543 -0.996818
vn 0.060593 -0.052379 -0.996787
vn 0.015945 -0.078019 -0.996824
vn 0.028284 -0.052216 -0.998235
vn -0.050546 -0.105905 -0.993091
vn -0.035826 -0.098701 -0.994472
vn -0.196238 -0.142593 -0.970133
vn 0.038203 -0.174098 -0.983987
vn 0.231806 -0.062880 -0.970728
vn -0.834672 -0.257588 -0.486797
vn -0.847241 -0.232318 -0.477714
vn -0.692231 -0.271822 -0.668528
vn -0.295358 -0.205279 -0.933073
vn -0.858140 -0.255800 -0.445155
vn -0.832242 -0.271586 -0.483336
vn -0.865133 -0.270461 -0.422370
vn -0.818329 -0.264911 -0.510059
vn -0.816888 -0.268234 -0.510632
vn -0.762115 -0.283042 -0.582296
vn -0.780281 -0.277815 -0.560339
vn -0.766866 -0.333058 -0.548625
vn -0.581821 -0.346327 -0.735896
vn -0.557909 -0.370298 -0.742710
vn -0.766101 -0.458989 -0.449909
vn -0.708610 -0.315125 -0.631323
vn -0.712678 -0.410881 -0.568566
vn -0.445457 0.093014 -0.890459
vn -0.849451 -0.310829 -0.426401
vn -0.662538 -0.378416 -0.646409
vn -0.608211 -0.365516 -0.704612
vn -0.602669 -0.644078 -0.471119
vn -0.879331 -0.324236 -0.348781
vn -0.628061 -0.681754 -0.375169
vn -0.572502 -0.631050 -0.523466
vn -0.470813 -0.194832 -0.860451
vn -0.763662 -0.133152 -0.631737
vn -0.593575 -0.371794 -0.713749
vn -0.852012 -0.182811 -0.490566
vn -0.591569 -0.769220 -0.241550
vn -0.653927 0.013317 -0.756440
vn 0.287181 -0.453279 0.843840
vn -0.625611 -0.637583 -0.449555
vn -0.585871 -0.630740 -0.508844
vn -0.838371 0.163964 -0.519855
vn -0.368331 0.232618 -0.900123
vn -0.911927 0.353976 -0.207583
vn -0.366303 0.404831 -0.837815
vn 0.902270 -0.400657 0.159321
vn 0.892510 -0.414764 0.177193
vn 0.871081 -0.457903 0.177604
vn 0.759050 -0.650148 0.033936
vn 0.757044 -0.652530 0.032989
vn 0.847776 -0.420113 0.323698
vn 0.871458 -0.420133 0.253079
vn 0.873781 -0.412423 0.257709
vn 0.850911 -0.413013 0.324609
vn 0.901479 -0.411401 0.134481
vn 0.901687 -0.400887 0.162018
vn 0.905498 -0.408672 0.114287
vn 0.907584 -0.401152 0.123970
vn 0.897451 -0.419081 0.137672
vn 0.905210 -0.416365 0.085058
vn 0.899202 -0.428660 0.087679
vn 0.896477 -0.436816 0.074306
vn 0.898313 -0.431618 0.082092
vn 0.901650 -0.427346 0.066359
vn 0.899198 -0.432248 0.067863
vn 0.902497 -0.426173 0.062259
vn 0.902013 -0.427409 0.060785
vn 0.887561 -0.446466 0.113590
vn 0.892851 -0.441571 0.088504
vn 0.901227 -0.427943 0.068232
vn 0.880092 -0.468418 0.077612
vn 0.874387 -0.464046 0.141805
vn 0.880650 -0.466265 0.083983
vn 0.874276 -0.475854 0.095938
vn 0.895577 -0.432042 -0.106213
vn 0.864543 -0.489562 0.113557
vn 0.863358 -0.487278 0.131047
vn 0.844597 -0.506240 0.174291
vn 0.866890 -0.474194 0.153760
vn 0.928209 -0.353672 -0.115520
vn 0.971587 -0.182301 0.150946
vn 0.928237 -0.371771 0.012786
vn 0.857864 -0.488722 0.158812
vn 0.860130 -0.487774 0.149175
vn 0.971208 -0.152790 0.182785
vn 0.872659 -0.285606 0.396100
vn 0.942570 -0.025887 0.333003
vn 0.882985 -0.212423 0.418587
vn 0.564356 -0.526609 0.635755
vn 0.561012 -0.524687 0.640289
vn 0.567706 -0.523337 0.635475
vn 0.573455 -0.522233 0.631207
vn 0.558849 -0.550778 0.619945
vn 0.601065 -0.510768 0.614685
vn 0.564382 -0.546524 0.618696
vn 0.940065 -0.027051 0.339920
vn 0.937969 -0.024020 0.345887
vn 0.566249 -0.525049 0.635363
vn 0.576519 -0.515371 0.634049
vn 0.520350 -0.531572 0.668331
vn 0.562787 -0.522487 0.640529
vn -0.758078 0.355510 0.546746
vn -0.959616 0.159217 0.231919
vn -0.931471 0.354167 0.083229
vn -0.952995 0.121450 0.277578
vn -0.952260 0.115954 0.282409
vn -0.936170 0.107496 0.334708
vn -0.943012 0.106980 0.315094
vn -0.953262 0.100761 0.284849
vn -0.935359 0.101455 0.338837
vn -0.954166 0.095837 0.283519
vn -0.942836 0.100722 0.317671
vn -0.955989 0.098865 0.276242
vn -0.956566 0.104572 0.272114
vn -0.954252 0.099828 0.281847
vn -0.957808 0.100547 0.269247
vn -0.950279 0.091861 0.297543
vn -0.951528 0.091714 0.293571
vn -0.942431 0.098705 0.319501
vn -0.870137 0.099609 0.482639
vn -0.892185 0.089460 0.442722
vn -0.923249 0.101894 0.370445
vn -0.920260 0.100662 0.378138
vn -0.817244 0.046658 0.574400
vn -0.849971 0.098194 0.517598
vn -0.811735 0.074220 0.579291
vn -0.750586 0.014033 0.660624
vn -0.724184 0.029733 0.688966
vn -0.685834 0.043756 0.726442
vn -0.701367 0.030058 0.712166
vn -0.709677 0.065377 0.701488
vn -0.704607 0.057554 0.707260
vn -0.733653 0.073932 0.675490
vn -0.633264 0.063952 0.771289
vn -0.647226 0.075403 0.758560
vn -0.475309 0.251419 0.843131
vn 0.343387 0.349968 0.871555
vn -0.697406 0.087773 0.711281
vn -0.599943 0.031674 0.799415
vn -0.635903 0.042999 0.770570
vn -0.696732 0.038315 0.716308
vn -0.700867 0.120458 0.703047
vn -0.558444 -0.126120 0.819899
vn -0.594994 -0.197109 0.779186
vn -0.707259 0.216726 0.672915
vn -0.652722 0.238003 0.719241
vn -0.635198 0.139613 0.759626
vn -0.592500 0.170446 0.787332
vn -0.326902 0.408545 0.852189
vn -0.588026 0.038406 0.807929
vn -0.311345 0.399114 0.862423
vn -0.953620 0.055887 -0.295781
vn -0.864211 -0.047452 0.500888
vn -0.611050 -0.009365 0.791537
vn -0.638623 -0.036147 0.768670
vn -0.678020 0.153766 0.718781
vn -0.670846 0.208756 0.711608
vn -0.059233 -0.112902 0.991839
vn -0.098779 -0.181144 0.978483
vn -0.034533 -0.043563 0.998454
vn -0.057319 0.046153 0.997289
vn 0.524355 -0.674056 0.520288
vn 0.520833 -0.620861 0.585888
vn 0.519141 -0.673378 0.526360
vn 0.268572 -0.316464 0.909791
vn 0.519028 0.208250 0.829001
vn 0.676541 -0.399572 0.618575
vn 0.451346 0.086990 0.888099
vn 0.432730 -0.376039 0.819353
vn 0.638613 -0.416822 0.646865
vn 0.712145 0.195111 0.674375
vn 0.499577 -0.636932 0.587145
vn 0.334378 -0.666680 0.666130
vn 0.330708 -0.663746 0.670875
vn 0.666867 -0.411177 0.621467
vn 0.763627 -0.236736 0.600691
vn 0.938556 -0.210689 0.273356
vn 0.778162 0.219457 0.588475
vn 0.473351 -0.657222 0.586513
vn 0.359310 -0.745412 0.561478
vn 0.589122 -0.097416 0.802150
vn 0.783213 -0.186713 0.593056
vn 0.497857 -0.683393 0.533959
vn 0.453387 -0.685446 0.569741
vn 0.359437 -0.672009 0.647464
vn 0.594092 -0.624138 0.507451
vn 0.640105 -0.635736 0.431400
vn 0.565504 0.146941 0.811550
vn 0.819201 -0.507145 0.267794
vn 0.221207 0.422930 -0.878748
vn 0.353808 0.606386 -0.712121
vn 0.290672 0.695864 -0.656722
vn 0.341126 0.652282 -0.676876
vn 0.348234 0.699325 -0.624242
vn 0.483580 0.355098 -0.800035
vn 0.476807 0.242543 -0.844883
vn 0.540279 0.230700 -0.809244
vn 0.536391 0.233499 -0.811026
vn 0.495843 0.227208 -0.838162
vn 0.528957 0.231110 -0.816573
vn 0.501890 0.223815 -0.835472
vn 0.528671 0.233119 -0.816187
vn 0.468680 0.221461 -0.855157
vn 0.470524 0.228438 -0.852305
vn 0.444052 0.225011 -0.867287
vn 0.595939 0.157618 -0.787409
vn 0.652622 0.183158 -0.735213
vn -0.126321 0.292645 -0.947841
vn -0.124456 0.288890 -0.949238
vn 0.197249 0.241726 -0.950085
vn 0.473175 0.195263 -0.859056
vn -0.146284 0.282393 -0.948080
vn -0.123735 0.295020 -0.947446
vn -0.141214 0.281585 -0.949088
vn -0.186691 0.267681 -0.945248
vn -0.164168 0.263479 -0.950593
vn -0.188924 0.264163 -0.945794
vn -0.183242 0.269841 -0.945309
vn -0.271839 0.233491 -0.933588
vn -0.119482 0.223298 -0.967400
vn -0.198457 0.200691 -0.959343
vn -0.436321 0.202383 -0.876735
vn -0.378537 0.442523 -0.812947
vn -0.418826 0.210547 -0.883321
vn -0.041492 0.763665 -0.644278
vn -0.434492 0.202325 -0.877657
vn -0.441046 0.196234 -0.875769
vn -0.456802 0.204345 -0.865780
vn -0.442811 0.183660 -0.877603
vn -0.507327 0.207659 -0.836360
vn -0.511384 0.124925 -0.850224
vn -0.459746 0.178034 -0.870022
vn -0.831774 -0.053295 -0.552550
vn -0.690364 0.147490 -0.708269
vn -0.921246 -0.118960 -0.370344
vn -0.912923 -0.052298 -0.404767
vn -0.595353 -0.208536 -0.775930
vn -0.944320 -0.124049 -0.304747
vn -0.944533 -0.116977 -0.306877
vn -0.462063 0.176150 -0.869177
vn -0.445441 0.181025 -0.876819
vn -0.941066 -0.123088 -0.315030
vn -0.943400 -0.130734 -0.304805
vn -0.939239 -0.136881 -0.314791
vn -0.939417 -0.136440 -0.314453
vn 0.227132 -0.262432 0.937838
vn 0.269037 0.059497 0.961290
vn -0.390522 -0.196083 0.899469
vn -0.313159 -0.026767 0.949324
vn 0.545755 -0.135170 0.826971
vn 0.467631 -0.164340 0.868512
vn 0.517622 0.114752 0.847879
vn 0.388223 -0.283160 0.876986
vn 0.291932 -0.338797 0.894423
vn 0.510875 -0.472021 0.718473
vn 0.423093 -0.487726 0.763620
vn 0.105065 0.113009 0.988023
vn 0.335030 -0.254857 0.907085
vn 0.079983 -0.233860 0.968975
vn 0.378080 -0.243194 0.893259
vn 0.403134 0.201302 0.892726
vn 0.345222 -0.270501 0.898694
vn 0.395636 0.179153 0.900765
vn -0.373048 -0.034082 0.927186
vn 0.012484 -0.244777 0.969499
vn -0.349848 -0.185009 0.918356
vn -0.139590 -0.122535 0.982599
vn -0.172383 0.071349 0.982443
vn 0.514053 -0.674690 0.529663
vn 0.474992 -0.689670 0.546569
vn 0.171185 -0.641110 0.748113
vn 0.287966 -0.651740 0.701648
vn 0.146559 -0.633505 0.759731
vn 0.265690 -0.677688 0.685673
vn 0.241363 -0.642379 0.727388
vn 0.262969 -0.649730 0.713231
vn 0.157237 -0.625555 0.764171
vn 0.004993 -0.400923 0.916098
vn 0.127628 -0.602418 0.787911
vn 0.290478 -0.316417 0.903052
vn -0.240143 -0.366312 0.898970
vn -0.003012 -0.416010 0.909355
vn -0.192296 -0.334151 0.922695
vn -0.183521 -0.315698 0.930943
vn -0.434629 -0.260938 0.861980
vn -0.005692 -0.551960 0.833851
vn 0.450168 -0.630039 0.632771
vn 0.143504 -0.661238 0.736322
vn 0.462006 -0.645372 0.608314
vn -0.533092 -0.293179 0.793637
vn -0.676071 -0.212744 0.705456
vn -0.527532 -0.242669 0.814139
vn -0.645164 -0.120879 0.754421
vn 0.098400 -0.823461 0.558775
vn 0.033935 -0.837994 0.544623
vn 0.063252 -0.811705 0.580633
vn -0.351602 -0.568189 0.744001
vn -0.200002 -0.214545 0.956018
vn -0.044003 -0.179094 0.982847
vn -0.179281 -0.496192 0.849501
vn 0.271035 -0.539020 0.797495
vn 0.222704 -0.594421 0.772701
vn 0.160102 -0.134639 0.977875
vn 0.161238 -0.813270 0.559102
vn -0.139330 -0.850698 0.506854
vn -0.155950 -0.845650 0.510447
vn 0.136586 -0.680241 0.720150
vn 0.228926 -0.534890 0.813317
vn 0.615613 -0.463438 0.637374
vn 0.042855 -0.085007 0.995458
vn 0.015413 -0.864238 0.502847
vn -0.057650 -0.907419 0.416254
vn -0.022423 -0.407686 0.912847
vn 0.255198 -0.486758 0.835429
vn 0.047548 -0.866558 0.496807
vn -0.005199 -0.866605 0.498968
vn -0.129527 -0.851115 0.508749
vn 0.140012 -0.839755 0.524603
vn 0.223055 -0.844090 0.487605
vn -0.039448 -0.170977 0.984485
vn 0.471245 -0.728356 0.497419
vn -0.813129 -0.311015 0.492027
vn -0.380931 -0.400424 0.833398
vn -0.765050 -0.136685 0.629298
vn -0.290016 -0.176585 0.940589
vn -0.038427 -0.320640 0.946421
vn -0.095674 -0.247537 0.964143
vn -0.128553 -0.231962 0.964193
vn -0.197074 -0.302907 0.932421
vn -0.048443 -0.281915 0.958216
vn 0.103869 -0.689410 0.716885
vn 0.011441 -0.719838 0.694048
vn -0.441913 -0.184302 0.877921
vn -0.195666 -0.460918 0.865604
vn -0.439694 -0.416614 0.795677
vn -0.212522 -0.499743 0.839697
vn -0.228321 -0.145324 0.962679
vn -0.324697 -0.416931 0.848964
vn -0.216411 -0.161963 0.962774
vn -0.863238 -0.118763 0.490627
vn -0.495112 -0.412082 0.764887
vn -0.817478 -0.344226 0.461778
vn -0.671898 -0.266009 0.691225
vn -0.730668 -0.091857 0.676526
vn -0.021385 -0.814686 0.579508
vn -0.045170 -0.813296 0.580095
vn -0.391697 -0.715627 0.578318
vn -0.232430 -0.771250 0.592579
vn -0.384758 -0.802816 0.455465
vn -0.218827 -0.878934 0.423780
vn -0.226771 -0.834767 0.501735
vn -0.110783 -0.825748 0.553053
vn -0.249217 -0.778243 0.576393
vn -0.524237 -0.571983 0.630882
vn -0.333757 -0.756945 0.561819
vn -0.589205 -0.556080 0.586184
vn -0.070322 -0.972806 0.220689
vn -0.603050 -0.706535 0.370322
vn -0.592128 -0.681245 0.430453
vn -0.551477 -0.686783 0.473501
vn -0.743252 -0.602627 0.290547
vn -0.344909 -0.810410 0.473574
vn -0.242850 -0.815117 0.525936
vn -0.411339 -0.694060 0.590830
vn -0.125621 -0.746348 0.653593
vn -0.571411 -0.158639 0.805185
vn -0.429735 -0.322021 0.843582
vn -0.363982 -0.382754 0.849127
vn -0.389937 -0.340390 0.855619
vn 0.183134 -0.883724 0.430689
vn 0.144539 -0.861512 0.486730
vn 0.171173 -0.883659 0.435714
vn -0.224923 -0.629200 0.743988
vn 0.045276 -0.151653 0.987396
vn 0.277507 -0.679281 0.679387
vn -0.043574 -0.270155 0.961830
vn -0.031430 -0.672196 0.739706
vn 0.236827 -0.699320 0.674436
vn 0.289070 -0.149417 0.945576
vn 0.147598 -0.863460 0.482339
vn -0.034640 -0.887384 0.459727
vn -0.040168 -0.885474 0.462949
vn 0.276569 -0.692105 0.666708
vn 0.370800 -0.539283 0.756096
vn 0.683843 -0.443810 0.579130
vn 0.388759 -0.111456 0.914573
vn 0.125505 -0.877905 0.462095
vn 0.038572 -0.932908 0.358042
vn 0.119663 -0.441237 0.889377
vn 0.391540 -0.493531 0.776610
vn 0.166010 -0.891202 0.422136
vn 0.114195 -0.895730 0.429684
vn -0.003641 -0.890915 0.454155
vn 0.269457 -0.843355 0.464915
vn 0.346893 -0.838605 0.420010
vn 0.094095 -0.211577 0.972821
vn 0.583047 -0.698662 0.414642
vn -0.703739 -0.207733 0.679410
vn -0.291937 -0.359228 0.886413
vn -0.603252 -0.086738 0.792820
vn -0.137800 -0.216998 0.966397
vn -0.230344 -0.542370 0.807946
vn -0.158205 -0.274986 0.948343
vn -0.064060 -0.324217 0.943811
vn -0.115143 -0.202686 0.972451
vn -0.047897 -0.241879 0.969124
vn -0.145256 -0.463209 0.874265
vn -0.161842 -0.479592 0.862438
vn -0.325067 -0.303960 0.895511
vn -0.155160 -0.555281 0.817061
vn -0.342819 -0.479829 0.807613
vn -0.125006 -0.564412 0.815974
vn -0.156725 -0.256658 0.953711
vn -0.137722 -0.586966 0.797812
vn -0.128305 -0.214982 0.968153
vn -0.709449 0.026369 0.704263
vn -0.407701 -0.499864 0.764144
vn -0.697082 -0.368265 0.615190
vn -0.632251 -0.145525 0.760974
vn -0.578588 -0.099834 0.809487
vn 0.149113 -0.887401 0.436218
vn 0.112610 -0.897341 0.426731
vn -0.214627 -0.851367 0.478654
vn -0.079538 -0.869085 0.488227
vn -0.222875 -0.857709 0.463316
vn -0.082476 -0.890486 0.447474
vn -0.139041 -0.868162 0.476405
vn -0.119392 -0.873750 0.471495
vn -0.237164 -0.848673 0.472766
vn -0.416197 -0.574405 0.704869
vn -0.295628 -0.828312 0.475923
vn -0.571271 -0.492636 0.656475
vn -0.199475 -0.963850 0.176643
vn -0.650687 -0.629363 0.424863
vn -0.626679 -0.610995 0.483692
vn -0.581510 -0.626314 0.519208
vn -0.727138 -0.404720 0.554501
vn -0.470666 -0.469300 0.747149
vn 0.103299 -0.850772 0.515283
vn -0.248006 -0.860373 0.445254
vn 0.073962 -0.868595 0.489971
vn 0.639008 -0.368760 0.675044
vn 0.480154 -0.340878 0.808241
vn 0.724916 -0.235595 0.647296
vn 0.525211 -0.116168 0.843006
vn 0.421153 -0.874724 -0.239768
vn 0.468966 -0.863020 -0.187797
vn 0.423612 -0.876885 -0.227212
vn 0.654479 -0.710594 0.258291
vn 0.968278 -0.216747 0.124334
vn 0.692394 -0.677470 -0.248244
vn 0.919991 -0.345282 0.185465
vn 0.688212 -0.722743 0.063307
vn 0.678345 -0.703120 -0.213237
vn 0.977564 -0.173741 -0.119088
vn 0.465214 -0.864138 -0.191941
vn 0.404653 -0.914149 -0.024236
vn 0.406746 -0.913365 -0.017946
vn 0.679262 -0.689292 -0.251952
vn 0.792515 -0.530920 -0.300075
vn 0.687856 -0.375194 -0.621356
vn 0.969344 -0.118615 -0.215178
vn 0.440268 -0.880255 -0.176959
vn 0.318334 -0.940034 -0.122476
vn 0.875408 -0.483153 -0.014951
vn 0.818781 -0.484187 -0.308483
vn 0.408953 -0.884092 -0.226138
vn 0.405497 -0.897122 -0.175343
vn 0.405420 -0.912421 -0.055874
vn 0.474065 -0.824200 -0.309769
vn 0.446269 -0.804180 -0.392605
vn 0.961511 -0.267130 0.064327
vn 0.495484 -0.629439 -0.598583
vn 0.186610 -0.307380 0.933110
vn 0.728425 -0.349338 0.589373
vn 0.253093 -0.167748 0.952788
vn 0.632391 -0.214722 0.744295
vn 0.795840 -0.327076 0.509569
vn 0.887918 -0.328149 0.322367
vn 0.910003 -0.302727 0.283285
vn 0.899495 -0.311126 0.306772
vn 0.886130 -0.423982 0.187117
vn 0.867524 -0.483530 0.116625
vn 0.802972 -0.546701 0.237391
vn 0.828453 -0.281649 0.484086
vn 0.731747 -0.648750 0.208975
vn 0.602447 -0.640476 0.476286
vn 0.752771 -0.636549 0.167755
vn 0.938115 -0.241460 0.248269
vn 0.726811 -0.659573 0.191595
vn 0.929302 -0.265880 0.256332
vn 0.280177 -0.148591 0.948378
vn 0.590572 -0.447253 0.671706
vn 0.172415 -0.294817 0.939870
vn 0.417132 -0.315404 0.852362
vn 0.410914 -0.065634 0.909308
vn 0.419415 -0.884013 -0.206424
vn 0.402217 -0.898732 -0.174651
vn 0.387717 -0.907891 0.159406
vn 0.424075 -0.905201 0.027784
vn 0.370754 -0.914258 0.163324
vn 0.382714 -0.923670 0.019079
vn 0.400330 -0.912593 0.083128
vn 0.399329 -0.914693 0.062244
vn 0.377443 -0.908274 0.180484
vn 0.385969 -0.692725 0.609230
vn 0.366706 -0.898903 0.239792
vn 0.736856 -0.546629 0.397793
vn 0.232868 -0.552893 0.800051
vn 0.521022 -0.627320 0.578797
vn 0.313144 -0.520278 0.794513
vn 0.333241 -0.501007 0.798713
vn 0.086711 -0.438106 0.894731
vn 0.482008 -0.650426 0.587039
vn 0.488869 -0.860958 -0.140568
vn 0.347818 -0.919404 0.183625
vn 0.457331 -0.881144 -0.120138
vn -0.721327 -0.312431 0.618122
vn -0.694977 -0.332529 0.637520
vn -0.701102 -0.274537 0.658092
vn -0.602240 -0.297610 0.740767
vn -0.101524 -0.850685 0.515780
vn -0.023589 -0.833057 0.552683
vn 0.011907 -0.860063 0.510050
vn -0.430884 -0.570024 0.699579
vn -0.268065 -0.501220 0.822751
vn -0.379040 -0.407977 0.830592
vn -0.247052 -0.648294 0.720195
vn 0.067285 -0.768116 0.636766
vn -0.116964 -0.634636 0.763908
vn -0.241431 -0.165724 0.956162
vn -0.098931 -0.381130 0.919213
vn 0.014016 -0.305490 0.952092
vn 0.027300 -0.139208 0.989887
vn 0.073738 -0.416975 0.905922
vn 0.186552 -0.222712 0.956869
vn 0.018981 -0.484819 0.874409
vn -0.087385 -0.501204 0.860905
vn 0.112899 -0.897719 0.425857
vn -0.502732 -0.286708 0.815512
vn -0.474680 -0.168720 0.863836
vn -0.901134 -0.136222 0.411584
vn -0.887905 -0.124674 0.442810
vn -0.305547 -0.141878 0.941548
vn -0.166313 -0.309422 0.936268
vn -0.237210 -0.375932 0.895771
vn -0.312015 -0.546372 0.777254
vn -0.174797 -0.546828 0.818795
vn -0.078279 -0.447230 0.890987
vn -0.339026 -0.377983 0.861505
vn -0.616008 -0.293488 0.731026
vn -0.457745 -0.564096 0.687215
vn -0.747426 -0.436300 0.500996
vn -0.343657 -0.602193 0.720599
vn -0.299895 -0.404159 0.864129
vn -0.367033 -0.634052 0.680635
vn -0.305666 -0.433279 0.847843
vn -0.843723 -0.128942 0.521063
vn -0.433572 -0.494727 0.753167
vn -0.923213 -0.161325 0.348785
vn -0.712714 -0.266536 0.648843
vn -0.691292 -0.192179 0.696551
vn -0.055998 -0.876062 0.478936
vn 0.078773 -0.914008 0.397974
vn -0.037792 -0.867070 0.496751
vn -0.064471 -0.865221 0.497229
vn -0.486968 -0.739912 0.464104
vn -0.401248 -0.773245 0.491012
vn -0.418734 -0.748487 0.514227
vn -0.308104 -0.790246 0.529701
vn -0.335430 -0.771228 0.541013
vn -0.314308 -0.787050 0.530813
vn -0.337012 -0.804216 0.489551
vn -0.737455 -0.530842 0.417573
vn -0.514424 -0.786733 0.341204
vn -0.256100 -0.658165 0.707978
vn -0.834603 -0.316629 0.450759
vn -0.872936 -0.349372 0.340472
vn -0.588497 -0.437901 0.679642
vn -0.850125 -0.284264 0.443262
vn -0.954320 -0.130815 0.268627
vn -0.626723 -0.340514 0.700906
vn -0.243189 -0.798394 0.550841
vn -0.097449 -0.836981 0.538486
vn -0.431039 -0.757435 0.490405
vn 0.098094 -0.161606 0.981968
vn 0.098098 -0.186095 0.977622
vn 0.130848 -0.106170 0.985701
vn 0.160548 -0.030980 0.986542
vn 0.386714 -0.821082 0.419852
vn 0.421052 -0.780721 0.461725
vn 0.409359 -0.809529 0.420817
vn 0.298194 -0.425934 0.854202
vn 0.414980 -0.257387 0.872665
vn 0.386256 -0.182863 0.904084
vn 0.363252 -0.556664 0.747110
vn 0.534503 -0.703248 0.468773
vn 0.455409 -0.549828 0.700208
vn 0.486116 0.221499 0.845357
vn 0.552753 -0.509696 0.659298
vn 0.665127 -0.021037 0.746434
vn 0.651532 0.300935 0.696380
vn 0.700069 -0.193404 0.687386
vn 0.773497 0.162635 0.612579
vn 0.654717 -0.280203 0.702019
vn 0.686716 -0.270278 0.674812
vn 0.489006 -0.706797 0.511186
vn 0.274652 -0.055878 0.959919
vn 0.287809 0.139617 0.947456
vn -0.076905 -0.063135 0.995038
vn -0.015141 0.011014 0.999825
vn 0.423673 0.215022 0.879924
vn 0.527182 0.015430 0.849613
vn 0.496910 -0.165868 0.851803
vn 0.394668 -0.375573 0.838560
vn 0.482987 -0.362832 0.796917
vn 0.580556 -0.263002 0.770574
vn 0.450817 -0.106431 0.886248
vn 0.183813 -0.074755 0.980115
vn 0.294511 -0.410557 0.862963
vn 0.051483 -0.331645 0.941998
vn 0.349318 -0.451889 0.820837
vn 0.423219 -0.145400 0.894285
vn 0.339037 -0.512645 0.788827
vn 0.432901 -0.194330 0.880246
vn -0.158635 -0.033904 0.986755
vn 0.314123 -0.250315 0.915789
vn -0.164387 -0.120187 0.979047
vn 0.153718 -0.113590 0.981564
vn 0.178608 0.064196 0.981824
vn 0.265952 -0.899871 0.345690
vn 0.190645 -0.902079 0.387180
vn 0.386103 -0.812826 0.436164
vn 0.367184 -0.805781 0.464643
vn 0.172490 -0.666569 0.725212
vn 0.224015 -0.697077 0.681103
vn 0.229558 -0.669743 0.706220
vn 0.291697 -0.716389 0.633798
vn 0.262273 -0.681153 0.683552
vn 0.274276 -0.703250 0.655905
vn 0.249241 -0.728263 0.638366
vn 0.063378 -0.447004 0.892284
vn 0.107748 -0.746229 0.656912
vn 0.331485 -0.498710 0.800878
vn -0.025607 -0.233572 0.972002
vn 0.004044 -0.376959 0.926221
vn 0.205234 -0.281616 0.937321
vn -0.034568 -0.209099 0.977283
vn -0.181833 -0.099771 0.978255
vn 0.183015 -0.160529 0.969916
vn 0.307865 -0.714469 0.628294
vn 0.398516 -0.779405 0.483438
vn 0.212315 -0.681484 0.700359
f 5/5/1 1/1/2 4/4/3
f 4/4/3 1/1/2 3/3/4
f 1/1/2 2/2/5 3/3/4
f 6/6/6 7/7/7 5/5/1
f 5/5/1 7/7/7 1/1/2
f 9/9/8 7/7/7 8/8/9
f 8/8/9 7/7/7 6/6/6
f 11/11/10 12/12/11 10/10/12
f 10/10/12 12/12/11 13/13/13
f 9/9/8 8/8/9 12/12/11
f 12/12/11 8/8/9 13/13/13
f 11/11/10 10/10/12 16/16/14
f 10/10/12 14/14/15 16/16/14
f 14/14/15 15/15/16 16/16/14
f 17/17/17 18/18/18 15/15/16
f 15/15/16 18/18/18 16/16/14
f 22/22/19 19/19/20 21/21/21
f 19/19/20 20/20/22 21/21/21
f 19/19/20 18/18/18 20/20/22
f 20/20/22 18/18/18 17/17/17
f 25/25/23 19/19/20 24/24/24
f 22/22/19 23/23/25 19/19/20
f 23/23/25 24/24/24 19/19/20
f 24/24/24 26/26/26 25/25/23
f 25/25/23 26/26/26 27/27/27
f 27/27/27 28/28/28 29/29/29
f 26/26/26 28/28/28 27/27/27
f 32/32/30 27/27/27 31/31/31
f 31/31/31 27/27/27 30/30/32
f 29/29/29 30/30/32 27/27/27
f 34/34/33 35/35/34 33/33/35
f 33/33/35 35/35/34 36/36/36
f 39/39/37 32/32/30 33/33/35
f 33/33/35 32/32/30 38/38/38
f 38/38/38 32/32/30 37/37/39
f 32/32/30 31/31/31 37/37/39
f 36/36/36 39/39/37 33/33/35
f 40/40/40 39/39/37 41/41/41
f 41/41/41 39/39/37 36/36/36
f 40/40/40 42/42/42 43/43/43
f 45/45/44 46/46/45 44/44/46
f 44/44/46 46/46/45 47/47/47
f 43/43/43 48/48/48 40/40/40
f 40/40/40 48/48/48 44/44/46
f 39/39/37 40/40/40 47/47/47
f 47/47/47 40/40/40 44/44/46
f 49/49/49 50/50/50 45/45/44
f 45/45/44 50/50/50 46/46/45
f 41/41/41 51/51/51 40/40/40
f 51/51/51 52/52/52 40/40/40
f 52/52/52 42/42/42 40/40/40
f 45/45/44 53/53/53 49/49/49
f 55/55/54 56/56/55 54/54/56
f 56/56/55 49/49/49 54/54/56
f 53/53/53 54/54/56 49/49/49
f 44/44/46 53/53/53 45/45/44
f 57/57/57 58/58/58 61/61/59
f 60/60/60 61/61/59 59/59/61
f 58/58/58 59/59/61 61/61/59
f 57/57/57 62/62/62 58/58/58
f 58/58/58 62/62/62 63/63/63
f 63/63/63 62/62/62 64/64/64
f 64/64/64 62/62/62 65/65/65
f 66/66/66 67/67/67 69/69/68
f 69/69/68 67/67/67 68/68/69
f 67/67/67 64/64/64 68/68/69
f 68/68/69 64/64/64 65/65/65
f 69/69/68 70/70/70 66/66/66
f 66/66/66 70/70/70 72/72/71
f 70/70/70 71/71/72 72/72/71
f 70/70/70 73/73/73 71/71/72
f 71/71/72 73/73/73 74/74/74
f 76/76/75 77/77/76 75/75/77
f 75/75/77 77/77/76 78/78/78
f 75/75/77 78/78/78 73/73/73
f 73/73/73 78/78/78 74/74/74
f 80/80/79 81/81/80 75/75/77
f 76/76/75 75/75/77 79/79/81
f 79/79/81 75/75/77 81/81/80
f 80/80/79 82/82/82 81/81/80
f 81/81/80 82/82/82 83/83/83
f 82/82/82 84/84/84 85/85/85
f 83/83/83 82/82/82 85/85/85
f 82/82/82 86/86/86 84/84/84
f 84/84/84 86/86/86 88/88/87
f 86/86/86 87/87/88 88/88/87
f 90/90/89 91/91/90 89/89/91
f 89/89/91 91/91/90 92/92/92
f 86/86/86 93/93/93 87/87/88
f 89/89/91 94/94/94 93/93/93
f 94/94/94 95/95/95 93/93/93
f 93/93/93 95/95/95 87/87/88
f 90/90/89 89/89/91 93/93/93
f 97/97/96 90/90/89 96/96/97
f 96/96/97 90/90/89 93/93/93
f 96/96/97 98/98/98 99/99/99
f 102/102/100 103/103/101 101/101/102
f 100/100/103 101/101/102 103/103/101
f 100/100/103 104/104/104 96/96/97
f 96/96/97 104/104/104 98/98/98
f 100/100/103 96/96/97 101/101/102
f 101/101/102 96/96/97 93/93/93
f 103/103/101 102/102/100 105/105/105
f 105/105/105 102/102/100 106/106/106
f 97/97/96 96/96/97 107/107/107
f 99/99/99 108/108/108 96/96/97
f 107/107/107 96/96/97 108/108/108
f 103/103/101 105/105/105 112/112/109
f 111/111/110 112/112/109 110/110/111
f 110/110/111 112/112/109 109/109/112
f 105/105/105 109/109/112 112/112/109
f 100/100/103 103/103/101 112/112/109
f 114/114/113 115/115/114 113/113/115
f 115/115/114 116/116/116 113/113/115
f 113/113/115 116/116/116 117/117/117
f 113/113/115 118/118/118 114/114/113
f 114/114/113 118/118/118 119/119/119
f 119/119/119 118/118/118 120/120/120
f 120/120/120 118/118/118 121/121/121
f 122/122/122 123/123/123 125/125/124
f 125/125/124 123/123/123 124/124/125
f 123/123/123 120/120/120 124/124/125
f 124/124/125 120/120/120 121/121/121
f 125/125/124 126/126/126 122/122/122
f 122/122/122 126/126/126 128/128/127
f 126/126/126 127/127/128 128/128/127
f 126/126/126 129/129/129 127/127/128
f 127/127/128 129/129/129 130/130/130
f 132/132/131 133/133/132 131/131/133
f 131/131/133 133/133/132 134/134/134
f 131/131/133 134/134/134 129/129/129
f 129/129/129 134/134/134 130/130/130
f 131/131/133 136/136/135 132/132/131
f 132/132/131 136/136/135 135/135/136
f 135/135/136 136/136/135 137/137/137
f 136/136/135 138/138/138 137/137/137
f 137/137/137 138/138/138 139/139/139
f 138/138/138 140/140/140 141/141/141
f 139/139/139 138/138/138 141/141/141
f 138/138/138 142/142/142 140/140/140
f 140/140/140 142/142/142 144/144/143
f 142/142/142 143/143/144 144/144/143
f 146/146/145 147/147/146 145/145/147
f 145/145/147 147/147/146 148/148/148
f 149/149/149 145/145/147 142/142/142
f 145/145/147 150/150/150 142/142/142
f 150/150/150 151/151/151 142/142/142
f 142/142/142 151/151/151 143/143/144
f 146/146/145 145/145/147 149/149/149
f 153/153/152 146/146/145 152/152/153
f 152/152/153 146/146/145 149/149/149
f 152/152/153 154/154/154 155/155/155
f 157/157/156 158/158/157 156/156/158
f 156/156/158 158/158/157 159/159/159
f 156/156/158 160/160/160 152/152/153
f 152/152/153 160/160/160 154/154/154
f 156/156/158 152/152/153 157/157/156
f 157/157/156 152/152/153 149/149/149
f 161/161/161 159/159/159 162/162/162
f 162/162/162 159/159/159 158/158/157
f 153/153/152 152/152/153 163/163/163
f 155/155/155 164/164/164 152/152/153
f 163/163/163 152/152/153 164/164/164
f 159/159/159 161/161/161 168/168/165
f 161/161/161 165/165/166 168/168/165
f 166/166/167 167/167/168 165/165/166
f 165/165/166 167/167/168 168/168/165
f 156/156/158 159/159/159 168/168/165
f 170/170/169 171/171/170 169/169/171
f 171/171/170 172/172/172 169/169/171
f 169/169/171 172/172/172 173/173/173
f 169/169/171 174/174/174 170/170/169
f 170/170/169 174/174/174 175/175/175
f 175/175/175 174/174/174 176/176/176
f 176/176/176 174/174/174 177/177/177
f 178/178/178 179/179/179 181/181/180
f 181/181/180 179/179/179 180/180/181
f 179/179/179 176/176/176 180/180/181
f 180/180/181 176/176/176 177/177/177
f 181/181/180 182/182/182 178/178/178
f 178/178/178 182/182/182 184/184/183
f 182/182/182 183/183/184 184/184/183
f 182/182/182 185/185/185 183/183/184
f 183/183/184 185/185/185 186/186/186
f 188/188/187 189/189/188 187/187/189
f 187/187/189 189/189/188 190/190/190
f 187/187/189 190/190/190 185/185/185
f 185/185/185 190/190/190 186/186/186
f 187/187/189 192/192/191 188/188/187
f 188/188/187 192/192/191 191/191/192
f 191/191/192 192/192/191 193/193/193
f 192/192/191 194/194/194 193/193/193
f 193/193/193 194/194/194 195/195/195
f 194/194/194 196/196/196 197/197/197
f 195/195/195 194/194/194 197/197/197
f 194/194/194 198/198/198 196/196/196
f 196/196/196 198/198/198 200/200/199
f 198/198/198 199/199/200 200/200/199
f 202/202/201 203/203/202 201/201/203
f 201/201/203 203/203/202 204/204/204
f 205/205/205 201/201/203 198/198/198
f 201/201/203 206/206/206 198/198/198
f 206/206/206 207/207/207 198/198/198
f 198/198/198 207/207/207 199/199/200
f 202/202/201 201/201/203 205/205/205
f 209/209/208 202/202/201 208/208/209
f 208/208/209 202/202/201 205/205/205
f 208/208/209 210/210/210 211/211/211
f 215/215/212 212/212/213 214/214/214
f 212/212/213 213/213/215 214/214/214
f 212/212/213 216/216/216 208/208/209
f 208/208/209 216/216/216 210/210/210
f 212/212/213 208/208/209 213/213/215
f 213/213/215 208/208/209 205/205/205
f 217/217/217 215/215/212 218/218/218
f 218/218/218 215/215/212 214/214/214
f 209/209/208 208/208/209 219/219/219
f 219/219/219 208/208/209 220/220/220
f 208/208/209 211/211/211 220/220/220
f 215/215/212 217/217/217 224/224/221
f 217/217/217 221/221/222 224/224/221
f 224/224/221 221/221/222 223/223/223
f 221/221/222 222/222/224 223/223/223
f 212/212/213 215/215/212 224/224/221
f 229/229/225 225/225/226 228/228/227
f 228/228/227 225/225/226 227/227/228
f 225/225/226 226/226/229 227/227/228
f 230/230/230 231/231/231 229/229/225
f 229/229/225 231/231/231 225/225/226
f 232/232/232 233/233/233 230/230/230
f 230/230/230 233/233/233 231/231/231
f 235/235/234 236/236/235 234/234/236
f 234/234/236 236/236/235 237/237/237
f 233/233/233 232/232/232 236/236/235
f 236/236/235 232/232/232 237/237/237
f 235/235/234 234/234/236 240/240/238
f 234/234/236 238/238/239 240/240/238
f 238/238/239 239/239/240 240/240/238
f 241/241/241 242/242/242 239/239/240
f 239/239/240 242/242/242 240/240/238
f 246/246/243 243/243/244 245/245/245
f 243/243/244 244/244/246 245/245/245
f 243/243/244 242/242/242 244/244/246
f 244/244/246 242/242/242 241/241/241
f 249/249/247 243/243/244 248/248/248
f 246/246/243 247/247/249 243/243/244
f 247/247/249 248/248/248 243/243/244
f 250/250/250 251/251/251 248/248/248
f 248/248/248 251/251/251 249/249/247
f 251/251/251 252/252/252 253/253/253
f 250/250/250 252/252/252 251/251/251
f 251/251/251 253/253/253 256/256/254
f 253/253/253 254/254/255 256/256/254
f 254/254/255 255/255/256 256/256/254
f 258/258/257 259/259/258 257/257/259
f 257/257/259 259/259/258 260/260/260
f 263/263/261 256/256/254 257/257/259
f 257/257/259 256/256/254 262/262/262
f 262/262/262 256/256/254 261/261/263
f 256/256/254 255/255/256 261/261/263
f 260/260/260 263/263/261 257/257/259
f 260/260/260 265/265/264 263/263/261
f 264/264/265 263/263/261 265/265/264
f 264/264/265 266/266/266 267/267/267
f 269/269/268 270/270/269 268/268/270
f 268/268/270 270/270/269 271/271/271
f 268/268/270 264/264/265 272/272/272
f 264/264/265 267/267/267 272/272/272
f 263/263/261 264/264/265 271/271/271
f 271/271/271 264/264/265 268/268/270
f 273/273/273 274/274/274 269/269/268
f 269/269/268 274/274/274 270/270/269
f 265/265/264 275/275/275 264/264/265
f 275/275/275 276/276/276 264/264/265
f 276/276/276 266/266/266 264/264/265
f 277/277/277 278/278/278 269/269/268
f 269/269/268 278/278/278 273/273/273
f 273/273/273 278/278/278 280/280/279
f 278/278/278 279/279/280 280/280/279
f 268/268/270 277/277/277 269/269/268
f 284/284/281 285/285/282 283/283/283
f 283/283/283 285/285/282 282/282/284
f 281/281/285 282/282/284 285/285/282
f 281/281/285 286/286/286 282/282/284
f 282/282/284 286/286/286 287/287/287
f 287/287/287 286/286/286 288/288/288
f 288/288/288 286/286/286 289/289/289
f 291/291/290 292/292/291 290/290/292
f 290/290/292 292/292/291 293/293/293
f 291/291/290 288/288/288 292/292/291
f 292/292/291 288/288/288 289/289/289
f 293/293/293 294/294/294 290/290/292
f 290/290/292 294/294/294 296/296/295
f 294/294/294 295/295/296 296/296/295
f 294/294/294 297/297/297 295/295/296
f 295/295/296 297/297/297 298/298/298
f 300/300/299 301/301/300 299/299/301
f 299/299/301 301/301/300 302/302/302
f 302/302/302 298/298/298 299/299/301
f 299/299/301 298/298/298 297/297/297
f 299/299/301 304/304/303 300/300/299
f 300/300/299 304/304/303 303/303/304
f 303/303/304 304/304/303 305/305/305
f 305/305/305 304/304/303 307/307/306
f 307/307/306 304/304/303 306/306/307
f 306/306/307 308/308/308 309/309/309
f 307/307/306 306/306/307 309/309/309
f 310/310/310 311/311/311 306/306/307
f 311/311/311 312/312/312 306/306/307
f 308/308/308 306/306/307 312/312/312
f 313/313/313 314/314/314 316/316/315
f 316/316/315 314/314/314 315/315/316
f 317/317/317 313/313/313 310/310/310
f 313/313/313 318/318/318 310/310/310
f 318/318/318 319/319/319 310/310/310
f 310/310/310 319/319/319 311/311/311
f 314/314/314 313/313/313 317/317/317
f 314/314/314 317/317/317 321/321/320
f 320/320/321 321/321/320 317/317/317
f 320/320/321 322/322/322 323/323/323
f 325/325/324 326/326/325 324/324/326
f 324/324/326 326/326/325 327/327/327
f 320/320/321 324/324/326 322/322/322
f 322/322/322 324/324/326 328/328/328
f 324/324/326 320/320/321 325/325/324
f 325/325/324 320/320/321 317/317/317
f 329/329/329 327/327/327 330/330/330
f 330/330/330 327/327/327 326/326/325
f 321/321/320 320/320/321 331/331/331
f 331/331/331 320/320/321 332/332/332
f 320/320/321 323/323/323 332/332/332
f 329/329/329 333/333/333 327/327/327
f 333/333/333 334/334/334 327/327/327
f 334/334/334 335/335/335 327/327/327
f 327/327/327 335/335/335 336/336/336
f 324/324/326 327/327/327 336/336/336
f 462/462/337 463/463/338 353/353/339
f 353/353/339 463/463/338 350/350/340
f 370/370/341 371/371/342 369/369/343
f 369/369/343 371/371/342 372/372/344
f 373/373/345 456/456/346 366/366/347
f 366/366/347 456/456/346 457/457/348
f 455/455/349 456/456/346 373/373/345
f 454/454/350 455/455/349 373/373/345
f 376/376/351 378/378/352 379/379/353
f 383/383/354 453/453/355 382/382/356
f 382/382/356 453/453/355 381/381/357
f 380/380/358 384/384/359 376/376/351
f 376/376/351 384/384/359 378/378/352
f 453/453/355 454/454/350 381/381/357
f 381/381/357 454/454/350 373/373/345
f 385/385/360 383/383/354 386/386/361
f 386/386/361 383/383/354 382/382/356
f 377/377/362 376/376/351 387/387/363
f 379/379/353 388/388/364 376/376/351
f 387/387/363 376/376/351 388/388/364
f 392/392/365 383/383/354 391/391/366
f 385/385/360 389/389/367 383/383/354
f 383/383/354 389/389/367 391/391/366
f 389/389/367 390/390/368 391/391/366
f 380/380/358 383/383/354 392/392/365
f 393/393/369 394/394/370 397/397/371
f 395/395/372 396/396/373 394/394/370
f 394/394/370 396/396/373 397/397/371
f 394/394/370 393/393/369 399/399/374
f 399/399/374 393/393/369 398/398/375
f 399/399/374 398/398/375 400/400/376
f 400/400/376 398/398/375 401/401/377
f 402/402/378 403/403/379 405/405/380
f 405/405/380 403/403/379 404/404/381
f 403/403/379 400/400/376 404/404/381
f 404/404/381 400/400/376 401/401/377
f 405/405/380 406/406/382 402/402/378
f 402/402/378 406/406/382 408/408/383
f 406/406/382 407/407/384 408/408/383
f 406/406/382 409/409/385 407/407/384
f 407/407/384 409/409/385 410/410/386
f 412/412/387 413/413/388 411/411/389
f 411/411/389 413/413/388 414/414/390
f 411/411/389 414/414/390 409/409/385
f 409/409/385 414/414/390 410/410/386
f 411/411/389 416/416/391 412/412/387
f 412/412/387 416/416/391 415/415/392
f 415/415/392 416/416/391 417/417/393
f 416/416/391 418/418/394 417/417/393
f 417/417/393 418/418/394 419/419/395
f 418/418/394 420/420/396 421/421/397
f 419/419/395 418/418/394 421/421/397
f 418/418/394 422/422/398 420/420/396
f 420/420/396 422/422/398 424/424/399
f 422/422/398 423/423/400 424/424/399
f 426/426/401 427/427/402 425/425/403
f 425/425/403 427/427/402 428/428/404
f 425/425/403 430/430/405 429/429/406
f 430/430/405 431/431/407 429/429/406
f 431/431/407 423/423/400 429/429/406
f 422/422/398 429/429/406 423/423/400
f 426/426/401 425/425/403 429/429/406
f 433/433/408 426/426/401 432/432/409
f 432/432/409 426/426/401 429/429/406
f 432/432/409 434/434/410 435/435/411
f 436/436/412 437/437/413 439/439/414
f 439/439/414 437/437/413 438/438/415
f 436/436/412 440/440/416 432/432/409
f 432/432/409 440/440/416 434/434/410
f 436/436/412 432/432/409 437/437/413
f 437/437/413 432/432/409 429/429/406
f 441/441/417 439/439/414 442/442/418
f 442/442/418 439/439/414 438/438/415
f 435/435/411 444/444/419 432/432/409
f 433/433/408 432/432/409 443/443/420
f 443/443/420 432/432/409 444/444/419
f 439/439/414 441/441/417 448/448/421
f 441/441/417 445/445/422 448/448/421
f 445/445/422 446/446/423 448/448/421
f 446/446/423 447/447/424 448/448/421
f 436/436/412 439/439/414 448/448/421
f 468/468/425 342/342/426 467/467/427
f 467/467/427 342/342/426 345/345/428
f 449/449/429 450/450/430 337/337/431
f 340/340/432 341/341/433 450/450/430
f 341/341/433 337/337/431 450/450/430
f 342/342/426 449/449/429 337/337/431
f 449/449/429 342/342/426 468/468/425
f 339/339/434 449/449/429 338/338/435
f 450/450/430 449/449/429 339/339/434
f 355/355/436 460/460/437 461/461/438
f 353/353/339 355/355/436 462/462/337
f 462/462/337 355/355/436 461/461/438
f 459/459/439 460/460/437 360/360/440
f 360/360/440 460/460/437 355/355/436
f 457/457/348 458/458/441 366/366/347
f 366/366/347 458/458/441 362/362/442
f 458/458/441 459/459/439 362/362/442
f 362/362/442 459/459/439 360/360/440
f 348/348/443 465/465/444 466/466/445
f 463/463/338 464/464/446 350/350/340
f 350/350/340 464/464/446 349/349/447
f 348/348/443 466/466/445 345/345/428
f 345/345/428 466/466/445 467/467/427
f 464/464/446 465/465/444 349/349/447
f 349/349/447 465/465/444 348/348/443
f 380/380/358 453/453/355 383/383/354
f 454/454/350 453/453/355 376/376/351
f 376/376/351 453/453/355 380/380/358
f 377/377/362 370/370/341 376/376/351
f 454/454/350 376/376/351 455/455/349
f 376/376/351 370/370/341 455/455/349
f 369/369/343 456/456/346 370/370/341
f 370/370/341 456/456/346 455/455/349
f 375/375/448 456/456/346 374/374/449
f 456/456/346 369/369/343 374/374/449
f 458/458/441 364/364/450 365/365/451
f 359/359/452 459/459/439 361/361/453
f 451/451/454 356/356/455 459/459/439
f 459/459/439 356/356/455 460/460/437
f 357/357/456 460/460/437 356/356/455
f 462/462/337 461/461/438 354/354/457
f 354/354/457 461/461/438 358/358/458
f 351/351/459 463/463/338 354/354/457
f 354/354/457 463/463/338 462/462/337
f 464/464/446 463/463/338 346/346/460
f 346/346/460 463/463/338 352/352/461
f 463/463/338 351/351/459 352/352/461
f 465/465/444 464/464/446 452/452/462
f 452/452/462 464/464/446 346/346/460
f 466/466/445 465/465/444 347/347/463
f 347/347/463 465/465/444 452/452/462
f 467/467/427 466/466/445 344/344/464
f 344/344/464 466/466/445 347/347/463
f 344/344/464 343/343/465 467/467/427
f 467/467/427 343/343/465 468/468/425
f 449/449/429 468/468/425 338/338/435
f 338/338/435 468/468/425 343/343/465
f 459/459/439 458/458/441 361/361/453
f 361/361/453 458/458/441 363/363/466
f 451/451/454 459/459/439 359/359/452
f 363/363/466 458/458/441 365/365/451
f 458/458/441 457/457/348 364/364/450
f 364/364/450 457/457/348 368/368/467
f 457/457/348 367/367/468 368/368/467
f 461/461/438 460/460/437 358/358/458
f 358/358/458 460/460/437 357/357/456
f 457/457/348 456/456/346 367/367/468
f 367/367/468 456/456/346 375/375/448
f 469/469/469 470/470/470 472/472/471
f 472/472/471 470/470/470 471/471/472
f 474/474/473 475/475/474 473/473/475
f 473/473/475 475/475/474 476/476/476
f 477/477/477 478/478/478 480/480/479
f 480/480/479 478/478/478 479/479/480
f 481/481/481 479/479/480 478/478/478
f 482/482/482 481/481/481 478/478/478
f 483/483/483 484/484/484 485/485/485
f 486/486/486 487/487/487 489/489/488
f 489/489/488 487/487/487 488/488/489
f 490/490/490 491/491/491 483/483/483
f 483/483/483 491/491/491 484/484/484
f 487/487/487 482/482/482 488/488/489
f 488/488/489 482/482/482 478/478/478
f 492/492/492 486/486/486 493/493/493
f 493/493/493 486/486/486 489/489/488
f 495/495/494 483/483/483 494/494/495
f 485/485/485 496/496/496 483/483/483
f 494/494/495 483/483/483 496/496/496
f 500/500/497 486/486/486 499/499/498
f 492/492/492 497/497/499 486/486/486
f 486/486/486 497/497/499 499/499/498
f 497/497/499 498/498/500 499/499/498
f 490/490/490 486/486/486 500/500/497
f 501/501/501 502/502/502 504/504/503
f 504/504/503 502/502/502 503/503/504
f 507/507/505 508/508/506 506/506/507
f 506/506/507 508/508/506 505/505/508
f 505/505/508 508/508/506 509/509/509
f 503/503/504 507/507/505 506/506/507
f 507/507/505 503/503/504 502/502/502
f 510/510/510 507/507/505 511/511/511
f 508/508/506 507/507/505 510/510/510
f 512/512/512 513/513/513 514/514/514
f 472/472/471 512/512/512 469/469/469
f 469/469/469 512/512/512 514/514/514
f 515/515/515 513/513/513 516/516/516
f 516/516/516 513/513/513 512/512/512
f 480/480/479 517/517/517 477/477/477
f 477/477/477 517/517/517 518/518/518
f 515/515/515 516/516/516 517/517/517
f 517/517/517 516/516/516 518/518/518
f 519/519/519 520/520/520 521/521/521
f 470/470/470 522/522/522 471/471/472
f 471/471/472 522/522/522 523/523/523
f 521/521/521 501/501/501 519/519/519
f 519/519/519 501/501/501 504/504/503
f 522/522/522 520/520/520 523/523/523
f 523/523/523 520/520/520 519/519/519
f 490/490/490 487/487/487 486/486/486
f 482/482/482 487/487/487 483/483/483
f 483/483/483 487/487/487 490/490/490
f 495/495/494 474/474/473 483/483/483
f 482/482/482 483/483/483 481/481/481
f 483/483/483 474/474/473 481/481/481
f 474/474/473 473/473/475 481/481/481
f 481/481/481 473/473/475 479/479/480
f 473/473/475 525/525/524 479/479/480
f 524/524/525 479/479/480 525/525/524
f 517/517/517 526/526/526 527/527/527
f 528/528/528 515/515/515 529/529/529
f 530/530/530 531/531/531 515/515/515
f 515/515/515 531/531/531 513/513/513
f 532/532/532 513/513/513 531/531/531
f 469/469/469 514/514/514 534/534/533
f 534/534/533 514/514/514 533/533/534
f 470/470/470 469/469/469 535/535/535
f 535/535/535 469/469/469 534/534/533
f 470/470/470 535/535/535 522/522/522
f 535/535/535 537/537/536 522/522/522
f 536/536/537 522/522/522 537/537/536
f 520/520/520 522/522/522 538/538/538
f 538/538/538 522/522/522 536/536/537
f 521/521/521 520/520/520 539/539/539
f 539/539/539 520/520/520 538/538/538
f 501/501/501 521/521/521 540/540/540
f 540/540/540 521/521/521 539/539/539
f 540/540/540 541/541/541 501/501/501
f 501/501/501 541/541/541 502/502/502
f 507/507/505 502/502/502 511/511/511
f 511/511/511 502/502/502 541/541/541
f 529/529/529 515/515/515 542/542/542
f 542/542/542 515/515/515 517/517/517
f 530/530/530 515/515/515 528/528/528
f 542/542/542 517/517/517 527/527/527
f 517/517/517 480/480/479 526/526/526
f 526/526/526 480/480/479 544/544/543
f 480/480/479 543/543/544 544/544/543
f 514/514/514 513/513/513 533/533/534
f 533/533/534 513/513/513 532/532/532
f 480/480/479 479/479/480 543/543/544
f 543/543/544 479/479/480 524/524/525
f 546/546/545 547/547/546 545/545/547
f 545/545/547 547/547/546 548/548/548
f 550/550/549 551/551/550 549/549/551
f 549/549/551 551/551/550 552/552/552
f 554/554/553 555/555/554 553/553/555
f 553/553/555 555/555/554 556/556/556
f 557/557/557 555/555/554 554/554/553
f 558/558/558 557/557/557 554/554/553
f 559/559/559 560/560/560 561/561/561
f 562/562/562 563/563/563 565/565/564
f 565/565/564 563/563/563 564/564/565
f 566/566/566 567/567/567 559/559/559
f 559/559/559 567/567/567 560/560/560
f 563/563/563 558/558/558 564/564/565
f 564/564/565 558/558/558 554/554/553
f 568/568/568 562/562/562 569/569/569
f 569/569/569 562/562/562 565/565/564
f 571/571/570 559/559/559 570/570/571
f 561/561/561 572/572/572 559/559/559
f 570/570/571 559/559/559 572/572/572
f 576/576/573 562/562/562 575/575/574
f 568/568/568 573/573/575 562/562/562
f 562/562/562 573/573/575 575/575/574
f 573/573/575 574/574/576 575/575/574
f 566/566/566 562/562/562 576/576/573
f 577/577/577 578/578/578 580/580/579
f 580/580/579 578/578/578 579/579/580
f 584/584/581 585/585/582 583/583/583
f 585/585/582 581/581/584 583/583/583
f 581/581/584 582/582/585 583/583/583
f 579/579/580 583/583/583 582/582/585
f 583/583/583 579/579/580 578/578/578
f 586/586/586 583/583/583 587/587/587
f 584/584/581 583/583/583 586/586/586
f 588/588/588 589/589/589 590/590/590
f 588/588/588 590/590/590 548/548/548
f 548/548/548 590/590/590 545/545/547
f 591/591/591 589/589/589 592/592/592
f 592/592/592 589/589/589 588/588/588
f 556/556/556 593/593/593 553/553/555
f 553/553/555 593/593/593 594/594/594
f 593/593/593 591/591/591 594/594/594
f 594/594/594 591/591/591 592/592/592
f 595/595/595 596/596/596 597/597/597
f 598/598/598 599/599/599 546/546/545
f 546/546/545 599/599/599 547/547/546
f 597/597/597 577/577/577 595/595/595
f 595/595/595 577/577/577 580/580/579
f 596/596/596 595/595/595 598/598/598
f 598/598/598 595/595/595 599/599/599
f 566/566/566 563/563/563 562/562/562
f 558/558/558 563/563/563 559/559/559
f 559/559/559 563/563/563 566/566/566
f 571/571/570 550/550/549 559/559/559
f 558/558/558 559/559/559 557/557/557
f 559/559/559 550/550/549 557/557/557
f 549/549/551 555/555/554 550/550/549
f 550/550/549 555/555/554 557/557/557
f 600/600/600 555/555/554 601/601/601
f 555/555/554 549/549/551 601/601/601
f 593/593/593 602/602/602 603/603/603
f 604/604/604 591/591/591 605/605/605
f 606/606/606 607/607/607 591/591/591
f 591/591/591 607/607/607 589/589/589
f 608/608/608 589/589/589 607/607/607
f 545/545/547 590/590/590 610/610/609
f 610/610/609 590/590/590 609/609/610
f 546/546/545 545/545/547 611/611/611
f 611/611/611 545/545/547 610/610/609
f 546/546/545 611/611/611 598/598/598
f 611/611/611 613/613/612 598/598/598
f 612/612/613 598/598/598 613/613/612
f 596/596/596 598/598/598 614/614/614
f 614/614/614 598/598/598 612/612/613
f 597/597/597 596/596/596 615/615/615
f 615/615/615 596/596/596 614/614/614
f 577/577/577 597/597/597 616/616/616
f 616/616/616 597/597/597 615/615/615
f 616/616/616 617/617/617 577/577/577
f 577/577/577 617/617/617 578/578/578
f 583/583/583 578/578/578 587/587/587
f 587/587/587 578/578/578 617/617/617
f 591/591/591 593/593/593 605/605/605
f 605/605/605 593/593/593 618/618/618
f 606/606/606 591/591/591 604/604/604
f 618/618/618 593/593/593 603/603/603
f 593/593/593 556/556/556 602/602/602
f 602/602/602 556/556/556 620/620/619
f 556/556/556 619/619/620 620/620/619
f 590/590/590 589/589/589 609/609/610
f 609/609/610 589/589/589 608/608/608
f 556/556/556 555/555/554 619/619/620
f 619/619/620 555/555/554 600/600/600
f 621/621/621 622/622/622 624/624/623
f 624/624/623 622/622/622 623/623/624
f 626/626/625 627/627/626 625/625/627
f 625/625/627 627/627/626 628/628/628
f 630/630/629 631/631/630 629/629/631
f 629/629/631 631/631/630 632/632/632
f 633/633/633 631/631/630 630/630/629
f 634/634/634 633/633/633 630/630/629
f 635/635/635 636/636/636 637/637/637
f 638/638/638 639/639/639 641/641/640
f 641/641/640 639/639/639 640/640/641
f 642/642/642 643/643/643 635/635/635
f 635/635/635 643/643/643 636/636/636
f 639/639/639 634/634/634 640/640/641
f 640/640/641 634/634/634 630/630/629
f 644/644/644 638/638/638 645/645/645
f 645/645/645 638/638/638 641/641/640
f 647/647/646 635/635/635 646/646/647
f 637/637/637 648/648/648 635/635/635
f 646/646/647 635/635/635 648/648/648
f 652/652/649 638/638/638 651/651/650
f 644/644/644 649/649/651 638/638/638
f 638/638/638 649/649/651 651/651/650
f 649/649/651 650/650/652 651/651/650
f 642/642/642 638/638/638 652/652/649
f 653/653/653 654/654/654 656/656/655
f 656/656/655 654/654/654 655/655/656
f 658/658/657 659/659/658 657/657/659
f 657/657/659 659/659/658 661/661/660
f 659/659/658 660/660/661 661/661/660
f 655/655/656 659/659/658 658/658/657
f 659/659/658 655/655/656 654/654/654
f 662/662/662 659/659/658 663/663/663
f 660/660/661 659/659/658 662/662/662
f 664/664/664 665/665/665 666/666/666
f 624/624/623 664/664/664 621/621/621
f 621/621/621 664/664/664 666/666/666
f 667/667/667 665/665/665 668/668/668
f 668/668/668 665/665/665 664/664/664
f 632/632/632 669/669/669 629/629/631
f 629/629/631 669/669/669 670/670/670
f 669/669/669 667/667/667 670/670/670
f 670/670/670 667/667/667 668/668/668
f 671/671/671 672/672/672 673/673/673
f 622/622/622 674/674/674 623/623/624
f 623/623/624 674/674/674 675/675/675
f 671/671/671 673/673/673 656/656/655
f 656/656/655 673/673/673 653/653/653
f 672/672/672 671/671/671 674/674/674
f 674/674/674 671/671/671 675/675/675
f 642/642/642 639/639/639 638/638/638
f 634/634/634 639/639/639 635/635/635
f 635/635/635 639/639/639 642/642/642
f 647/647/646 626/626/625 635/635/635
f 634/634/634 635/635/635 633/633/633
f 635/635/635 626/626/625 633/633/633
f 625/625/627 631/631/630 626/626/625
f 626/626/625 631/631/630 633/633/633
f 676/676/676 631/631/630 677/677/677
f 631/631/630 625/625/627 677/677/677
f 669/669/669 678/678/678 679/679/679
f 680/680/680 667/667/667 681/681/681
f 682/682/682 683/683/683 667/667/667
f 667/667/667 683/683/683 665/665/665
f 684/684/684 665/665/665 683/683/683
f 621/621/621 666/666/666 686/686/685
f 686/686/685 666/666/666 685/685/686
f 622/622/622 621/621/621 687/687/687
f 687/687/687 621/621/621 686/686/685
f 674/674/674 622/622/622 688/688/688
f 688/688/688 622/622/622 689/689/689
f 622/622/622 687/687/687 689/689/689
f 672/672/672 674/674/674 690/690/690
f 690/690/690 674/674/674 688/688/688
f 673/673/673 672/672/672 691/691/691
f 691/691/691 672/672/672 690/690/690
f 653/653/653 673/673/673 692/692/692
f 692/692/692 673/673/673 691/691/691
f 692/692/692 693/693/693 653/653/653
f 653/653/653 693/693/693 654/654/654
f 659/659/658 654/654/654 663/663/663
f 663/663/663 654/654/654 693/693/693
f 667/667/667 669/669/669 681/681/681
f 681/681/681 669/669/669 694/694/694
f 682/682/682 667/667/667 680/680/680
f 694/694/694 669/669/669 679/679/679
f 669/669/669 632/632/632 678/678/678
f 678/678/678 632/632/632 696/696/695
f 632/632/632 695/695/696 696/696/695
f 666/666/666 665/665/665 685/685/686
f 685/685/686 665/665/665 684/684/684
f 632/632/632 631/631/630 695/695/696
f 695/695/696 631/631/630 676/676/676
f 697/697/697 698/698/698 700/700/699
f 700/700/699 698/698/698 699/699/700
f 702/702/701 703/703/702 701/701/703
f 701/701/703 703/703/702 704/704/704
f 705/705/705 706/706/706 708/708/707
f 708/708/707 706/706/706 707/707/708
f 709/709/709 707/707/708 706/706/706
f 706/706/706 712/712/710 709/709/709
f 709/709/709 712/712/710 711/711/711
f 710/710/712 711/711/711 713/713/713
f 713/713/713 711/711/711 712/712/710
f 716/716/714 710/710/712 717/717/715
f 717/717/715 710/710/712 713/713/713
f 716/716/714 719/719/716 710/710/712
f 710/710/712 719/719/716 720/720/717
f 710/710/712 720/720/717 711/711/711
f 711/711/711 720/720/717 714/714/718
f 722/722/719 723/723/720 721/721/721
f 721/721/721 723/723/720 724/724/722
f 726/726/723 727/727/724 725/725/725
f 729/729/726 725/725/725 728/728/727
f 725/725/725 727/727/724 728/728/727
f 723/723/720 727/727/724 726/726/723
f 727/727/724 723/723/720 722/722/719
f 730/730/728 727/727/724 731/731/729
f 728/728/727 727/727/724 730/730/728
f 732/732/730 733/733/731 734/734/732
f 700/700/699 732/732/730 697/697/697
f 697/697/697 732/732/730 734/734/732
f 733/733/731 732/732/730 735/735/733
f 735/735/733 732/732/730 736/736/734
f 737/737/735 738/738/736 708/708/707
f 708/708/707 738/738/736 705/705/705
f 737/737/735 735/735/733 738/738/736
f 738/738/736 735/735/733 736/736/734
f 739/739/737 740/740/738 741/741/739
f 742/742/740 743/743/741 698/698/698
f 698/698/698 743/743/741 699/699/700
f 739/739/737 741/741/739 724/724/722
f 724/724/722 741/741/739 721/721/721
f 740/740/738 739/739/737 742/742/740
f 742/742/740 739/739/737 743/743/741
f 702/702/701 709/709/709 718/718/742
f 718/718/742 709/709/709 715/715/743
f 715/715/743 709/709/709 714/714/718
f 709/709/709 711/711/711 714/714/718
f 702/702/701 701/701/703 709/709/709
f 709/709/709 701/701/703 707/707/708
f 701/701/703 745/745/744 707/707/708
f 744/744/745 707/707/708 745/745/744
f 737/737/735 746/746/746 747/747/747
f 748/748/748 735/735/733 749/749/749
f 750/750/750 751/751/751 735/735/733
f 735/735/733 751/751/751 733/733/731
f 752/752/752 733/733/731 751/751/751
f 697/697/697 734/734/732 754/754/753
f 754/754/753 734/734/732 753/753/754
f 698/698/698 697/697/697 755/755/755
f 755/755/755 697/697/697 754/754/753
f 742/742/740 698/698/698 756/756/756
f 755/755/755 757/757/757 698/698/698
f 756/756/756 698/698/698 757/757/757
f 740/740/738 742/742/740 758/758/758
f 758/758/758 742/742/740 756/756/756
f 741/741/739 740/740/738 759/759/759
f 759/759/759 740/740/738 758/758/758
f 721/721/721 741/741/739 760/760/760
f 760/760/760 741/741/739 759/759/759
f 760/760/760 761/761/761 721/721/721
f 721/721/721 761/761/761 722/722/719
f 727/727/724 722/722/719 731/731/729
f 731/731/729 722/722/719 761/761/761
f 735/735/733 737/737/735 749/749/749
f 749/749/749 737/737/735 762/762/762
f 750/750/750 735/735/733 748/748/748
f 762/762/762 737/737/735 747/747/747
f 763/763/763 764/764/764 708/708/707
f 764/764/764 746/746/746 708/708/707
f 746/746/746 737/737/735 708/708/707
f 734/734/732 733/733/731 753/753/754
f 753/753/754 733/733/731 752/752/752
f 708/708/707 707/707/708 763/763/763
f 763/763/763 707/707/708 744/744/745
f 765/765/765 766/766/766 768/768/767
f 768/768/767 766/766/766 767/767/768
f 770/770/769 771/771/770 769/769/771
f 769/769/771 771/771/770 772/772/772
f 773/773/773 774/774/774 776/776/775
f 776/776/775 774/774/774 775/775/776
f 777/777/777 775/775/776 774/774/774
f 774/774/774 778/778/778 777/777/777
f 777/777/777 778/778/778 779/779/779
f 780/780/780 779/779/779 781/781/781
f 781/781/781 779/779/779 778/778/778
f 782/782/782 780/780/780 783/783/783
f 783/783/783 780/780/780 781/781/781
f 782/782/782 784/784/784 780/780/780
f 780/780/780 784/784/784 785/785/785
f 785/785/785 786/786/786 780/780/780
f 780/780/780 786/786/786 779/779/779
f 788/788/787 789/789/788 787/787/789
f 787/787/789 789/789/788 790/790/790
f 792/792/791 793/793/792 791/791/793
f 795/795/794 791/791/793 794/794/795
f 791/791/793 793/793/792 794/794/795
f 789/789/788 793/793/792 792/792/791
f 793/793/792 789/789/788 788/788/787
f 796/796/796 793/793/792 797/797/797
f 794/794/795 793/793/792 796/796/796
f 798/798/798 799/799/799 800/800/800
f 768/768/767 798/798/798 765/765/765
f 765/765/765 798/798/798 800/800/800
f 801/801/801 799/799/799 802/802/802
f 802/802/802 799/799/799 798/798/798
f 776/776/775 803/803/803 773/773/773
f 773/773/773 803/803/803 804/804/804
f 803/803/803 801/801/801 804/804/804
f 804/804/804 801/801/801 802/802/802
f 805/805/805 806/806/806 807/807/807
f 766/766/766 808/808/808 767/767/768
f 767/767/768 808/808/808 809/809/809
f 807/807/807 787/787/789 805/805/805
f 805/805/805 787/787/789 790/790/790
f 808/808/808 806/806/806 809/809/809
f 809/809/809 806/806/806 805/805/805
f 811/811/810 810/810/811 786/786/786
f 810/810/811 770/770/769 786/786/786
f 777/777/777 779/779/779 770/770/769
f 770/770/769 779/779/779 786/786/786
f 770/770/769 769/769/771 777/777/777
f 777/777/777 769/769/771 775/775/776
f 769/769/771 813/813/812 775/775/776
f 812/812/813 775/775/776 813/813/812
f 803/803/803 814/814/814 815/815/815
f 816/816/816 801/801/801 817/817/817
f 818/818/818 819/819/819 801/801/801
f 801/801/801 819/819/819 799/799/799
f 820/820/820 799/799/799 819/819/819
f 765/765/765 800/800/800 822/822/821
f 822/822/821 800/800/800 821/821/822
f 766/766/766 765/765/765 823/823/823
f 823/823/823 765/765/765 822/822/821
f 808/808/808 766/766/766 824/824/824
f 824/824/824 766/766/766 825/825/825
f 766/766/766 823/823/823 825/825/825
f 806/806/806 808/808/808 826/826/826
f 826/826/826 808/808/808 824/824/824
f 807/807/807 806/806/806 827/827/827
f 827/827/827 806/806/806 826/826/826
f 787/787/789 807/807/807 828/828/828
f 828/828/828 807/807/807 827/827/827
f 828/828/828 829/829/829 787/787/789
f 787/787/789 829/829/829 788/788/787
f 793/793/792 788/788/787 797/797/797
f 797/797/797 788/788/787 829/829/829
f 801/801/801 803/803/803 817/817/817
f 817/817/817 803/803/803 830/830/830
f 818/818/818 801/801/801 816/816/816
f 830/830/830 803/803/803 815/815/815
f 831/831/831 832/832/832 776/776/775
f 832/832/832 814/814/814 776/776/775
f 814/814/814 803/803/803 776/776/775
f 800/800/800 799/799/799 821/821/822
f 821/821/822 799/799/799 820/820/820
f 776/776/775 775/775/776 831/831/831
f 831/831/831 775/775/776 812/812/813
