# This file uses centimeters as units for non-parametric coordinates.

v -7.497327 4.195092 -10.104577
v 8.094199 4.306574 -9.998284
v -7.257430 2.457627 3.744509
v 8.071362 2.467832 3.788064
v -7.198964 4.308499 3.797846
v 8.091589 4.204710 3.751935
v -1.399005 -5.840084 -1.644508
v 2.242977 -5.840308 -1.644513
v -1.445183 -1.786665 0.624585
v 1.115485 -1.785925 0.623988
v -0.983984 0.141805 1.824188
v -1.403000 -1.851470 -1.637307
v 2.239944 -1.849944 -1.637309
v -1.151741 2.780829 1.849912
v 6.419637 2.837095 1.747240
v 2.660050 0.115536 1.823590
v 5.093074 -1.692696 0.570075
v -4.399717 -1.747320 0.584153
v 8.071907 4.280251 -7.795057
v -7.279915 4.299088 1.826262
v 5.948617 4.177001 3.745164
v 5.937649 4.242523 -9.998158
v -5.356100 4.254981 3.753229
v -0.836579 4.235186 3.730346
v -7.340631 4.293736 -0.751422
v 1.545507 4.258381 -10.026509
v -2.932741 2.462478 3.769609
v -2.842147 4.333589 3.822497
v -0.864766 3.438778 3.629466
v -2.942045 3.451825 3.722023
v -0.810257 2.518243 2.878215
v -5.391973 2.483045 3.661351
v -5.374205 3.377669 3.695527
v 6.080408 2.428964 3.732518
v 6.007246 3.396110 3.752095
v 2.239944 -1.849944 -5.058442
v 2.242977 -5.840308 -5.065646
v -1.403000 -1.851470 -5.106434
v -1.399005 -5.840084 -5.113636
v 2.242977 -24.033113 -1.644513
v -1.399005 -24.032892 -1.644508
v 2.242977 -24.033113 -5.065646
v -1.399005 -24.032892 -5.113636
v -1.399005 -9.273891 -5.113636
v -1.399005 -9.201714 -1.644508
v 2.242977 -9.121489 -1.644513
v 2.242977 -9.256774 -5.065646
v -4.433510 0.099585 0.632480
v -1.416584 0.113405 0.668911
v 1.090840 0.107184 0.668854
v 5.121406 0.147357 0.627285
v -0.732313 4.591716 -10.092804
v 1.510806 4.542223 -10.088033
v 4.084113 2.794141 1.849714
v 6.387545 0.202421 1.679739
v 6.419134 1.247822 1.714773
v -1.064964 1.194552 1.836605
v 5.861110 3.273237 3.237004
v 5.861876 2.652534 3.224474
v 5.956809 2.596436 3.223190
v 5.938089 3.295835 3.237338
v 3.674920 3.322263 2.710463
v 3.676808 2.543141 2.694954
v 1.445639 2.525259 2.662108
v 1.486319 3.319831 2.678732
v -2.871060 3.384070 3.801162
v -5.289695 2.440609 3.797777
v 1.488349 3.417819 3.735243
v -7.342982 2.503475 -0.763576
v -5.306828 4.331920 3.822880
v -5.302370 3.430105 3.807499
v -2.869546 3.499040 3.806147
v -0.895262 3.478511 3.804696
v -0.874640 4.333589 3.821589
v -0.794018 4.333589 3.898414
v -0.815312 3.474816 3.881442
v 6.004227 3.435356 3.765722
v 5.960606 3.435610 3.799411
v 5.877018 4.311271 3.796778
v -5.462302 2.430789 3.725338
v -5.418738 4.315066 3.774326
v -7.202212 4.333590 3.748750
v -5.419644 4.275801 3.799865
v -7.202733 4.260695 3.792756
v -7.122066 4.260968 3.823271
v -7.186550 2.423495 3.744426
v -5.444443 2.544971 3.768834
v -7.206969 2.524174 3.793542
v -7.294339 2.523669 3.763073
v -5.302334 3.231371 3.823729
v -5.193269 3.330958 3.828972
v -5.312284 2.488398 3.802936
v -5.215935 2.444464 3.800732
v -7.344561 4.294137 -0.805689
v -7.398834 4.299131 -0.695989
v -7.341149 2.503474 -0.688406
v -7.344796 2.503475 -0.838028
v -7.140219 4.308499 3.797822
v -5.328127 4.299766 -10.040573
v -5.458116 4.232894 -10.101731
v -7.450456 4.294213 -5.525228
v -7.393384 4.177556 -5.606282
v -7.359935 4.188396 -5.573089
v -7.455224 2.226206 -5.651029
v -5.471046 4.291809 -10.028579
v -7.404110 4.258808 -10.018657
v 5.957688 3.396415 3.715411
v 0.851698 2.570174 2.696735
v 0.850930 3.319966 2.711688
v -0.853399 3.337613 2.656514
v -0.829571 3.375540 3.727470
v -0.703392 3.438026 3.728792
v -0.702520 3.375257 2.897525
v -0.832194 2.533871 2.667100
v -0.829687 2.461075 3.709716
v -0.735843 2.419880 3.708651
v -2.873604 3.372519 2.622908
v -2.909930 2.534145 2.606733
v -2.893393 2.518132 3.802986
v -2.874065 2.585303 2.607719
v -2.877690 2.528724 2.919642
v -0.844869 2.538185 2.918849
v -0.844682 3.325416 2.934129
v -2.877197 3.367092 2.935813
v -1.527054 4.307149 -10.047944
v -0.757361 4.307821 -10.022197
v -0.668529 4.643911 -10.101027
v 1.455147 4.630066 -10.098950
v -0.769624 4.334054 -10.063757
v 5.891347 4.303039 -10.055789
v 6.006551 4.323914 -10.006171
v 5.986653 4.350532 3.837016
v 6.135482 2.428976 3.801016
v 8.138863 4.242559 -2.672880
v 8.098812 4.280205 -2.775267
v 8.019310 2.429503 3.799764
v 8.016591 4.334435 3.839203
v 8.043219 4.307118 -10.010227
v 0.420437 -3.845330 -5.086037
v 0.419753 -7.552778 -5.089671
v 1.487323 2.574035 2.663081
v 1.475563 2.461312 3.671171
v 1.370282 2.410022 3.707083
v 1.395677 3.441880 3.764747
v 1.450858 3.359107 2.682274
v 0.285475 1.852985 2.746125
v 0.420111 1.915847 2.747387
v 0.481765 1.904388 1.601245
v 0.320772 1.862886 1.587878
v 0.343399 0.976711 1.603476
v 0.285350 0.976000 2.793411
v 2.745132 0.976240 2.756613
v 2.687828 0.924641 2.790896
v 2.773925 0.967215 1.502825
v 2.818404 1.020989 1.503755
v 2.714926 1.919723 2.781710
v 2.779494 1.886582 1.486401
v 0.366806 0.959482 1.588296
v 0.385486 0.934556 2.792392
v 2.817333 1.843278 1.483017
v 2.758775 1.895519 2.753546
v 0.274631 -0.044924 1.253455
v 0.387027 0.024515 1.254922
v 0.438496 0.011854 -0.079277
v 0.304098 -0.033990 -0.094832
v 0.322987 -1.012912 -0.076678
v 0.274527 -1.013694 1.308499
v 2.327982 -1.013435 1.265662
v 2.280144 -1.070433 1.305570
v 2.352019 -1.023399 -0.193841
v 2.389149 -0.964000 -0.192760
v 2.302765 0.028797 1.294877
v 2.356667 -0.007808 -0.212961
v 0.342527 -1.031947 -0.094348
v 0.358121 -1.059477 1.307312
v 2.388255 -0.055650 -0.216899
v 2.339371 0.002062 1.262094
v 3.631880 3.375540 3.727470
v 3.758057 3.438026 3.728792
v 3.758929 3.375257 1.925475
v 3.608050 3.337613 1.925372
v 3.629257 2.533871 1.925450
v 3.631762 2.461075 3.709716
v 5.937010 2.461312 3.671171
v 5.831733 2.410022 3.707083
v 5.907088 2.525259 1.923755
v 5.948772 2.574035 1.923763
v 5.857125 3.441880 3.764747
v 5.912306 3.359107 1.923903
v 3.651191 2.518243 1.925333
v 3.725607 2.419880 3.708651
v 5.947768 3.319831 1.923876
v 5.949799 3.417819 3.735243
v -2.404696 1.852985 2.835663
v -2.270061 1.915847 2.836924
v -2.208406 1.904388 1.690783
v -2.369399 1.862886 1.677417
v -2.346772 0.976711 1.693012
v -2.404821 0.976000 2.882946
v 0.054961 0.976240 2.846151
v -0.002343 0.924641 2.880432
v 0.083754 0.967215 1.592364
v 0.128232 1.020989 1.593292
v 0.024754 1.919723 2.871247
v 0.089323 1.886582 1.575939
v -2.323365 0.959482 1.677834
v -2.304686 0.934556 2.881929
v 0.127161 1.843278 1.572555
v 0.068604 1.895519 2.843081
v -5.189042 1.852985 2.746125
v -5.054408 1.915847 2.747387
v -4.992755 1.904388 1.601245
v -5.153748 1.862886 1.587878
v -5.131122 0.976711 1.603476
v -5.189167 0.976000 2.793411
v -2.729387 0.976240 2.756613
v -2.786691 0.924641 2.790896
v -2.700593 0.967215 1.502825
v -2.656116 1.020989 1.503755
v -2.759594 1.919723 2.781710
v -2.695025 1.886582 1.486401
v -5.107714 0.959482 1.588296
v -5.089034 0.934556 2.792392
v -2.657187 1.843278 1.483017
v -2.715744 1.895519 2.753546
v 3.038057 1.852985 2.835663
v 3.172693 1.915847 2.836924
v 3.234348 1.904388 1.690783
v 3.073355 1.862886 1.677417
v 3.095982 0.976711 1.693012
v 3.037934 0.976000 2.882946
v 5.497715 0.976240 2.846151
v 5.440411 0.924641 2.880432
v 5.526506 0.967215 1.592364
v 5.570987 1.020989 1.593292
v 5.467508 1.919723 2.871247
v 5.532077 1.886582 1.575939
v 3.119388 0.959482 1.677834
v 3.138069 0.934556 2.881929
v 5.569916 1.843278 1.572555
v 5.511359 1.895519 2.843081
v -3.183003 -0.044924 1.253455
v -3.070606 0.024515 1.254922
v -3.019137 0.011854 -0.079277
v -3.153538 -0.033990 -0.094832
v -3.134647 -1.012912 -0.076678
v -3.183107 -1.013694 1.308499
v -1.129652 -1.013435 1.265662
v -1.177490 -1.070433 1.305570
v -1.105615 -1.023399 -0.193841
v -1.068484 -0.964000 -0.192760
v -1.154869 0.028797 1.294877
v -1.100967 -0.007808 -0.212961
v -3.115107 -1.031947 -0.094348
v -3.099512 -1.059477 1.307312
v -1.069379 -0.055650 -0.216899
v -1.118262 0.002062 1.262094
v -5.438207 2.368387 -10.067245
v -7.467919 2.376448 -10.080820
v 5.420472 0.238534 -6.813311
v 2.144028 0.060354 -7.008673
v 1.946429 0.101006 -5.060430
v -0.363330 -0.343125 -7.028334
v -0.183389 0.106608 -5.077695
v -1.682070 0.110548 -5.089842
v 8.085160 4.255453 -9.981216
v 8.026392 4.255453 -9.981659
v 5.886555 3.178323 -10.022017
v 5.777527 3.277908 -10.028125
v 5.957421 3.324621 -9.870205
v 3.012539 4.307151 -10.067293
v 3.620741 3.445987 -10.023556
v 1.611939 3.425461 -10.037663
v 1.594216 4.338818 -10.072582
v 3.622223 3.331015 -10.018584
v 3.644573 2.465083 -10.020213
v 3.616716 2.532250 -8.935944
v 3.616369 3.319465 -8.951144
v 8.072317 2.370444 -9.927883
v 6.045922 2.371171 -9.945015
v 6.028425 2.485351 -9.965593
v 8.093100 2.471124 -9.976843
v 5.886466 3.377049 -10.005780
v 1.585733 3.385729 -9.862673
v -0.844779 3.421761 -10.038161
v -5.114974 2.599483 -9.510618
v -5.209910 2.543384 -9.510061
v -5.191093 3.242787 -9.524076
v -5.114115 3.220187 -9.523135
v 5.369640 -1.634087 -6.742074
v 2.172271 -1.839721 -6.964129
v -0.388322 -1.838976 -6.983656
v 1.078666 0.088751 -8.167308
v -2.274436 0.062485 -8.195380
v -5.450713 0.117797 -8.173458
v -5.469663 1.156469 -8.209751
v 1.153259 1.141496 -8.179099
v -5.476158 2.744797 -8.216908
v 1.233215 2.727779 -8.191732
v 6.782537 1.234449 -8.140985
v 6.788802 3.343376 -8.147240
v -5.392176 3.342841 -9.965703
v -5.383873 2.372959 -9.946735
v -0.107350 3.266909 -9.069224
v -0.108239 2.517119 -9.054279
v -2.933286 2.490089 -9.074717
v -2.931261 3.269213 -9.090208
v 6.755207 0.189124 -8.120120
v 3.692567 3.398770 -9.938887
v 1.580215 3.322488 -9.960938
v 1.454046 3.384970 -9.963272
v 1.447514 3.322206 -9.242827
v 1.598274 3.284565 -9.227657
v -5.348470 3.386170 -10.034697
v -5.206940 3.343365 -9.950702
v -5.392342 3.382214 -9.979281
v -5.390125 4.172740 -10.015068
v 5.974918 2.429991 -9.858940
v 6.002738 4.255453 -9.971298
v 6.003849 4.216185 -9.996841
v 8.008466 4.207916 -10.007247
v 8.106351 4.261760 -9.999513
v 8.143183 2.404577 -9.927418
v 8.197294 2.561969 -9.967849
v 5.896341 2.435344 -10.001150
v 5.873720 2.387562 -9.996184
v 5.799984 2.391414 -9.999708
v 1.577162 2.480823 -9.238381
v 1.580193 2.408027 -9.943201
v -0.725294 2.408259 -9.922796
v -0.619730 2.356969 -9.957863
v -0.702437 2.472208 -9.024313
v -0.744111 2.520980 -9.025631
v -0.644670 3.388825 -10.015733
v -0.707495 3.306057 -9.044527
v 1.555097 2.465193 -9.222678
v 1.486341 2.366827 -9.942871
v 3.683656 2.409426 -9.986540
v 3.652574 2.481095 -8.934677
v 3.574365 2.475671 -9.248221
v 1.622655 2.485133 -9.262767
v 1.622584 3.272364 -9.278068
v 3.574010 3.314043 -9.264399
v -7.561601 2.386593 -10.023657
v -7.572124 4.189393 -10.070478
v -0.742984 3.266775 -9.041279
v -0.737580 3.364769 -9.986976
v 0.458361 1.799933 -9.099215
v 0.323732 1.862795 -9.101539
v 0.253066 1.851337 -7.955915
v 0.413946 1.809837 -7.941279
v 0.391443 0.923659 -7.957042
v 0.458863 0.922951 -9.146486
v -2.001141 0.923187 -9.129058
v -1.943568 0.871586 -9.162883
v -2.039803 0.914163 -7.875535
v -2.084266 0.967936 -7.876803
v -1.970742 1.866671 -9.153913
v -2.045498 1.833529 -7.859156
v 0.367917 0.906428 -7.942067
v 0.358707 0.881505 -9.146278
v -2.083361 1.790224 -7.856051
v -2.014811 1.842466 -9.126090
v 0.457461 -0.097975 -7.606499
v 0.345073 -0.028535 -7.608852
v 0.283111 -0.041197 -6.275107
v 0.417384 -0.087040 -6.258485
v 0.398643 -1.065962 -6.276781
v 0.457995 -1.066745 -7.661543
v -1.595733 -1.066484 -7.634861
v -1.547587 -1.123483 -7.674390
v -1.631255 -1.076455 -6.175591
v -1.668374 -1.017050 -6.176969
v -1.570287 -0.024253 -7.663866
v -1.636049 -0.060862 -6.156508
v 0.378958 -1.084998 -6.259271
v 0.374395 -1.112527 -7.661007
v -1.667671 -0.108701 -6.152822
v -1.607152 -0.050993 -7.631389
v -2.881097 3.322488 -9.996056
v -3.007258 3.384970 -9.998357
v -3.021439 3.322206 -8.305913
v -2.870564 3.284565 -8.304621
v -2.891774 2.480823 -8.304870
v -2.881115 2.408027 -9.978287
v -5.186599 2.408259 -9.906285
v -5.081046 2.356969 -9.992976
v -5.169555 2.472208 -8.321086
v -5.211224 2.520980 -8.321424
v -5.105970 3.388825 -10.050846
v -5.174767 3.306057 -8.321266
v -2.913706 2.465193 -8.304924
v -2.974970 2.366827 -9.977977
v -5.210232 3.266775 -8.321540
v -5.198883 3.364769 -9.970459
v 3.149151 1.799933 -9.167562
v 3.014530 1.862795 -9.169903
v 2.943858 1.851337 -8.024284
v 3.104739 1.809837 -8.009641
v 3.082231 0.923659 -8.025422
v 3.149655 0.922951 -9.214857
v 0.689653 0.923187 -9.197414
v 0.747224 0.871586 -9.231246
v 0.650994 0.914163 -7.943883
v 0.606534 0.967936 -7.945160
v 0.720051 1.866671 -9.222281
v 0.645293 1.833529 -7.927524
v 3.058708 0.906428 -8.010436
v 3.049505 0.881505 -9.214634
v 0.607432 1.790224 -7.924438
v 0.675988 1.842466 -9.194454
v 5.932703 1.799933 -9.056153
v 5.798084 1.862795 -9.058455
v 5.727407 1.851337 -7.912846
v 5.888295 1.809837 -7.898210
v 5.865803 0.923659 -7.913985
v 5.933202 0.922951 -9.103424
v 3.473215 0.923187 -9.085996
v 3.530780 0.871586 -9.119806
v 3.434553 0.914163 -7.832458
v 3.390085 0.967936 -7.833737
v 3.503616 1.866671 -9.110835
v 3.428855 1.833529 -7.816078
v 5.842269 0.906428 -7.898986
v 5.833057 0.881505 -9.103204
v 3.390983 1.790224 -7.813002
v 3.459544 1.842466 -9.083024
v -3.122974 1.799933 -9.210402
v -3.257598 1.862795 -9.212728
v -3.328269 1.851337 -8.067111
v -3.167381 1.809837 -8.052471
v -3.189882 0.923659 -8.068245
v -3.122478 0.922950 -9.257681
v -5.582473 0.923187 -9.240228
v -5.524886 0.871586 -9.274048
v -5.621115 0.914163 -7.986685
v -5.665608 0.967936 -7.987988
v -5.552076 1.866671 -9.265100
v -5.626831 1.833529 -7.970340
v -3.213410 0.906427 -8.053242
v -3.222616 0.881505 -9.257455
v -5.664687 1.790223 -7.967247
v -5.596137 1.842466 -9.237273
v 3.914987 -0.097975 -7.579299
v 3.802601 -0.028535 -7.581662
v 3.740635 -0.041197 -6.247900
v 3.874907 -0.087040 -6.231286
v 3.856168 -1.065962 -6.249588
v 3.915523 -1.066745 -7.634334
v 1.861799 -1.066484 -7.607664
v 1.909940 -1.123483 -7.647207
v 1.826267 -1.076455 -6.148385
v 1.789155 -1.017050 -6.149754
v 1.887236 -0.024253 -7.636670
v 1.821483 -0.060862 -6.129302
v 3.836486 -1.084998 -6.232068
v 3.831926 -1.112527 -7.633809
v 1.789861 -0.108701 -6.125618
v 1.850373 -0.050993 -7.604165
v -0.796711 3.385729 -9.862673
v -7.452713 3.314595 -5.584821
v -7.344675 3.287114 -0.821437
v -7.637004 3.193006 -3.025836
v -7.636024 3.249425 -2.904998
v -5.631573 3.239140 -2.867778
v -5.622108 3.201894 -3.012464
v -5.635753 2.406523 -2.991909
v -7.679443 2.405886 -3.025207
v -7.607549 2.406094 -0.818384
v -7.639218 2.359787 -0.869272
v -6.481950 2.397998 -0.812362
v -5.507134 2.446263 -0.772439
v -7.630548 3.252903 -0.845094
v -5.492194 3.223161 -0.807625
v -6.596712 2.391055 -2.971148
v -7.676961 2.368683 -2.935354
v -5.488564 3.184291 -0.773723
v -7.604585 3.231180 -0.806194
v -7.683687 3.193005 -5.542979
v -7.687409 3.249425 -5.422193
v -5.685210 3.239140 -5.344687
v -5.670096 3.201893 -5.488898
v -5.684536 2.406523 -5.468905
v -7.726104 2.405885 -5.544010
v -7.740693 2.406094 -3.336079
v -7.770326 2.359787 -3.388155
v -6.616175 2.397998 -3.285980
v -5.642938 2.446263 -3.246090
v -7.762610 3.252903 -3.363669
v -5.626612 3.223161 -3.280669
v -6.646297 2.391054 -5.447599
v -7.727135 2.368683 -5.454130
v -5.624315 3.184291 -3.246639
v -7.738190 3.231180 -3.323777
v -6.162434 3.314595 -5.584821
v -6.164945 2.226206 -5.651029
v -6.447243 3.287114 -0.821437
v -6.447363 2.226125 -0.838028
v -4.497225 0.069580 -7.030303
v -4.592406 -0.278203 -4.381501
v -2.644551 0.159701 -4.180083
v -2.628751 0.155566 -5.752846
v -4.616976 0.112827 -1.874185
v -2.665991 0.165301 -2.050302
v -4.439093 -1.797760 -6.975111
v -4.547805 -1.781027 -4.409657
v -4.572348 -1.780282 -1.849106
v -5.751868 0.147445 -3.272386
v -5.787078 0.121182 0.379352
v -5.703731 0.179254 1.859394
v -5.749490 1.196151 1.860619
v -5.763495 1.200193 -3.353644
v -5.781264 2.784478 1.828128
v -5.775964 2.786475 -3.440747
v -6.686248 1.858628 -2.699936
v -6.688835 1.921491 -2.565313
v -5.543353 1.910031 -2.492399
v -5.528399 1.868531 -2.653250
v -5.544207 0.982356 -2.630777
v -6.733513 0.981643 -2.700530
v -6.720911 0.981882 -0.240499
v -6.754622 0.930281 -0.298139
v -5.467465 0.972858 -0.199380
v -5.468821 1.026633 -0.154919
v -6.745706 1.925366 -0.270949
v -5.451094 1.892225 -0.193654
v -5.529280 0.965122 -2.607222
v -6.733508 0.940199 -2.600374
v -5.448068 1.848921 -0.155786
v -6.717969 1.901160 -0.226825
v -5.193534 -0.039281 -2.696108
v -5.196109 0.030158 -2.583724
v -3.862484 0.017501 -2.519148
v -3.845599 -0.028340 -2.653389
v -3.863932 -1.007266 -2.634682
v -5.248579 -1.008051 -2.696749
v -5.225920 -1.007791 -0.642974
v -5.265353 -1.064787 -0.691200
v -3.766722 -1.017758 -0.604590
v -3.768172 -0.958350 -0.567475
v -5.254873 0.034440 -0.668477
v -3.747651 -0.002169 -0.599759
v -3.846461 -1.026299 -2.614963
v -5.248206 -1.053833 -2.613148
v -3.744027 -0.050007 -0.568131
v -5.222467 0.007704 -0.631550
v -6.749321 1.858628 -5.390851
v -6.751925 1.921491 -5.256237
v -5.606446 1.910031 -5.183320
v -5.591486 1.868531 -5.344172
v -5.607311 0.982356 -5.321695
v -6.796612 0.981643 -5.391449
v -6.783993 0.981882 -2.931419
v -6.817710 0.930281 -2.989057
v -5.530540 0.972858 -2.890301
v -5.531904 1.026633 -2.845844
v -6.808800 1.925366 -2.961867
v -5.514193 1.892225 -2.884568
v -5.592373 0.965122 -5.298144
v -6.796587 0.940199 -5.291299
v -5.511180 1.848921 -2.846702
v -6.781062 1.901160 -2.917748
v -7.705707 2.275129 -8.177669
v -7.711056 2.337989 -8.043056
v -5.321808 2.326531 -7.970130
v -5.290608 2.285031 -8.130991
v -5.323617 1.398858 -8.108533
v -7.804297 1.398142 -8.178262
v -7.778002 1.398383 -5.718243
v -7.848288 1.346784 -5.775876
v -5.163501 1.389359 -5.677125
v -5.166349 1.443136 -5.632660
v -7.829683 2.341867 -5.748693
v -5.129355 2.308726 -5.671396
v -5.292426 1.381622 -8.084968
v -7.804242 1.356697 -8.078115
v -5.123095 2.265420 -5.633518
v -7.771862 2.317663 -5.704570
v -6.913055 2.493161 0.143299
v -6.919982 2.556026 0.250897
v -3.857109 2.544564 0.309176
v -3.817124 2.503064 0.180604
v -3.859415 1.616889 0.198569
v -7.039475 1.616181 0.142829
v -7.005702 1.616413 2.109055
v -7.068612 1.558023 2.068248
v -3.654087 1.607390 2.141903
v -3.657810 1.661166 2.177463
v -7.072044 2.559900 2.084722
v -3.610414 2.526757 2.146499
v -3.819420 1.599657 0.217394
v -7.039399 1.574734 0.222866
v -3.602339 2.483452 2.176762
v -6.997877 2.535697 2.119977
v -5.159554 -0.039281 -6.153574
v -5.162138 0.030158 -6.041193
v -3.828503 0.017501 -5.976615
v -3.811626 -0.028340 -6.110854
v -3.829966 -1.007266 -6.092150
v -5.214590 -1.008051 -6.154218
v -5.191947 -1.007791 -4.100446
v -5.231397 -1.064787 -4.148665
v -3.732741 -1.017758 -4.062055
v -3.734183 -0.958350 -4.024946
v -5.220902 0.034440 -4.125941
v -3.713665 -0.002169 -4.057234
v -3.812481 -1.026299 -6.072431
v -5.214229 -1.053833 -6.070623
v -3.710045 -0.050007 -4.025603
v -5.188468 0.007704 -4.089014
v 2.399939 -0.154190 -7.218033
v 2.148305 -0.113540 -5.276043
v -0.105893 -0.160418 -7.307346
v 0.019794 -0.107940 -5.352447
v -1.810182 -0.172119 -7.367759
v -1.477968 -0.103997 -5.406217
v 8.065649 4.208948 -5.587456
v 8.067641 4.259768 -5.533082
v 8.110156 3.416769 -5.517340
v 8.109683 2.633132 -5.500755
v 8.040725 2.633130 -5.575220
v 8.111378 2.633130 -5.650413
v 8.125790 4.259830 -5.640776
v 8.247786 2.506777 -0.618217
v 8.215157 3.377840 -0.645201
v 8.175531 4.196085 -0.606432
v 8.174242 4.180647 -0.577966
v 8.173848 4.228514 -0.544612
v -3.204567 -0.229567 0.249479
v -1.432056 -0.207240 0.327764
v -1.165141 -0.166594 -1.612192
v -2.736480 -0.170730 -1.680956
v 1.073012 -0.213469 0.436779
v 0.962708 -0.160994 -1.519027
v 8.484721 3.322661 -3.303920
v 8.488046 3.379083 -3.424715
v 6.584317 3.368794 -3.498607
v 6.569709 3.331550 -3.354350
v 6.584068 2.536179 -3.374406
v 8.527164 2.535537 -3.303035
v 8.533966 2.535753 -5.511022
v 8.563797 2.489439 -5.459036
v 7.409286 2.527654 -5.557158
v 6.534638 2.575918 -5.597048
v 8.556000 3.382561 -5.483506
v 6.518456 3.352813 -5.562416
v 7.447038 2.520708 -3.395651
v 8.527875 2.498341 -3.392923
v 6.516043 3.313945 -5.596429
v 8.531433 3.360837 -5.523305
v 8.441657 3.322661 -0.786713
v 8.449683 3.379083 -0.907289
v 6.549642 3.368794 -1.021361
v 6.529396 3.331550 -0.833832
v 6.544542 2.536179 -0.853304
v 8.484016 2.535537 -0.784171
v 8.577282 2.535753 -2.990183
v 8.605042 2.489439 -2.937081
v 7.455257 2.527654 -3.080326
v 6.582190 2.575918 -3.120132
v 8.598204 3.382561 -2.961825
v 6.564643 3.352813 -3.086159
v 7.408318 2.520708 -0.919010
v 8.488245 2.498341 -0.873958
v 6.563568 3.313945 -3.120245
v 8.575223 3.360837 -3.002564
v 5.393724 0.248707 -2.057633
v 3.454299 0.289353 -2.328349
v 5.507646 0.242481 -4.562478
v 3.551635 0.294955 -4.456012
v 5.348147 -1.651369 -2.031088
v 5.463941 -1.650623 -4.589135
v 6.591990 0.277103 -3.124719
v 6.757331 0.250838 -6.772882
v 6.600715 1.329850 -3.043093
v 6.610067 3.436722 -2.955606
v 7.546170 1.988283 -3.663502
v 7.553560 2.051148 -3.797944
v 6.411397 2.039686 -3.911641
v 6.390726 1.998187 -3.751427
v 6.407325 1.112013 -3.773319
v 7.593391 1.111300 -3.661221
v 7.668483 1.111536 -6.120143
v 7.700122 1.059939 -6.061333
v 6.417285 1.102513 -6.205905
v 6.420235 1.156290 -6.250292
v 7.692182 2.055022 -6.088824
v 6.401133 2.021880 -6.212215
v 6.393247 1.094781 -3.797392
v 7.596951 1.069853 -3.761316
v 6.399461 1.978577 -6.250167
v 7.666028 2.030819 -6.133908
v 6.054545 0.090375 -3.720532
v 6.061120 0.159816 -3.832749
v 4.730649 0.147157 -3.944820
v 4.708990 0.101312 -3.811265
v 4.727981 -0.877609 -3.829307
v 6.109531 -0.878397 -3.717931
v 6.160088 -0.878134 -5.771204
v 6.197780 -0.935135 -5.721603
v 4.703189 -0.888102 -5.861573
v 4.705960 -0.828697 -5.898614
v 6.188115 0.164098 -5.744688
v 4.684298 0.127490 -5.867080
v 4.711226 -0.896647 -3.849637
v 6.112136 -0.924182 -3.801486
v 4.681803 0.079649 -5.898816
v 6.157043 0.137359 -5.782747
v 7.513303 1.988283 -0.972044
v 7.520702 2.051148 -1.106481
v 6.378548 2.039686 -1.220179
v 6.357861 1.998187 -1.059964
v 6.374479 1.112013 -1.081863
v 7.560546 1.111300 -0.969762
v 7.635614 1.111536 -3.428683
v 7.667260 1.059939 -3.369877
v 6.384419 1.102513 -3.514450
v 6.387362 1.156290 -3.558830
v 7.659324 2.055022 -3.397370
v 6.368286 2.021880 -3.520759
v 6.360386 1.094781 -1.105931
v 7.564084 1.069853 -1.069852
v 6.366622 1.978577 -3.558708
v 7.633179 2.030819 -3.442445
v 8.369755 2.404785 1.847082
v 8.379900 2.467647 1.712745
v 5.994762 2.456186 1.554710
v 5.957842 2.414684 1.714351
v 5.991637 1.528510 1.693085
v 8.468264 1.527802 1.851188
v 8.529668 1.528035 -0.608196
v 8.597848 1.476441 -0.548095
v 5.918283 1.519016 -0.742480
v 5.922709 1.572790 -0.786814
v 8.580221 2.471521 -0.575929
v 5.884356 2.438382 -0.749414
v 5.961305 1.511279 1.668432
v 8.471773 1.486354 1.751098
v 5.879463 2.395075 -0.787493
v 8.524021 2.447321 -0.622082
v 7.874187 2.622818 -6.496847
v 7.884941 2.685681 -6.604132
v 4.826086 2.674220 -6.771539
v 4.781547 2.632719 -6.644473
v 4.824450 1.746543 -6.660918
v 8.000508 1.745832 -6.491870
v 8.036844 1.746070 -8.458053
v 8.125269 1.694473 -8.408793
v 4.688517 1.737046 -8.610342
v 4.693508 1.790823 -8.645745
v 8.102261 2.689554 -8.431371
v 4.645033 2.656414 -8.616492
v 4.785152 1.729309 -6.681157
v 8.003286 1.704387 -6.571859
v 4.638044 2.613110 -8.647026
v 8.029404 2.665352 -8.469250
v 5.897359 0.090375 -0.266470
v 5.903941 0.159816 -0.378684
v 4.573458 0.147157 -0.490757
v 4.551809 0.101312 -0.357206
v 4.570803 -0.877609 -0.375249
v 5.952335 -0.878397 -0.263864
v 6.002903 -0.878134 -2.317143
v 6.040609 -0.935135 -2.267545
v 4.545999 -0.888102 -2.407515
v 4.548760 -0.828697 -2.444551
v 6.030933 0.164098 -2.290630
v 4.527105 0.127490 -2.413015
v 4.554030 -0.896647 -0.395575
v 5.954949 -0.924182 -0.347422
v 4.524617 0.079649 -2.444755
v 5.999841 0.137359 -2.328687
v 8.130158 4.227341 1.801911
v 8.132325 2.418411 1.738747
v 8.099607 4.221143 -2.733290
v 8.092450 3.394443 -2.723014
v 8.148931 4.220649 -2.691219
v 8.205639 3.394053 -2.674183
v 8.150116 4.221953 -2.791742
v 8.206733 3.394814 -2.769316
v 8.184379 3.411896 -0.604504
v 8.208735 3.416144 -0.579341
v 8.088022 4.260790 -7.805129
v 8.173845 2.600058 -7.656813
v 8.122338 4.280234 -5.528362
v 6.295561 0.191639 1.702876
v 6.423689 0.298430 1.700202
v 6.427097 0.195766 1.615011
v -5.741015 0.139805 1.689683
v -5.736070 0.285701 1.886309
v -5.533620 0.142621 1.887554
v -7.093599 1.658279 2.065017
v -4.298636 -1.780246 0.610358
v -4.413677 -1.639453 0.594347
v -4.422058 -1.780017 0.424393
v 4.960702 -1.734870 0.593657
v 5.110325 -1.574266 0.596209
v 5.122073 -1.728443 0.449045
v 5.240803 -1.650603 -6.790388
v 5.408196 -1.489605 -6.784278
v 5.411953 -1.641296 -6.583539
v -4.332346 -1.811014 -7.005600
v -4.476756 -1.663469 -7.008755
v -4.478716 -1.808343 -6.857409
v -5.299880 0.100901 -8.203082
v -5.464066 0.216454 -8.204171
v -5.473316 0.104507 -8.033837
v 6.773556 0.194399 -7.872997
v 6.771275 0.296689 -8.130923
v 6.659503 0.179052 -8.135629
v -7.571790 2.469899 -10.032878
v -7.568725 2.372550 -9.916327
v 7.324467 3.377840 -0.833807
v 7.357096 2.506777 -0.806823
v -1.399005 -15.245584 -5.113636
v -1.399005 -15.495620 -1.644508
v 2.242977 -15.473545 -1.644513
v 2.242977 -15.226971 -5.065646
vt 0.209723 0.892575
vt 0.042101 0.323905
vt 0.962573 0.321443
vt 0.010593 0.481921
vt 0.992094 0.487652
vt 0.447908 0.020921
vt 0.597938 0.021801
vt 0.440673 0.206960
vt 0.598329 0.207347
vt 0.545987 0.256515
vt 0.440867 0.199108
vt 0.598496 0.199661
vt 0.562386 0.235623
vt 0.562587 0.257104
vt 0.562318 0.222879
vt 0.708926 0.211713
vt 0.328036 0.214528
vt 0.916114 0.487183
vt 0.085109 0.483095
vt 0.252556 0.894110
vt 0.410346 0.488140
vt 0.263666 0.321655
vt 0.253777 0.484863
vt 0.409446 0.403161
vt 0.257809 0.402404
vt 0.269568 0.399612
vt 0.274130 0.378448
vt 0.111044 0.338390
vt 0.099197 0.400521
vt 0.891979 0.322869
vt 0.901515 0.400542
vt 0.592539 0.181019
vt 0.594575 0.003357
vt 0.456860 0.000000
vt 0.451870 0.179791
vt 0.571717 0.056972
vt 0.571232 0.155793
vt 0.515145 0.155464
vt 0.517602 0.056071
vt 0.455859 0.182222
vt 0.555721 0.181433
vt 0.556747 0.036580
vt 0.459941 0.038393
vt 0.558039 0.191116
vt 0.465642 0.189950
vt 0.467735 0.028720
vt 0.556765 0.030801
vt 0.812683 0.411704
vt 0.810239 0.472682
vt 0.443810 0.475370
vt 0.446938 0.415855
vt 0.495650 0.474990
vt 0.556583 0.059687
vt 0.505282 0.415193
vt 0.467359 0.057682
vt 0.459208 0.064229
vt 0.556951 0.054176
vt 0.327188 0.270169
vt 0.436917 0.268691
vt 0.596995 0.268741
vt 0.709748 0.268555
vt 0.561398 0.221450
vt 0.561988 0.221602
vt 0.508997 0.255824
vt 0.477425 0.255390
vt 0.892728 0.396908
vt 0.883351 0.340739
vt 0.886773 0.338376
vt 0.894653 0.396582
vt 0.719777 0.394956
vt 0.724733 0.365033
vt 0.572275 0.359713
vt 0.575665 0.395471
vt 0.477611 0.234702
vt 0.509620 0.234784
vt 0.510196 0.220883
vt 0.258414 0.397041
vt 0.115799 0.321769
vt 0.570110 0.401183
vt 0.649891 0.475010
vt 0.649449 0.418612
vt 0.453202 0.173219
vt 0.453453 0.083242
vt 0.536014 0.083624
vt 0.535910 0.173171
vt 0.480255 0.161405
vt 0.480579 0.077893
vt 0.570232 0.078248
vt 0.570038 0.161820
vt 0.488882 0.155208
vt 0.489180 0.078176
vt 0.521513 0.078790
vt 0.521336 0.155336
vt 0.088687 0.483132
vt 0.100500 0.403780
vt 0.257593 0.406820
vt 0.407060 0.406733
vt 0.407385 0.488151
vt 0.413860 0.488090
vt 0.413929 0.406436
vt 0.902126 0.404170
vt 0.899003 0.404184
vt 0.910456 0.486137
vt 0.107311 0.322634
vt 0.082576 0.483055
vt 0.083410 0.477648
vt 0.011827 0.475717
vt 0.014113 0.475779
vt 0.044810 0.321413
vt 0.106288 0.329272
vt 0.043704 0.326986
vt 0.041489 0.326835
vt 0.105919 0.389607
vt 0.111168 0.398095
vt 0.115274 0.325877
vt 0.121346 0.321743
vt 0.646040 0.475009
vt 0.654016 0.475010
vt 0.653832 0.418621
vt 0.645070 0.418604
vt 0.012969 0.481959
vt 0.250801 0.894980
vt 0.370324 0.474960
vt 0.363933 0.474959
vt 0.367459 0.474960
vt 0.359709 0.418050
vt 0.250176 0.893535
vt 0.210484 0.891241
vt 0.897966 0.400561
vt 0.375151 0.389635
vt 0.374845 0.392030
vt 0.294976 0.391779
vt 0.293832 0.390137
vt 0.294040 0.351603
vt 0.414966 0.398675
vt 0.372699 0.352505
vt 0.367168 0.364155
vt 0.420116 0.402349
vt 0.364177 0.362677
vt 0.293965 0.363604
vt 0.419062 0.326009
vt 0.294101 0.365183
vt 0.423841 0.322110
vt 0.263078 0.326873
vt 0.273095 0.387235
vt 0.305808 0.379034
vt 0.358249 0.377576
vt 0.360151 0.387870
vt 0.303725 0.388700
vt 0.917747 0.487193
vt 0.893882 0.322831
vt 0.829073 0.845074
vt 0.958996 0.321515
vt 0.988377 0.487629
vt 0.494608 0.128422
vt 0.525244 0.119827
vt 0.366724 0.389230
vt 0.569503 0.323406
vt 0.294672 0.388977
vt 0.560480 0.319589
vt 0.293516 0.351099
vt 0.562593 0.401189
vt 0.372300 0.351682
vt 0.294659 0.387738
vt 0.369774 0.388554
vt 0.375151 0.389635
vt 0.374845 0.392030
vt 0.294976 0.391779
vt 0.293832 0.390137
vt 0.294040 0.351603
vt 0.372699 0.352505
vt 0.367168 0.364155
vt 0.368111 0.362677
vt 0.293965 0.363604
vt 0.294101 0.365183
vt 0.370657 0.389230
vt 0.294672 0.388977
vt 0.293516 0.351099
vt 0.372300 0.351682
vt 0.247849 0.388827
vt 0.241791 0.336964
vt 0.245462 0.339144
vt 0.250813 0.386205
vt 0.294659 0.387738
vt 0.369774 0.388554
vt 0.136177 0.337931
vt 0.145314 0.393550
vt 0.133777 0.338044
vt 0.141674 0.391277
vt 0.375151 0.389635
vt 0.374845 0.392030
vt 0.294976 0.391779
vt 0.293832 0.390137
vt 0.294040 0.351603
vt 0.372699 0.352505
vt 0.367168 0.364155
vt 0.368111 0.362677
vt 0.293965 0.363604
vt 0.294101 0.365183
vt 0.370657 0.389230
vt 0.294672 0.388977
vt 0.293516 0.351099
vt 0.372300 0.351682
vt 0.338731 0.214886
vt 0.336254 0.268242
vt 0.332830 0.265799
vt 0.335553 0.217478
vt 0.294659 0.387738
vt 0.369774 0.388554
vt 0.433612 0.267471
vt 0.432208 0.213209
vt 0.435995 0.267467
vt 0.435592 0.215747
vt 0.375151 0.389635
vt 0.374845 0.392030
vt 0.294976 0.391779
vt 0.293832 0.390137
vt 0.294040 0.351603
vt 0.372699 0.352505
vt 0.367168 0.364155
vt 0.364177 0.362677
vt 0.293965 0.363604
vt 0.294101 0.365183
vt 0.366724 0.389230
vt 0.294672 0.388977
vt 0.293516 0.351099
vt 0.372300 0.351682
vt 0.732194 0.322004
vt 0.734134 0.398783
vt 0.730227 0.395995
vt 0.728567 0.324962
vt 0.294659 0.387738
vt 0.369774 0.388554
vt 0.884100 0.400022
vt 0.874021 0.323269
vt 0.889804 0.400017
vt 0.880868 0.326165
vt 0.375151 0.389635
vt 0.374845 0.392030
vt 0.294976 0.391779
vt 0.293832 0.390137
vt 0.294040 0.351603
vt 0.372699 0.352505
vt 0.367168 0.364155
vt 0.368111 0.362677
vt 0.293965 0.363604
vt 0.294101 0.365183
vt 0.370657 0.389230
vt 0.294672 0.388977
vt 0.293516 0.351099
vt 0.372300 0.351682
vt 0.603615 0.214237
vt 0.604637 0.269622
vt 0.601453 0.267130
vt 0.600660 0.216881
vt 0.294659 0.387738
vt 0.369774 0.388554
vt 0.701813 0.273654
vt 0.698291 0.214133
vt 0.704029 0.273649
vt 0.701437 0.216722
vt 0.375151 0.389635
vt 0.374845 0.392030
vt 0.294976 0.391779
vt 0.293832 0.390137
vt 0.294040 0.351603
vt 0.372699 0.352505
vt 0.367168 0.364155
vt 0.368111 0.362677
vt 0.293965 0.363604
vt 0.294101 0.365183
vt 0.370657 0.389230
vt 0.294672 0.388977
vt 0.293516 0.351099
vt 0.372300 0.351682
vt 0.280119 0.292236
vt 0.280849 0.337734
vt 0.278575 0.335687
vt 0.278009 0.294408
vt 0.294659 0.387738
vt 0.369774 0.388554
vt 0.350246 0.341046
vt 0.347730 0.292151
vt 0.351829 0.341043
vt 0.349978 0.294277
vt 0.375151 0.389635
vt 0.374845 0.392030
vt 0.294976 0.391779
vt 0.293832 0.390137
vt 0.294040 0.351603
vt 0.372699 0.352505
vt 0.367168 0.364155
vt 0.368111 0.362677
vt 0.293965 0.363604
vt 0.294101 0.365183
vt 0.370657 0.389230
vt 0.294672 0.388977
vt 0.293516 0.351099
vt 0.372300 0.351682
vt 0.577631 0.297945
vt 0.578553 0.355411
vt 0.575681 0.352826
vt 0.574966 0.300689
vt 0.294659 0.387738
vt 0.369774 0.388554
vt 0.666205 0.359595
vt 0.663028 0.297837
vt 0.668204 0.359590
vt 0.665866 0.300523
vt 0.375151 0.389635
vt 0.374845 0.392030
vt 0.294976 0.391779
vt 0.293832 0.390137
vt 0.294040 0.351603
vt 0.372699 0.352505
vt 0.367168 0.364155
vt 0.368111 0.362677
vt 0.293965 0.363604
vt 0.294101 0.365183
vt 0.370657 0.389230
vt 0.294672 0.388977
vt 0.293516 0.351099
vt 0.372300 0.351682
vt 0.423841 0.322110
vt 0.420116 0.402349
vt 0.414966 0.398675
vt 0.419062 0.326009
vt 0.294659 0.387738
vt 0.369774 0.388554
vt 0.566526 0.401189
vt 0.564414 0.319589
vt 0.570110 0.401183
vt 0.569503 0.323406
vt 0.917747 0.487193
vt 0.893882 0.322831
vt 0.958996 0.321515
vt 0.988377 0.487629
vt 0.327188 0.270169
vt 0.436917 0.268691
vt 0.436769 0.271121
vt 0.596995 0.268741
vt 0.596927 0.271882
vt 0.709748 0.268555
vt 0.709803 0.272376
vt 0.010593 0.481921
vt 0.012969 0.481959
vt 0.013840 0.485850
vt 0.012458 0.485850
vt 0.910456 0.486137
vt 0.495140 0.483239
vt 0.085109 0.483095
vt 0.088687 0.483132
vt 0.410346 0.488140
vt 0.105919 0.389607
vt 0.111168 0.398095
vt 0.099197 0.400521
vt 0.253777 0.484863
vt 0.257593 0.406820
vt 0.407060 0.406733
vt 0.407385 0.488151
vt 0.258414 0.397041
vt 0.263078 0.326873
vt 0.273095 0.387235
vt 0.269568 0.399612
vt 0.044810 0.321413
vt 0.107311 0.322634
vt 0.106288 0.329272
vt 0.043704 0.326986
vt 0.100500 0.403780
vt 0.409446 0.403161
vt 0.413929 0.406436
vt 0.883351 0.340739
vt 0.886773 0.338376
vt 0.894653 0.396582
vt 0.892728 0.396908
vt 0.328036 0.214528
vt 0.440673 0.206960
vt 0.598329 0.207347
vt 0.708926 0.211713
vt 0.681875 0.313249
vt 0.681761 0.311449
vt 0.681855 0.311759
vt 0.681910 0.328156
vt 0.677524 0.328307
vt 0.677570 0.312011
vt 0.679750 0.311191
vt 0.681969 0.353816
vt 0.677474 0.353335
vt 0.901515 0.400542
vt 0.891979 0.322869
vt 0.575665 0.395471
vt 0.572275 0.359713
vt 0.724733 0.365033
vt 0.719777 0.394956
vt 0.673952 0.330059
vt 0.257809 0.402404
vt 0.375151 0.389635
vt 0.374845 0.392030
vt 0.294976 0.391779
vt 0.293832 0.390137
vt 0.899003 0.404184
vt 0.897966 0.400561
vt 0.902126 0.404170
vt 0.916114 0.487183
vt 0.111044 0.338390
vt 0.083585 0.485842
vt 0.082576 0.483055
vt 0.083410 0.477648
vt 0.014113 0.475779
vt 0.011827 0.475717
vt 0.042101 0.323905
vt 0.041489 0.326835
vt 0.115274 0.325877
vt 0.115799 0.321769
vt 0.121346 0.321743
vt 0.294040 0.351603
vt 0.372699 0.352505
vt 0.367168 0.364155
vt 0.364177 0.362677
vt 0.293965 0.363604
vt 0.294101 0.365183
vt 0.366724 0.389230
vt 0.294672 0.388977
vt 0.293516 0.351099
vt 0.372300 0.351682
vt 0.423841 0.322110
vt 0.420116 0.402349
vt 0.414966 0.398675
vt 0.419062 0.326009
vt 0.263666 0.321655
vt 0.274130 0.378448
vt 0.305808 0.379034
vt 0.358249 0.377576
vt 0.360151 0.387870
vt 0.303725 0.388700
vt 0.962573 0.321443
vt 0.992094 0.487652
vt 0.294659 0.387738
vt 0.369774 0.388554
vt 0.562593 0.401189
vt 0.560480 0.319589
vt 0.570110 0.401183
vt 0.569503 0.323406
vt 0.375151 0.389635
vt 0.374845 0.392030
vt 0.294976 0.391779
vt 0.293832 0.390137
vt 0.294040 0.351603
vt 0.372699 0.352505
vt 0.367168 0.364155
vt 0.368111 0.362677
vt 0.293965 0.363604
vt 0.294101 0.365183
vt 0.370657 0.389230
vt 0.294672 0.388977
vt 0.293516 0.351099
vt 0.372300 0.351682
vt 0.247849 0.388827
vt 0.241791 0.336964
vt 0.245462 0.339144
vt 0.250813 0.386205
vt 0.294659 0.387738
vt 0.369774 0.388554
vt 0.136177 0.337931
vt 0.145314 0.393550
vt 0.133777 0.338044
vt 0.141674 0.391277
vt 0.375151 0.389635
vt 0.374845 0.392030
vt 0.294976 0.391779
vt 0.293832 0.390137
vt 0.294040 0.351603
vt 0.372699 0.352505
vt 0.367168 0.364155
vt 0.368111 0.362677
vt 0.293965 0.363604
vt 0.294101 0.365183
vt 0.370657 0.389230
vt 0.294672 0.388977
vt 0.293516 0.351099
vt 0.372300 0.351682
vt 0.338731 0.214886
vt 0.336254 0.268242
vt 0.332830 0.265799
vt 0.335553 0.217478
vt 0.294659 0.387738
vt 0.369774 0.388554
vt 0.433612 0.267471
vt 0.432208 0.213209
vt 0.435995 0.267467
vt 0.435592 0.215747
vt 0.375151 0.389635
vt 0.374845 0.392030
vt 0.294976 0.391779
vt 0.293832 0.390137
vt 0.294040 0.351603
vt 0.372699 0.352505
vt 0.367168 0.364155
vt 0.364177 0.362677
vt 0.293965 0.363604
vt 0.294101 0.365183
vt 0.366724 0.389230
vt 0.294672 0.388977
vt 0.293516 0.351099
vt 0.372300 0.351682
vt 0.732194 0.322004
vt 0.734134 0.398783
vt 0.730227 0.395995
vt 0.728567 0.324962
vt 0.294659 0.387738
vt 0.369774 0.388554
vt 0.884100 0.400022
vt 0.874021 0.323269
vt 0.889804 0.400017
vt 0.880868 0.326165
vt 0.375151 0.389635
vt 0.374845 0.392030
vt 0.294976 0.391779
vt 0.293832 0.390137
vt 0.294040 0.351603
vt 0.372699 0.352505
vt 0.367168 0.364155
vt 0.368111 0.362677
vt 0.293965 0.363604
vt 0.294101 0.365183
vt 0.370657 0.389230
vt 0.294672 0.388977
vt 0.293516 0.351099
vt 0.372300 0.351682
vt 0.603615 0.214237
vt 0.604637 0.269622
vt 0.601453 0.267130
vt 0.600660 0.216881
vt 0.294659 0.387738
vt 0.369774 0.388554
vt 0.701813 0.273654
vt 0.698291 0.214133
vt 0.704029 0.273649
vt 0.701437 0.216722
vt 0.375151 0.389635
vt 0.374845 0.392030
vt 0.294976 0.391779
vt 0.293832 0.390137
vt 0.294040 0.351603
vt 0.372699 0.352505
vt 0.367168 0.364155
vt 0.368111 0.362677
vt 0.293965 0.363604
vt 0.294101 0.365183
vt 0.370657 0.389230
vt 0.294672 0.388977
vt 0.293516 0.351099
vt 0.372300 0.351682
vt 0.280119 0.292236
vt 0.280849 0.337734
vt 0.278575 0.335687
vt 0.278009 0.294408
vt 0.294659 0.387738
vt 0.369774 0.388554
vt 0.350246 0.341046
vt 0.347730 0.292151
vt 0.351829 0.341043
vt 0.349978 0.294277
vt 0.375151 0.389635
vt 0.374845 0.392030
vt 0.294976 0.391779
vt 0.293832 0.390137
vt 0.294040 0.351603
vt 0.372699 0.352505
vt 0.367168 0.364155
vt 0.368111 0.362677
vt 0.293965 0.363604
vt 0.294101 0.365183
vt 0.370657 0.389230
vt 0.294672 0.388977
vt 0.293516 0.351099
vt 0.372300 0.351682
vt 0.577631 0.297945
vt 0.578553 0.355411
vt 0.575681 0.352826
vt 0.574966 0.300689
vt 0.294659 0.387738
vt 0.369774 0.388554
vt 0.666205 0.359595
vt 0.663028 0.297837
vt 0.668204 0.359590
vt 0.665866 0.300523
vt 0.375151 0.389635
vt 0.374845 0.392030
vt 0.294976 0.391779
vt 0.293832 0.390137
vt 0.294040 0.351603
vt 0.372699 0.352505
vt 0.367168 0.364155
vt 0.368111 0.362677
vt 0.293965 0.363604
vt 0.294101 0.365183
vt 0.370657 0.389230
vt 0.294672 0.388977
vt 0.293516 0.351099
vt 0.372300 0.351682
vt 0.423841 0.322110
vt 0.420116 0.402349
vt 0.414966 0.398675
vt 0.419062 0.326009
vt 0.294659 0.387738
vt 0.369774 0.388554
vt 0.566526 0.401189
vt 0.564414 0.319589
vt 0.570110 0.401183
vt 0.569503 0.323406
vt 0.060733 0.409320
vt 0.059036 0.440359
vt 0.054553 0.438552
vt 0.347309 0.407989
vt 0.345683 0.456627
vt 0.155476 0.455718
vt 0.159218 0.405319
vt 0.343542 0.478783
vt 0.157772 0.476160
vt 0.338498 0.482064
vt 0.161950 0.481861
vt 0.500156 0.425199
vt 0.500330 0.425995
vt 0.543334 0.486846
vt 0.797047 0.429675
vt 0.797031 0.487819
vt 0.417916 0.479689
vt 0.433106 0.415643
vt 0.889003 0.413400
vt 0.898927 0.479637
vt 0.085514 0.483668
vt 0.408730 0.486743
vt 0.106855 0.470391
vt 0.116163 0.414093
vt 0.376796 0.417718
vt 0.380268 0.469964
vt 0.377807 0.472203
vt 0.269201 0.470847
vt 0.380596 0.471439
vt 0.433513 0.420008
vt 0.435419 0.478977
vt 0.489228 0.479096
vt 0.483980 0.420227
vt 0.099202 0.401620
vt 0.365296 0.448002
vt 0.645567 0.447542
vt 0.408598 0.404865
vt 0.375151 0.389635
vt 0.374845 0.392030
vt 0.294976 0.391779
vt 0.293832 0.390137
vt 0.294040 0.351603
vt 0.372699 0.352505
vt 0.367168 0.364155
vt 0.368111 0.362677
vt 0.293965 0.363604
vt 0.294101 0.365183
vt 0.370657 0.389230
vt 0.294672 0.388977
vt 0.293516 0.351099
vt 0.372300 0.351682
vt 0.748218 0.327781
vt 0.748115 0.392511
vt 0.744672 0.389816
vt 0.745022 0.330640
vt 0.294659 0.387738
vt 0.369774 0.388554
vt 0.860458 0.395663
vt 0.856648 0.331292
vt 0.862855 0.395658
vt 0.860052 0.334091
vt 0.375151 0.389635
vt 0.374845 0.392030
vt 0.294976 0.391779
vt 0.293832 0.390137
vt 0.294040 0.351603
vt 0.372699 0.352505
vt 0.367168 0.364155
vt 0.368111 0.362677
vt 0.293965 0.363604
vt 0.294101 0.365183
vt 0.370657 0.389230
vt 0.294672 0.388977
vt 0.293516 0.351099
vt 0.372300 0.351682
vt 0.280119 0.292236
vt 0.280849 0.337734
vt 0.278575 0.335687
vt 0.278009 0.294408
vt 0.294659 0.387738
vt 0.369774 0.388554
vt 0.350246 0.341046
vt 0.347730 0.292151
vt 0.351829 0.341043
vt 0.349978 0.294277
vt 0.429051 0.480425
vt 0.427987 0.421326
vt 0.494200 0.422716
vt 0.495333 0.477632
vt 0.327188 0.270169
vt 0.436917 0.268691
vt 0.436769 0.271121
vt 0.327138 0.273408
vt 0.596995 0.268741
vt 0.596927 0.271882
vt 0.709748 0.268555
vt 0.328036 0.214528
vt 0.440673 0.206960
vt 0.598329 0.207347
vt 0.708926 0.211713
vt 0.589211 0.219685
vt 0.586292 0.217652
vt 0.588675 0.218243
vt 0.589397 0.232586
vt 0.448880 0.233317
vt 0.451465 0.219091
vt 0.515823 0.218518
vt 0.514823 0.233151
vt 0.513793 0.255554
vt 0.267709 0.277768
vt 0.375151 0.389635
vt 0.374845 0.392030
vt 0.294976 0.391779
vt 0.293832 0.390137
vt 0.294040 0.351603
vt 0.372699 0.352505
vt 0.367168 0.364155
vt 0.368111 0.362677
vt 0.293965 0.363604
vt 0.294101 0.365183
vt 0.370657 0.389230
vt 0.294672 0.388977
vt 0.293516 0.351099
vt 0.372300 0.351682
vt 0.247849 0.388827
vt 0.241791 0.336964
vt 0.245462 0.339144
vt 0.250813 0.386205
vt 0.294659 0.387738
vt 0.369774 0.388554
vt 0.136177 0.337931
vt 0.145314 0.393550
vt 0.133777 0.338044
vt 0.141674 0.391277
vt 0.375151 0.389635
vt 0.374845 0.392030
vt 0.294976 0.391779
vt 0.293832 0.390137
vt 0.294040 0.351603
vt 0.372699 0.352505
vt 0.367168 0.364155
vt 0.368111 0.362677
vt 0.293965 0.363604
vt 0.294101 0.365183
vt 0.370657 0.389230
vt 0.294672 0.388977
vt 0.293516 0.351099
vt 0.372300 0.351682
vt 0.338731 0.214886
vt 0.336254 0.268242
vt 0.332830 0.265799
vt 0.335553 0.217478
vt 0.294659 0.387738
vt 0.369774 0.388554
vt 0.433612 0.267471
vt 0.432208 0.213209
vt 0.435995 0.267467
vt 0.435592 0.215747
vt 0.375151 0.389635
vt 0.374845 0.392030
vt 0.294976 0.391779
vt 0.293832 0.390137
vt 0.294040 0.351603
vt 0.372699 0.352505
vt 0.367168 0.364155
vt 0.368111 0.362677
vt 0.293965 0.363604
vt 0.294101 0.365183
vt 0.370657 0.389230
vt 0.294672 0.388977
vt 0.293516 0.351099
vt 0.372300 0.351682
vt 0.603615 0.214237
vt 0.604637 0.269622
vt 0.601453 0.267130
vt 0.600660 0.216881
vt 0.294659 0.387738
vt 0.369774 0.388554
vt 0.701813 0.273654
vt 0.698291 0.214133
vt 0.704029 0.273649
vt 0.701437 0.216722
vt 0.375151 0.389635
vt 0.374845 0.392030
vt 0.294976 0.391779
vt 0.293832 0.390137
vt 0.294040 0.351603
vt 0.372699 0.352505
vt 0.367168 0.364155
vt 0.368111 0.362677
vt 0.293965 0.363604
vt 0.294101 0.365183
vt 0.370657 0.389230
vt 0.294672 0.388977
vt 0.293516 0.351099
vt 0.372300 0.351682
vt 0.161857 0.342031
vt 0.162587 0.387529
vt 0.160313 0.385482
vt 0.159747 0.344203
vt 0.294659 0.387738
vt 0.369774 0.388554
vt 0.231984 0.390841
vt 0.229468 0.341945
vt 0.233567 0.390837
vt 0.231716 0.344072
vt 0.375151 0.389635
vt 0.374845 0.392030
vt 0.294976 0.391779
vt 0.293832 0.390137
vt 0.294040 0.351603
vt 0.372699 0.352505
vt 0.367168 0.364155
vt 0.368111 0.362677
vt 0.293965 0.363604
vt 0.294101 0.365183
vt 0.370657 0.389230
vt 0.294672 0.388977
vt 0.293516 0.351099
vt 0.372300 0.351682
vt 0.577631 0.297945
vt 0.578553 0.355411
vt 0.575681 0.352826
vt 0.574966 0.300689
vt 0.294659 0.387738
vt 0.369774 0.388554
vt 0.666205 0.359595
vt 0.663028 0.297837
vt 0.668204 0.359590
vt 0.665866 0.300523
vt 0.375151 0.389635
vt 0.374845 0.392030
vt 0.294976 0.391779
vt 0.293832 0.390137
vt 0.294040 0.351603
vt 0.372699 0.352505
vt 0.367168 0.364155
vt 0.368111 0.362677
vt 0.293965 0.363604
vt 0.294101 0.365183
vt 0.370657 0.389230
vt 0.294672 0.388977
vt 0.293516 0.351099
vt 0.372300 0.351682
vt 0.423841 0.322110
vt 0.420116 0.402349
vt 0.414966 0.398675
vt 0.419062 0.326009
vt 0.294659 0.387738
vt 0.369774 0.388554
vt 0.566526 0.401189
vt 0.564414 0.319589
vt 0.570110 0.401183
vt 0.569503 0.323406
vt 0.436917 0.268691
vt 0.436769 0.271121
vt 0.596995 0.268741
vt 0.596927 0.271882
vt 0.709748 0.268555
vt 0.709803 0.272376
vt 0.649891 0.475010
vt 0.646040 0.475009
vt 0.645567 0.447542
vt 0.645070 0.418604
vt 0.649449 0.418612
vt 0.101210 0.404403
vt 0.088866 0.478200
vt 0.359709 0.418050
vt 0.365296 0.448002
vt 0.876330 0.473428
vt 0.367459 0.474960
vt 0.363933 0.474959
vt 0.327188 0.270169
vt 0.436917 0.268691
vt 0.436769 0.271121
vt 0.327138 0.273408
vt 0.596995 0.268741
vt 0.596927 0.271882
vt 0.417916 0.479689
vt 0.433106 0.415643
vt 0.889003 0.413400
vt 0.898927 0.479637
vt 0.862513 0.412005
vt 0.846341 0.804642
vt 0.452719 0.476501
vt 0.457851 0.402103
vt 0.086637 0.476382
vt 0.097303 0.404299
vt 0.260315 0.479629
vt 0.254818 0.406038
vt 0.375151 0.389635
vt 0.374845 0.392030
vt 0.294976 0.391779
vt 0.293832 0.390137
vt 0.294040 0.351603
vt 0.372699 0.352505
vt 0.367168 0.364155
vt 0.368111 0.362677
vt 0.293965 0.363604
vt 0.294101 0.365183
vt 0.370657 0.389230
vt 0.294672 0.388977
vt 0.293516 0.351099
vt 0.372300 0.351682
vt 0.748218 0.327781
vt 0.748115 0.392511
vt 0.744672 0.389816
vt 0.745022 0.330640
vt 0.294659 0.387738
vt 0.369774 0.388554
vt 0.860458 0.395663
vt 0.856648 0.331292
vt 0.862855 0.395658
vt 0.860052 0.334091
vt 0.375151 0.389635
vt 0.374845 0.392030
vt 0.294976 0.391779
vt 0.293832 0.390137
vt 0.294040 0.351603
vt 0.372699 0.352505
vt 0.367168 0.364155
vt 0.368111 0.362677
vt 0.293965 0.363604
vt 0.294101 0.365183
vt 0.370657 0.389230
vt 0.294672 0.388977
vt 0.293516 0.351099
vt 0.372300 0.351682
vt 0.280119 0.292236
vt 0.280849 0.337734
vt 0.278575 0.335687
vt 0.278009 0.294408
vt 0.294659 0.387738
vt 0.369774 0.388554
vt 0.350246 0.341046
vt 0.347730 0.292151
vt 0.351829 0.341043
vt 0.349978 0.294277
vt 0.327188 0.270169
vt 0.436917 0.268691
vt 0.436769 0.271121
vt 0.596995 0.268741
vt 0.596927 0.271882
vt 0.709748 0.268555
vt 0.328036 0.214528
vt 0.440673 0.206960
vt 0.598329 0.207347
vt 0.708926 0.211713
vt 0.576545 0.227578
vt 0.529109 0.229003
vt 0.529867 0.213401
vt 0.564034 0.213072
vt 0.574173 0.212285
vt 0.576467 0.250799
vt 0.528302 0.252418
vt 0.269756 0.294665
vt 0.483897 0.251441
vt 0.267709 0.277768
vt 0.375151 0.389635
vt 0.374845 0.392030
vt 0.294976 0.391779
vt 0.293832 0.390137
vt 0.294040 0.351603
vt 0.372699 0.352505
vt 0.367168 0.364155
vt 0.368111 0.362677
vt 0.293965 0.363604
vt 0.294101 0.365183
vt 0.370657 0.389230
vt 0.294672 0.388977
vt 0.293516 0.351099
vt 0.372300 0.351682
vt 0.247849 0.388827
vt 0.241791 0.336964
vt 0.245462 0.339144
vt 0.250813 0.386205
vt 0.294659 0.387738
vt 0.369774 0.388554
vt 0.136177 0.337931
vt 0.145314 0.393550
vt 0.133777 0.338044
vt 0.141674 0.391277
vt 0.375151 0.389635
vt 0.374845 0.392030
vt 0.294976 0.391779
vt 0.293832 0.390137
vt 0.294040 0.351603
vt 0.372699 0.352505
vt 0.367168 0.364155
vt 0.368111 0.362677
vt 0.293965 0.363604
vt 0.294101 0.365183
vt 0.370657 0.389230
vt 0.294672 0.388977
vt 0.293516 0.351099
vt 0.372300 0.351682
vt 0.338731 0.214886
vt 0.336254 0.268242
vt 0.332830 0.265799
vt 0.335553 0.217478
vt 0.294659 0.387738
vt 0.369774 0.388554
vt 0.433612 0.267471
vt 0.432208 0.213209
vt 0.435995 0.267467
vt 0.435592 0.215747
vt 0.375151 0.389635
vt 0.374845 0.392030
vt 0.294976 0.391779
vt 0.293832 0.390137
vt 0.294040 0.351603
vt 0.372699 0.352505
vt 0.367168 0.364155
vt 0.368111 0.362677
vt 0.293965 0.363604
vt 0.294101 0.365183
vt 0.370657 0.389230
vt 0.294672 0.388977
vt 0.293516 0.351099
vt 0.372300 0.351682
vt 0.603615 0.214237
vt 0.604637 0.269622
vt 0.601453 0.267130
vt 0.600660 0.216881
vt 0.294659 0.387738
vt 0.369774 0.388554
vt 0.701813 0.273654
vt 0.698291 0.214133
vt 0.704029 0.273649
vt 0.701437 0.216722
vt 0.375151 0.389635
vt 0.374845 0.392030
vt 0.294976 0.391779
vt 0.293832 0.390137
vt 0.294040 0.351603
vt 0.372699 0.352505
vt 0.367168 0.364155
vt 0.368111 0.362677
vt 0.293965 0.363604
vt 0.294101 0.365183
vt 0.370657 0.389230
vt 0.294672 0.388977
vt 0.293516 0.351099
vt 0.372300 0.351682
vt 0.161857 0.342031
vt 0.162587 0.387529
vt 0.160313 0.385482
vt 0.159747 0.344203
vt 0.294659 0.387738
vt 0.369774 0.388554
vt 0.231984 0.390841
vt 0.229468 0.341945
vt 0.233567 0.390837
vt 0.231716 0.344072
vt 0.375151 0.389635
vt 0.374845 0.392030
vt 0.294976 0.391779
vt 0.293832 0.390137
vt 0.294040 0.351603
vt 0.372699 0.352505
vt 0.367168 0.364155
vt 0.368111 0.362677
vt 0.293965 0.363604
vt 0.294101 0.365183
vt 0.370657 0.389230
vt 0.294672 0.388977
vt 0.293516 0.351099
vt 0.372300 0.351682
vt 0.577631 0.297945
vt 0.578553 0.355411
vt 0.575681 0.352826
vt 0.574966 0.300689
vt 0.294659 0.387738
vt 0.369774 0.388554
vt 0.666205 0.359595
vt 0.663028 0.297837
vt 0.668204 0.359590
vt 0.665866 0.300523
vt 0.375151 0.389635
vt 0.374845 0.392030
vt 0.294976 0.391779
vt 0.293832 0.390137
vt 0.294040 0.351603
vt 0.372699 0.352505
vt 0.367168 0.364155
vt 0.368111 0.362677
vt 0.293965 0.363604
vt 0.294101 0.365183
vt 0.370657 0.389230
vt 0.294672 0.388977
vt 0.293516 0.351099
vt 0.372300 0.351682
vt 0.423841 0.322110
vt 0.420116 0.402349
vt 0.414966 0.398675
vt 0.419062 0.326009
vt 0.294659 0.387738
vt 0.369774 0.388554
vt 0.566526 0.401189
vt 0.564414 0.319589
vt 0.570110 0.401183
vt 0.569503 0.323406
vt 0.409446 0.403161
vt 0.629149 0.479667
vt 0.634325 0.414653
vt 0.837316 0.402342
vt 0.840518 0.479753
vt 0.540688 0.479068
vt 0.544047 0.462023
vt 0.000000 0.467891
vt 0.845945 0.456564
vt 0.420971 0.447375
vt 0.863764 0.766316
vt 0.807988 0.894444
vt 0.417811 0.447535
vt 0.562761 0.401028
vt 0.591020 0.476006
vt 0.894245 0.448385
vt 0.361940 0.448108
vt 0.363910 0.448901
vt 0.806774 0.894583
vt 0.767044 0.481449
vt 0.408007 0.407029
vt 0.409170 0.473268
vt 0.735326 0.496743
vt 1.000000 0.501653
vt 0.768699 0.480947
vt 0.768483 0.480455
vt 0.828662 0.844811
vt 0.806705 0.893777
vt 0.845995 0.804255
vt 0.423530 0.413242
vt 0.423531 0.446377
vt 0.422028 0.416582
vt 0.419462 0.413280
vt 0.418688 0.446367
vt 0.862939 0.766001
vt 0.829031 0.842806
vt 0.535698 0.220454
vt 0.479029 0.220960
vt 0.267912 0.279437
vt 0.273412 0.277786
vt 0.448367 0.255071
vt 0.567493 0.217522
vt 0.477663 0.222831
vt 0.477968 0.221453
vt 0.663326 0.303638
vt 0.332259 0.214244
vt 0.708998 0.216711
vt 0.700587 0.211383
vt 0.327961 0.219421
vt 0.709014 0.217793
vt 0.704819 0.211550
vt 0.334194 0.214114
vt 0.327945 0.220480
vt 0.333816 0.214139
vt 0.709010 0.217497
vt 0.698963 0.211319
vt 0.327949 0.220190
vt 0.709007 0.217332
vt 0.705078 0.211561
vt 0.334498 0.214094
vt 0.327952 0.220028
vt 0.674053 0.314006
vt 0.279031 0.277803
vt 0.673912 0.354648
vt 0.267930 0.279588
vt 0.484047 0.227802
vt 0.673982 0.315802
vt 0.484884 0.212065
vt 0.673997 0.314195
vt 0.964094 0.330008
vt 0.445026 0.415585
vt 0.432324 0.418944
vt 0.562097 0.262701
vt 0.562299 0.249552
vt 0.575882 0.249646
vt 0.576810 0.262716
vt 0.576508 0.213806
vt 0.576367 0.212236
vt 0.589931 0.255458
vt 0.449202 0.220633
vt 0.460202 0.475250
vt 0.521457 0.102994
vt 0.556700 0.043170
vt 0.463579 0.415666
vt 0.467628 0.036978
vt 0.459732 0.045760
vt 0.489085 0.102652
vt 0.556825 0.038228
vn -0.001227 -0.018827 0.999822
vn -0.000278 -0.019762 0.999805
vn -0.000278 -0.019762 0.999805
vn 0.000670 -0.020698 0.999786
vn 0.000001 -0.000903 1.000000
vn 0.000001 -0.001805 0.999998
vn 0.000001 -0.000903 1.000000
vn 0.000001 -0.001805 0.999998
vn -0.450514 0.452887 0.769370
vn -0.450514 0.452887 0.769370
vn -0.450514 0.452887 0.769370
vn 0.000579 -0.018748 0.999824
vn 0.000496 -0.019684 0.999806
vn 0.000387 -0.019653 0.999807
vn 0.000461 -0.019763 0.999805
vn 0.999560 -0.025748 0.014716
vn 0.999894 -0.013148 0.006282
vn 0.999894 -0.013148 0.006282
vn 0.999998 -0.000545 -0.002153
vn 0.011850 -0.357571 0.933811
vn 0.014816 -0.396883 0.917750
vn 0.014816 -0.396883 0.917750
vn 0.017756 -0.435477 0.900025
vn -0.808932 -0.014024 0.587735
vn -0.823504 -0.016332 0.567075
vn -0.823504 -0.016332 0.567075
vn -0.837546 -0.018630 0.546049
vn -0.981508 0.010527 0.191130
vn -0.976941 0.014997 0.212981
vn -0.976941 0.014997 0.212981
vn -0.971868 0.019459 0.234722
vn 0.001607 -0.020183 0.999795
vn 0.001591 -0.020181 0.999795
vn 0.001591 -0.020181 0.999795
vn 0.001576 -0.020180 0.999795
vn 1.000000 0.000760 0.000000
vn 1.000000 0.000507 0.000000
vn 1.000000 0.000760 0.000000
vn 1.000000 0.000253 0.000000
vn -1.000000 -0.001001 0.000000
vn -1.000000 -0.001001 0.000000
vn -1.000000 -0.000668 0.000000
vn -1.000000 -0.000334 0.000000
vn 0.000001 0.000000 1.000000
vn 0.000001 0.000000 1.000000
vn 1.000000 0.000000 0.000000
vn 1.000000 0.000000 0.000000
vn -1.000000 0.000000 0.000000
vn -1.000000 0.000000 0.000000
vn -1.000000 0.000000 0.000000
vn -1.000000 0.000000 0.000000
vn 0.000001 0.000000 1.000000
vn 0.000001 0.000000 1.000000
vn 1.000000 0.000000 0.000000
vn 1.000000 0.000000 0.000000
vn -0.989901 -0.029302 0.138700
vn -0.983116 -0.053693 0.174931
vn -0.983116 -0.053693 0.174931
vn -0.974410 -0.077979 0.210820
vn 0.000450 -0.019939 0.999801
vn 0.000445 -0.019920 0.999802
vn 0.000445 -0.019920 0.999802
vn 0.000440 -0.019900 0.999802
vn 0.695402 0.718570 -0.008545
vn 0.695402 0.718570 -0.008545
vn 0.695402 0.718570 -0.008545
vn -0.442180 0.894345 -0.067996
vn -0.321922 0.945466 -0.049604
vn -0.321922 0.945466 -0.049604
vn -0.196058 0.980123 -0.030348
vn -0.999703 -0.000361 0.024356
vn -0.999432 0.000329 0.033697
vn -0.999317 0.000066 0.036949
vn -0.998338 0.000002 0.057628
vn -0.998879 -0.000626 0.047335
vn 0.013173 0.001818 -0.999912
vn 0.013174 0.001817 -0.999912
vn 0.013175 0.000909 -0.999913
vn 0.013176 0.000000 -0.999913
vn 0.013176 -0.000000 -0.999913
vn 0.013176 -0.000000 -0.999913
vn 0.013176 0.000000 -0.999913
vn 0.013176 0.000000 -0.999913
vn 0.000604 -0.018320 0.999832
vn 0.001039 -0.017047 0.999854
vn 0.023292 -0.911025 0.411692
vn 0.021460 -0.890382 0.454709
vn 0.024271 -0.896473 0.442434
vn 0.010445 -0.919176 0.393709
vn -0.009983 -0.975569 0.219467
vn 0.002951 -0.935747 0.352659
vn 0.981226 -0.058025 0.183924
vn 0.952815 -0.044388 0.300290
vn 0.952815 -0.044388 0.300290
vn 0.910554 -0.030105 0.412292
vn 0.015163 -0.020133 0.999682
vn 0.013647 -0.007985 0.999875
vn 0.013647 -0.007985 0.999875
vn 0.012129 0.004165 0.999918
vn -0.309427 -0.857567 0.410894
vn -0.309427 -0.857567 0.410894
vn -0.309427 -0.857567 0.410894
vn 0.595137 -0.222358 0.772250
vn 0.595137 -0.222358 0.772250
vn 0.595137 -0.222358 0.772250
vn 0.661298 0.065371 0.747269
vn 0.636044 0.066537 0.768779
vn 0.636044 0.066537 0.768779
vn 0.610089 0.067630 0.789441
vn 0.757813 -0.332399 0.561454
vn 0.757813 -0.332399 0.561454
vn 0.757813 -0.332399 0.561454
vn 0.622639 0.416498 0.662458
vn 0.622639 0.416498 0.662458
vn 0.622639 0.416498 0.662458
vn 0.005782 0.497798 0.867274
vn 0.005278 0.473567 0.880742
vn 0.000358 0.472111 0.881539
vn -0.345504 -0.023027 0.938135
vn -0.353500 -0.035156 0.934774
vn -0.352707 -0.071552 0.932994
vn -0.222196 -0.463528 0.857771
vn -0.260561 -0.436813 0.860989
vn -0.260561 -0.436813 0.860989
vn -0.298354 -0.409138 0.862317
vn 0.889978 -0.035046 0.454655
vn 0.783492 -0.041670 0.620004
vn 0.863400 -0.028484 0.503715
vn 0.717689 -0.044423 0.694945
vn 0.576358 -0.065470 0.814570
vn 0.014225 -0.017808 0.999740
vn 0.014064 -0.017965 0.999740
vn 0.014064 -0.017965 0.999740
vn 0.013903 -0.018123 0.999739
vn -0.329295 0.001231 0.944227
vn -0.341587 0.001259 0.939849
vn -0.871413 -0.002059 0.490545
vn -0.872164 -0.001680 0.489210
vn -0.872164 -0.001680 0.489210
vn -0.872913 -0.001301 0.487874
vn 0.011934 0.001798 0.999927
vn 0.003336 -0.022521 0.999741
vn 0.002331 -0.024341 0.999701
vn 0.000323 -0.027980 0.999608
vn -0.002471 -0.037405 0.999297
vn -0.032341 0.928871 0.368989
vn -0.021186 0.854237 0.519451
vn -0.021186 0.854237 0.519451
vn -0.009431 0.755400 0.655196
vn -0.784013 -0.419932 0.457145
vn -0.784013 -0.419932 0.457145
vn -0.784013 -0.419932 0.457145
vn -0.005807 -0.237144 0.971457
vn -0.016384 -0.085893 0.996170
vn -0.033319 -0.122819 0.991870
vn -0.690672 -0.025240 -0.722728
vn -0.924151 -0.013171 -0.381802
vn -0.924151 -0.013171 -0.381802
vn -0.999702 0.001148 0.024371
vn 0.006777 0.545110 0.838337
vn 0.008494 0.510486 0.859844
vn 0.809429 0.518924 -0.274852
vn 0.809429 0.518924 -0.274852
vn 0.809429 0.518924 -0.274852
vn -0.007948 -0.989675 0.143107
vn -0.004080 -0.958210 0.286036
vn -0.004080 -0.958210 0.286036
vn -0.000124 -0.906207 0.422834
vn -0.999392 -0.026062 0.023159
vn -0.999834 -0.012993 0.012786
vn -0.999834 -0.012993 0.012786
vn -0.999997 0.000080 0.002410
vn 0.417553 -0.905968 -0.069796
vn 0.602413 -0.795260 -0.068263
vn 0.602413 -0.795260 -0.068263
vn 0.759303 -0.647626 -0.063560
vn -0.000541 0.997161 -0.075296
vn -0.000343 0.997125 -0.075774
vn -0.000343 0.997125 -0.075774
vn -0.000144 0.997089 -0.076252
vn -0.401583 -0.912976 -0.072154
vn -0.225337 -0.971612 -0.072067
vn -0.225337 -0.971612 -0.072067
vn -0.041316 -0.996726 -0.069493
vn -0.005679 -0.031648 0.999483
vn 0.001068 -0.019584 0.999808
vn 0.000929 -0.019656 0.999806
vn 0.002823 -0.019412 0.999808
vn 0.015743 -0.522420 0.852543
vn 0.008424 -0.294828 0.955513
vn 0.821654 -0.569679 -0.018728
vn 0.820250 -0.571690 -0.019011
vn 0.820250 -0.571690 -0.019011
vn 0.818840 -0.573697 -0.019294
vn 0.000480 -0.019407 0.999812
vn 0.000457 -0.019346 0.999813
vn 0.000457 -0.019346 0.999813
vn 0.000433 -0.019286 0.999814
vn -0.862146 -0.076159 0.500904
vn -0.553969 -0.032638 0.831897
vn -0.771790 -0.071008 0.631900
vn -0.700979 -0.066523 0.710072
vn -0.912898 -0.101042 0.395485
vn -0.777341 -0.071455 0.625008
vn 0.748984 -0.012647 0.662468
vn 0.503301 0.002789 0.864107
vn 0.503301 0.002789 0.864107
vn 0.206656 0.017943 0.978249
vn 0.013173 0.001816 -0.999912
vn 0.013175 0.000908 -0.999913
vn 0.999930 0.001098 0.011787
vn 0.999966 -0.006111 0.005551
vn 0.999966 -0.006111 0.005551
vn 0.999911 -0.013320 -0.000686
vn -0.016998 -0.055371 0.998321
vn -0.008175 -0.037593 0.999260
vn 0.286625 -0.067845 0.955637
vn 0.317817 -0.064381 0.945964
vn 0.317817 -0.064381 0.945964
vn 0.348665 -0.060847 0.935270
vn 0.232162 0.970674 -0.062389
vn 0.507386 0.859190 -0.065972
vn 0.507386 0.859190 -0.065972
vn 0.737864 0.671934 -0.063737
vn -0.422604 0.905757 -0.031789
vn -0.337617 0.941154 -0.015629
vn -0.337617 0.941154 -0.015629
vn -0.249680 0.968328 0.000668
vn -0.999190 -0.026052 -0.030673
vn -0.999110 -0.014270 -0.039704
vn -0.999110 -0.014270 -0.039704
vn -0.998809 -0.002486 -0.048726
vn 0.675851 -0.736744 0.020824
vn 0.724717 -0.688708 0.021600
vn 0.724717 -0.688708 0.021600
vn 0.770180 -0.637438 0.022275
vn -0.001538 0.999948 -0.010081
vn 0.002473 0.999841 -0.017668
vn 0.002473 0.999841 -0.017668
vn 0.006485 0.999660 -0.025253
vn -0.595877 -0.803042 -0.007380
vn -0.492925 -0.869969 -0.013397
vn -0.492925 -0.869969 -0.013397
vn -0.382521 -0.923747 -0.019212
vn -0.015132 0.034113 0.999303
vn 0.000588 0.050376 0.998730
vn 0.000674 0.048845 0.998806
vn 0.032435 0.053808 0.998024
vn 0.998218 -0.014621 0.057857
vn 0.998634 -0.006081 0.051901
vn 0.998634 -0.006081 0.051901
vn 0.998941 0.002459 0.045940
vn -0.014971 0.009638 0.999842
vn -0.007064 0.027717 0.999591
vn 0.538383 -0.005179 0.842685
vn 0.527980 -0.005686 0.849238
vn 0.527980 -0.005686 0.849238
vn 0.517497 -0.006193 0.855662
vn 0.484117 0.875001 0.001745
vn 0.628182 0.778052 0.004784
vn 0.628182 0.778052 0.004784
vn 0.753298 0.657634 0.007679
vn -0.525113 0.850561 -0.028328
vn -0.426733 0.904270 -0.013944
vn -0.426733 0.904270 -0.013944
vn -0.322904 0.946431 0.000618
vn -0.999564 -0.019696 -0.022005
vn -0.999536 -0.010788 -0.028486
vn -0.999536 -0.010788 -0.028486
vn -0.999387 -0.001879 -0.034964
vn 0.771714 -0.635741 0.017050
vn 0.811415 -0.584212 0.017352
vn 0.811415 -0.584212 0.017352
vn 0.847683 -0.530211 0.017581
vn -0.002036 0.999952 -0.009567
vn 0.003271 0.999854 -0.016765
vn 0.003271 0.999854 -0.016765
vn 0.008577 0.999676 -0.023961
vn -0.700643 -0.713485 -0.006219
vn -0.596195 -0.802752 -0.011874
vn -0.596195 -0.802752 -0.011874
vn -0.480473 -0.876839 -0.017304
vn -0.021084 0.035940 0.999132
vn 0.000829 0.053078 0.998590
vn 0.000946 0.051465 0.998674
vn 0.045194 0.056664 0.997370
vn 0.999076 -0.011060 0.041527
vn 0.999296 -0.004600 0.037246
vn 0.999296 -0.004600 0.037246
vn 0.999455 0.001860 0.032962
vn -0.020873 0.010155 0.999731
vn -0.009849 0.029206 0.999525
vn 0.665164 -0.004837 0.746681
vn 0.654979 -0.005334 0.755628
vn 0.654979 -0.005334 0.755628
vn 0.644674 -0.005830 0.764436
vn 0.590682 0.806903 0.001527
vn 0.724134 0.689649 0.003877
vn 0.724134 0.689649 0.003877
vn 0.834729 0.550626 0.006104
vn -0.443299 0.895824 -0.031396
vn -0.344662 0.938409 -0.024448
vn -0.344662 0.938409 -0.024448
vn -0.242029 0.970116 -0.017217
vn -0.999913 -0.000128 0.013225
vn -0.999889 -0.013253 0.006777
vn -0.999889 -0.013253 0.006777
vn -0.999652 -0.026376 0.000327
vn 0.426456 -0.903607 -0.040370
vn 0.606556 -0.794061 -0.039446
vn 0.606556 -0.794061 -0.039446
vn 0.759703 -0.649230 -0.036769
vn -0.001239 0.999394 -0.034787
vn 0.003110 0.999205 -0.039742
vn 0.003110 0.999205 -0.039742
vn 0.007459 0.998973 -0.044695
vn -0.402033 -0.915005 -0.033692
vn -0.493659 -0.869021 -0.033217
vn -0.493659 -0.869021 -0.033217
vn -0.580096 -0.813904 -0.032393
vn -0.005679 -0.031648 0.999483
vn 0.001068 -0.019584 0.999808
vn 0.000929 -0.019656 0.999806
vn 0.002823 -0.019412 0.999808
vn 0.999976 0.001344 0.006818
vn 0.999977 -0.005999 0.003209
vn 0.999977 -0.005999 0.003209
vn 0.999911 -0.013342 -0.000399
vn -0.016998 -0.055371 0.998321
vn -0.008175 -0.037593 0.999260
vn 0.286620 -0.067845 0.955639
vn 0.317819 -0.064380 0.945963
vn 0.317819 -0.064380 0.945963
vn 0.348675 -0.060846 0.935267
vn 0.240261 0.970025 -0.036416
vn 0.513392 0.857294 -0.038414
vn 0.513392 0.857294 -0.038414
vn 0.741698 0.669710 -0.037059
vn -0.422605 0.905756 -0.031789
vn -0.337618 0.941154 -0.015629
vn -0.337618 0.941154 -0.015629
vn -0.249680 0.968328 0.000668
vn -0.999190 -0.026053 -0.030672
vn -0.999110 -0.014270 -0.039704
vn -0.999110 -0.014270 -0.039704
vn -0.998809 -0.002485 -0.048727
vn 0.675855 -0.736741 0.020824
vn 0.724723 -0.688702 0.021601
vn 0.724723 -0.688702 0.021601
vn 0.770188 -0.637428 0.022276
vn -0.001538 0.999948 -0.010081
vn 0.002473 0.999841 -0.017668
vn 0.002473 0.999841 -0.017668
vn 0.006485 0.999660 -0.025253
vn -0.595878 -0.803041 -0.007380
vn -0.492924 -0.869969 -0.013398
vn -0.492924 -0.869969 -0.013398
vn -0.382520 -0.923748 -0.019212
vn -0.015129 0.034113 0.999304
vn 0.000576 0.050375 0.998730
vn 0.000666 0.048844 0.998806
vn 0.032403 0.053805 0.998026
vn 0.998218 -0.014622 0.057857
vn 0.998634 -0.006082 0.051901
vn 0.998634 -0.006082 0.051901
vn 0.998941 0.002459 0.045939
vn -0.014971 0.009636 0.999842
vn -0.007063 0.027716 0.999591
vn 0.538416 -0.005177 0.842663
vn 0.527978 -0.005685 0.849239
vn 0.527978 -0.005685 0.849239
vn 0.517460 -0.006193 0.855685
vn 0.484107 0.875007 0.001744
vn 0.628181 0.778053 0.004784
vn 0.628181 0.778053 0.004784
vn 0.753304 0.657627 0.007679
vn -0.422609 0.905754 -0.031789
vn -0.337620 0.941153 -0.015628
vn -0.337620 0.941153 -0.015628
vn -0.249680 0.968328 0.000669
vn -0.999190 -0.026051 -0.030670
vn -0.999110 -0.014269 -0.039701
vn -0.999110 -0.014269 -0.039701
vn -0.998809 -0.002485 -0.048724
vn 0.675851 -0.736744 0.020824
vn 0.724725 -0.688699 0.021601
vn 0.724725 -0.688699 0.021601
vn 0.770196 -0.637419 0.022276
vn -0.001538 0.999948 -0.010081
vn 0.002473 0.999841 -0.017668
vn 0.002473 0.999841 -0.017668
vn 0.006485 0.999660 -0.025254
vn -0.595852 -0.803060 -0.007380
vn -0.492914 -0.869975 -0.013397
vn -0.492914 -0.869975 -0.013397
vn -0.382528 -0.923744 -0.019211
vn -0.015132 0.034113 0.999304
vn 0.000588 0.050376 0.998730
vn 0.000674 0.048845 0.998806
vn 0.032435 0.053808 0.998024
vn 0.998218 -0.014621 0.057857
vn 0.998634 -0.006081 0.051900
vn 0.998634 -0.006081 0.051900
vn 0.998941 0.002459 0.045939
vn -0.014971 0.009638 0.999842
vn -0.007064 0.027717 0.999591
vn 0.538374 -0.005179 0.842690
vn 0.527976 -0.005686 0.849240
vn 0.527976 -0.005686 0.849240
vn 0.517499 -0.006192 0.855662
vn 0.484108 0.875007 0.001745
vn 0.628185 0.778049 0.004785
vn 0.628185 0.778049 0.004785
vn 0.753312 0.657619 0.007680
vn -0.422605 0.905756 -0.031790
vn -0.337617 0.941154 -0.015629
vn -0.337617 0.941154 -0.015629
vn -0.249680 0.968328 0.000668
vn -0.999190 -0.026052 -0.030673
vn -0.999110 -0.014271 -0.039704
vn -0.999110 -0.014271 -0.039704
vn -0.998809 -0.002487 -0.048726
vn 0.675852 -0.736743 0.020823
vn 0.724713 -0.688712 0.021600
vn 0.724713 -0.688712 0.021600
vn 0.770171 -0.637448 0.022275
vn -0.001538 0.999948 -0.010080
vn 0.002473 0.999841 -0.017668
vn 0.002473 0.999841 -0.017668
vn 0.006485 0.999660 -0.025254
vn -0.595890 -0.803032 -0.007379
vn -0.492932 -0.869965 -0.013396
vn -0.492932 -0.869965 -0.013396
vn -0.382522 -0.923746 -0.019212
vn -0.015129 0.034113 0.999304
vn 0.000576 0.050375 0.998730
vn 0.000666 0.048844 0.998806
vn 0.032404 0.053805 0.998026
vn 0.998218 -0.014623 0.057857
vn 0.998634 -0.006081 0.051901
vn 0.998634 -0.006081 0.051901
vn 0.998941 0.002461 0.045939
vn -0.014971 0.009636 0.999842
vn -0.007063 0.027716 0.999591
vn 0.538412 -0.005177 0.842666
vn 0.527974 -0.005686 0.849242
vn 0.527974 -0.005686 0.849242
vn 0.517455 -0.006194 0.855688
vn 0.484097 0.875012 0.001744
vn 0.628176 0.778056 0.004784
vn 0.628176 0.778056 0.004784
vn 0.753304 0.657628 0.007679
vn -0.525111 0.850562 -0.028328
vn -0.426731 0.904271 -0.013944
vn -0.426731 0.904271 -0.013944
vn -0.322901 0.946433 0.000619
vn -0.999564 -0.019697 -0.022004
vn -0.999536 -0.010789 -0.028486
vn -0.999536 -0.010789 -0.028486
vn -0.999387 -0.001879 -0.034965
vn 0.771707 -0.635749 0.017050
vn 0.811413 -0.584216 0.017352
vn 0.811413 -0.584216 0.017352
vn 0.847684 -0.530210 0.017581
vn -0.002036 0.999952 -0.009567
vn 0.003271 0.999854 -0.016765
vn 0.003271 0.999854 -0.016765
vn 0.008577 0.999676 -0.023962
vn -0.700654 -0.713474 -0.006218
vn -0.596199 -0.802749 -0.011873
vn -0.596199 -0.802749 -0.011873
vn -0.480468 -0.876842 -0.017304
vn -0.021084 0.035940 0.999132
vn 0.000829 0.053078 0.998590
vn 0.000946 0.051465 0.998674
vn 0.045194 0.056664 0.997370
vn 0.999076 -0.011059 0.041527
vn 0.999296 -0.004599 0.037246
vn 0.999296 -0.004599 0.037246
vn 0.999455 0.001861 0.032961
vn -0.020873 0.010155 0.999731
vn -0.009849 0.029206 0.999525
vn 0.665167 -0.004836 0.746679
vn 0.654976 -0.005334 0.755630
vn 0.654976 -0.005334 0.755630
vn 0.644665 -0.005830 0.764443
vn 0.590682 0.806903 0.001527
vn 0.724133 0.689650 0.003877
vn 0.724133 0.689650 0.003877
vn 0.834728 0.550628 0.006103
vn -0.001243 -0.473968 -0.880541
vn 0.071068 -0.440202 -0.895082
vn 0.109555 -0.417554 -0.902023
vn 0.210802 -0.342887 -0.915419
vn 0.495182 0.498496 -0.711545
vn 0.495182 0.498496 -0.711545
vn 0.495182 0.498496 -0.711545
vn 0.005865 -0.049124 -0.998776
vn 0.005177 -0.041800 -0.999113
vn 0.004759 -0.043853 -0.999027
vn 0.002874 -0.038148 -0.999268
vn -0.999378 -0.025748 -0.024081
vn -0.999804 -0.013150 -0.014787
vn -0.999804 -0.013150 -0.014787
vn -0.999985 -0.000549 -0.005490
vn 0.008258 -0.176139 -0.984331
vn 0.000177 -0.308971 -0.951071
vn 0.000177 -0.308971 -0.951071
vn -0.007906 -0.435990 -0.899917
vn 0.758501 -0.039129 -0.650496
vn 0.822441 -0.043644 -0.567174
vn 0.822441 -0.043644 -0.567174
vn 0.877291 -0.047677 -0.477584
vn 0.956175 -0.086616 -0.279690
vn 0.379268 -0.050506 -0.923908
vn 0.589133 -0.071115 -0.804900
vn -0.007511 -0.014788 -0.999862
vn 0.006074 -0.020198 -0.999778
vn 0.006198 -0.020184 -0.999777
vn 0.006198 -0.020184 -0.999777
vn 0.006323 -0.020170 -0.999777
vn 0.906785 -0.032819 -0.420315
vn 0.918314 -0.016063 -0.395527
vn 0.943222 -0.016994 -0.331729
vn 0.920487 0.000239 -0.390772
vn 0.007412 -0.019937 -0.999774
vn 0.007418 -0.019917 -0.999774
vn 0.007418 -0.019917 -0.999774
vn 0.007423 -0.019898 -0.999774
vn -0.696041 0.717991 0.003951
vn -0.696041 0.717991 0.003951
vn -0.696041 0.717991 0.003951
vn 0.441084 0.893725 0.081859
vn 0.341523 0.937727 0.063479
vn 0.341523 0.937727 0.063479
vn 0.237799 0.970302 0.044324
vn 0.005058 -0.050959 -0.998688
vn 0.006192 -0.053959 -0.998524
vn -0.019983 -0.935978 -0.351491
vn -0.018373 -0.900178 -0.435133
vn -0.021596 -0.910660 -0.412592
vn -0.007903 -0.919231 -0.393638
vn 0.011511 -0.975487 -0.219758
vn -0.000199 -0.935637 -0.352965
vn -0.983413 -0.076231 -0.164581
vn -0.868638 -0.062699 -0.491464
vn -0.868638 -0.062699 -0.491464
vn -0.649444 -0.041630 -0.759269
vn -0.001302 -0.008980 -0.999959
vn -0.001927 -0.006389 -0.999978
vn 0.025257 -0.872831 -0.487368
vn 0.021552 -0.917503 -0.397144
vn 0.043838 -0.858303 -0.511268
vn -0.758076 -0.215470 -0.615543
vn -0.758076 -0.215470 -0.615543
vn -0.758076 -0.215470 -0.615543
vn -0.385057 0.002638 -0.922889
vn -0.603099 -0.012036 -0.797576
vn -0.603099 -0.012036 -0.797576
vn -0.782868 -0.025946 -0.621647
vn -0.821047 -0.220699 -0.526472
vn -0.860093 -0.122666 -0.495169
vn -0.868431 -0.088762 -0.487800
vn 0.416044 -0.431025 -0.800703
vn 0.416044 -0.431025 -0.800703
vn 0.416044 -0.431025 -0.800703
vn 0.114296 0.543975 -0.831281
vn 0.229140 0.535314 -0.812978
vn 0.074692 0.522207 -0.849542
vn 0.000011 0.497903 -0.867233
vn 0.001068 0.473661 -0.880707
vn 0.006639 0.472022 -0.881562
vn -0.454937 0.860197 -0.230422
vn -0.454937 0.860197 -0.230422
vn -0.454937 0.860197 -0.230422
vn 0.228871 -0.463518 -0.856019
vn 0.305502 -0.408782 -0.859980
vn 0.305502 -0.408782 -0.859980
vn 0.379419 -0.350415 -0.856301
vn -0.035502 -0.138725 -0.989694
vn -0.529440 -0.092214 -0.843321
vn -0.683709 -0.069244 -0.726462
vn 0.045763 -0.015255 -0.998836
vn -0.005417 -0.017950 -0.999824
vn 0.043179 -0.015652 -0.998945
vn -0.005264 -0.018125 -0.999822
vn 0.091674 -0.013316 -0.995700
vn 0.086371 -0.013936 -0.996166
vn 0.875239 -0.002055 -0.483687
vn 0.888768 0.005066 -0.458329
vn 0.888768 0.005066 -0.458329
vn 0.901518 0.012183 -0.432570
vn -0.004383 0.001768 -0.999989
vn 0.004742 -0.022169 -0.999743
vn 0.005859 -0.024102 -0.999692
vn 0.008092 -0.027966 -0.999576
vn 0.010978 -0.037031 -0.999254
vn 0.040805 0.944530 -0.325881
vn 0.028779 0.865587 -0.499930
vn 0.028779 0.865587 -0.499930
vn 0.015699 0.754904 -0.655647
vn 0.787646 -0.419765 -0.451012
vn 0.787646 -0.419765 -0.451012
vn 0.787646 -0.419765 -0.451012
vn 0.013345 -0.237448 -0.971309
vn 0.024425 -0.086241 -0.995975
vn 0.041017 -0.122461 -0.991625
vn -0.005143 -0.468140 -0.883640
vn -0.004563 -0.453683 -0.891152
vn 0.013487 -0.978742 -0.204654
vn 0.010164 -0.941460 -0.336972
vn 0.999328 -0.025903 -0.025951
vn 0.999858 -0.012925 -0.010831
vn 0.999858 -0.012925 -0.010831
vn 0.999991 0.000059 0.004294
vn -0.415493 -0.906492 0.075089
vn -0.601623 -0.795535 0.071927
vn -0.601623 -0.795535 0.071927
vn -0.759498 -0.647216 0.065387
vn -0.000340 0.996227 0.086788
vn 0.000005 0.996307 0.085862
vn 0.000005 0.996307 0.085862
vn 0.000349 0.996386 0.084937
vn 0.601403 -0.797285 0.051479
vn 0.504405 -0.860275 0.074177
vn 0.504405 -0.860275 0.074177
vn 0.400400 -0.911314 0.095845
vn 0.013594 -0.031652 -0.999407
vn 0.006852 -0.019575 -0.999785
vn 0.006971 -0.019651 -0.999783
vn 0.004987 -0.019393 -0.999799
vn -0.009752 -0.522627 -0.852506
vn -0.001010 -0.295453 -0.955357
vn -0.822291 -0.568892 0.014115
vn -0.820621 -0.571289 0.014502
vn -0.820621 -0.571289 0.014502
vn -0.818944 -0.573681 0.014889
vn 0.007357 -0.019431 -0.999784
vn 0.007386 -0.019360 -0.999785
vn 0.007386 -0.019360 -0.999785
vn 0.007415 -0.019289 -0.999786
vn 0.785723 -0.003051 -0.618571
vn 0.882777 -0.009943 -0.469686
vn 0.929050 -0.013990 -0.369689
vn 0.977169 -0.025908 -0.210877
vn -0.999777 0.001069 -0.021104
vn -0.999882 -0.006125 -0.014100
vn -0.999882 -0.006125 -0.014100
vn -0.999886 -0.013319 -0.007094
vn 0.024847 -0.055379 -0.998156
vn 0.016032 -0.037599 -0.999164
vn -0.278942 -0.067856 -0.957908
vn -0.310208 -0.064390 -0.948486
vn -0.310208 -0.064390 -0.948486
vn -0.341140 -0.060855 -0.938041
vn -0.230346 0.970742 0.067828
vn -0.506493 0.859422 0.069708
vn -0.506493 0.859422 0.069708
vn -0.737738 0.671911 0.065408
vn 0.422319 0.905767 0.035109
vn 0.337469 0.941159 0.018282
vn 0.337469 0.941159 0.018282
vn 0.249670 0.968330 0.001295
vn 0.998917 -0.026052 0.038538
vn 0.998766 -0.014267 0.047570
vn 0.998766 -0.014267 0.047570
vn 0.998394 -0.002479 0.056592
vn -0.675672 -0.736738 -0.026143
vn -0.724554 -0.688677 -0.027305
vn -0.724554 -0.688677 -0.027305
vn -0.770029 -0.637379 -0.028338
vn 0.001459 0.999948 0.010091
vn -0.002613 0.999841 0.017648
vn -0.002613 0.999841 0.017648
vn -0.006684 0.999660 0.025203
vn 0.595841 -0.803012 0.012062
vn 0.492803 -0.869970 0.017272
vn 0.492803 -0.869970 0.017272
vn 0.382310 -0.923767 0.022221
vn 0.023000 0.034118 -0.999153
vn 0.007407 0.050374 -0.998703
vn 0.007274 0.048847 -0.998780
vn -0.024336 0.053795 -0.998255
vn -0.997732 -0.014624 -0.065708
vn -0.998195 -0.006084 -0.059755
vn -0.998195 -0.006084 -0.059755
vn -0.998549 0.002458 -0.053795
vn 0.022835 0.009634 -0.999693
vn 0.014924 0.027719 -0.999504
vn -0.531838 -0.005174 -0.846830
vn -0.521291 -0.005686 -0.853360
vn -0.521291 -0.005686 -0.853360
vn -0.510663 -0.006196 -0.859758
vn -0.484108 0.874991 -0.005553
vn -0.628149 0.778033 -0.009726
vn -0.628149 0.778033 -0.009726
vn -0.753240 0.657605 -0.013605
vn 0.524855 0.850573 0.032458
vn 0.426598 0.904276 0.017300
vn 0.426598 0.904276 0.017300
vn 0.322894 0.946433 0.001922
vn 0.999360 -0.019691 0.029871
vn 0.999281 -0.010788 0.036349
vn 0.999281 -0.010788 0.036349
vn 0.999081 -0.001882 0.042823
vn -0.771577 -0.635715 -0.023125
vn -0.811284 -0.584171 -0.023740
vn -0.811284 -0.584171 -0.023740
vn -0.847555 -0.530153 -0.024254
vn 0.001960 0.999952 0.009584
vn -0.003403 0.999854 0.016741
vn -0.003403 0.999854 0.016741
vn -0.008767 0.999676 0.023896
vn 0.700480 -0.713576 0.011734
vn 0.596032 -0.802790 0.016565
vn 0.596032 -0.802790 0.016565
vn 0.480323 -0.876838 0.021083
vn 0.028945 0.035939 -0.998935
vn 0.006977 0.053077 -0.998566
vn 0.006878 0.051463 -0.998651
vn -0.037453 0.056667 -0.997690
vn -0.998719 -0.011061 -0.049387
vn -0.998972 -0.004602 -0.045107
vn -0.998972 -0.004602 -0.045107
vn -0.999165 0.001858 -0.040824
vn 0.028731 0.010164 -0.999536
vn 0.017710 0.029207 -0.999416
vn -0.659048 -0.004839 -0.752085
vn -0.648901 -0.005330 -0.760854
vn -0.648901 -0.005330 -0.760854
vn -0.638638 -0.005821 -0.769485
vn -0.590704 0.806865 -0.006175
vn -0.724074 0.689655 -0.009572
vn -0.724074 0.689655 -0.009572
vn -0.834610 0.550696 -0.012668
vn 0.442971 0.895775 0.036931
vn 0.344409 0.938379 0.028754
vn 0.344409 0.938379 0.028754
vn 0.241852 0.970102 0.020244
vn 0.999981 -0.000141 -0.006230
vn 0.999912 -0.013263 0.000642
vn 0.999912 -0.013263 0.000642
vn 0.999624 -0.026381 0.007515
vn -0.409127 -0.911548 0.041172
vn -0.599100 -0.799739 0.038704
vn -0.599100 -0.799739 0.038704
vn -0.759957 -0.649064 0.034355
vn 0.000908 0.999312 0.037067
vn -0.003461 0.999100 0.042278
vn -0.003461 0.999100 0.042278
vn -0.007829 0.998841 0.047487
vn 0.401760 -0.914911 0.039080
vn 0.493403 -0.868913 0.039293
vn 0.493403 -0.868913 0.039293
vn 0.579858 -0.813779 0.039093
vn 0.013510 -0.031641 -0.999408
vn 0.006836 -0.019586 -0.999785
vn 0.006962 -0.019652 -0.999783
vn 0.005226 -0.019427 -0.999798
vn -0.999877 0.001328 -0.015630
vn -0.999914 -0.006014 -0.011653
vn -0.999914 -0.006014 -0.011653
vn -0.999881 -0.013355 -0.007676
vn 0.024863 -0.055379 -0.998156
vn 0.016041 -0.037589 -0.999165
vn -0.644288 -0.059429 -0.762471
vn -0.647321 -0.058809 -0.759946
vn -0.647321 -0.058809 -0.759946
vn -0.650344 -0.058187 -0.757408
vn -0.219595 0.974854 0.037916
vn -0.504387 0.862637 0.038086
vn -0.504387 0.862637 0.038086
vn -0.741919 0.669592 0.034686
vn 0.422338 0.905758 0.035113
vn 0.337477 0.941156 0.018283
vn 0.337477 0.941156 0.018283
vn 0.249668 0.968331 0.001294
vn 0.998917 -0.026058 0.038536
vn 0.998766 -0.014270 0.047571
vn 0.998766 -0.014270 0.047571
vn 0.998394 -0.002478 0.056596
vn -0.675691 -0.736721 -0.026142
vn -0.724575 -0.688655 -0.027303
vn -0.724575 -0.688655 -0.027303
vn -0.770053 -0.637351 -0.028337
vn 0.001459 0.999948 0.010091
vn -0.002613 0.999841 0.017648
vn -0.002613 0.999841 0.017648
vn -0.006684 0.999660 0.025204
vn 0.595908 -0.802962 0.012064
vn 0.492851 -0.869942 0.017274
vn 0.492851 -0.869942 0.017274
vn 0.382335 -0.923757 0.022223
vn 0.023042 0.034112 -0.999152
vn 0.007379 0.050385 -0.998703
vn 0.007257 0.048852 -0.998780
vn -0.024510 0.053821 -0.998250
vn -0.997732 -0.014620 -0.065703
vn -0.998195 -0.006087 -0.059755
vn -0.998195 -0.006087 -0.059755
vn -0.998549 0.002446 -0.053801
vn 0.022837 0.009630 -0.999693
vn 0.014927 0.027713 -0.999505
vn -0.531937 -0.005180 -0.846768
vn -0.521382 -0.005692 -0.853304
vn -0.521382 -0.005692 -0.853304
vn -0.510747 -0.006203 -0.859709
vn -0.484153 0.874966 -0.005558
vn -0.628177 0.778009 -0.009731
vn -0.628177 0.778009 -0.009731
vn -0.753255 0.657588 -0.013611
vn 0.422349 0.905753 0.035116
vn 0.337478 0.941156 0.018284
vn 0.337478 0.941156 0.018284
vn 0.249657 0.968333 0.001293
vn 0.998918 -0.026040 0.038532
vn 0.998767 -0.014263 0.047559
vn 0.998767 -0.014263 0.047559
vn 0.998395 -0.002482 0.056575
vn -0.675724 -0.736691 -0.026144
vn -0.724558 -0.688673 -0.027304
vn -0.724558 -0.688673 -0.027304
vn -0.769992 -0.637424 -0.028337
vn 0.001459 0.999948 0.010091
vn -0.002613 0.999841 0.017648
vn -0.002613 0.999841 0.017648
vn -0.006684 0.999660 0.025203
vn 0.595737 -0.803089 0.012064
vn 0.492764 -0.869991 0.017270
vn 0.492764 -0.869991 0.017270
vn 0.382348 -0.923751 0.022216
vn 0.022943 0.034123 -0.999154
vn 0.007267 0.050375 -0.998704
vn 0.007180 0.048851 -0.998780
vn -0.024442 0.053794 -0.998253
vn -0.997732 -0.014626 -0.065711
vn -0.998194 -0.006090 -0.059761
vn -0.998194 -0.006090 -0.059761
vn -0.998548 0.002447 -0.053805
vn 0.022838 0.009636 -0.999693
vn 0.014925 0.027725 -0.999504
vn -0.531639 -0.005168 -0.846955
vn -0.521135 -0.005677 -0.853456
vn -0.521135 -0.005677 -0.853456
vn -0.510550 -0.006186 -0.859826
vn -0.484084 0.875004 -0.005553
vn -0.628086 0.778083 -0.009725
vn -0.628086 0.778083 -0.009725
vn -0.753152 0.657706 -0.013604
vn 0.422332 0.905761 0.035112
vn 0.337470 0.941159 0.018282
vn 0.337470 0.941159 0.018282
vn 0.249660 0.968333 0.001293
vn 0.998918 -0.026049 0.038532
vn 0.998766 -0.014269 0.047561
vn 0.998766 -0.014269 0.047561
vn 0.998395 -0.002485 0.056579
vn -0.675577 -0.736826 -0.026129
vn -0.724391 -0.688849 -0.027289
vn -0.724391 -0.688849 -0.027289
vn -0.769811 -0.637644 -0.028320
vn 0.001459 0.999948 0.010091
vn -0.002613 0.999841 0.017648
vn -0.002613 0.999841 0.017648
vn -0.006684 0.999660 0.025203
vn 0.595816 -0.803031 0.012065
vn 0.492818 -0.869961 0.017273
vn 0.492818 -0.869961 0.017273
vn 0.382372 -0.923741 0.022219
vn 0.022994 0.034103 -0.999154
vn 0.007311 0.050373 -0.998704
vn 0.007208 0.048842 -0.998781
vn -0.024514 0.053803 -0.998251
vn -0.997731 -0.014620 -0.065717
vn -0.998194 -0.006071 -0.059759
vn -0.998194 -0.006071 -0.059759
vn -0.998549 0.002478 -0.053795
vn 0.022834 0.009613 -0.999693
vn 0.014921 0.027702 -0.999505
vn -0.531935 -0.005185 -0.846769
vn -0.521276 -0.005702 -0.853369
vn -0.521276 -0.005702 -0.853369
vn -0.510534 -0.006219 -0.859835
vn -0.484183 0.874949 -0.005558
vn -0.628218 0.777977 -0.009732
vn -0.628218 0.777977 -0.009732
vn -0.753301 0.657535 -0.013612
vn 0.524859 0.850570 0.032459
vn 0.426602 0.904274 0.017302
vn 0.426602 0.904274 0.017302
vn 0.322897 0.946432 0.001923
vn 0.999360 -0.019688 0.029873
vn 0.999281 -0.010784 0.036351
vn 0.999281 -0.010784 0.036351
vn 0.999081 -0.001879 0.042825
vn -0.771616 -0.635668 -0.023131
vn -0.811325 -0.584113 -0.023745
vn -0.811325 -0.584113 -0.023745
vn -0.847598 -0.530084 -0.024259
vn 0.001960 0.999952 0.009584
vn -0.003403 0.999854 0.016741
vn -0.003403 0.999854 0.016741
vn -0.008767 0.999676 0.023896
vn 0.700532 -0.713524 0.011736
vn 0.596067 -0.802764 0.016567
vn 0.596067 -0.802764 0.016567
vn 0.480336 -0.876831 0.021084
vn 0.028973 0.035939 -0.998934
vn 0.007098 0.053070 -0.998566
vn 0.006961 0.051455 -0.998651
vn -0.037291 0.056658 -0.997697
vn -0.998718 -0.011067 -0.049388
vn -0.998972 -0.004603 -0.045105
vn -0.998972 -0.004603 -0.045105
vn -0.999165 0.001860 -0.040820
vn 0.028729 0.010175 -0.999536
vn 0.017713 0.029209 -0.999416
vn -0.659391 -0.004829 -0.751785
vn -0.649166 -0.005324 -0.760628
vn -0.649166 -0.005324 -0.760628
vn -0.638821 -0.005819 -0.769333
vn -0.590713 0.806858 -0.006172
vn -0.724074 0.689656 -0.009569
vn -0.724074 0.689656 -0.009569
vn -0.834603 0.550707 -0.012664
vn 0.935875 -0.098462 -0.338294
vn 0.935875 -0.098462 -0.338294
vn 0.935875 -0.098462 -0.338294
vn -0.005052 -0.208059 -0.978103
vn -0.003965 -0.189143 -0.981942
vn -0.002750 -0.177386 -0.984138
vn 0.000000 -0.184521 -0.982829
vn -0.002279 -0.197780 -0.980244
vn -0.002698 -0.182950 -0.983118
vn -0.000566 -0.138677 -0.990338
vn 0.000167 -0.123233 -0.992378
vn -0.999742 0.000924 0.022681
vn -0.999745 0.000344 0.022556
vn -0.999429 -0.032061 0.010655
vn -0.999576 0.009911 0.027371
vn -0.990450 0.133783 0.033325
vn -0.989464 0.132847 0.057552
vn -0.977569 0.206305 0.042395
vn -0.996319 0.049406 0.070056
vn -0.992667 0.067592 0.100218
vn 0.012505 0.905993 -0.423108
vn 0.004966 0.941229 -0.337734
vn 0.004966 0.941229 -0.337734
vn -0.002616 0.968382 -0.249460
vn 0.006748 -0.025950 -0.999641
vn 0.011521 -0.013815 -0.999838
vn 0.011521 -0.013815 -0.999838
vn 0.016291 -0.001677 -0.999866
vn -0.008917 -0.736810 0.676041
vn -0.008714 -0.639997 0.768328
vn -0.008714 -0.639997 0.768328
vn -0.008356 -0.531735 0.846869
vn 0.005162 0.999985 -0.001703
vn 0.009475 0.999952 0.002560
vn 0.009475 0.999952 0.002560
vn 0.013788 0.999882 0.006822
vn 0.006452 -0.923854 -0.382691
vn 0.006502 -0.923480 -0.383591
vn 0.006502 -0.923480 -0.383591
vn 0.006552 -0.923105 -0.384492
vn -0.999415 0.034117 0.002429
vn -0.998567 0.050382 0.018027
vn -0.998641 0.048850 0.018166
vn -0.997307 0.053811 0.049834
vn -0.021586 -0.014692 0.999659
vn -0.018442 -0.006284 0.999810
vn -0.018442 -0.006284 0.999810
vn -0.015296 0.002124 0.999881
vn -0.999950 0.009637 0.002642
vn -0.999560 0.027718 0.010544
vn -0.833080 -0.005180 0.553128
vn -0.839831 -0.005688 0.542818
vn -0.839831 -0.005688 0.542818
vn -0.846455 -0.006196 0.532425
vn 0.003647 0.874109 0.485716
vn 0.003377 0.777401 0.628997
vn 0.003377 0.777401 0.628997
vn 0.003006 0.657461 0.753482
vn 0.021013 0.906080 -0.422585
vn 0.011774 0.941199 -0.337648
vn 0.011774 0.941199 -0.337648
vn 0.002436 0.968287 -0.249831
vn 0.026953 -0.025608 -0.999309
vn 0.031860 -0.013142 -0.999406
vn 0.031860 -0.013142 -0.999406
vn 0.036762 -0.000672 -0.999324
vn -0.035388 -0.736730 0.675260
vn -0.043969 -0.373526 0.926577
vn -0.043969 -0.373526 0.926577
vn -0.043969 0.062572 0.997071
vn 0.005195 0.999985 -0.001500
vn 0.009416 0.999951 0.002927
vn 0.009416 0.999951 0.002927
vn 0.013637 0.999880 0.007353
vn 0.021431 -0.923851 -0.382153
vn 0.015654 -0.946949 -0.321002
vn 0.015654 -0.946949 -0.321002
vn 0.009810 -0.965970 -0.258470
vn -0.998747 0.034119 -0.036624
vn -0.998511 0.050373 -0.020923
vn -0.998589 0.048847 -0.020843
vn -0.998493 0.053794 0.010818
vn -0.042572 -0.014765 0.998984
vn -0.039502 -0.006551 0.999198
vn -0.039502 -0.006551 0.999198
vn -0.036430 0.001663 0.999335
vn -0.999286 0.009634 -0.036522
vn -0.999206 0.027721 -0.028608
vn -0.854116 -0.005163 0.520057
vn -0.860499 -0.005674 0.509420
vn -0.860499 -0.005674 0.509420
vn -0.866750 -0.006185 0.498705
vn -0.006498 0.876529 0.481305
vn -0.009833 0.779288 0.626589
vn -0.009833 0.779288 0.626589
vn -0.012867 0.658221 0.752715
vn 0.000000 0.021167 -0.999776
vn 0.002416 0.018401 -0.999828
vn 0.002416 0.018401 -0.999828
vn 0.004832 0.015635 -0.999866
vn 0.035940 0.905764 -0.422256
vn 0.018945 0.941157 -0.337437
vn 0.018945 0.941157 -0.337437
vn 0.001786 0.968329 -0.249670
vn 0.040498 -0.026052 -0.998840
vn 0.049530 -0.014267 -0.998671
vn 0.049530 -0.014267 -0.998671
vn 0.058551 -0.002479 -0.998281
vn -0.027467 -0.736742 0.675616
vn -0.028725 -0.688676 0.724500
vn -0.028725 -0.688676 0.724500
vn -0.029848 -0.637372 0.769978
vn 0.010095 0.999948 -0.001439
vn 0.017643 0.999841 0.002647
vn 0.017643 0.999841 0.002647
vn 0.025189 0.999660 0.006733
vn 0.013230 -0.802962 -0.595884
vn 0.018240 -0.869953 -0.492797
vn 0.018240 -0.869953 -0.492797
vn 0.022973 -0.923774 -0.382249
vn -0.999106 0.034119 -0.024952
vn -0.998686 0.050372 -0.009388
vn -0.998764 0.048846 -0.009246
vn -0.998303 0.053789 0.022314
vn -0.067663 -0.014622 0.997601
vn -0.061711 -0.006082 0.998076
vn -0.061711 -0.006082 0.998076
vn -0.055753 0.002459 0.998442
vn -0.999646 0.009636 -0.024795
vn -0.999473 0.027720 -0.016883
vn -0.847887 -0.005172 0.530151
vn -0.854392 -0.005684 0.519599
vn -0.854392 -0.005684 0.519599
vn -0.860764 -0.006195 0.508966
vn -0.006504 0.874987 0.484103
vn -0.010959 0.778035 0.628125
vn -0.010959 0.778035 0.628125
vn -0.015083 0.657617 0.753202
vn 0.033483 0.850576 -0.524785
vn 0.018132 0.904282 -0.426550
vn 0.018132 0.904282 -0.426550
vn 0.002550 0.946440 -0.322869
vn 0.031830 -0.019692 -0.999299
vn 0.038308 -0.010788 -0.999208
vn 0.038308 -0.010788 -0.999208
vn 0.044782 -0.001883 -0.998995
vn -0.024637 -0.635744 0.771506
vn -0.025330 -0.584170 0.811236
vn -0.025330 -0.584170 0.811236
vn -0.025915 -0.530119 0.847528
vn 0.009585 0.999952 -0.001942
vn 0.016733 0.999854 0.003437
vn 0.016733 0.999854 0.003437
vn 0.023880 0.999676 0.008816
vn 0.013109 -0.713608 -0.700422
vn 0.017735 -0.802807 -0.595975
vn 0.017735 -0.802807 -0.595975
vn 0.022026 -0.876843 -0.480272
vn -0.998876 0.035939 -0.030906
vn -0.998550 0.053078 -0.008949
vn -0.998636 0.051463 -0.008845
vn -0.997762 0.056669 0.035483
vn -0.051345 -0.011059 0.998620
vn -0.047066 -0.004601 0.998881
vn -0.047066 -0.004601 0.998881
vn -0.042784 0.001858 0.999083
vn -0.999477 0.010163 -0.030689
vn -0.999380 0.029207 -0.019667
vn -0.753344 -0.004837 0.657609
vn -0.762118 -0.005330 0.647416
vn -0.762118 -0.005330 0.647416
vn -0.770754 -0.005822 0.637106
vn -0.007330 0.806899 0.590644
vn -0.010990 0.689680 0.724031
vn -0.010990 0.689680 0.724031
vn -0.014303 0.550706 0.834577
vn 0.035942 0.905754 -0.422276
vn 0.018946 0.941154 -0.337445
vn 0.018946 0.941154 -0.337445
vn 0.001784 0.968330 -0.249666
vn 0.040493 -0.026057 -0.998840
vn 0.049528 -0.014269 -0.998671
vn 0.049528 -0.014269 -0.998671
vn 0.058552 -0.002477 -0.998281
vn -0.027468 -0.736726 0.675634
vn -0.028725 -0.688651 0.724524
vn -0.028725 -0.688651 0.724524
vn -0.029848 -0.637338 0.770007
vn 0.010095 0.999948 -0.001439
vn 0.017643 0.999841 0.002647
vn 0.017643 0.999841 0.002647
vn 0.025189 0.999660 0.006733
vn 0.013230 -0.802908 -0.595956
vn 0.018241 -0.869925 -0.492847
vn 0.018241 -0.869925 -0.492847
vn 0.022975 -0.923764 -0.382273
vn -0.999105 0.034112 -0.024995
vn -0.998686 0.050384 -0.009345
vn -0.998764 0.048850 -0.009219
vn -0.998297 0.053818 0.022523
vn -0.067660 -0.014620 0.997601
vn -0.061713 -0.006087 0.998075
vn -0.061713 -0.006087 0.998075
vn -0.055759 0.002447 0.998441
vn -0.999646 0.009629 -0.024797
vn -0.999473 0.027713 -0.016886
vn -0.847849 -0.005182 0.530212
vn -0.854345 -0.005693 0.519674
vn -0.854345 -0.005693 0.519674
vn -0.860711 -0.006203 0.509057
vn -0.006509 0.874966 0.484141
vn -0.010964 0.778010 0.628156
vn -0.010964 0.778010 0.628156
vn -0.015089 0.657589 0.753226
vn 0.017241 0.906206 -0.422486
vn 0.009087 0.941279 -0.337506
vn 0.009087 0.941279 -0.337506
vn 0.000855 0.968335 -0.249652
vn 0.019424 -0.026053 -0.999472
vn 0.023763 -0.014269 -0.999616
vn 0.023763 -0.014269 -0.999616
vn 0.028098 -0.002483 -0.999602
vn -0.013172 -0.736938 0.675833
vn -0.013775 -0.688890 0.724735
vn -0.013775 -0.688890 0.724735
vn -0.014314 -0.637605 0.770230
vn 0.004840 0.999987 -0.001440
vn 0.008460 0.999961 0.002647
vn 0.008460 0.999961 0.002647
vn 0.012079 0.999904 0.006733
vn 0.006344 -0.803115 -0.595791
vn 0.008745 -0.870098 -0.492801
vn 0.008745 -0.870098 -0.492801
vn 0.011015 -0.923944 -0.382370
vn -0.996141 0.070891 -0.051747
vn -0.994330 0.104610 -0.019077
vn -0.994659 0.101463 -0.018929
vn -0.992658 0.111564 0.046722
vn -0.032498 -0.014646 0.999365
vn -0.029633 -0.006098 0.999542
vn -0.029633 -0.006098 0.999542
vn -0.026767 0.002451 0.999639
vn -0.998463 0.020079 -0.051658
vn -0.997715 0.057678 -0.035175
vn -0.608663 -0.007735 0.793391
vn -0.619335 -0.008588 0.785080
vn -0.619335 -0.008588 0.785080
vn -0.629892 -0.009439 0.776625
vn -0.003118 0.875014 0.484088
vn -0.005254 0.778108 0.628108
vn -0.005254 0.778108 0.628108
vn -0.007231 0.657753 0.753199
vn 0.012113 -0.020844 -0.999709
vn 0.014820 -0.011418 -0.999825
vn 0.014820 -0.011418 -0.999825
vn 0.017526 -0.001990 -0.999844
vn 0.033485 0.850570 -0.524794
vn 0.018133 0.904279 -0.426558
vn 0.018133 0.904279 -0.426558
vn 0.002550 0.946439 -0.322873
vn 0.031831 -0.019689 -0.999299
vn 0.038309 -0.010785 -0.999208
vn 0.038309 -0.010785 -0.999208
vn 0.044783 -0.001880 -0.998995
vn -0.024641 -0.635686 0.771555
vn -0.025334 -0.584111 0.811278
vn -0.025334 -0.584111 0.811278
vn -0.025920 -0.530061 0.847563
vn 0.009584 0.999952 -0.001942
vn 0.016733 0.999854 0.003437
vn 0.016733 0.999854 0.003437
vn 0.023879 0.999676 0.008816
vn 0.013113 -0.713609 -0.700422
vn 0.017738 -0.802797 -0.595989
vn 0.017738 -0.802797 -0.595989
vn 0.022028 -0.876826 -0.480303
vn -0.998875 0.035940 -0.030935
vn -0.998550 0.053071 -0.009062
vn -0.998635 0.051457 -0.008923
vn -0.997768 0.056660 0.035333
vn -0.051345 -0.011066 0.998620
vn -0.047064 -0.004603 0.998881
vn -0.047064 -0.004603 0.998881
vn -0.042779 0.001860 0.999083
vn -0.999477 0.010176 -0.030689
vn -0.999380 0.029211 -0.019673
vn -0.753046 -0.004827 0.657950
vn -0.761887 -0.005323 0.647688
vn -0.761887 -0.005323 0.647688
vn -0.770588 -0.005819 0.637307
vn -0.007326 0.806896 0.590648
vn -0.010984 0.689693 0.724018
vn -0.010984 0.689693 0.724018
vn -0.014296 0.550739 0.834555
vn -0.001198 0.999573 -0.029184
vn 0.001813 0.999692 -0.024765
vn 0.000917 0.999721 -0.023614
vn 0.003366 0.999784 -0.020491
vn -0.005665 0.999414 -0.033749
vn -0.001031 0.999537 -0.030408
vn 0.995446 0.048673 -0.081967
vn 0.866368 0.005909 -0.499372
vn 0.918835 0.016725 -0.394288
vn 0.739983 -0.015896 -0.672438
vn 0.733634 -0.014821 -0.679383
vn 0.668248 -0.010327 0.743867
vn 0.699127 -0.008276 0.714950
vn 0.699127 -0.008276 0.714950
vn 0.728751 -0.006209 0.684750
vn 0.815733 0.048411 0.576400
vn 0.808959 0.029471 0.587127
vn 0.905316 0.024334 0.424041
vn 0.712101 0.060483 -0.699467
vn 0.712101 0.060483 -0.699467
vn 0.712101 0.060483 -0.699467
vn -0.013788 0.999537 0.027122
vn -0.004880 0.999707 0.023699
vn -0.008658 0.999679 0.023792
vn -0.003527 0.999784 0.020462
vn 0.001322 0.999641 0.026746
vn -0.001103 0.999721 0.023604
vn 0.999040 0.027623 0.034007
vn 0.999196 0.013637 0.037710
vn 0.997899 0.040699 0.050410
vn 0.997135 0.067316 -0.034506
vn 0.997773 0.058561 -0.031928
vn 0.998353 -0.051108 -0.026072
vn 0.835711 -0.548196 -0.032705
vn 0.999485 0.031166 0.007715
vn 0.998555 0.053005 0.008816
vn 0.998646 0.052024 0.000076
vn 0.998529 0.053578 0.008364
vn -0.021300 0.906057 0.422619
vn -0.011742 0.941200 0.337645
vn -0.011742 0.941200 0.337645
vn -0.002083 0.968299 0.249785
vn -0.026435 -0.025676 0.999321
vn -0.031574 -0.013267 0.999413
vn -0.031574 -0.013267 0.999413
vn -0.036707 -0.000855 0.999326
vn 0.033008 -0.736778 -0.675328
vn 0.040024 -0.435699 -0.899202
vn 0.040024 -0.435699 -0.899202
vn 0.041403 -0.073266 -0.996453
vn -0.005463 0.999984 0.001509
vn -0.009890 0.999947 -0.002888
vn -0.009890 0.999947 -0.002888
vn -0.014316 0.999871 -0.007286
vn -0.020083 -0.923882 0.382151
vn -0.015288 -0.944046 0.329459
vn -0.015288 -0.944046 0.329459
vn -0.010444 -0.961184 0.275711
vn 0.998867 0.034114 0.033186
vn 0.998576 0.050387 0.017507
vn 0.998655 0.048853 0.017394
vn 0.998447 0.053822 -0.014369
vn 0.042688 -0.014741 -0.998980
vn 0.039455 -0.006495 -0.999200
vn 0.039455 -0.006495 -0.999200
vn 0.036219 0.001751 -0.999342
vn 0.999409 0.009631 0.033004
vn 0.999301 0.027714 0.025091
vn 0.852187 -0.005173 -0.523212
vn 0.858627 -0.005686 -0.512570
vn 0.858627 -0.005686 -0.512570
vn 0.864934 -0.006197 -0.501848
vn 0.005870 0.876212 -0.481890
vn 0.009075 0.779025 -0.626927
vn 0.009075 0.779025 -0.626927
vn 0.012004 0.658085 -0.752848
vn -0.030241 0.906100 0.421982
vn -0.015352 0.950403 0.310642
vn -0.015352 0.950403 0.310642
vn -0.000240 0.980848 0.194773
vn -0.024741 -0.024937 0.999383
vn -0.030185 -0.011815 0.999475
vn -0.030185 -0.011815 0.999475
vn -0.035622 0.001310 0.999364
vn 0.059435 -0.736699 -0.673604
vn 0.080195 -0.160322 -0.983802
vn 0.074357 -0.103995 -0.991794
vn 0.065100 0.161809 -0.984673
vn -0.005492 0.999984 0.001296
vn -0.009820 0.999946 -0.003273
vn -0.009820 0.999946 -0.003273
vn -0.014147 0.999869 -0.007842
vn -0.035033 -0.923876 0.381085
vn -0.020595 -0.962595 0.270160
vn -0.020595 -0.962595 0.270160
vn -0.005868 -0.987826 0.155450
vn 0.996806 0.034119 0.072203
vn 0.997132 0.050378 0.056481
vn 0.997212 0.048850 0.056409
vn 0.998245 0.053803 0.024725
vn 0.061533 -0.006746 -0.998082
vn 0.058369 0.001320 -0.998294
vn 0.997350 0.009635 0.072114
vn 0.997552 0.027721 0.064202
vn 0.872146 -0.005166 -0.489219
vn 0.878124 -0.005675 -0.478399
vn 0.878124 -0.005675 -0.478399
vn 0.883968 -0.006183 -0.467506
vn 0.016353 0.878407 -0.477634
vn 0.022850 0.780687 -0.624505
vn 0.022850 0.780687 -0.624505
vn 0.028634 0.658638 -0.751915
vn -0.050971 0.905753 0.420729
vn -0.030961 0.941155 0.336554
vn -0.030961 0.941155 0.336554
vn -0.010681 0.968332 0.249439
vn -0.076073 -0.026049 0.996762
vn -0.085093 -0.014264 0.996271
vn -0.085093 -0.014264 0.996271
vn -0.094095 -0.002477 0.995560
vn 0.051522 -0.736799 -0.674146
vn 0.054523 -0.688711 -0.722983
vn 0.054523 -0.688711 -0.722983
vn 0.057268 -0.637381 -0.768418
vn -0.010142 0.999948 0.001077
vn -0.017538 0.999841 -0.003275
vn -0.017538 0.999841 -0.003275
vn -0.024933 0.999660 -0.007626
vn -0.034462 -0.803012 0.594966
vn -0.035794 -0.869970 0.491804
vn -0.035794 -0.869970 0.491804
vn -0.036584 -0.923768 0.381202
vn 0.997581 0.034116 0.060567
vn 0.997717 0.050374 0.044977
vn 0.997799 0.048846 0.044841
vn 0.998464 0.053797 0.013232
vn 0.103173 -0.014617 -0.994556
vn 0.097245 -0.006080 -0.995242
vn 0.097245 -0.006080 -0.995242
vn 0.091306 0.002458 -0.995820
vn 0.998127 0.009632 0.060413
vn 0.998236 0.027717 0.052501
vn 0.866184 -0.005170 -0.499699
vn 0.872333 -0.005684 -0.488879
vn 0.872333 -0.005684 -0.488879
vn 0.878347 -0.006197 -0.477983
vn 0.023751 0.875007 -0.483527
vn 0.033338 0.778050 -0.627317
vn 0.033338 0.778050 -0.627317
vn 0.041920 0.657621 -0.752182
vn -0.052171 0.850563 0.523279
vn -0.033328 0.904271 0.425655
vn -0.033328 0.904271 0.425655
vn -0.014060 0.946432 0.322596
vn -0.067425 -0.019694 0.997530
vn -0.073896 -0.010790 0.997208
vn -0.073896 -0.010790 0.997208
vn -0.080358 -0.001885 0.996764
vn 0.052121 -0.635714 -0.770163
vn 0.054228 -0.584175 -0.809814
vn 0.054228 -0.584175 -0.809814
vn 0.056105 -0.530164 -0.846037
vn -0.009649 0.999952 0.001598
vn -0.016600 0.999854 -0.004031
vn -0.016600 0.999854 -0.004031
vn -0.023549 0.999676 -0.009660
vn -0.038070 -0.713545 0.699574
vn -0.038970 -0.802762 0.595025
vn -0.038970 -0.802762 0.595025
vn -0.039135 -0.876814 0.479234
vn 0.997140 0.035940 0.066479
vn 0.997598 0.053078 0.044503
vn 0.997687 0.051463 0.044413
vn 0.998393 0.056669 0.000075
vn 0.086907 -0.011062 -0.996155
vn 0.082637 -0.004600 -0.996569
vn 0.082637 -0.004600 -0.996569
vn 0.078362 0.001863 -0.996923
vn 0.997748 0.010164 0.066295
vn 0.998044 0.029208 0.055277
vn 0.776276 -0.004837 -0.630374
vn 0.784684 -0.005330 -0.619873
vn 0.784684 -0.005330 -0.619873
vn 0.792950 -0.005823 -0.609259
vn 0.028379 0.806877 -0.590037
vn 0.036790 0.689648 -0.723209
vn 0.036790 0.689648 -0.723209
vn 0.044041 0.550662 -0.833566
vn -0.050973 0.905748 0.420741
vn -0.030962 0.941153 0.336559
vn -0.030962 0.941153 0.336559
vn -0.010680 0.968332 0.249436
vn -0.076069 -0.026058 0.996762
vn -0.085092 -0.014270 0.996271
vn -0.085092 -0.014270 0.996271
vn -0.094097 -0.002478 0.995560
vn 0.051527 -0.736768 -0.674179
vn 0.054528 -0.688667 -0.723024
vn 0.054528 -0.688667 -0.723024
vn 0.057273 -0.637324 -0.768464
vn -0.010143 0.999948 0.001077
vn -0.017538 0.999841 -0.003275
vn -0.017538 0.999841 -0.003275
vn -0.024933 0.999660 -0.007626
vn -0.034464 -0.802935 0.595070
vn -0.035797 -0.869932 0.491872
vn -0.035797 -0.869932 0.491872
vn -0.036587 -0.923757 0.381227
vn 0.997580 0.034110 0.060591
vn 0.997720 0.050384 0.044901
vn 0.997801 0.048849 0.044790
vn 0.998466 0.053821 0.013009
vn 0.103172 -0.014616 -0.994556
vn 0.097246 -0.006083 -0.995242
vn 0.097246 -0.006083 -0.995242
vn 0.091310 0.002450 -0.995820
vn 0.998127 0.009629 0.060413
vn 0.998236 0.027711 0.052502
vn 0.866208 -0.005185 -0.499657
vn 0.872315 -0.005695 -0.488910
vn 0.872315 -0.005695 -0.488910
vn 0.878290 -0.006204 -0.478089
vn 0.023759 0.874966 -0.483601
vn 0.033345 0.778013 -0.627362
vn 0.033345 0.778013 -0.627362
vn 0.041925 0.657596 -0.752203
vn -0.032290 0.906199 0.421616
vn -0.021113 0.941274 0.336984
vn -0.021113 0.941274 0.336984
vn -0.009755 0.968330 0.249482
vn -0.055036 -0.026051 0.998144
vn -0.059377 -0.014269 0.998134
vn -0.059377 -0.014269 0.998134
vn -0.063709 -0.002484 0.997966
vn 0.037251 -0.736966 -0.674903
vn 0.039597 -0.688908 -0.723767
vn 0.039597 -0.688908 -0.723767
vn 0.041758 -0.637609 -0.769227
vn -0.004889 0.999987 0.001264
vn -0.008360 0.999961 -0.002947
vn -0.008360 0.999961 -0.002947
vn -0.011831 0.999904 -0.007159
vn -0.027573 -0.803094 0.595214
vn -0.026302 -0.870086 0.492197
vn -0.026302 -0.870086 0.492197
vn -0.024634 -0.923939 0.381747
vn 0.993663 0.070889 0.087222
vn 0.993020 0.104609 0.054488
vn 0.993353 0.101461 0.054357
vn 0.993692 0.111565 -0.011358
vn 0.068098 -0.014650 -0.997571
vn 0.065240 -0.006097 -0.997851
vn 0.065240 -0.006097 -0.997851
vn 0.062377 0.002456 -0.998050
vn 0.995988 0.020082 0.087210
vn 0.995828 0.057677 0.070712
vn 0.636618 -0.007737 -0.771141
vn 0.646972 -0.008589 -0.762466
vn 0.646972 -0.008589 -0.762466
vn 0.657208 -0.009440 -0.753650
vn 0.020365 0.875042 -0.483618
vn 0.027633 0.778134 -0.627490
vn 0.027633 0.778134 -0.627490
vn 0.034069 0.657771 -0.752448
vn -0.030765 0.863732 0.503011
vn -0.021306 0.913058 0.407274
vn -0.021306 0.913058 0.407274
vn -0.011597 0.951711 0.306776
vn -0.047737 -0.020843 0.998643
vn -0.050446 -0.011417 0.998662
vn -0.050446 -0.011417 0.998662
vn -0.053151 -0.001990 0.998585
vn 0.036016 -0.657099 -0.752943
vn 0.037776 -0.605870 -0.794666
vn 0.037776 -0.605870 -0.794666
vn 0.039371 -0.551994 -0.832918
vn -0.003838 0.999991 0.001663
vn -0.006477 0.999973 -0.003546
vn -0.006477 0.999973 -0.003546
vn -0.009116 0.999920 -0.008756
vn -0.028765 -0.732804 0.679832
vn -0.026949 -0.817860 0.574786
vn -0.026949 -0.817860 0.574786
vn -0.024642 -0.887972 0.459237
vn 0.988876 0.090423 0.118098
vn 0.988841 0.133617 0.065871
vn 0.989393 0.129595 0.065619
vn 0.989050 0.142239 -0.039349
vn 0.055890 -0.011708 -0.998368
vn 0.054106 -0.004867 -0.998523
vn 0.054106 -0.004867 -0.998523
vn 0.052318 0.001973 -0.998629
vn 0.992669 0.025632 0.118116
vn 0.993049 0.073722 0.091753
vn 0.463129 -0.007046 -0.886263
vn 0.472970 -0.007877 -0.881044
vn 0.472970 -0.007877 -0.881044
vn 0.482752 -0.008706 -0.875714
vn 0.022573 0.822198 -0.568754
vn 0.028811 0.708412 -0.705211
vn 0.028811 0.708412 -0.705211
vn 0.034138 0.572235 -0.819379
vn -0.052172 0.850556 0.523291
vn -0.033330 0.904266 0.425667
vn -0.033330 0.904266 0.425667
vn -0.014062 0.946429 0.322607
vn -0.067427 -0.019695 0.997530
vn -0.073900 -0.010787 0.997207
vn -0.073900 -0.010787 0.997207
vn -0.080364 -0.001879 0.996764
vn 0.052125 -0.635675 -0.770195
vn 0.054232 -0.584125 -0.809850
vn 0.054232 -0.584125 -0.809850
vn 0.056109 -0.530101 -0.846076
vn -0.009649 0.999952 0.001598
vn -0.016600 0.999854 -0.004031
vn -0.016600 0.999854 -0.004031
vn -0.023549 0.999676 -0.009660
vn -0.038072 -0.713464 0.699656
vn -0.038973 -0.802732 0.595065
vn -0.038973 -0.802732 0.595065
vn -0.039137 -0.876821 0.479221
vn 0.997139 0.035939 0.066503
vn 0.997595 0.053069 0.044596
vn 0.997684 0.051455 0.044478
vn 0.998394 0.056656 0.000194
vn 0.086905 -0.011063 -0.996155
vn 0.082637 -0.004602 -0.996569
vn 0.082637 -0.004602 -0.996569
vn 0.078364 0.001859 -0.996923
vn 0.997748 0.010174 0.066294
vn 0.998044 0.029209 0.055281
vn 0.776063 -0.004830 -0.630636
vn 0.784516 -0.005325 -0.620086
vn 0.784516 -0.005325 -0.620086
vn 0.792825 -0.005819 -0.609421
vn 0.028380 0.806855 -0.590068
vn 0.036788 0.689658 -0.723200
vn 0.036788 0.689658 -0.723200
vn 0.044037 0.550716 -0.833530
vn 0.999744 -0.011234 0.019644
vn 0.999680 -0.005538 0.024688
vn 0.999651 0.007770 0.025245
vn 0.396138 0.008253 -0.918154
vn 0.528386 -0.003450 -0.848997
vn 0.528386 -0.003450 -0.848997
vn 0.648793 -0.015075 -0.760816
vn 0.999206 -0.016907 0.036082
vn 0.990689 0.136146 0.000376
vn 0.999418 0.032557 0.010137
vn 0.478278 0.682460 -0.552720
vn 0.478278 0.682460 -0.552720
vn 0.478278 0.682460 -0.552720
vn 0.351036 -0.936329 -0.007817
vn 0.351036 -0.936329 -0.007817
vn 0.351036 -0.936329 -0.007817
vn 0.983139 0.182694 -0.007753
vn 0.966602 0.256028 -0.011395
vn 0.998245 0.058652 -0.008151
vn 0.997652 0.068358 -0.004134
vn 0.679836 0.430910 0.593413
vn 0.679836 0.430910 0.593413
vn 0.679836 0.430910 0.593413
vn 0.756638 0.001575 0.653832
vn 0.582147 0.026925 0.812638
vn 0.582147 0.026925 0.812638
vn 0.374876 0.050759 0.925684
vn 0.940689 0.011446 0.339078
vn 0.998613 0.011391 0.051410
vn 0.715300 0.033528 -0.698013
vn 0.915039 0.042006 -0.401172
vn 0.915039 0.042006 -0.401172
vn 0.997578 0.045104 -0.052948
vn 0.998940 0.042103 0.018620
vn 0.999470 -0.009041 0.031267
vn 0.999765 0.020520 0.006937
vn 0.965166 0.261512 0.008177
vn 0.889216 0.457329 0.012052
vn 0.889216 0.457329 0.012052
vn 0.774026 0.632966 0.015394
vn -0.620938 -0.147267 -0.769902
vn -0.620938 -0.147267 -0.769902
vn -0.620938 -0.147267 -0.769902
vn 0.766799 0.641754 -0.013096
vn 0.430316 0.902676 -0.002206
vn 0.430316 0.902676 -0.002206
vn 0.015766 0.999834 0.009084
vn 0.773525 -0.476911 0.417390
vn 0.773525 -0.476911 0.417390
vn 0.773525 -0.476911 0.417390
vn 0.751330 0.659896 0.006427
vn 0.970055 -0.242419 -0.015010
vn 0.020324 -0.030244 0.999336
vn 0.027695 -0.027673 0.999233
vn 0.044200 -0.020418 0.998814
vn 0.265469 -0.295545 0.917703
vn 0.265469 -0.295545 0.917703
vn 0.265469 -0.295545 0.917703
vn 0.764784 -0.396206 0.508061
vn 0.764784 -0.396206 0.508061
vn 0.764784 -0.396206 0.508061
vn 0.027007 0.022303 0.999386
vn 0.033498 -0.015176 0.999324
vn 0.999356 -0.000921 0.035877
vn 0.999310 0.002369 0.037056
vn 0.999384 0.004261 0.034845
vn -0.004688 0.020358 0.999782
vn 0.004875 0.016819 0.999847
vn 0.000165 0.001289 0.999999
vn 0.011063 0.000965 0.999938
vn 0.015586 0.041757 0.999006
vn 0.007002 -0.011256 0.999912
vn -0.897702 -0.342736 0.276881
vn -0.897702 -0.342736 0.276881
vn -0.897702 -0.342736 0.276881
vn -0.218494 -0.301075 0.928232
vn -0.218494 -0.301075 0.928232
vn -0.218494 -0.301075 0.928232
vn -0.999809 -0.014046 0.013559
vn -0.999003 0.037837 0.023689
vn -0.999282 -0.013732 0.035323
vn 0.010997 0.014767 0.999830
vn 0.013929 0.028407 0.999499
vn 0.012818 0.863722 -0.503806
vn 0.006776 0.913054 -0.407782
vn 0.006776 0.913054 -0.407782
vn 0.000655 0.951712 -0.306992
vn -0.009604 -0.565840 0.824459
vn -0.009631 -0.558948 0.829147
vn -0.009631 -0.558948 0.829147
vn -0.009658 -0.552016 0.833777
vn 0.003776 0.999991 -0.001800
vn 0.006600 0.999973 0.003313
vn 0.006600 0.999973 0.003313
vn 0.009423 0.999920 0.008426
vn 0.004516 -0.732839 -0.680387
vn 0.006446 -0.817871 -0.575366
vn 0.006446 -0.817871 -0.575366
vn 0.008258 -0.887965 -0.459837
vn -0.992316 0.090449 -0.084432
vn -0.990561 0.133617 -0.030595
vn -0.991046 0.129634 -0.031971
vn -0.987017 0.142242 0.074594
vn -0.020271 -0.011705 0.999726
vn -0.018481 -0.004864 0.999817
vn -0.018481 -0.004864 0.999817
vn -0.016691 0.001978 0.999859
vn -0.970038 -0.242318 -0.017550
vn -0.970038 -0.242318 -0.017550
vn -0.970038 -0.242318 -0.017550
vn -0.466067 -0.049276 0.883376
vn -0.441175 -0.008081 0.897385
vn -0.454790 -0.035983 0.889872
vn -0.431789 -0.009390 0.901926
vn -0.002287 0.822164 0.569246
vn -0.003657 0.708376 0.705826
vn -0.003657 0.708376 0.705826
vn -0.004911 0.572201 0.820098
vn -0.480625 -0.091675 0.872121
vn -0.995542 0.073771 -0.058769
vn -0.996248 0.025624 -0.082663
vn -0.089271 -0.018124 0.995843
vn -0.118599 -0.046961 0.991831
vn -0.004212 -0.020724 0.999776
vn -0.002398 -0.023286 0.999726
vn -0.990557 -0.077595 0.113026
vn -0.994672 -0.047976 0.091253
vn -0.975936 -0.141946 0.165530
vn -0.227487 -0.075466 0.970853
vn -0.287459 -0.126916 0.949347
vn -0.997708 -0.013420 0.066318
vn -0.998816 -0.020159 0.044280
vn -0.999540 -0.025274 0.016766
vn 0.244582 -0.242782 0.938742
vn 0.244582 -0.242782 0.938742
vn 0.244582 -0.242782 0.938742
vn 0.995513 -0.008600 0.094229
vn 0.995592 -0.013275 0.092841
vn 0.997328 -0.019718 0.070348
vn 0.997445 -0.022980 0.067646
vn 0.006220 -0.022013 0.999738
vn 0.002801 -0.023535 0.999719
vn 0.938021 -0.199225 0.283595
vn 0.938021 -0.199225 0.283595
vn 0.938021 -0.199225 0.283595
vn 0.996098 -0.007997 0.087896
vn 0.006414 -0.018411 0.999810
vn 0.007009 -0.020136 0.999773
vn 0.002331 -0.018063 0.999834
vn 0.056711 -0.017506 -0.998237
vn 0.057107 -0.019183 -0.998184
vn 0.043331 -0.021226 -0.998835
vn 0.025705 -0.025267 -0.999350
vn 0.912075 -0.318736 -0.257926
vn 0.912075 -0.318736 -0.257926
vn 0.912075 -0.318736 -0.257926
vn 0.026748 0.999641 -0.001268
vn 0.023602 0.999721 0.001150
vn 0.023602 0.999721 0.001150
vn 0.020455 0.999784 0.003568
vn 0.999807 -0.018566 -0.006458
vn 0.999498 -0.023255 0.021520
vn 0.367924 -0.349841 -0.861535
vn 0.367924 -0.349841 -0.861535
vn 0.367924 -0.349841 -0.861535
vn 0.052942 -0.017150 -0.998450
vn 0.999468 -0.008384 -0.031534
vn 0.999471 -0.013158 -0.029742
vn 0.999675 -0.007511 -0.024383
vn 0.098088 0.981733 -0.163030
vn 0.051318 0.979590 -0.194346
vn -0.017204 0.979642 -0.200015
vn -0.049222 0.987082 -0.152469
vn -0.296480 -0.309501 -0.903498
vn -0.296480 -0.309501 -0.903498
vn -0.296480 -0.309501 -0.903498
vn -0.130360 0.983623 0.124464
vn -0.184971 0.982681 -0.011132
vn -0.175153 0.982709 0.060035
vn -0.150186 0.987190 -0.053848
vn -0.999436 -0.012714 -0.031096
vn -0.999384 -0.018187 -0.030024
vn -0.999508 -0.023897 -0.020305
vn -0.999395 -0.029309 -0.018725
vn -0.115199 0.990243 -0.078410
vn -0.027148 0.999627 -0.002902
vn -0.076078 0.990399 -0.115421
vn 0.002797 0.999784 -0.020578
vn 0.005926 -0.024100 -0.999692
vn 0.006481 -0.029962 -0.999530
vn -0.885155 -0.330343 -0.327679
vn -0.885155 -0.330343 -0.327679
vn -0.885155 -0.330343 -0.327679
vn -0.999626 -0.012112 -0.024539
vn 0.004203 -0.012766 -0.999910
vn 0.004585 -0.018492 -0.999819
vn 0.009248 -0.012323 -0.999881
vn -0.998149 -0.007108 -0.060396
vn -0.994662 -0.053622 -0.088157
vn -0.999798 0.006762 -0.018956
vn -0.999328 -0.013661 -0.034000
vn -0.998029 -0.004364 -0.062609
vn -0.999115 -0.007815 -0.041321
vn -0.998009 0.061993 0.011614
vn -0.999903 -0.013932 0.000830
vn -0.216857 -0.316802 -0.923368
vn -0.216857 -0.316802 -0.923368
vn -0.216857 -0.316802 -0.923368
vn -0.988460 -0.096276 -0.116950
vn -0.967150 -0.185142 -0.174196
vn 0.003895 -0.005328 -0.999978
vn 0.003232 -0.001589 -0.999994
vn 0.002451 -0.005921 -0.999979
vn 0.999804 -0.004824 0.019228
vn 0.999364 0.008845 0.034537
vn 0.999866 -0.013097 -0.009826
vn 0.998326 0.051074 0.027145
vn 0.999136 -0.011379 0.039968
vn 0.999374 -0.004367 0.035104
vn 0.999294 -0.005977 0.037098
vn 0.999237 -0.003589 0.038901
vn 0.005462 -0.006136 -0.999966
vn 0.005548 -0.002534 -0.999981
vn 0.007164 -0.011707 -0.999906
vn 0.004175 -0.006319 -0.999971
vn 0.006326 -0.006485 -0.999959
vn 0.019037 -0.007137 -0.999793
vn 0.059753 -0.038291 -0.997479
vn 0.008340 -0.002990 -0.999961
vn 0.995632 -0.083440 -0.041897
vn 0.985560 -0.154233 -0.069885
vn 0.113096 -0.067793 -0.991269
vn 0.171412 -0.123767 -0.977394
vn -0.414529 0.056208 -0.908298
vn -0.414534 0.056209 -0.908296
vn -0.414534 0.056209 -0.908296
vn -0.414539 0.056209 -0.908294
vn -0.705372 0.006099 0.708812
vn -0.705372 0.006099 0.708812
vn -0.705372 0.006099 0.708812
vn -0.014208 0.810468 -0.585611
vn -0.015359 0.794178 -0.607491
vn -0.015359 0.794178 -0.607491
vn -0.016498 0.777296 -0.628919
vn 0.006615 -0.018422 -0.999808
vn 0.004126 -0.015729 -0.999868
vn 0.004126 -0.015729 -0.999868
vn 0.001637 -0.013035 -0.999914
vn -0.413467 -0.019985 -0.910300
vn -0.423195 -0.019380 -0.905831
vn -0.459485 -0.065472 -0.885769
vn -0.481757 -0.088189 -0.871856
vn -0.999700 -0.024338 0.002932
vn -0.999445 0.000957 0.033313
vn -0.997488 -0.065035 -0.028089
vn 0.000000 -0.060719 0.998155
vn 0.000000 -0.060719 0.998155
vn 0.000000 -0.060719 0.998155
vn 0.000000 -0.060719 0.998155
vn -0.526752 -0.156893 -0.835414
vn -0.988071 -0.129984 -0.082586
vn -0.999295 0.016280 0.033836
vn -0.999136 0.031030 0.027652
vn 0.207107 -0.022541 -0.978059
vn 0.207107 -0.022541 -0.978059
vn 0.207107 -0.022541 -0.978059
vn 0.207107 -0.022541 -0.978059
vn -1.000000 0.000000 0.000000
vn -1.000000 0.000000 0.000000
vn 0.000001 0.000000 1.000000
vn 0.000001 0.000000 1.000000
vn 1.000000 0.000000 0.000000
vn 1.000000 0.000000 0.000000
vn 0.013176 0.000000 -0.999913
vn 0.013176 0.000000 -0.999913
f 132/150/1 133/151/2 137/154/3
f 137/154/3 133/151/2 136/153/4
f 8/7/5 13/12/6 7/6/7
f 7/6/7 13/12/6 12/11/8
f 90/113/9 91/114/10 33/29/11
f 72/96/12 73/97/13 28/23/14
f 28/23/14 73/97/13 74/98/15
f 119/144/16 120/145/17 66/77/18
f 66/77/18 120/145/17 117/26/19
f 80/104/20 87/110/21 86/109/22
f 86/109/22 87/110/21 88/111/23
f 70/94/24 23/19/25 71/95/26
f 71/95/26 23/19/25 33/29/27
f 29/24/28 76/100/29 24/21/30
f 24/21/30 76/100/29 75/99/31
f 60/68/32 61/69/33 59/67/34
f 59/67/34 61/69/33 58/66/35
f 13/32/36 8/33/37 36/35/38
f 36/35/38 8/33/37 37/34/39
f 12/37/40 38/38/41 7/36/42
f 7/36/42 38/38/41 39/39/43
f 8/40/5 7/41/7 46/56/44
f 46/56/44 7/41/7 45/53/45
f 8/45/37 46/55/46 37/44/39
f 37/44/39 46/55/46 47/57/47
f 7/48/42 39/49/43 45/54/48
f 45/54/48 39/49/43 44/52/49
f 44/52/49 815/1194/50 45/54/48
f 45/54/48 815/1194/50 816/1197/51
f 46/56/44 45/53/45 817/1199/52
f 817/1199/52 45/53/45 816/1196/53
f 47/57/47 46/55/46 818/1201/54
f 818/1201/54 46/55/46 817/1198/55
f 61/69/56 60/68/57 35/31/58
f 35/31/58 60/68/57 34/30/59
f 109/73/60 108/72/61 62/70/62
f 62/70/62 108/72/61 63/71/63
f 30/25/64 66/77/65 117/26/66
f 112/131/67 113/132/68 111/130/69
f 111/130/69 113/132/68 110/133/70
f 97/120/71 69/81/72 462/647/73
f 69/81/72 25/80/74 462/647/73
f 25/80/74 94/117/75 462/647/73
f 38/85/76 139/155/77 39/84/78
f 39/89/78 140/156/79 44/88/80
f 47/90/81 818/1200/82 44/93/80
f 44/93/80 818/1200/82 815/1195/83
f 28/23/14 70/94/84 72/96/12
f 72/96/12 70/94/84 71/95/85
f 33/29/86 30/25/87 71/95/88
f 71/95/88 30/25/87 72/96/89
f 73/97/90 72/96/89 29/24/91
f 29/24/91 72/96/89 30/25/87
f 29/24/92 24/21/93 73/97/94
f 73/97/94 24/21/93 74/98/95
f 75/99/96 76/100/97 79/103/98
f 79/103/98 76/100/97 78/102/99
f 78/102/100 107/129/101 35/31/102
f 77/101/103 78/102/104 35/31/105
f 79/103/106 78/102/107 21/18/108
f 21/18/108 78/102/107 77/101/109
f 80/104/110 32/28/111 87/110/112
f 83/106/113 23/19/114 81/105/115
f 85/108/116 98/121/117 5/4/118
f 84/107/119 85/108/120 5/4/121
f 86/109/122 88/111/123 3/2/124
f 3/2/124 88/111/123 89/112/125
f 32/28/126 33/29/127 87/110/128
f 87/110/128 33/29/127 83/106/129
f 33/29/127 23/19/130 83/106/129
f 88/111/131 87/110/132 85/108/133
f 85/108/133 87/110/132 83/106/134
f 89/112/135 88/111/136 84/107/119
f 84/107/119 88/111/136 85/108/120
f 92/115/137 90/113/138 32/28/139
f 32/28/139 90/113/138 33/29/140
f 66/77/141 91/114/142 119/144/143
f 92/115/144 119/144/143 90/113/145
f 119/144/143 91/114/142 90/113/145
f 33/29/146 91/114/147 30/25/148
f 30/25/148 91/114/147 66/77/149
f 32/28/150 67/78/151 92/115/152
f 93/116/153 92/115/154 67/78/155
f 95/118/156 25/80/157 96/119/158
f 96/119/158 25/80/157 69/81/159
f 83/106/160 81/105/161 85/108/116
f 85/108/116 81/105/161 98/121/117
f 105/127/162 317/20/163 100/122/164
f 29/24/165 107/129/166 76/100/167
f 76/100/167 107/129/166 78/102/168
f 110/133/169 114/134/170 111/130/171
f 111/130/171 114/134/170 115/136/172
f 143/139/173 64/140/174 142/137/175
f 142/137/175 64/140/174 141/142/176
f 112/131/177 144/157/178 113/132/179
f 113/132/179 144/157/178 145/159/180
f 116/163/181 115/136/182 31/161/183
f 31/161/183 115/136/182 114/134/184
f 112/138/185 111/135/186 116/143/187
f 116/143/187 111/135/186 115/141/188
f 27/22/189 119/144/190 93/116/153
f 93/116/153 119/144/190 92/115/154
f 119/144/191 27/22/192 120/145/193
f 120/145/193 27/22/192 118/27/194
f 122/147/195 123/148/196 121/146/197
f 121/146/197 123/148/196 124/149/198
f 132/150/199 21/18/200 133/151/201
f 21/18/200 77/101/202 133/151/201
f 77/101/202 35/31/203 133/151/201
f 35/31/203 34/30/204 133/151/201
f 137/154/205 136/153/206 6/5/207
f 6/5/207 136/153/206 4/3/208
f 36/82/209 37/83/210 139/155/77
f 139/155/77 37/83/210 39/84/78
f 36/82/209 139/155/77 38/85/76
f 37/86/210 47/87/81 140/156/79
f 140/156/79 47/87/81 44/88/80
f 37/86/210 140/156/79 39/89/78
f 141/142/211 65/164/212 142/137/213
f 142/137/213 65/164/212 68/165/214
f 144/162/215 112/138/185 143/160/216
f 143/160/216 112/138/185 116/143/187
f 68/79/217 144/162/218 142/158/219
f 142/158/219 144/162/218 143/160/220
f 144/157/221 68/165/222 145/159/223
f 145/159/223 68/165/222 65/164/224
f 147/167/225 148/168/226 146/166/227
f 146/166/227 148/168/226 149/169/228
f 149/169/229 150/170/230 146/166/231
f 146/166/231 150/170/230 151/171/232
f 153/173/233 154/174/234 152/172/235
f 152/172/235 154/174/234 155/175/236
f 147/167/237 156/176/238 148/168/239
f 148/168/239 156/176/238 157/177/240
f 158/178/241 159/179/242 150/170/243
f 150/170/243 159/179/242 151/171/244
f 147/181/245 146/182/246 159/180/247
f 159/180/247 146/182/246 151/183/248
f 152/172/249 155/175/250 161/185/251
f 161/185/251 155/175/250 160/184/252
f 156/186/253 147/181/245 153/187/254
f 153/187/254 147/181/245 159/180/247
f 161/188/255 156/186/256 152/189/257
f 152/189/257 156/186/256 153/187/258
f 156/176/259 161/185/260 157/177/261
f 157/177/261 161/185/260 160/184/262
f 163/191/263 164/192/264 162/190/265
f 162/190/265 164/192/264 165/193/266
f 165/193/267 166/194/268 162/190/269
f 162/190/269 166/194/268 167/195/270
f 169/197/271 170/198/272 168/196/273
f 168/196/273 170/198/272 171/199/274
f 163/191/275 172/200/276 164/192/277
f 164/192/277 172/200/276 173/201/278
f 174/202/279 175/203/280 166/194/281
f 166/194/281 175/203/280 167/195/282
f 163/205/283 162/206/284 175/204/285
f 175/204/285 162/206/284 167/207/286
f 168/196/287 171/199/288 177/209/289
f 177/209/289 171/199/288 176/208/290
f 172/210/291 163/205/283 169/211/292
f 169/211/292 163/205/283 175/204/285
f 177/212/293 172/210/294 168/213/295
f 168/213/295 172/210/294 169/211/296
f 172/200/297 177/209/298 173/201/299
f 173/201/299 177/209/298 176/208/300
f 179/215/301 180/216/302 178/214/303
f 178/214/303 180/216/302 181/217/304
f 178/214/305 181/217/306 183/219/307
f 183/219/307 181/217/306 182/218/308
f 185/221/309 186/222/310 184/220/311
f 184/220/311 186/222/310 187/223/312
f 179/215/313 188/224/314 180/216/315
f 180/216/315 188/224/314 189/225/316
f 191/227/317 183/219/318 190/226/319
f 190/226/319 183/219/318 182/218/320
f 179/229/321 178/230/322 191/228/323
f 191/228/323 178/230/322 183/231/324
f 187/223/325 192/232/326 184/220/327
f 184/220/327 192/232/326 193/233/328
f 188/234/329 179/229/321 185/235/330
f 185/235/330 179/229/321 191/228/323
f 193/236/331 188/234/332 184/237/333
f 184/237/333 188/234/332 185/235/334
f 188/224/335 193/233/336 189/225/337
f 189/225/337 193/233/336 192/232/338
f 195/239/339 196/240/340 194/238/341
f 194/238/341 196/240/340 197/241/342
f 197/241/343 198/242/344 194/238/345
f 194/238/345 198/242/344 199/243/346
f 201/245/347 202/246/348 200/244/349
f 200/244/349 202/246/348 203/247/350
f 195/239/351 204/248/352 196/240/353
f 196/240/353 204/248/352 205/249/354
f 206/250/355 207/251/356 198/242/357
f 198/242/357 207/251/356 199/243/358
f 195/253/359 194/254/360 207/252/361
f 207/252/361 194/254/360 199/255/362
f 200/244/363 203/247/364 209/257/365
f 209/257/365 203/247/364 208/256/366
f 204/258/367 195/253/359 201/259/368
f 201/259/368 195/253/359 207/252/361
f 209/260/369 204/258/370 200/261/371
f 200/261/371 204/258/370 201/259/372
f 204/248/373 209/257/374 205/249/375
f 205/249/375 209/257/374 208/256/376
f 211/263/377 212/264/378 210/262/379
f 210/262/379 212/264/378 213/265/380
f 213/265/381 214/266/382 210/262/383
f 210/262/383 214/266/382 215/267/384
f 217/269/385 218/270/386 216/268/387
f 216/268/387 218/270/386 219/271/388
f 211/263/389 220/272/390 212/264/391
f 212/264/391 220/272/390 221/273/392
f 222/274/393 223/275/394 214/266/395
f 214/266/395 223/275/394 215/267/396
f 211/277/397 210/278/398 223/276/399
f 223/276/399 210/278/398 215/279/400
f 216/268/401 219/271/402 225/281/403
f 225/281/403 219/271/402 224/280/404
f 220/282/405 211/277/397 217/283/406
f 217/283/406 211/277/397 223/276/399
f 225/284/407 220/282/408 216/285/409
f 216/285/409 220/282/408 217/283/410
f 220/272/411 225/281/412 221/273/413
f 221/273/413 225/281/412 224/280/414
f 227/287/415 228/288/416 226/286/417
f 226/286/417 228/288/416 229/289/418
f 229/289/419 230/290/420 226/286/421
f 226/286/421 230/290/420 231/291/422
f 233/293/423 234/294/424 232/292/425
f 232/292/425 234/294/424 235/295/426
f 227/287/427 236/296/428 228/288/429
f 228/288/429 236/296/428 237/297/430
f 238/298/431 239/299/432 230/290/433
f 230/290/433 239/299/432 231/291/434
f 227/301/435 226/302/436 239/300/437
f 239/300/437 226/302/436 231/303/438
f 232/292/439 235/295/440 241/305/441
f 241/305/441 235/295/440 240/304/442
f 236/306/443 227/301/435 233/307/444
f 233/307/444 227/301/435 239/300/437
f 241/308/445 236/306/446 232/309/447
f 232/309/447 236/306/446 233/307/448
f 236/296/449 241/305/450 237/297/451
f 237/297/451 241/305/450 240/304/452
f 243/311/453 244/312/454 242/310/455
f 242/310/455 244/312/454 245/313/456
f 245/313/457 246/314/458 242/310/459
f 242/310/459 246/314/458 247/315/460
f 249/317/461 250/318/462 248/316/463
f 248/316/463 250/318/462 251/319/464
f 243/311/465 252/320/466 244/312/467
f 244/312/467 252/320/466 253/321/468
f 254/322/469 255/323/470 246/314/471
f 246/314/471 255/323/470 247/315/472
f 243/325/473 242/326/474 255/324/475
f 255/324/475 242/326/474 247/327/476
f 248/316/477 251/319/478 257/329/479
f 257/329/479 251/319/478 256/328/480
f 252/330/481 243/325/473 249/331/482
f 249/331/482 243/325/473 255/324/475
f 257/332/483 252/330/484 248/333/485
f 248/333/485 252/330/484 249/331/486
f 252/320/487 257/329/488 253/321/489
f 253/321/489 257/329/488 256/328/490
f 267/346/491 138/347/492 266/345/493
f 266/345/493 138/347/492 2/348/494
f 268/354/495 269/355/496 270/356/497
f 272/358/498 273/359/499 271/357/500
f 271/357/500 273/359/499 274/360/501
f 276/362/502 277/363/503 275/361/504
f 275/361/504 277/363/503 278/364/505
f 280/366/506 281/367/507 279/365/508
f 279/365/508 281/367/507 282/368/509
f 130/352/510 22/351/511 283/369/512
f 283/369/512 22/351/511 270/356/513
f 460/623/514 285/624/515 129/350/516
f 129/350/516 285/624/515 125/625/517
f 287/373/518 288/374/519 286/372/520
f 286/372/520 288/374/519 289/375/521
f 288/374/522 287/373/523 302/389/524
f 302/389/524 287/373/523 303/390/525
f 304/391/526 305/392/527 307/394/528
f 307/394/528 305/392/527 306/393/529
f 309/396/530 275/361/531 278/364/532
f 311/398/533 312/399/534 310/397/535
f 310/397/535 312/399/534 313/400/536
f 271/357/500 130/352/537 272/358/498
f 272/358/498 130/352/537 283/369/538
f 270/356/539 309/396/540 283/369/541
f 283/369/541 309/396/540 272/358/542
f 273/359/543 272/358/542 284/370/544
f 284/370/544 272/358/542 309/396/540
f 284/370/545 26/353/546 273/359/547
f 273/359/547 26/353/546 274/360/548
f 285/624/515 314/626/549 125/625/517
f 125/625/517 314/626/549 99/627/550
f 314/401/551 315/402/552 302/389/553
f 316/403/554 314/401/555 302/389/556
f 99/349/557 314/401/558 317/404/559
f 317/404/559 314/401/558 316/403/560
f 280/366/561 318/405/562 281/367/563
f 131/406/564 319/407/565 22/351/566
f 320/408/567 22/351/568 319/407/569
f 321/409/570 267/346/571 266/345/572
f 322/410/573 321/409/574 266/345/575
f 279/365/576 282/368/577 323/411/578
f 323/411/578 282/368/577 324/412/579
f 22/351/580 320/408/581 270/356/582
f 320/408/581 281/367/563 270/356/582
f 281/367/563 318/405/562 270/356/582
f 282/368/583 281/367/584 321/409/585
f 321/409/585 281/367/584 320/408/586
f 282/368/583 321/409/585 324/412/587
f 324/412/587 321/409/585 322/410/588
f 325/413/589 268/354/590 318/405/591
f 318/405/591 268/354/590 270/356/592
f 275/361/593 269/355/594 276/362/595
f 325/413/596 276/362/595 268/354/597
f 276/362/595 269/355/594 268/354/597
f 270/356/598 269/355/599 309/396/600
f 309/396/600 269/355/599 275/361/601
f 318/405/602 326/414/603 325/413/604
f 327/415/605 325/413/606 326/414/607
f 320/408/567 319/407/569 321/409/570
f 321/409/570 319/407/569 267/346/571
f 138/347/492 267/346/491 131/406/608
f 131/406/608 267/346/491 319/407/609
f 460/1114/610 315/402/552 285/371/611
f 285/371/611 315/402/552 314/401/551
f 313/400/612 328/416/613 310/397/614
f 310/397/614 328/416/613 329/417/615
f 331/419/616 332/420/617 330/418/618
f 330/418/618 332/420/617 333/421/619
f 311/398/620 334/422/621 312/399/622
f 312/399/622 334/422/621 335/423/623
f 336/424/624 337/425/625 328/416/626
f 328/416/626 337/425/625 329/417/627
f 311/427/628 310/428/629 337/426/630
f 337/426/630 310/428/629 329/429/631
f 338/430/632 276/362/633 327/415/605
f 327/415/605 276/362/633 325/413/606
f 276/362/634 338/430/635 277/363/636
f 277/363/636 338/430/635 339/431/637
f 341/433/638 342/434/639 340/432/640
f 340/432/640 342/434/639 343/435/641
f 100/334/642 317/404/643 258/335/644
f 317/404/643 316/403/645 258/335/644
f 316/403/645 302/389/524 258/335/644
f 302/389/524 303/390/525 258/335/644
f 333/421/646 346/438/647 330/418/648
f 330/418/648 346/438/647 347/439/649
f 334/440/650 311/427/628 331/441/651
f 331/441/651 311/427/628 337/426/630
f 347/442/652 334/440/653 330/443/654
f 330/443/654 334/440/653 331/441/655
f 334/422/656 347/439/657 335/423/658
f 335/423/658 347/439/657 346/438/659
f 349/445/660 350/446/661 348/444/662
f 348/444/662 350/446/661 351/447/663
f 351/447/664 352/448/665 348/444/666
f 348/444/666 352/448/665 353/449/667
f 355/451/668 356/452/669 354/450/670
f 354/450/670 356/452/669 357/453/671
f 349/445/672 358/454/673 350/446/674
f 350/446/674 358/454/673 359/455/675
f 360/456/676 361/457/677 352/448/678
f 352/448/678 361/457/677 353/449/679
f 349/459/680 348/460/681 361/458/682
f 361/458/682 348/460/681 353/461/683
f 354/450/684 357/453/685 363/463/686
f 363/463/686 357/453/685 362/462/687
f 358/464/688 349/459/680 355/465/689
f 355/465/689 349/459/680 361/458/682
f 363/466/690 358/464/691 354/467/692
f 354/467/692 358/464/691 355/465/693
f 358/454/694 363/463/695 359/455/696
f 359/455/696 363/463/695 362/462/697
f 365/469/698 366/470/699 364/468/700
f 364/468/700 366/470/699 367/471/701
f 367/471/702 368/472/703 364/468/704
f 364/468/704 368/472/703 369/473/705
f 371/475/706 372/476/707 370/474/708
f 370/474/708 372/476/707 373/477/709
f 365/469/710 374/478/711 366/470/712
f 366/470/712 374/478/711 375/479/713
f 376/480/714 377/481/715 368/472/716
f 368/472/716 377/481/715 369/473/717
f 365/483/718 364/484/719 377/482/720
f 377/482/720 364/484/719 369/485/721
f 370/474/722 373/477/723 379/487/724
f 379/487/724 373/477/723 378/486/725
f 374/488/726 365/483/718 371/489/727
f 371/489/727 365/483/718 377/482/720
f 379/490/728 374/488/729 370/491/730
f 370/491/730 374/488/729 371/489/731
f 374/478/732 379/487/733 375/479/734
f 375/479/734 379/487/733 378/486/735
f 381/493/736 382/494/737 380/492/738
f 380/492/738 382/494/737 383/495/739
f 380/492/740 383/495/741 385/497/742
f 385/497/742 383/495/741 384/496/743
f 387/499/744 388/500/745 386/498/746
f 386/498/746 388/500/745 389/501/747
f 381/493/748 390/502/749 382/494/750
f 382/494/750 390/502/749 391/503/751
f 393/505/752 385/497/753 392/504/754
f 392/504/754 385/497/753 384/496/755
f 381/507/756 380/508/757 393/506/758
f 393/506/758 380/508/757 385/509/759
f 389/501/760 394/510/761 386/498/762
f 386/498/762 394/510/761 395/511/763
f 390/512/764 381/507/756 387/513/765
f 387/513/765 381/507/756 393/506/758
f 395/514/766 390/512/767 386/515/768
f 386/515/768 390/512/767 387/513/769
f 390/502/770 395/511/771 391/503/772
f 391/503/772 395/511/771 394/510/773
f 397/517/774 398/518/775 396/516/776
f 396/516/776 398/518/775 399/519/777
f 399/519/778 400/520/779 396/516/780
f 396/516/780 400/520/779 401/521/781
f 403/523/782 404/524/783 402/522/784
f 402/522/784 404/524/783 405/525/785
f 397/517/786 406/526/787 398/518/788
f 398/518/788 406/526/787 407/527/789
f 408/528/790 409/529/791 400/520/792
f 400/520/792 409/529/791 401/521/793
f 397/531/794 396/532/795 409/530/796
f 409/530/796 396/532/795 401/533/797
f 402/522/798 405/525/799 411/535/800
f 411/535/800 405/525/799 410/534/801
f 406/536/802 397/531/794 403/537/803
f 403/537/803 397/531/794 409/530/796
f 411/538/804 406/536/805 402/539/806
f 402/539/806 406/536/805 403/537/807
f 406/526/808 411/535/809 407/527/810
f 407/527/810 411/535/809 410/534/811
f 413/541/812 414/542/813 412/540/814
f 412/540/814 414/542/813 415/543/815
f 415/543/816 416/544/817 412/540/818
f 412/540/818 416/544/817 417/545/819
f 419/547/820 420/548/821 418/546/822
f 418/546/822 420/548/821 421/549/823
f 413/541/824 422/550/825 414/542/826
f 414/542/826 422/550/825 423/551/827
f 424/552/828 425/553/829 416/544/830
f 416/544/830 425/553/829 417/545/831
f 413/555/832 412/556/833 425/554/834
f 425/554/834 412/556/833 417/557/835
f 418/546/836 421/549/837 427/559/838
f 427/559/838 421/549/837 426/558/839
f 422/560/840 413/555/832 419/561/841
f 419/561/841 413/555/832 425/554/834
f 427/562/842 422/560/843 418/563/844
f 418/563/844 422/560/843 419/561/845
f 422/550/846 427/559/847 423/551/848
f 423/551/848 427/559/847 426/558/849
f 429/565/850 430/566/851 428/564/852
f 428/564/852 430/566/851 431/567/853
f 431/567/854 432/568/855 428/564/856
f 428/564/856 432/568/855 433/569/857
f 435/571/858 436/572/859 434/570/860
f 434/570/860 436/572/859 437/573/861
f 429/565/862 438/574/863 430/566/864
f 430/566/864 438/574/863 439/575/865
f 440/576/866 441/577/867 432/568/868
f 432/568/868 441/577/867 433/569/869
f 429/579/870 428/580/871 441/578/872
f 441/578/872 428/580/871 433/581/873
f 434/570/874 437/573/875 443/583/876
f 443/583/876 437/573/875 442/582/877
f 438/584/878 429/579/870 435/585/879
f 435/585/879 429/579/870 441/578/872
f 443/586/880 438/584/881 434/587/882
f 434/587/882 438/584/881 435/585/883
f 438/574/884 443/583/885 439/575/886
f 439/575/886 443/583/885 442/582/887
f 445/589/888 446/590/889 444/588/890
f 444/588/890 446/590/889 447/591/891
f 447/591/892 448/592/893 444/588/894
f 444/588/894 448/592/893 449/593/895
f 451/595/896 452/596/897 450/594/898
f 450/594/898 452/596/897 453/597/899
f 445/589/900 454/598/901 446/590/902
f 446/590/902 454/598/901 455/599/903
f 456/600/904 457/601/905 448/592/906
f 448/592/906 457/601/905 449/593/907
f 445/603/908 444/604/909 457/602/910
f 457/602/910 444/604/909 449/605/911
f 450/594/912 453/597/913 459/607/914
f 459/607/914 453/597/913 458/606/915
f 454/608/916 445/603/908 451/609/917
f 451/609/917 445/603/908 457/602/910
f 459/610/918 454/608/919 450/611/920
f 450/611/920 454/608/919 451/609/921
f 454/598/922 459/607/923 455/599/924
f 455/599/924 459/607/923 458/606/925
f 460/612/926 129/613/927 126/614/928
f 126/616/929 26/617/930 460/615/931
f 460/615/931 26/617/930 284/618/932
f 52/619/933 53/620/934 126/616/929
f 126/616/929 53/620/934 26/617/930
f 52/619/933 127/621/935 53/620/934
f 53/620/934 127/621/935 128/622/936
f 461/645/937 462/648/73 101/632/938
f 101/632/938 462/648/73 94/633/75
f 96/635/939 89/636/940 95/634/941
f 95/634/941 89/636/940 84/637/942
f 95/634/941 84/637/942 20/639/943
f 20/639/943 84/637/942 82/638/944
f 84/637/942 5/640/945 82/638/944
f 464/650/946 465/651/947 463/649/948
f 463/649/948 465/651/947 466/652/949
f 466/652/950 467/653/951 463/649/952
f 463/649/952 467/653/951 468/654/953
f 470/656/954 471/657/955 469/655/956
f 469/655/956 471/657/955 472/658/957
f 464/650/958 473/659/959 465/651/960
f 465/651/960 473/659/959 474/660/961
f 476/662/962 468/654/963 475/661/964
f 475/661/964 468/654/963 467/653/965
f 464/664/966 463/665/967 476/663/968
f 476/663/968 463/665/967 468/666/969
f 469/655/970 472/658/971 478/668/972
f 478/668/972 472/658/971 477/667/973
f 473/669/974 464/664/966 470/670/975
f 470/670/975 464/664/966 476/663/968
f 478/671/976 473/669/977 469/672/978
f 469/672/978 473/669/977 470/670/979
f 473/659/980 478/668/981 474/660/982
f 474/660/982 478/668/981 477/667/983
f 480/674/984 481/675/985 479/673/986
f 479/673/986 481/675/985 482/676/987
f 482/676/988 483/677/989 479/673/990
f 479/673/990 483/677/989 484/678/991
f 486/680/992 487/681/993 485/679/994
f 485/679/994 487/681/993 488/682/995
f 480/674/996 489/683/997 481/675/998
f 481/675/998 489/683/997 490/684/999
f 492/686/1000 484/678/1001 491/685/1002
f 491/685/1002 484/678/1001 483/677/1003
f 480/688/1004 479/689/1005 492/687/1006
f 492/687/1006 479/689/1005 484/690/1007
f 485/679/1008 488/682/1009 494/692/1010
f 494/692/1010 488/682/1009 493/691/1011
f 489/693/1012 480/688/1004 486/694/1013
f 486/694/1013 480/688/1004 492/687/1006
f 494/695/1014 489/693/1015 485/696/1016
f 485/696/1016 489/693/1015 486/694/1017
f 489/683/1018 494/692/1019 490/684/1020
f 490/684/1020 494/692/1019 493/691/1021
f 462/643/1022 497/642/1023 97/644/1024
f 97/644/1024 497/642/1023 498/641/1025
f 516/723/1026 517/724/1027 515/722/1028
f 515/722/1028 517/724/1027 518/725/1029
f 518/725/1030 519/726/1031 515/722/1032
f 515/722/1032 519/726/1031 520/727/1033
f 522/729/1034 523/730/1035 521/728/1036
f 521/728/1036 523/730/1035 524/731/1037
f 516/723/1038 525/732/1039 517/724/1040
f 517/724/1040 525/732/1039 526/733/1041
f 527/734/1042 528/735/1043 519/726/1044
f 519/726/1044 528/735/1043 520/727/1045
f 516/737/1046 515/738/1047 528/736/1048
f 528/736/1048 515/738/1047 520/739/1049
f 521/728/1050 524/731/1051 530/741/1052
f 530/741/1052 524/731/1051 529/740/1053
f 525/742/1054 516/737/1046 522/743/1055
f 522/743/1055 516/737/1046 528/736/1048
f 530/744/1056 525/742/1057 521/745/1058
f 521/745/1058 525/742/1057 522/743/1059
f 525/732/1060 530/741/1061 526/733/1062
f 526/733/1062 530/741/1061 529/740/1063
f 532/747/1064 533/748/1065 531/746/1066
f 531/746/1066 533/748/1065 534/749/1067
f 534/749/1068 535/750/1069 531/746/1070
f 531/746/1070 535/750/1069 536/751/1071
f 538/753/1072 539/754/1073 537/752/1074
f 537/752/1074 539/754/1073 540/755/1075
f 532/747/1076 541/756/1077 533/748/1078
f 533/748/1078 541/756/1077 542/757/1079
f 543/758/1080 544/759/1081 535/750/1082
f 535/750/1082 544/759/1081 536/751/1083
f 532/761/1084 531/762/1085 544/760/1086
f 544/760/1086 531/762/1085 536/763/1087
f 537/752/1088 540/755/1089 546/765/1090
f 546/765/1090 540/755/1089 545/764/1091
f 541/766/1092 532/761/1084 538/767/1093
f 538/767/1093 532/761/1084 544/760/1086
f 546/768/1094 541/766/1095 537/769/1096
f 537/769/1096 541/766/1095 538/767/1097
f 541/756/1098 546/765/1099 542/757/1100
f 542/757/1100 546/765/1099 545/764/1101
f 548/771/1102 549/772/1103 547/770/1104
f 547/770/1104 549/772/1103 550/773/1105
f 550/773/1106 551/774/1107 547/770/1108
f 547/770/1108 551/774/1107 552/775/1109
f 554/777/1110 555/778/1111 553/776/1112
f 553/776/1112 555/778/1111 556/779/1113
f 548/771/1114 557/780/1115 549/772/1116
f 549/772/1116 557/780/1115 558/781/1117
f 559/782/1118 560/783/1119 551/774/1120
f 551/774/1120 560/783/1119 552/775/1121
f 548/785/1122 547/786/1123 560/784/1124
f 560/784/1124 547/786/1123 552/787/1125
f 553/776/1126 556/779/1127 562/789/1128
f 562/789/1128 556/779/1127 561/788/1129
f 557/790/1130 548/785/1122 554/791/1131
f 554/791/1131 548/785/1122 560/784/1124
f 562/792/1132 557/790/1133 553/793/1134
f 553/793/1134 557/790/1133 554/791/1135
f 557/780/1136 562/789/1137 558/781/1138
f 558/781/1138 562/789/1137 561/788/1139
f 564/795/1140 565/796/1141 563/794/1142
f 563/794/1142 565/796/1141 566/797/1143
f 566/797/1144 567/798/1145 563/794/1146
f 563/794/1146 567/798/1145 568/799/1147
f 570/801/1148 571/802/1149 569/800/1150
f 569/800/1150 571/802/1149 572/803/1151
f 564/795/1152 573/804/1153 565/796/1154
f 565/796/1154 573/804/1153 574/805/1155
f 575/806/1156 576/807/1157 567/798/1158
f 567/798/1158 576/807/1157 568/799/1159
f 564/809/1160 563/810/1161 576/808/1162
f 576/808/1162 563/810/1161 568/811/1163
f 569/800/1164 572/803/1165 578/813/1166
f 578/813/1166 572/803/1165 577/812/1167
f 573/814/1168 564/809/1160 570/815/1169
f 570/815/1169 564/809/1160 576/808/1162
f 578/816/1170 573/814/1171 569/817/1172
f 569/817/1172 573/814/1171 570/815/1173
f 573/804/1174 578/813/1175 574/805/1176
f 574/805/1176 578/813/1175 577/812/1177
f 582/821/1178 583/822/1179 579/818/1180
f 579/818/1180 583/822/1179 584/823/1181
f 596/843/1182 597/844/1183 595/842/1184
f 595/842/1184 597/844/1183 598/845/1185
f 598/845/1186 599/846/1187 595/842/1188
f 595/842/1188 599/846/1187 600/847/1189
f 602/849/1190 603/850/1191 601/848/1192
f 601/848/1192 603/850/1191 604/851/1193
f 596/843/1194 605/852/1195 597/844/1196
f 597/844/1196 605/852/1195 606/853/1197
f 607/854/1198 608/855/1199 599/846/1200
f 599/846/1200 608/855/1199 600/847/1201
f 596/857/1202 595/858/1203 608/856/1204
f 608/856/1204 595/858/1203 600/859/1205
f 601/848/1206 604/851/1207 610/861/1208
f 610/861/1208 604/851/1207 609/860/1209
f 605/862/1210 596/857/1202 602/863/1211
f 602/863/1211 596/857/1202 608/856/1204
f 610/864/1212 605/862/1213 601/865/1214
f 601/865/1214 605/862/1213 602/863/1215
f 605/852/1216 610/861/1217 606/853/1218
f 606/853/1218 610/861/1217 609/860/1219
f 613/868/1220 614/869/1221 611/866/1222
f 611/866/1222 614/869/1221 612/867/1223
f 615/870/1224 616/871/1225 613/868/1220
f 613/868/1220 616/871/1225 614/869/1221
f 618/873/1226 619/874/1227 617/872/1228
f 617/872/1228 619/874/1227 621/876/1229
f 619/874/1227 620/875/1230 621/876/1229
f 623/878/1231 617/898/1232 622/877/1233
f 622/877/1233 617/898/1232 621/899/1234
f 624/879/1235 625/880/1236 781/1131/1237
f 624/879/1238 781/1131/1239 782/1130/1240
f 629/884/1241 630/885/1242 632/887/1243
f 632/887/1243 630/885/1242 631/886/1244
f 633/888/1245 634/889/1246 630/885/1242
f 630/885/1242 634/889/1246 631/886/1244
f 782/1129/1247 774/1116/1248 624/892/1249
f 780/897/1250 619/1117/1251 779/896/1252
f 779/896/1252 619/1117/1251 618/1118/1253
f 784/901/1254 324/1134/1255 783/900/1256
f 783/900/1256 324/1134/1255 322/1135/1257
f 636/903/1258 637/904/1259 635/902/1260
f 635/902/1260 637/904/1259 638/905/1261
f 638/905/1262 639/906/1263 635/902/1264
f 635/902/1264 639/906/1263 640/907/1265
f 642/909/1266 643/910/1267 641/908/1268
f 641/908/1268 643/910/1267 644/911/1269
f 636/903/1270 645/912/1271 637/904/1272
f 637/904/1272 645/912/1271 646/913/1273
f 648/915/1274 640/907/1275 647/914/1276
f 647/914/1276 640/907/1275 639/906/1277
f 636/917/1278 635/918/1279 648/916/1280
f 648/916/1280 635/918/1279 640/919/1281
f 641/908/1282 644/911/1283 650/921/1284
f 650/921/1284 644/911/1283 649/920/1285
f 645/922/1286 636/917/1278 642/923/1287
f 642/923/1287 636/917/1278 648/916/1280
f 650/924/1288 645/922/1289 641/925/1290
f 641/925/1290 645/922/1289 642/923/1291
f 645/912/1292 650/921/1293 646/913/1294
f 646/913/1294 650/921/1293 649/920/1295
f 652/927/1296 653/928/1297 651/926/1298
f 651/926/1298 653/928/1297 654/929/1299
f 654/929/1300 655/930/1301 651/926/1302
f 651/926/1302 655/930/1301 656/931/1303
f 658/933/1304 659/934/1305 657/932/1306
f 657/932/1306 659/934/1305 660/935/1307
f 652/927/1308 661/936/1309 653/928/1310
f 653/928/1310 661/936/1309 662/937/1311
f 664/939/1312 656/931/1313 663/938/1314
f 663/938/1314 656/931/1313 655/930/1315
f 652/941/1316 651/942/1317 664/940/1318
f 664/940/1318 651/942/1317 656/943/1319
f 657/932/1306 660/935/1307 666/945/1320
f 666/945/1320 660/935/1307 665/944/1321
f 661/946/1322 652/941/1316 658/947/1323
f 658/947/1323 652/941/1316 664/940/1318
f 666/948/1324 661/946/1325 657/949/1326
f 657/949/1326 661/946/1325 658/947/1327
f 661/936/1328 666/945/1329 662/937/1330
f 662/937/1330 666/945/1329 665/944/1331
f 678/971/1332 679/972/1333 677/970/1334
f 677/970/1334 679/972/1333 680/973/1335
f 680/973/1336 681/974/1337 677/970/1338
f 677/970/1338 681/974/1337 682/975/1339
f 684/977/1340 685/978/1341 683/976/1342
f 683/976/1342 685/978/1341 686/979/1343
f 678/971/1344 687/980/1345 679/972/1346
f 679/972/1346 687/980/1345 688/981/1347
f 689/982/1348 690/983/1349 681/974/1350
f 681/974/1350 690/983/1349 682/975/1351
f 678/985/1352 677/986/1353 690/984/1354
f 690/984/1354 677/986/1353 682/987/1355
f 683/976/1356 686/979/1357 692/989/1358
f 692/989/1358 686/979/1357 691/988/1359
f 687/990/1360 678/985/1352 684/991/1361
f 684/991/1361 678/985/1352 690/984/1354
f 692/992/1362 687/990/1363 683/993/1364
f 683/993/1364 687/990/1363 684/991/1365
f 687/980/1366 692/989/1367 688/981/1368
f 688/981/1368 692/989/1367 691/988/1369
f 694/995/1370 695/996/1371 693/994/1372
f 693/994/1372 695/996/1371 696/997/1373
f 696/997/1374 697/998/1375 693/994/1376
f 693/994/1376 697/998/1375 698/999/1377
f 700/1001/1378 701/1002/1379 699/1000/1380
f 699/1000/1380 701/1002/1379 702/1003/1381
f 694/995/1382 703/1004/1383 695/996/1384
f 695/996/1384 703/1004/1383 704/1005/1385
f 705/1006/1386 706/1007/1387 697/998/1388
f 697/998/1388 706/1007/1387 698/999/1389
f 694/1009/1390 693/1010/1391 706/1008/1392
f 706/1008/1392 693/1010/1391 698/1011/1393
f 699/1000/1394 702/1003/1395 708/1013/1396
f 708/1013/1396 702/1003/1395 707/1012/1397
f 703/1014/1398 694/1009/1390 700/1015/1399
f 700/1015/1399 694/1009/1390 706/1008/1392
f 708/1016/1400 703/1014/1401 699/1017/1402
f 699/1017/1402 703/1014/1401 700/1015/1403
f 703/1004/1404 708/1013/1405 704/1005/1406
f 704/1005/1406 708/1013/1405 707/1012/1407
f 710/1019/1408 711/1020/1409 709/1018/1410
f 709/1018/1410 711/1020/1409 712/1021/1411
f 712/1021/1412 713/1022/1413 709/1018/1414
f 709/1018/1414 713/1022/1413 714/1023/1415
f 716/1025/1416 717/1026/1417 715/1024/1418
f 715/1024/1418 717/1026/1417 718/1027/1419
f 710/1019/1420 719/1028/1421 711/1020/1422
f 711/1020/1422 719/1028/1421 720/1029/1423
f 721/1030/1424 722/1031/1425 713/1022/1426
f 713/1022/1426 722/1031/1425 714/1023/1427
f 710/1033/1428 709/1034/1429 722/1032/1430
f 722/1032/1430 709/1034/1429 714/1035/1431
f 715/1024/1432 718/1027/1433 724/1037/1434
f 724/1037/1434 718/1027/1433 723/1036/1435
f 719/1038/1436 710/1033/1428 716/1039/1437
f 716/1039/1437 710/1033/1428 722/1032/1430
f 724/1040/1438 719/1038/1439 715/1041/1440
f 715/1041/1440 719/1038/1439 716/1039/1441
f 719/1028/1442 724/1037/1443 720/1029/1444
f 720/1029/1444 724/1037/1443 723/1036/1445
f 726/1043/1446 727/1044/1447 725/1042/1448
f 725/1042/1448 727/1044/1447 728/1045/1449
f 728/1045/1450 729/1046/1451 725/1042/1452
f 725/1042/1452 729/1046/1451 730/1047/1453
f 732/1049/1454 733/1050/1455 731/1048/1456
f 731/1048/1456 733/1050/1455 734/1051/1457
f 726/1043/1458 735/1052/1459 727/1044/1460
f 727/1044/1460 735/1052/1459 736/1053/1461
f 737/1054/1462 738/1055/1463 729/1046/1464
f 729/1046/1464 738/1055/1463 730/1047/1465
f 726/1057/1466 725/1058/1467 738/1056/1468
f 738/1056/1468 725/1058/1467 730/1059/1469
f 731/1048/1470 734/1051/1471 740/1061/1472
f 740/1061/1472 734/1051/1471 739/1060/1473
f 735/1062/1474 726/1057/1466 732/1063/1475
f 732/1063/1475 726/1057/1466 738/1056/1468
f 740/1064/1476 735/1062/1477 731/1065/1478
f 731/1065/1478 735/1062/1477 732/1063/1479
f 735/1052/1480 740/1061/1481 736/1053/1482
f 736/1053/1482 740/1061/1481 739/1060/1483
f 742/1067/1484 743/1068/1485 741/1066/1486
f 741/1066/1486 743/1068/1485 744/1069/1487
f 744/1069/1488 745/1070/1489 741/1066/1490
f 741/1066/1490 745/1070/1489 746/1071/1491
f 748/1073/1492 749/1074/1493 747/1072/1494
f 747/1072/1494 749/1074/1493 750/1075/1495
f 742/1067/1496 751/1076/1497 743/1068/1498
f 743/1068/1498 751/1076/1497 752/1077/1499
f 753/1078/1500 754/1079/1501 745/1070/1502
f 745/1070/1502 754/1079/1501 746/1071/1503
f 742/1081/1504 741/1082/1505 754/1080/1506
f 754/1080/1506 741/1082/1505 746/1083/1507
f 747/1072/1508 750/1075/1509 756/1085/1510
f 756/1085/1510 750/1075/1509 755/1084/1511
f 751/1086/1512 742/1081/1504 748/1087/1513
f 748/1087/1513 742/1081/1504 754/1080/1506
f 756/1088/1514 751/1086/1515 747/1089/1516
f 747/1089/1516 751/1086/1515 748/1087/1517
f 751/1076/1518 756/1085/1519 752/1077/1520
f 752/1077/1520 756/1085/1519 755/1084/1521
f 758/1091/1522 759/1092/1523 757/1090/1524
f 757/1090/1524 759/1092/1523 760/1093/1525
f 760/1093/1526 761/1094/1527 757/1090/1528
f 757/1090/1528 761/1094/1527 762/1095/1529
f 764/1097/1530 765/1098/1531 763/1096/1532
f 763/1096/1532 765/1098/1531 766/1099/1533
f 758/1091/1534 767/1100/1535 759/1092/1536
f 759/1092/1536 767/1100/1535 768/1101/1537
f 769/1102/1538 770/1103/1539 761/1094/1540
f 761/1094/1540 770/1103/1539 762/1095/1541
f 758/1105/1542 757/1106/1543 770/1104/1544
f 770/1104/1544 757/1106/1543 762/1107/1545
f 763/1096/1546 766/1099/1547 772/1109/1548
f 772/1109/1548 766/1099/1547 771/1108/1549
f 767/1110/1550 758/1105/1542 764/1111/1551
f 764/1111/1551 758/1105/1542 770/1104/1544
f 772/1112/1552 767/1110/1553 763/1113/1554
f 763/1113/1554 767/1110/1553 764/1111/1555
f 767/1100/1556 772/1109/1557 768/1101/1558
f 768/1101/1558 772/1109/1557 771/1108/1559
f 6/890/1560 4/891/1561 773/1115/1562
f 773/1115/1562 4/891/1561 774/1116/1248
f 778/1146/1563 776/1145/1564 777/1147/1565
f 777/1147/1565 776/1145/1564 775/1123/1566
f 627/1119/1567 626/1120/1568 628/1121/1569
f 777/1147/1570 775/1123/1571 134/1126/1572
f 785/152/1573 618/1140/1574 19/895/1575
f 777/881/1576 134/1122/1577 626/1120/1568
f 626/1120/1568 134/1122/1577 628/1121/1569
f 626/1120/1568 625/1127/1578 777/881/1576
f 777/881/1576 625/1127/1578 778/894/1579
f 775/1132/1580 779/1141/1581 135/1125/1582
f 775/1123/1583 776/1145/1584 779/1144/1585
f 779/1144/1585 776/1145/1584 780/1143/1586
f 625/1127/1236 626/1120/1587 781/1128/1237
f 781/1128/1237 626/1120/1587 627/1119/1588
f 781/1131/1589 627/882/1590 782/1130/1591
f 782/1130/1591 627/882/1590 628/883/1592
f 774/1116/1248 782/1129/1247 773/1115/1562
f 773/1115/1562 782/1129/1247 628/893/1593
f 622/877/1594 784/901/1254 623/878/1595
f 623/878/1595 784/901/1254 783/900/1256
f 322/1148/1596 2/1124/1597 783/1142/1598
f 783/1142/1598 2/1124/1597 19/895/1599
f 322/1135/1600 266/1137/1601 2/1136/1602
f 783/1142/1603 19/895/1604 623/1149/1605
f 623/1149/1605 19/895/1604 618/1140/1606
f 617/1139/1607 623/1138/1608 618/1133/1609
f 135/1125/1610 779/1141/1252 785/152/1611
f 779/1141/1252 618/1140/1253 785/152/1611
f 54/10/1612 56/13/1613 15/14/1614
f 787/15/1615 786/62/1616 55/63/1617
f 788/1153/1618 787/1152/1619 55/969/1620
f 56/13/1613 786/62/1621 787/15/1622
f 788/1153/1623 56/967/1624 787/1152/1625
f 513/65/1626 511/74/1627 14/64/1628
f 14/64/1628 511/74/1627 57/75/1629
f 56/13/1613 57/75/1629 786/62/1621
f 786/62/1621 57/75/1629 16/1150/1630
f 57/75/1629 11/76/1631 16/1150/1630
f 56/13/1613 54/10/1612 57/75/1629
f 57/75/1629 54/10/1612 14/64/1628
f 790/712/1632 789/713/1633 510/714/1634
f 791/1151/1635 790/1156/1636 510/1157/1637
f 511/715/1638 789/713/1639 790/712/1640
f 511/74/1627 791/1151/1641 57/75/1629
f 57/75/1629 791/1151/1641 11/76/1631
f 791/1151/1641 511/74/1627 790/1156/1642
f 580/819/1643 581/820/1644 579/818/1645
f 579/818/1645 581/820/1644 582/821/1646
f 586/825/1647 587/826/1648 585/824/1649
f 585/824/1649 587/826/1648 588/827/1650
f 580/819/1651 589/828/1652 581/820/1653
f 581/820/1653 589/828/1652 590/829/1654
f 591/830/1655 592/831/1656 583/822/1657
f 583/822/1657 592/831/1656 584/823/1658
f 580/833/1659 579/834/1660 592/832/1661
f 592/832/1661 579/834/1660 584/835/1662
f 585/824/1663 588/827/1664 594/837/1665
f 594/837/1665 588/827/1664 593/836/1666
f 792/1158/1667 592/832/1668 586/839/1669
f 585/841/1670 594/840/1671 792/1158/1672
f 792/1158/1672 594/840/1671 589/838/1673
f 589/828/1674 594/837/1675 590/829/1676
f 590/829/1676 594/837/1675 593/836/1677
f 585/841/1670 792/1158/1672 586/839/1678
f 592/832/1661 792/1158/1679 580/833/1659
f 580/833/1659 792/1158/1679 589/838/1680
f 48/58/1681 793/1159/1682 49/59/1683
f 49/59/1683 793/1159/1682 9/8/1684
f 794/1160/1685 795/1161/1686 18/711/1687
f 793/1159/1682 794/1162/1688 18/17/1689
f 794/1162/1688 793/1159/1682 48/58/1681
f 48/707/1690 503/705/1691 795/1161/1686
f 795/1161/1686 503/705/1691 507/710/1692
f 48/707/1690 795/1161/1686 794/1160/1685
f 797/1163/1693 796/1164/1694 17/16/1695
f 51/950/1696 798/1165/1697 667/951/1698
f 667/951/1698 798/1165/1697 671/957/1699
f 50/60/1700 49/59/1683 10/9/1701
f 10/9/1701 49/59/1683 9/8/1684
f 798/1165/1702 797/1166/1703 17/956/1704
f 797/1166/1705 798/1165/1697 51/950/1696
f 51/61/1706 50/60/1700 796/1164/1707
f 796/1164/1707 50/60/1700 10/9/1701
f 51/61/1706 796/1164/1707 797/1163/1708
f 260/338/1709 799/1167/1710 261/339/1711
f 261/339/1711 799/1167/1710 291/377/1712
f 800/1168/1713 801/1169/1714 290/959/1715
f 669/953/1716 670/954/1717 667/951/1718
f 667/951/1718 670/954/1717 668/952/1719
f 669/953/1720 667/951/1698 672/958/1721
f 672/958/1721 667/951/1698 671/957/1699
f 799/1167/1722 800/1170/1723 290/376/1724
f 800/1170/1725 799/1167/1710 260/338/1709
f 260/955/1726 669/953/1720 801/1169/1727
f 801/1169/1727 669/953/1720 672/958/1721
f 260/955/1726 801/1169/1727 800/1168/1728
f 499/343/1729 265/344/1730 263/341/1731
f 263/341/1731 265/344/1730 264/342/1732
f 803/1171/1733 802/1172/1734 505/379/1735
f 499/701/1736 500/702/1737 502/704/1738
f 502/704/1738 500/702/1737 501/703/1739
f 499/701/1740 804/1173/1741 500/702/1742
f 500/702/1742 804/1173/1741 506/709/1743
f 500/702/1737 503/705/1744 501/703/1739
f 501/703/1739 503/705/1744 504/706/1745
f 503/705/1691 500/702/1742 507/710/1692
f 507/710/1692 500/702/1742 506/709/1743
f 263/341/1731 264/342/1732 261/339/1746
f 261/339/1746 264/342/1732 262/340/1747
f 261/339/1711 291/377/1712 263/341/1748
f 263/341/1748 291/377/1712 292/378/1749
f 804/1173/1750 803/1174/1751 505/708/1752
f 803/1174/1753 804/1173/1741 499/701/1740
f 499/343/1754 263/341/1748 802/1172/1755
f 802/1172/1755 263/341/1748 292/378/1749
f 499/343/1754 802/1172/1755 803/1171/1756
f 296/716/1757 807/717/1758 512/719/1759
f 512/719/1759 807/717/1758 508/718/1760
f 298/1154/1761 296/716/1757 514/720/1762
f 514/720/1762 296/716/1757 512/719/1759
f 511/715/1638 512/719/1759 789/713/1639
f 789/713/1639 512/719/1759 509/1155/1763
f 512/719/1759 508/718/1760 509/1155/1763
f 511/715/1638 513/1192/1764 512/719/1759
f 512/719/1759 513/1192/1764 514/720/1762
f 806/380/1765 805/381/1766 295/382/1767
f 807/1176/1758 806/1178/1768 295/721/1769
f 806/1193/1768 807/717/1758 296/716/1757
f 296/383/1770 805/381/1771 806/380/1772
f 300/960/1773 675/961/1774 808/964/1775
f 808/964/1775 675/961/1774 674/963/1776
f 675/961/1774 673/962/1777 674/963/1776
f 300/960/1773 301/965/1778 675/961/1774
f 675/961/1774 301/965/1778 676/966/1779
f 676/966/1779 15/968/1780 675/961/1774
f 675/961/1774 15/968/1780 56/1179/1624
f 56/1179/1624 788/1181/1623 675/961/1774
f 675/961/1774 788/1181/1623 673/962/1777
f 296/383/1770 297/384/1781 805/381/1771
f 805/381/1771 297/384/1781 294/386/1782
f 297/384/1781 293/385/1783 294/386/1782
f 296/383/1770 298/387/1784 297/384/1781
f 297/384/1781 298/387/1784 299/388/1785
f 300/395/1786 810/1175/1787 297/384/1781
f 297/384/1781 810/1175/1787 293/385/1783
f 301/1177/1788 300/395/1786 299/388/1785
f 299/388/1785 300/395/1786 297/384/1781
f 809/1190/1789 808/964/1775 308/1191/1790
f 810/1175/1787 809/1180/1791 308/1182/1792
f 809/1180/1791 810/1175/1787 300/395/1786
f 300/960/1773 808/964/1775 809/1190/1789
f 104/126/1793 461/646/1794 103/125/1795
f 103/125/1795 461/646/1794 101/123/1796
f 104/126/1797 103/125/1798 102/124/1799
f 1/1/1800 106/128/1801 100/122/1802
f 100/122/1802 106/128/1801 105/127/1803
f 258/335/1804 259/336/1805 100/334/1806
f 100/334/1806 259/336/1805 1/337/1807
f 345/437/1808 1/337/1809 811/1183/1810
f 811/1183/1810 1/337/1809 259/336/1811
f 812/1184/1812 345/628/1813 811/1185/1814
f 104/698/1815 496/699/1816 461/697/1817
f 461/697/1817 496/699/1816 495/700/1818
f 811/1183/1810 259/336/1811 344/436/1819
f 812/1184/1812 811/1185/1814 344/629/1820
f 345/628/1813 812/1184/1812 102/631/1821
f 102/631/1821 812/1184/1812 104/630/1822
f 624/1187/1823 814/1188/1824 625/1186/1825
f 625/1186/1825 814/1188/1824 813/1189/1826
f 815/1194/50 43/50/1827 816/1197/51
f 816/1197/51 43/50/1827 41/51/1828
f 817/1199/52 816/1196/53 40/43/1829
f 40/43/1829 816/1196/53 41/42/1830
f 818/1201/54 817/1198/55 42/47/1831
f 42/47/1831 817/1198/55 40/46/1832
f 818/1200/82 42/91/1833 815/1195/83
f 815/1195/83 42/91/1833 43/92/1834
