# This file uses centimeters as units for non-parametric coordinates.

v 65.473030 24.027565 29.410545
v 66.738693 23.759220 26.545391
v 67.570091 22.343826 25.550394
v 67.864174 19.836693 25.823185
v 66.397133 18.096699 29.355988
v 65.522385 17.725311 31.619164
v 65.125763 23.545530 30.992050
v 65.109352 17.831314 32.753620
v 64.563133 24.475643 32.393021
v 63.585094 18.463692 37.850140
v 63.998409 24.517357 34.900299
v 64.324135 23.996054 33.950024
v 64.430435 17.339464 35.067436
v 63.093578 18.152130 39.747173
v 62.883129 18.547302 40.376316
v 62.766670 24.617577 39.098885
v 62.592369 18.454493 41.448730
v 62.227436 24.060919 40.942974
v 60.838871 25.615616 43.104248
v 62.552170 17.745926 42.465153
v 62.305138 17.260757 43.505245
v 61.961807 16.672657 44.627007
v 60.790447 16.618811 46.761398
v 60.287167 18.361921 48.392475
v 59.044407 26.528591 45.910130
v 59.955917 18.734560 49.969067
v 58.304989 26.253111 52.300285
v 59.761967 18.377029 51.363400
v 59.565136 18.994169 52.542625
v 59.294258 18.919418 53.918812
v 58.703197 18.284008 56.130554
v 58.267963 25.278267 58.570339
v 58.412163 17.092709 57.765961
v 58.297516 16.385920 58.358318
v 57.978821 15.915865 59.243790
v 57.906685 16.395512 60.767681
v 58.460697 17.672028 56.445045
v 58.466652 17.117329 57.296734
v 58.002556 23.131113 70.097237
v 57.641209 20.650566 72.259010
v 57.649506 16.089874 61.207096
v 56.593166 16.338610 64.851616
v 56.253304 18.322609 74.170425
v 53.147659 21.354595 79.365112
v 49.829174 22.002401 80.938828
v 49.787903 23.302095 80.638397
v 54.219498 23.349190 78.315063
v 55.704350 18.916210 75.969307
v 47.476204 22.106960 81.770592
v 47.620770 22.476509 81.476143
v 57.164833 16.197721 62.809715
v 56.901497 16.235319 63.735245
v 49.782547 20.780052 81.106819
v 47.383579 21.243866 81.661949
v 46.932747 21.440805 81.677681
v 47.045330 21.738846 81.743942
v 248.087524 9.651175 -184.596069
v 235.020630 28.578167 -181.263580
v 227.854767 24.300041 -200.871765
v 226.967010 20.248997 -208.450287
v 232.754135 16.568548 -209.397217
v 263.101776 10.657852 -155.148499
v 272.330780 12.054882 -135.491760
v 263.651825 30.899595 -122.911110
v 247.265503 28.787392 -157.832367
v 275.262848 28.499531 -104.377060
v 281.097382 11.627628 -119.567162
v 288.093903 10.676947 -107.820259
v 291.207062 12.087174 -99.699570
v 292.253754 18.485712 -87.616463
v 288.212677 22.012072 -87.919868
v -38.387550 -277.773773 -16.933849
v -31.895912 -276.144623 -36.850567
v -11.565031 186.196533 -2.777824
v -142.421387 -94.021568 -346.852905
v -282.068268 -87.996124 226.453995
v -375.905426 -94.022194 -95.802765
v -41.246315 -276.685303 -27.241894
v -386.604675 -4.843780 -99.800003
v -295.962036 -9.502188 256.810364
v -150.870789 -4.844387 -363.937073
v -289.039246 -94.116928 -250.808533
v -36.996582 -276.227051 -33.315338
v -292.166565 -4.844281 -271.013977
v -386.068420 -5.095221 88.696594
v -40.994762 -277.321075 -21.104500
v -377.055237 -97.256470 75.771515
v -261.190887 -148.528381 -230.055145
v -129.312912 -150.816315 -314.588531
v -338.686432 -156.656265 67.166885
v -252.509720 -143.403351 195.909866
v -330.358917 -152.876724 -81.588791
v 233.185928 -4.845439 -325.775848
v 328.932190 2.464514 -191.776825
v -13.353882 -4.845956 -401.145538
v 114.102509 -4.845622 -374.690308
v 192.467896 -150.502197 -288.971222
v 280.290527 -146.320358 -203.028946
v 226.787384 -94.023460 -318.447296
v 0.251831 -150.502151 -344.420380
v 2.090515 -94.022514 -389.875824
v 100.929626 -150.504120 -327.054810
v 109.654877 -94.023140 -365.083344
v -26.227795 -275.369476 -37.052971
v -23.625771 -275.213959 -36.145424
v -21.176514 -275.673767 -34.388756
v -18.600471 -276.447784 -32.091694
v 330.484467 -4.837777 182.434860
v 261.846069 -4.836268 249.221298
v 374.342316 0.483727 -50.636169
v 371.468903 -4.840182 63.079895
v 275.918671 -149.684631 122.216278
v 215.423004 -151.075974 194.450256
v 255.966553 -86.729881 238.314972
v 320.697906 -90.671944 155.543228
v 325.030273 -152.975311 -82.723396
v 359.251678 -88.695145 -69.315437
v 317.375458 -155.616592 30.421867
v 356.491913 -93.616432 41.270191
v -17.001511 -277.058716 -28.893459
v -16.869049 -277.610748 -24.759930
v -17.128456 -278.684265 -21.269020
v -19.676363 -279.462982 -18.523994
v -135.069717 -5.208282 361.527710
v 190.877319 -4.836813 318.896118
v 35.692200 -4.836269 377.788605
v -124.036606 -157.355728 282.788208
v -137.873886 -94.389679 334.424774
v 138.648880 -150.847580 258.358551
v 165.690872 -88.873360 308.937164
v 19.229980 -149.765335 303.376953
v 33.320709 -86.483650 356.249573
v -23.083317 -278.129669 -16.558372
v -26.553677 -278.700684 -14.187794
v -31.428806 -278.987000 -13.825056
v 307.621155 -78.468224 -203.235443
v -304.493103 -195.139877 -74.352715
v -227.608063 -189.997406 -203.167572
v -98.463593 -194.206772 -274.875854
v -4.218094 -196.964294 -283.620605
v 76.457436 -192.170547 -263.287720
v 234.053955 -195.161942 12.878265
v 214.744980 -202.089828 87.274849
v 161.985992 -199.173492 138.642349
v 91.868423 -197.476608 184.074295
v 4.546112 -199.124466 229.046814
v -291.617706 -199.549927 55.001778
v -101.129036 -202.385391 215.601471
v -225.614868 -198.117416 157.597076
v 136.076874 -193.304550 -222.085068
v 232.017929 -193.805847 -75.643600
v 198.681549 -195.844559 -164.538300
v 226.575592 112.680237 -258.388428
v 294.818848 112.521454 -163.653946
v 328.720856 111.292191 -32.334259
v 323.924164 100.881020 43.444324
v 291.773010 101.697304 151.338745
v 238.178726 102.399208 215.349319
v 165.933441 106.984398 288.482391
v 27.944214 106.657433 338.757172
v -108.577469 104.971123 323.700562
v -252.499146 107.272041 230.857681
v -306.353333 112.980232 77.481430
v -318.600769 111.792839 -78.758636
v -249.073807 112.289558 -218.042236
v -130.015015 112.325928 -306.360107
v 12.876760 111.924759 -331.943909
v 116.647125 112.299515 -305.807709
v 256.108704 -46.152294 202.998169
v 255.855209 -28.647434 203.802200
v 261.385742 -32.084938 194.865219
v 263.432800 -35.642567 191.505264
v 264.516266 -40.007595 189.670532
v 247.598602 -46.027222 216.632568
v 241.892502 -45.253937 225.613998
v 238.347427 -29.396694 230.160980
v 249.022278 -29.086447 214.606537
v 233.278183 -30.761703 239.066238
v 237.226593 -46.081558 232.978394
v 233.768066 -47.285080 238.448303
v 231.431412 -46.187893 242.107407
v 228.067215 -40.542671 247.297638
v 227.044983 -35.265472 248.806580
v -178.172607 -0.555908 238.805252
v -170.814758 16.249462 232.854095
v -157.648254 12.179915 245.216629
v -153.407532 8.038261 250.565109
v -156.572647 4.178736 249.135712
v -196.705414 -3.635319 222.008987
v -210.757416 -2.646917 210.227112
v -213.024780 17.233681 198.245300
v -188.156769 15.864479 219.190933
v -227.582596 14.183118 188.018066
v -222.743240 -3.518601 201.076004
v -231.832825 -4.843483 194.487320
v -237.308624 -3.541142 189.406113
v -243.775955 3.010495 180.750198
v -244.500488 9.098500 176.945984
v -170.170258 -33.638420 -266.359802
v -172.945236 -23.206493 -275.545715
v -186.618668 -24.620144 -267.048859
v -191.231674 -26.891220 -262.744873
v -193.186539 -29.681789 -259.208313
v -148.117661 -33.582642 -276.815613
v -133.612595 -33.096008 -283.953857
v -129.384979 -22.832571 -295.827637
v -155.241333 -22.730391 -283.502808
v -114.667366 -23.814705 -300.971283
v -121.421112 -33.634872 -289.118042
v -112.248245 -34.413063 -292.677429
v -106.491745 -33.712578 -295.950500
v -99.142395 -30.094328 -302.509521
v -100.886894 -27.012592 -303.468140
v -84.750214 18.966583 -3.326935
v -83.756180 13.024715 -2.976444
v -85.273407 16.111706 -9.322987
v -85.790215 17.281889 -9.782505
v -85.803192 17.985697 -8.622692
v -84.312531 18.466461 -1.628437
v -83.230133 12.757341 -0.373394
v -83.027489 12.905652 0.868450
v -84.177795 19.422909 -0.191109
v -82.190392 13.749847 6.218267
v -82.489052 12.508310 3.415003
v -83.757248 18.918358 1.421429
v -83.650757 19.460609 2.381386
v -82.792976 19.870089 6.854412
v -81.754539 14.049124 8.870487
v -81.789642 13.594410 8.247278
v -82.271103 19.310421 8.910248
v -81.517090 13.903722 10.021955
v -82.031769 20.945726 11.410518
v -80.527275 11.944828 13.535053
v -80.870010 12.531994 12.231903
v -81.176697 13.065866 11.073696
v -80.081192 12.083504 16.089733
v -81.570580 22.205250 14.671804
v -80.158257 13.786027 17.290615
v -80.487152 21.825954 19.653357
v -79.992294 14.166180 18.553719
v -79.687622 14.453859 20.482265
v -79.718826 13.827552 19.716988
v -79.639938 20.877613 23.744751
v -79.101295 14.152554 23.380280
v -79.497070 14.481469 21.543444
v -78.693977 13.222065 24.707787
v -78.263420 12.992118 26.827568
v -78.318138 12.405180 25.972328
v -78.503723 12.653250 25.200226
v -79.051483 19.269598 25.950953
v -78.749443 13.204409 24.389580
v -78.935295 13.683140 23.835518
v -78.502594 17.340382 27.820814
v -78.151070 12.846964 27.299820
v -77.676727 13.992290 30.344116
v -77.687141 13.345940 29.930260
v -78.341553 15.510896 32.831455
v -77.675476 18.103710 30.288893
v -79.497330 17.995586 33.341335
v -79.467575 17.655651 33.400085
v -77.571892 14.992805 31.415798
v -80.164886 17.734886 34.536358
v -80.435852 17.516768 35.234619
v -77.956299 13.087681 28.478947
v -77.829849 13.176260 29.142269
v -80.567795 17.488998 35.578255
v -80.743210 17.229412 35.984344
v -80.682549 17.043840 36.061722
v -79.554924 16.509315 34.270596
v -81.254395 17.506731 36.651344
v -79.601898 10.899674 37.177799
v -80.507622 13.428780 29.259401
v -80.972893 14.898038 28.599174
v -80.960060 15.968095 29.304209
v -80.640579 17.184868 38.925358
v -78.649971 9.974039 40.793678
v -78.214172 10.024817 42.896122
v -80.474251 18.605925 41.124432
v -76.282318 11.438027 52.630577
v -77.020630 9.558576 47.508308
v -79.637405 18.120773 43.974991
v -79.383430 18.925854 45.719341
v -77.460510 19.751612 53.772358
v -75.281967 12.013918 57.431145
v -75.384132 11.354742 56.292831
v -76.323837 19.122162 57.477924
v -74.751663 11.899110 59.532673
v -76.987427 21.344337 64.551414
v -72.006126 9.430785 65.985565
v -73.353088 10.230687 63.634197
v -74.022415 10.847956 61.467876
v -68.266243 9.887823 69.272102
v -72.396111 23.382257 68.857704
v -66.969223 12.310940 71.148552
v -65.320015 22.907118 75.851707
v -65.207909 12.957159 72.836655
v -62.961834 13.060263 75.916420
v -63.391838 12.623400 74.251831
v -58.553852 22.061441 80.203560
v -58.195038 12.960145 79.015572
v -61.251621 13.209626 77.083534
v -55.808678 11.845511 80.249756
v -52.319492 11.759409 82.514381
v -53.553318 10.877401 81.441658
v -54.866222 11.130359 80.655266
v -54.678238 21.942430 84.121063
v -56.319057 11.788028 79.897591
v -57.338181 12.375175 79.403656
v -50.418472 16.897612 84.881470
v -51.518166 11.613541 82.996941
v -45.384872 12.651603 86.055573
v -47.298615 12.563638 85.898773
v -39.977486 16.273729 88.359116
v -47.302185 21.692358 86.496719
v -42.420273 22.657051 88.909683
v -37.998028 20.052214 89.834473
v -43.543159 14.113181 86.954147
v -36.740013 22.202761 90.557480
v -38.296146 22.910166 90.404984
v -49.644829 12.062545 84.315704
v -48.567284 12.251873 85.034729
v -33.409203 22.148550 91.406265
v -32.180901 22.558033 91.795769
v -31.577593 21.712791 91.800613
v -33.767715 18.302446 90.628311
v -0.642576 26.618784 97.291679
v -0.716702 16.680134 97.606010
v -7.745405 20.557425 96.836754
v -8.207799 24.764423 96.731956
v -6.063885 26.953684 96.893364
v 2.050215 25.255959 97.458710
v 3.566072 15.360109 97.950829
v 5.623850 15.174374 98.092850
v 4.422796 26.305161 97.515961
v 14.419575 14.737759 98.627068
v 9.792263 13.573462 98.366005
v 6.942121 24.925114 97.632034
v 8.481234 25.471210 97.655701
v 15.381074 24.732347 97.662956
v 18.538853 14.479832 98.507446
v 17.640802 13.852106 98.661407
v 18.236832 23.309244 97.091949
v 20.170717 13.958426 98.159462
v 23.122648 27.525913 96.851952
v 27.966743 12.116076 95.819832
v 26.459160 13.195867 97.903389
v 25.166525 14.217482 99.819443
v 30.556196 12.436621 91.518440
v 25.488333 29.432627 90.694611
v 30.822977 15.376231 88.750809
v 29.822189 28.979982 82.990952
v 31.750221 16.145203 86.648636
v 33.418854 16.849245 83.961838
v 33.003765 15.706434 85.141541
v 34.028214 27.847996 77.996025
v 37.166019 16.977510 81.058739
v 34.492939 17.035603 82.717133
v 39.157257 15.569103 79.860245
v 41.333633 15.250189 77.468330
v 40.607452 14.074368 78.978615
v 39.567432 14.433228 79.536400
v 35.575706 28.496410 74.775467
v 38.852840 15.516128 80.270302
v 37.912537 16.248751 80.660210
v 38.391056 22.088531 72.020470
v 41.962215 15.017182 77.119514
v 44.011189 16.947569 71.954086
v 44.169296 15.897395 73.164490
v 45.562981 19.192099 62.559387
v 41.646332 27.142717 66.328804
v 42.209435 27.272882 61.907021
v 48.143425 28.772600 60.900745
v 44.573963 19.057880 66.529350
v 48.405945 28.183599 59.582962
v 45.853252 25.723221 60.042141
v 42.846615 15.447083 75.239319
v 43.432156 15.602118 74.256577
v 50.927872 27.582401 58.678505
v 51.863438 25.647499 57.334522
v 49.190872 21.959534 56.720974
v 48.397076 20.132362 58.107841
v -69.623413 27.503038 5.578955
v -69.949081 27.323513 9.501780
v -70.750076 26.449417 10.593834
v -71.802391 25.206604 10.345324
v -71.998909 22.077477 5.548207
v -71.980713 21.515636 2.695726
v -69.686287 26.820017 3.734680
v -71.240089 20.606174 0.659209
v -68.477310 27.675037 2.270373
v -70.080803 21.459343 -5.010444
v -67.948967 27.609055 -0.487777
v -68.335678 27.043701 0.490743
v -71.036194 20.131706 -2.105122
v -69.935387 21.316790 -7.156679
v -69.657242 21.818569 -7.775115
v -67.067749 27.960491 -5.153399
v -69.612144 21.691397 -8.984616
v -67.001022 27.331469 -7.331357
v -66.030724 29.165497 -9.674423
v -69.935814 20.838608 -10.133360
v -70.091362 20.318384 -11.372149
v -70.261497 19.759607 -12.762047
v -69.927917 20.051739 -15.359672
v -68.953796 21.932295 -16.402189
v -65.052582 30.619377 -12.740660
v -68.613693 22.420832 -17.624357
v -64.381996 30.372528 -17.618895
v -68.624069 22.144308 -18.818501
v -68.210915 22.864531 -19.502937
v -68.034698 22.971605 -20.546165
v -67.884010 22.761124 -22.392788
v -64.118721 29.623213 -21.683468
v -68.122490 21.903282 -23.800930
v -68.333313 21.363823 -24.346003
v -68.291763 21.158344 -25.144094
v -67.794212 21.822527 -25.912283
v -68.053574 22.316545 -22.886936
v -68.203415 21.868225 -23.483776
v -65.639206 30.865685 -29.407644
v -65.655190 28.181704 -31.699932
v -67.761421 21.706230 -26.395800
v -66.810509 22.374037 -28.881237
v -64.924011 25.774725 -34.463787
v -61.931564 26.380976 -36.646141
v -58.279209 27.469542 -38.946243
v -57.288998 29.799337 -37.903694
v -61.410255 30.014351 -34.130245
v -63.345444 26.222382 -35.522781
v -56.721203 27.242863 -40.684242
v -55.845600 28.516123 -40.241714
v -67.347198 22.032812 -27.510052
v -67.121346 22.159750 -28.142015
v -59.186398 25.335283 -39.901436
v -56.201847 26.410959 -41.732368
v -55.680027 26.821260 -41.856171
v -56.025402 27.279125 -41.179230
v 68.296455 21.982716 31.835976
v 68.327164 16.011711 31.162106
v 66.561584 17.634598 35.267178
v 66.454407 20.089384 35.862926
v 66.970924 21.582325 34.875603
v 68.967239 21.455025 30.209663
v 69.403870 15.657499 28.734213
v 69.923935 15.742807 27.593401
v 69.575905 22.397768 28.928616
v 72.133530 16.047100 22.670324
v 70.943810 15.103710 25.196676
v 70.213600 21.786217 27.378839
v 70.619690 22.276928 26.514805
v 72.438339 22.174931 22.324099
v 73.179947 15.919713 20.191664
v 72.913040 15.556291 20.749439
v 73.203934 21.272514 20.316969
v 73.599457 15.556850 19.082563
v 74.241447 22.666195 18.035238
v 74.809441 13.437319 15.615342
v 74.315529 13.872507 16.874266
v 73.914513 14.470531 18.011421
v 75.899986 14.090349 13.245742
v 75.484695 24.553200 15.056231
v 76.496315 16.137714 12.254414
v 77.261215 25.050352 10.297505
v 77.033318 16.797409 11.094621
v 77.822784 17.457571 9.295347
v 77.488976 16.653637 9.969870
v 78.851669 24.699535 6.384853
v 78.973709 17.628641 6.514695
v 78.249870 17.674475 8.291288
v 79.469711 16.809275 5.167686
v 80.309471 16.853943 3.109784
v 79.943535 16.075901 3.883735
v 79.645065 16.251738 4.648986
v 79.610695 25.306721 4.474726
v 79.341927 16.746420 5.472550
v 79.138954 17.192060 6.042518
v 80.527580 21.559380 2.324744
v 80.492065 16.750275 2.641212
v 81.649826 18.400787 -0.262586
v 81.507004 17.647507 0.106537
v 82.445473 20.385921 -2.295713
v 81.486465 23.483944 0.353381
v 82.899101 24.006014 -2.942747
v 83.228653 23.240673 -4.370937
v 82.035553 19.619766 -1.253534
v 83.736198 23.602633 -5.632240
v 83.671654 23.794914 -4.630384
v 80.950172 17.144173 1.508594
v 81.202202 17.327404 0.863906
v 84.224297 22.707302 -6.881216
v 84.436005 22.560669 -7.417685
v 84.404678 21.811211 -7.319115
v 83.535164 21.047825 -5.165586
v 89.124748 30.761267 -18.939653
v 86.929100 19.852726 -19.687029
v 90.214172 23.022270 -7.034570
v 91.434196 23.786034 -6.305708
v 91.478355 27.261105 -7.135871
v 88.139481 30.493305 -21.110289
v 85.761673 20.076797 -23.079813
v 85.312477 20.352636 -24.873562
v 87.777504 31.738884 -23.145550
v 83.101448 21.641586 -33.159187
v 84.074265 19.951578 -28.755463
v 86.826889 31.223125 -25.221025
v 86.554459 31.742962 -26.671207
v 84.324615 30.075146 -33.353340
v 81.813049 21.714325 -37.790794
v 82.016960 21.207478 -36.747101
v 82.940559 30.162663 -36.514816
v 81.066277 21.357254 -39.886051
v 82.756256 30.930630 -40.744236
v 77.653564 18.458931 -46.339943
v 78.981049 19.295656 -44.082237
v 80.058708 20.113815 -41.969505
v 75.453537 19.207424 -50.338654
v 81.066582 32.589390 -45.177528
v 74.891068 21.495094 -51.810783
v 76.377029 32.650017 -51.658157
v 73.779594 22.286713 -53.361164
v 71.848724 23.217220 -55.675098
v 72.414841 22.389700 -54.849201
v 71.869698 32.664589 -56.570969
v 68.494453 24.046782 -59.058952
v 70.700836 23.611458 -56.918434
v 66.543877 23.846882 -60.644878
v 64.026543 24.475746 -62.897289
v 64.709778 23.680435 -62.089325
v 65.728447 23.547415 -61.243710
v 69.396187 32.913059 -59.871521
v 66.893021 23.704052 -60.304962
v 67.757263 23.867584 -59.633343
v 63.973106 29.990341 -63.722416
v 63.426094 24.530605 -63.396954
v 60.530113 26.457275 -66.259293
v 60.710003 25.837158 -65.944633
v 58.944435 28.215599 -68.180496
v 64.377975 33.855625 -64.795586
v 62.396885 35.553509 -66.970886
v 57.914989 30.318172 -70.047554
v 59.825390 27.499065 -67.176659
v 54.855015 33.945816 -72.496819
v 57.596554 34.692753 -70.761261
v 62.212151 25.121056 -64.543808
v 61.508163 25.404879 -65.182861
v 54.877769 29.938339 -72.648270
v 54.086384 29.781269 -73.277367
v 53.847904 29.327103 -73.228096
v 55.693687 28.656479 -71.196602
v 37.314545 32.296555 -67.060165
v 37.634995 26.431530 -67.678963
v 42.132038 29.333838 -65.143517
v 43.726269 31.469374 -63.991585
v 41.935558 32.158161 -64.485374
v 34.994312 31.501459 -68.341118
v 33.944004 25.556475 -69.690689
v 32.139519 25.427237 -70.679382
v 32.743370 31.703541 -69.212357
v 23.703114 24.862000 -75.384819
v 28.326992 24.339905 -72.864174
v 30.510355 31.433456 -70.735825
v 28.961990 31.826250 -71.531334
v 21.805794 31.548664 -75.413277
v 18.469412 24.792707 -78.045471
v 21.002748 24.378218 -77.258057
v 18.174450 31.232676 -77.524963
v 16.799088 25.482380 -79.418381
v 11.748655 33.271217 -83.258339
v 7.230995 20.592360 -85.502441
v 10.381463 22.131886 -85.244476
v 13.707922 23.019049 -84.843346
v 2.141280 20.414518 -85.848297
v 5.477195 34.418583 -83.180824
v -0.065258 21.849964 -85.571335
v -3.764628 33.233635 -83.271706
v -2.376393 22.073938 -85.559814
v -5.816319 22.094967 -85.544456
v -4.474071 21.290844 -85.628014
v -11.063918 31.632732 -83.573906
v -11.161531 21.515278 -86.220612
v -7.620810 21.991608 -85.514618
v -13.226528 20.006775 -85.894119
v -16.446756 19.540352 -85.076851
v -14.784010 18.557856 -85.519775
v -13.565437 18.958719 -85.547958
v -14.227502 32.062954 -82.679733
v -12.746279 19.996025 -86.029083
v -11.621868 20.466267 -86.059608
v -17.640703 26.045826 -83.150299
v -17.169935 19.291134 -84.916901
v -21.690142 20.846937 -83.229279
v -21.109652 19.892263 -83.620514
v -26.617653 26.049475 -78.466110
v -18.287529 32.845413 -83.275330
v -21.465298 34.248440 -78.141975
v -25.493395 30.711008 -76.310852
v -24.599012 22.954773 -81.460640
v -26.098839 31.967684 -74.760925
v -24.109856 34.218094 -75.312035
v -18.936140 19.592054 -84.346779
v -19.931618 19.684576 -84.024216
v -28.747562 30.511156 -72.914932
v -29.644003 30.330631 -72.064560
v -30.280104 29.373323 -72.059814
v -29.183607 27.470350 -74.633293
v -132.189453 -47.117531 -275.123993
v -134.964432 -36.685604 -284.309906
v -148.637863 -38.099255 -275.813049
v -153.250870 -40.370331 -271.509064
v -155.205734 -43.160900 -267.972504
v -110.136856 -47.061752 -285.579803
v -95.631790 -46.575119 -292.718048
v -91.404175 -36.311680 -304.591827
v -117.260529 -36.209499 -292.266998
v -76.686569 -37.293816 -309.735474
v -83.440308 -47.113983 -297.882233
v -74.267441 -47.892174 -301.441620
v -68.510941 -47.191689 -304.714691
v -61.161594 -43.573437 -311.273712
v -62.906094 -40.491703 -312.232330
v 244.362244 -65.571808 219.848328
v 244.108749 -48.066948 220.652359
v 249.639282 -51.504456 211.715378
v 251.686340 -55.062080 208.355423
v 252.769806 -59.427109 206.520691
v 235.852142 -65.446739 233.482727
v 230.146042 -64.673454 242.464157
v 226.600967 -48.816208 247.011139
v 237.275818 -48.505962 231.456696
v 221.531723 -50.181221 255.916397
v 225.480133 -65.501076 249.828552
v 222.021606 -66.704597 255.298462
v 219.684952 -65.607407 258.957550
v 216.320755 -59.962189 264.147797
v 215.298523 -54.684990 265.656738
v -41.934715 26.377045 80.649429
v -42.499561 22.823324 77.503197
v -47.190571 23.324451 75.621956
v -47.456902 24.528597 76.648117
v -46.032513 24.852945 78.090080
v -39.902790 30.498028 82.021790
v -39.864857 23.168871 79.925072
v -38.492630 22.724600 80.751282
v -38.111862 30.900425 83.356979
v -32.162239 21.072908 84.391693
v -35.726078 20.969534 82.079170
v -36.451000 29.518236 84.019867
v -35.234844 29.674006 84.858131
v -29.679329 28.032728 87.611900
v -28.684418 20.203489 86.079651
v -29.600864 19.941235 85.486504
v -27.067739 26.471874 88.452667
v -27.153000 19.525423 86.646469
v -21.018568 27.839893 93.646309
v -18.353413 16.664770 89.882912
v -20.593388 17.367811 90.403503
v -22.564114 18.036898 90.843681
v -13.903280 16.952404 89.364944
v -15.299375 29.490065 93.451309
v -11.421807 19.222210 89.789734
v -6.807841 29.512995 91.900620
v -9.199108 19.821297 89.627319
v -5.796135 20.420492 89.151184
v -7.211203 19.539265 89.131783
v -0.114972 28.754271 90.222458
v -0.519039 20.211805 88.549034
v -4.032767 20.558914 88.814651
v 1.457685 19.291782 87.326157
v 4.422240 19.314472 85.901215
v 2.876594 18.403555 86.181961
v 1.737645 18.668261 86.569061
v 2.685049 29.541761 89.057457
v 1.006930 19.225994 87.510124
v 0.179579 19.718842 88.060913
v 5.807956 25.057066 86.393036
v 5.056439 19.197350 85.545937
v 8.923438 21.013895 83.925102
v 8.415713 20.140402 84.008911
v 11.401857 24.314787 81.678375
v 8.576267 29.657476 86.016258
v 10.254758 32.389095 82.186073
v 11.518360 28.288935 79.865875
v 11.126270 23.197031 82.812325
v 11.909028 29.054380 78.353470
v 11.349349 31.469330 79.173752
v 6.603511 19.649738 84.872505
v 7.442155 19.838404 84.466644
v 12.846692 27.047318 76.269463
v 13.212660 26.617767 75.365700
v 13.381967 25.670763 75.270798
v 12.702150 24.559959 77.783691
v 37.531723 29.594784 -67.311928
v 43.375225 30.349878 -64.397064
v 228.497223 -7.276669 -191.859558
v 219.033188 5.203079 -189.445908
v 213.843140 2.382217 -203.647659
v 213.200150 -0.288857 -209.136612
v 217.391632 -2.715609 -209.822449
v 239.371689 -6.612902 -170.531357
v 246.056046 -5.691751 -156.294464
v 239.770081 6.733727 -147.182571
v 227.901871 5.341028 -172.475235
v 248.179688 5.151207 -133.758804
v 252.405502 -5.973475 -144.760651
v 257.472900 -6.600319 -136.252625
v 259.727722 -5.670463 -130.371017
v 260.485809 -1.451513 -121.619507
v 258.536652 2.353832 -118.711639
v 4.223120 20.101942 -85.625542
v 26.196302 24.244150 -73.785080
v -59.244919 -137.985840 -58.909622
v 76.771942 -148.382111 -56.699928
v -18.560081 -96.254295 -119.040398
v -12.689645 -94.185722 -121.412590
v -2.594324 -87.261711 -127.664330
v 0.706080 -84.370590 -130.031311
v 2.215645 -84.282135 -130.202560
v 6.855001 -84.251709 -131.009308
v 9.695732 -85.208145 -130.465851
v 17.656576 -87.451469 -128.580261
v 26.092714 -93.765472 -123.973701
v 29.890598 -96.510620 -121.860626
v 35.516411 -98.148872 -120.595161
v 36.468353 -99.436752 -119.564156
v 40.313732 -102.601837 -116.739960
v 4.550835 -143.064331 -57.828186
v 37.146225 -145.464600 -57.318985
v -23.773046 -140.978546 -58.270618
v -21.522839 -97.136093 -117.912186
v -22.898375 -98.559998 -116.622429
v -24.421810 -100.138519 -115.182877
v 54.914070 -146.772827 -57.041504
v 56.332016 -150.040619 -70.860786
v 73.530434 -95.056763 -162.700958
v 70.788498 -95.089470 -163.084641
v 63.642162 -95.782654 -160.867126
v 41.342606 -102.404739 -153.926193
v 33.073608 -149.806427 -76.936768
v 28.207787 -104.390549 -152.384247
v 21.345001 -105.486938 -151.685242
v 17.459156 -107.143349 -149.920654
v 13.023029 -109.117371 -147.914825
v 4.142270 -149.678131 -84.444046
v 111.522926 -102.936546 -140.679230
v 99.728882 -96.396858 -153.197891
v 83.101486 -150.335922 -63.859642
v 97.693611 -150.496796 -60.043381
v 116.684723 -105.479729 -135.109650
v 83.274628 -94.244041 -159.767654
v 88.017014 -95.348633 -157.374588
v 126.579803 -107.634933 -128.186066
v 125.699890 -106.328606 -130.544708
v 115.644714 -150.694687 -55.348404
v 125.869659 -111.881989 -121.526962
v 2.224101 -109.766418 -110.650124
v -10.958682 -107.950623 -110.924095
v -19.764484 -107.871101 -108.356575
v -29.523521 -103.070267 -111.000809
v 18.009064 -110.434341 -110.543701
v 27.408073 -110.493797 -110.460220
v 37.936787 -109.254303 -111.289246
v 43.872124 -109.589142 -110.940666
v 59.486916 -116.953072 -126.761833
v 35.503632 -115.775482 -133.577957
v 31.678785 -115.575638 -134.647949
v 6.279660 -114.685394 -141.503479
v 87.017769 -118.701569 -118.792801
v 103.007431 -119.455498 -114.339218
v 103.977203 -119.488060 -114.080811
v 121.832245 -119.414444 -109.506203
v -101.069763 -114.377213 -86.690392
v -77.825691 -120.077621 -98.481262
v -90.866623 -87.514481 -131.777359
v -93.193123 -87.312561 -130.185608
v -96.552979 -89.808273 -124.234657
v -112.633598 -92.772827 -102.151581
v -118.702927 -119.134438 -65.763596
v -101.179100 -120.646683 -78.333984
v -119.234039 -105.474243 -78.542557
v -120.390060 -108.952728 -74.273209
v -53.427292 -122.187592 -113.014618
v -40.208237 -122.191635 -121.576614
v -45.230164 -102.563187 -141.656586
v -52.188484 -99.306786 -141.073578
v -68.129051 -92.007019 -139.282913
v -78.828064 -90.508484 -133.664429
v -83.811890 -89.091515 -131.702087
v -39.417183 -122.199310 -122.092117
v -24.861755 -122.458710 -131.351669
v -30.364128 -111.672775 -140.502289
v -34.369041 -106.129677 -144.394989
v -36.504585 -104.397705 -145.035828
v -116.757629 -94.612106 -94.405319
v -118.050049 -102.737610 -82.245964
v -91.946625 -158.564438 -18.852964
v -58.511589 -168.860962 -54.233791
v -39.999790 -167.865906 -66.756096
v -18.696239 -166.720703 -81.167023
v -7.083691 -166.096375 -89.022461
v 7.207294 -165.366913 -98.672707
v -106.962448 -96.966103 16.268620
v -107.496338 -97.181702 2.730283
v -126.931641 -71.143867 -0.056536
v -126.635590 -71.454735 1.456405
v -124.046234 -74.784065 4.824775
v -117.152481 -83.265327 15.893453
v -106.926826 -96.776337 19.060539
v -114.448532 -86.263596 22.614437
v -113.154671 -87.628647 26.047398
v -111.799561 -89.286774 27.773617
v -106.871895 -95.577820 31.805946
v -110.287468 -91.128220 29.701836
v -108.415787 -96.311600 -12.957712
v -109.070282 -95.351097 -22.096203
v -121.472473 -78.955933 -26.586346
v -123.161987 -76.799515 -23.150448
v -126.773041 -71.953972 -15.270020
v -126.640305 -72.001389 -8.590613
v -126.906044 -71.514694 -5.763026
v -110.569366 -93.640442 -27.439335
v -111.412064 -92.246796 -37.474560
v -117.320206 -83.930420 -34.338818
v -119.925766 -80.767166 -32.662052
v -120.884338 -79.537476 -31.878101
v -59.212151 -141.109756 43.456009
v -46.297585 -143.840134 29.534451
v -51.450226 -137.873062 3.611609
v -51.228931 -140.195435 -29.002216
v -51.051277 -141.573700 -46.760109
v -50.942104 -143.080246 -68.664307
v -135.147018 -114.062675 -37.818745
v -131.821381 -111.558640 -61.930286
v -161.235229 -88.482147 -77.580902
v -161.359222 -88.859222 -74.832031
v -160.256714 -88.802910 -68.818420
v -152.810547 -98.669022 -45.363289
v -138.987000 -116.501442 -9.699135
v -135.624863 -114.493752 -34.005646
v -146.556610 -108.739914 -20.491571
v -144.565369 -111.061462 -16.138538
v -126.783821 -110.737457 -89.111526
v -122.930618 -112.246170 -103.876602
v -140.582642 -96.862335 -118.545021
v -145.470505 -93.373451 -114.317520
v -154.193146 -89.509491 -102.080482
v -157.360901 -88.825897 -91.982315
v -158.979630 -88.404541 -87.352234
v -122.675705 -112.396133 -104.744377
v -117.536194 -115.910202 -120.291412
v -128.130600 -106.712662 -125.299133
v -133.716797 -102.221481 -126.413879
v -135.773682 -100.607574 -125.817200
v -149.778015 -104.054962 -31.440989
v -148.359741 -106.609253 -24.405935
v -91.691101 -151.371582 -7.337782
v -85.372604 -153.514542 -33.464687
v -80.245110 -155.362625 -54.438126
v -74.706360 -156.838318 -78.733696
v -71.769890 -157.478516 -92.009094
v -68.046089 -158.488480 -108.272598
v -97.109879 -115.061256 106.318932
v -106.500969 -115.478485 81.330688
v -147.080811 -96.656677 90.050888
v -145.664978 -96.768372 92.653831
v -138.880035 -98.763107 97.017433
v -118.490967 -104.548111 112.828926
v -85.372787 -117.044861 131.939117
v -95.590576 -115.012817 110.281158
v -99.348938 -109.545937 131.554108
v -94.540451 -111.818565 132.841156
v -117.713127 -115.134369 52.744087
v -124.516769 -114.091583 36.488255
v -147.853592 -106.653717 36.782223
v -152.221069 -101.818260 44.427536
v -154.996140 -98.266068 61.650768
v -151.309128 -97.757126 73.927063
v -150.249466 -97.257675 79.387657
v -124.931404 -114.024048 35.512512
v -132.481232 -112.639595 17.683634
v -142.129547 -110.645889 21.189632
v -146.618683 -110.143616 26.164391
v -147.995178 -109.367340 28.289936
v -108.355835 -107.034454 123.632446
v -103.277611 -108.246796 129.231659
v -38.370621 -138.730515 102.578064
v -49.184795 -139.163818 73.884834
v -57.871826 -139.511917 50.835373
v -67.976608 -139.739090 24.287674
v -73.724396 -139.435379 9.750656
v -80.876068 -138.894745 -8.164101
v 37.791153 -108.225334 164.450394
v 26.574793 -108.926819 165.689819
v 29.278099 -82.745712 185.502594
v 30.570984 -82.871857 185.222733
v 33.183113 -85.690399 182.755096
v 40.859592 -93.698524 175.336899
v 40.033096 -108.026894 164.203613
v 45.274143 -97.014404 171.863510
v 47.482025 -98.615662 170.125793
v 48.398209 -100.412933 168.528412
v 50.020897 -107.080322 162.983688
v 49.408432 -102.423019 166.736618
v 12.598523 -109.879822 166.532288
v 4.074149 -110.571602 166.724335
v 3.284693 -95.414391 178.692245
v 7.077909 -92.393692 180.719391
v 15.341131 -85.874435 184.879425
v 21.610624 -84.667732 185.120056
v 24.219011 -83.790466 185.442123
v 3.344651 -110.633492 166.745300
v -11.140079 -109.863861 167.029388
v -4.549971 -103.301994 173.124771
v -3.185854 -98.893471 176.461655
v -2.173411 -97.461990 177.496002
v 74.805969 -140.163589 111.918648
v 43.784870 -142.453415 114.142044
v 18.865431 -144.292984 115.928177
v -9.812115 -146.409943 117.983704
v -22.925951 -148.136230 117.237152
v -28.655750 -147.904175 124.508255
v -2.236427 -113.289062 135.738235
v -32.791042 -112.237625 133.944305
v -42.447212 -80.079399 159.968033
v -39.264114 -80.211624 159.903961
v -31.233349 -82.885605 157.611664
v -4.546624 -94.926163 150.534515
v 29.922462 -110.775009 137.079727
v 2.479941 -113.331940 135.995743
v 21.489883 -101.719597 145.239517
v 25.446514 -104.113937 143.089890
v -63.309792 -117.368706 131.160797
v -79.081619 -121.551048 129.878784
v -84.798981 -105.229111 143.369354
v -79.124458 -100.630020 146.441162
v -68.719467 -89.060898 153.274445
v -58.942310 -81.971893 158.326050
v -53.704056 -80.071625 159.393814
v -80.038467 -121.771446 129.822113
v -97.846115 -124.588715 129.099960
v -100.052368 -112.696915 138.660431
v -95.152710 -110.348709 140.101212
v -93.977158 -108.176659 141.675110
v 10.516623 -98.209885 148.309052
v 17.780598 -99.554802 147.042953
v 12.207741 -157.950775 91.975029
v -17.134293 -161.726074 91.117294
v -40.704876 -164.758804 90.428093
v -67.830154 -168.248901 89.635315
v -82.616318 -170.151215 89.203072
v -100.805901 -172.491547 88.671059
v 107.141945 -107.936325 69.118256
v 83.856812 -101.513123 82.687561
v 93.305809 -76.873009 123.505981
v 95.718491 -77.065369 121.897774
v 99.216049 -80.126541 114.819687
v 111.143127 -96.567490 91.262413
v 135.612244 -104.042007 55.088844
v 111.861908 -106.764511 66.959045
v 132.583954 -99.144760 69.519493
v 134.780960 -101.839279 65.040482
v 54.000984 -105.729729 96.656494
v 38.473404 -106.113968 103.949814
v 40.907906 -89.510742 130.265289
v 48.498600 -86.398079 131.449646
v 65.815437 -79.740723 133.400955
v 77.744781 -78.599945 128.916901
v 83.088554 -77.757126 127.471848
v 37.542747 -106.148300 104.387436
v 20.543312 -106.563461 112.366562
v 25.061943 -97.690536 124.947594
v 28.798759 -93.092331 130.716919
v 31.004505 -91.606133 132.045334
v 124.582870 -96.060196 79.027603
v 131.254532 -96.197983 73.010765
v 105.041199 -114.373207 6.520166
v 70.469528 -139.607910 26.888893
v 47.305115 -141.078033 37.667130
v 21.656590 -141.678757 49.737846
v 7.675591 -142.006149 56.317673
v -9.523872 -142.408890 64.411903
v 147.573410 -112.056519 -76.840256
v 151.546295 -111.637955 -63.757843
v 170.025726 -87.744133 -66.364479
v 169.423889 -87.844452 -67.809021
v 166.423676 -88.800369 -71.326508
v 157.271179 -96.981110 -80.158859
v 146.789856 -112.263702 -79.492661
v 152.852814 -101.324448 -85.666489
v 150.647736 -103.696648 -88.399155
v 148.890152 -105.970680 -89.482964
v 143.200882 -114.078171 -91.236404
v 146.928131 -108.572983 -90.665695
v 155.889145 -112.835190 -48.128437
v 158.260239 -114.012817 -38.993958
v 170.096985 -99.118286 -38.563515
v 171.098953 -96.005280 -42.588406
v 173.057831 -89.514297 -51.715233
v 171.683304 -88.095718 -58.481239
v 171.338867 -87.231583 -61.434879
v 158.469406 -114.117447 -38.224739
v 160.919647 -115.316681 -28.745577
v 166.692505 -107.257767 -30.314009
v 169.597015 -102.897964 -31.928823
v 170.346252 -101.461227 -33.026535
v 100.938904 -158.046188 -75.716148
v 89.718140 -148.616776 -60.347252
v 102.487045 -153.722015 -44.634315
v 111.305367 -152.821503 -13.207757
v 116.112335 -152.330505 3.922894
v 122.025620 -151.726395 24.996925
v 149.759827 -110.429756 -11.057879
v 147.036469 -111.554413 14.837200
v 187.682617 -82.080704 26.148975
v 187.681396 -82.001572 23.275459
v 183.604187 -84.829514 16.392235
v 172.187103 -93.647743 -6.710260
v 150.906860 -113.711525 -46.451252
v 150.153290 -110.299278 -15.180594
v 161.340210 -105.588402 -36.324661
v 158.496124 -107.862366 -40.613060
v 142.130890 -116.076431 43.928825
v 139.165863 -118.987961 60.292412
v 161.479309 -104.944077 71.839355
v 166.959747 -100.643707 66.347717
v 179.474091 -90.089096 53.579155
v 182.535873 -85.183075 40.963264
v 184.554169 -83.308334 35.908825
v 139.005920 -119.143692 61.276543
v 136.619476 -120.759804 79.380936
v 148.664612 -113.678917 82.054276
v 155.370560 -109.274582 81.987267
v 157.655090 -107.714935 80.875229
v 167.793854 -97.449844 -20.742565
v 165.675629 -99.299255 -27.933762
v 130.864075 -124.406738 -53.001698
v 91.619354 -148.826996 -5.367062
v 89.192833 -149.691238 18.545572
v 86.400436 -150.685822 46.064415
v 84.878365 -151.227890 61.065075
v 83.005653 -151.894730 79.518799
v 61.821342 -115.740639 -109.177399
v 77.290222 -116.256363 -96.830544
v 92.714355 -90.573288 -108.294144
v 90.819153 -90.870514 -109.454132
v 85.465424 -94.093811 -110.575081
v 68.808182 -102.260910 -115.923874
v 43.649841 -115.224136 -123.806252
v 59.383293 -115.677795 -111.131607
v 51.933258 -108.458366 -123.455460
v 48.763290 -110.344803 -124.225815
v 96.574730 -124.893967 -82.934677
v 108.308548 -120.348785 -72.644012
v 119.054520 -99.442108 -80.207527
v 116.344131 -97.039047 -84.514320
v 109.860458 -91.717468 -94.332428
v 101.229225 -90.423508 -100.455765
v 98.175888 -89.868423 -103.243134
v 108.941696 -120.325844 -72.187073
v 119.878418 -110.073204 -60.597713
v 123.114967 -106.355240 -70.743515
v 122.945694 -104.073120 -73.124794
v 122.708740 -102.723251 -74.538177
v 59.491238 -105.323349 -120.404938
v 54.754292 -106.787521 -122.762032
v 33.473907 -151.803207 -95.729553
v 51.598755 -152.476639 -81.482819
v 66.180008 -153.176331 -69.983292
v 82.960327 -153.981506 -56.749527
v 92.107384 -154.420380 -49.535847
v 106.116882 -135.685394 -7.352328
vt 0.402342 0.844078
vt 0.376190 0.846805
vt 0.364924 0.861749
vt 0.364924 0.887183
vt 0.401579 0.905731
vt 0.424894 0.909499
vt 0.414935 0.849626
vt 0.436486 0.908475
vt 0.427607 0.840167
vt 0.486771 0.901961
vt 0.447841 0.840412
vt 0.439519 0.845739
vt 0.459063 0.913551
vt 0.505034 0.904356
vt 0.511498 0.899951
vt 0.483527 0.837310
vt 0.521765 0.901896
vt 0.498836 0.843557
vt 0.520838 0.827394
vt 0.529944 0.910886
vt 0.539613 0.916807
vt 0.550513 0.923332
vt 0.574077 0.922927
vt 0.587937 0.905985
vt 0.548260 0.815273
vt 0.600117 0.902596
vt 0.587585 0.820482
vt 0.610163 0.906523
vt 0.618216 0.900418
vt 0.627953 0.900557
vt 0.644166 0.904651
vt 0.627316 0.832276
vt 0.654706 0.914698
vt 0.658235 0.920713
vt 0.664864 0.923557
vt 0.673671 0.917892
vt 0.647525 0.909634
vt 0.651771 0.914752
vt 0.644467 0.829098
vt 0.671373 0.871594
vt 0.677737 0.919564
vt 0.698899 0.915068
vt 0.701159 0.908312
vt 0.725758 0.865269
vt 0.734328 0.848768
vt 0.726580 0.825154
vt 0.709361 0.806862
vt 0.708071 0.897963
vt 0.740997 0.847523
vt 0.738794 0.834520
vt 0.687815 0.917440
vt 0.692927 0.916669
vt 0.741427 0.870401
vt 0.751966 0.869105
vt 0.751966 0.864307
vt 0.748501 0.860691
vt 0.282879 0.709086
vt 0.310499 0.748212
vt 0.327551 0.738530
vt 0.330121 0.729850
vt 0.327417 0.719721
vt 0.248185 0.712470
vt 0.225181 0.716218
vt 0.238207 0.755579
vt 0.281114 0.749684
vt 0.210242 0.751458
vt 0.204244 0.716045
vt 0.187881 0.714610
vt 0.179557 0.717873
vt 0.173388 0.731583
vt 0.176607 0.743643
vt 0.569870 1.000000
vt 0.759867 0.990933
vt 0.989124 0.990933
vt 0.510503 0.990933
vt 0.759867 0.690675
vt 0.759867 0.369698
vt 0.985420 0.363889
vt 0.989124 0.690675
vt 0.510503 0.690675
vt 0.510503 0.369698
vt 0.753746 0.990933
vt 0.489476 0.990933
vt 0.753746 0.369698
vt 0.753746 0.690675
vt 0.489476 0.690675
vt 0.489476 0.369698
vt 0.444805 1.000000
vt 0.759867 0.990933
vt 0.989124 0.990933
vt 0.510503 0.990933
vt 0.759867 0.690675
vt 0.759867 0.369698
vt 0.989124 0.363889
vt 0.989124 0.690675
vt 0.510503 0.690675
vt 0.510503 0.369698
vt 0.753746 0.990933
vt 0.489476 0.990933
vt 0.753746 0.369698
vt 0.753746 0.690675
vt 0.489476 0.690675
vt 0.489476 0.369698
vt 0.239600 0.990933
vt 0.239600 0.369698
vt 0.239600 0.690675
vt 0.246774 0.990933
vt 0.246774 0.690675
vt 0.246774 0.369698
vt 0.007080 0.990933
vt 0.042080 0.360487
vt 0.007080 0.690675
vt 0.246774 0.990933
vt 0.246774 0.690675
vt 0.246774 0.369698
vt 0.007080 0.990933
vt 0.007080 0.690675
vt 0.007080 0.277487
vt 0.239600 0.990933
vt 0.239600 0.369698
vt 0.239600 0.690675
vt 0.759867 0.166092
vt 0.989124 0.166092
vt 0.510503 0.166092
vt 0.510503 0.005833
vt 0.759867 0.005833
vt 0.989124 0.005833
vt 0.753746 0.166092
vt 0.489476 0.166092
vt 0.753746 0.005833
vt 0.489476 0.005833
vt 0.759867 0.166092
vt 0.989124 0.166092
vt 0.510503 0.166092
vt 0.246774 0.005833
vt 0.246774 0.166092
vt 0.239600 0.166092
vt 0.239600 0.005833
vt 0.007080 0.005833
vt 0.007080 0.166092
vt 0.239600 0.005833
vt 0.239600 0.166092
vt 0.246774 0.166092
vt 0.246774 0.005833
vt 0.510503 0.005833
vt 0.007080 0.166092
vt 0.007080 0.005833
vt 0.239600 0.000000
vt 0.007080 0.000000
vt 0.246774 0.000000
vt 0.510503 0.000000
vt 0.759867 0.000000
vt 0.989124 0.000000
vt 0.753746 0.000000
vt 0.489476 0.000000
vt 0.239600 0.000000
vt 0.007080 0.000000
vt 0.246774 0.000000
vt 0.510503 0.000000
vt 0.759867 0.005833
vt 0.989124 0.005833
vt 0.753746 0.166092
vt 0.489476 0.166092
vt 0.753746 0.005833
vt 0.489476 0.005833
vt 0.489476 0.000000
vt 0.753746 0.000000
vt 0.759867 0.000000
vt 0.989124 0.000000
vt 0.676424 0.460117
vt 0.706982 0.541769
vt 0.725847 0.521562
vt 0.728690 0.503449
vt 0.725699 0.482311
vt 0.638041 0.467177
vt 0.612590 0.475000
vt 0.627001 0.557141
vt 0.674472 0.544839
vt 0.596063 0.548542
vt 0.589426 0.474640
vt 0.571323 0.471643
vt 0.562114 0.478455
vt 0.555289 0.507065
vt 0.558850 0.532233
vt 0.188509 0.690351
vt 0.209802 0.755135
vt 0.222947 0.739103
vt 0.224929 0.724731
vt 0.222844 0.707960
vt 0.161763 0.695953
vt 0.144029 0.702160
vt 0.154070 0.767331
vt 0.187148 0.757571
vt 0.132512 0.760508
vt 0.127888 0.701874
vt 0.115273 0.699496
vt 0.108856 0.704901
vt 0.104100 0.727600
vt 0.106582 0.747569
vt 0.430695 0.475323
vt 0.464707 0.539011
vt 0.479081 0.521480
vt 0.481248 0.505765
vt 0.467813 0.484929
vt 0.412176 0.474296
vt 0.392783 0.481083
vt 0.403764 0.552348
vt 0.439935 0.541675
vt 0.380190 0.544888
vt 0.375133 0.480771
vt 0.361339 0.478171
vt 0.354322 0.484080
vt 0.349122 0.508902
vt 0.360425 0.531875
vt 0.405169 0.812329
vt 0.404406 0.903081
vt 0.240009 0.869191
vt 0.240009 0.845758
vt 0.247061 0.831989
vt 0.417762 0.820496
vt 0.427721 0.908628
vt 0.439313 0.907120
vt 0.430434 0.806572
vt 0.489598 0.897531
vt 0.461890 0.914591
vt 0.442346 0.814775
vt 0.450669 0.806933
vt 0.485030 0.820913
vt 0.514326 0.894573
vt 0.507861 0.901057
vt 0.500339 0.830108
vt 0.524592 0.897436
vt 0.531069 0.851359
vt 0.553341 0.928989
vt 0.542440 0.919385
vt 0.532771 0.910668
vt 0.576904 0.928393
vt 0.562864 0.837016
vt 0.590764 0.903454
vt 0.590819 0.845558
vt 0.602944 0.898467
vt 0.621043 0.895261
vt 0.612990 0.904246
vt 0.641046 0.834932
vt 0.646994 0.901492
vt 0.630780 0.895465
vt 0.657533 0.916280
vt 0.676498 0.920981
vt 0.667691 0.929321
vt 0.661062 0.925134
vt 0.658197 0.830253
vt 0.654598 0.916360
vt 0.650352 0.908827
vt 0.674201 0.852832
vt 0.680564 0.923443
vt 0.703987 0.906879
vt 0.701726 0.916824
vt 0.715254 0.888784
vt 0.695658 0.833411
vt 0.730715 0.819292
vt 0.732324 0.839350
vt 0.710898 0.891646
vt 0.745607 0.835619
vt 0.755043 0.847351
vt 0.690642 0.920317
vt 0.695754 0.919181
vt 0.760552 0.875069
vt 0.767454 0.885902
vt 0.767454 0.900277
vt 0.746462 0.904159
vt 0.405169 0.812329
vt 0.404406 0.903081
vt 0.370702 0.866364
vt 0.370702 0.848533
vt 0.376068 0.838056
vt 0.417762 0.820496
vt 0.427721 0.908628
vt 0.439313 0.907120
vt 0.430434 0.806572
vt 0.489598 0.897531
vt 0.461890 0.914591
vt 0.442346 0.814775
vt 0.450669 0.806933
vt 0.485030 0.820913
vt 0.514326 0.894573
vt 0.507861 0.901057
vt 0.500339 0.830108
vt 0.524592 0.897436
vt 0.534567 0.827745
vt 0.553341 0.928989
vt 0.542440 0.919385
vt 0.532771 0.910668
vt 0.576904 0.928393
vt 0.551391 0.866867
vt 0.590764 0.903454
vt 0.590716 0.874536
vt 0.602944 0.898467
vt 0.621043 0.895261
vt 0.612990 0.904246
vt 0.641046 0.834932
vt 0.646994 0.901492
vt 0.630780 0.895465
vt 0.657533 0.916280
vt 0.676498 0.920981
vt 0.667691 0.929321
vt 0.661062 0.925134
vt 0.658197 0.830253
vt 0.654598 0.916360
vt 0.650352 0.908827
vt 0.674201 0.852832
vt 0.680564 0.923443
vt 0.703987 0.906879
vt 0.701726 0.916824
vt 0.718699 0.883066
vt 0.703245 0.839395
vt 0.730893 0.828260
vt 0.732162 0.844079
vt 0.710898 0.891646
vt 0.742637 0.841136
vt 0.750079 0.850389
vt 0.690642 0.920317
vt 0.695754 0.919181
vt 0.754424 0.872249
vt 0.759867 0.880792
vt 0.759867 0.892130
vt 0.743312 0.895192
vt 0.405169 0.812329
vt 0.404406 0.903081
vt 0.367752 0.875778
vt 0.367752 0.838341
vt 0.379018 0.816343
vt 0.417762 0.820496
vt 0.427721 0.908628
vt 0.439313 0.907120
vt 0.430434 0.806572
vt 0.489598 0.897531
vt 0.461890 0.914591
vt 0.442346 0.814775
vt 0.450669 0.806933
vt 0.485030 0.820913
vt 0.514326 0.894573
vt 0.507861 0.901057
vt 0.500339 0.830108
vt 0.524592 0.897436
vt 0.534567 0.827745
vt 0.553341 0.928989
vt 0.542440 0.919385
vt 0.532771 0.910668
vt 0.576904 0.928393
vt 0.561989 0.809903
vt 0.590764 0.903454
vt 0.601314 0.817571
vt 0.602944 0.898467
vt 0.621043 0.895261
vt 0.612990 0.904246
vt 0.641046 0.834932
vt 0.646994 0.901492
vt 0.630780 0.895465
vt 0.657533 0.916280
vt 0.676498 0.920981
vt 0.667691 0.929321
vt 0.661062 0.925134
vt 0.658197 0.830253
vt 0.654598 0.916360
vt 0.650352 0.908827
vt 0.674201 0.852832
vt 0.680564 0.923443
vt 0.703987 0.906879
vt 0.701726 0.916824
vt 0.719422 0.846162
vt 0.660753 0.806616
vt 0.683037 0.803402
vt 0.696425 0.811923
vt 0.721568 0.857559
vt 0.700390 0.801790
vt 0.692225 0.800046
vt 0.690642 0.920317
vt 0.695754 0.919181
vt 0.732321 0.811136
vt 0.742419 0.811940
vt 0.751466 0.818773
vt 0.743932 0.833830
vt 0.402342 0.844078
vt 0.376190 0.846805
vt 0.364924 0.861749
vt 0.364924 0.887183
vt 0.401579 0.905731
vt 0.424894 0.909499
vt 0.414935 0.849626
vt 0.436486 0.908475
vt 0.427607 0.840167
vt 0.486771 0.901961
vt 0.447841 0.840412
vt 0.439519 0.845739
vt 0.459063 0.913551
vt 0.505034 0.904356
vt 0.511498 0.899951
vt 0.483527 0.837310
vt 0.521765 0.901896
vt 0.498836 0.843557
vt 0.519655 0.843358
vt 0.529944 0.910886
vt 0.539613 0.916807
vt 0.550513 0.923332
vt 0.574077 0.922927
vt 0.587937 0.905985
vt 0.550009 0.841510
vt 0.600117 0.902596
vt 0.589359 0.844724
vt 0.610163 0.906523
vt 0.618216 0.900418
vt 0.627953 0.900557
vt 0.644166 0.904651
vt 0.624360 0.852379
vt 0.654706 0.914698
vt 0.658235 0.920713
vt 0.664864 0.923557
vt 0.673671 0.917892
vt 0.647525 0.909634
vt 0.651771 0.914752
vt 0.644467 0.829098
vt 0.671373 0.871594
vt 0.677737 0.919564
vt 0.698899 0.915068
vt 0.701159 0.908312
vt 0.705912 0.893715
vt 0.714482 0.877214
vt 0.706734 0.853600
vt 0.689515 0.835308
vt 0.708071 0.897963
vt 0.721151 0.875969
vt 0.718948 0.862966
vt 0.687815 0.917440
vt 0.692927 0.916669
vt 0.721580 0.898847
vt 0.732120 0.897551
vt 0.732120 0.892753
vt 0.728654 0.889137
vt 0.405169 0.812329
vt 0.404406 0.903081
vt 0.367752 0.875778
vt 0.367752 0.838341
vt 0.379018 0.816343
vt 0.417762 0.820496
vt 0.427721 0.908628
vt 0.439313 0.907120
vt 0.430434 0.806572
vt 0.489598 0.897531
vt 0.461890 0.914591
vt 0.442346 0.814775
vt 0.450669 0.806933
vt 0.485030 0.820913
vt 0.514326 0.894573
vt 0.507861 0.901057
vt 0.500339 0.830108
vt 0.524592 0.897436
vt 0.534567 0.827745
vt 0.553341 0.928989
vt 0.542440 0.919385
vt 0.532771 0.910668
vt 0.576904 0.928393
vt 0.561989 0.809903
vt 0.590764 0.903454
vt 0.601314 0.817571
vt 0.602944 0.898467
vt 0.621043 0.895261
vt 0.612990 0.904246
vt 0.641046 0.834932
vt 0.646994 0.901492
vt 0.630780 0.895465
vt 0.657533 0.916280
vt 0.676498 0.920981
vt 0.667691 0.929321
vt 0.661062 0.925134
vt 0.658197 0.830253
vt 0.654598 0.916360
vt 0.650352 0.908827
vt 0.674201 0.852832
vt 0.680564 0.923443
vt 0.703987 0.906879
vt 0.701726 0.916824
vt 0.718699 0.883066
vt 0.703245 0.839395
vt 0.730893 0.828260
vt 0.732162 0.844079
vt 0.710898 0.891646
vt 0.742637 0.841136
vt 0.750079 0.850389
vt 0.690642 0.920317
vt 0.695754 0.919181
vt 0.754424 0.872249
vt 0.759867 0.880792
vt 0.759867 0.892130
vt 0.743312 0.895192
vt 0.405169 0.812329
vt 0.404406 0.903081
vt 0.370702 0.866364
vt 0.370702 0.848533
vt 0.376068 0.838056
vt 0.417762 0.820496
vt 0.427721 0.908628
vt 0.439313 0.907120
vt 0.430434 0.806572
vt 0.489598 0.897531
vt 0.461890 0.914591
vt 0.442346 0.814775
vt 0.450669 0.806933
vt 0.485030 0.820913
vt 0.514326 0.894573
vt 0.507861 0.901057
vt 0.500339 0.830108
vt 0.524592 0.897436
vt 0.534567 0.827745
vt 0.553341 0.928989
vt 0.542440 0.919385
vt 0.532771 0.910668
vt 0.576904 0.928393
vt 0.561989 0.809903
vt 0.590764 0.903454
vt 0.601314 0.817571
vt 0.602944 0.898467
vt 0.621043 0.895261
vt 0.612990 0.904246
vt 0.641046 0.834932
vt 0.646994 0.901492
vt 0.630780 0.895465
vt 0.657533 0.916280
vt 0.676498 0.920981
vt 0.667691 0.929321
vt 0.661062 0.925134
vt 0.658197 0.830253
vt 0.654598 0.916360
vt 0.650352 0.908827
vt 0.674201 0.852832
vt 0.680564 0.923443
vt 0.703987 0.906879
vt 0.701726 0.916824
vt 0.718699 0.883066
vt 0.703245 0.839395
vt 0.730893 0.828260
vt 0.732162 0.844079
vt 0.710898 0.891646
vt 0.742637 0.841136
vt 0.750079 0.850389
vt 0.690642 0.920317
vt 0.695754 0.919181
vt 0.754424 0.872249
vt 0.759867 0.880792
vt 0.759867 0.892130
vt 0.743312 0.895192
vt 0.405169 0.812329
vt 0.404406 0.903081
vt 0.367752 0.875778
vt 0.367752 0.838341
vt 0.379018 0.816343
vt 0.417762 0.820496
vt 0.427721 0.908628
vt 0.439313 0.907120
vt 0.430434 0.806572
vt 0.489598 0.897531
vt 0.461890 0.914591
vt 0.442346 0.814775
vt 0.450669 0.806933
vt 0.485030 0.820913
vt 0.514326 0.894573
vt 0.507861 0.901057
vt 0.500339 0.830108
vt 0.524592 0.897436
vt 0.534567 0.827745
vt 0.553341 0.928989
vt 0.542440 0.919385
vt 0.532771 0.910668
vt 0.576904 0.928393
vt 0.561989 0.809903
vt 0.590764 0.903454
vt 0.601314 0.817571
vt 0.602944 0.898467
vt 0.621043 0.895261
vt 0.612990 0.904246
vt 0.641046 0.834932
vt 0.646994 0.901492
vt 0.630780 0.895465
vt 0.657533 0.916280
vt 0.676498 0.920981
vt 0.667691 0.929321
vt 0.661062 0.925134
vt 0.658197 0.830253
vt 0.654598 0.916360
vt 0.650352 0.908827
vt 0.674201 0.852832
vt 0.680564 0.923443
vt 0.703987 0.906879
vt 0.701726 0.916824
vt 0.718699 0.883066
vt 0.703245 0.839395
vt 0.730893 0.828260
vt 0.732162 0.844079
vt 0.710898 0.891646
vt 0.742637 0.841136
vt 0.750079 0.850389
vt 0.690642 0.920317
vt 0.695754 0.919181
vt 0.754424 0.872249
vt 0.759867 0.880792
vt 0.759867 0.892130
vt 0.743312 0.895192
vt 0.430695 0.475323
vt 0.464707 0.539011
vt 0.479081 0.521480
vt 0.481248 0.505765
vt 0.467813 0.484929
vt 0.412176 0.474296
vt 0.392783 0.481083
vt 0.403764 0.552348
vt 0.439935 0.541675
vt 0.380190 0.544888
vt 0.375133 0.480771
vt 0.361339 0.478171
vt 0.354322 0.484080
vt 0.349122 0.508902
vt 0.360425 0.531875
vt 0.676424 0.460117
vt 0.706982 0.541769
vt 0.725847 0.521562
vt 0.728690 0.503449
vt 0.725699 0.482311
vt 0.638041 0.467177
vt 0.612590 0.475000
vt 0.627001 0.557141
vt 0.674472 0.544839
vt 0.596063 0.548542
vt 0.589426 0.474640
vt 0.571323 0.471643
vt 0.562114 0.478455
vt 0.555289 0.507065
vt 0.558850 0.532233
vt 0.405169 0.812329
vt 0.404406 0.903081
vt 0.367752 0.875778
vt 0.367752 0.838341
vt 0.379018 0.816343
vt 0.417762 0.820496
vt 0.427721 0.908628
vt 0.439313 0.907120
vt 0.430434 0.806572
vt 0.489598 0.897531
vt 0.461890 0.914591
vt 0.442346 0.814775
vt 0.450669 0.806933
vt 0.485030 0.820913
vt 0.514326 0.894573
vt 0.507861 0.901057
vt 0.500339 0.830108
vt 0.524592 0.897436
vt 0.534567 0.827745
vt 0.553341 0.928989
vt 0.542440 0.919385
vt 0.532771 0.910668
vt 0.576904 0.928393
vt 0.561989 0.809903
vt 0.590764 0.903454
vt 0.601314 0.817571
vt 0.602944 0.898467
vt 0.621043 0.895261
vt 0.612990 0.904246
vt 0.641046 0.834932
vt 0.646994 0.901492
vt 0.630780 0.895465
vt 0.657533 0.916280
vt 0.676498 0.920981
vt 0.667691 0.929321
vt 0.661062 0.925134
vt 0.658197 0.830253
vt 0.654598 0.916360
vt 0.650352 0.908827
vt 0.674201 0.852832
vt 0.680564 0.923443
vt 0.703987 0.906879
vt 0.701726 0.916824
vt 0.718699 0.883066
vt 0.703245 0.839395
vt 0.730893 0.828260
vt 0.732162 0.844079
vt 0.710898 0.891646
vt 0.742637 0.841136
vt 0.750079 0.850389
vt 0.690642 0.920317
vt 0.695754 0.919181
vt 0.754424 0.872249
vt 0.759867 0.880792
vt 0.759867 0.892130
vt 0.743312 0.895192
vt 0.404813 0.854704
vt 0.367752 0.858061
vt 0.459793 0.646313
vt 0.490323 0.694524
vt 0.509170 0.682593
vt 0.512011 0.671898
vt 0.509023 0.659418
vt 0.421445 0.650482
vt 0.396018 0.655101
vt 0.410416 0.703601
vt 0.457842 0.696337
vt 0.379506 0.698523
vt 0.372875 0.654888
vt 0.354789 0.653119
vt 0.345588 0.657141
vt 0.338769 0.674034
vt 0.342328 0.688894
vt 0.566944 0.928645
vt 0.473181 0.907639
vt 0.270345 0.065386
vt 0.350843 0.065386
vt 0.280883 0.088164
vt 0.288750 0.094938
vt 0.299560 0.111337
vt 0.302186 0.117262
vt 0.303821 0.117786
vt 0.310586 0.116904
vt 0.314061 0.115772
vt 0.321836 0.114648
vt 0.332909 0.103650
vt 0.337754 0.098465
vt 0.344160 0.095381
vt 0.345543 0.092785
vt 0.347798 0.084492
vt 0.308034 0.065386
vt 0.327355 0.065386
vt 0.291245 0.065386
vt 0.276822 0.084848
vt 0.274972 0.081436
vt 0.272902 0.077617
vt 0.337887 0.065386
vt 0.313118 0.067997
vt 0.308696 0.122990
vt 0.306980 0.122440
vt 0.304224 0.116222
vt 0.292879 0.099012
vt 0.295498 0.067997
vt 0.284623 0.091902
vt 0.280361 0.088422
vt 0.278419 0.084841
vt 0.276247 0.080834
vt 0.273563 0.067997
vt 0.339224 0.108155
vt 0.327603 0.119697
vt 0.333395 0.067997
vt 0.344448 0.067997
vt 0.344309 0.102714
vt 0.315796 0.122065
vt 0.319444 0.120877
vt 0.352483 0.096753
vt 0.351031 0.099477
vt 0.358045 0.067997
vt 0.354850 0.088048
vt 0.290922 0.069211
vt 0.307680 0.069793
vt 0.287384 0.069194
vt 0.271125 0.069118
vt 0.326854 0.069852
vt 0.337870 0.069511
vt 0.338750 0.069514
vt 0.350247 0.069125
vt 0.295239 0.071063
vt 0.312871 0.071061
vt 0.274156 0.070835
vt 0.292420 0.071033
vt 0.333054 0.071038
vt 0.344436 0.071026
vt 0.345083 0.071034
vt 0.357565 0.071012
vt 0.295239 0.071063
vt 0.312871 0.071061
vt 0.308696 0.122990
vt 0.306980 0.122440
vt 0.304224 0.116222
vt 0.292879 0.099012
vt 0.274156 0.070835
vt 0.292420 0.071033
vt 0.278419 0.084841
vt 0.276247 0.080834
vt 0.333054 0.071038
vt 0.344436 0.071026
vt 0.344309 0.102714
vt 0.339224 0.108155
vt 0.327603 0.119697
vt 0.319444 0.120877
vt 0.315796 0.122065
vt 0.345083 0.071034
vt 0.357565 0.071012
vt 0.354850 0.088048
vt 0.352483 0.096753
vt 0.351031 0.099477
vt 0.284623 0.091902
vt 0.280361 0.088422
vt 0.273563 0.067997
vt 0.295498 0.067997
vt 0.313118 0.067997
vt 0.333395 0.067997
vt 0.344448 0.067997
vt 0.358045 0.067997
vt 0.293307 0.079591
vt 0.308033 0.080208
vt 0.304642 0.131082
vt 0.303206 0.130526
vt 0.300898 0.124246
vt 0.291399 0.106863
vt 0.290198 0.079574
vt 0.284486 0.099682
vt 0.280917 0.096167
vt 0.279291 0.092550
vt 0.275911 0.079493
vt 0.277472 0.088502
vt 0.324883 0.080271
vt 0.334563 0.079910
vt 0.334462 0.110602
vt 0.330203 0.116098
vt 0.320473 0.127756
vt 0.313641 0.128948
vt 0.310587 0.130147
vt 0.335336 0.079913
vt 0.345439 0.079500
vt 0.343287 0.095789
vt 0.341306 0.104581
vt 0.340090 0.107333
vt 0.275225 0.075537
vt 0.293591 0.075537
vt 0.308344 0.075537
vt 0.325323 0.075537
vt 0.334577 0.075537
vt 0.345963 0.075537
vt 0.295239 0.071063
vt 0.312871 0.071061
vt 0.308696 0.122990
vt 0.306980 0.122440
vt 0.304224 0.116222
vt 0.292879 0.099012
vt 0.274156 0.070835
vt 0.292420 0.071033
vt 0.278419 0.084841
vt 0.276247 0.080834
vt 0.333054 0.071038
vt 0.344436 0.071026
vt 0.344309 0.102714
vt 0.339224 0.108155
vt 0.327603 0.119697
vt 0.319444 0.120877
vt 0.315796 0.122065
vt 0.345083 0.071034
vt 0.357565 0.071012
vt 0.354850 0.088048
vt 0.352483 0.096753
vt 0.351031 0.099477
vt 0.284623 0.091902
vt 0.280361 0.088422
vt 0.273563 0.067997
vt 0.295498 0.067997
vt 0.313118 0.067997
vt 0.333395 0.067997
vt 0.344448 0.067997
vt 0.358045 0.067997
vt 0.295239 0.071063
vt 0.312871 0.071061
vt 0.308696 0.122990
vt 0.306980 0.122440
vt 0.304224 0.116222
vt 0.292879 0.099012
vt 0.274156 0.070835
vt 0.292420 0.071033
vt 0.278419 0.084841
vt 0.276247 0.080834
vt 0.333054 0.071038
vt 0.344436 0.071026
vt 0.344309 0.102714
vt 0.339224 0.108155
vt 0.327603 0.119697
vt 0.319444 0.120877
vt 0.315796 0.122065
vt 0.345083 0.071034
vt 0.357565 0.071012
vt 0.354850 0.088048
vt 0.352483 0.096753
vt 0.351031 0.099477
vt 0.284623 0.091902
vt 0.280361 0.088422
vt 0.273563 0.067997
vt 0.295498 0.067997
vt 0.313118 0.067997
vt 0.333395 0.067997
vt 0.344448 0.067997
vt 0.358045 0.067997
vt 0.507341 0.080202
vt 0.521720 0.080701
vt 0.518409 0.121883
vt 0.517007 0.121434
vt 0.514753 0.116350
vt 0.505477 0.102278
vt 0.504305 0.080187
vt 0.498727 0.096465
vt 0.495242 0.093619
vt 0.493654 0.090692
vt 0.490353 0.080122
vt 0.491878 0.087415
vt 0.538174 0.080752
vt 0.547627 0.080460
vt 0.547527 0.105305
vt 0.543370 0.109754
vt 0.533868 0.119191
vt 0.527197 0.120156
vt 0.524214 0.121127
vt 0.548382 0.080462
vt 0.558247 0.080128
vt 0.556146 0.093314
vt 0.554211 0.100431
vt 0.553024 0.102658
vt 0.489684 0.076920
vt 0.507618 0.076920
vt 0.522024 0.076920
vt 0.538604 0.076920
vt 0.547641 0.076920
vt 0.558759 0.076920
vt 0.295239 0.071063
vt 0.312871 0.071061
vt 0.308696 0.122990
vt 0.306980 0.122440
vt 0.304224 0.116222
vt 0.292879 0.099012
vt 0.274156 0.070835
vt 0.292420 0.071033
vt 0.278419 0.084841
vt 0.276247 0.080834
vt 0.333054 0.071038
vt 0.344436 0.071026
vt 0.344309 0.102714
vt 0.339224 0.108155
vt 0.327603 0.119697
vt 0.319444 0.120877
vt 0.315796 0.122065
vt 0.345083 0.071034
vt 0.357565 0.071012
vt 0.354850 0.088048
vt 0.352483 0.096753
vt 0.351031 0.099477
vt 0.284623 0.091902
vt 0.280361 0.088422
vt 0.273563 0.067997
vt 0.295498 0.067997
vt 0.313118 0.067997
vt 0.333395 0.067997
vt 0.344448 0.067997
vt 0.358045 0.067997
vt 0.295239 0.071063
vt 0.312871 0.071061
vt 0.308696 0.122990
vt 0.306980 0.122440
vt 0.304224 0.116222
vt 0.292879 0.099012
vt 0.274156 0.070835
vt 0.292420 0.071033
vt 0.278419 0.084841
vt 0.276247 0.080834
vt 0.333054 0.071038
vt 0.344436 0.071026
vt 0.344309 0.102714
vt 0.339224 0.108155
vt 0.327603 0.119697
vt 0.319444 0.120877
vt 0.315796 0.122065
vt 0.345083 0.071034
vt 0.357565 0.071012
vt 0.354850 0.088048
vt 0.352483 0.096753
vt 0.351031 0.099477
vt 0.284623 0.091902
vt 0.280361 0.088422
vt 0.273563 0.067997
vt 0.295498 0.067997
vt 0.313118 0.067997
vt 0.333395 0.067997
vt 0.344448 0.067997
vt 0.358045 0.067997
vt 0.504410 0.087468
vt 0.520177 0.088015
vt 0.516546 0.133170
vt 0.515008 0.132677
vt 0.512537 0.127103
vt 0.502366 0.111674
vt 0.501081 0.087452
vt 0.494965 0.105300
vt 0.491143 0.102180
vt 0.489403 0.098970
vt 0.485784 0.087381
vt 0.487455 0.095377
vt 0.538218 0.088071
vt 0.548582 0.087750
vt 0.548473 0.114992
vt 0.543914 0.119871
vt 0.533496 0.130218
vt 0.526181 0.131276
vt 0.522911 0.132341
vt 0.549410 0.087753
vt 0.560227 0.087387
vt 0.557923 0.101845
vt 0.555801 0.109648
vt 0.554500 0.112091
vt 0.485049 0.083869
vt 0.504714 0.083869
vt 0.520510 0.083869
vt 0.538688 0.083869
vt 0.548598 0.083869
vt 0.560788 0.083869
vt 0.295239 0.071063
vt 0.312871 0.071061
vt 0.308696 0.122990
vt 0.306980 0.122440
vt 0.304224 0.116222
vt 0.292879 0.099012
vt 0.274156 0.070835
vt 0.292420 0.071033
vt 0.278419 0.084841
vt 0.276247 0.080834
vt 0.333054 0.071038
vt 0.344436 0.071026
vt 0.344309 0.102714
vt 0.339224 0.108155
vt 0.327603 0.119697
vt 0.319444 0.120877
vt 0.315796 0.122065
vt 0.345083 0.071034
vt 0.357565 0.071012
vt 0.354850 0.088048
vt 0.352483 0.096753
vt 0.351031 0.099477
vt 0.284623 0.091902
vt 0.280361 0.088422
vt 0.273563 0.067997
vt 0.295498 0.067997
vt 0.313118 0.067997
vt 0.333395 0.067997
vt 0.344448 0.067997
vt 0.358045 0.067997
vt 0.295239 0.071063
vt 0.312871 0.071061
vt 0.308696 0.122990
vt 0.306980 0.122440
vt 0.304224 0.116222
vt 0.292879 0.099012
vt 0.274156 0.070835
vt 0.292420 0.071033
vt 0.278419 0.084841
vt 0.276247 0.080834
vt 0.333054 0.071038
vt 0.344436 0.071026
vt 0.344309 0.102714
vt 0.339224 0.108155
vt 0.327603 0.119697
vt 0.319444 0.120877
vt 0.315796 0.122065
vt 0.345083 0.071034
vt 0.357565 0.071012
vt 0.354850 0.088048
vt 0.352483 0.096753
vt 0.351031 0.099477
vt 0.284623 0.091902
vt 0.280361 0.088422
vt 0.273563 0.067997
vt 0.295498 0.067997
vt 0.313118 0.067997
vt 0.333395 0.067997
vt 0.344448 0.067997
vt 0.358045 0.067997
vn -0.906974 -0.123491 -0.402676
vn -0.918602 -0.146198 -0.367146
vn -0.891142 -0.138640 -0.432024
vn -0.895000 -0.160833 -0.416063
vn -0.891147 -0.264109 -0.368922
vn -0.928103 -0.101834 -0.358126
vn -0.946058 -0.115179 -0.302832
vn -0.966017 -0.092512 -0.241357
vn -0.951640 -0.077092 -0.297387
vn -0.956941 -0.071728 -0.281282
vn -0.967555 -0.076364 -0.240844
vn -0.960600 -0.067667 -0.269570
vn -0.958518 -0.062009 -0.278207
vn -0.956201 -0.073662 -0.283291
vn -0.961515 -0.075116 -0.264285
vn -0.957807 -0.081559 -0.275598
vn -0.983084 -0.078903 -0.165291
vn -0.909772 -0.127870 -0.394924
vn -0.870849 -0.186772 -0.454685
vn -0.873785 -0.217372 -0.435027
vn -0.919772 -0.178201 -0.349664
vn -0.936783 -0.158922 -0.311740
vn -0.936075 -0.221139 -0.273607
vn -0.960105 -0.148810 -0.236756
vn -0.924962 -0.138837 -0.353795
vn -0.973700 -0.177525 -0.142805
vn -0.987205 -0.132360 -0.088925
vn -0.976233 -0.163695 -0.142028
vn -0.975570 -0.173842 -0.134324
vn -0.999346 -0.027858 -0.023072
vn -0.985142 -0.065055 -0.158941
vn -0.943288 -0.187678 -0.273832
vn -0.874893 -0.219795 -0.431569
vn -0.970732 0.209112 -0.118116
vn -0.998773 0.017588 -0.046285
vn -0.968749 0.206005 -0.138159
vn -0.995654 0.012265 -0.092315
vn -0.998592 -0.016442 -0.050434
vn -0.995132 0.002315 -0.098528
vn -0.966502 0.110569 -0.231622
vn -0.933681 0.310482 -0.178440
vn -0.808999 0.550529 -0.206005
vn -0.903873 0.383916 -0.188736
vn -0.396805 -0.169921 -0.902038
vn -0.409545 -0.217312 -0.886029
vn -0.700606 -0.055129 -0.711416
vn -0.797682 0.028293 -0.602414
vn -0.854389 -0.124910 -0.504398
vn -0.262025 -0.079783 -0.961758
vn -0.295747 -0.388642 -0.872635
vn -0.730818 0.630919 -0.260474
vn -0.760249 0.601432 -0.245564
vn -0.391346 -0.092464 -0.915586
vn 0.052263 0.197872 -0.978834
vn -0.028530 0.144352 -0.989115
vn -0.182542 0.143845 -0.972619
vn -0.738380 -0.574014 0.353982
vn -0.734458 -0.581139 0.350498
vn -0.705935 -0.626456 0.330468
vn -0.419395 -0.779262 0.465680
vn -0.542265 -0.753513 0.371709
vn -0.720422 -0.583389 0.375033
vn -0.723145 -0.575009 0.382656
vn -0.721065 -0.581597 0.376578
vn -0.722800 -0.574516 0.384046
vn -0.717365 -0.585632 0.377389
vn -0.722719 -0.588389 0.362596
vn -0.720581 -0.592770 0.359704
vn -0.713328 -0.605781 0.352408
vn -0.667406 -0.644392 0.373268
vn -0.617144 -0.672007 0.409317
vn 0.024246 -0.999629 -0.012404
vn 0.382501 -0.870285 0.310316
vn 0.195147 -0.876309 0.440456
vn 0.484751 -0.869235 0.097194
vn 0.712428 0.321126 0.623959
vn 0.394876 0.339253 0.853804
vn 0.724355 -0.216254 0.654632
vn 0.413339 -0.194354 0.889594
vn 0.902587 0.352798 0.246720
vn 0.935944 -0.261692 0.235639
vn -0.010157 -0.882042 0.471061
vn -0.146992 -0.891259 0.429012
vn 0.044955 0.346474 0.936982
vn 0.057363 -0.240514 0.968949
vn -0.286600 -0.250886 0.924617
vn -0.281233 0.314878 0.906510
vn -0.429485 -0.879248 -0.206073
vn -0.356623 -0.884313 -0.301348
vn -0.469791 -0.873430 -0.128131
vn -0.794012 0.448521 -0.410335
vn -0.625923 0.453341 -0.634589
vn -0.859137 -0.131833 -0.494473
vn -0.694497 -0.148401 -0.704025
vn -0.915419 0.371070 -0.155933
vn -0.971282 -0.146539 -0.187449
vn -0.253594 -0.873615 -0.415315
vn -0.053931 -0.876532 -0.478312
vn -0.407830 0.454469 -0.791917
vn -0.494706 -0.096401 -0.863697
vn -0.121811 -0.087729 -0.988669
vn -0.090147 0.445719 -0.890622
vn 0.164410 -0.867737 -0.469044
vn 0.341172 -0.097602 -0.934920
vn 0.336093 0.444441 -0.830370
vn 0.456293 -0.880067 -0.131447
vn 0.916340 0.310594 -0.252693
vn 0.923736 -0.275798 -0.265795
vn 0.381973 -0.858105 -0.343149
vn 0.679527 0.445814 -0.582660
vn 0.747903 -0.125622 -0.651814
vn -0.448330 -0.893811 0.010120
vn -0.976242 -0.161794 0.144136
vn -0.943200 0.277200 0.183123
vn -0.422230 -0.886802 0.187892
vn -0.879567 -0.152381 0.450712
vn -0.854559 0.229754 0.465770
vn -0.325255 -0.869916 0.370750
vn -0.596049 0.307065 0.741914
vn -0.606055 -0.213500 0.766234
vn 0.588726 0.615208 0.524329
vn 0.315516 0.627558 0.711772
vn 0.763604 0.610710 0.209625
vn 0.400755 0.906987 0.129503
vn 0.300826 0.906649 0.295788
vn 0.160363 0.910882 0.380235
vn 0.029490 0.692332 0.720976
vn -0.195189 0.738571 0.645302
vn -0.037249 0.922154 0.385026
vn -0.164398 0.923205 0.347371
vn -0.576701 0.748762 -0.326759
vn -0.453296 0.760257 -0.465330
vn -0.628972 0.762309 -0.152575
vn 0.371153 0.923111 -0.100554
vn 0.745317 0.630043 -0.218058
vn 0.276938 0.737790 -0.615607
vn 0.134453 0.924199 -0.357462
vn 0.542297 0.640406 -0.543869
vn 0.293328 0.897272 -0.329941
vn -0.203116 0.932060 0.300015
vn -0.358164 0.764859 0.535452
vn -0.680081 0.714579 0.163913
vn -0.342178 0.936456 0.077226
vn -0.358500 0.933405 -0.015247
vn -0.637973 0.673186 0.373913
vn -0.305526 0.931111 0.199215
vn 0.050939 0.953171 -0.298110
vn 0.185852 0.951314 -0.245886
vn 0.276361 0.958562 -0.069160
vn 0.257922 0.948363 0.184617
vn 0.203238 0.946085 0.252227
vn 0.132318 0.949097 0.285846
vn -0.129470 0.948488 0.289150
vn -0.152162 0.946331 0.285139
vn -0.060006 0.931582 0.358544
vn -0.174888 0.945961 0.273079
vn -0.300368 0.950464 0.079980
vn -0.332043 0.924038 0.189475
vn -0.350431 0.923248 -0.157514
vn -0.223038 0.922925 -0.313788
vn -0.307748 0.767831 -0.561896
vn -0.072660 0.738613 -0.670203
vn -0.186716 0.926850 -0.325710
vn -0.074570 0.917975 -0.389565
vn -0.089783 0.940832 -0.326765
vn -0.168514 0.945113 -0.279937
vn -0.282492 0.956585 -0.071721
vn -0.154149 0.947173 -0.281249
vn -0.846428 0.012196 -0.532363
vn -0.848206 0.012041 -0.529530
vn -0.847500 0.010309 -0.530695
vn -0.848207 0.012040 -0.529528
vn -0.848206 0.012034 -0.529531
vn -0.840497 -0.024572 -0.541259
vn -0.839168 -0.000966 -0.543872
vn -0.834594 -0.017916 -0.550574
vn -0.846322 0.007425 -0.532621
vn -0.849350 -0.022592 -0.527346
vn -0.856981 -0.017298 -0.515058
vn -0.844254 -0.004989 -0.535920
vn -0.842652 -0.005268 -0.538433
vn -0.841498 -0.006311 -0.540223
vn -0.840593 -0.007955 -0.541610
vn 0.552341 -0.446976 -0.703656
vn 0.514661 -0.470347 -0.716866
vn 0.509748 -0.418181 -0.751852
vn 0.645662 -0.264141 -0.716484
vn 0.612126 -0.279950 -0.739547
vn 0.585317 -0.369493 -0.721719
vn 0.602923 -0.395043 -0.693126
vn 0.584862 -0.367224 -0.723245
vn 0.619318 -0.371470 -0.691705
vn 0.581405 -0.372407 -0.723382
vn 0.583152 -0.373994 -0.721153
vn 0.579859 -0.375387 -0.723083
vn 0.582077 -0.375878 -0.721042
vn 0.583233 -0.377416 -0.719303
vn 0.583805 -0.379137 -0.717932
vn 0.325529 0.646447 0.690027
vn 0.317906 0.662430 0.678323
vn 0.325530 0.646450 0.690024
vn 0.332110 0.657415 0.676394
vn 0.308153 0.673559 0.671833
vn 0.313698 0.653656 0.688714
vn 0.319825 0.650198 0.689169
vn 0.324729 0.652816 0.684385
vn 0.324518 0.641402 0.695192
vn 0.309164 0.648355 0.695739
vn 0.289761 0.637518 0.713870
vn 0.307459 0.625418 0.717162
vn 0.314428 0.600005 0.735615
vn 0.371045 0.538479 0.756549
vn 0.438093 0.483687 0.757708
vn 0.964920 0.148659 -0.216404
vn 0.968228 0.158031 -0.193806
vn 0.963106 0.208907 -0.169661
vn 0.923409 0.332624 -0.191510
vn 0.949651 0.300986 -0.087003
vn 0.970560 0.145297 -0.192097
vn 0.973012 0.145015 -0.179496
vn 0.973089 0.138090 -0.184468
vn 0.970490 0.139291 -0.196843
vn 0.975656 0.125528 -0.179830
vn 0.975302 0.137216 -0.173082
vn 0.974148 0.124337 -0.188616
vn 0.970954 0.135998 -0.196856
vn 0.973256 0.112555 -0.200261
vn 0.977623 0.117579 -0.174440
vn 0.978081 0.107461 -0.178354
vn 0.976346 0.106907 -0.187934
vn 0.970526 0.089326 -0.223830
vn 0.975898 0.120117 -0.182195
vn 0.972200 0.114291 -0.204365
vn 0.978040 0.112727 -0.175303
vn 0.973603 0.111222 -0.199316
vn 0.975829 0.103893 -0.192258
vn 0.978893 0.117747 -0.167043
vn 0.978370 0.130666 -0.160370
vn 0.976270 0.094203 -0.194994
vn 0.980154 0.088771 -0.177252
vn 0.983273 0.088127 -0.159398
vn 0.980100 0.092752 -0.175501
vn 0.978551 0.086627 -0.186906
vn 0.978410 0.086459 -0.187721
vn 0.974424 0.093485 -0.204350
vn 0.976790 0.099912 -0.189469
vn 0.969206 0.169686 -0.178454
vn 0.977601 0.098431 -0.186029
vn 0.969209 0.169686 -0.178440
vn 0.975595 0.081799 -0.203772
vn 0.971742 0.103066 -0.212354
vn 0.966247 0.108563 -0.233625
vn 0.977288 0.098227 -0.187778
vn 0.977594 0.017488 -0.209771
vn 0.977280 0.100390 -0.186668
vn 0.976524 0.098075 -0.191787
vn 0.845725 0.159303 0.509286
vn 0.819032 0.277447 0.502205
vn 0.973100 -0.225416 -0.047587
vn 0.912037 0.256284 0.320167
vn 0.897345 0.438045 0.053739
vn 0.866822 0.250217 0.431290
vn -0.439126 -0.794877 -0.418735
vn 0.977471 0.096517 -0.187710
vn 0.975652 0.094868 -0.197745
vn 0.826371 0.306394 0.472475
vn 0.816885 0.428157 0.386499
vn 0.837270 0.310516 0.450066
vn 0.847998 0.261062 0.461244
vn 0.967512 0.229541 -0.105978
vn 0.966769 0.252262 -0.041499
vn 0.968689 0.234666 -0.081081
vn 0.974337 0.221894 -0.037827
vn 0.997796 -0.044446 0.049278
vn 0.954047 0.212969 -0.210807
vn 0.956461 0.212090 -0.200502
vn 0.953871 0.201170 -0.222849
vn 0.952417 0.204110 -0.226364
vn 0.956569 0.180262 -0.229089
vn 0.955468 0.199733 -0.217230
vn 0.954983 0.183002 -0.233490
vn 0.951401 0.198165 -0.235727
vn 0.954927 0.163828 -0.247538
vn 0.960365 0.171526 -0.219722
vn 0.961250 0.155162 -0.227869
vn 0.969579 0.227025 -0.091521
vn 0.954203 0.131214 -0.268849
vn 0.689759 0.202255 -0.695216
vn 0.892561 0.318246 -0.319459
vn 0.819597 0.231336 -0.524161
vn 0.953520 0.282744 -0.104193
vn 0.664960 0.185544 -0.723465
vn 0.649790 0.176156 -0.739420
vn 0.681594 0.197409 -0.704599
vn 0.640769 0.171963 -0.748227
vn 0.625832 0.232638 -0.744456
vn 0.687879 0.159396 -0.708107
vn 0.771673 0.236538 -0.590398
vn 0.616120 0.152621 -0.772725
vn 0.544386 0.126380 -0.829260
vn 0.522983 0.130561 -0.842284
vn 0.509666 0.243249 -0.825270
vn 0.532467 0.241743 -0.811196
vn 0.587952 0.221676 -0.777928
vn 0.532452 0.241727 -0.811211
vn 0.565637 0.189099 -0.802681
vn 0.523708 0.138956 -0.840489
vn 0.490337 0.132672 -0.861375
vn 0.534212 0.183149 -0.825272
vn 0.368486 0.158430 -0.916034
vn 0.297332 0.089634 -0.950558
vn 0.236901 -0.057115 -0.969854
vn 0.332631 0.135129 -0.933326
vn 0.372808 0.221705 -0.901033
vn 0.328757 0.166974 -0.929537
vn 0.285551 0.206690 -0.935810
vn 0.323767 0.099024 -0.940941
vn 0.237187 0.179647 -0.954709
vn 0.296076 0.216590 -0.930284
vn 0.532189 0.181906 -0.826852
vn 0.523182 0.181000 -0.832778
vn 0.256428 0.193689 -0.946958
vn 0.245931 0.170091 -0.954247
vn 0.245916 0.170055 -0.954257
vn 0.245919 0.170090 -0.954250
vn 0.078789 -0.035143 -0.996272
vn 0.087520 -0.027822 -0.995774
vn 0.076348 -0.028713 -0.996668
vn 0.077261 -0.014283 -0.996909
vn 0.073378 0.001671 -0.997303
vn 0.049727 -0.039308 -0.997989
vn 0.066877 -0.039335 -0.996986
vn 0.047564 -0.049904 -0.997621
vn 0.033874 -0.048084 -0.998269
vn 0.022269 -0.076543 -0.996818
vn 0.060591 -0.052379 -0.996787
vn 0.015947 -0.078019 -0.996824
vn 0.028288 -0.052216 -0.998235
vn -0.050546 -0.105905 -0.993091
vn -0.035831 -0.098701 -0.994472
vn -0.196245 -0.142593 -0.970131
vn 0.038202 -0.174098 -0.983987
vn 0.231806 -0.062880 -0.970728
vn -0.834672 -0.257588 -0.486796
vn -0.847241 -0.232318 -0.477714
vn -0.692230 -0.271823 -0.668528
vn -0.295358 -0.205279 -0.933073
vn -0.858139 -0.255800 -0.445155
vn -0.832244 -0.271586 -0.483334
vn -0.865133 -0.270461 -0.422370
vn -0.818328 -0.264911 -0.510060
vn -0.816888 -0.268233 -0.510631
vn -0.762115 -0.283042 -0.582295
vn -0.780280 -0.277815 -0.560340
vn -0.766866 -0.333058 -0.548625
vn -0.581822 -0.346327 -0.735895
vn -0.557906 -0.370298 -0.742711
vn -0.766103 -0.458988 -0.449907
vn -0.708609 -0.315125 -0.631323
vn -0.712679 -0.410881 -0.568565
vn -0.445457 0.093014 -0.890458
vn -0.849451 -0.310829 -0.426401
vn -0.662539 -0.378416 -0.646408
vn -0.608209 -0.365517 -0.704613
vn -0.602671 -0.644078 -0.471118
vn -0.879331 -0.324236 -0.348781
vn -0.628061 -0.681753 -0.375169
vn -0.572502 -0.631050 -0.523466
vn -0.470812 -0.194832 -0.860451
vn -0.763662 -0.133152 -0.631736
vn -0.593575 -0.371794 -0.713749
vn -0.852012 -0.182811 -0.490566
vn -0.591570 -0.769219 -0.241551
vn -0.653926 0.013317 -0.756442
vn 0.287180 -0.453278 0.843840
vn -0.625608 -0.637584 -0.449556
vn -0.585870 -0.630741 -0.508844
vn -0.838371 0.163964 -0.519855
vn -0.368331 0.232618 -0.900123
vn -0.911927 0.353976 -0.207582
vn -0.366302 0.404830 -0.837816
vn 0.902270 -0.400657 0.159320
vn 0.892510 -0.414764 0.177193
vn 0.871081 -0.457902 0.177604
vn 0.759050 -0.650148 0.033937
vn 0.757044 -0.652531 0.032988
vn 0.847776 -0.420113 0.323698
vn 0.871458 -0.420133 0.253080
vn 0.873781 -0.412423 0.257709
vn 0.850911 -0.413013 0.324610
vn 0.901479 -0.411401 0.134480
vn 0.901687 -0.400887 0.162018
vn 0.905498 -0.408672 0.114288
vn 0.907584 -0.401152 0.123971
vn 0.897451 -0.419081 0.137672
vn 0.905210 -0.416365 0.085058
vn 0.899202 -0.428660 0.087677
vn 0.896477 -0.436816 0.074307
vn 0.898313 -0.431618 0.082093
vn 0.901650 -0.427346 0.066360
vn 0.899198 -0.432248 0.067863
vn 0.902497 -0.426173 0.062259
vn 0.902013 -0.427409 0.060785
vn 0.887561 -0.446466 0.113590
vn 0.892851 -0.441571 0.088504
vn 0.901227 -0.427943 0.068232
vn 0.880092 -0.468418 0.077611
vn 0.874387 -0.464046 0.141805
vn 0.880650 -0.466265 0.083980
vn 0.874276 -0.475854 0.095937
vn 0.895577 -0.432042 -0.106213
vn 0.864543 -0.489562 0.113557
vn 0.863358 -0.487278 0.131046
vn 0.844596 -0.506240 0.174294
vn 0.866891 -0.474194 0.153756
vn 0.928208 -0.353673 -0.115520
vn 0.971587 -0.182301 0.150946
vn 0.928237 -0.371771 0.012786
vn 0.857863 -0.488725 0.158805
vn 0.860130 -0.487774 0.149172
vn 0.971208 -0.152790 0.182784
vn 0.872659 -0.285606 0.396100
vn 0.942570 -0.025887 0.333003
vn 0.882985 -0.212423 0.418586
vn 0.564356 -0.526610 0.635755
vn 0.561012 -0.524688 0.640288
vn 0.567705 -0.523337 0.635475
vn 0.573455 -0.522233 0.631207
vn 0.558850 -0.550778 0.619944
vn 0.601063 -0.510767 0.614687
vn 0.564382 -0.546524 0.618696
vn 0.940065 -0.027051 0.339921
vn 0.937970 -0.024020 0.345884
vn 0.566248 -0.525049 0.635363
vn 0.576519 -0.515371 0.634049
vn 0.520351 -0.531574 0.668329
vn 0.562788 -0.522487 0.640529
vn -0.912171 0.038891 -0.407961
vn -0.913417 0.045245 -0.404502
vn -0.915025 0.043257 -0.401071
vn -0.917614 0.055721 -0.393546
vn -0.917868 0.057900 -0.392641
vn -0.914796 0.036549 -0.402260
vn -0.911079 0.035896 -0.410666
vn -0.915431 0.031485 -0.401242
vn -0.915832 0.032410 -0.400251
vn -0.916229 0.028444 -0.399644
vn -0.911832 0.033350 -0.409207
vn -0.914383 0.027701 -0.403901
vn -0.916827 0.031436 -0.398045
vn -0.920040 0.021538 -0.391233
vn -0.920000 0.027036 -0.390985
vn -0.925759 0.019695 -0.377601
vn -0.924550 0.027313 -0.380081
vn -0.952720 -0.000311 -0.303848
vn -0.915301 0.048509 -0.399838
vn -0.928391 0.040940 -0.369343
vn -0.921848 0.027357 -0.386585
vn -0.934069 0.034732 -0.355401
vn -0.931204 0.003297 -0.364483
vn -0.911577 0.042114 -0.408966
vn -0.909666 0.054062 -0.411807
vn -0.926809 0.002356 -0.375526
vn -0.932176 -0.012635 -0.361784
vn -0.913086 -0.016168 -0.407446
vn -0.918600 -0.009502 -0.395075
vn -0.927128 -0.017812 -0.374322
vn -0.922262 -0.025666 -0.385713
vn -0.933108 -0.022695 -0.358881
vn -0.927158 -0.013400 -0.374430
vn -0.924656 0.060742 -0.375928
vn -0.925423 -0.013057 -0.378711
vn -0.925639 0.056884 -0.374108
vn -0.923712 -0.008246 -0.383000
vn -0.933867 -0.016591 -0.357235
vn -0.947686 -0.021742 -0.318462
vn -0.927493 -0.017723 -0.373420
vn -0.922436 0.003389 -0.386135
vn -0.924026 -0.015374 -0.382020
vn -0.924358 -0.015264 -0.381221
vn -0.915220 0.041113 -0.400852
vn -0.935081 0.064051 -0.348599
vn -0.927508 0.033335 -0.372314
vn -0.940247 0.080975 -0.330723
vn -0.924944 -0.018728 -0.379642
vn -0.931284 0.032710 -0.362823
vn -0.809056 0.509741 -0.292562
vn -0.926193 -0.019039 -0.376569
vn -0.926883 -0.018344 -0.374901
vn -0.932717 0.000118 -0.360609
vn -0.928856 0.001962 -0.370436
vn -0.930996 -0.009055 -0.364917
vn -0.927191 -0.003604 -0.374571
vn -0.955504 0.172470 0.239302
vn -0.913523 0.297758 0.277156
vn -0.954135 0.176774 0.241616
vn -0.875393 0.337330 0.346259
vn -0.974960 0.063314 0.213176
vn -0.931548 0.159552 0.326745
vn -0.939398 0.156795 0.304872
vn -0.946897 0.148441 0.285223
vn -0.933957 0.153191 0.322887
vn -0.950910 0.148065 0.271749
vn -0.949883 0.148498 0.275082
vn -0.952379 0.150753 0.265044
vn -0.936026 0.146752 0.319874
vn -0.943901 0.127762 0.304511
vn -0.942999 0.094408 0.319124
vn -0.952754 0.146001 0.266352
vn -0.963423 0.123623 0.237767
vn -0.946909 0.165535 0.275613
vn -0.861830 0.166006 0.479262
vn -0.883072 0.159974 0.441126
vn -0.934560 0.183494 0.304842
vn -0.908956 0.184323 0.373930
vn -0.857976 0.147945 0.491924
vn -0.844671 0.156918 0.511769
vn -0.814568 0.118552 0.567824
vn -0.784766 0.089298 0.613325
vn -0.759214 0.084235 0.645367
vn -0.742729 0.076380 0.665222
vn -0.749327 0.085125 0.656707
vn -0.748701 0.085846 0.657325
vn -0.701648 0.063352 0.709702
vn -0.702661 0.095830 0.705042
vn -0.629772 0.126182 0.766463
vn -0.614430 0.235332 0.753057
vn -0.643193 0.139105 0.752962
vn -0.620149 0.148156 0.770366
vn -0.719862 0.151504 0.677381
vn -0.637644 0.137648 0.757933
vn -0.625732 0.133611 0.768510
vn -0.645006 0.109705 0.756262
vn -0.649553 0.188390 0.736608
vn -0.686739 0.160105 0.709053
vn -0.666964 0.131629 0.733371
vn -0.661393 0.235361 0.712155
vn -0.654551 0.163773 0.738066
vn -0.688677 0.232801 0.686679
vn -0.659801 0.166416 0.732782
vn -0.685876 0.156525 0.710686
vn -0.599947 0.033619 0.799333
vn -0.601382 0.085819 0.794339
vn -0.650085 0.109993 0.751859
vn -0.650397 0.108389 0.751822
vn -0.653136 0.080813 0.752916
vn -0.625280 0.357630 0.693632
vn -0.611132 0.395295 0.685754
vn -0.614223 0.390666 0.685645
vn -0.473380 -0.127742 0.871546
vn -0.615816 -0.084549 0.783340
vn -0.478663 -0.140117 0.866746
vn -0.741434 -0.164800 0.650474
vn 0.271442 -0.219647 0.937056
vn 0.227178 0.007400 0.973825
vn 0.265900 -0.216923 0.939277
vn -0.089660 0.338381 0.936728
vn 0.169465 -0.244217 0.954798
vn 0.111644 -0.157050 0.981260
vn 0.229049 -0.224586 0.947152
vn 0.083586 -0.224897 0.970791
vn 0.069026 -0.221590 0.972694
vn 0.270142 -0.225953 0.935932
vn 0.349183 -0.109476 0.930638
vn 0.323698 -0.265923 0.908023
vn 0.274066 -0.225932 0.934796
vn 0.458140 -0.148911 0.876318
vn 0.688256 -0.454461 0.565481
vn 0.581933 -0.319075 0.748028
vn 0.661711 -0.438636 0.608060
vn 0.388741 -0.429552 0.815086
vn 0.661626 -0.436047 0.610011
vn 0.660399 -0.434874 0.612175
vn 0.270025 -0.227645 0.935556
vn 0.279838 -0.228873 0.932367
vn 0.662398 -0.439046 0.607015
vn 0.663558 -0.437920 0.606561
vn 0.663566 -0.437919 0.606553
vn 0.663564 -0.437919 0.606555
vn 0.325530 0.646446 0.690027
vn 0.317907 0.662430 0.678323
vn 0.325529 0.646450 0.690024
vn 0.332108 0.657415 0.676395
vn 0.308154 0.673559 0.671833
vn 0.313698 0.653656 0.688714
vn 0.319825 0.650198 0.689169
vn 0.324729 0.652816 0.684385
vn 0.324518 0.641401 0.695192
vn 0.309165 0.648355 0.695739
vn 0.289760 0.637518 0.713870
vn 0.307462 0.625417 0.717162
vn 0.314424 0.600006 0.735616
vn 0.371045 0.538482 0.756547
vn 0.438093 0.483692 0.757705
vn -0.846428 0.012196 -0.532363
vn -0.848206 0.012042 -0.529530
vn -0.847501 0.010310 -0.530694
vn -0.848209 0.012043 -0.529526
vn -0.848206 0.012040 -0.529529
vn -0.840497 -0.024573 -0.541259
vn -0.839168 -0.000966 -0.543872
vn -0.834594 -0.017917 -0.550574
vn -0.846322 0.007426 -0.532620
vn -0.849350 -0.022594 -0.527347
vn -0.856981 -0.017298 -0.515058
vn -0.844253 -0.004989 -0.535921
vn -0.842653 -0.005268 -0.538432
vn -0.841499 -0.006311 -0.540222
vn -0.840593 -0.007955 -0.541610
vn 0.221207 0.422931 -0.878747
vn 0.353808 0.606386 -0.712121
vn 0.290672 0.695864 -0.656721
vn 0.341126 0.652280 -0.676878
vn 0.348234 0.699324 -0.624243
vn 0.483581 0.355099 -0.800034
vn 0.476812 0.242543 -0.844881
vn 0.540280 0.230700 -0.809244
vn 0.536392 0.233498 -0.811025
vn 0.495843 0.227208 -0.838162
vn 0.528957 0.231110 -0.816573
vn 0.501890 0.223815 -0.835472
vn 0.528670 0.233120 -0.816188
vn 0.468680 0.221461 -0.855157
vn 0.470525 0.228438 -0.852304
vn 0.444052 0.225011 -0.867287
vn 0.595939 0.157618 -0.787409
vn 0.652622 0.183158 -0.735212
vn -0.126321 0.292645 -0.947841
vn -0.124449 0.288890 -0.949239
vn 0.197249 0.241726 -0.950085
vn 0.473175 0.195263 -0.859057
vn -0.146285 0.282393 -0.948080
vn -0.123735 0.295020 -0.947445
vn -0.141212 0.281585 -0.949088
vn -0.186691 0.267681 -0.945248
vn -0.164168 0.263479 -0.950594
vn -0.188926 0.264163 -0.945793
vn -0.183245 0.269841 -0.945308
vn -0.271839 0.233491 -0.933587
vn -0.119481 0.223298 -0.967400
vn -0.198457 0.200691 -0.959343
vn -0.436320 0.202383 -0.876736
vn -0.378534 0.442524 -0.812948
vn -0.418826 0.210547 -0.883320
vn -0.041492 0.763668 -0.644274
vn -0.434492 0.202325 -0.877657
vn -0.441045 0.196234 -0.875769
vn -0.456796 0.204346 -0.865783
vn -0.442808 0.183660 -0.877605
vn -0.507328 0.207659 -0.836359
vn -0.511384 0.124925 -0.850224
vn -0.459745 0.178034 -0.870022
vn -0.831774 -0.053295 -0.552550
vn -0.690364 0.147490 -0.708269
vn -0.921246 -0.118960 -0.370344
vn -0.912923 -0.052298 -0.404768
vn -0.595352 -0.208536 -0.775931
vn -0.944321 -0.124049 -0.304746
vn -0.944533 -0.116977 -0.306877
vn -0.462066 0.176150 -0.869176
vn -0.445440 0.181024 -0.876820
vn -0.941066 -0.123088 -0.315030
vn -0.943400 -0.130734 -0.304804
vn -0.939239 -0.136881 -0.314793
vn -0.939415 -0.136441 -0.314457
vn -0.475894 -0.130970 0.869696
vn -0.448530 -0.137528 0.883123
vn -0.463127 -0.144095 0.874500
vn -0.416338 -0.129888 0.899884
vn -0.435912 -0.118074 0.892211
vn -0.433619 -0.209729 0.876349
vn -0.439486 -0.135402 0.887986
vn -0.338450 -0.224826 0.913731
vn -0.459535 -0.325503 0.826363
vn -0.444763 -0.119434 0.887649
vn -0.428805 -0.126365 0.894516
vn -0.714569 -0.610065 0.342361
vn -0.710540 -0.617011 0.338276
vn -0.675918 -0.664368 0.318985
vn -0.395328 -0.806869 0.438952
vn -0.512867 -0.783084 0.351777
vn -0.696328 -0.619422 0.362553
vn -0.699617 -0.611018 0.370395
vn -0.697124 -0.617687 0.363979
vn -0.699363 -0.610623 0.371525
vn -0.693266 -0.621641 0.364617
vn -0.693079 -0.623146 0.362396
vn -0.691117 -0.623948 0.364755
vn -0.690719 -0.627891 0.358692
vn -0.691337 -0.626379 0.360141
vn -0.691734 -0.624800 0.362117
vn -0.011123 -0.169121 0.985533
vn -0.024244 -0.172595 0.984694
vn -0.305355 -0.181883 0.934707
vn -0.522335 -0.226905 0.821998
vn -0.065408 -0.162394 0.984556
vn -0.003883 -0.180216 0.983620
vn 0.010283 -0.196076 0.980535
vn 0.004894 -0.192776 0.981231
vn 0.012824 -0.199308 0.979853
vn -0.009355 -0.195074 0.980744
vn 0.004539 -0.193826 0.981026
vn -0.085865 -0.225988 0.970338
vn -0.064379 -0.171906 0.983007
vn -0.495231 -0.121220 0.860263
vn -0.507588 -0.075871 0.858253
vn -0.423253 -0.138374 0.895383
vn -0.478447 -0.107544 0.871506
vn -0.510088 -0.118139 0.851970
vn -0.427846 -0.179966 0.885754
vn 0.061605 0.785940 0.615226
vn 0.101038 0.606078 0.788962
vn 0.104264 0.787775 0.607074
vn 0.045615 0.615194 0.787055
vn 0.033774 0.620371 0.783581
vn 0.077581 0.610405 0.788281
vn 0.131014 0.632024 0.763794
vn 0.209922 0.794610 0.569673
vn 0.069617 0.669609 0.739444
vn 0.011385 0.665982 0.745881
vn 0.107396 0.693551 0.712358
vn 0.124944 0.807324 0.576730
vn 0.026640 0.791750 0.610265
vn -0.011359 0.791601 0.610933
vn 0.007692 0.624680 0.780843
vn 0.044977 0.629899 0.775373
vn 0.016432 0.630057 0.776375
vn 0.012189 0.625662 0.779999
vn 0.102684 0.608962 0.786525
vn 0.000540 0.634814 0.772664
vn -0.029668 0.791925 0.609897
vn 0.009409 0.645270 0.763897
vn -0.028602 0.639616 0.768162
vn 0.025954 0.817570 0.575244
vn 0.060704 0.825128 0.561675
vn 0.058218 0.813575 0.578538
vn 0.054185 0.841911 0.536889
vn 0.052551 0.840914 0.538611
vn 0.049367 0.830464 0.554881
vn 0.052137 0.826969 0.559825
vn -0.136229 0.853889 0.502311
vn 0.014428 0.854686 0.518945
vn -0.095722 0.857973 0.504697
vn -0.026200 0.850758 0.524904
vn -0.090787 0.848174 0.521880
vn -0.101822 0.851171 0.514917
vn -0.111500 0.845107 0.522840
vn -0.112839 0.848103 0.517676
vn -0.122557 0.813582 0.568387
vn -0.108372 0.824141 0.555921
vn -0.095718 0.851014 0.516347
vn -0.096700 0.861224 0.498942
vn -0.089200 0.852135 0.515665
vn -0.099708 0.862985 0.495293
vn -0.140016 0.861117 0.488747
vn -0.192159 0.834841 0.515864
vn -0.088561 0.853145 0.514101
vn -0.153187 0.860578 0.485736
vn -0.126920 0.865267 0.484979
vn -0.118813 0.845693 0.520276
vn -0.120618 0.849687 0.513306
vn -0.126412 0.865126 0.485362
vn -0.070040 0.840135 0.537836
vn -0.089066 0.832419 0.546943
vn -0.124332 0.851155 0.509977
vn -0.122720 0.854197 0.505259
vn -0.115698 0.860543 0.496064
vn -0.116471 0.865218 0.487681
vn -0.118421 0.866344 0.485205
vn -0.117710 0.865686 0.486550
vn 0.256681 0.739320 0.622512
vn 0.427543 0.724141 0.541134
vn 0.432412 0.699864 0.568515
vn 0.488823 0.720684 0.491597
vn 0.513029 0.700460 0.496142
vn 0.475424 0.679103 0.559277
vn 0.530617 0.610508 0.587985
vn 0.498455 0.602370 0.623453
vn 0.512431 0.736054 0.442310
vn 0.409302 0.777767 0.477023
vn 0.398373 0.704877 0.586897
vn 0.395668 0.708170 0.584758
vn 0.387674 0.705769 0.592958
vn 0.380510 0.712864 0.589098
vn 0.380274 0.706982 0.596295
vn 0.318326 0.722333 0.613924
vn 0.412881 0.706072 0.575318
vn 0.381794 0.706127 0.596338
vn 0.383431 0.716234 0.583087
vn 0.392107 0.701979 0.594540
vn 0.392075 0.702198 0.594302
vn 0.381129 0.716377 0.584419
vn 0.585454 0.652489 0.481145
vn 0.570876 0.633292 0.522534
vn 0.581029 0.724172 0.371457
vn 0.522922 0.715388 0.463435
vn 0.375714 0.706671 0.599545
vn 0.366346 0.714290 0.596306
vn 0.364985 0.718716 0.591805
vn 0.362252 0.720805 0.590943
vn 0.799829 0.599709 -0.024948
vn 0.802676 0.595557 -0.031988
vn 0.648795 0.760837 -0.013897
vn 0.802138 0.596062 -0.035841
vn 0.801796 0.595963 -0.044178
vn 0.633749 0.773372 -0.016073
vn 0.801123 0.595550 -0.059347
vn 0.800716 0.595837 -0.061908
vn 0.802407 0.593734 -0.060194
vn 0.672367 0.740217 0.001110
vn 0.705153 0.705651 -0.069395
vn 0.804099 0.591461 -0.059989
vn 0.798940 0.601356 -0.008096
vn 0.650297 0.759675 -0.002729
vn 0.798109 0.602512 -0.000699
vn 0.658777 0.751795 0.028589
vn 0.799475 0.600562 0.012895
vn 0.796429 0.603769 -0.034113
vn 0.798479 0.601764 -0.017662
vn 0.803052 0.595366 0.025448
vn 0.665972 0.744463 0.047498
vn 0.796335 0.602116 0.057514
vn 0.803057 0.593806 0.049941
vn 0.652233 0.757609 0.024907
vn 0.550033 0.769966 0.323444
vn 0.582611 0.793896 0.174053
vn 0.600176 0.799858 0.003987
vn 0.602654 0.796275 -0.052477
vn 0.621204 0.782122 -0.048891
vn 0.627328 0.777127 -0.050324
vn 0.568479 0.811839 0.133224
vn 0.610752 0.791805 -0.005176
vn 0.609177 0.780289 0.141606
vn 0.617309 0.785364 0.046186
vn 0.601142 0.784534 0.152102
vn 0.604608 0.779350 0.164506
vn 0.583458 0.798787 0.146684
vn 0.593615 0.793306 0.135228
vn 0.597653 0.788037 0.147675
vn 0.598368 0.787277 0.148832
vn 0.566055 0.813265 0.134844
vn 0.619597 0.775888 0.118733
vn 0.581675 0.804228 0.121948
vn 0.639500 0.763706 0.088275
vn 0.631116 0.773979 0.051472
vn 0.569715 0.810690 0.134932
vn 0.570203 0.812016 0.124490
vn 0.639021 0.768493 0.032722
vn 0.652748 0.756168 0.046155
vn 0.622410 0.781116 0.049631
vn 0.630009 0.775155 0.047138
vn 0.651631 0.756793 0.051402
vn 0.605274 0.778357 0.166745
vn 0.602715 0.782363 0.156983
vn 0.605154 0.790308 0.095927
vn 0.621244 0.777830 0.095063
vn 0.640947 0.760818 0.101699
vn 0.647014 0.755535 0.102667
vn 0.641395 0.761031 0.097185
vn 0.635288 0.766047 0.097889
vn 0.384036 0.910822 -0.151393
vn 0.382971 0.907156 -0.174358
vn 0.374702 0.915586 -0.145946
vn 0.384984 0.906823 -0.171638
vn 0.390366 0.905654 -0.165548
vn 0.372006 0.915222 -0.154854
vn 0.384775 0.918068 -0.095392
vn 0.373675 0.919961 -0.118489
vn 0.471292 0.869958 -0.145113
vn 0.429995 0.889823 -0.152705
vn 0.380328 0.914271 -0.139493
vn 0.380511 0.915723 -0.129088
vn 0.373678 0.915572 -0.148636
vn 0.384676 0.916344 -0.111078
vn 0.275908 0.892810 -0.356041
vn 0.371118 0.914615 -0.160471
vn 0.376120 0.913830 -0.153128
vn 0.271798 0.922839 -0.272937
vn 0.382487 0.918561 -0.099744
vn 0.193392 0.980232 -0.041766
vn 0.177069 0.984006 0.019469
vn 0.372800 0.923381 -0.091579
vn 0.395081 0.904150 -0.162555
vn 0.395081 0.904150 -0.162555
vn 0.363164 0.921297 -0.139012
vn 0.361050 0.920384 -0.150121
vn 0.366006 0.919015 -0.146462
vn 0.376162 0.915883 -0.140215
vn 0.392519 0.910714 -0.128566
vn 0.396673 0.908574 -0.130935
vn -0.114869 0.606963 -0.786385
vn -0.101453 0.606656 -0.788464
vn -0.102120 0.764788 -0.636138
vn -0.107037 0.608128 -0.786589
vn -0.124936 0.610415 -0.782166
vn -0.115506 0.782552 -0.611777
vn -0.152404 0.613884 -0.774544
vn -0.157408 0.615041 -0.772623
vn -0.153584 0.611831 -0.775935
vn -0.144359 0.797878 -0.585279
vn -0.154487 0.609820 -0.777337
vn -0.125201 0.803326 -0.582230
vn -0.087000 0.611196 -0.786683
vn -0.089777 0.772448 -0.628700
vn -0.083063 0.611924 -0.786543
vn -0.066187 0.615629 -0.785252
vn -0.077139 0.779667 -0.621424
vn -0.113442 0.607283 -0.786345
vn -0.093433 0.610472 -0.786508
vn -0.059783 0.616040 -0.785443
vn 0.016820 0.774483 -0.632371
vn -0.064926 0.614559 -0.786195
vn -0.014455 0.647456 -0.761966
vn 0.007999 0.783622 -0.621187
vn -0.102015 0.814027 -0.571799
vn -0.101142 0.811840 -0.575053
vn -0.100882 0.816956 -0.567807
vn -0.089948 0.815482 -0.571750
vn -0.222372 0.805252 -0.549654
vn -0.525042 0.730286 -0.437050
vn -0.001463 0.614331 -0.789047
vn -0.002893 0.629339 -0.777126
vn 0.008467 0.642878 -0.765922
vn 0.045221 0.625597 -0.778835
vn 0.063103 0.626904 -0.776537
vn 0.061709 0.655031 -0.753078
vn -0.036098 0.692770 -0.720254
vn -0.031132 0.689063 -0.724032
vn -0.029539 0.654809 -0.755217
vn -0.017618 0.640199 -0.768007
vn -0.065902 0.606423 -0.792407
vn -0.057777 0.631914 -0.772882
vn -0.124445 0.601023 -0.789484
vn -0.100274 0.631336 -0.768999
vn -0.067358 0.620796 -0.781073
vn 0.021914 0.599815 -0.799838
vn -0.050964 0.611981 -0.789228
vn -0.059448 0.620685 -0.781803
vn -0.071850 0.639202 -0.765675
vn -0.068667 0.615601 -0.785061
vn -0.068638 0.639327 -0.765866
vn -0.065895 0.617821 -0.783553
vn 0.008426 0.631623 -0.775230
vn -0.012496 0.633936 -0.773285
vn -0.061810 0.694115 -0.717205
vn -0.041667 0.667810 -0.743164
vn -0.055875 0.638585 -0.767520
vn -0.062480 0.637422 -0.767977
vn -0.061697 0.644643 -0.761990
vn -0.060857 0.645970 -0.760933
vn -0.142660 0.858668 -0.492279
vn -0.223726 0.843896 -0.487633
vn -0.056656 0.860546 -0.506212
vn -0.296563 0.838638 -0.456877
vn -0.224942 0.855919 -0.465621
vn -0.080967 0.847151 -0.525147
vn -0.170878 0.978258 -0.117529
vn -0.396527 0.912408 -0.101379
vn -0.224654 0.916869 -0.329973
vn -0.226059 0.749524 -0.622182
vn -0.263885 0.825454 -0.498989
vn -0.293992 0.835044 -0.465048
vn -0.260278 0.826135 -0.499757
vn -0.249181 0.838143 -0.485206
vn -0.262869 0.826783 -0.497324
vn -0.265039 0.825162 -0.498861
vn -0.265721 0.825218 -0.498405
vn -0.263269 0.826858 -0.496987
vn -0.247401 0.841373 -0.480505
vn -0.257169 0.829060 -0.496511
vn -0.254171 0.830364 -0.495876
vn -0.246223 0.841511 -0.480867
vn -0.360227 0.849905 -0.384575
vn -0.294812 0.785861 -0.543607
vn -0.539790 0.840601 -0.044907
vn -0.434858 0.852384 -0.290415
vn -0.275457 0.832493 -0.480706
vn -0.244644 0.843744 -0.477750
vn -0.244548 0.843866 -0.477585
vn -0.244489 0.843917 -0.477524
vn -0.774521 0.593747 0.218130
vn -0.711124 0.597422 0.370661
vn -0.646681 0.733234 0.210171
vn -0.737354 0.589600 0.329668
vn -0.779410 0.577955 0.241841
vn -0.601967 0.763698 0.233241
vn -0.806542 0.557805 0.195817
vn -0.816384 0.548811 0.179789
vn -0.819339 0.546043 0.174701
vn -0.686694 0.722709 -0.078378
vn -0.708037 0.697780 0.108570
vn -0.823590 0.541521 0.168685
vn -0.754419 0.597271 0.272248
vn -0.619940 0.754337 0.215985
vn -0.757190 0.597195 0.264616
vn -0.756086 0.593345 0.276181
vn -0.589491 0.772819 0.235056
vn -0.798044 0.575094 0.179981
vn -0.755639 0.596048 0.271543
vn -0.754652 0.592407 0.282053
vn -0.549206 0.798936 0.245100
vn -0.754923 0.599333 0.266253
vn -0.755580 0.598378 0.266539
vn -0.547488 0.807989 0.217740
vn -0.560386 0.507214 -0.654753
vn -0.553316 0.832731 -0.020025
vn -0.510962 0.804587 0.302586
vn -0.589673 0.794589 0.144618
vn -0.573323 0.807270 0.140055
vn -0.569780 0.810356 0.136649
vn -0.575131 0.815908 -0.059314
vn -0.590725 0.806615 0.020411
vn -0.570504 0.821287 0.003699
vn -0.589972 0.807419 -0.002734
vn -0.591672 0.805891 -0.021557
vn -0.566596 0.823629 -0.024574
vn -0.461480 0.880648 -0.107217
vn -0.549774 0.834270 -0.041730
vn -0.551288 0.828119 -0.101494
vn -0.610862 0.777400 -0.149992
vn -0.589480 0.795983 0.137566
vn -0.560168 0.827552 0.037005
vn -0.578367 0.811327 0.085090
vn -0.534147 0.844052 0.047577
vn -0.553025 0.831211 0.057023
vn -0.593225 0.804853 -0.017193
vn -0.597841 0.793096 0.116556
vn -0.544572 0.838198 0.029402
vn -0.513281 0.858104 0.014183
vn -0.549633 0.834605 0.036587
vn -0.532436 0.846102 0.024973
vn -0.508560 0.861009 0.005441
vn -0.594920 0.803174 -0.031352
vn -0.643025 0.754390 -0.131963
vn -0.540142 0.840711 -0.038111
vn -0.552150 0.833327 -0.026380
vn -0.541299 0.840703 -0.014605
vn -0.522370 0.852549 -0.017039
vn -0.506541 0.862045 -0.017160
vn -0.502128 0.864569 -0.019715
vn -0.569571 0.595115 0.566945
vn -0.487937 0.583057 0.649586
vn -0.406590 0.572409 0.712062
vn -0.490857 0.582732 0.647675
vn -0.495076 0.581664 0.645420
vn -0.487375 0.600304 0.634114
vn -0.486167 0.610399 0.625344
vn -0.483823 0.609739 0.627801
vn -0.500871 0.579991 0.642447
vn -0.501155 0.579657 0.642527
vn -0.555722 0.520242 0.648476
vn -0.612155 0.480337 0.628126
vn -0.645735 0.570445 0.507562
vn -0.480287 0.466446 0.742800
vn -0.441498 0.581552 0.683284
vn -0.455756 0.523380 0.719973
vn -0.546935 0.579675 0.604020
vn -0.553285 0.521346 0.649672
vn -0.775175 0.575364 0.260881
vn -0.592135 0.544480 0.594069
vn -0.696285 0.683863 0.217986
vn -0.822757 0.561347 0.089220
vn -0.499730 0.580767 0.642635
vn -0.500314 0.580235 0.642661
vn -0.477221 0.611393 0.631235
vn -0.475720 0.608913 0.634757
vn -0.408804 0.651353 0.639233
vn -0.415917 0.708219 0.570472
vn -0.796540 0.584626 0.154070
vn -0.842199 0.537611 0.040932
f 5/5/1 1/1/2 4/4/3
f 4/4/3 1/1/2 3/3/4
f 1/1/2 2/2/5 3/3/4
f 6/6/6 7/7/7 5/5/1
f 5/5/1 7/7/7 1/1/2
f 9/9/8 7/7/7 8/8/9
f 8/8/9 7/7/7 6/6/6
f 11/11/10 12/12/11 10/10/12
f 10/10/12 12/12/11 13/13/13
f 9/9/8 8/8/9 12/12/11
f 12/12/11 8/8/9 13/13/13
f 11/11/10 10/10/12 16/16/14
f 10/10/12 14/14/15 16/16/14
f 14/14/15 15/15/16 16/16/14
f 17/17/17 18/18/18 15/15/16
f 15/15/16 18/18/18 16/16/14
f 22/22/19 19/19/20 21/21/21
f 19/19/20 20/20/22 21/21/21
f 19/19/20 18/18/18 20/20/22
f 20/20/22 18/18/18 17/17/17
f 25/25/23 19/19/20 24/24/24
f 22/22/19 23/23/25 19/19/20
f 23/23/25 24/24/24 19/19/20
f 24/24/24 26/26/26 25/25/23
f 25/25/23 26/26/26 27/27/27
f 27/27/27 28/28/28 29/29/29
f 26/26/26 28/28/28 27/27/27
f 32/32/30 27/27/27 31/31/31
f 31/31/31 27/27/27 30/30/32
f 29/29/29 30/30/32 27/27/27
f 34/34/33 35/35/34 33/33/35
f 33/33/35 35/35/34 36/36/36
f 39/39/37 32/32/30 33/33/35
f 33/33/35 32/32/30 38/38/38
f 38/38/38 32/32/30 37/37/39
f 32/32/30 31/31/31 37/37/39
f 36/36/36 39/39/37 33/33/35
f 40/40/40 39/39/37 41/41/41
f 41/41/41 39/39/37 36/36/36
f 40/40/40 42/42/42 43/43/43
f 45/45/44 46/46/45 44/44/46
f 44/44/46 46/46/45 47/47/47
f 43/43/43 48/48/48 40/40/40
f 40/40/40 48/48/48 44/44/46
f 39/39/37 40/40/40 47/47/47
f 47/47/47 40/40/40 44/44/46
f 49/49/49 50/50/50 45/45/44
f 45/45/44 50/50/50 46/46/45
f 41/41/41 51/51/51 40/40/40
f 51/51/51 52/52/52 40/40/40
f 52/52/52 42/42/42 40/40/40
f 45/45/44 53/53/53 49/49/49
f 55/55/54 56/56/55 54/54/56
f 56/56/55 49/49/49 54/54/56
f 53/53/53 54/54/56 49/49/49
f 44/44/46 53/53/53 45/45/44
f 57/57/57 58/58/58 61/61/59
f 60/60/60 61/61/59 59/59/61
f 58/58/58 59/59/61 61/61/59
f 64/64/62 65/65/63 63/63/64
f 63/63/64 65/65/63 62/62/65
f 62/62/65 65/65/63 57/57/57
f 58/58/58 57/57/57 65/65/63
f 63/63/64 67/67/66 64/64/62
f 64/64/62 67/67/66 66/66/67
f 67/67/66 68/68/68 66/66/67
f 66/66/67 68/68/68 71/71/69
f 68/68/68 69/69/70 71/71/69
f 69/69/70 70/70/71 71/71/69
f 74/72/72 165/73/73 166/74/74
f 164/75/75 165/73/73 74/72/72
f 82/77/76 75/78/77 84/76/78
f 84/76/78 75/78/77 81/79/79
f 77/81/80 82/77/76 79/80/81
f 79/80/81 82/77/76 84/76/78
f 167/82/82 74/72/72 166/74/74
f 74/72/72 167/82/82 168/83/83
f 101/84/84 95/85/85 75/78/77
f 75/78/77 95/85/85 81/79/79
f 95/85/85 101/84/84 96/86/86
f 96/86/86 101/84/84 103/87/87
f 74/88/72 157/89/88 158/90/89
f 156/91/90 157/89/88 74/88/72
f 115/93/91 114/94/92 108/92/93
f 108/92/93 114/94/92 109/95/94
f 119/97/95 115/93/91 111/96/96
f 111/96/96 115/93/91 108/92/93
f 159/98/97 74/88/72 158/90/89
f 74/88/72 159/98/97 160/99/98
f 130/100/99 125/101/100 114/94/92
f 114/94/92 125/101/100 109/95/94
f 125/101/100 130/100/99 126/102/101
f 126/102/101 130/100/99 132/103/102
f 74/88/72 160/99/98 161/104/103
f 126/102/101 132/103/102 124/106/104
f 124/106/104 132/103/102 128/105/105
f 74/72/72 163/107/106 164/75/75
f 77/81/80 79/80/81 87/109/107
f 87/109/107 79/80/81 85/108/108
f 74/88/72 161/104/103 162/110/109
f 76/111/110 80/112/111 128/105/105
f 128/105/105 80/112/111 124/106/104
f 87/109/107 85/108/108 76/111/110
f 76/111/110 85/108/108 80/112/111
f 74/88/72 162/110/109 163/107/106
f 74/88/72 155/113/112 156/91/90
f 111/96/96 110/114/113 119/97/95
f 119/97/95 110/114/113 117/115/114
f 155/113/112 74/88/72 154/116/115
f 110/114/113 94/117/116 117/115/114
f 117/115/114 94/117/116 136/118/117
f 74/72/72 168/83/83 153/119/118
f 103/87/87 99/120/119 96/86/86
f 96/86/86 99/120/119 93/121/120
f 154/116/115 74/88/72 153/119/118
f 99/120/119 136/118/117 93/121/120
f 93/121/120 136/118/117 94/117/116
f 82/77/76 88/122/121 75/78/77
f 75/78/77 88/122/121 89/123/122
f 77/81/80 92/124/123 82/77/76
f 82/77/76 92/124/123 88/122/121
f 137/125/124 138/126/125 92/124/123
f 92/124/123 138/126/125 88/122/121
f 139/127/126 89/123/122 138/126/125
f 138/126/125 89/123/122 88/122/121
f 89/123/122 100/128/127 75/78/77
f 75/78/77 100/128/127 101/84/84
f 101/84/84 100/128/127 103/87/87
f 103/87/87 100/128/127 102/129/128
f 140/130/129 100/128/127 139/127/126
f 139/127/126 100/128/127 89/123/122
f 140/130/129 141/131/130 100/128/127
f 100/128/127 141/131/130 102/129/128
f 112/132/131 113/133/132 115/93/91
f 115/93/91 113/133/132 114/94/92
f 118/134/133 112/132/131 119/97/95
f 119/97/95 112/132/131 115/93/91
f 137/125/124 92/124/123 147/135/134
f 147/135/134 92/124/123 90/136/135
f 127/137/136 148/138/137 91/140/138
f 91/140/138 148/138/137 149/139/139
f 91/140/138 149/139/139 90/136/135
f 90/136/135 149/139/139 147/135/134
f 76/111/110 91/140/138 87/109/107
f 87/109/107 91/140/138 90/136/135
f 90/136/135 92/124/123 87/109/107
f 87/109/107 92/124/123 77/81/80
f 128/105/105 127/137/136 76/111/110
f 76/111/110 127/137/136 91/140/138
f 141/131/130 150/141/140 102/129/128
f 102/129/128 150/141/140 97/142/141
f 116/143/142 118/134/133 117/115/114
f 117/115/114 118/134/133 119/97/95
f 151/144/143 142/145/144 116/143/142
f 116/143/142 142/145/144 118/134/133
f 102/129/128 97/142/141 103/87/87
f 103/87/87 97/142/141 99/120/119
f 98/146/145 97/142/141 152/147/146
f 152/147/146 97/142/141 150/141/140
f 117/115/114 136/118/117 116/143/142
f 116/143/142 136/118/117 98/146/145
f 152/147/146 151/144/143 98/146/145
f 98/146/145 151/144/143 116/143/142
f 97/142/141 98/146/145 99/120/119
f 99/120/119 98/146/145 136/118/117
f 135/148/147 72/149/148 148/138/137
f 149/139/139 148/138/137 72/149/148
f 72/149/148 86/150/149 149/139/139
f 147/135/134 149/139/139 86/150/149
f 78/151/150 137/125/124 86/150/149
f 137/125/124 147/135/134 86/150/149
f 83/152/151 138/126/125 78/151/150
f 138/126/125 137/125/124 78/151/150
f 83/152/151 73/153/152 138/126/125
f 139/127/126 138/126/125 73/153/152
f 104/154/153 140/130/129 73/153/152
f 140/130/129 139/127/126 73/153/152
f 105/155/154 141/131/130 104/154/153
f 141/131/130 140/130/129 104/154/153
f 106/156/155 150/141/140 105/155/154
f 150/141/140 141/131/130 105/155/154
f 106/156/155 107/157/156 150/141/140
f 152/147/146 150/141/140 107/157/156
f 107/157/156 120/158/157 152/147/146
f 151/144/143 152/147/146 120/158/157
f 121/159/158 142/145/144 120/158/157
f 142/145/144 151/144/143 120/158/157
f 143/160/159 112/132/131 142/145/144
f 142/145/144 112/132/131 118/134/133
f 144/161/160 113/133/132 143/160/159
f 143/160/159 113/133/132 112/132/131
f 113/133/132 129/162/161 114/94/92
f 114/94/92 129/162/161 130/100/99
f 130/100/99 129/162/161 132/103/102
f 132/103/102 129/162/161 131/163/162
f 113/133/132 144/161/160 129/162/161
f 129/162/161 144/161/160 145/164/163
f 145/164/163 146/165/164 129/162/161
f 129/162/161 146/165/164 131/163/162
f 132/103/102 131/163/162 128/105/105
f 128/105/105 131/163/162 127/137/136
f 131/163/162 146/165/164 127/137/136
f 127/137/136 146/165/164 148/138/137
f 133/167/165 134/166/166 145/164/163
f 134/166/166 146/165/164 145/164/163
f 134/166/166 135/148/147 146/165/164
f 135/148/147 148/138/137 146/165/164
f 121/159/158 122/168/167 142/145/144
f 122/168/167 143/160/159 142/145/144
f 123/169/168 144/161/160 122/168/167
f 144/161/160 143/160/159 122/168/167
f 133/167/165 145/164/163 123/169/168
f 144/161/160 123/169/168 145/164/163
f 154/116/115 153/119/118 94/117/116
f 94/117/116 153/119/118 93/121/120
f 155/113/112 154/116/115 110/114/113
f 110/114/113 154/116/115 94/117/116
f 155/113/112 110/114/113 156/91/90
f 156/91/90 110/114/113 111/96/96
f 108/92/93 157/89/88 111/96/96
f 111/96/96 157/89/88 156/91/90
f 157/89/88 108/92/93 158/90/89
f 158/90/89 108/92/93 109/95/94
f 125/101/100 159/98/97 109/95/94
f 109/95/94 159/98/97 158/90/89
f 160/99/98 159/98/97 126/102/101
f 126/102/101 159/98/97 125/101/100
f 160/99/98 126/102/101 161/104/103
f 161/104/103 126/102/101 124/106/104
f 161/104/103 124/106/104 162/110/109
f 162/110/109 124/106/104 80/112/111
f 162/110/109 80/112/111 163/107/106
f 163/107/106 80/112/111 85/108/108
f 163/107/106 85/108/108 164/75/75
f 164/75/75 85/108/108 79/80/81
f 84/76/78 165/73/73 79/80/81
f 79/80/81 165/73/73 164/75/75
f 165/73/73 84/76/78 166/74/74
f 166/74/74 84/76/78 81/79/79
f 167/82/82 166/74/74 95/85/85
f 95/85/85 166/74/74 81/79/79
f 168/83/83 167/82/82 96/86/86
f 96/86/86 167/82/82 95/85/85
f 153/119/118 168/83/83 93/121/120
f 93/121/120 168/83/83 96/86/86
f 170/171/169 171/172/170 169/170/171
f 171/172/170 172/173/172 169/170/171
f 169/170/171 172/173/172 173/174/173
f 176/177/174 177/178/175 175/176/176
f 175/176/176 177/178/175 174/175/177
f 174/175/177 177/178/175 169/170/171
f 170/171/169 169/170/171 177/178/175
f 175/176/176 179/180/178 176/177/174
f 176/177/174 179/180/178 178/179/179
f 179/180/178 180/181/180 178/179/179
f 180/181/180 181/182/181 178/179/179
f 181/182/181 182/183/182 178/179/179
f 178/179/179 182/183/182 183/184/183
f 184/185/184 185/186/185 188/189/186
f 187/188/187 188/189/186 186/187/188
f 185/186/185 186/187/188 188/189/186
f 191/192/189 192/193/190 190/191/191
f 190/191/191 192/193/190 189/190/192
f 189/190/192 192/193/190 184/185/184
f 185/186/185 184/185/184 192/193/190
f 190/191/191 194/195/193 191/192/189
f 191/192/189 194/195/193 193/194/194
f 194/195/193 195/196/195 193/194/194
f 195/196/195 196/197/196 193/194/194
f 196/197/196 197/198/197 193/194/194
f 193/194/194 197/198/197 198/199/198
f 203/204/199 199/200/200 202/203/201
f 202/203/201 199/200/200 201/202/202
f 199/200/200 200/201/203 201/202/202
f 206/207/204 207/208/205 205/206/206
f 205/206/206 207/208/205 204/205/207
f 204/205/207 207/208/205 199/200/200
f 200/201/203 199/200/200 207/208/205
f 205/206/206 209/210/208 206/207/204
f 206/207/204 209/210/208 208/209/209
f 209/210/208 210/211/210 208/209/209
f 208/209/209 210/211/210 213/214/211
f 210/211/210 211/212/212 213/214/211
f 211/212/212 212/213/213 213/214/211
f 214/215/214 215/216/215 218/219/216
f 217/218/217 218/219/216 216/217/218
f 215/216/215 216/217/218 218/219/216
f 214/215/214 219/220/219 215/216/215
f 215/216/215 219/220/219 220/221/220
f 220/221/220 219/220/219 221/222/221
f 221/222/221 219/220/219 222/223/222
f 223/224/223 224/225/224 226/227/225
f 226/227/225 224/225/224 225/226/226
f 224/225/224 221/222/221 225/226/226
f 225/226/226 221/222/221 222/223/222
f 226/227/225 227/228/227 223/224/223
f 223/224/223 227/228/227 229/230/228
f 227/228/227 228/229/229 229/230/228
f 227/228/227 230/231/230 228/229/229
f 228/229/229 230/231/230 231/232/231
f 233/234/232 234/235/233 232/233/234
f 232/233/234 234/235/233 235/236/235
f 232/233/234 235/236/235 230/231/230
f 230/231/230 235/236/235 231/232/231
f 237/238/236 238/239/237 232/233/234
f 233/234/232 232/233/234 236/237/238
f 236/237/238 232/233/234 238/239/237
f 237/238/236 239/240/239 238/239/237
f 238/239/237 239/240/239 240/241/240
f 239/240/239 241/242/241 242/243/242
f 240/241/240 239/240/239 242/243/242
f 239/240/239 243/244/243 241/242/241
f 241/242/241 243/244/243 245/246/244
f 243/244/243 244/245/245 245/246/244
f 247/248/246 248/249/247 246/247/248
f 246/247/248 248/249/247 249/250/249
f 243/244/243 250/251/250 244/245/245
f 246/247/248 251/252/251 250/251/250
f 251/252/251 252/253/252 250/251/250
f 250/251/250 252/253/252 244/245/245
f 247/248/246 246/247/248 250/251/250
f 254/255/253 247/248/246 253/254/254
f 253/254/254 247/248/246 250/251/250
f 253/254/254 255/256/255 256/257/256
f 259/260/257 260/261/258 258/259/259
f 257/258/260 258/259/259 260/261/258
f 257/258/260 261/262/261 253/254/254
f 253/254/254 261/262/261 255/256/255
f 257/258/260 253/254/254 258/259/259
f 258/259/259 253/254/254 250/251/250
f 260/261/258 259/260/257 262/263/262
f 262/263/262 259/260/257 263/264/263
f 254/255/253 253/254/254 264/265/264
f 256/257/256 265/266/265 253/254/254
f 264/265/264 253/254/254 265/266/265
f 260/261/258 262/263/262 269/270/266
f 268/269/267 269/270/266 267/268/268
f 267/268/268 269/270/266 266/267/269
f 262/263/262 266/267/269 269/270/266
f 257/258/260 260/261/258 269/270/266
f 271/272/270 272/273/271 270/271/272
f 272/273/271 273/274/273 270/271/272
f 270/271/272 273/274/273 274/275/274
f 270/271/272 275/276/275 271/272/270
f 271/272/270 275/276/275 276/277/276
f 276/277/276 275/276/275 277/278/277
f 277/278/277 275/276/275 278/279/278
f 279/280/279 280/281/280 282/283/281
f 282/283/281 280/281/280 281/282/282
f 280/281/280 277/278/277 281/282/282
f 281/282/282 277/278/277 278/279/278
f 282/283/281 283/284/283 279/280/279
f 279/280/279 283/284/283 285/286/284
f 283/284/283 284/285/285 285/286/284
f 283/284/283 286/287/286 284/285/285
f 284/285/285 286/287/286 287/288/287
f 289/290/288 290/291/289 288/289/290
f 288/289/290 290/291/289 291/292/291
f 288/289/290 291/292/291 286/287/286
f 286/287/286 291/292/291 287/288/287
f 288/289/290 293/294/292 289/290/288
f 289/290/288 293/294/292 292/293/293
f 292/293/293 293/294/292 294/295/294
f 293/294/292 295/296/295 294/295/294
f 294/295/294 295/296/295 296/297/296
f 295/296/295 297/298/297 298/299/298
f 296/297/296 295/296/295 298/299/298
f 295/296/295 299/300/299 297/298/297
f 297/298/297 299/300/299 301/302/300
f 299/300/299 300/301/301 301/302/300
f 303/304/302 304/305/303 302/303/304
f 302/303/304 304/305/303 305/306/305
f 306/307/306 302/303/304 299/300/299
f 302/303/304 307/308/307 299/300/299
f 307/308/307 308/309/308 299/300/299
f 299/300/299 308/309/308 300/301/301
f 303/304/302 302/303/304 306/307/306
f 310/311/309 303/304/302 309/310/310
f 309/310/310 303/304/302 306/307/306
f 309/310/310 311/312/311 312/313/312
f 314/315/313 315/316/314 313/314/315
f 313/314/315 315/316/314 316/317/316
f 313/314/315 317/318/317 309/310/310
f 309/310/310 317/318/317 311/312/311
f 313/314/315 309/310/310 314/315/313
f 314/315/313 309/310/310 306/307/306
f 318/319/318 316/317/316 319/320/319
f 319/320/319 316/317/316 315/316/314
f 310/311/309 309/310/310 320/321/320
f 312/313/312 321/322/321 309/310/310
f 320/321/320 309/310/310 321/322/321
f 316/317/316 318/319/318 325/326/322
f 318/319/318 322/323/323 325/326/322
f 323/324/324 324/325/325 322/323/323
f 322/323/323 324/325/325 325/326/322
f 313/314/315 316/317/316 325/326/322
f 327/328/326 328/329/327 326/327/328
f 328/329/327 329/330/329 326/327/328
f 326/327/328 329/330/329 330/331/330
f 326/327/328 331/332/331 327/328/326
f 327/328/326 331/332/331 332/333/332
f 332/333/332 331/332/331 333/334/333
f 333/334/333 331/332/331 334/335/334
f 335/336/335 336/337/336 338/339/337
f 338/339/337 336/337/336 337/338/338
f 336/337/336 333/334/333 337/338/338
f 337/338/338 333/334/333 334/335/334
f 338/339/337 339/340/339 335/336/335
f 335/336/335 339/340/339 341/342/340
f 339/340/339 340/341/341 341/342/340
f 339/340/339 342/343/342 340/341/341
f 340/341/341 342/343/342 343/344/343
f 345/346/344 346/347/345 344/345/346
f 344/345/346 346/347/345 347/348/347
f 344/345/346 347/348/347 342/343/342
f 342/343/342 347/348/347 343/344/343
f 344/345/346 349/350/348 345/346/344
f 345/346/344 349/350/348 348/349/349
f 348/349/349 349/350/348 350/351/350
f 349/350/348 351/352/351 350/351/350
f 350/351/350 351/352/351 352/353/352
f 351/352/351 353/354/353 354/355/354
f 352/353/352 351/352/351 354/355/354
f 351/352/351 355/356/355 353/354/353
f 353/354/353 355/356/355 357/358/356
f 355/356/355 356/357/357 357/358/356
f 359/360/358 360/361/359 358/359/360
f 358/359/360 360/361/359 361/362/361
f 362/363/362 358/359/360 355/356/355
f 358/359/360 363/364/363 355/356/355
f 363/364/363 364/365/364 355/356/355
f 355/356/355 364/365/364 356/357/357
f 359/360/358 358/359/360 362/363/362
f 366/367/365 359/360/358 365/366/366
f 365/366/366 359/360/358 362/363/362
f 365/366/366 367/368/367 368/369/368
f 372/373/369 369/370/370 371/372/371
f 369/370/370 370/371/372 371/372/371
f 369/370/370 373/374/373 365/366/366
f 365/366/366 373/374/373 367/368/367
f 369/370/370 365/366/366 370/371/372
f 370/371/372 365/366/366 362/363/362
f 374/375/374 372/373/369 375/376/375
f 375/376/375 372/373/369 371/372/371
f 366/367/365 365/366/366 376/377/376
f 376/377/376 365/366/366 377/378/377
f 365/366/366 368/369/368 377/378/377
f 372/373/369 374/375/374 381/382/378
f 374/375/374 378/379/379 381/382/378
f 381/382/378 378/379/379 380/381/380
f 378/379/379 379/380/381 380/381/380
f 369/370/370 372/373/369 381/382/378
f 386/387/382 382/383/383 385/386/384
f 385/386/384 382/383/383 384/385/385
f 382/383/383 383/384/386 384/385/385
f 387/388/387 388/389/388 386/387/382
f 386/387/382 388/389/388 382/383/383
f 389/390/389 390/391/390 387/388/387
f 387/388/387 390/391/390 388/389/388
f 392/393/391 393/394/392 391/392/393
f 391/392/393 393/394/392 394/395/394
f 390/391/390 389/390/389 393/394/392
f 393/394/392 389/390/389 394/395/394
f 392/393/391 391/392/393 397/398/395
f 391/392/393 395/396/396 397/398/395
f 395/396/396 396/397/397 397/398/395
f 398/399/398 399/400/399 396/397/397
f 396/397/397 399/400/399 397/398/395
f 403/404/400 400/401/401 402/403/402
f 400/401/401 401/402/403 402/403/402
f 400/401/401 399/400/399 401/402/403
f 401/402/403 399/400/399 398/399/398
f 406/407/404 400/401/401 405/406/405
f 403/404/400 404/405/406 400/401/401
f 404/405/406 405/406/405 400/401/401
f 407/408/407 408/409/408 405/406/405
f 405/406/405 408/409/408 406/407/404
f 408/409/408 409/410/409 410/411/410
f 407/408/407 409/410/409 408/409/408
f 408/409/408 410/411/410 413/414/411
f 410/411/410 411/412/412 413/414/411
f 411/412/412 412/413/413 413/414/411
f 415/416/414 416/417/415 414/415/416
f 414/415/416 416/417/415 417/418/417
f 420/421/418 413/414/411 414/415/416
f 414/415/416 413/414/411 419/420/419
f 419/420/419 413/414/411 418/419/420
f 413/414/411 412/413/413 418/419/420
f 417/418/417 420/421/418 414/415/416
f 417/418/417 422/423/421 420/421/418
f 421/422/422 420/421/418 422/423/421
f 421/422/422 423/424/423 424/425/424
f 426/427/425 427/428/426 425/426/427
f 425/426/427 427/428/426 428/429/428
f 425/426/427 421/422/422 429/430/429
f 421/422/422 424/425/424 429/430/429
f 420/421/418 421/422/422 428/429/428
f 428/429/428 421/422/422 425/426/427
f 430/431/430 431/432/431 426/427/425
f 426/427/425 431/432/431 427/428/426
f 422/423/421 432/433/432 421/422/422
f 432/433/432 433/434/433 421/422/422
f 433/434/433 423/424/423 421/422/422
f 434/435/434 435/436/435 426/427/425
f 426/427/425 435/436/435 430/431/430
f 430/431/430 435/436/435 437/438/436
f 435/436/435 436/437/437 437/438/436
f 425/426/427 434/435/434 426/427/425
f 439/440/438 440/441/439 438/439/440
f 440/441/439 441/442/441 438/439/440
f 438/439/440 441/442/441 442/443/442
f 438/439/440 443/444/443 439/440/438
f 439/440/438 443/444/443 444/445/444
f 444/445/444 443/444/443 445/446/445
f 445/446/445 443/444/443 446/447/446
f 447/448/447 448/449/448 450/451/449
f 450/451/449 448/449/448 449/450/450
f 448/449/448 445/446/445 449/450/450
f 449/450/450 445/446/445 446/447/446
f 450/451/449 451/452/451 447/448/447
f 447/448/447 451/452/451 453/454/452
f 451/452/451 452/453/453 453/454/452
f 451/452/451 454/455/454 452/453/453
f 452/453/453 454/455/454 455/456/455
f 457/458/456 458/459/457 456/457/458
f 456/457/458 458/459/457 459/460/459
f 456/457/458 459/460/459 454/455/454
f 454/455/454 459/460/459 455/456/455
f 461/462/460 462/463/461 456/457/458
f 457/458/456 456/457/458 460/461/462
f 460/461/462 456/457/458 462/463/461
f 462/463/461 461/462/460 464/465/463
f 464/465/463 461/462/460 463/464/464
f 463/464/464 465/466/465 466/467/466
f 464/465/463 463/464/464 466/467/466
f 463/464/464 467/468/467 465/466/465
f 465/466/465 467/468/467 469/470/468
f 467/468/467 468/469/469 469/470/468
f 471/472/470 472/473/471 470/471/472
f 470/471/472 472/473/471 473/474/473
f 474/475/474 470/471/472 467/468/467
f 470/471/472 475/476/475 467/468/467
f 475/476/475 476/477/476 467/468/467
f 467/468/467 476/477/476 468/469/469
f 471/472/470 470/471/472 474/475/474
f 478/479/477 471/472/470 477/478/478
f 477/478/478 471/472/470 474/475/474
f 477/478/478 479/480/479 480/481/480
f 482/483/481 483/484/482 481/482/483
f 481/482/483 483/484/482 484/485/484
f 481/482/483 485/486/485 477/478/478
f 477/478/478 485/486/485 479/480/479
f 481/482/483 477/478/478 482/483/481
f 482/483/481 477/478/478 474/475/474
f 486/487/486 484/485/484 487/488/487
f 487/488/487 484/485/484 483/484/482
f 478/479/477 477/478/478 488/489/488
f 480/481/480 489/490/489 477/478/478
f 488/489/488 477/478/478 489/490/489
f 484/485/484 486/487/486 493/494/490
f 486/487/486 490/491/491 493/494/490
f 491/492/492 492/493/493 490/491/491
f 490/491/491 492/493/493 493/494/490
f 481/482/483 484/485/484 493/494/490
f 495/496/494 496/497/495 494/495/496
f 496/497/495 497/498/497 494/495/496
f 494/495/496 497/498/497 498/499/498
f 494/495/496 499/500/499 495/496/494
f 495/496/494 499/500/499 500/501/500
f 500/501/500 499/500/499 501/502/501
f 501/502/501 499/500/499 502/503/502
f 503/504/503 504/505/504 506/507/505
f 506/507/505 504/505/504 505/506/506
f 504/505/504 501/502/501 505/506/506
f 505/506/506 501/502/501 502/503/502
f 506/507/505 507/508/507 503/504/503
f 508/509/508 509/510/509 507/508/507
f 503/504/503 507/508/507 509/510/509
f 507/508/507 510/511/510 508/509/508
f 508/509/508 510/511/510 511/512/511
f 513/514/512 514/515/513 512/513/514
f 512/513/514 514/515/513 515/516/515
f 515/516/515 511/512/511 512/513/514
f 512/513/514 511/512/511 510/511/510
f 512/513/514 517/518/516 513/514/512
f 513/514/512 517/518/516 516/517/517
f 516/517/517 517/518/516 518/519/518
f 517/518/516 519/520/519 518/519/518
f 518/519/518 519/520/519 520/521/520
f 519/520/519 521/522/521 522/523/522
f 520/521/520 519/520/519 522/523/522
f 519/520/519 523/524/523 521/522/521
f 521/522/521 523/524/523 525/526/524
f 523/524/523 524/525/525 525/526/524
f 527/528/526 528/529/527 526/527/528
f 526/527/528 528/529/527 529/530/529
f 523/524/523 530/531/530 524/525/525
f 526/527/528 531/532/531 530/531/530
f 531/532/531 532/533/532 530/531/530
f 530/531/530 532/533/532 524/525/525
f 527/528/526 526/527/528 530/531/530
f 534/535/533 527/528/526 533/534/534
f 533/534/534 527/528/526 530/531/530
f 533/534/534 535/536/535 536/537/536
f 538/539/537 539/540/538 537/538/539
f 537/538/539 539/540/538 540/541/540
f 537/538/539 541/542/541 533/534/534
f 533/534/534 541/542/541 535/536/535
f 537/538/539 533/534/534 538/539/537
f 538/539/537 533/534/534 530/531/530
f 542/543/542 540/541/540 543/544/543
f 543/544/543 540/541/540 539/540/538
f 536/537/536 545/546/544 533/534/534
f 534/535/533 533/534/534 544/545/545
f 544/545/545 533/534/534 545/546/544
f 542/543/542 546/547/546 540/541/540
f 540/541/540 546/547/546 549/550/547
f 548/549/548 549/550/547 547/548/549
f 546/547/546 547/548/549 549/550/547
f 537/538/539 540/541/540 549/550/547
f 563/564/550 566/567/551 564/565/552
f 564/565/552 566/567/551 567/568/553
f 583/584/554 584/585/555 582/583/556
f 582/583/556 584/585/555 585/586/557
f 582/583/556 587/588/558 586/587/559
f 587/588/558 588/589/560 586/587/559
f 588/589/560 580/581/561 586/587/559
f 579/580/562 586/587/559 580/581/561
f 583/584/554 582/583/556 586/587/559
f 590/591/563 583/584/554 589/590/564
f 589/590/564 583/584/554 586/587/559
f 589/590/564 591/592/565 592/593/566
f 594/595/567 595/596/568 593/594/569
f 593/594/569 595/596/568 596/597/570
f 593/594/569 597/598/571 589/590/564
f 589/590/564 597/598/571 591/592/565
f 593/594/569 589/590/564 594/595/567
f 594/595/567 589/590/564 586/587/559
f 598/599/572 596/597/570 599/600/573
f 599/600/573 596/597/570 595/596/568
f 590/591/563 589/590/564 600/601/574
f 592/593/566 601/602/575 589/590/564
f 600/601/574 589/590/564 601/602/575
f 596/597/570 598/599/572 605/606/576
f 598/599/572 602/603/577 605/606/576
f 602/603/577 603/604/578 605/606/576
f 603/604/578 604/605/579 605/606/576
f 593/594/569 596/597/570 605/606/576
f 610/611/580 606/607/581 609/610/582
f 609/610/582 606/607/581 608/609/583
f 606/607/581 607/608/584 608/609/583
f 613/614/585 614/615/586 612/613/587
f 612/613/587 614/615/586 611/612/588
f 611/612/588 614/615/586 606/607/581
f 607/608/584 606/607/581 614/615/586
f 612/613/587 616/617/589 613/614/585
f 613/614/585 616/617/589 615/616/590
f 616/617/589 617/618/591 615/616/590
f 615/616/590 617/618/591 620/621/592
f 617/618/591 618/619/593 620/621/592
f 618/619/593 619/620/594 620/621/592
f 622/623/595 623/624/596 621/622/597
f 623/624/596 624/625/598 621/622/597
f 621/622/597 624/625/598 625/626/599
f 628/629/600 629/630/601 627/628/602
f 627/628/602 629/630/601 626/627/603
f 626/627/603 629/630/601 621/622/597
f 622/623/595 621/622/597 629/630/601
f 627/628/602 631/632/604 628/629/600
f 628/629/600 631/632/604 630/631/605
f 631/632/604 632/633/606 630/631/605
f 632/633/606 633/634/607 630/631/605
f 633/634/607 634/635/608 630/631/605
f 630/631/605 634/635/608 635/636/609
f 636/637/610 637/638/611 640/641/612
f 638/639/613 639/640/614 637/638/611
f 637/638/611 639/640/614 640/641/612
f 637/638/611 636/637/610 642/643/615
f 642/643/615 636/637/610 641/642/616
f 642/643/615 641/642/616 643/644/617
f 643/644/617 641/642/616 644/645/618
f 645/646/619 646/647/620 648/649/621
f 648/649/621 646/647/620 647/648/622
f 646/647/620 643/644/617 647/648/622
f 647/648/622 643/644/617 644/645/618
f 648/649/621 649/650/623 645/646/619
f 645/646/619 649/650/623 651/652/624
f 649/650/623 650/651/625 651/652/624
f 649/650/623 652/653/626 650/651/625
f 650/651/625 652/653/626 653/654/627
f 655/656/628 656/657/629 654/655/630
f 654/655/630 656/657/629 657/658/631
f 654/655/630 657/658/631 652/653/626
f 652/653/626 657/658/631 653/654/627
f 654/655/630 659/660/632 655/656/628
f 655/656/628 659/660/632 658/659/633
f 658/659/633 659/660/632 660/661/634
f 659/660/632 661/662/635 660/661/634
f 660/661/634 661/662/635 662/663/636
f 661/662/635 663/664/637 664/665/638
f 662/663/636 661/662/635 664/665/638
f 661/662/635 665/666/639 663/664/637
f 663/664/637 665/666/639 667/668/640
f 665/666/639 666/667/641 667/668/640
f 669/670/642 670/671/643 668/669/644
f 668/669/644 670/671/643 671/672/645
f 668/669/644 673/674/646 672/673/647
f 673/674/646 674/675/648 672/673/647
f 674/675/648 666/667/641 672/673/647
f 665/666/639 672/673/647 666/667/641
f 669/670/642 668/669/644 672/673/647
f 676/677/649 669/670/642 675/676/650
f 675/676/650 669/670/642 672/673/647
f 675/676/650 677/678/651 678/679/652
f 679/680/653 680/681/654 682/683/655
f 682/683/655 680/681/654 681/682/656
f 679/680/653 683/684/657 675/676/650
f 675/676/650 683/684/657 677/678/651
f 679/680/653 675/676/650 680/681/654
f 680/681/654 675/676/650 672/673/647
f 684/685/658 682/683/655 685/686/659
f 685/686/659 682/683/655 681/682/656
f 678/679/652 687/688/660 675/676/650
f 676/677/649 675/676/650 686/687/661
f 686/687/661 675/676/650 687/688/660
f 682/683/655 684/685/658 691/692/662
f 684/685/658 688/689/663 691/692/662
f 688/689/663 689/690/664 691/692/662
f 689/690/664 690/691/665 691/692/662
f 679/680/653 682/683/655 691/692/662
f 557/558/666 556/557/667 558/559/668
f 558/559/668 556/557/667 555/556/669
f 692/693/670 693/694/671 550/551/672
f 553/554/673 554/555/674 693/694/671
f 554/555/674 550/551/672 693/694/671
f 555/556/669 692/693/670 550/551/672
f 692/693/670 555/556/669 551/552/675
f 551/552/675 555/556/669 556/557/667
f 552/553/676 692/693/670 551/552/675
f 693/694/671 692/693/670 552/553/676
f 694/695/677 695/696/678 698/699/679
f 697/698/680 698/699/679 696/697/681
f 695/696/678 696/697/681 698/699/679
f 701/702/682 702/703/683 700/701/684
f 700/701/684 702/703/683 699/700/685
f 699/700/685 702/703/683 694/695/677
f 695/696/678 694/695/677 702/703/683
f 700/701/684 704/705/686 701/702/682
f 701/702/682 704/705/686 703/704/687
f 704/705/686 705/706/688 703/704/687
f 708/709/689 703/704/687 707/708/690
f 707/708/690 703/704/687 706/707/691
f 703/704/687 705/706/688 706/707/691
f 569/570/692 570/571/693 568/569/694
f 568/569/694 570/571/693 571/572/695
f 566/567/551 568/569/694 567/568/553
f 567/568/553 568/569/694 571/572/695
f 709/710/696 569/570/692 573/574/697
f 573/574/697 569/570/692 568/569/694
f 573/574/697 575/576/698 574/575/699
f 574/575/699 575/576/698 576/577/700
f 575/576/698 577/578/701 578/579/702
f 576/577/700 575/576/698 578/579/702
f 575/576/698 579/580/562 577/578/701
f 577/578/701 579/580/562 581/582/703
f 579/580/562 580/581/561 581/582/703
f 572/573/704 573/574/697 574/575/699
f 709/710/696 573/574/697 572/573/704
f 561/562/705 710/711/706 560/561/707
f 562/563/708 563/564/550 559/560/709
f 564/565/552 565/566/710 563/564/550
f 559/560/709 563/564/550 565/566/710
f 560/561/707 557/558/666 561/562/705
f 561/562/705 557/558/666 558/559/668
f 561/562/705 562/563/708 710/711/706
f 710/711/706 562/563/708 559/560/709
f 755/757/711 717/718/712 756/756/713
f 717/718/712 716/717/714 756/756/713
f 716/717/714 715/716/715 756/756/713
f 756/756/713 715/716/715 714/715/716
f 714/715/716 713/714/717 756/756/713
f 756/756/713 713/714/717 757/758/718
f 713/714/717 729/730/719 757/758/718
f 757/758/718 729/730/719 730/731/720
f 730/731/720 731/732/721 757/758/718
f 758/759/722 757/758/718 731/732/721
f 759/760/723 760/761/724 720/721/725
f 720/721/725 760/761/724 721/722/726
f 760/761/724 722/723/727 721/722/726
f 759/760/723 720/721/725 755/757/711
f 720/721/725 719/720/728 755/757/711
f 717/718/712 755/757/711 718/719/729
f 755/757/711 719/720/728 718/719/729
f 723/724/730 761/762/731 724/725/732
f 724/725/732 761/762/731 725/726/733
f 761/762/731 762/763/734 725/726/733
f 761/762/731 723/724/730 760/761/724
f 760/761/724 723/724/730 722/723/727
f 757/758/718 758/759/722 728/729/735
f 728/729/735 758/759/722 711/712/736
f 756/756/713 757/758/718 728/729/735
f 755/757/711 756/756/713 726/727/737
f 726/727/737 756/756/713 728/729/735
f 755/757/711 726/727/737 759/760/723
f 759/760/723 726/727/737 727/728/738
f 759/760/723 727/728/738 760/761/724
f 760/761/724 727/728/738 732/733/739
f 761/762/731 760/761/724 732/733/739
f 761/762/731 732/733/739 762/763/734
f 762/763/734 732/733/739 712/713/740
f 734/735/741 735/736/742 763/765/743
f 735/736/742 736/737/744 763/765/743
f 736/737/744 737/738/745 763/765/743
f 764/764/746 763/765/743 737/738/745
f 766/766/747 765/767/748 742/743/749
f 765/767/748 741/742/750 742/743/749
f 745/746/751 767/768/752 744/745/753
f 767/768/752 768/769/754 744/745/753
f 768/769/754 748/749/755 744/745/753
f 763/765/743 767/768/752 734/735/741
f 734/735/741 767/768/752 749/750/756
f 749/750/756 767/768/752 750/751/757
f 767/768/752 745/746/751 750/751/757
f 752/753/758 769/770/759 751/752/760
f 751/752/760 769/770/759 754/755/761
f 769/770/759 770/771/762 754/755/761
f 768/769/754 769/770/759 748/749/755
f 769/770/759 752/753/758 748/749/755
f 737/738/745 739/740/763 764/764/746
f 764/764/746 739/740/763 765/767/748
f 741/742/750 765/767/748 740/741/764
f 765/767/748 739/740/763 740/741/764
f 766/766/747 743/744/765 765/767/748
f 765/767/748 743/744/765 738/739/766
f 764/764/746 765/767/748 738/739/766
f 764/764/746 738/739/766 763/765/743
f 763/765/743 738/739/766 733/734/767
f 763/765/743 733/734/767 767/768/752
f 767/768/752 733/734/767 746/747/768
f 767/768/752 746/747/768 768/769/754
f 768/769/754 746/747/768 747/748/769
f 769/770/759 768/769/754 747/748/769
f 769/770/759 747/748/769 770/771/762
f 770/771/762 747/748/769 753/754/770
f 773/774/771 774/775/772 772/773/773
f 774/775/772 775/776/774 772/773/773
f 775/776/774 776/777/775 772/773/773
f 771/772/776 772/773/773 776/777/775
f 779/780/777 780/781/778 778/779/779
f 777/778/780 778/779/779 780/781/778
f 785/786/781 781/782/782 784/785/783
f 781/782/782 782/783/784 784/785/783
f 782/783/784 783/784/785 784/785/783
f 773/774/771 772/773/773 787/788/786
f 772/773/773 781/782/782 787/788/786
f 787/788/786 781/782/782 786/787/787
f 781/782/782 785/786/781 786/787/787
f 792/793/788 788/789/789 791/792/790
f 791/792/790 788/789/789 790/791/791
f 788/789/789 789/790/792 790/791/791
f 782/783/784 788/789/789 783/784/785
f 788/789/789 792/793/788 783/784/785
f 776/777/775 793/794/793 771/772/776
f 793/794/793 794/795/794 771/772/776
f 778/779/779 771/772/776 779/780/777
f 771/772/776 794/795/794 779/780/777
f 777/778/780 795/796/795 778/779/779
f 778/779/779 795/796/795 796/797/796
f 771/772/776 778/779/779 796/797/796
f 771/772/776 796/797/796 772/773/773
f 772/773/773 796/797/796 797/798/797
f 772/773/773 797/798/797 781/782/782
f 781/782/782 797/798/797 798/799/798
f 781/782/782 798/799/798 782/783/784
f 782/783/784 798/799/798 799/800/799
f 788/789/789 782/783/784 799/800/799
f 788/789/789 799/800/799 789/790/792
f 789/790/792 799/800/799 800/801/800
f 803/804/801 804/805/802 802/803/803
f 804/805/802 805/806/804 802/803/803
f 805/806/804 806/807/805 802/803/803
f 801/802/806 802/803/803 806/807/805
f 806/807/805 808/809/807 801/802/806
f 808/809/807 809/810/808 801/802/806
f 809/810/808 810/811/809 801/802/806
f 807/808/810 801/802/806 810/811/809
f 811/812/811 807/808/810 812/813/812
f 807/808/810 810/811/809 812/813/812
f 817/818/813 813/814/814 816/817/815
f 813/814/814 814/815/816 816/817/815
f 814/815/816 815/816/817 816/817/815
f 802/803/803 813/814/814 803/804/801
f 803/804/801 813/814/814 819/820/818
f 819/820/818 813/814/814 818/819/819
f 813/814/814 817/818/813 818/819/819
f 824/825/820 820/821/821 823/824/822
f 823/824/822 820/821/821 822/823/823
f 820/821/821 821/822/824 822/823/823
f 814/815/816 820/821/821 815/816/817
f 815/816/817 820/821/821 824/825/820
f 811/812/811 825/826/825 807/808/810
f 807/808/810 825/826/825 826/827/826
f 801/802/806 807/808/810 826/827/826
f 802/803/803 801/802/806 827/828/827
f 827/828/827 801/802/806 826/827/826
f 802/803/803 827/828/827 813/814/814
f 813/814/814 827/828/827 828/829/828
f 813/814/814 828/829/828 814/815/816
f 814/815/816 828/829/828 829/830/829
f 820/821/821 814/815/816 829/830/829
f 820/821/821 829/830/829 821/822/824
f 821/822/824 829/830/829 830/831/830
f 833/834/831 834/835/832 832/833/833
f 834/835/832 835/836/834 832/833/833
f 835/836/834 836/837/835 832/833/833
f 831/832/836 832/833/833 836/837/835
f 837/838/837 838/839/838 840/841/839
f 838/839/838 839/840/840 840/841/839
f 845/846/841 841/842/842 844/845/843
f 841/842/842 842/843/844 844/845/843
f 842/843/844 843/844/845 844/845/843
f 832/833/833 841/842/842 833/834/831
f 833/834/831 841/842/842 847/848/846
f 847/848/846 841/842/842 846/847/847
f 841/842/842 845/846/841 846/847/847
f 852/853/848 848/849/849 851/852/850
f 851/852/850 848/849/849 850/851/851
f 848/849/849 849/850/852 850/851/851
f 842/843/844 848/849/849 843/844/845
f 848/849/849 852/853/848 843/844/845
f 836/837/835 853/854/853 831/832/836
f 831/832/836 853/854/853 838/839/838
f 839/840/840 838/839/838 854/855/854
f 838/839/838 853/854/853 854/855/854
f 837/838/837 855/856/855 838/839/838
f 838/839/838 855/856/855 856/857/856
f 831/832/836 838/839/838 856/857/856
f 831/832/836 856/857/856 832/833/833
f 832/833/833 856/857/856 857/858/857
f 832/833/833 857/858/857 841/842/842
f 841/842/842 857/858/857 858/859/858
f 841/842/842 858/859/858 842/843/844
f 842/843/844 858/859/858 859/860/859
f 848/849/849 842/843/844 859/860/859
f 848/849/849 859/860/859 849/850/852
f 849/850/852 859/860/859 860/861/860
f 863/864/861 864/865/862 862/863/863
f 864/865/862 865/866/864 862/863/863
f 865/866/864 866/867/865 862/863/863
f 861/862/866 862/863/863 866/867/865
f 867/868/867 868/869/868 870/871/869
f 868/869/868 869/870/870 870/871/869
f 875/876/871 871/872/872 874/875/873
f 871/872/872 872/873/874 874/875/873
f 872/873/874 873/874/875 874/875/873
f 862/863/863 871/872/872 863/864/861
f 863/864/861 871/872/872 877/878/876
f 877/878/876 871/872/872 876/877/877
f 871/872/872 875/876/871 876/877/877
f 882/883/878 878/879/879 881/882/880
f 881/882/880 878/879/879 880/881/881
f 878/879/879 879/880/882 880/881/881
f 872/873/874 878/879/879 873/874/875
f 878/879/879 882/883/878 873/874/875
f 866/867/865 883/884/883 861/862/866
f 861/862/866 883/884/883 868/869/868
f 869/870/870 868/869/868 884/885/884
f 868/869/868 883/884/883 884/885/884
f 867/868/867 885/886/885 868/869/868
f 868/869/868 885/886/885 886/887/886
f 861/862/866 868/869/868 886/887/886
f 861/862/866 886/887/886 862/863/863
f 862/863/863 886/887/886 887/888/887
f 862/863/863 887/888/887 871/872/872
f 871/872/872 887/888/887 888/889/888
f 871/872/872 888/889/888 872/873/874
f 872/873/874 888/889/888 889/890/889
f 878/879/879 872/873/874 889/890/889
f 878/879/879 889/890/889 879/880/882
f 879/880/882 889/890/889 890/891/890
f 893/894/891 894/895/892 892/893/893
f 894/895/892 895/896/894 892/893/893
f 895/896/894 896/897/895 892/893/893
f 891/892/896 892/893/893 896/897/895
f 896/897/895 898/899/897 891/892/896
f 898/899/897 899/900/898 891/892/896
f 899/900/898 900/901/899 891/892/896
f 897/898/900 891/892/896 900/901/899
f 900/901/899 902/903/901 897/898/900
f 901/902/902 897/898/900 902/903/901
f 907/908/903 903/904/904 906/907/905
f 906/907/905 903/904/904 905/906/906
f 903/904/904 904/905/907 905/906/906
f 893/894/891 892/893/893 909/910/908
f 909/910/908 892/893/893 908/909/909
f 892/893/893 903/904/904 908/909/909
f 903/904/904 907/908/903 908/909/909
f 914/915/910 910/911/911 913/914/912
f 913/914/912 910/911/911 912/913/913
f 910/911/911 911/912/914 912/913/913
f 904/905/907 910/911/911 905/906/906
f 910/911/911 914/915/910 905/906/906
f 897/898/900 901/902/902 916/917/915
f 916/917/915 901/902/902 915/916/916
f 891/892/896 897/898/900 916/917/915
f 892/893/893 891/892/896 917/918/917
f 917/918/917 891/892/896 916/917/915
f 892/893/893 917/918/917 903/904/904
f 903/904/904 917/918/917 918/919/918
f 903/904/904 918/919/918 904/905/907
f 904/905/907 918/919/918 919/920/919
f 910/911/911 904/905/907 919/920/919
f 910/911/911 919/920/919 911/912/914
f 911/912/914 919/920/919 920/921/920
f 923/924/921 924/925/922 922/923/923
f 924/925/922 925/926/924 922/923/923
f 925/926/924 926/927/925 922/923/923
f 921/922/926 922/923/923 926/927/925
f 927/928/927 928/929/928 930/931/929
f 928/929/928 929/930/930 930/931/929
f 935/936/931 931/932/932 934/935/933
f 931/932/932 932/933/934 934/935/933
f 932/933/934 933/934/935 934/935/933
f 922/923/923 931/932/932 923/924/921
f 923/924/921 931/932/932 937/938/936
f 937/938/936 931/932/932 936/937/937
f 931/932/932 935/936/931 936/937/937
f 942/943/938 938/939/939 941/942/940
f 939/940/941 940/941/942 938/939/939
f 938/939/939 940/941/942 941/942/940
f 932/933/934 938/939/939 933/934/935
f 938/939/939 942/943/938 933/934/935
f 926/927/925 943/944/943 921/922/926
f 921/922/926 943/944/943 928/929/928
f 929/930/930 928/929/928 944/945/944
f 928/929/928 943/944/943 944/945/944
f 927/928/927 945/946/945 928/929/928
f 928/929/928 945/946/945 946/947/946
f 921/922/926 928/929/928 946/947/946
f 921/922/926 946/947/946 922/923/923
f 922/923/923 946/947/946 947/948/947
f 922/923/923 947/948/947 931/932/932
f 931/932/932 947/948/947 948/949/948
f 931/932/932 948/949/948 932/933/934
f 932/933/934 948/949/948 949/950/949
f 938/939/939 932/933/934 949/950/949
f 938/939/939 949/950/949 939/940/941
f 939/940/941 949/950/949 950/951/950
f 951/952/951 952/953/952 956/957/953
f 953/954/954 954/955/955 952/953/952
f 954/955/955 955/956/956 952/953/952
f 952/953/952 955/956/956 956/957/953
f 957/958/957 958/959/958 960/961/959
f 958/959/958 959/960/960 960/961/959
f 965/966/961 961/962/962 964/965/963
f 961/962/962 962/963/964 964/965/963
f 962/963/964 963/964/965 964/965/963
f 952/953/952 961/962/962 953/954/954
f 953/954/954 961/962/962 967/968/966
f 967/968/966 961/962/962 966/967/967
f 961/962/962 965/966/961 966/967/967
f 972/973/968 968/969/969 971/972/970
f 971/972/970 968/969/969 970/971/971
f 968/969/969 969/970/972 970/971/971
f 962/963/964 968/969/969 963/964/965
f 968/969/969 972/973/968 963/964/965
f 956/957/953 973/974/973 951/952/951
f 973/974/973 974/975/974 951/952/951
f 974/975/974 959/960/960 951/952/951
f 958/959/958 951/952/951 959/960/960
f 957/958/957 975/976/975 958/959/958
f 958/959/958 975/976/975 976/977/976
f 951/952/951 958/959/958 976/977/976
f 951/952/951 976/977/976 952/953/952
f 952/953/952 976/977/976 977/978/977
f 952/953/952 977/978/977 961/962/962
f 961/962/962 977/978/977 978/979/978
f 961/962/962 978/979/978 962/963/964
f 962/963/964 978/979/978 979/980/979
f 968/969/969 962/963/964 979/980/979
f 968/969/969 979/980/979 969/970/972
f 969/970/972 979/980/979 980/981/980
f 983/984/981 984/985/982 982/983/983
f 984/985/982 985/986/984 982/983/983
f 985/986/984 986/987/985 982/983/983
f 981/982/986 982/983/983 986/987/985
f 986/987/985 988/989/987 981/982/986
f 988/989/987 989/990/988 981/982/986
f 989/990/988 990/991/989 981/982/986
f 987/988/990 981/982/986 990/991/989
f 991/992/991 987/988/990 992/993/992
f 987/988/990 990/991/989 992/993/992
f 997/998/993 993/994/994 996/997/995
f 996/997/995 993/994/994 995/996/996
f 993/994/994 994/995/997 995/996/996
f 982/983/983 993/994/994 983/984/981
f 983/984/981 993/994/994 999/1000/998
f 999/1000/998 993/994/994 998/999/999
f 993/994/994 997/998/993 998/999/999
f 1004/1005/1000 1000/1001/1001 1003/1004/1002
f 1003/1004/1002 1000/1001/1001 1002/1003/1003
f 1000/1001/1001 1001/1002/1004 1002/1003/1003
f 1000/1001/1001 1004/1005/1000 994/995/997
f 994/995/997 1004/1005/1000 995/996/996
f 991/992/991 1005/1006/1005 987/988/990
f 987/988/990 1005/1006/1005 1006/1007/1006
f 981/982/986 987/988/990 1006/1007/1006
f 982/983/983 981/982/986 1007/1008/1007
f 1007/1008/1007 981/982/986 1006/1007/1006
f 982/983/983 1007/1008/1007 993/994/994
f 993/994/994 1007/1008/1007 1008/1009/1008
f 993/994/994 1008/1009/1008 994/995/997
f 994/995/997 1008/1009/1008 1009/1010/1009
f 1000/1001/1001 994/995/997 1009/1010/1009
f 1000/1001/1001 1009/1010/1009 1001/1002/1004
f 1001/1002/1004 1009/1010/1009 1010/1011/1010
f 1013/1014/1011 1014/1015/1012 1012/1013/1013
f 1014/1015/1012 1015/1016/1014 1012/1013/1013
f 1015/1016/1014 1016/1017/1015 1012/1013/1013
f 1011/1012/1016 1012/1013/1013 1016/1017/1015
f 1017/1018/1017 1018/1019/1018 1020/1021/1019
f 1018/1019/1018 1019/1020/1020 1020/1021/1019
f 1025/1026/1021 1021/1022/1022 1024/1025/1023
f 1021/1022/1022 1022/1023/1024 1024/1025/1023
f 1022/1023/1024 1023/1024/1025 1024/1025/1023
f 1013/1014/1011 1012/1013/1013 1027/1028/1026
f 1012/1013/1013 1021/1022/1022 1027/1028/1026
f 1027/1028/1026 1021/1022/1022 1026/1027/1027
f 1021/1022/1022 1025/1026/1021 1026/1027/1027
f 1032/1033/1028 1028/1029/1029 1031/1032/1030
f 1031/1032/1030 1028/1029/1029 1030/1031/1031
f 1028/1029/1029 1029/1030/1032 1030/1031/1031
f 1022/1023/1024 1028/1029/1029 1023/1024/1025
f 1028/1029/1029 1032/1033/1028 1023/1024/1025
f 1016/1017/1015 1033/1034/1033 1011/1012/1016
f 1011/1012/1016 1033/1034/1033 1018/1019/1018
f 1019/1020/1020 1018/1019/1018 1034/1035/1034
f 1018/1019/1018 1033/1034/1033 1034/1035/1034
f 1017/1018/1017 1035/1036/1035 1018/1019/1018
f 1018/1019/1018 1035/1036/1035 1036/1037/1036
f 1011/1012/1016 1018/1019/1018 1036/1037/1036
f 1011/1012/1016 1036/1037/1036 1012/1013/1013
f 1012/1013/1013 1036/1037/1036 1037/1038/1037
f 1012/1013/1013 1037/1038/1037 1021/1022/1022
f 1021/1022/1022 1037/1038/1037 1038/1039/1038
f 1021/1022/1022 1038/1039/1038 1022/1023/1024
f 1022/1023/1024 1038/1039/1038 1039/1040/1039
f 1028/1029/1029 1022/1023/1024 1039/1040/1039
f 1028/1029/1029 1039/1040/1039 1029/1030/1032
f 1029/1030/1032 1039/1040/1039 1040/1041/1040
f 1043/1044/1041 1044/1045/1042 1042/1043/1043
f 1044/1045/1042 1045/1046/1044 1042/1043/1043
f 1045/1046/1044 1046/1047/1045 1042/1043/1043
f 1041/1042/1046 1042/1043/1043 1046/1047/1045
f 1047/1048/1047 1048/1049/1048 1050/1051/1049
f 1048/1049/1048 1049/1050/1050 1050/1051/1049
f 1053/1054/1051 1054/1055/1052 1052/1053/1053
f 1055/1056/1054 1051/1052/1055 1054/1055/1052
f 1051/1052/1055 1052/1053/1053 1054/1055/1052
f 1051/1052/1055 1055/1056/1054 1042/1043/1043
f 1055/1056/1054 1056/1057/1056 1042/1043/1043
f 1056/1057/1056 1057/1058/1057 1042/1043/1043
f 1042/1043/1043 1057/1058/1057 1043/1044/1041
f 1062/1063/1058 1058/1059/1059 1061/1062/1060
f 1061/1062/1060 1058/1059/1059 1060/1061/1061
f 1058/1059/1059 1059/1060/1062 1060/1061/1061
f 1058/1059/1059 1062/1063/1058 1052/1053/1053
f 1052/1053/1053 1062/1063/1058 1053/1054/1051
f 1046/1047/1045 1063/1064/1063 1041/1042/1046
f 1041/1042/1046 1063/1064/1063 1048/1049/1048
f 1049/1050/1050 1048/1049/1048 1064/1065/1064
f 1048/1049/1048 1063/1064/1063 1064/1065/1064
f 1047/1048/1047 1065/1066/1065 1048/1049/1048
f 1048/1049/1048 1065/1066/1065 1066/1067/1066
f 1041/1042/1046 1048/1049/1048 1066/1067/1066
f 1041/1042/1046 1066/1067/1066 1042/1043/1043
f 1042/1043/1043 1066/1067/1066 1067/1068/1067
f 1042/1043/1043 1067/1068/1067 1051/1052/1055
f 1051/1052/1055 1067/1068/1067 1068/1069/1068
f 1052/1053/1053 1051/1052/1055 1069/1070/1069
f 1069/1070/1069 1051/1052/1055 1068/1069/1068
f 1058/1059/1059 1052/1053/1053 1069/1070/1069
f 1058/1059/1059 1069/1070/1069 1059/1060/1062
f 1059/1060/1062 1069/1070/1069 1070/1071/1070
