# This file uses centimeters as units for non-parametric coordinates.

v -0.529102 8.851781 -6.887917
v -5.482668 5.122468 0.851202
v -0.623310 5.260391 3.750284
v 5.908987 5.272890 0.682201
v -0.577827 6.679182 0.571233
v -7.640492 5.414739 -1.379651
v 7.844273 5.058813 -6.345322
v 8.143433 5.056987 -3.709154
v -2.529097 8.714126 -6.655095
v 2.646740 8.652335 -6.422764
v -0.571888 8.514187 -2.666985
v -5.318997 6.809425 -6.380224
v -3.417838 6.699533 -0.957941
v 3.806079 6.770671 -1.049541
v 5.606625 6.414810 -6.303219
v -1.360481 8.513757 -2.773348
v 1.455546 8.561144 -3.144650
v 0.628882 8.527537 -2.632389
v 0.649465 6.635193 0.459735
v 0.606191 5.260371 3.743286
v 0.542149 8.851779 -6.811677
v 2.580636 8.606276 -4.871036
v 5.430032 6.608475 -4.759380
v 7.844341 5.058813 -4.791710
v 2.092669 8.618962 -4.045381
v 4.477245 6.757236 -2.084579
v 6.723765 5.226258 -0.360527
v -2.541969 8.544509 -4.790871
v -5.330273 6.809389 -4.809614
v -7.756074 5.269417 -4.851867
v -2.196985 8.526108 -3.884774
v -4.341717 6.660918 -2.093832
v -6.396037 5.262561 -0.121067
v -3.481013 5.319044 -0.674686
v -0.199723 5.295946 0.748688
v 0.232918 5.311633 0.787440
v 4.253125 5.345802 -0.291666
v -1.944566 6.790287 -2.633685
v -0.368154 6.813356 -1.936023
v 0.164383 6.742702 -2.173717
v 1.766722 6.764507 -2.632664
v -5.223153 5.339990 -5.637113
v -4.824957 5.367650 -2.441189
v -8.150584 5.178572 -0.607095
v -6.122619 5.233634 2.184309
v -0.533149 5.285240 5.219392
v 0.538020 5.226111 5.213265
v 7.059721 5.042899 1.182616
v 8.874648 4.937068 -2.350430
v 7.591205 5.058101 0.063795
v 5.596903 5.245153 -3.798526
v 5.546978 5.096085 -4.762909
v 5.576642 5.122090 -4.327357
v 2.949721 6.799287 -3.568451
v 3.095954 6.798155 -4.788432
v -3.147230 6.787380 -4.790428
v -2.538411 6.787198 -3.627468
v -7.656441 5.359103 -6.488418
v -5.408142 5.416318 -4.481899
v 3.006407 8.092745 -4.715651
v 4.719291 6.902801 -4.708547
v 2.966012 8.100099 -6.344276
v 3.294705 6.888864 -6.134596
v 4.355918 6.940712 -6.219700
v 3.432459 7.856751 -6.243001
v 3.403370 7.797122 -4.751263
v 3.528651 7.921247 -4.842050
v 3.527807 7.918998 -6.346228
v 0.627809 6.878678 -0.211877
v -0.599253 6.959490 -0.177181
v 0.663934 6.811666 -0.247149
v 3.290003 6.846305 -1.457669
v 3.392189 6.977451 -1.418687
v 4.149251 6.947498 -2.390556
v 4.079607 6.818924 -2.506716
v 5.254630 6.917207 -4.572871
v 4.901979 6.913495 -4.759193
v 5.077405 6.718276 -6.328946
v -0.611645 6.824829 -0.201986
v -3.018380 6.827184 -1.346797
v -3.065904 6.890121 -1.259103
v -3.962754 6.865628 -2.399566
v -3.979489 6.819774 -2.421282
v -5.040961 6.806172 -4.813957
v -5.162467 6.877814 -4.801974
v -5.110861 6.906249 -6.372583
v -3.373859 6.853627 -0.716212
v -3.583785 6.436380 -0.766651
v 5.593710 6.499018 -6.320979
v 5.591469 6.497631 -4.778827
v 5.487278 6.410258 -4.775595
v 4.598419 6.601638 -1.996981
v 4.700494 6.620130 -1.888310
v 4.027040 6.632475 -0.875758
v 4.221883 6.361025 -0.747932
v 0.649556 6.455966 0.497411
v 0.649474 6.535825 0.683920
v -0.577951 6.563816 0.821188
v -0.578183 6.497824 0.573385
v -3.574720 6.571514 -0.797793
v -4.539075 6.532141 -1.928647
v -4.531611 6.439910 -1.956440
v -5.726673 6.389350 -4.810528
v -5.535780 6.680263 -4.809614
v -5.503145 6.696304 -6.380224
v -7.453172 5.266515 -4.851868
v -5.692960 6.863125 -4.722147
v -4.449975 6.747062 -2.022161
v -5.177774 5.183712 0.499356
v -1.392804 8.334015 -2.746243
v -1.882968 8.156162 -3.129592
v -2.249334 8.325231 -3.875138
v -2.236386 6.803473 -3.053849
v -3.416323 6.896049 -1.873534
v -0.808555 6.846677 0.718636
v -6.374119 5.260040 -0.157722
v -5.876508 5.196576 0.333394
v -4.022694 5.345950 -1.254094
v -4.116983 6.374967 -1.384355
v -2.618710 8.319619 -4.790634
v -5.505595 5.381914 -6.779455
v -5.522301 6.495691 -6.373264
v -4.951213 6.767671 -6.354869
v -2.646335 8.242886 -6.416496
v -3.175122 6.710619 -6.058815
v -0.623446 5.259026 3.426444
v 0.715712 6.786795 0.767157
v 0.606250 5.260502 3.450404
v -0.016657 5.220199 3.474068
v 0.027702 6.453910 0.563894
v -0.010832 5.264225 0.741376
v 4.493945 6.937718 -2.144119
v 3.863853 6.831250 -0.858010
v 6.581481 5.205007 -0.466857
v 4.255112 6.568037 -1.444926
v 6.029390 5.255544 -0.394477
v 4.518716 5.201118 -0.822076
v 5.688904 5.279303 0.553258
v -0.529268 8.851825 -4.960971
v 0.582746 8.840238 -4.910147
v -0.551179 8.671766 -3.672985
v 0.638732 8.705163 -3.633460
v 1.063486 8.564016 -2.638364
v 1.247823 6.770855 -2.314628
v 2.275281 6.754882 -0.353361
v 2.668002 6.810836 0.089959
v 2.646803 6.591214 0.037899
v 2.586361 5.301545 0.427377
v 3.585764 5.185902 2.790715
v 4.016621 5.014196 3.801103
v -0.996275 8.595839 -2.580417
v -1.372416 6.784149 -2.229058
v -2.009543 6.829175 -0.450368
v -2.285279 6.870533 0.260592
v -2.244728 6.488698 0.178364
v -2.263703 5.353375 0.220049
v -3.285512 5.257809 3.009794
v -3.656074 5.053528 4.121205
v 5.492013 6.844308 -4.507824
v 7.566719 5.058586 -4.791699
v 5.512549 6.400977 -6.324198
v 5.540230 5.049522 -5.845938
v 7.645650 5.058136 -6.069218
v 6.344499 5.804158 -6.039052
v 6.376307 5.774987 -4.750732
v 6.468741 5.885512 -4.753769
v 6.469085 5.885366 -6.314566
v 5.149129 5.881864 -5.822437
v 5.247598 6.030728 -4.276047
v 5.035434 6.111945 -2.482747
v 4.372374 6.210099 -1.352469
v 4.048514 6.076586 -0.791996
v 2.637830 6.243477 0.135593
v 0.232227 6.218916 0.668075
v -0.010130 6.210272 0.687819
v -0.197787 6.196302 0.673932
v -2.210170 6.152728 0.159379
v -3.601571 6.173577 -0.716050
v -4.140976 6.132868 -1.338647
v -4.568095 6.131324 -1.895824
v -5.378365 6.143188 -4.800663
v -5.390350 6.195486 -5.963538
v -1.851326 8.938044 -4.506611
v 2.128361 8.821747 -4.490288
v -0.958996 8.678975 -2.767530
v 0.998224 8.598843 -2.928226
v -3.234344 8.131623 -6.335500
v -3.233862 8.131156 -4.764047
v -3.214797 7.967710 -4.768947
v -3.275321 7.871690 -6.393840
v -6.499422 6.060968 -6.409168
v -6.525846 6.041229 -4.838290
v -6.409258 5.900064 -4.836132
v -6.475753 5.842297 -6.419040
v -9.185611 5.189857 -5.789298
v -7.293407 5.308261 -6.873043
v -8.655086 5.329946 -2.449692
v -8.780589 4.941455 -1.947333
v 1.411024 8.309417 -3.063802
v 1.923088 8.309195 -3.467478
v 2.462543 6.770274 -3.139552
v 3.876616 6.777569 -1.777238
v 2.330526 8.053766 -3.883814
v 0.978597 8.108717 -2.183400
v 0.050369 8.312132 -2.583004
v 0.011982 6.834898 -0.254076
v 0.075977 6.773897 -2.035994
v -0.802008 7.958951 -2.387753
v 3.651794 5.326466 -0.088912
v 4.858495 5.219733 1.873360
v 5.612426 5.031618 2.790080
v 1.557450 5.283110 0.846946
v 1.932256 5.202887 3.505950
v 2.175626 5.103329 4.748608
v 7.107819 5.095353 -1.440635
v 8.203548 5.043441 -0.971113
v 4.489070 6.897961 -2.930882
v 5.124933 6.964017 -2.529146
v 5.077064 6.680877 -2.445292
v 5.082489 6.078888 -2.808745
v 4.762434 6.607796 -1.952664
v 5.359304 5.552366 -5.809838
v 0.731491 5.305324 0.866533
v 0.889730 6.049812 0.721558
v -0.673661 6.195603 0.674772
v -0.706679 5.298493 0.680835
v 4.294623 5.638957 -1.098864
v 4.319025 5.625053 -1.041590
v 1.774969 8.777921 -4.989232
v 1.881418 8.931611 -6.585413
v 1.765553 8.798779 -6.094166
v 2.436622 8.862510 -6.451094
v 1.178389 8.868638 -6.656072
v 1.269424 8.871742 -6.502920
v 1.838658 8.972552 -6.413362
v 2.284894 8.902160 -6.359432
v 2.579899 8.641877 -6.242366
v 2.250604 8.771540 -4.741292
v 2.108458 8.701797 -4.158485
v 1.259787 8.757160 -4.814610
v 1.720706 8.725688 -4.856848
v 1.987273 8.792850 -4.823869
v 2.166972 8.745371 -4.969809
v 2.160296 8.692565 -6.156968
v 2.075330 8.875851 -6.232401
v 2.022547 8.927223 -6.378428
v 2.062257 8.891775 -6.502551
v 3.097208 8.256074 -4.855232
v 3.019900 8.255219 -6.299722
v 3.052653 8.292777 -6.404409
v 2.970606 7.328149 -4.711959
v 3.091590 7.342443 -5.831185
v 2.430442 8.722014 -4.345926
v 2.629368 8.585732 -4.340840
v 2.850225 8.098989 -4.280460
v 2.550585 8.557427 -4.642326
v 1.077336 8.081018 -2.621817
v 0.419615 6.756541 -2.212362
v -1.134306 8.290852 -2.458279
v -0.597773 6.806428 -1.926443
v 0.782587 8.638278 -3.120674
v 0.751955 8.546603 -2.712070
v 0.827666 8.510967 -2.549120
v 1.347382 8.544621 -2.898892
v 1.194949 8.619506 -3.131493
v 5.275530 6.913204 -6.679112
v 5.543511 6.693721 -6.628637
v 4.616596 6.864742 -6.351056
v 4.759426 6.897142 -6.511167
v 5.463934 6.813488 -6.651933
v 5.360873 6.555729 -6.315166
v 5.027993 6.888856 -6.585805
v 4.917705 6.768737 -6.328222
v 4.983706 6.810978 -6.443537
v 5.152949 6.804068 -6.443374
v 5.401796 6.674667 -6.432561
v 5.569205 6.578536 -6.504300
v 5.430185 6.608466 -6.320979
v 4.903328 6.913640 -6.346706
v 0.688121 7.809565 -1.798805
v 0.686842 7.927796 -1.721685
v -0.600924 7.963874 -1.737349
v -0.605088 7.901030 -1.871688
v 0.050413 7.827347 -1.815766
v 1.089622 7.921932 -2.590819
v 1.097611 7.895375 -2.186742
v 0.998445 7.819264 -2.015234
v 0.887548 7.999506 -2.014323
v 0.701086 8.209057 -2.126108
v -0.585849 8.231885 -2.151486
v 4.009161 6.687922 -0.676720
v 3.839055 6.864324 -0.542693
v 3.909381 6.747154 -0.357800
v 4.015272 6.450320 -0.391054
v 1.097821 6.864104 0.804125
v 1.035813 6.544162 0.847323
v 1.736633 8.071470 -2.810575
v 2.134467 7.978664 -2.508519
v 2.919262 7.960519 -3.335477
v 2.730124 7.760373 -3.533950
v 1.045238 8.636759 -3.460648
v 1.593713 8.580825 -3.361991
v 2.453042 7.967172 -2.832663
v 1.954549 8.135731 -2.520586
v 2.241421 8.147255 -2.798376
v 1.513769 8.587748 -3.316442
v 1.609570 8.115553 -2.881396
v 5.094403 5.219285 -2.262304
v -1.187874 6.895057 0.707166
v -1.065792 6.510443 0.804711
v 0.998899 8.355238 -2.413684
v -0.684026 7.922124 -2.049789
v -1.156716 7.892192 -2.507914
v -1.225918 8.329214 -2.661391
v -1.195490 8.512220 -2.695196
v -1.171872 8.659102 -2.858460
v -0.689061 8.660975 -3.184467
v -0.830467 8.649525 -2.626945
v -0.841919 8.574832 -2.510421
v -0.775293 8.405145 -2.365519
v -0.400567 8.131456 -2.484465
v -1.300468 8.666595 -4.402753
v -0.918934 8.680168 -3.376765
v -0.980108 8.715693 -3.128575
v -3.055853 5.310752 -0.198873
v -4.390506 5.156659 2.089837
v -4.762659 5.093014 3.397535
v -1.458911 5.293202 0.587941
v -1.789106 5.227144 3.552612
v -1.982444 5.092326 4.847312
v -3.171315 6.881333 -0.430316
v -3.377959 6.439919 -0.570436
v -3.287815 6.897977 -0.866171
v -5.090671 5.349600 -3.191383
v -4.796966 6.135979 -2.749753
v -2.529644 8.572945 -4.272622
v -2.927637 6.786918 -4.149991
v -4.586108 6.860306 -3.343074
v -4.967769 6.837889 -3.102725
v -4.937211 6.474388 -3.063256
v -2.545739 8.231166 -4.263097
v -2.335982 8.696922 -4.626991
v -2.502333 8.542142 -4.572762
v -2.591854 8.262678 -4.570261
v -2.546193 8.035555 -4.259880
v -2.329695 8.302997 -3.972667
v -2.297183 8.578993 -3.973234
v -2.186468 8.688536 -4.123258
v -1.465032 8.747585 -4.403153
v -1.158282 8.895986 -4.814754
v -1.757095 8.848782 -4.756149
v -1.700206 8.765563 -4.908270
v -1.671952 8.906067 -6.802819
v -1.701218 8.766878 -6.537730
v -2.540717 8.544568 -6.395504
v -4.573466 6.828332 -2.188492
v -5.652247 6.882427 -4.483351
v -0.733626 6.944239 0.397096
v 3.582603 6.799439 -1.252749
v 3.669601 6.922787 -1.045507
v 3.636389 6.920597 -0.764747
v 3.496714 6.845744 -0.415158
v 3.569957 6.748491 -0.267335
v 3.692173 6.444561 -0.346755
v 1.800508 8.652490 -4.306602
v 1.899171 8.756999 -4.350989
v -2.413719 8.763402 -4.360909
v -5.362920 5.837299 -1.112142
v -5.375759 5.886805 -1.081505
v -4.422932 5.847274 -0.022651
v -4.342936 5.729085 -0.078161
v -4.966955 5.759521 -0.517373
v -7.264086 5.240052 0.740694
v -6.793884 5.278065 0.195787
v -5.020965 6.767671 -6.926516
v -3.175122 6.710619 -6.630461
v -5.652274 6.765501 -6.409655
v -5.678669 6.857122 -6.833297
v -5.899660 6.741714 -6.445690
v -6.200101 6.713078 -6.842371
v -4.613778 6.013291 -6.278985
v -5.073289 6.011712 -6.318861
v -5.301347 5.967332 -6.338114
v -5.472037 5.973554 -6.633823
v -6.200101 6.612667 -6.842372
v -5.951118 6.602508 -6.438210
v -5.652274 6.661061 -6.409655
v -5.020965 6.664146 -6.354869
v -8.865932 5.393073 -2.658059
v -5.217610 5.112220 2.601339
v 6.835580 5.127302 0.293748
v 6.369996 5.198244 0.584758
v 6.829225 5.184440 -0.135466
v -1.196472 5.100330 4.997767
v -0.994341 5.241557 5.101837
v -1.115518 5.330427 4.835076
v -5.552630 5.089576 2.474660
v -5.511781 5.242096 2.138744
v -5.394286 5.260706 2.148191
v -4.698966 5.147409 1.740006
v -4.189266 5.179964 1.736802
v -5.507059 5.039307 2.685436
v -4.083878 5.188758 2.919974
v -4.264001 5.108556 3.051473
v -1.438087 5.152031 4.408584
v -1.355788 5.293585 4.377618
v -1.661403 5.220808 4.659670
v -1.641650 5.125934 4.913464
v -1.659581 5.252031 2.435685
v -2.832600 5.511143 1.736756
v -3.326296 5.440325 1.073159
v -3.469184 5.263355 0.473561
v 1.775537 5.236051 2.406745
v 3.214255 5.449102 1.935418
v 4.274484 5.271114 0.909139
v -5.536924 5.244585 1.465719
v -5.450944 5.193118 1.498810
v 8.835314 5.134494 -3.539973
v 8.595375 5.043737 -1.882139
v -9.060620 5.347136 -3.516113
v 8.797825 5.088924 -5.135304
v -8.255537 5.392150 -6.877604
v -8.974938 5.308388 -6.384047
v 8.710339 5.082966 -5.605135
v 8.353603 5.069757 -6.340607
v -0.529102 8.338683 -6.887917
v 0.542149 8.338682 -6.811677
v 2.419510 7.977826 -6.508097
v 1.178389 8.355540 -6.656072
v 1.881418 8.418513 -6.585413
v 2.062257 8.378677 -6.502551
v 2.436622 8.349412 -6.451094
v -1.671952 8.392260 -6.802819
v 3.156770 6.672876 -6.275300
v 4.214407 6.487758 -6.437365
v 2.726425 6.965043 -6.237660
v 4.796098 6.466316 -6.561679
v 5.039934 6.390939 -6.572260
v 5.078991 6.237999 -6.488845
v 4.619574 5.610795 -5.898078
v 5.489672 4.423477 -5.824480
v 5.003154 5.231318 -5.887153
v -4.282636 6.415983 -7.008176
v -2.886367 6.358932 -6.712121
v -4.780149 6.505435 -6.914958
v -5.174579 6.361390 -6.924032
v -5.174579 6.260979 -6.924033
v -4.623844 5.621867 -6.715484
v -1.749312 7.992397 -6.884480
v -5.022227 5.381914 -6.894609
v -4.906982 6.195486 -6.078692
v -5.146738 6.652290 -6.498406
v -5.330886 6.539169 -6.498406
vt 0.417761 0.918022
vt 0.248247 0.526788
vt 0.457355 0.512563
vt 0.713292 0.572470
vt 0.441331 0.697412
vt 0.171682 0.575064
vt 0.798496 0.685782
vt 0.825259 0.636627
vt 0.357512 0.905294
vt 0.548346 0.898364
vt 0.435857 0.877686
vt 0.267594 0.640174
vt 0.305648 0.709918
vt 0.583608 0.751266
vt 0.702003 0.628480
vt 0.395478 0.870779
vt 0.494033 0.881020
vt 0.470829 0.883407
vt 0.487644 0.701950
vt 0.501764 0.518656
vt 0.472609 0.919514
vt 0.545249 0.892432
vt 0.671835 0.781135
vt 0.811702 0.664236
vt 0.516354 0.889483
vt 0.622062 0.747682
vt 0.745909 0.578433
vt 0.361464 0.893055
vt 0.242181 0.744319
vt 0.170901 0.614098
vt 0.371665 0.866385
vt 0.298727 0.714573
vt 0.219854 0.541396
vt 0.306740 0.547967
vt 0.450169 0.548215
vt 0.503198 0.556215
vt 0.642894 0.584573
vt 0.399041 0.765027
vt 0.431528 0.769381
vt 0.491271 0.774474
vt 0.528008 0.783717
vt 0.260792 0.660712
vt 0.245103 0.638267
vt 0.158713 0.535714
vt 0.228768 0.487611
vt 0.459401 0.477008
vt 0.509608 0.480326
vt 0.735677 0.538957
vt 0.837725 0.614098
vt 0.773515 0.556197
vt 0.676311 0.677523
vt 0.680721 0.687577
vt 0.677479 0.680918
vt 0.584057 0.798270
vt 0.588207 0.809788
vt 0.398885 0.826443
vt 0.401239 0.872222
vt 0.179966 0.639711
vt 0.263892 0.656609
vt 0.564171 0.865010
vt 0.645894 0.791372
vt 0.561580 0.858021
vt 0.589874 0.815611
vt 0.615461 0.815256
vt 0.580474 0.843527
vt 0.585188 0.842698
vt 0.589151 0.849307
vt 0.580987 0.866075
vt 0.484931 0.721294
vt 0.443330 0.718150
vt 0.488461 0.721595
vt 0.572299 0.753412
vt 0.575326 0.762222
vt 0.605091 0.767956
vt 0.611607 0.759711
vt 0.654840 0.786682
vt 0.663162 0.787004
vt 0.692654 0.642158
vt 0.439151 0.713419
vt 0.344329 0.729617
vt 0.342070 0.731126
vt 0.308351 0.732753
vt 0.305544 0.727989
vt 0.285304 0.756855
vt 0.278590 0.757753
vt 0.265385 0.633068
vt 0.314787 0.705698
vt 0.306776 0.680537
vt 0.677014 0.631279
vt 0.681336 0.771952
vt 0.671297 0.770670
vt 0.632857 0.729602
vt 0.643036 0.713525
vt 0.632817 0.684441
vt 0.620246 0.687248
vt 0.489421 0.685300
vt 0.488537 0.690348
vt 0.442509 0.683827
vt 0.443181 0.669758
vt 0.305517 0.694515
vt 0.290649 0.702607
vt 0.290368 0.705619
vt 0.251634 0.711971
vt 0.245403 0.716605
vt 0.285184 0.627327
vt 0.182354 0.615474
vt 0.245841 0.742693
vt 0.294384 0.718796
vt 0.256372 0.536490
vt 0.395747 0.846634
vt 0.386608 0.853482
vt 0.321358 0.727670
vt 0.389133 0.764727
vt 0.377697 0.867667
vt 0.297788 0.691085
vt 0.301272 0.573106
vt 0.240255 0.539220
vt 0.437800 0.697192
vt 0.226273 0.556079
vt 0.701757 0.576690
vt 0.657055 0.594385
vt 0.694838 0.588203
vt 0.361020 0.879926
vt 0.203045 0.642436
vt 0.253994 0.668361
vt 0.247689 0.706248
vt 0.359145 0.881123
vt 0.288825 0.760376
vt 0.382184 0.872428
vt 0.456473 0.515644
vt 0.491995 0.702746
vt 0.501895 0.522081
vt 0.449046 0.515275
vt 0.506888 0.556221
vt 0.437423 0.671478
vt 0.631537 0.753435
vt 0.610388 0.731164
vt 0.744549 0.580496
vt 0.624060 0.719388
vt 0.420341 0.901673
vt 0.472055 0.910190
vt 0.426489 0.889094
vt 0.472807 0.897082
vt 0.485671 0.873287
vt 0.514139 0.778020
vt 0.541867 0.724254
vt 0.551535 0.713633
vt 0.553001 0.697363
vt 0.561467 0.561885
vt 0.611708 0.539840
vt 0.622941 0.509719
vt 0.415972 0.867478
vt 0.414290 0.767071
vt 0.391493 0.718568
vt 0.377929 0.700255
vt 0.376526 0.665807
vt 0.373245 0.541957
vt 0.352525 0.508373
vt 0.334303 0.471474
vt 0.669244 0.777116
vt 0.801123 0.662944
vt 0.673675 0.769243
vt 0.701370 0.696241
vt 0.784648 0.682482
vt 0.736232 0.719847
vt 0.735588 0.719950
vt 0.739591 0.725071
vt 0.686669 0.617401
vt 0.662911 0.746660
vt 0.660037 0.737691
vt 0.656894 0.704295
vt 0.637287 0.687132
vt 0.618285 0.665132
vt 0.555267 0.661099
vt 0.493102 0.650806
vt 0.439986 0.637293
vt 0.443696 0.638866
vt 0.376125 0.624227
vt 0.311990 0.633370
vt 0.298611 0.663218
vt 0.275654 0.679264
vt 0.258272 0.685262
vt 0.247428 0.689647
vt 0.381054 0.890765
vt 0.524080 0.899674
vt 0.417656 0.883855
vt 0.480826 0.885043
vt 0.334402 0.845964
vt 0.344502 0.837252
vt 0.345736 0.834110
vt 0.344577 0.832307
vt 0.287078 0.633264
vt 0.221796 0.684426
vt 0.226345 0.676887
vt 0.226224 0.675567
vt 0.095235 0.646126
vt 0.189954 0.664821
vt 0.127079 0.582411
vt 0.114967 0.560161
vt 0.496463 0.863235
vt 0.496463 0.863235
vt 0.528008 0.783717
vt 0.572299 0.753412
vt 0.531917 0.867092
vt 0.531917 0.867092
vt 0.602484 0.752293
vt 0.604935 0.781210
vt 0.486439 0.841465
vt 0.485960 0.827120
vt 0.491324 0.724377
vt 0.491271 0.774474
vt 0.428112 0.840926
vt 0.431528 0.769381
vt 0.439151 0.713419
vt 0.428112 0.840926
vt 0.547949 0.845034
vt 0.554874 0.850633
vt 0.561319 0.858692
vt 0.612500 0.575513
vt 0.659354 0.555145
vt 0.671777 0.522385
vt 0.531806 0.558998
vt 0.551833 0.528304
vt 0.562667 0.494087
vt 0.744998 0.581197
vt 0.635193 0.729186
vt 0.677293 0.676927
vt 0.694838 0.588203
vt 0.767661 0.589811
vt 0.808016 0.587308
vt 0.633363 0.772221
vt 0.654929 0.755665
vt 0.655074 0.743845
vt 0.661353 0.719094
vt 0.638471 0.731335
vt 0.625461 0.696000
vt 0.616354 0.753548
vt 0.630283 0.726139
vt 0.613839 0.732566
vt 0.734118 0.645311
vt 0.757371 0.636929
vt 0.701109 0.672418
vt 0.725809 0.659987
vt 0.711570 0.671318
vt 0.720950 0.662085
vt 0.675326 0.703061
vt 0.506109 0.556498
vt 0.495252 0.651161
vt 0.441695 0.638432
vt 0.446757 0.547938
vt 0.498469 0.651644
vt 0.445894 0.546534
vt 0.493035 0.686189
vt 0.510040 0.523886
vt 0.646735 0.642803
vt 0.729781 0.652972
vt 0.648968 0.632327
vt 0.730719 0.651315
vt 0.515427 0.904915
vt 0.519734 0.917665
vt 0.516335 0.910576
vt 0.540638 0.910553
vt 0.494600 0.919911
vt 0.498527 0.918224
vt 0.519094 0.916329
vt 0.537015 0.910556
vt 0.547109 0.897786
vt 0.534995 0.895817
vt 0.514558 0.892634
vt 0.496619 0.902100
vt 0.515058 0.904018
vt 0.525899 0.900101
vt 0.527703 0.900474
vt 0.530815 0.905353
vt 0.528908 0.910564
vt 0.526597 0.913912
vt 0.527060 0.915173
vt 0.565989 0.868179
vt 0.562914 0.882992
vt 0.564007 0.882872
vt 0.550144 0.862006
vt 0.561427 0.858414
vt 0.529957 0.896343
vt 0.539321 0.890471
vt 0.548629 0.870588
vt 0.684912 0.623117
vt 0.697212 0.603744
vt 0.711606 0.614234
vt 0.698931 0.632233
vt 0.691067 0.644610
vt 0.677596 0.636012
vt 0.707183 0.588039
vt 0.722040 0.598129
vt 0.709464 0.584371
vt 0.724405 0.595414
vt 0.709366 0.618520
vt 0.693714 0.606725
vt 0.703915 0.626276
vt 0.688557 0.614718
vt 0.677710 0.662293
vt 0.662147 0.651649
vt 0.542552 0.891366
vt 0.488438 0.850883
vt 0.493513 0.774726
vt 0.415791 0.856673
vt 0.428215 0.768937
vt 0.474960 0.889937
vt 0.473230 0.882267
vt 0.474904 0.877896
vt 0.491280 0.876680
vt 0.485134 0.885626
vt 0.602266 0.793373
vt 0.598067 0.789638
vt 0.602322 0.773678
vt 0.586243 0.804833
vt 0.579630 0.803472
vt 0.650304 0.809921
vt 0.673910 0.790741
vt 0.672471 0.805687
vt 0.660609 0.821871
vt 0.636731 0.825659
vt 0.633490 0.822650
vt 0.668799 0.816540
vt 0.660557 0.802164
vt 0.648039 0.824789
vt 0.643725 0.814800
vt 0.646071 0.820231
vt 0.654368 0.814635
vt 0.664054 0.808264
vt 0.673041 0.799764
vt 0.481314 0.827390
vt 0.477339 0.821269
vt 0.437902 0.819410
vt 0.435159 0.821362
vt 0.435330 0.817623
vt 0.488149 0.821761
vt 0.490603 0.836760
vt 0.487236 0.833735
vt 0.484031 0.828798
vt 0.484531 0.830836
vt 0.474100 0.844981
vt 0.435031 0.842641
vt 0.615129 0.710042
vt 0.601578 0.730045
vt 0.602885 0.710733
vt 0.604912 0.689554
vt 0.498475 0.703931
vt 0.498140 0.686954
vt 0.508481 0.845711
vt 0.523860 0.837432
vt 0.551164 0.841810
vt 0.551117 0.841220
vt 0.486998 0.887569
vt 0.500700 0.883548
vt 0.536296 0.840605
vt 0.519595 0.843665
vt 0.527141 0.847552
vt 0.498888 0.882861
vt 0.506441 0.848686
vt 0.708677 0.659466
vt 0.420586 0.698073
vt 0.424300 0.668639
vt 0.485364 0.858089
vt 0.434158 0.835055
vt 0.414773 0.841282
vt 0.403958 0.850746
vt 0.399916 0.862565
vt 0.393155 0.880095
vt 0.422071 0.890232
vt 0.424825 0.875882
vt 0.425233 0.871506
vt 0.430340 0.857701
vt 0.428112 0.840926
vt 0.397370 0.885672
vt 0.404274 0.884629
vt 0.402808 0.887908
vt 0.227355 0.654806
vt 0.339954 0.544965
vt 0.304320 0.516886
vt 0.290025 0.478244
vt 0.410852 0.545016
vt 0.410660 0.510697
vt 0.401801 0.474460
vt 0.334788 0.703671
vt 0.325453 0.672397
vt 0.319351 0.713523
vt 0.229437 0.632523
vt 0.266935 0.653820
vt 0.289335 0.707371
vt 0.265108 0.655346
vt 0.274345 0.680023
vt 0.368147 0.882749
vt 0.380828 0.829328
vt 0.295842 0.741494
vt 0.283988 0.726054
vt 0.275680 0.717400
vt 0.369089 0.875304
vt 0.369918 0.891230
vt 0.364829 0.888448
vt 0.365297 0.879255
vt 0.367497 0.870984
vt 0.375343 0.869513
vt 0.375695 0.874911
vt 0.374840 0.879217
vt 0.393636 0.889669
vt 0.401232 0.899352
vt 0.385193 0.895192
vt 0.385376 0.899765
vt 0.384261 0.911574
vt 0.384522 0.908814
vt 0.361107 0.902695
vt 0.290035 0.721707
vt 0.247745 0.740354
vt 0.447622 0.811096
vt 0.449449 0.786886
vt 0.464258 0.787504
vt 0.461870 0.810719
vt 0.451545 0.757321
vt 0.465909 0.756198
vt 0.456418 0.691923
vt 0.470768 0.690576
vt 0.274458 0.597204
vt 0.283520 0.622120
vt 0.263931 0.628444
vt 0.254942 0.603307
vt 0.262563 0.564495
vt 0.245227 0.578349
vt 0.314091 0.765603
vt 0.319016 0.765829
vt 0.379983 0.763163
vt 0.306340 0.766678
vt 0.303481 0.767766
vt 0.438162 0.701537
vt 0.578694 0.751548
vt 0.600371 0.746299
vt 0.599025 0.746470
vt 0.586562 0.738223
vt 0.586965 0.724700
vt 0.588415 0.709751
vt 0.596644 0.690798
vt 0.505670 0.894477
vt 0.510019 0.895029
vt 0.415272 0.863445
vt 0.406682 0.870265
vt 0.414318 0.825959
vt 0.429396 0.870663
vt 0.426249 0.872563
vt 0.429390 0.828249
vt 0.370985 0.884462
vt 0.261627 0.627415
vt 0.260837 0.626037
vt 0.280440 0.621073
vt 0.280513 0.605075
vt 0.269549 0.616544
vt 0.193565 0.511783
vt 0.208846 0.527201
vt 0.277237 0.762835
vt 0.278401 0.768498
vt 0.278071 0.771061
vt 0.268851 0.769676
vt 0.260494 0.769642
vt 0.265981 0.762374
vt 0.254826 0.764545
vt 0.258682 0.761264
vt 0.265183 0.753463
vt 0.277600 0.758455
vt 0.255728 0.751016
vt 0.253143 0.757163
vt 0.253629 0.759295
vt 0.256377 0.753266
vt 0.265391 0.755782
vt 0.277503 0.759623
vt 0.117754 0.587629
vt 0.261123 0.497403
vt 0.309821 0.676021
vt 0.305341 0.665246
vt 0.307971 0.658214
vt 0.279506 0.605440
vt 0.286573 0.602582
vt 0.249227 0.528526
vt 0.394589 0.853362
vt 0.348977 0.743881
vt 0.353117 0.743376
vt 0.390799 0.833096
vt 0.336563 0.726742
vt 0.266418 0.547066
vt 0.743462 0.562024
vt 0.727783 0.562076
vt 0.748364 0.569222
vt 0.432889 0.475835
vt 0.441271 0.476206
vt 0.434255 0.484112
vt 0.250363 0.494146
vt 0.249932 0.500797
vt 0.256988 0.506840
vt 0.289150 0.519565
vt 0.309774 0.521184
vt 0.254008 0.483752
vt 0.313217 0.495342
vt 0.307146 0.490867
vt 0.423826 0.490048
vt 0.425839 0.493595
vt 0.416602 0.484935
vt 0.415631 0.475072
vt 0.410732 0.523626
vt 0.362251 0.524138
vt 0.341136 0.531448
vt 0.329290 0.536562
vt 0.543554 0.540993
vt 0.593966 0.547625
vt 0.636451 0.565102
vt 0.249080 0.513935
vt 0.252714 0.516593
vt 0.832718 0.636911
vt 0.828001 0.605329
vt 0.247312 0.619522
vt 0.253923 0.632384
vt 0.220270 0.595579
vt 0.231977 0.589242
vt 0.248080 0.644075
vt 0.256317 0.636750
vt 0.110810 0.594036
vt 0.831643 0.667285
vt 0.159614 0.661829
vt 0.115161 0.657610
vt 0.831388 0.674486
vt 0.820682 0.684755
vt 0.409571 0.111231
vt 0.402612 0.124229
vt 0.408624 0.118630
vt 0.409473 0.119173
vt 0.402645 0.125612
vt 0.384674 0.122745
vt 0.400162 0.128297
vt 0.391410 0.129343
vt 0.386739 0.129478
vt 0.386619 0.126837
vt 0.391185 0.126691
vt 0.384002 0.129669
vt 0.383941 0.127033
vt 0.081607 0.000000
vt 1.000000 0.000000
vt 0.000000 0.161823
vt 0.123501 0.000000
vt 1.000000 0.000000
vt 0.888561 0.155455
vt 0.000000 0.124298
vt 0.381072 0.130247
vt 0.380379 0.130189
vt 0.380397 0.127580
vt 0.381075 0.127617
vt 0.378944 0.130300
vt 0.378229 0.129457
vt 0.379096 0.125918
vt 0.378992 0.127719
vt 0.396497 0.129318
vt 0.380612 0.123174
vt 0.372375 0.122316
vt 0.375512 0.126129
vt 0.375035 0.126296
vt 0.370275 0.122150
vt 0.377163 0.127016
vt 0.376738 0.127878
vt 0.376321 0.121943
vt 0.372805 0.120017
vt 0.376742 0.120763
vt 0.377136 0.124120
vt 0.378316 0.121957
vt 0.366136 0.118434
vt 0.368372 0.120200
vt 0.368046 0.120632
vt 0.365373 0.118410
vt 0.362306 0.115775
vt 0.361351 0.115456
vt 0.368567 0.121042
vt 0.369745 0.119627
vt 0.370594 0.119889
vt 0.370233 0.118554
vt 0.371984 0.117114
vt 0.369769 0.119145
vt 0.369167 0.115184
vt 0.369560 0.113386
vt 0.369653 0.116719
vt 0.370846 0.115495
vt 0.385737 0.114978
vt 0.385547 0.116003
vt 0.409352 0.117520
vt 0.399843 0.116824
vt 0.405838 0.116025
vt 0.412269 0.117892
vt 0.408000 0.116438
vt 0.414387 0.117034
vt 0.409536 0.115642
vt 0.414247 0.116576
vt 0.409418 0.115198
vt 0.410116 0.114441
vt 0.406289 0.113097
vt 0.396272 0.124700
vt 0.409522 0.116718
vt 0.407635 0.116659
vt 0.407674 0.111163
vt 0.410902 0.118085
vt 0.410253 0.118654
vt 0.409428 0.117781
vt 0.410078 0.117216
vn -0.379753 0.877363 0.293294
vn -0.380437 0.863605 0.330839
vn -0.380471 0.862166 0.334531
vn -0.380465 0.845819 0.373946
vn -0.016273 0.997289 -0.071768
vn -0.016273 0.997289 -0.071768
vn -0.016273 0.997289 -0.071768
vn 0.572224 0.820098 0.000049
vn 0.573317 0.819333 0.000979
vn 0.572901 0.819624 0.000625
vn 0.574012 0.818846 0.001570
vn -0.314379 0.921652 0.227429
vn -0.313681 0.922188 0.226215
vn -0.311740 0.923665 0.222846
vn -0.310968 0.924247 0.221508
vn 0.653685 0.701902 0.282894
vn 0.609244 0.692307 0.386696
vn 0.649467 0.701326 0.293827
vn 0.587737 0.685452 0.429792
vn -0.230386 0.962659 0.142164
vn -0.230386 0.962659 0.142164
vn -0.230386 0.962659 0.142164
vn 0.267879 0.961626 -0.059291
vn 0.267879 0.961627 -0.059291
vn 0.267879 0.961626 -0.059291
vn 0.138819 0.981498 0.131875
vn 0.127545 0.983212 0.130485
vn 0.116189 0.984805 0.129070
vn 0.093053 0.987639 0.126139
vn 0.087432 0.994293 0.061130
vn 0.087432 0.994293 0.061130
vn 0.087432 0.994293 0.061130
vn 0.000003 1.000000 -0.000023
vn 0.006909 0.999968 0.003975
vn 0.003388 0.999992 0.001937
vn 0.010152 0.999931 0.005853
vn -0.255840 0.966719 0.000940
vn -0.255289 0.966865 0.000606
vn -0.254588 0.967050 0.000182
vn -0.254017 0.967200 -0.000163
vn 0.001638 0.082741 0.996570
vn -0.044104 0.058704 0.997301
vn -0.092937 0.032801 0.995132
vn -0.132596 0.011578 0.991103
vn 0.534473 0.410043 0.739056
vn 0.534473 0.410043 0.739056
vn 0.534473 0.410043 0.739056
vn -0.995003 0.080750 0.058729
vn -0.995003 0.080750 0.058729
vn -0.995003 0.080750 0.058729
vn -0.528733 -0.653160 0.542055
vn -0.540525 -0.638636 0.547701
vn -0.564763 -0.607146 0.558943
vn -0.566049 -0.605410 0.559524
vn 0.065164 0.935093 0.348361
vn 0.068936 0.937161 0.342019
vn 0.067091 0.936157 0.345123
vn 0.071360 0.938463 0.337928
vn 0.064030 0.920784 0.384782
vn 0.050836 0.919583 0.389593
vn 0.016990 0.915673 0.401565
vn 0.002329 0.913610 0.406586
vn 0.055246 0.998139 0.025825
vn 0.020426 0.999791 -0.001079
vn 0.028954 0.999566 0.005507
vn -0.000080 0.999857 -0.016907
vn -0.025196 0.999668 -0.005301
vn -0.025196 0.999668 -0.005301
vn -0.025196 0.999668 -0.005301
vn 0.319141 0.506895 0.800754
vn 0.319141 0.506895 0.800754
vn 0.319141 0.506895 0.800754
vn -0.000787 0.974627 0.223836
vn 0.000711 0.449004 0.893530
vn -0.000816 0.999998 0.001913
vn 0.399364 0.851767 0.339118
vn 0.390673 0.854230 0.343023
vn 0.394903 0.853043 0.341129
vn 0.384920 0.855810 0.345582
vn 0.402561 0.872946 0.275518
vn 0.403681 0.873657 0.271596
vn 0.405740 0.874937 0.264313
vn 0.406949 0.875671 0.259988
vn -0.421696 0.906733 -0.003007
vn -0.382715 0.923860 0.003527
vn -0.419134 0.907921 -0.002574
vn -0.377746 0.925899 0.004351
vn -0.040800 0.998349 -0.040425
vn -0.040800 0.998349 -0.040425
vn -0.040800 0.998349 -0.040425
vn -0.763117 0.185253 -0.619140
vn -0.762532 0.181443 -0.620986
vn -0.754079 0.133704 -0.643030
vn -0.753915 0.132879 -0.643394
vn -0.999374 0.035383 0.000270
vn -0.999694 0.024160 -0.005357
vn -0.999383 0.035118 0.000137
vn -0.999698 0.023978 -0.005449
vn 0.003114 0.999893 0.014279
vn 0.003114 0.999893 0.014279
vn 0.003114 0.999893 0.014279
vn -0.700368 -0.177109 0.691460
vn -0.698692 -0.169923 0.694950
vn -0.505148 0.286673 0.814030
vn -0.466765 0.346000 0.813888
vn 0.001970 0.998925 0.046316
vn 0.001970 0.998925 0.046316
vn 0.001970 0.998925 0.046316
vn -0.637555 0.625635 -0.449560
vn -0.637555 0.625635 -0.449560
vn -0.637555 0.625635 -0.449560
vn -0.016938 0.998724 -0.047569
vn -0.040428 0.999147 0.008373
vn -0.049250 0.998352 0.029467
vn -0.051636 0.998046 0.035179
vn 0.677114 0.044579 0.734527
vn 0.677114 0.044579 0.734527
vn 0.677114 0.044579 0.734527
vn -0.059299 0.995399 -0.075264
vn -0.055395 0.998462 -0.002194
vn -0.062984 0.996479 -0.055333
vn 0.009572 0.999093 0.041485
vn -0.063074 0.996950 -0.045961
vn -0.987319 -0.028077 -0.156248
vn -0.987319 -0.028077 -0.156248
vn -0.987319 -0.028077 -0.156248
vn 0.131429 0.983885 0.121228
vn 0.131429 0.983885 0.121228
vn 0.131429 0.983885 0.121228
vn 0.147401 0.988570 -0.031648
vn 0.147401 0.988570 -0.031648
vn 0.147401 0.988570 -0.031648
vn -0.000821 0.037954 0.999279
vn -0.005570 0.032809 0.999446
vn -0.001221 0.037521 0.999295
vn -0.005932 0.032417 0.999457
vn 0.937734 0.334239 0.094549
vn 0.940347 0.338730 0.031786
vn 0.938516 0.335194 0.082654
vn 0.935376 0.343481 -0.084211
vn 0.940183 -0.042391 0.338023
vn 0.940183 -0.042391 0.338023
vn 0.940183 -0.042391 0.338023
vn 0.042474 0.973938 -0.222804
vn -0.048097 0.998613 -0.021441
vn -0.059192 0.998234 -0.004949
vn -0.062609 0.998017 -0.006563
vn -0.063907 0.997919 -0.008586
vn -0.807560 0.054395 0.587272
vn -0.797645 0.074258 0.598539
vn -0.800167 0.069301 0.595760
vn -0.787280 0.093992 0.609389
vn -0.691172 0.499564 -0.522223
vn -0.691172 0.499564 -0.522223
vn -0.691172 0.499564 -0.522223
vn 0.001729 0.855221 -0.518262
vn 0.001729 0.855221 -0.518262
vn 0.001729 0.855221 -0.518262
vn -0.542238 0.840220 -0.002686
vn -0.539568 0.841942 -0.000183
vn -0.540381 0.841420 -0.000945
vn -0.537715 0.843126 0.001549
vn 0.052900 0.997855 0.038574
vn 0.064333 0.996429 0.054692
vn 0.056719 0.997422 0.043965
vn -0.021497 0.996449 -0.081410
vn 0.056824 0.997158 0.049462
vn 0.993219 -0.045990 0.106776
vn 0.994214 0.107358 0.003711
vn 0.997930 0.044993 0.045941
vn 0.988741 0.147724 -0.023857
vn -0.066283 0.996960 0.040949
vn -0.059150 0.997131 0.047245
vn -0.060195 0.997111 0.046324
vn -0.043851 0.997191 0.060720
vn -0.599228 -0.799389 -0.043639
vn -0.567767 -0.822595 -0.031277
vn -0.486109 -0.873898 -0.000571
vn -0.463809 -0.885903 0.007504
vn -0.560944 -0.819924 0.114315
vn -0.621899 -0.781351 0.052279
vn -0.627029 -0.777591 0.046758
vn -0.703090 -0.709855 -0.042085
vn 0.243449 0.400414 0.883403
vn 0.227332 0.383123 0.895286
vn 0.242838 0.399761 0.883867
vn 0.226098 0.381796 0.896165
vn 0.590080 0.807343 -0.001538
vn 0.590819 0.806804 -0.000501
vn 0.590914 0.806735 -0.000369
vn 0.591587 0.806241 0.000576
vn 0.016970 0.840718 0.541208
vn 0.048744 0.827485 0.559369
vn 0.036099 0.832905 0.552238
vn 0.070013 0.817907 0.571075
vn 0.899182 0.419865 0.123224
vn -0.947916 0.313057 0.058752
vn 0.594358 0.777311 0.206220
vn 0.677002 0.618002 -0.399677
vn 0.627021 0.642213 -0.440916
vn 0.626810 0.576280 -0.524415
vn -0.648800 0.181019 0.739115
vn -0.674801 -0.034606 0.737188
vn 0.324075 0.919100 0.224122
vn 0.307248 0.931968 0.192445
vn 0.317541 0.924299 0.211755
vn 0.302839 0.935064 0.184237
vn 0.651304 0.538276 -0.534848
vn 0.727711 0.198870 -0.656420
vn -0.643979 0.382577 0.662515
vn 0.379025 0.626675 -0.680896
vn 0.239489 0.598093 -0.764807
vn 0.501205 0.865329 0.000505
vn 0.500427 0.865779 0.000154
vn 0.500972 0.865464 0.000400
vn 0.500183 0.865920 0.000044
vn -0.999375 0.031375 0.016298
vn -0.995564 0.078758 0.051477
vn -0.999308 0.032866 0.017405
vn -0.995211 0.081702 0.053663
vn -0.030609 0.999472 -0.010911
vn -0.030609 0.999472 -0.010911
vn -0.030609 0.999472 -0.010911
vn -0.462604 0.811426 0.357191
vn -0.464529 0.813049 0.350947
vn -0.463422 0.812118 0.354550
vn -0.465297 0.813691 0.348432
vn -0.843522 0.173512 -0.508295
vn -0.748500 0.164973 -0.642287
vn -0.771061 0.459235 -0.441099
vn -0.770346 0.479954 -0.419776
vn 0.049659 0.998703 0.011234
vn 0.044293 0.998987 0.007964
vn 0.029613 0.999561 -0.000979
vn 0.013645 0.999850 -0.010700
vn 0.047845 -0.015274 0.998738
vn 0.050140 -0.022806 0.998482
vn 0.048067 -0.016001 0.998716
vn 0.050516 -0.024040 0.998434
vn -0.511573 0.859240 -0.000368
vn -0.511943 0.859020 -0.000143
vn -0.512466 0.858708 0.000175
vn -0.512857 0.858474 0.000413
vn 0.566035 0.824381 0.000051
vn 0.565297 0.824887 0.000164
vn 0.557015 0.830502 0.001434
vn 0.556217 0.831036 0.001556
vn 0.079805 -0.058354 0.995101
vn 0.079805 -0.058354 0.995101
vn 0.079805 -0.058354 0.995101
vn 0.837512 0.280244 -0.469081
vn 0.837512 0.280244 -0.469081
vn 0.837512 0.280244 -0.469081
vn 0.705565 0.160945 -0.690127
vn 0.705565 0.160945 -0.690127
vn 0.705565 0.160945 -0.690127
vn 0.373793 0.896542 0.237679
vn 0.362751 0.904443 0.224489
vn 0.371626 0.898125 0.235085
vn 0.360867 0.905749 0.222246
vn -0.660691 -0.125741 0.740052
vn -0.660691 -0.125741 0.740052
vn -0.660691 -0.125741 0.740052
vn 0.844696 0.381480 -0.375449
vn 0.844696 0.381480 -0.375449
vn 0.844696 0.381480 -0.375449
vn 1.000000 0.000553 0.000204
vn 1.000000 0.000553 0.000204
vn 1.000000 0.000553 0.000204
vn 0.067420 0.905878 0.418138
vn 0.069119 0.911122 0.406299
vn 0.067639 0.906560 0.416623
vn 0.069413 0.912017 0.404236
vn 0.542928 0.008897 0.839732
vn 0.542928 0.008897 0.839732
vn 0.542928 0.008897 0.839732
vn 0.655647 0.127533 0.744219
vn 0.655647 0.127533 0.744219
vn 0.655647 0.127533 0.744219
vn -0.362162 0.893896 0.264175
vn -0.365536 0.891220 0.268535
vn -0.390402 0.870083 0.300901
vn -0.394438 0.866408 0.306197
vn 0.566059 0.025853 0.823959
vn 0.566059 0.025853 0.823959
vn 0.566059 0.025853 0.823959
vn -0.202827 0.193499 -0.959906
vn -0.202827 0.193499 -0.959906
vn -0.202827 0.193499 -0.959906
vn -0.532023 0.846726 -0.002407
vn -0.531354 0.847146 -0.002511
vn -0.524343 0.851499 -0.003596
vn -0.523420 0.852067 -0.003738
vn -0.030431 -0.009852 0.999488
vn -0.045515 0.024844 0.998655
vn -0.032380 -0.005373 0.999461
vn -0.046660 0.027481 0.998533
vn 0.147926 0.927486 0.343348
vn 0.147926 0.927486 0.343348
vn 0.147926 0.927486 0.343348
vn -0.678249 0.321635 0.660704
vn -0.678249 0.321635 0.660704
vn -0.678249 0.321635 0.660704
vn 0.634696 0.068061 0.769759
vn 0.601914 0.136334 0.786837
vn 0.633355 0.071029 0.770595
vn 0.599329 0.141383 0.787919
vn 0.668160 -0.007968 0.743975
vn 0.755038 -0.251011 0.605732
vn 0.669928 -0.011708 0.742333
vn 0.757453 -0.261562 0.598206
vn 0.512695 -0.812040 -0.278810
vn 0.397433 -0.838779 -0.372151
vn 0.494482 -0.817723 -0.294647
vn 0.371738 -0.842014 -0.390927
vn 0.099614 0.993525 0.054635
vn 0.073938 0.997253 0.004403
vn 0.094532 0.994520 0.044658
vn 0.064677 0.997814 -0.013607
vn -0.652515 0.284435 0.702368
vn -0.674275 0.278701 0.683871
vn -0.756160 0.253186 0.603423
vn -0.794053 0.238763 0.558992
vn -0.850008 0.235628 0.471132
vn -0.855730 0.243713 0.456433
vn -0.851856 0.238206 0.466476
vn -0.859743 0.249576 0.445594
vn -0.000793 0.999609 -0.027944
vn -0.023462 0.995637 -0.090310
vn -0.008149 0.998805 -0.048195
vn -0.029804 0.993733 -0.107736
vn 0.399999 -0.831658 -0.385156
vn 0.404151 -0.833599 -0.376529
vn 0.421550 -0.841033 -0.339057
vn 0.428614 -0.843704 -0.323192
vn 0.625999 0.150018 0.765258
vn 0.625999 0.150018 0.765258
vn 0.625999 0.150018 0.765258
vn -0.265006 0.933875 -0.240103
vn -0.265006 0.933875 -0.240103
vn -0.265006 0.933875 -0.240103
vn 0.424709 -0.094426 0.900392
vn 0.272532 0.037618 0.961411
vn 0.247422 0.058299 0.967152
vn 0.002131 0.246470 0.969148
vn -0.878966 0.458202 -0.132173
vn -0.878966 0.458202 -0.132173
vn -0.878966 0.458202 -0.132173
vn 0.710520 -0.329680 0.621669
vn 0.710520 -0.329680 0.621669
vn 0.710520 -0.329680 0.621669
vn -0.691953 0.156388 -0.704801
vn -0.691953 0.156388 -0.704801
vn -0.691953 0.156388 -0.704801
vn -0.823661 -0.118928 0.554472
vn -0.814940 -0.099402 0.570957
vn -0.817860 -0.105803 0.565606
vn -0.792418 -0.053823 0.607599
vn -0.021284 0.999240 0.032650
vn -0.002132 0.997288 0.073572
vn -0.018211 0.999064 0.039226
vn 0.016003 0.993560 0.112176
vn 0.313782 -0.891944 -0.325540
vn 0.313550 -0.891766 -0.326251
vn 0.313221 -0.891513 -0.327257
vn 0.312973 -0.891322 -0.328015
vn -0.028830 0.996897 0.073246
vn -0.024828 0.996808 0.075874
vn -0.007846 0.996177 0.087004
vn -0.003070 0.995926 0.090127
vn -0.730313 -0.070140 0.679503
vn -0.742099 -0.056598 0.667897
vn -0.741660 -0.057110 0.668341
vn -0.753715 -0.042826 0.655804
vn 0.470374 -0.820666 -0.324432
vn 0.316955 -0.870824 -0.375773
vn 0.390918 -0.850146 -0.352754
vn 0.236526 -0.886600 -0.397487
vn 0.013265 -0.143035 0.989629
vn 0.013265 -0.143035 0.989629
vn 0.013265 -0.143035 0.989629
vn 0.003352 -0.005344 0.999980
vn 0.003352 -0.005344 0.999980
vn 0.003352 -0.005344 0.999980
vn -0.012459 0.998238 0.058023
vn -0.020679 0.998747 0.045569
vn 0.000973 0.999806 0.019665
vn 0.014839 0.998614 -0.050493
vn -0.043593 0.997924 0.047403
vn -0.981539 -0.191253 0.001515
vn -0.981953 -0.146073 0.120133
vn -0.982038 -0.146611 0.118768
vn -0.966828 -0.099131 0.235408
vn 0.582460 -0.812843 0.005195
vn 0.569172 -0.822090 0.014530
vn 0.574061 -0.818737 0.011112
vn 0.564625 -0.825158 0.017691
vn 0.508985 -0.860182 0.031950
vn 0.508944 -0.860207 0.031931
vn 0.508874 -0.860250 0.031900
vn 0.508838 -0.860272 0.031883
vn 0.010658 0.998103 -0.060638
vn 0.022360 0.998818 -0.043154
vn 0.026784 0.998973 -0.036535
vn 0.035905 0.999093 -0.022872
vn -0.945342 0.326080 0.001054
vn -0.945280 0.326259 0.000800
vn -0.945288 0.326237 0.000831
vn -0.945246 0.326359 0.000658
vn -0.999998 0.001968 0.000413
vn -0.999998 0.001968 0.000413
vn -0.999998 0.001968 0.000413
vn 0.841285 0.536753 0.064310
vn 0.841285 0.536753 0.064310
vn 0.841285 0.536753 0.064310
vn -0.951572 0.302286 0.055988
vn -0.980647 0.039796 0.191697
vn -0.980647 0.039796 0.191697
vn -0.980647 0.039796 0.191697
vn 0.999440 -0.033465 0.000189
vn 0.999451 -0.033121 0.000347
vn 0.999821 -0.017283 0.007654
vn 0.999824 -0.017072 0.007751
vn -0.063479 0.997589 0.028053
vn -0.160559 0.986850 0.018670
vn -0.066799 0.997381 0.027738
vn -0.193697 0.980941 0.015391
vn 0.075898 0.130120 0.988589
vn 0.028865 0.117845 0.992612
vn -0.157620 0.066593 0.985252
vn -0.195834 0.055571 0.979061
vn -0.037079 -0.926098 -0.375457
vn 0.034906 -0.921078 -0.387810
vn -0.027549 -0.925718 -0.377210
vn 0.044734 -0.920008 -0.389338
vn -0.072514 -0.914430 -0.398196
vn -0.067002 -0.915247 -0.397283
vn -0.033323 -0.919600 -0.391439
vn -0.028228 -0.920164 -0.390515
vn -0.079666 0.082652 0.993389
vn 0.033855 0.059396 0.997660
vn -0.061619 0.079014 0.994967
vn 0.048079 0.056419 0.997249
vn 0.061996 0.997798 0.023567
vn 0.063607 0.997699 0.023456
vn 0.133558 0.990867 0.018568
vn 0.166204 0.985958 0.016239
vn -0.676153 0.286487 0.678780
vn -0.244467 0.324109 0.913887
vn -0.244467 0.324109 0.913887
vn -0.244467 0.324109 0.913887
vn 0.339045 0.938032 -0.071726
vn 0.360753 0.932563 -0.013542
vn 0.360087 0.932792 -0.015387
vn 0.383700 0.921960 0.052583
vn 0.713072 0.700874 -0.017438
vn 0.741247 0.668456 0.060988
vn 0.730731 0.682015 0.029795
vn 0.758113 0.641345 0.118077
vn 0.313891 0.758155 -0.571554
vn 0.514625 0.389798 -0.763687
vn 0.689054 0.223386 -0.689422
vn 0.690193 0.227350 -0.686983
vn -0.147729 -0.818314 -0.555463
vn -0.188922 -0.828468 -0.527209
vn -0.410189 -0.844876 -0.343409
vn -0.433227 -0.842306 -0.320678
vn -0.007691 0.999868 0.014322
vn -0.007691 0.999868 0.014322
vn -0.007691 0.999868 0.014322
vn 0.940568 0.138687 0.309996
vn 0.940568 0.138687 0.309996
vn 0.940568 0.138687 0.309996
vn -0.493062 -0.855952 -0.155681
vn -0.471307 -0.848054 -0.242228
vn -0.489642 -0.855094 -0.170487
vn -0.462638 -0.843593 -0.272610
vn 0.848146 0.114237 0.517299
vn 0.903859 0.283828 0.320126
vn 0.900161 0.295913 0.319601
vn 0.871506 0.439190 0.218150
vn 0.683685 0.662215 0.306670
vn 0.812203 0.519756 0.264915
vn 0.050346 0.998708 -0.006948
vn 0.048295 0.997962 -0.041718
vn 0.042871 0.990709 -0.129061
vn 0.034933 0.968466 -0.246685
vn -0.480875 0.592351 0.646437
vn -0.469990 0.699181 0.538754
vn -0.452060 0.777739 0.436765
vn -0.422027 0.851760 0.310479
vn 0.126792 0.980313 0.151365
vn 0.271905 0.822684 0.499258
vn 0.183782 0.940762 0.284941
vn -0.326936 0.856522 -0.399354
vn -0.317080 0.848679 -0.423325
vn -0.347107 0.871117 -0.347378
vn 0.003989 0.990352 0.138517
vn -0.015786 0.992564 0.120694
vn -0.013142 0.992309 0.123083
vn -0.031431 0.993813 0.106525
vn 0.102920 0.989631 0.100192
vn 0.105377 0.988928 0.104488
vn 0.104006 0.989323 0.102091
vn 0.114626 0.986052 0.120671
vn 0.354685 0.927336 -0.119359
vn 0.509068 0.825647 0.243224
vn 0.471805 0.877892 0.081893
vn 0.098875 0.911161 0.400012
vn 0.085979 0.927453 0.363920
vn 0.086470 0.977980 0.189944
vn 0.098505 0.982753 0.156506
vn -0.290405 0.827975 0.479711
vn -0.436666 0.668109 0.602457
vn 0.452322 0.879640 0.147097
vn 0.456652 0.877658 0.145554
vn 0.472510 0.870161 0.139839
vn 0.476000 0.868460 0.138566
vn -0.032832 0.987524 0.154010
vn -0.025225 0.986256 0.163287
vn -0.023490 0.985947 0.165400
vn -0.015975 0.984522 0.174530
vn 0.048844 0.987828 0.147682
vn 0.048844 0.987828 0.147682
vn 0.048844 0.987828 0.147682
vn -0.138081 0.981202 0.134822
vn -0.118607 0.986284 0.114791
vn -0.070223 0.995408 0.065046
vn 0.009379 0.999816 -0.016717
vn -0.015874 0.975873 0.217759
vn -0.015874 0.975873 0.217759
vn -0.015874 0.975873 0.217759
vn 0.950511 0.037820 0.308380
vn 0.950511 0.037820 0.308380
vn 0.950511 0.037820 0.308380
vn 0.034561 0.999353 -0.009967
vn 0.010437 0.999805 -0.016789
vn 0.026819 0.999566 -0.012157
vn -0.020422 0.999466 -0.025497
vn -0.016633 0.993716 -0.110687
vn 0.005041 0.996032 -0.088858
vn 0.024208 0.997290 -0.069480
vn 0.031030 0.997558 -0.062565
vn 0.394125 -0.247829 0.885012
vn 0.446054 0.019471 0.894794
vn 0.405022 -0.203703 0.891326
vn 0.447911 0.033821 0.893438
vn 0.360852 0.257916 0.896251
vn 0.360852 0.257916 0.896251
vn 0.360852 0.257916 0.896251
vn -0.049219 0.995820 -0.076944
vn -0.093148 0.995602 -0.010045
vn -0.103536 0.994608 0.005919
vn -0.130856 0.990230 0.048172
vn 0.069882 0.987951 0.138094
vn 0.078130 0.993452 0.083358
vn 0.074749 0.991551 0.106018
vn 0.081006 0.994668 0.063824
vn 0.052490 0.997941 0.036860
vn 0.085871 0.996301 -0.003210
vn 0.084367 0.996434 -0.001398
vn 0.165322 0.981188 -0.099698
vn -0.556257 0.256453 0.790449
vn -0.550515 0.257503 0.794119
vn -0.498311 0.268533 0.824365
vn -0.414718 0.281454 0.865328
vn -0.260257 0.282985 0.923139
vn 0.015561 0.999684 -0.019732
vn 0.017241 0.999714 -0.016599
vn 0.016090 0.999695 -0.018745
vn 0.019493 0.999733 -0.012399
vn 0.044106 0.998187 -0.040960
vn 0.044014 0.997983 -0.045751
vn 0.043958 0.997846 -0.048692
vn 0.043900 0.997701 -0.051622
vn -0.600345 -0.228782 0.766319
vn -0.559112 -0.035334 0.828339
vn -0.589768 -0.166895 0.790140
vn -0.551067 -0.006902 0.834433
vn -0.469359 0.098038 0.877548
vn -0.469359 0.098038 0.877548
vn -0.469359 0.098038 0.877548
vn -0.402010 0.899760 -0.169761
vn -0.402010 0.899761 -0.169761
vn -0.402011 0.899761 -0.169761
vn -0.085387 0.996323 -0.006986
vn -0.085387 0.996323 -0.006986
vn -0.085387 0.996323 -0.006986
vn 0.257919 0.957180 0.131471
vn -0.049946 0.996590 -0.065673
vn 0.107825 0.993562 0.034773
vn -0.058522 0.995751 -0.071099
vn 0.974487 -0.125448 0.186111
vn 0.974556 -0.124816 0.186175
vn 0.975787 -0.112832 0.187372
vn 0.976110 -0.109434 0.187707
vn 0.933157 0.347270 -0.092850
vn 0.930139 0.357427 -0.084185
vn 0.917216 0.395058 -0.051423
vn 0.838631 0.538152 0.084208
vn 0.017932 0.998912 -0.043057
vn 0.001590 0.999931 -0.011652
vn 0.009168 0.999614 -0.026216
vn -0.004156 0.999991 -0.000610
vn -0.581309 -0.813673 -0.004071
vn -0.581556 -0.813495 -0.004324
vn -0.581653 -0.813425 -0.004424
vn -0.581845 -0.813286 -0.004620
vn -0.515792 -0.856688 -0.006663
vn -0.506996 -0.861754 -0.018310
vn -0.505629 -0.862517 -0.020105
vn -0.497699 -0.866815 -0.030445
vn 0.033871 -0.000870 0.999426
vn 0.031522 -0.003992 0.999495
vn 0.515111 0.857124 0.000034
vn 0.515133 0.857110 0.000005
vn 0.515132 0.857111 0.000006
vn 0.515155 0.857097 -0.000023
vn 0.844225 -0.535985 -0.002161
vn 0.829675 -0.558079 0.013692
vn 0.839660 -0.543105 0.002908
vn 0.826669 -0.562435 0.016862
vn 0.925663 -0.321023 0.200229
vn 0.979980 -0.140413 0.141150
vn 0.935870 -0.295388 0.192076
vn 0.991742 -0.059618 0.113554
vn 0.837463 0.284540 0.466576
vn 0.831642 0.294664 0.470685
vn 0.813863 0.324053 0.482303
vn 0.773538 0.383701 0.504394
vn 0.783606 -0.528265 0.326953
vn 0.966972 0.155620 0.201862
vn 0.916232 -0.270443 0.295601
vn 0.928397 0.341800 0.145778
vn 0.688733 -0.500980 0.524085
vn 0.688733 -0.500980 0.524085
vn 0.688733 -0.500980 0.524085
vn 0.061322 0.509823 0.858091
vn 0.061322 0.509823 0.858091
vn 0.061322 0.509823 0.858091
vn 0.056892 0.445601 0.893422
vn 0.085671 0.465171 0.881065
vn 0.083410 0.463653 0.882082
vn 0.092319 0.469613 0.878033
vn 0.040830 0.362054 0.931263
vn 0.021607 0.376672 0.926095
vn 0.021073 0.377075 0.925943
vn -0.099657 0.463360 0.880549
vn 0.001206 0.317710 0.948187
vn 0.001206 0.317710 0.948187
vn 0.001206 0.317710 0.948187
vn -0.532639 -0.015452 0.846202
vn -0.543925 -0.092226 0.834050
vn -0.534162 -0.024641 0.845023
vn -0.545257 -0.103094 0.831905
vn -0.749902 0.173660 0.638349
vn -0.750307 0.177064 0.636936
vn -0.751675 0.189250 0.631798
vn -0.752120 0.193479 0.629986
vn -0.780606 0.208064 0.589375
vn -0.780428 0.204941 0.590705
vn -0.779829 0.195444 0.594701
vn -0.779446 0.189955 0.596977
vn -0.937207 -0.072323 0.341192
vn -0.937207 -0.072323 0.341192
vn -0.937207 -0.072323 0.341192
vn -0.576293 -0.816663 -0.030788
vn -0.627471 -0.776875 -0.052406
vn -0.791612 -0.596917 -0.130542
vn -0.817711 -0.557106 -0.144849
vn -0.285790 0.732606 0.617748
vn -0.285790 0.732606 0.617748
vn -0.285790 0.732606 0.617748
vn 0.459402 0.726593 0.510893
vn 0.459402 0.726593 0.510893
vn 0.459402 0.726593 0.510893
vn -0.087862 0.986484 0.138313
vn -0.097779 0.978401 0.182129
vn -0.094346 0.981449 0.166903
vn -0.115821 0.957748 0.263257
vn 0.131036 0.965513 0.224977
vn 0.140784 0.980554 0.136728
vn 0.139398 0.978809 0.150001
vn 0.145865 0.985597 0.085566
vn -0.546761 0.837288 0.000417
vn -0.545581 0.838057 -0.001547
vn -0.546014 0.837776 -0.000827
vn -0.544872 0.838515 -0.002723
vn -0.000170 -0.029985 0.999550
vn 0.036251 -0.094927 0.994824
vn 0.000722 -0.031578 0.999501
vn 0.039096 -0.099994 0.994220
vn 0.535924 -0.843736 0.029897
vn 0.543623 -0.838269 0.042188
vn 0.541171 -0.840042 0.038251
vn 0.550211 -0.833350 0.052868
vn -0.531503 0.846940 0.014056
vn -0.526265 0.850272 0.009091
vn -0.525175 0.850956 0.008061
vn -0.518748 0.854925 0.002016
vn -0.014853 0.000256 0.999890
vn -0.016219 0.001891 0.999867
vn 0.518699 -0.854905 0.009409
vn 0.459703 -0.887205 -0.039252
vn 0.436389 -0.897905 -0.057723
vn 0.381878 -0.918850 -0.099415
vn 0.582271 0.340133 0.738424
vn 0.555300 0.351203 0.753856
vn 0.570413 0.345078 0.745353
vn 0.548812 0.353774 0.757397
vn -0.030316 0.999083 -0.030249
vn 0.044388 0.996772 -0.066898
vn -0.013388 0.999166 -0.038581
vn 0.072556 0.994099 -0.080635
vn -0.320916 -0.856180 -0.404931
vn -0.321293 -0.856165 -0.404663
vn -0.323966 -0.854456 -0.406142
vn -0.364685 -0.808339 -0.462161
vn -0.267074 -0.863356 -0.428122
vn -0.316841 -0.859546 -0.400990
vn 0.686187 0.082165 -0.722770
vn 0.686035 0.077029 -0.723479
vn 0.686163 0.081292 -0.722892
vn 0.685805 0.070245 -0.724387
vn -0.500642 -0.845166 -0.187225
vn -0.538743 -0.836995 -0.095894
vn -0.504864 -0.844814 -0.177204
vn -0.563336 -0.825993 -0.019696
vn -0.564347 -0.824221 -0.046617
vn -0.039113 0.998967 0.023147
vn -0.041654 0.998692 0.029662
vn -0.045864 0.998128 0.040461
vn -0.047042 0.997946 0.043485
vn 0.573243 0.454361 0.681871
vn 0.730559 0.397221 0.555428
vn 0.623836 0.439086 0.646555
vn 0.766857 0.379163 0.517847
vn 0.901466 0.357533 0.243987
vn 0.999352 -0.003693 0.035815
vn 0.914798 0.332260 0.229668
vn 0.999435 -0.010102 0.032059
vn -0.025618 -0.996353 -0.081387
vn -0.116589 -0.846273 -0.519836
vn -0.112734 -0.858054 -0.501034
vn -0.118749 -0.839404 -0.530378
vn 0.206217 0.974509 -0.088354
vn 0.133927 0.988864 -0.064897
vn 0.037817 0.998723 -0.033516
vn 0.035940 0.998812 -0.032901
vn -0.016893 0.999817 -0.008988
vn -0.005319 0.999919 -0.011605
vn 0.058124 0.997973 -0.025918
vn 0.081490 0.996187 -0.031176
vn -0.105461 -0.991904 -0.070746
vn 0.041810 -0.873522 -0.484986
vn 0.056323 -0.851357 -0.521555
vn 0.060999 -0.843806 -0.533171
vn 0.235141 0.378310 0.895316
vn 0.199675 0.369847 0.907383
vn 0.094002 0.341885 0.935028
vn 0.070962 0.335258 0.939450
vn 0.224925 0.388844 0.893426
vn 0.224925 0.388844 0.893426
vn 0.224925 0.388844 0.893426
vn 0.712182 0.661539 0.234868
vn 0.712182 0.661539 0.234868
vn 0.712182 0.661539 0.234868
vn -0.031564 0.999502 0.000002
vn -0.030638 0.999530 -0.000729
vn -0.028982 0.999578 -0.001949
vn -0.020448 0.999753 -0.008697
vn -0.021412 0.999742 -0.007569
vn 0.417761 0.247936 0.874073
vn 0.417761 0.247936 0.874073
vn 0.417761 0.247936 0.874073
vn 0.002672 0.998553 0.053713
vn 0.035591 0.997460 -0.061706
vn 0.037097 0.997062 -0.067011
vn 0.051709 0.991600 -0.118555
vn 0.075196 0.987188 0.140733
vn 0.075230 0.987651 0.137426
vn 0.075217 0.987477 0.138676
vn 0.075246 0.987876 0.135793
vn 0.009797 0.998034 0.061901
vn 0.002587 0.998071 0.062032
vn 0.006744 0.998056 0.061957
vn -0.011096 0.997998 0.062271
vn -0.150142 0.219625 0.963962
vn -0.071348 0.151473 0.985883
vn -0.092393 0.169775 0.981142
vn -0.047058 0.130260 0.990363
vn 0.009824 0.999793 0.017820
vn 0.009824 0.999793 0.017820
vn 0.009824 0.999793 0.017820
vn 0.055516 0.996076 0.068930
vn 0.073298 0.996458 0.041230
vn 0.071470 0.996468 0.044084
vn 0.082366 0.996235 0.027038
vn -0.045962 0.989604 -0.136280
vn 0.042596 0.999031 0.011052
vn 0.107057 0.994205 -0.009780
vn 0.115673 0.993208 -0.012573
vn 0.210590 0.976607 -0.043481
vn 0.047787 0.991426 -0.121620
vn 0.075454 0.995710 -0.053558
vn 0.063559 0.997976 0.002218
vn 0.073104 0.997188 0.016508
vn -0.100024 0.991076 0.088114
vn -0.100024 0.991076 0.088114
vn -0.100024 0.991076 0.088114
vn -0.071963 0.996159 -0.049892
vn -0.129441 0.990364 -0.049243
vn -0.130904 0.990172 -0.049224
vn -0.236600 0.970442 -0.047572
vn 0.508812 0.164250 0.845064
vn 0.559693 0.598148 0.573553
vn 0.552934 0.395198 0.733541
vn 0.544730 0.705966 0.452638
vn 0.985201 -0.081997 0.150519
vn 0.876393 -0.095206 0.472092
vn 0.938314 -0.090626 0.333698
vn 0.845278 -0.096449 0.525550
vn 0.725273 0.663893 -0.182281
vn 0.878309 0.474733 0.056594
vn 0.731125 0.659315 -0.175384
vn 0.888996 0.450395 0.082649
vn -0.258371 0.318912 0.911888
vn -0.258371 0.318912 0.911888
vn -0.258371 0.318912 0.911888
vn -0.143297 -0.758505 0.635717
vn -0.143297 -0.758505 0.635717
vn -0.143297 -0.758505 0.635717
vn 0.028224 0.999478 -0.015729
vn 0.017662 0.997994 -0.060790
vn 0.048832 0.954553 -0.294014
vn 0.048832 0.954553 -0.294014
vn 0.048832 0.954553 -0.294014
vn 0.940280 0.339787 -0.020467
vn 0.940280 0.339787 -0.020467
vn 0.940280 0.339787 -0.020467
vn 0.027499 0.999276 0.026304
vn 0.033706 0.999188 0.022092
vn 0.036881 0.999121 0.019937
vn 0.038006 0.999094 0.019173
vn 0.258016 0.370622 0.892226
vn 0.258016 0.370622 0.892226
vn 0.258015 0.370622 0.892226
vn 0.332755 -0.323664 0.885729
vn 0.421363 0.115957 0.899448
vn 0.344789 -0.282142 0.895275
vn 0.431062 0.233726 0.871526
vn 0.426291 0.163774 0.889637
vn 0.426291 0.163774 0.889637
vn 0.426291 0.163774 0.889637
vn -0.317113 0.186469 0.929876
vn -0.317113 0.186469 0.929876
vn -0.317113 0.186469 0.929876
vn -0.027795 0.999605 -0.004202
vn -0.026088 0.999593 0.011565
vn -0.025388 0.999516 0.018008
vn -0.025243 0.999494 0.019343
vn 0.861818 0.103191 0.496611
vn 0.861817 0.103191 0.496611
vn 0.861817 0.103191 0.496611
vn -0.098544 0.956608 0.274209
vn -0.098544 0.956608 0.274209
vn -0.098544 0.956608 0.274209
vn -0.265912 0.928960 0.257534
vn 0.031595 0.991008 -0.130023
vn -0.120057 0.990656 0.064709
vn 0.091073 0.974537 -0.204897
vn 0.264863 0.950845 -0.160443
vn 0.276058 0.946316 -0.168163
vn 0.272806 0.947654 -0.165920
vn 0.288224 0.941145 -0.176558
vn 0.053406 0.998404 0.018389
vn 0.043627 0.999011 0.008601
vn 0.044697 0.998954 0.009672
vn 0.040233 0.999177 0.005207
vn 0.658560 0.696719 0.284397
vn 0.524134 0.739678 0.422089
vn 0.607364 0.717349 0.341350
vn 0.475515 0.747532 0.463768
vn -0.092641 0.995088 0.034908
vn -0.098057 0.995167 -0.005213
vn -0.123824 0.968581 -0.215682
vn -0.128635 0.957076 -0.259727
vn -0.191540 0.899358 0.393023
vn -0.191540 0.899358 0.393023
vn -0.191540 0.899358 0.393023
vn -0.222361 0.876776 0.426402
vn -0.222361 0.876777 0.426402
vn -0.222361 0.876777 0.426402
vn 0.182551 0.946274 0.266909
vn 0.013348 0.889042 0.457632
vn 0.014424 0.889596 0.456521
vn -0.005737 0.878815 0.477128
vn 0.260319 0.468202 0.844406
vn 0.260319 0.468202 0.844406
vn 0.260319 0.468202 0.844406
vn 0.560569 0.827837 0.021190
vn 0.586749 0.809744 0.006395
vn 0.633537 0.773423 -0.021156
vn 0.657063 0.752994 -0.035612
vn 0.252977 0.966452 -0.044410
vn 0.222976 0.974254 -0.033329
vn 0.124822 0.992176 0.002564
vn 0.081845 0.996481 0.018112
vn 0.265494 0.962043 -0.063139
vn 0.326294 0.944790 -0.030076
vn 0.216749 0.972171 -0.088906
vn -0.096966 0.993363 0.061865
vn -0.034011 0.993699 -0.106801
vn -0.148561 0.967376 0.205216
vn 0.038379 0.955334 -0.293026
vn -0.246635 0.968894 0.020373
vn -0.246635 0.968894 0.020373
vn -0.246635 0.968894 0.020373
vn 0.122496 0.982972 -0.136971
vn 0.129175 0.978735 -0.159350
vn 0.270286 0.940352 -0.206602
vn 0.110819 0.992831 -0.044787
vn 0.282905 0.959049 0.013802
vn 0.166738 0.985657 -0.026058
vn 0.313366 0.949317 0.024478
vn 0.401553 0.501529 0.766306
vn 0.273364 0.579288 0.767918
vn 0.264755 0.583926 0.767421
vn 0.228411 0.602748 0.764541
vn 0.068248 0.948595 0.309046
vn 0.068248 0.948595 0.309046
vn 0.068248 0.948595 0.309046
vn 0.109549 0.964472 -0.240400
vn 0.108437 0.965018 -0.238707
vn 0.109144 0.964672 -0.239783
vn 0.108211 0.965129 -0.238362
vn 0.407564 0.451674 0.793651
vn 0.304203 0.398899 0.865067
vn 0.375414 0.435750 0.818038
vn 0.266888 0.378786 0.886167
vn 0.613392 0.789077 -0.033295
vn 0.596262 0.802424 -0.024259
vn 0.564186 0.825611 -0.007751
vn 0.551890 0.833916 -0.001556
vn 0.525758 0.735004 0.428191
vn 0.525758 0.735004 0.428191
vn 0.525758 0.735004 0.428191
vn 0.846483 0.477179 0.236151
vn 0.873447 0.435669 0.217446
vn 0.896320 0.395986 0.199511
vn 0.970195 0.212707 0.116095
vn 0.970863 0.214079 0.107680
vn 0.962452 0.242272 0.122432
vn 0.944506 0.292814 0.148889
vn 0.936381 0.312740 0.159323
vn 0.067644 0.936976 0.342782
vn 0.065595 0.937145 0.342720
vn 0.142010 0.928150 0.344052
vn -0.056937 0.798816 0.598874
vn 0.050925 0.777126 0.627282
vn 0.401917 0.627500 0.666863
vn 0.407535 0.619885 0.670565
vn 0.550539 0.344152 0.760570
vn 0.504837 0.381607 0.774284
vn 0.499635 0.385690 0.775634
vn 0.457985 0.417144 0.785010
vn 0.592051 -0.321270 0.739094
vn 0.592051 -0.321270 0.739094
vn 0.592051 -0.321270 0.739094
vn 0.555114 0.802053 -0.220362
vn 0.597001 0.779243 -0.190711
vn 0.590033 0.783283 -0.195780
vn 0.610211 0.771299 -0.180943
vn 0.711091 0.658755 0.245746
vn 0.828422 0.559631 0.023015
vn 0.768616 0.621618 0.151065
vn 0.889565 0.370484 -0.267238
vn 0.990976 0.133603 -0.010813
vn 0.990976 0.133603 -0.010813
vn 0.990976 0.133603 -0.010813
vn 0.624646 0.340005 0.703004
vn 0.605458 0.327979 0.725156
vn 0.546339 0.291220 0.785306
vn 0.506048 0.266383 0.820339
vn -0.057282 0.998140 -0.020878
vn -0.057282 0.998140 -0.020878
vn -0.057282 0.998140 -0.020878
vn 0.478829 0.671212 0.565860
vn 0.478829 0.671212 0.565860
vn 0.478829 0.671212 0.565860
vn -0.438244 0.210582 0.873840
vn -0.426627 0.220979 0.877016
vn -0.426489 0.221102 0.877053
vn -0.414685 0.231510 0.880022
vn -0.302097 -0.101037 0.947908
vn -0.302097 -0.101037 0.947908
vn -0.302097 -0.101037 0.947908
vn 0.004998 0.999931 -0.010629
vn -0.005869 0.999762 -0.021021
vn 0.000318 0.999886 -0.015105
vn -0.016545 0.999376 -0.031225
vn -0.157430 0.972608 0.171026
vn -0.094413 0.976876 0.191831
vn -0.153454 0.973006 0.172367
vn -0.009903 0.975854 0.218202
vn -0.009997 0.975883 0.218063
vn -0.009997 0.975883 0.218063
vn -0.009997 0.975883 0.218063
vn 0.915589 -0.033230 0.400740
vn 0.849035 -0.129415 0.512241
vn 0.848709 -0.129812 0.512682
vn 0.825489 -0.156793 0.542202
vn 0.223448 0.961000 0.162945
vn 0.223448 0.961000 0.162945
vn 0.223448 0.960999 0.162945
vn 0.223747 0.948847 0.222772
vn 0.223747 0.948847 0.222772
vn 0.223747 0.948847 0.222772
vn 0.582427 0.652798 0.484390
vn 0.628418 0.586339 0.511173
vn 0.615961 0.605434 0.504025
vn 0.656922 0.539018 0.527176
vn 0.083999 0.886894 0.454273
vn 0.070795 0.883187 0.463647
vn 0.069275 0.882745 0.464718
vn 0.035129 0.871988 0.488265
vn 0.369187 0.755224 0.541607
vn 0.352473 0.756278 0.551185
vn 0.349035 0.756460 0.553121
vn 0.318762 0.757541 0.569669
vn 0.168577 0.841571 0.513166
vn 0.168577 0.841571 0.513166
vn 0.168577 0.841571 0.513166
vn 0.204388 0.875575 0.437714
vn 0.241958 0.880141 0.408422
vn 0.228558 0.878737 0.419026
vn 0.250411 0.880897 0.401641
vn 0.031649 0.789558 0.612859
vn 0.151874 0.825480 0.543616
vn 0.131128 0.820436 0.556498
vn 0.268920 0.844441 0.463252
vn 0.314358 0.609885 0.727475
vn 0.313106 0.620269 0.719188
vn 0.311192 0.635128 0.706945
vn 0.308861 0.651831 0.692620
vn 0.401533 0.745361 0.532173
vn 0.445436 0.687479 0.573551
vn 0.457596 0.669778 0.584810
vn 0.562604 0.474590 0.676935
vn 0.375024 0.673503 0.636985
vn 0.452076 0.698313 0.554966
vn 0.458091 0.699926 0.547956
vn 0.489827 0.707564 0.509335
vn 0.003301 0.820919 0.571034
vn 0.013745 0.835004 0.550072
vn 0.006472 0.825261 0.564714
vn 0.016896 0.839134 0.543663
vn -0.784709 -0.551776 0.282445
vn -0.932425 0.295096 0.208570
vn -0.921171 0.333571 0.200436
vn -0.914444 0.354143 0.195898
vn -0.009262 -0.843853 -0.536494
vn -0.012510 -0.843178 -0.537489
vn -0.021093 -0.841343 -0.540089
vn -0.024207 -0.840661 -0.541021
vn -0.048185 -0.839470 -0.541266
vn -0.045316 -0.840125 -0.540496
vn -0.035377 -0.842335 -0.537792
vn -0.031210 -0.843234 -0.536640
vn 0.736513 0.183727 0.650994
vn 0.736513 0.183727 0.650994
vn 0.736513 0.183727 0.650994
vn 0.873306 0.486950 0.014736
vn 0.955906 0.256583 0.142859
vn 0.905974 0.419822 0.054414
vn 0.970513 0.116111 0.211240
vn 0.690944 0.422150 0.586844
vn 0.691829 0.397322 0.602917
vn 0.691863 0.395782 0.603889
vn 0.692103 0.376448 0.615857
vn 0.845107 0.191553 0.499100
vn -0.142375 0.240079 0.960256
vn -0.409286 0.202288 0.889699
vn -0.425102 0.199370 0.882915
vn 0.534194 0.324727 0.780506
vn 0.602836 0.232919 0.763110
vn 0.764580 -0.076635 0.639957
vn 0.818121 -0.307934 0.485648
vn 0.384365 0.805147 0.451666
vn 0.384365 0.805147 0.451666
vn 0.384365 0.805147 0.451666
vn -0.023573 0.877117 0.479698
vn -0.014855 0.868096 0.496173
vn -0.002492 0.854679 0.519151
vn 0.004529 0.846733 0.531999
vn 0.816070 0.452804 0.359162
vn 0.861037 0.399881 0.314182
vn 0.866824 0.392305 0.307757
vn 0.923966 0.303538 0.232705
vn 0.770506 0.565480 -0.294199
vn 0.770506 0.565480 -0.294199
vn 0.770506 0.565480 -0.294199
vn 0.029201 0.974967 0.220424
vn 0.029201 0.974967 0.220424
vn 0.029201 0.974967 0.220424
vn 0.134860 0.859349 0.493288
vn 0.135806 0.858802 0.493980
vn 0.136884 0.858176 0.494769
vn 0.138123 0.857455 0.495675
vn 0.136659 -0.062010 0.988675
vn 0.198681 -0.107059 0.974199
vn 0.201804 -0.109333 0.973304
vn 0.254172 -0.147562 0.955836
vn 0.106486 -0.722913 0.682685
vn 0.106486 -0.722913 0.682685
vn 0.106486 -0.722913 0.682685
vn 0.158358 -0.262799 0.951767
vn 0.136036 -0.251827 0.958164
vn 0.421027 -0.156351 0.893471
vn 0.853599 0.055112 0.518008
vn 0.151035 -0.238060 0.959435
vn -0.201372 0.978915 0.034282
vn -0.201372 0.978915 0.034282
vn -0.201372 0.978915 0.034282
vn -0.126483 0.156763 0.979504
vn -0.439954 -0.300862 0.846122
vn -0.379708 -0.202712 0.902624
vn -0.531894 -0.468693 0.705277
vn -0.672664 0.010549 0.739873
vn -0.672664 0.010549 0.739873
vn -0.672664 0.010549 0.739873
vn -0.572562 0.161638 0.803770
vn -0.554014 0.187397 0.811142
vn -0.572080 0.162321 0.803976
vn -0.552602 0.189317 0.811659
vn 0.382587 0.856833 0.345636
vn 0.426786 0.849215 0.310947
vn 0.408051 0.847267 0.340049
vn 0.426817 0.847184 0.316396
vn 0.407304 0.836489 0.366593
vn 0.653836 0.122531 -0.746649
vn 0.655532 0.125722 -0.744628
vn 0.697082 0.211085 -0.685215
vn 0.703912 0.226825 -0.673096
vn 0.126509 0.987566 0.093327
vn 0.093578 0.993297 0.067858
vn 0.096238 0.992900 0.069914
vn 0.046273 0.998439 0.031285
vn 0.102333 0.994735 0.005595
vn 0.102333 0.994734 0.005595
vn 0.102333 0.994734 0.005595
vn 0.308353 0.882531 0.355046
vn 0.311746 0.883803 0.348866
vn 0.341228 0.893119 0.293090
vn 0.357724 0.896865 0.260129
vn 0.520993 0.640169 0.564580
vn 0.545210 0.621445 0.562629
vn 0.571861 0.599667 0.559799
vn 0.588508 0.585398 0.557645
vn 0.629437 0.765299 -0.134635
vn 0.346278 0.892602 0.288711
vn 0.625666 0.769697 -0.126919
vn 0.282086 0.889306 0.359947
vn -0.430541 0.344132 0.834391
vn -0.705445 0.163584 0.689629
vn -0.658643 0.200764 0.725178
vn -0.718578 0.152484 0.678524
vn 0.856362 0.176418 0.485306
vn 0.828873 0.396456 0.394704
vn 0.854915 0.219324 0.470125
vn 0.782659 0.534146 0.319582
vn -0.003796 0.999931 0.011095
vn -0.003796 0.999931 0.011095
vn -0.003796 0.999931 0.011095
vn 0.015095 0.997606 -0.067494
vn 0.008860 0.997969 -0.063088
vn 0.011819 0.997804 -0.065180
vn 0.001142 0.998337 -0.057631
vn -0.468947 0.074357 0.880091
vn -0.455958 0.028259 0.889553
vn -0.389156 -0.166809 0.905943
vn -0.362096 -0.232828 0.902595
vn -0.237164 -0.608072 0.757629
vn -0.258912 -0.573642 0.777110
vn -0.422480 -0.230029 0.876697
vn -0.465534 -0.097591 0.879633
vn 0.028277 0.185270 0.982281
vn 0.028277 0.185270 0.982281
vn 0.028277 0.185270 0.982281
vn 0.240005 0.593274 0.768390
vn 0.240005 0.593274 0.768390
vn 0.240005 0.593274 0.768390
vn 0.101516 0.714050 0.692695
vn 0.101516 0.714050 0.692695
vn 0.101516 0.714050 0.692695
vn -0.108526 0.683359 0.721971
vn -0.115363 0.676043 0.727776
vn -0.146837 0.640964 0.753395
vn -0.328415 0.387860 0.861225
vn 0.970391 0.117315 0.211137
vn 0.970391 0.117315 0.211137
vn 0.970391 0.117315 0.211137
vn 0.243417 0.847919 0.470936
vn 0.243417 0.847919 0.470936
vn 0.243417 0.847919 0.470936
vn 0.316534 -0.918747 -0.236029
vn 0.316534 -0.918747 -0.236029
vn 0.316534 -0.918747 -0.236029
vn -0.911562 0.000049 0.411163
vn -0.911562 0.000049 0.411163
vn -0.911562 0.000049 0.411163
vn -0.871456 0.225368 0.435631
vn -0.681876 0.438288 0.585618
vn -0.657702 0.458151 0.597934
vn -0.579875 0.515189 0.631130
vn -0.326448 0.725692 0.605643
vn -0.414425 0.786425 0.458026
vn -0.427005 0.793600 0.433435
vn -0.499588 0.824196 0.266669
vn 0.200267 0.975824 0.087530
vn 0.200267 0.975824 0.087530
vn 0.200267 0.975824 0.087530
vn 0.159416 0.985345 0.060673
vn 0.159416 0.985345 0.060673
vn 0.159416 0.985345 0.060673
vn -0.124441 0.840850 0.526770
vn -0.166160 0.886845 0.431158
vn -0.168788 0.889426 0.424772
vn -0.192018 0.910479 0.366274
vn -0.239858 -0.033986 0.970213
vn -0.239858 -0.033986 0.970213
vn -0.239858 -0.033986 0.970213
vn -0.857930 0.383982 0.341342
vn -0.816006 0.167288 0.553308
vn -0.828142 0.203901 0.522117
vn -0.744214 0.011279 0.667846
vn -0.355752 0.292628 0.887587
vn -0.355297 0.292440 0.887830
vn -0.355449 0.292503 0.887749
vn -0.355251 0.292421 0.887855
vn 0.340367 -0.914559 -0.218476
vn 0.340367 -0.914559 -0.218476
vn 0.340367 -0.914559 -0.218476
vn 0.056627 0.384728 0.921292
vn 0.055190 0.384290 0.921561
vn 0.037110 0.378710 0.924771
vn 0.027315 0.375631 0.926367
vn -0.278501 0.558114 0.781630
vn -0.350957 0.491494 0.797034
vn -0.352369 0.490114 0.797261
vn -0.359945 0.482650 0.798429
vn 0.121206 0.780155 0.613732
vn -0.036014 0.851674 0.522833
vn 0.190639 0.738177 0.647110
vn -0.133969 0.990305 0.036719
vn -0.148567 0.986075 0.074725
vn -0.157434 0.982647 0.098075
vn -0.173765 0.974552 0.141613
vn -0.630964 0.730895 -0.260146
vn -0.647353 0.703520 -0.293246
vn -0.633115 0.727512 -0.264371
vn -0.665212 0.668710 -0.332145
vn -0.138122 0.984488 0.108195
vn -0.138122 0.984488 0.108195
vn -0.138122 0.984488 0.108195
vn -0.744330 -0.072877 0.663823
vn -0.744330 -0.072877 0.663823
vn -0.744330 -0.072877 0.663823
vn -0.045771 0.997756 0.048861
vn -0.057261 0.997192 0.048256
vn -0.045837 0.997933 0.045045
vn -0.049125 0.997898 0.042265
vn -0.070419 0.995926 0.056320
vn -0.114538 0.990719 0.073194
vn -0.028642 0.998771 0.040458
vn -0.028642 0.998771 0.040458
vn -0.028642 0.998771 0.040458
vn -0.407859 0.096227 0.907960
vn -0.407859 0.096227 0.907960
vn -0.407859 0.096227 0.907960
vn 0.011905 0.999649 0.023654
vn 0.044433 0.992272 0.115850
vn 0.053171 0.988633 0.140635
vn 0.082017 0.971476 0.222502
vn -0.040582 0.985033 0.167521
vn -0.051708 0.989839 0.132459
vn -0.056362 0.991452 0.117669
vn -0.063785 0.993533 0.093933
vn -0.522970 0.169882 0.835250
vn -0.522970 0.169882 0.835250
vn -0.522970 0.169882 0.835250
vn -0.122630 0.011220 0.992389
vn -0.122630 0.011220 0.992389
vn -0.122630 0.011220 0.992389
vn 0.218576 0.975590 -0.021167
vn 0.218576 0.975590 -0.021167
vn 0.218576 0.975590 -0.021167
vn -0.808181 0.202833 0.552904
vn -0.774100 0.217200 0.594637
vn -0.729813 0.233623 0.642490
vn -0.669896 0.252642 0.698148
vn -0.680034 0.182737 0.710043
vn -0.680034 0.182737 0.710043
vn -0.680034 0.182737 0.710043
vn -0.752171 0.609112 -0.251438
vn -0.752171 0.609112 -0.251438
vn -0.752171 0.609112 -0.251438
vn -0.290896 0.949936 0.114026
vn -0.290896 0.949936 0.114026
vn -0.290896 0.949936 0.114026
vn -0.068773 0.997632 0.000356
vn -0.068773 0.997632 0.000356
vn -0.068773 0.997632 0.000356
vn -0.956465 0.138100 0.257106
vn -0.946702 0.149148 0.285501
vn -0.943703 0.152309 0.293644
vn -0.930979 0.164753 0.325782
vn -0.952771 0.162982 0.256251
vn -0.952771 0.162982 0.256251
vn -0.952771 0.162982 0.256251
vn -0.942170 0.201495 0.267798
vn -0.950450 0.175623 0.256519
vn -0.944360 0.194911 0.264942
vn -0.958861 0.146037 0.243432
vn -0.695847 0.622174 -0.358743
vn -0.785207 0.562465 -0.259005
vn -0.812577 0.538641 -0.222674
vn -0.872413 0.471766 -0.127801
vn -0.946086 0.302015 -0.117085
vn -0.986524 0.158369 0.041105
vn -0.985887 0.163604 0.035515
vn -0.986866 0.050745 0.153366
vn 0.010412 0.999146 -0.039992
vn 0.013792 0.999234 -0.036636
vn 0.021056 0.999345 -0.029420
vn 0.038194 0.999194 -0.012375
vn 0.089274 0.993937 -0.064187
vn 0.074322 0.995972 -0.050169
vn 0.010377 0.999899 0.009696
vn -0.029234 0.998481 0.046705
vn -0.895954 -0.027184 0.443314
vn -0.900080 -0.131171 0.415513
vn -0.898381 -0.060052 0.435092
vn -0.899976 -0.138447 0.413370
vn -0.952055 -0.144997 0.269382
vn -0.936657 -0.212585 0.278356
vn -0.610028 -0.735386 0.295081
vn -0.557827 -0.777684 0.289889
vn -0.988835 0.004746 0.148942
vn -0.988835 0.004746 0.148942
vn -0.988835 0.004746 0.148942
vn -0.803672 0.011653 0.594958
vn -0.803672 0.011653 0.594958
vn -0.803672 0.011653 0.594958
vn -0.327690 0.856708 -0.398335
vn -0.385620 0.865351 -0.320102
vn -0.653217 0.746476 0.126816
vn -0.932115 0.318256 0.172844
vn -0.933514 0.307192 0.184889
vn -0.933306 0.308982 0.182950
vn -0.934188 0.300961 0.191612
vn -0.927071 0.319804 0.195615
vn -0.902282 0.301544 0.308153
vn -0.913006 0.302926 0.273231
vn -0.897359 0.291141 0.331639
vn -0.901516 0.302626 0.309331
vn -0.775364 0.239808 0.584211
vn -0.837974 0.228266 0.495676
vn -0.784150 0.275995 0.555820
vn -0.842615 0.239174 0.482489
vn -0.768722 0.285217 0.572467
vn -0.636866 0.076598 0.767160
vn -0.714206 0.156026 0.682324
vn 0.143643 0.814980 0.561404
vn -0.058452 0.826294 0.560198
vn 0.142733 0.804678 0.576299
vn 0.284815 0.667957 0.687542
vn 0.310153 0.633698 0.708683
vn 0.368853 0.752164 0.546075
vn 0.265203 0.800619 0.537286
vn 0.081151 0.996294 0.028503
vn 0.136959 0.942617 0.304493
vn -0.324396 0.773516 -0.544463
vn -0.310374 0.805386 -0.504997
vn -0.109009 0.922192 -0.371050
vn -0.117089 0.852186 -0.509970
vn -0.110366 0.839766 -0.531613
vn -0.072255 0.997386 -0.000029
vn -0.072616 0.997360 0.000242
vn -0.072917 0.997338 0.000467
vn -0.073432 0.997300 0.000851
vn 0.076771 0.879250 0.470135
vn 0.076771 0.879249 0.470135
vn 0.076771 0.879249 0.470135
vn -0.120296 0.884346 0.451067
vn -0.127832 0.842743 0.522918
vn -0.122124 0.875215 0.468064
vn -0.129366 0.832838 0.538188
vn -0.416326 0.769641 0.484073
vn -0.416326 0.769641 0.484073
vn -0.416326 0.769641 0.484073
vn -0.040963 0.998765 0.028107
vn 0.013602 0.999528 0.027531
vn -0.010235 0.999561 0.027793
vn 0.025136 0.999309 0.027399
vn -0.932617 0.105650 0.345056
vn -0.931772 0.085642 0.352799
vn -0.923772 0.002949 0.382931
vn -0.917830 -0.034215 0.395496
vn 0.073666 0.992954 -0.092817
vn 0.073666 0.992954 -0.092817
vn 0.073666 0.992954 -0.092817
vn -0.985534 0.039377 0.164841
vn -0.985534 0.039377 0.164841
vn -0.985534 0.039377 0.164841
vn 0.110904 0.943542 0.312137
vn 0.110904 0.943542 0.312137
vn 0.110904 0.943542 0.312137
vn 0.686760 0.635494 0.352857
vn 0.686760 0.635494 0.352857
vn 0.686759 0.635494 0.352857
vn -0.544582 0.180895 0.818967
vn -0.408614 0.569053 0.713592
vn 0.468020 0.727337 -0.501935
vn 0.511971 0.626429 -0.587768
vn -0.182899 0.983033 -0.013965
vn -0.182899 0.983033 -0.013965
vn -0.182899 0.983033 -0.013965
vn -0.132630 0.990363 -0.039881
vn -0.103291 0.994263 -0.027794
vn -0.119418 0.992832 0.004827
vn -0.067301 0.989849 0.125179
vn -0.076953 0.995378 -0.057461
vn 0.237428 0.861380 0.449057
vn 0.237428 0.861380 0.449057
vn 0.237428 0.861380 0.449057
vn 0.329174 -0.112618 0.937530
vn 0.330426 -0.123478 0.935720
vn 0.339548 -0.216667 0.915294
vn 0.341937 -0.247871 0.906443
vn 0.438334 -0.488457 0.754502
vn 0.441799 -0.436679 0.783661
vn 0.407672 0.049584 0.911781
vn 0.364819 0.243094 0.898784
vn 0.097797 0.994997 0.020414
vn 0.097797 0.994997 0.020414
vn 0.097797 0.994997 0.020414
vn -0.409846 0.656068 0.633720
vn -0.399778 0.692329 0.600714
vn -0.061242 0.939838 0.336085
vn 0.039074 0.995691 0.084095
vn 0.039074 0.995691 0.084095
vn 0.039074 0.995691 0.084095
vn 0.084310 0.992022 0.093722
vn 0.084310 0.992022 0.093722
vn 0.084310 0.992022 0.093722
vn -0.162529 0.885887 0.434497
vn -0.355999 0.876859 -0.323084
vn -0.731955 0.211088 -0.647829
vn -0.732105 0.212031 -0.647352
vn -0.285158 0.913333 0.290703
vn -0.282639 0.896210 0.341939
vn -0.283030 0.898690 0.335038
vn -0.279527 0.877775 0.389070
vn 0.729515 -0.385327 0.565093
vn 0.727160 -0.374719 0.575172
vn 0.599018 -0.052877 0.798988
vn 0.569273 -0.000820 0.822148
vn 0.263113 -0.861863 -0.433547
vn 0.147068 -0.873450 -0.464172
vn 0.210802 -0.868691 -0.448261
vn 0.096771 -0.874532 -0.475214
vn 0.253608 -0.922958 -0.289537
vn 0.248294 -0.919323 -0.305281
vn 0.239049 -0.912497 -0.331971
vn 0.231871 -0.906781 -0.352114
vn 0.075378 0.996098 0.045907
vn -0.143035 0.976440 0.161573
vn -0.026450 0.994586 0.100496
vn -0.176925 0.967804 0.179036
vn -0.075655 0.997125 0.004278
vn -0.075655 0.997125 0.004278
vn -0.075655 0.997125 0.004278
vn 0.058027 0.991171 0.119217
vn 0.065640 0.997837 0.003590
vn 0.067619 0.997293 -0.028897
vn 0.068869 0.996371 -0.050025
vn 0.032105 0.999485 0.000000
vn 0.031996 0.999488 -0.000706
vn 0.031610 0.999495 -0.003195
vn 0.031509 0.999496 -0.003845
vn -0.003125 0.999995 0.000382
vn 0.044373 0.997307 0.058386
vn 0.075658 0.992446 0.096579
vn 0.159726 0.966864 0.199155
vn -0.124723 0.968137 0.217150
vn -0.236080 0.959897 0.151207
vn -0.219777 0.962144 0.161171
vn -0.266068 0.954792 0.132590
vn -0.077965 0.052535 0.995571
vn -0.085518 0.005881 0.996319
vn -0.078559 0.048908 0.995709
vn -0.086456 0.000000 0.996256
vn -0.144140 0.000000 0.989557
vn -0.117689 0.081213 0.989724
vn -0.132635 0.035723 0.990521
vn -0.113109 0.094956 0.989035
vn -0.767662 0.313806 0.558767
vn -0.838646 0.080566 0.538686
vn -0.777894 0.288636 0.558185
vn -0.851407 0.000000 0.524506
vn -0.667328 -0.631238 0.395238
vn -0.673830 -0.632209 0.382447
vn -0.668620 -0.631439 0.392723
vn -0.676465 -0.632570 0.377161
vn -0.104611 0.049515 0.993280
vn -0.096443 0.053707 0.993888
vn -0.103643 0.050012 0.993356
vn -0.094549 0.054678 0.994018
vn -0.086591 0.061821 0.994324
vn -0.086539 0.061817 0.994329
vn -0.086569 0.061819 0.994326
vn -0.086500 0.061814 0.994332
vn -0.769947 0.583300 0.258731
vn -0.769947 0.583300 0.258731
vn -0.769948 0.583300 0.258731
vn -0.294575 0.790163 0.537465
vn -0.294575 0.790163 0.537465
vn -0.294575 0.790163 0.537465
vn 0.229935 0.971256 0.061578
vn 0.229935 0.971256 0.061578
vn 0.229935 0.971256 0.061578
vn -0.163413 0.951088 0.262161
vn -0.193657 0.966045 0.171038
vn -0.200334 0.968190 0.149914
vn -0.203527 0.969055 0.139674
vn 0.096232 0.988969 -0.112604
vn 0.096232 0.988969 -0.112604
vn 0.096232 0.988969 -0.112604
vn 0.542915 0.831554 -0.117312
vn 0.542915 0.831554 -0.117312
vn 0.542915 0.831554 -0.117312
vn 0.181338 0.978638 0.096870
vn 0.180174 0.978896 0.096441
vn 0.178939 0.979167 0.095987
vn 0.178831 0.979190 0.095947
vn 0.171454 0.983498 0.057746
vn 0.171454 0.983498 0.057746
vn 0.171454 0.983498 0.057746
vn 0.110953 0.991620 0.066181
vn 0.110953 0.991620 0.066181
vn 0.110953 0.991620 0.066181
vn 0.179705 0.982550 0.047984
vn 0.179705 0.982550 0.047984
vn 0.179705 0.982550 0.047984
vn 0.225518 0.966151 0.125275
vn 0.225518 0.966151 0.125275
vn 0.225518 0.966151 0.125275
vn 0.129289 0.983184 0.128968
vn 0.129289 0.983184 0.128968
vn 0.129289 0.983184 0.128968
vn 0.268038 0.963073 -0.025407
vn 0.268038 0.963073 -0.025407
vn 0.268038 0.963073 -0.025407
vn -0.769416 0.526458 0.361721
vn -0.769416 0.526458 0.361721
vn -0.769416 0.526458 0.361721
vn -0.654573 0.576277 0.489326
vn -0.654573 0.576277 0.489326
vn -0.654573 0.576277 0.489326
vn 0.092083 0.995497 -0.022489
vn 0.079284 0.996848 -0.002936
vn 0.077517 0.996991 -0.000242
vn -0.183761 0.904517 0.384812
vn -0.276072 0.937752 -0.210725
vn -0.276072 0.937752 -0.210725
vn -0.276072 0.937752 -0.210725
vn 0.018371 0.909542 0.415205
vn 0.018371 0.909542 0.415205
vn 0.018371 0.909542 0.415205
vn -0.174554 0.904377 0.389401
vn -0.201415 0.904322 0.376343
vn -0.194093 0.904417 0.379944
vn -0.203108 0.904291 0.375505
vn 0.272014 0.940804 0.202229
vn 0.161725 0.977237 0.137306
vn 0.043087 0.996844 0.066669
vn -0.045300 0.998882 0.013529
vn -0.063527 0.997540 0.029639
vn -0.063527 0.997540 0.029639
vn -0.063527 0.997540 0.029639
vn -0.193118 0.973186 0.124957
vn -0.208324 0.972779 0.101499
vn -0.202169 0.975452 0.087294
vn -0.237108 0.971304 -0.018649
vn -0.236521 0.968913 0.072563
vn 0.142960 0.969257 0.200257
vn 0.142960 0.969257 0.200257
vn 0.142960 0.969257 0.200258
vn -0.347925 0.932954 0.092439
vn -0.347925 0.932954 0.092439
vn -0.347925 0.932954 0.092439
vn -0.271153 0.940994 0.202500
vn -0.271153 0.940994 0.202500
vn -0.271153 0.940994 0.202500
vn -0.101632 0.983907 0.146960
vn -0.101632 0.983907 0.146960
vn -0.101632 0.983907 0.146960
vn 0.003247 0.998767 0.049532
vn 0.003247 0.998767 0.049532
vn 0.003247 0.998767 0.049532
vn 0.003247 0.998767 0.049534
vn 0.003247 0.998767 0.049534
vn 0.003247 0.998767 0.049534
vn 0.537562 0.802712 0.258228
vn 0.100659 0.990677 0.091795
vn 0.119571 0.987850 0.099274
vn 0.044189 0.996614 0.069335
vn -0.769416 0.526456 0.361723
vn -0.769415 0.526457 0.361722
vn -0.769415 0.526458 0.361721
vn -0.769415 0.526459 0.361721
vn -0.016273 0.997288 -0.071770
vn -0.016273 0.997288 -0.071770
vn -0.016273 0.997289 -0.071770
vn -0.348125 0.936343 0.045516
vn -0.348125 0.936343 0.045516
vn -0.348125 0.936343 0.045516
vn -0.159983 0.920477 0.356550
vn -0.159983 0.920477 0.356550
vn -0.159983 0.920477 0.356550
vn -0.021101 0.999665 0.015009
vn -0.014964 0.999720 0.018344
vn -0.019985 0.999678 0.015616
vn -0.009654 0.999728 0.021228
vn 0.191220 0.980622 0.042617
vn 0.150531 0.988577 -0.007545
vn 0.173549 0.984607 0.020731
vn 0.103636 0.992530 -0.064369
vn -0.002398 0.994538 -0.104350
vn -0.002398 0.994538 -0.104350
vn -0.002398 0.994538 -0.104350
vn -0.124916 0.959273 -0.253359
vn -0.094370 0.990809 -0.096914
vn -0.107745 0.980532 -0.164159
vn -0.068549 0.997250 0.028156
vn -0.035116 0.998192 0.048772
vn -0.035116 0.998192 0.048772
vn -0.035116 0.998192 0.048772
vn 0.042389 0.998811 0.024092
vn 0.042739 0.998960 0.015887
vn 0.042430 0.998832 0.023133
vn 0.043390 0.999058 0.000454
vn -0.039318 0.950102 0.309453
vn 0.006270 0.994929 0.100385
vn -0.011638 0.982997 0.183252
vn 0.021955 0.999394 0.027022
vn 0.136979 0.990113 -0.030205
vn 0.141764 0.981573 0.128131
vn 0.140144 0.988288 0.060384
vn 0.142982 0.961705 0.233838
vn 0.006602 0.998766 0.049224
vn 0.006602 0.998766 0.049224
vn 0.006602 0.998766 0.049224
vn -0.013539 0.999900 0.004203
vn -0.013539 0.999900 0.004203
vn -0.013539 0.999900 0.004203
vn 0.518123 0.855153 -0.016195
vn -0.098070 0.991525 -0.085210
vn 0.457289 0.888979 -0.024567
vn -0.148784 0.984810 -0.089517
vn 0.095829 0.989154 -0.111314
vn 0.095829 0.989154 -0.111314
vn 0.095829 0.989154 -0.111314
vn -0.119643 0.992209 0.034727
vn -0.119643 0.992209 0.034727
vn -0.119643 0.992209 0.034727
vn 0.034310 0.999411 -0.001240
vn 0.035682 0.999357 0.003390
vn 0.035309 0.999374 0.002131
vn 0.039849 0.999053 0.017464
vn -0.149934 0.974541 0.166701
vn -0.149934 0.974541 0.166701
vn -0.149934 0.974541 0.166701
vn 0.003857 0.998516 -0.054330
vn 0.003857 0.998516 -0.054330
vn 0.003857 0.998516 -0.054330
vn -0.087629 0.994938 0.049190
vn -0.045903 0.998837 -0.014772
vn -0.039473 0.998918 -0.024583
vn -0.010642 0.997599 -0.068438
vn -0.041471 0.998760 -0.027554
vn -0.041471 0.998760 -0.027554
vn -0.041471 0.998760 -0.027554
vn -0.022923 0.981981 0.187583
vn 0.030625 0.998170 0.052141
vn -0.023773 0.983794 0.177717
vn -0.009887 0.994968 0.099705
vn 0.086988 0.994983 -0.049418
vn 0.038500 0.049226 -0.998045
vn 0.038500 0.049226 -0.998045
vn 0.038500 0.049226 -0.998045
vn 0.015872 0.046810 -0.998778
vn 0.018279 0.041418 -0.998975
vn 0.050758 -0.031641 -0.998210
vn 0.054373 -0.039806 -0.997727
vn 0.034503 -0.087514 -0.995566
vn 0.020470 -0.060886 -0.997935
vn -0.129637 0.225208 -0.965648
vn -0.135964 0.237320 -0.961870
vn -0.177204 0.242043 -0.953947
vn -0.137049 0.003186 -0.990559
vn -0.052283 -0.392236 -0.918378
vn -0.039407 -0.443547 -0.895385
vn 0.070988 0.000000 -0.997477
vn 0.070989 0.000000 -0.997477
vn 0.070988 0.000000 -0.997477
vn 0.070989 0.000000 -0.997477
vn 0.237568 0.000000 -0.971371
vn 0.237568 0.000000 -0.971371
vn 0.237568 0.000000 -0.971371
vn 0.237569 0.000000 -0.971371
vn 0.416553 0.000000 -0.909111
vn 0.416556 0.000000 -0.909110
vn 0.416561 0.000000 -0.909108
vn 0.416564 0.000000 -0.909107
vn 0.133623 0.000000 -0.991032
vn 0.111588 0.015528 -0.993633
vn -0.033282 0.115929 -0.992700
vn -0.090959 0.155094 -0.983703
vn 0.100003 0.000000 -0.994987
vn 0.100003 0.000000 -0.994987
vn 0.100003 0.000000 -0.994987
vn 0.100003 0.000000 -0.994987
vn 0.136169 0.000000 -0.990686
vn 0.136171 0.000000 -0.990685
vn 0.136172 0.000000 -0.990685
vn 0.136173 0.000000 -0.990685
vn -0.074255 0.000000 -0.997239
vn -0.074255 0.000000 -0.997239
vn -0.074255 0.000000 -0.997239
vn -0.074256 0.000000 -0.997239
vn -0.169840 0.000000 -0.985472
vn -0.214195 -0.125838 -0.968651
vn -0.265700 -0.284862 -0.921009
vn -0.291926 -0.373243 -0.880607
vn -0.470516 -0.492947 -0.731859
vn -0.400874 -0.443050 -0.801877
vn -0.233972 -0.316931 -0.919137
vn -0.229308 -0.313297 -0.921555
vn -0.234753 -0.721207 -0.651730
vn -0.103386 -0.310530 -0.944925
vn -0.190002 -0.580877 -0.791506
vn -0.087398 -0.260755 -0.961441
vn -0.158836 -0.228349 -0.960535
vn 0.200064 -0.023547 -0.979500
vn 0.237035 -0.001036 -0.971501
vn 0.281597 0.026481 -0.959167
vn -0.093249 0.454760 -0.885719
vn -0.086699 0.465898 -0.880581
vn -0.052234 0.522586 -0.850985
vn -0.029234 0.558646 -0.828891
vn 0.219857 0.608501 -0.762489
vn 0.219917 0.557459 -0.800547
vn 0.219995 0.574057 -0.788708
vn 0.216684 0.431950 -0.875481
vn 0.726190 0.036751 -0.686511
vn 0.552936 -0.258879 -0.791987
vn 0.658275 -0.098754 -0.746272
vn 0.348897 -0.485160 -0.801805
vn 0.221382 -0.151646 -0.963324
vn -0.015883 -0.390604 -0.920422
vn -0.496204 -0.728053 -0.472990
vn -0.511154 -0.733840 -0.447438
vn -0.455460 -0.776791 -0.434915
vn -0.459350 -0.779594 -0.425712
vn -0.484841 -0.796643 -0.360957
vn -0.487801 -0.798455 -0.352872
vn 0.297770 0.442773 -0.845745
vn 0.237342 0.436511 -0.867829
vn 0.258575 0.438907 -0.860523
vn 0.088697 0.414093 -0.905903
vn -0.178917 0.460676 -0.869348
vn -0.173554 0.464838 -0.868219
vn -0.172711 0.465490 -0.868038
vn -0.167997 0.469120 -0.867008
vn 0.452765 0.193231 -0.870440
vn 0.419938 0.180494 -0.889423
vn 0.390293 0.168968 -0.905053
vn 0.014139 0.021118 -0.999677
vn 0.459613 -0.762272 -0.455739
vn 0.457053 -0.763559 -0.456158
vn 0.458330 -0.762918 -0.455950
vn 0.456235 -0.763969 -0.456291
vn 0.157404 0.062721 -0.985541
vn 0.117684 0.072120 -0.990429
vn 0.122538 0.070981 -0.989922
vn 0.102996 0.075553 -0.991808
vn 0.063229 -0.039287 -0.997226
vn 0.089241 0.038002 -0.995285
vn 0.076380 -0.000401 -0.997079
vn 0.113583 0.111743 -0.987225
vn 0.442778 -0.339537 -0.829856
vn 0.442778 -0.339537 -0.829857
vn 0.442778 -0.339537 -0.829856
vn -0.945293 0.326222 0.000000
vn -0.463752 0.277530 -0.841374
vn -0.866899 0.348885 -0.356040
vn -0.390011 0.258023 -0.883921
vn 0.151325 0.513774 -0.844474
vn 0.196671 0.405268 -0.892793
vn 0.156398 0.502323 -0.850419
vn 0.206734 0.379167 -0.901939
vn -0.163340 -0.192641 -0.967579
vn -0.169707 -0.198389 -0.965319
vn -0.209180 -0.233938 -0.949482
vn -0.220863 -0.244433 -0.944178
vn -0.025568 0.154768 -0.987620
vn -0.026383 0.153957 -0.987725
vn -0.030291 0.150070 -0.988211
vn -0.031592 0.148776 -0.988366
vn -0.079376 0.000005 -0.996845
vn -0.079374 0.000005 -0.996845
vn -0.079376 0.000005 -0.996845
vn -0.079374 0.000005 -0.996845
vn -0.251086 -0.546690 -0.798803
vn -0.271486 -0.530111 -0.803292
vn -0.267181 -0.533653 -0.802389
vn -0.290788 -0.513925 -0.807046
vn -0.387783 0.255866 -0.885526
vn -0.365707 0.227970 -0.902379
vn -0.224845 0.057342 -0.972706
vn -0.217027 0.048196 -0.974975
vn -0.163183 0.710061 -0.684971
vn -0.163183 0.710061 -0.684971
vn -0.163183 0.710061 -0.684971
vn -0.163183 0.710061 -0.684971
vn -0.244204 0.397532 -0.884495
vn -0.244202 0.397532 -0.884496
vn -0.244202 0.397532 -0.884497
vn -0.244199 0.397531 -0.884497
vn -0.180633 0.457015 -0.870924
vn 0.119221 0.427207 -0.896259
vn 0.095750 0.431014 -0.897251
vn 0.405148 0.359286 -0.840695
f 101/101/1 369/451/2 100/100/3
f 100/100/3 369/451/2 370/452/4
f 329/382/5 406/502/6 3/3/7
f 166/78/8 167/89/9 90/15/10
f 90/15/10 167/89/9 89/168/11
f 82/82/12 32/32/13 81/81/14
f 81/81/14 32/32/13 13/13/15
f 237/267/16 249/279/17 10/10/18
f 10/10/18 249/279/17 250/280/19
f 197/198/20 44/44/21 6/6/22
f 8/8/23 419/515/24 49/49/25
f 48/48/26 4/4/27 211/221/28
f 211/221/28 4/4/27 210/220/29
f 2/2/30 33/33/31 374/456/32
f 1/1/33 139/140/34 21/21/35
f 21/21/35 139/140/34 140/141/36
f 354/414/37 355/415/38 352/417/39
f 352/417/39 355/415/38 28/416/40
f 176/177/41 225/249/42 35/35/43
f 35/35/43 225/249/42 226/250/44
f 172/173/45 173/174/46 209/219/47
f 5/5/48 70/70/49 79/79/50
f 307/359/51 297/349/52 304/356/53
f 304/356/53 297/349/52 298/350/54
f 5/5/55 19/19/56 70/70/57
f 70/70/57 19/19/56 69/69/58
f 97/97/59 98/98/60 20/20/61
f 20/20/61 98/98/60 3/3/62
f 47/47/63 20/20/64 46/46/65
f 46/46/65 20/20/64 3/3/66
f 21/21/67 234/264/68 233/263/69
f 22/22/70 60/60/71 248/278/72
f 24/24/73 160/161/74 8/8/75
f 302/354/76 303/355/77 25/25/78
f 25/25/78 303/355/77 299/351/79
f 4/4/80 27/27/81 94/94/82
f 94/94/82 27/27/81 93/93/83
f 12/86/84 29/105/85 86/12/86
f 86/12/86 29/105/85 85/192/87
f 30/30/88 197/198/89 6/6/90
f 368/450/91 369/451/92 102/102/93
f 102/102/93 369/451/92 101/101/94
f 3/3/95 98/98/96 126/130/97
f 126/130/97 98/98/96 99/99/98
f 226/250/99 126/130/100 35/35/101
f 94/94/102 95/95/103 4/4/104
f 4/4/104 95/95/103 138/120/105
f 4/4/106 138/120/107 210/220/108
f 80/80/109 13/13/110 333/386/111
f 41/41/112 144/145/113 72/72/114
f 72/72/114 144/145/113 145/146/115
f 264/310/116 143/144/117 257/303/118
f 42/42/119 106/106/120 59/59/121
f 30/30/122 6/6/123 106/106/120
f 59/59/121 106/106/120 6/6/123
f 59/59/124 181/182/125 42/42/126
f 50/50/127 27/27/128 393/489/129
f 215/229/130 51/51/131 134/138/132
f 91/91/133 165/166/134 90/90/135
f 90/90/135 165/166/134 166/167/136
f 220/234/137 53/53/138 169/170/139
f 169/170/139 53/53/138 52/52/140
f 60/60/141 255/285/142 251/281/143
f 76/76/144 61/61/145 217/231/146
f 217/231/146 61/61/145 54/54/147
f 55/55/148 54/54/147 61/61/145
f 341/397/149 346/402/150 336/392/151
f 336/392/151 346/402/150 347/403/152
f 32/32/153 82/82/154 83/83/155
f 84/84/156 29/29/157 107/107/158
f 104/423/159 105/424/160 192/422/161
f 192/422/161 105/424/160 191/425/162
f 59/59/163 6/6/164 334/390/165
f 33/33/166 116/119/167 6/6/164
f 334/390/165 6/6/164 116/119/167
f 251/281/168 252/282/169 60/60/170
f 60/60/170 252/282/169 62/62/171
f 61/61/172 64/64/173 55/55/174
f 55/55/174 64/64/173 63/63/175
f 66/66/176 60/60/177 65/65/178
f 65/65/178 60/60/177 62/62/179
f 61/61/180 66/66/181 64/64/182
f 64/64/182 66/66/181 65/65/183
f 66/66/184 61/61/185 67/67/186
f 67/67/186 61/61/185 77/77/187
f 68/294/188 67/295/189 279/297/190
f 279/297/190 67/295/189 77/296/191
f 282/333/192 70/70/193 281/332/194
f 281/332/194 70/70/193 69/69/195
f 69/69/196 19/19/197 71/71/198
f 133/137/199 14/239/200 360/436/201
f 360/436/201 14/239/200 359/435/202
f 73/73/203 359/434/202 14/14/200
f 74/74/204 73/73/205 26/237/206
f 26/237/206 73/73/205 14/14/207
f 75/75/208 74/74/209 26/237/210
f 76/76/144 159/160/211 23/23/212
f 279/297/213 77/296/214 278/299/215
f 278/299/215 77/296/214 23/298/216
f 283/334/217 79/79/218 282/333/219
f 282/333/219 79/79/218 70/70/220
f 39/39/221 260/306/222 79/79/223
f 31/31/224 82/82/225 16/16/226
f 16/16/226 82/82/225 81/81/227
f 31/31/228 112/114/229 82/82/230
f 82/82/230 112/114/229 83/83/231
f 338/394/232 83/83/233 337/428/234
f 337/428/234 83/83/233 57/429/235
f 28/28/236 188/189/237 120/123/238
f 120/123/238 188/189/237 189/190/239
f 355/415/240 187/418/241 28/416/242
f 28/416/242 187/418/241 188/419/243
f 23/298/244 90/15/245 278/299/246
f 278/299/246 90/15/245 89/168/247
f 23/23/248 91/91/249 90/90/250
f 23/23/251 159/160/252 91/91/253
f 26/26/254 93/93/255 92/92/256
f 94/94/257 93/93/258 14/236/259
f 14/236/259 93/93/258 26/238/260
f 95/95/261 94/94/262 14/239/263
f 14/239/264 133/137/265 291/343/266
f 97/97/267 96/96/268 19/19/269
f 98/98/270 97/97/271 5/5/272
f 5/5/272 97/97/271 19/19/273
f 99/99/274 5/5/275 115/118/276
f 13/475/277 100/476/278 88/477/279
f 32/32/280 101/101/281 13/13/282
f 13/13/282 101/101/281 100/100/283
f 102/389/284 32/32/285 108/108/286
f 29/29/287 103/103/288 107/107/289
f 104/423/290 29/105/291 105/424/292
f 105/424/292 29/105/291 12/86/293
f 193/194/294 103/103/295 192/193/296
f 192/193/296 103/103/295 104/104/297
f 83/83/298 356/412/299 108/108/300
f 102/389/301 108/108/302 356/412/303
f 371/479/304 88/477/305 370/478/306
f 370/478/306 88/477/305 100/476/307
f 16/481/308 81/482/309 110/484/310
f 110/484/310 81/482/309 80/483/311
f 110/110/312 80/80/313 111/111/314
f 111/111/314 80/80/313 114/112/315
f 80/80/316 38/38/317 114/112/318
f 114/112/318 38/38/317 113/113/319
f 110/110/320 111/111/321 38/38/322
f 38/38/322 111/111/321 113/113/323
f 112/114/324 57/430/325 111/111/326
f 111/111/326 57/430/325 113/113/327
f 57/430/328 83/83/329 113/113/330
f 113/113/330 83/83/329 114/112/331
f 112/114/332 111/111/333 83/83/334
f 83/83/334 111/111/333 114/112/335
f 32/32/336 83/83/337 108/108/338
f 79/79/339 309/361/340 358/433/341
f 99/99/342 115/118/343 310/362/344
f 310/362/344 115/118/343 309/361/345
f 13/13/346 88/88/347 87/87/348
f 80/483/349 81/482/350 13/485/351
f 102/102/352 101/101/353 32/32/354
f 43/387/355 118/516/356 180/43/357
f 180/43/357 118/516/356 179/517/358
f 43/387/359 116/518/360 118/516/361
f 118/516/361 116/518/360 117/519/362
f 372/454/363 368/450/364 119/115/365
f 119/115/365 368/450/364 102/102/366
f 34/34/367 118/116/368 109/109/369
f 109/109/369 118/116/368 117/117/370
f 34/34/371 178/179/372 118/116/373
f 118/116/373 178/179/372 179/180/374
f 88/88/375 371/453/376 119/115/377
f 119/115/377 371/453/376 372/454/378
f 84/84/379 85/85/380 29/29/381
f 29/29/382 104/104/383 103/103/384
f 106/106/385 42/42/386 58/124/387
f 58/124/387 42/42/386 196/377/388
f 42/42/386 121/125/389 196/377/388
f 181/182/390 182/183/391 42/42/392
f 42/42/392 182/183/391 121/125/393
f 193/194/394 194/195/395 103/103/396
f 103/103/396 194/195/395 122/126/397
f 120/123/398 189/190/399 124/127/400
f 124/127/400 189/190/399 190/191/401
f 56/431/402 125/432/403 84/84/404
f 84/84/404 125/432/403 123/128/405
f 56/56/406 120/57/407 125/393/408
f 125/393/408 120/57/407 124/129/409
f 99/99/410 98/98/411 5/5/412
f 5/5/413 79/79/414 358/433/415
f 127/131/416 71/71/198 19/19/197
f 96/96/417 127/131/418 19/19/419
f 20/20/420 128/132/421 97/97/422
f 97/97/422 128/132/421 96/96/423
f 128/132/424 36/36/425 129/254/426
f 129/254/426 36/36/425 131/134/427
f 174/175/428 175/251/429 36/36/430
f 36/36/430 175/251/429 131/134/431
f 96/96/432 128/132/433 130/253/434
f 130/253/434 128/132/433 129/254/435
f 99/99/436 130/135/437 126/130/438
f 126/130/438 130/135/437 129/133/439
f 176/177/440 35/35/441 175/176/442
f 175/176/442 35/35/441 131/252/443
f 126/130/444 129/133/445 35/35/446
f 35/35/446 129/133/445 131/252/447
f 132/136/448 75/75/208 26/26/210
f 92/92/449 132/136/450 26/26/451
f 292/344/452 133/137/453 361/437/454
f 361/437/454 133/137/453 360/436/455
f 133/137/456 292/344/457 291/343/458
f 291/343/458 292/344/457 293/345/459
f 27/27/460 134/138/461 93/93/462
f 93/93/462 134/138/461 92/92/463
f 134/138/464 136/228/465 92/92/466
f 92/92/466 136/228/465 135/226/467
f 134/225/468 51/227/469 308/360/470
f 51/227/471 170/242/472 308/360/473
f 138/120/474 95/95/475 136/122/476
f 136/122/476 95/95/475 135/139/477
f 171/172/478 172/173/479 227/255/480
f 172/173/479 37/37/481 227/255/480
f 227/255/480 37/37/481 228/257/482
f 37/37/481 137/121/483 228/257/482
f 138/120/484 136/122/485 37/37/486
f 37/37/486 136/122/485 137/121/487
f 367/449/488 336/392/489 348/404/490
f 348/404/490 336/392/489 347/403/491
f 183/184/492 349/405/493 350/406/494
f 183/184/495 351/407/496 342/398/497
f 139/140/498 141/142/499 140/141/500
f 140/141/500 141/142/499 142/143/501
f 140/141/502 142/143/503 365/441/504
f 365/441/504 142/143/503 301/353/505
f 238/268/506 256/302/507 22/22/508
f 241/271/509 229/259/510 240/270/511
f 240/270/511 229/259/510 140/141/512
f 140/141/512 365/441/513 240/270/511
f 240/270/511 365/441/513 366/442/514
f 141/142/515 317/369/516 11/11/517
f 11/11/517 317/369/516 318/370/518
f 141/142/519 11/11/520 142/143/521
f 142/143/521 11/11/520 18/18/522
f 265/311/523 261/307/524 186/187/525
f 139/140/526 322/374/527 141/142/528
f 141/142/528 322/374/527 323/375/529
f 186/187/530 261/307/531 262/308/532
f 257/303/533 143/144/534 311/363/535
f 145/146/536 144/145/537 71/71/538
f 71/71/538 144/145/537 258/304/539
f 146/147/540 145/146/541 295/347/542
f 295/347/542 145/146/541 71/71/543
f 146/147/544 295/347/545 147/148/546
f 147/148/546 295/347/545 296/348/547
f 148/149/548 173/174/549 212/222/550
f 148/149/551 212/222/552 414/510/553
f 414/510/553 212/222/552 413/509/554
f 149/150/555 213/223/556 150/151/557
f 150/151/557 213/223/556 214/224/558
f 141/142/559 323/375/560 317/369/561
f 317/369/561 323/375/560 324/376/562
f 38/38/563 152/153/564 110/110/565
f 110/110/565 152/153/564 314/366/566
f 152/153/564 313/365/567 314/366/566
f 153/154/568 152/153/569 80/80/570
f 80/80/570 152/153/569 38/38/571
f 154/155/572 153/154/573 331/384/574
f 331/384/574 153/154/573 80/80/575
f 154/155/576 331/384/577 155/156/578
f 155/156/578 331/384/577 332/385/579
f 156/157/580 177/178/581 325/378/582
f 401/497/583 411/507/584 412/508/585
f 326/379/586 403/499/587 157/158/588
f 76/76/589 217/231/590 159/160/591
f 159/160/591 217/231/590 218/232/592
f 91/91/593 159/160/594 219/233/595
f 219/233/595 159/160/594 218/232/596
f 169/170/597 52/52/598 168/169/599
f 168/169/599 52/52/598 222/246/600
f 52/52/601 160/161/602 162/163/603
f 162/163/603 160/161/602 163/164/604
f 165/166/605 91/91/606 164/165/607
f 164/165/607 91/91/606 161/162/608
f 165/166/609 164/165/610 160/161/611
f 160/161/611 164/165/610 163/164/612
f 165/166/613 160/161/74 166/167/614
f 166/167/614 160/161/74 24/24/73
f 166/78/615 24/300/616 167/89/617
f 167/89/617 24/300/616 7/301/618
f 169/170/619 168/169/620 91/91/621
f 91/91/621 168/169/620 161/162/622
f 91/91/623 219/233/624 169/170/625
f 169/170/625 219/233/624 220/234/626
f 170/242/627 92/244/628 171/243/629
f 171/243/629 92/244/628 135/245/630
f 172/173/631 171/172/632 95/95/633
f 95/95/633 171/172/632 135/139/634
f 95/95/635 294/346/636 172/173/637
f 174/175/638 224/248/639 96/96/640
f 175/251/641 174/175/642 130/253/643
f 130/253/643 174/175/642 96/96/644
f 99/99/645 176/177/646 130/135/647
f 130/135/647 176/177/646 175/176/648
f 99/99/649 225/249/650 176/177/651
f 178/179/652 177/178/653 332/385/654
f 332/385/654 177/178/653 155/156/655
f 178/179/656 88/88/657 179/180/658
f 179/180/658 88/88/657 119/115/659
f 102/520/660 180/43/661 119/521/662
f 119/521/662 180/43/661 179/517/663
f 102/389/664 340/396/665 335/391/666
f 181/182/667 103/103/668 182/183/669
f 182/183/669 103/103/668 122/126/670
f 316/368/671 16/16/672 315/367/673
f 11/11/674 318/370/675 319/371/676
f 186/187/677 262/308/678 143/144/679
f 143/144/679 262/308/678 263/309/680
f 265/311/681 186/187/682 264/310/683
f 264/310/683 186/187/682 143/144/684
f 187/418/685 86/420/686 188/419/687
f 188/419/687 86/420/686 85/421/688
f 188/189/689 85/85/690 189/190/691
f 189/190/691 85/85/690 84/84/692
f 189/190/693 84/84/694 190/191/695
f 190/191/695 84/84/694 123/128/696
f 30/426/697 192/422/698 58/427/699
f 58/427/699 192/422/698 191/425/700
f 30/30/122 106/106/120 192/193/701
f 192/193/701 106/106/120 193/194/702
f 193/194/703 106/106/704 194/195/705
f 194/195/705 106/106/704 58/124/706
f 199/200/707 41/41/708 200/201/709
f 200/201/709 41/41/708 201/202/710
f 41/41/711 72/72/712 201/202/713
f 201/202/713 72/72/712 202/203/714
f 202/203/715 72/72/716 200/201/717
f 199/200/718 200/201/717 307/359/719
f 307/359/719 200/201/717 297/349/720
f 72/72/716 297/349/720 200/201/717
f 25/25/721 299/351/722 203/204/723
f 203/204/723 299/351/722 300/352/724
f 202/206/725 200/205/726 75/75/727
f 75/75/727 200/205/726 300/352/728
f 203/204/729 300/352/728 200/205/726
f 54/312/730 201/313/731 75/207/732
f 75/207/732 201/313/731 202/314/733
f 54/312/734 203/315/735 201/313/736
f 201/313/736 203/315/735 200/316/737
f 71/71/738 280/331/739 69/69/740
f 69/69/740 280/331/739 281/332/741
f 280/331/742 284/336/743 287/339/744
f 287/339/744 284/336/743 205/209/745
f 40/40/746 207/211/747 71/71/748
f 71/71/748 207/211/747 206/210/749
f 79/79/750 206/214/751 39/39/752
f 39/39/752 206/214/751 207/213/753
f 283/334/754 312/364/755 284/335/756
f 284/335/756 312/364/755 205/215/757
f 39/39/758 207/213/759 321/373/760
f 321/373/760 207/213/759 205/215/761
f 77/77/762 61/61/763 23/23/764
f 23/23/212 61/61/145 76/76/144
f 22/22/765 256/302/766 60/60/767
f 24/24/768 421/523/769 7/7/770
f 421/523/769 424/526/771 7/7/770
f 7/7/770 424/526/771 425/527/772
f 209/219/773 173/174/774 148/149/775
f 209/219/776 148/149/777 415/511/778
f 415/511/778 148/149/777 414/510/779
f 210/220/780 149/150/781 211/221/782
f 211/221/782 149/150/781 150/151/783
f 138/120/784 37/37/785 415/511/786
f 415/511/786 37/37/785 209/219/787
f 223/247/788 224/248/789 36/36/790
f 36/36/790 224/248/789 174/175/791
f 128/132/792 223/247/793 36/36/794
f 213/223/795 20/20/796 214/224/797
f 214/224/797 20/20/796 47/47/798
f 215/229/799 134/138/461 27/27/460
f 216/230/800 215/229/801 50/50/802
f 50/50/802 215/229/801 27/27/803
f 53/53/804 51/51/805 8/8/806
f 8/8/806 51/51/805 215/229/807
f 217/231/808 54/54/809 75/75/810
f 218/232/811 217/231/812 132/136/813
f 132/136/813 217/231/812 75/75/814
f 218/232/815 132/136/816 219/233/817
f 219/233/817 132/136/816 221/235/818
f 220/234/819 219/233/820 170/171/821
f 170/171/821 219/233/820 221/235/822
f 53/53/823 220/234/824 51/51/825
f 51/51/825 220/234/824 170/171/826
f 221/235/827 132/136/828 92/92/829
f 170/171/830 221/235/831 92/92/832
f 8/8/806 160/161/833 53/53/804
f 53/53/804 160/161/833 52/52/834
f 134/225/835 137/240/836 136/241/837
f 222/246/838 52/52/839 162/163/840
f 212/222/841 223/247/842 413/509/843
f 413/509/843 223/247/842 128/132/844
f 212/222/845 173/174/846 224/248/847
f 224/248/848 173/174/849 296/348/850
f 296/348/850 173/174/849 147/148/851
f 99/99/852 310/362/853 225/249/854
f 328/381/855 225/249/856 177/178/857
f 3/3/858 126/130/859 329/382/860
f 329/382/860 126/130/859 409/505/861
f 227/256/862 170/242/863 171/243/864
f 228/258/865 170/242/866 227/256/867
f 241/271/868 242/272/869 229/259/870
f 229/259/870 242/272/869 243/273/871
f 235/265/872 246/276/873 230/260/874
f 230/260/874 246/276/873 247/277/875
f 229/259/876 231/261/877 140/141/878
f 140/141/878 231/261/877 21/21/879
f 10/10/880 232/262/881 237/267/882
f 237/267/882 232/262/881 236/266/883
f 233/263/884 234/264/885 230/260/886
f 230/260/886 234/264/885 235/265/887
f 21/21/888 231/261/889 234/264/890
f 235/265/891 234/264/892 231/261/893
f 246/276/894 235/265/895 245/275/896
f 245/275/896 235/265/895 231/261/897
f 245/275/898 231/261/899 244/274/900
f 22/286/901 248/287/902 237/289/903
f 237/289/903 248/287/902 249/288/904
f 244/274/905 231/261/906 243/273/907
f 243/273/907 231/261/906 229/259/908
f 184/185/909 253/283/910 238/268/911
f 184/185/912 240/270/913 366/442/914
f 184/185/912 241/271/915 240/270/913
f 184/185/916 242/272/917 241/271/918
f 184/185/909 238/268/911 242/272/919
f 242/272/920 238/268/506 243/273/921
f 243/273/921 238/268/506 22/22/508
f 244/290/922 243/291/923 237/289/924
f 237/289/924 243/291/923 22/286/925
f 245/275/926 244/274/927 236/266/928
f 236/266/928 244/274/927 237/267/929
f 236/266/930 246/276/931 245/275/932
f 246/276/933 236/266/934 247/277/935
f 247/277/935 236/266/934 232/262/936
f 60/60/937 66/66/938 248/278/939
f 248/278/939 66/66/938 67/67/940
f 248/287/941 67/292/942 249/288/943
f 249/288/943 67/292/942 68/293/944
f 250/280/945 249/279/946 68/68/947
f 203/204/948 54/216/949 251/281/950
f 251/281/950 54/216/949 55/217/951
f 251/281/952 55/217/953 252/282/954
f 252/282/954 55/217/953 63/218/955
f 184/185/956 239/269/957 253/283/958
f 239/269/959 25/25/960 253/283/961
f 253/283/961 25/25/960 254/284/962
f 255/285/963 254/284/964 203/204/965
f 203/204/965 254/284/964 25/25/966
f 251/281/967 255/285/968 203/204/969
f 254/284/970 256/302/971 253/283/972
f 253/283/972 256/302/971 238/268/973
f 60/60/974 256/302/975 255/285/976
f 255/285/976 256/302/975 254/284/977
f 144/145/978 285/337/979 286/338/980
f 199/200/981 285/337/982 41/41/983
f 41/41/983 285/337/982 144/145/984
f 71/71/985 258/304/986 40/40/987
f 11/11/988 319/371/989 320/372/990
f 110/110/991 314/366/992 16/16/993
f 16/16/993 314/366/992 315/367/994
f 208/212/995 259/305/996 313/365/997
f 79/79/998 260/306/999 153/154/1000
f 153/154/1000 260/306/999 152/153/1001
f 142/143/1002 18/18/1003 261/307/1004
f 261/307/1004 18/18/1003 262/308/1005
f 263/309/1006 262/308/1007 18/18/1008
f 17/17/1009 264/310/1010 199/200/1011
f 199/200/1011 264/310/1010 257/303/1012
f 17/17/1013 265/311/1014 264/310/1015
f 306/358/1016 265/311/1017 17/17/1018
f 277/330/1019 267/319/1020 276/329/1021
f 276/329/1021 267/319/1020 270/323/1022
f 266/320/1023 272/325/1024 275/328/1025
f 275/328/1025 272/325/1024 274/327/1026
f 275/328/1027 276/329/1028 266/320/1029
f 266/320/1029 276/329/1028 270/323/1030
f 274/327/1031 272/325/1032 269/321/1033
f 274/327/1034 269/321/1035 273/326/1036
f 273/326/1036 269/321/1035 268/322/1037
f 275/328/1038 274/327/1039 78/317/1040
f 78/317/1040 274/327/1039 273/326/1041
f 271/324/1042 276/329/1043 78/317/1044
f 78/317/1044 276/329/1043 275/328/1045
f 15/318/1046 277/330/1047 271/324/1048
f 271/324/1048 277/330/1047 276/329/1049
f 204/208/1050 289/341/1051 288/340/1052
f 288/340/1052 289/341/1051 281/332/1053
f 289/341/1054 290/342/1055 281/332/1056
f 281/332/1056 290/342/1055 282/333/1057
f 283/334/1058 282/333/1059 312/364/1060
f 312/364/1060 282/333/1059 290/342/1061
f 284/336/1062 280/331/1063 206/210/1064
f 206/210/1064 280/331/1063 71/71/1065
f 283/334/1066 284/335/1067 79/79/1068
f 79/79/1068 284/335/1067 206/214/1069
f 199/200/1070 257/303/1071 285/337/1072
f 286/338/1073 285/337/1074 204/208/1075
f 204/208/1075 285/337/1074 257/303/1076
f 287/339/1077 286/338/1078 288/340/1079
f 288/340/1079 286/338/1078 204/208/1080
f 207/211/1081 40/40/1082 205/209/1083
f 40/40/1082 287/339/1084 205/209/1083
f 287/339/1085 288/340/1086 280/331/1087
f 280/331/1087 288/340/1086 281/332/1088
f 289/341/1089 204/208/1090 18/18/1091
f 11/11/1092 290/342/1093 18/18/1094
f 18/18/1094 290/342/1093 289/341/1095
f 95/95/1096 291/343/1097 294/346/1098
f 294/346/1098 291/343/1097 293/345/1099
f 14/239/1100 291/343/1101 95/95/1102
f 361/437/1103 362/438/1104 292/344/1105
f 293/345/1106 292/344/1107 363/439/1108
f 363/439/1108 292/344/1107 362/438/1109
f 294/346/1110 293/345/1111 364/440/1112
f 364/440/1112 293/345/1111 363/439/1113
f 172/173/1114 294/346/1115 364/440/1116
f 40/40/1117 258/304/1118 287/339/1119
f 286/338/1120 287/339/1119 144/145/1121
f 258/304/1118 144/145/1121 287/339/1119
f 295/347/1122 71/71/1123 127/131/1124
f 295/347/1125 127/131/1126 296/348/1127
f 296/348/1127 127/131/1126 96/96/1128
f 96/96/1129 224/248/1130 296/348/1131
f 297/349/1132 72/72/1133 298/350/1134
f 298/350/1134 72/72/1133 73/73/1135
f 298/350/1136 73/73/1137 303/355/1138
f 73/73/1137 74/74/1139 303/355/1138
f 299/351/1140 303/355/1138 74/74/1139
f 300/352/1141 299/351/1142 75/75/1143
f 75/75/1143 299/351/1142 74/74/1144
f 142/143/1145 261/307/1146 301/353/1147
f 301/353/1147 261/307/1146 265/311/1148
f 265/311/1149 306/358/1150 301/353/1151
f 304/356/1152 305/357/1153 17/17/1154
f 17/17/1154 305/357/1153 306/358/1155
f 304/356/1156 298/350/1157 305/357/1158
f 305/357/1158 298/350/1157 303/355/1159
f 303/355/1160 302/354/1161 305/357/1162
f 305/357/1162 302/354/1161 306/358/1163
f 199/200/1164 307/359/1165 17/17/1166
f 17/17/1166 307/359/1165 304/356/1167
f 170/242/1168 228/258/1169 308/360/1170
f 308/360/1170 228/258/1169 137/240/1171
f 134/225/1172 308/360/1173 137/240/1174
f 79/79/1175 153/154/1176 309/361/1177
f 309/361/1177 153/154/1176 154/155/1178
f 310/362/1179 309/361/1180 155/156/1181
f 155/156/1181 309/361/1180 154/155/1182
f 225/249/1183 310/362/1184 177/178/1185
f 177/178/1185 310/362/1184 155/156/1186
f 212/222/1187 224/248/1188 223/247/1189
f 172/173/1190 209/219/1191 37/37/1192
f 311/363/1193 143/144/1194 263/309/1195
f 204/208/1196 311/363/1197 18/18/1198
f 18/18/1198 311/363/1197 263/309/1199
f 257/303/1200 311/363/1201 204/208/1202
f 320/372/1203 290/342/1204 11/11/1205
f 205/215/1206 312/364/1207 321/373/1208
f 313/365/1209 259/305/1210 314/366/1211
f 314/366/1212 259/305/1213 315/367/1214
f 315/367/1214 259/305/1213 151/152/1215
f 316/368/1216 315/367/1217 185/186/1218
f 185/186/1218 315/367/1217 151/152/1219
f 317/369/1220 324/376/1221 185/186/1222
f 318/370/1223 317/369/1224 185/186/1225
f 319/371/1226 318/370/1227 151/152/1228
f 151/152/1228 318/370/1227 185/186/1229
f 320/372/1230 259/305/1231 208/212/1232
f 312/364/1233 290/342/1234 208/212/1235
f 208/212/1235 290/342/1234 320/372/1236
f 313/365/1237 152/153/1238 208/212/1239
f 208/212/1239 152/153/1238 260/306/1240
f 321/373/1241 312/364/1242 208/212/1243
f 321/373/1244 208/212/1245 39/39/1246
f 39/39/1246 208/212/1245 260/306/1247
f 319/371/1248 151/152/1249 320/372/1250
f 320/372/1250 151/152/1249 259/305/1251
f 183/184/1252 348/404/1253 349/405/1254
f 322/374/1255 31/31/1256 323/375/1257
f 323/375/1257 31/31/1256 16/16/1258
f 323/375/1259 16/16/1260 324/376/1261
f 324/376/1261 16/16/1260 316/368/1262
f 185/186/1263 324/376/1264 316/368/1265
f 325/378/1266 178/179/1267 34/34/1268
f 34/34/1269 109/109/1270 412/508/1271
f 412/508/1271 109/109/1270 401/497/1272
f 401/497/1272 109/109/1270 400/496/1273
f 109/109/1270 2/2/1274 400/496/1273
f 390/474/1275 327/380/1276 326/379/1277
f 328/381/1278 177/178/1279 156/157/1280
f 329/382/1281 409/505/1282 157/158/1283
f 157/158/1283 409/505/1282 410/506/1284
f 157/158/1285 158/159/1286 329/382/1287
f 329/382/1287 158/159/1286 330/383/1288
f 325/378/1289 177/178/1290 178/179/1291
f 226/250/1292 225/249/1293 328/381/1294
f 331/384/1295 80/80/1296 333/386/1297
f 331/384/1298 87/87/1299 332/385/1300
f 332/385/1300 87/87/1299 88/88/1301
f 178/179/1302 332/385/1303 88/88/1304
f 333/386/1305 13/13/1306 87/87/1307
f 331/384/1308 333/386/1309 87/87/1310
f 43/388/1311 334/390/1312 116/119/1313
f 180/181/1314 335/391/1315 43/388/1316
f 43/388/1316 335/391/1315 334/390/1317
f 102/389/1318 335/391/1319 180/181/1320
f 335/391/1321 181/182/1322 334/390/1323
f 334/390/1323 181/182/1322 59/59/1324
f 342/398/1325 343/399/1326 367/449/1327
f 367/449/1327 343/399/1326 336/392/1328
f 343/399/1329 344/400/1330 336/392/1331
f 336/392/1331 344/400/1330 341/397/1332
f 84/84/1333 338/394/1334 56/431/1335
f 56/431/1335 338/394/1334 337/428/1336
f 84/84/1337 357/413/1338 338/394/1339
f 338/394/1339 357/413/1338 339/395/1340
f 339/395/1341 357/413/1342 340/396/1343
f 340/396/1343 357/413/1342 103/103/1344
f 335/391/1345 340/396/1346 181/182/1347
f 181/182/1347 340/396/1346 103/103/1348
f 341/397/1349 344/400/1350 345/401/1351
f 346/402/1352 341/397/1353 345/401/1354
f 342/398/1355 28/28/1356 343/399/1357
f 28/28/1358 120/123/1359 343/399/1360
f 343/399/1360 120/123/1359 344/400/1361
f 120/57/1362 56/56/1363 344/444/1364
f 344/444/1364 56/56/1363 345/443/1365
f 345/443/1365 56/56/1363 337/445/1366
f 112/446/1367 346/447/1368 57/448/1369
f 346/447/1368 345/443/1370 57/448/1369
f 345/443/1370 337/445/1371 57/448/1369
f 347/403/1372 346/402/1373 31/31/228
f 31/31/228 346/402/1373 112/114/229
f 348/404/1374 347/403/1375 31/31/1376
f 348/404/1374 31/31/1376 349/405/1377
f 349/405/1377 31/31/1376 322/374/1378
f 349/405/1379 322/374/1380 350/406/1381
f 350/406/1381 322/374/1380 139/140/1382
f 351/407/1383 352/408/1384 342/398/1355
f 342/398/1355 352/408/1384 28/28/1356
f 183/184/492 350/406/494 351/407/1385
f 351/407/1386 350/406/1381 352/408/1387
f 352/408/1387 350/406/1381 139/140/1382
f 1/1/1388 354/410/1389 139/140/1390
f 139/140/1390 354/410/1389 352/408/1391
f 1/1/1392 353/409/1393 354/410/1394
f 353/409/1395 9/9/1396 354/410/1397
f 354/410/1397 9/9/1396 355/411/1398
f 9/9/1399 187/188/1400 355/411/1401
f 339/395/1402 356/412/1403 338/394/1404
f 338/394/1404 356/412/1403 83/83/1405
f 102/389/1406 356/412/1407 340/396/1408
f 340/396/1408 356/412/1407 339/395/1409
f 84/84/1410 107/107/1411 357/413/1412
f 103/103/1413 357/413/1414 107/107/1415
f 358/433/1416 309/361/1417 115/118/1418
f 5/5/1419 358/433/1420 115/118/1421
f 73/73/1422 72/72/1423 359/434/1424
f 72/72/1423 360/436/1425 359/435/1424
f 72/72/1426 361/437/1427 360/436/1428
f 72/72/1429 145/146/1430 361/437/1431
f 361/437/1431 145/146/1430 362/438/1432
f 145/146/1430 146/147/1433 362/438/1432
f 363/439/1434 362/438/1435 146/147/1436
f 364/440/1437 363/439/1438 147/148/1439
f 147/148/1439 363/439/1438 146/147/1440
f 172/173/1441 364/440/1442 173/174/1443
f 173/174/1443 364/440/1442 147/148/1444
f 302/354/1445 301/353/1446 306/358/1447
f 366/442/1448 365/441/1449 239/269/959
f 239/269/959 365/441/1449 25/25/960
f 184/185/956 366/442/1450 239/269/957
f 302/354/1451 25/25/1452 365/441/1453
f 302/354/1454 365/441/1455 301/353/1456
f 183/184/1252 367/449/1457 348/404/1253
f 183/184/495 342/398/497 367/449/1458
f 368/450/1459 116/119/167 369/451/1460
f 369/451/1460 116/119/167 33/33/166
f 369/451/1461 33/33/1462 370/452/1463
f 370/452/1463 33/33/1462 2/2/1464
f 2/480/1465 109/486/1466 370/478/1467
f 370/478/1467 109/486/1466 371/479/1468
f 371/453/1469 109/109/1470 372/454/1471
f 372/454/1471 109/109/1470 117/117/1472
f 368/450/1473 372/454/1474 116/119/1475
f 116/119/1475 372/454/1474 117/117/1476
f 33/33/1477 6/6/1478 374/456/1479
f 374/456/1479 6/6/1478 44/44/1480
f 373/455/1481 374/456/1482 44/44/1483
f 374/456/1484 373/455/1485 2/2/1486
f 2/2/1486 373/455/1485 45/45/1487
f 125/458/1488 376/459/1489 123/457/1490
f 123/457/1490 376/459/1489 375/460/1491
f 123/457/1492 375/460/1493 377/462/1494
f 377/462/1494 375/460/1493 378/461/1495
f 377/462/1496 378/461/1497 379/464/1498
f 379/464/1498 378/461/1497 380/463/1499
f 123/457/1500 377/462/1501 388/472/1502
f 388/472/1502 377/462/1501 387/471/1503
f 377/462/1504 379/464/1505 387/471/1506
f 387/471/1506 379/464/1505 386/470/1507
f 379/464/1508 380/463/1509 386/470/1510
f 386/470/1510 380/463/1509 385/469/1511
f 385/469/1512 384/468/1513 386/470/1514
f 386/470/1514 384/468/1513 383/467/1515
f 386/470/1516 383/467/1517 387/471/1518
f 387/471/1518 383/467/1517 382/465/1519
f 387/471/1520 382/465/1521 388/472/1522
f 388/472/1522 382/465/1521 381/466/1523
f 197/198/1524 198/199/1525 44/44/1526
f 389/473/1527 198/199/1528 197/198/1529
f 30/30/1530 389/473/1531 197/198/1532
f 397/493/1533 402/498/1534 390/474/1535
f 390/474/1535 402/498/1534 327/380/1536
f 2/2/1537 417/513/1538 400/496/1539
f 2/2/1540 416/512/1541 417/513/1542
f 393/489/1543 27/27/1544 392/488/1545
f 392/488/1545 27/27/1544 4/4/1546
f 48/48/1547 392/488/1548 4/4/1549
f 50/50/1550 391/487/1551 48/48/1552
f 48/48/1553 391/487/1554 392/488/1555
f 391/487/1556 393/489/1557 392/488/1558
f 50/50/1559 393/489/1560 391/487/1561
f 329/382/1562 407/503/1563 405/501/1564
f 329/382/1565 405/501/1566 406/502/1567
f 396/492/1568 394/490/1569 395/491/1570
f 3/3/1571 396/492/1572 46/46/1573
f 46/46/1573 396/492/1572 395/491/1574
f 2/2/1575 45/45/1576 416/512/1577
f 398/494/1578 45/45/1579 397/493/1580
f 398/494/1581 397/493/1582 399/495/1583
f 399/495/1583 397/493/1582 390/474/1584
f 399/495/1585 390/474/1586 400/496/1587
f 400/496/1587 390/474/1586 326/379/1588
f 326/379/1589 401/497/1590 400/496/1591
f 157/158/1592 410/506/1593 326/379/1594
f 326/379/1594 410/506/1593 401/497/1595
f 410/506/1593 411/507/1596 401/497/1595
f 402/498/1597 397/493/1598 45/45/1599
f 326/379/1600 404/500/1601 403/499/1602
f 403/499/1603 404/500/1604 158/159/1605
f 157/158/1606 403/499/1607 158/159/1608
f 326/379/1609 327/380/1610 404/500/1611
f 158/159/1612 404/500/1613 327/380/1614
f 407/503/1615 408/504/1616 405/501/1617
f 405/501/1617 408/504/1616 394/490/1618
f 406/502/1619 405/501/1620 396/492/1621
f 396/492/1621 405/501/1620 394/490/1622
f 3/3/1623 406/502/1624 396/492/1625
f 329/382/1626 330/383/1627 407/503/1628
f 408/504/1629 407/503/1630 330/383/1631
f 126/130/1632 226/250/1633 409/505/1634
f 409/505/1634 226/250/1633 328/381/1635
f 409/505/1636 328/381/1637 410/506/1638
f 410/506/1638 328/381/1637 156/157/1639
f 411/507/1640 410/506/1641 156/157/1642
f 411/507/1643 156/157/1644 412/508/1645
f 412/508/1645 156/157/1644 325/378/1646
f 34/34/1647 412/508/1648 325/378/1649
f 413/509/1650 128/132/1651 213/223/1652
f 213/223/1652 128/132/1651 20/20/1653
f 414/510/1654 413/509/1655 149/150/1656
f 149/150/1656 413/509/1655 213/223/1657
f 415/511/1658 414/510/1659 210/220/1660
f 210/220/1660 414/510/1659 149/150/1661
f 210/220/1662 138/120/1663 415/511/1664
f 416/512/1665 45/45/1666 398/494/1667
f 416/512/1668 398/494/1669 417/513/1670
f 417/513/1670 398/494/1669 399/495/1671
f 400/496/1672 417/513/1673 399/495/1674
f 418/514/1675 24/24/1676 8/8/1677
f 8/8/1678 215/229/1679 419/515/1680
f 419/515/1680 215/229/1679 216/230/1681
f 49/49/1682 418/514/1683 8/8/1684
f 30/30/1685 420/522/1686 389/473/1687
f 58/58/1688 195/196/1689 30/30/1690
f 30/30/1690 195/196/1689 420/522/1691
f 421/523/1692 24/24/1693 418/514/1694
f 195/196/1695 58/58/1696 423/525/1697
f 423/525/1697 58/58/1696 422/524/1698
f 58/58/1696 196/197/1699 422/524/1698
f 194/541/1700 58/542/1701 191/543/1702
f 194/545/1703 191/546/1704 122/544/1705
f 122/544/1705 191/546/1704 105/547/1706
f 123/530/1707 86/531/1708 190/529/1709
f 190/529/1709 86/531/1708 187/532/1710
f 190/529/1711 187/532/1712 124/533/1713
f 124/533/1713 187/532/1712 9/534/1714
f 1/535/1715 21/536/1716 426/538/1717
f 426/538/1717 21/536/1716 427/537/1718
f 233/539/1719 429/540/1720 21/536/1721
f 21/536/1721 429/540/1720 427/537/1722
f 230/548/1723 247/549/1724 430/551/1725
f 430/551/1725 247/549/1724 431/550/1726
f 232/552/1727 10/553/1728 432/555/1729
f 432/555/1729 10/553/1728 428/554/1730
f 230/548/1731 430/551/1732 233/539/1733
f 233/539/1733 430/551/1732 429/540/1734
f 247/549/1735 232/552/1736 431/550/1737
f 431/550/1737 232/552/1736 432/555/1738
f 353/556/1739 1/535/1740 433/557/1741
f 433/557/1741 1/535/1740 426/538/1742
f 353/556/1743 433/557/1744 9/534/1745
f 9/534/1745 433/557/1744 124/533/1746
f 65/559/1747 68/560/1748 64/558/1749
f 64/558/1749 68/560/1748 279/561/1750
f 65/559/1751 62/562/1752 68/560/1753
f 68/560/1753 62/562/1752 250/563/1754
f 250/563/1755 62/562/1756 10/553/1757
f 10/553/1757 62/562/1756 428/554/1758
f 64/558/1759 435/565/1760 63/564/1761
f 63/564/1761 435/565/1760 434/566/1762
f 252/567/1763 63/564/1764 436/568/1765
f 436/568/1765 63/564/1764 434/566/1766
f 436/568/1767 428/554/1768 252/567/1769
f 252/567/1769 428/554/1768 62/562/1770
f 161/570/1771 89/571/1772 164/569/1773
f 164/569/1773 89/571/1772 167/572/1774
f 164/569/1775 167/572/1776 163/573/1777
f 163/573/1777 167/572/1776 7/574/1778
f 278/575/1779 438/576/1780 279/561/1781
f 279/561/1781 438/576/1780 437/577/1782
f 279/561/1783 437/577/1784 64/558/1785
f 64/558/1785 437/577/1784 435/565/1786
f 438/576/1787 278/575/1788 161/570/1789
f 161/570/1789 278/575/1788 89/571/1790
f 161/570/1791 168/578/1792 439/580/1793
f 439/580/1793 168/578/1792 440/579/1794
f 222/583/1795 442/584/1796 168/578/1797
f 168/578/1797 442/584/1796 440/579/1798
f 441/582/1799 442/584/1800 162/581/1801
f 162/581/1801 442/584/1800 222/583/1802
f 161/570/1803 439/580/1804 438/576/1805
f 125/586/1806 124/533/1807 376/585/1808
f 376/585/1808 124/533/1807 433/557/1809
f 375/587/1810 376/585/1811 443/589/1812
f 443/589/1812 376/585/1811 444/588/1813
f 378/590/1814 375/587/1815 445/591/1816
f 445/591/1816 375/587/1815 443/589/1817
f 380/592/1818 378/590/1819 446/593/1820
f 446/593/1820 378/590/1819 445/591/1821
f 380/592/1822 446/593/1823 385/594/1824
f 385/594/1824 446/593/1823 447/595/1825
f 385/594/1826 447/595/1827 384/596/1828
f 384/596/1828 447/595/1827 448/597/1829
f 433/557/1830 449/598/1831 376/585/1832
f 376/585/1832 449/598/1831 444/588/1833
f 182/599/1834 451/600/1835 121/528/1836
f 121/528/1836 451/600/1835 450/601/1837
f 105/602/1838 12/603/1839 453/605/1840
f 453/605/1840 12/603/1839 452/604/1841
f 12/603/1842 86/531/1843 452/604/1844
f 452/604/1844 86/531/1843 123/530/1845
