# This file uses centimeters as units for non-parametric coordinates.

v -0.529102 8.851781 -6.887917
v -5.482668 5.122468 0.851202
v -0.623310 5.260391 3.750284
v 5.908987 5.272890 0.682201
v -0.577827 6.679182 0.571233
v -7.640492 5.414739 -1.379651
v 7.844273 5.058813 -6.345322
v 8.143433 5.056987 -3.709154
v -2.529097 8.714126 -6.655095
v 2.646740 8.652335 -6.422764
v -8.136448 3.675350 -0.918273
v 8.865257 3.813742 -2.493601
v -0.533018 3.302088 4.083425
v 7.601148 3.467367 -0.271657
v 6.677761 3.250199 1.559379
v -6.099795 3.691490 1.387474
v -0.571888 8.514187 -2.666985
v -5.318997 6.809425 -6.380224
v -3.417838 6.699533 -0.957941
v 3.806079 6.770671 -1.049541
v 5.606625 6.414810 -6.303219
v -1.360481 8.513757 -2.773348
v 1.455546 8.561144 -3.144650
v 0.628882 8.527537 -2.632389
v 0.649465 6.635193 0.459735
v 0.606191 5.260371 3.743286
v 0.536668 3.359944 4.075491
v 0.542149 8.851779 -6.811677
v 2.580636 8.606276 -4.871036
v 5.430032 6.608475 -4.759380
v 7.844341 5.058813 -4.791710
v 2.092669 8.618962 -4.045381
v 4.477245 6.757236 -2.084579
v 6.723765 5.226258 -0.360527
v -2.541969 8.544509 -4.790871
v -5.330273 6.809389 -4.809614
v -7.756074 5.269417 -4.851867
v -2.196985 8.526108 -3.884774
v -4.341717 6.660918 -2.093832
v -6.396037 5.262561 -0.121067
v -3.481013 5.319044 -0.674686
v -0.199723 5.295946 0.748688
v 0.232918 5.311633 0.787440
v 4.253125 5.345802 -0.291666
v -1.944566 6.790287 -2.633685
v -0.368154 6.813356 -1.936023
v 0.164383 6.742702 -2.173717
v 1.766722 6.764507 -2.632664
v -5.223153 5.339990 -5.637113
v -4.824957 5.367650 -2.441189
v -8.150584 5.178572 -0.607095
v -6.122619 5.233634 2.184309
v -0.533149 5.285240 5.219392
v 0.538020 5.226111 5.213265
v 7.059721 5.042899 1.182616
v 8.874648 4.937068 -2.350430
v 7.591205 5.058101 0.063795
v 5.596903 5.245153 -3.798526
v 5.546978 5.096085 -4.762909
v 5.576642 5.122090 -4.327357
v 2.949721 6.799287 -3.568451
v 3.095954 6.798155 -4.788432
v -3.147230 6.787380 -4.790428
v -2.538411 6.787198 -3.627468
v -7.656441 5.359103 -6.488418
v -5.408142 5.416318 -4.481899
v 3.006407 8.092745 -4.715651
v 4.719291 6.902801 -4.708547
v 2.966012 8.100099 -6.344276
v 3.294705 6.888864 -6.134596
v 4.355918 6.940712 -6.219700
v 3.432459 7.856751 -6.243001
v 3.403370 7.797122 -4.751263
v 3.528651 7.921247 -4.842050
v 3.527807 7.918998 -6.346228
v 0.627809 6.878678 -0.211877
v -0.599253 6.959490 -0.177181
v 0.663934 6.811666 -0.247149
v 3.290003 6.846305 -1.457669
v 3.392189 6.977451 -1.418687
v 4.149251 6.947498 -2.390556
v 4.079607 6.818924 -2.506716
v 5.254630 6.917207 -4.572871
v 4.901979 6.913495 -4.759193
v 5.077405 6.718276 -6.328946
v -0.611645 6.824829 -0.201986
v -3.018380 6.827184 -1.346797
v -3.065904 6.890121 -1.259103
v -3.962754 6.865628 -2.399566
v -3.979489 6.819774 -2.421282
v -5.040961 6.806172 -4.813957
v -5.162467 6.877814 -4.801974
v -5.110861 6.906249 -6.372583
v -3.373859 6.853627 -0.716212
v -3.583785 6.436380 -0.766651
v 5.593710 6.499018 -6.320979
v 5.591469 6.497631 -4.778827
v 5.487278 6.410258 -4.775595
v 4.598419 6.601638 -1.996981
v 4.700494 6.620130 -1.888310
v 4.027040 6.632475 -0.875758
v 4.221883 6.361025 -0.747932
v 0.649556 6.455966 0.497411
v 0.649474 6.535825 0.683920
v -0.577951 6.563816 0.821188
v -0.578183 6.497824 0.573385
v -3.574720 6.571514 -0.797793
v -4.539075 6.532141 -1.928647
v -4.531611 6.439910 -1.956440
v -5.726673 6.389350 -4.810528
v -5.535780 6.680263 -4.809614
v -5.503145 6.696304 -6.380224
v -7.453172 5.266515 -4.851868
v -5.692960 6.863125 -4.722147
v -4.449975 6.747062 -2.022161
v -5.177774 5.183712 0.499356
v -1.392804 8.334015 -2.746243
v -1.882968 8.156162 -3.129592
v -2.249334 8.325231 -3.875138
v -2.236386 6.803473 -3.053849
v -3.416323 6.896049 -1.873534
v -0.808555 6.846677 0.718636
v -6.374119 5.260040 -0.157722
v -5.876508 5.196576 0.333394
v -4.022694 5.345950 -1.254094
v -4.116983 6.374967 -1.384355
v -2.618710 8.319619 -4.790634
v -5.505595 5.381914 -6.779455
v -5.522301 6.495691 -6.373264
v -4.951213 6.767671 -6.354869
v -2.646335 8.242886 -6.416496
v -3.175122 6.710619 -6.058815
v -0.623446 5.259026 3.426444
v 0.715712 6.786795 0.767157
v 0.606250 5.260502 3.450404
v -0.016657 5.220199 3.474068
v 0.027702 6.453910 0.563894
v -0.010832 5.264225 0.741376
v 4.493945 6.937718 -2.144119
v 3.863853 6.831250 -0.858010
v 6.581481 5.205007 -0.466857
v 4.255112 6.568037 -1.444926
v 6.029390 5.255544 -0.394477
v 4.518716 5.201118 -0.822076
v 5.688904 5.279303 0.553258
v -0.529268 8.851825 -4.960971
v 0.582746 8.840238 -4.910147
v -0.551179 8.671766 -3.672985
v 0.638732 8.705163 -3.633460
v 1.063486 8.564016 -2.638364
v 1.247823 6.770855 -2.314628
v 2.275281 6.754882 -0.353361
v 2.668002 6.810836 0.089959
v 2.646803 6.591214 0.037899
v 2.586361 5.301545 0.427377
v 3.585764 5.185902 2.790715
v 4.016621 5.014196 3.801103
v 3.578294 3.285348 3.498930
v -0.996275 8.595839 -2.580417
v -1.372416 6.784149 -2.229058
v -2.009543 6.829175 -0.450368
v -2.285279 6.870533 0.260592
v -2.244728 6.488698 0.178364
v -2.263703 5.353375 0.220049
v -3.285512 5.257809 3.009794
v -3.656074 5.053528 4.121205
v -3.410909 3.285165 3.279847
v 5.492013 6.844308 -4.507824
v 7.566719 5.058586 -4.791699
v 5.512549 6.400977 -6.324198
v 5.540230 5.049522 -5.845938
v 7.645650 5.058136 -6.069218
v 6.344499 5.804158 -6.039052
v 6.376307 5.774987 -4.750732
v 6.468741 5.885512 -4.753769
v 6.469085 5.885366 -6.314566
v 5.149129 5.881864 -5.822437
v 5.247598 6.030728 -4.276047
v 5.035434 6.111945 -2.482747
v 4.372374 6.210099 -1.352469
v 4.048514 6.076586 -0.791996
v 2.637830 6.243477 0.135593
v 0.232227 6.218916 0.668075
v -0.010130 6.210272 0.687819
v -0.197787 6.196302 0.673932
v -2.210170 6.152728 0.159379
v -3.601571 6.173577 -0.716050
v -4.140976 6.132868 -1.338647
v -4.568095 6.131324 -1.895824
v -5.378365 6.143188 -4.800663
v -5.390350 6.195486 -5.963538
v -1.851326 8.938044 -4.506611
v 2.128361 8.821747 -4.490288
v -0.958996 8.678975 -2.767530
v 0.998224 8.598843 -2.928226
v -3.234344 8.131623 -6.335500
v -3.233862 8.131156 -4.764047
v -3.214797 7.967710 -4.768947
v -3.275321 7.871690 -6.393840
v -6.499422 6.060968 -6.409168
v -6.525846 6.041229 -4.838290
v -6.409258 5.900064 -4.836132
v -6.475753 5.842297 -6.419040
v -9.185611 5.189857 -5.789298
v -7.293407 5.308261 -6.873043
v -8.655086 5.329946 -2.449692
v -8.780589 4.941455 -1.947333
v -8.834270 3.586812 -2.386147
v 1.411024 8.309417 -3.063802
v 1.923088 8.309195 -3.467478
v 2.462543 6.770274 -3.139552
v 3.876616 6.777569 -1.777238
v 2.330526 8.053766 -3.883814
v 0.978597 8.108717 -2.183400
v 0.050369 8.312132 -2.583004
v 0.011982 6.834898 -0.254076
v 0.075977 6.773897 -2.035994
v -0.802008 7.958951 -2.387753
v 3.651794 5.326466 -0.088912
v 4.858495 5.219733 1.873360
v 5.612426 5.031618 2.790080
v 5.218703 3.287404 2.869127
v 1.557450 5.283110 0.846946
v 1.932256 5.202887 3.505950
v 2.175626 5.103329 4.748608
v 2.037627 3.256725 3.940933
v 7.107819 5.095353 -1.440635
v 8.203548 5.043441 -0.971113
v 8.067023 3.610350 -1.137722
v 4.489070 6.897961 -2.930882
v 5.124933 6.964017 -2.529146
v 5.077064 6.680877 -2.445292
v 5.082489 6.078888 -2.808745
v 4.762434 6.607796 -1.952664
v 5.359304 5.552366 -5.809838
v 0.731491 5.305324 0.866533
v 0.889730 6.049812 0.721558
v -0.673661 6.195603 0.674772
v -0.706679 5.298493 0.680835
v 4.294623 5.638957 -1.098864
v 4.319025 5.625053 -1.041590
v 1.774969 8.777921 -4.989232
v 1.881418 8.931611 -6.585413
v 1.765553 8.798779 -6.094166
v 2.436622 8.862510 -6.451094
v 1.178389 8.868638 -6.656072
v 1.269424 8.871742 -6.502920
v 1.838658 8.972552 -6.413362
v 2.284894 8.902160 -6.359432
v 2.579899 8.641877 -6.242366
v 2.250604 8.771540 -4.741292
v 2.108458 8.701797 -4.158485
v 1.259787 8.757160 -4.814610
v 1.720706 8.725688 -4.856848
v 1.987273 8.792850 -4.823869
v 2.166972 8.745371 -4.969809
v 2.160296 8.692565 -6.156968
v 2.075330 8.875851 -6.232401
v 2.022547 8.927223 -6.378428
v 2.062257 8.891775 -6.502551
v 3.097208 8.256074 -4.855232
v 3.019900 8.255219 -6.299722
v 3.052653 8.292777 -6.404409
v 2.970606 7.328149 -4.711959
v 3.091590 7.342443 -5.831185
v 2.430442 8.722014 -4.345926
v 2.629368 8.585732 -4.340840
v 2.850225 8.098989 -4.280460
v 2.550585 8.557427 -4.642326
v 1.077336 8.081018 -2.621817
v 0.419615 6.756541 -2.212362
v -1.134306 8.290852 -2.458279
v -0.597773 6.806428 -1.926443
v 0.782587 8.638278 -3.120674
v 0.751955 8.546603 -2.712070
v 0.827666 8.510967 -2.549120
v 1.347382 8.544621 -2.898892
v 1.194949 8.619506 -3.131493
v 5.275530 6.913204 -6.679112
v 5.543511 6.693721 -6.628637
v 4.616596 6.864742 -6.351056
v 4.759426 6.897142 -6.511167
v 5.463934 6.813488 -6.651933
v 5.360873 6.555729 -6.315166
v 5.027993 6.888856 -6.585805
v 4.917705 6.768737 -6.328222
v 4.983706 6.810978 -6.443537
v 5.152949 6.804068 -6.443374
v 5.401796 6.674667 -6.432561
v 5.569205 6.578536 -6.504300
v 5.430185 6.608466 -6.320979
v 4.903328 6.913640 -6.346706
v 0.688121 7.809565 -1.798805
v 0.686842 7.927796 -1.721685
v -0.600924 7.963874 -1.737349
v -0.605088 7.901030 -1.871688
v 0.050413 7.827347 -1.815766
v 1.089622 7.921932 -2.590819
v 1.097611 7.895375 -2.186742
v 0.998445 7.819264 -2.015234
v 0.887548 7.999506 -2.014323
v 0.701086 8.209057 -2.126108
v -0.585849 8.231885 -2.151486
v 4.009161 6.687922 -0.676720
v 3.839055 6.864324 -0.542693
v 3.909381 6.747154 -0.357800
v 4.015272 6.450320 -0.391054
v 1.097821 6.864104 0.804125
v 1.035813 6.544162 0.847323
v 1.736633 8.071470 -2.810575
v 2.134467 7.978664 -2.508519
v 2.919262 7.960519 -3.335477
v 2.730124 7.760373 -3.533950
v 1.045238 8.636759 -3.460648
v 1.593713 8.580825 -3.361991
v 2.453042 7.967172 -2.832663
v 1.954549 8.135731 -2.520586
v 2.241421 8.147255 -2.798376
v 1.513769 8.587748 -3.316442
v 1.609570 8.115553 -2.881396
v 5.094403 5.219285 -2.262304
v -1.187874 6.895057 0.707166
v -1.065792 6.510443 0.804711
v 0.998899 8.355238 -2.413684
v -0.684026 7.922124 -2.049789
v -1.156716 7.892192 -2.507914
v -1.225918 8.329214 -2.661391
v -1.195490 8.512220 -2.695196
v -1.171872 8.659102 -2.858460
v -0.689061 8.660975 -3.184467
v -0.830467 8.649525 -2.626945
v -0.841919 8.574832 -2.510421
v -0.775293 8.405145 -2.365519
v -0.400567 8.131456 -2.484465
v -1.300468 8.666595 -4.402753
v -0.918934 8.680168 -3.376765
v -0.980108 8.715693 -3.128575
v -3.055853 5.310752 -0.198873
v -4.390506 5.156659 2.089837
v -4.762659 5.093014 3.397535
v -4.547494 3.407177 2.611351
v -1.458911 5.293202 0.587941
v -1.789106 5.227144 3.552612
v -1.982444 5.092326 4.847312
v -1.902248 3.262100 3.840898
v -3.171315 6.881333 -0.430316
v -3.377959 6.439919 -0.570436
v -3.287815 6.897977 -0.866171
v -5.090671 5.349600 -3.191383
v -4.796966 6.135979 -2.749753
v -2.529644 8.572945 -4.272622
v -2.927637 6.786918 -4.149991
v -4.586108 6.860306 -3.343074
v -4.967769 6.837889 -3.102725
v -4.937211 6.474388 -3.063256
v -2.545739 8.231166 -4.263097
v -2.335982 8.696922 -4.626991
v -2.502333 8.542142 -4.572762
v -2.591854 8.262678 -4.570261
v -2.546193 8.035555 -4.259880
v -2.329695 8.302997 -3.972667
v -2.297183 8.578993 -3.973234
v -2.186468 8.688536 -4.123258
v -1.465032 8.747585 -4.403153
v -1.158282 8.895986 -4.814754
v -1.757095 8.848782 -4.756149
v -1.700206 8.765563 -4.908270
v -1.671952 8.906067 -6.802819
v -1.701218 8.766878 -6.537730
v -2.540717 8.544568 -6.395504
v -4.573466 6.828332 -2.188492
v -5.652247 6.882427 -4.483351
v -0.733626 6.944239 0.397096
v 3.582603 6.799439 -1.252749
v 3.669601 6.922787 -1.045507
v 3.636389 6.920597 -0.764747
v 3.496714 6.845744 -0.415158
v 3.569957 6.748491 -0.267335
v 3.692173 6.444561 -0.346755
v 1.800508 8.652490 -4.306602
v 1.899171 8.756999 -4.350989
v -2.413719 8.763402 -4.360909
v -5.362920 5.837299 -1.112142
v -5.375759 5.886805 -1.081505
v -4.422932 5.847274 -0.022651
v -4.342936 5.729085 -0.078161
v -4.966955 5.759521 -0.517373
v -7.264086 5.240052 0.740694
v -7.120127 3.714921 0.315319
v -6.793884 5.278065 0.195787
v -5.020965 6.767671 -6.926516
v -3.175122 6.710619 -6.630461
v -5.652274 6.765501 -6.409655
v -5.678669 6.857122 -6.833297
v -5.899660 6.741714 -6.445690
v -6.200101 6.713078 -6.842371
v -4.613778 6.013291 -6.278985
v -5.073289 6.011712 -6.318861
v -5.301347 5.967332 -6.338114
v -5.472037 5.973554 -6.633823
v -6.200101 6.612667 -6.842372
v -5.951118 6.602508 -6.438210
v -5.652274 6.661061 -6.409655
v -5.020965 6.664146 -6.354869
v -8.865932 5.393073 -2.658059
v -5.217610 5.112220 2.601339
v 6.835580 5.127302 0.293748
v 6.369996 5.198244 0.584758
v 6.829225 5.184440 -0.135466
v -1.196472 5.100330 4.997767
v -0.994341 5.241557 5.101837
v -1.115518 5.330427 4.835076
v -5.552630 5.089576 2.474660
v -5.511781 5.242096 2.138744
v -5.394286 5.260706 2.148191
v -4.698966 5.147409 1.740006
v -4.189266 5.179964 1.736802
v -5.507059 5.039307 2.685436
v -4.083878 5.188758 2.919974
v -4.264001 5.108556 3.051473
v -1.438087 5.152031 4.408584
v -1.355788 5.293585 4.377618
v -1.661403 5.220808 4.659670
v -1.641650 5.125934 4.913464
v -1.659581 5.252031 2.435685
v -2.832600 5.511143 1.736756
v -3.326296 5.440325 1.073159
v -3.469184 5.263355 0.473561
v 1.775537 5.236051 2.406745
v 3.214255 5.449102 1.935418
v 4.274484 5.271114 0.909139
v -5.536924 5.244585 1.465719
v -5.450944 5.193118 1.498810
v 8.835314 5.134494 -3.539973
v 8.595375 5.043737 -1.882139
v 8.441234 3.749858 -1.845920
v -9.060620 5.347136 -3.516113
v 8.797825 5.088924 -5.135304
v -8.255537 5.392150 -6.877604
v -8.974938 5.308388 -6.384047
v 8.710339 5.082966 -5.605135
v 8.353603 5.069757 -6.340607
v -7.162432 4.196966 -7.152508
v -8.124562 4.280855 -7.157070
v -5.513693 4.504327 -6.912720
v -9.241420 3.908082 -2.823229
v -9.436108 3.862146 -3.681283
v -9.464767 3.866478 -6.064717
v -9.254095 3.985008 -6.528156
v -0.529102 8.338683 -6.887917
v 0.542149 8.338682 -6.811677
v 2.419510 7.977826 -6.508097
v 1.178389 8.355540 -6.656072
v 1.881418 8.418513 -6.585413
v 2.062257 8.378677 -6.502551
v 2.436622 8.349412 -6.451094
v -1.671952 8.392260 -6.802819
v 3.156770 6.672876 -6.275300
v 4.214407 6.487758 -6.437365
v 2.726425 6.965043 -6.237660
v 4.796098 6.466316 -6.561679
v 5.039934 6.390939 -6.572260
v 5.078991 6.237999 -6.488845
v 4.619574 5.610795 -5.898078
v 7.595092 4.432090 -6.047760
v 5.489672 4.423477 -5.824480
v 5.003154 5.231318 -5.887153
v 8.839364 4.107630 -3.563591
v 8.801875 4.062060 -5.158921
v 8.659780 4.456920 -5.583677
v 8.303044 4.443712 -6.319149
v 7.793715 4.432767 -6.323864
v -4.282636 6.415983 -7.008176
v -2.886367 6.358932 -6.712121
v -4.780149 6.505435 -6.914958
v -5.174579 6.361390 -6.924032
v -5.174579 6.260979 -6.924033
v -4.623844 5.621867 -6.715484
v -1.749312 7.992397 -6.884480
v -5.022227 5.381914 -6.894609
v -4.906982 6.195486 -6.078692
v -5.030326 4.504327 -7.027874
v -5.146738 6.652290 -6.498406
v -5.330886 6.539169 -6.498406
vt 0.417761 0.918022
vt 0.248247 0.526788
vt 0.457355 0.512563
vt 0.713292 0.572470
vt 0.441331 0.697412
vt 0.171682 0.575064
vt 0.798496 0.685782
vt 0.825259 0.636627
vt 0.357512 0.905294
vt 0.548346 0.898364
vt 0.163402 0.475546
vt 0.841999 0.567637
vt 0.449360 0.413137
vt 0.778163 0.508706
vt 0.724260 0.474577
vt 0.232583 0.446689
vt 0.435857 0.877686
vt 0.267594 0.640174
vt 0.305648 0.709918
vt 0.583608 0.751266
vt 0.702003 0.628480
vt 0.395478 0.870779
vt 0.494033 0.881020
vt 0.470829 0.883407
vt 0.487644 0.701950
vt 0.501764 0.518656
vt 0.496026 0.417548
vt 0.472609 0.919514
vt 0.545249 0.892432
vt 0.671835 0.781135
vt 0.811702 0.664236
vt 0.516354 0.889483
vt 0.622062 0.747682
vt 0.745909 0.578433
vt 0.361464 0.893055
vt 0.242181 0.744319
vt 0.170901 0.614098
vt 0.371665 0.866385
vt 0.298727 0.714573
vt 0.219854 0.541396
vt 0.306740 0.547967
vt 0.450169 0.548215
vt 0.503198 0.556215
vt 0.642894 0.584573
vt 0.399041 0.765027
vt 0.431528 0.769381
vt 0.491271 0.774474
vt 0.528008 0.783717
vt 0.260792 0.660712
vt 0.245103 0.638267
vt 0.158713 0.535714
vt 0.228768 0.487611
vt 0.459401 0.477008
vt 0.509608 0.480326
vt 0.735677 0.538957
vt 0.837725 0.614098
vt 0.773515 0.556197
vt 0.676311 0.677523
vt 0.680721 0.687577
vt 0.677479 0.680918
vt 0.584057 0.798270
vt 0.588207 0.809788
vt 0.398885 0.826443
vt 0.401239 0.872222
vt 0.179966 0.639711
vt 0.263892 0.656609
vt 0.564171 0.865010
vt 0.645894 0.791372
vt 0.561580 0.858021
vt 0.589874 0.815611
vt 0.615461 0.815256
vt 0.580474 0.843527
vt 0.585188 0.842698
vt 0.589151 0.849307
vt 0.580987 0.866075
vt 0.484931 0.721294
vt 0.443330 0.718150
vt 0.488461 0.721595
vt 0.572299 0.753412
vt 0.575326 0.762222
vt 0.605091 0.767956
vt 0.611607 0.759711
vt 0.654840 0.786682
vt 0.663162 0.787004
vt 0.692654 0.642158
vt 0.439151 0.713419
vt 0.344329 0.729617
vt 0.342070 0.731126
vt 0.308351 0.732753
vt 0.305544 0.727989
vt 0.285304 0.756855
vt 0.278590 0.757753
vt 0.265385 0.633068
vt 0.314787 0.705698
vt 0.306776 0.680537
vt 0.677014 0.631279
vt 0.681336 0.771952
vt 0.671297 0.770670
vt 0.632857 0.729602
vt 0.643036 0.713525
vt 0.632817 0.684441
vt 0.620246 0.687248
vt 0.489421 0.685300
vt 0.488537 0.690348
vt 0.442509 0.683827
vt 0.443181 0.669758
vt 0.305517 0.694515
vt 0.290649 0.702607
vt 0.290368 0.705619
vt 0.251634 0.711971
vt 0.245403 0.716605
vt 0.285184 0.627327
vt 0.182354 0.615474
vt 0.245841 0.742693
vt 0.294384 0.718796
vt 0.256372 0.536490
vt 0.395747 0.846634
vt 0.386608 0.853482
vt 0.321358 0.727670
vt 0.389133 0.764727
vt 0.377697 0.867667
vt 0.297788 0.691085
vt 0.301272 0.573106
vt 0.240255 0.539220
vt 0.437800 0.697192
vt 0.226273 0.556079
vt 0.701757 0.576690
vt 0.657055 0.594385
vt 0.694838 0.588203
vt 0.361020 0.879926
vt 0.203045 0.642436
vt 0.253994 0.668361
vt 0.247689 0.706248
vt 0.359145 0.881123
vt 0.288825 0.760376
vt 0.382184 0.872428
vt 0.456473 0.515644
vt 0.491995 0.702746
vt 0.501895 0.522081
vt 0.449046 0.515275
vt 0.506888 0.556221
vt 0.437423 0.671478
vt 0.631537 0.753435
vt 0.610388 0.731164
vt 0.744549 0.580496
vt 0.624060 0.719388
vt 0.420341 0.901673
vt 0.472055 0.910190
vt 0.426489 0.889094
vt 0.472807 0.897082
vt 0.485671 0.873287
vt 0.514139 0.778020
vt 0.541867 0.724254
vt 0.551535 0.713633
vt 0.553001 0.697363
vt 0.561467 0.561885
vt 0.611708 0.539840
vt 0.622941 0.509719
vt 0.602901 0.444253
vt 0.415972 0.867478
vt 0.414290 0.767071
vt 0.391493 0.718568
vt 0.377929 0.700255
vt 0.376526 0.665807
vt 0.373245 0.541957
vt 0.352525 0.508373
vt 0.334303 0.471474
vt 0.343867 0.429465
vt 0.669244 0.777116
vt 0.801123 0.662944
vt 0.673675 0.769243
vt 0.701370 0.696241
vt 0.784648 0.682482
vt 0.736232 0.719847
vt 0.735588 0.719950
vt 0.739591 0.725071
vt 0.686669 0.617401
vt 0.662911 0.746660
vt 0.660037 0.737691
vt 0.656894 0.704295
vt 0.637287 0.687132
vt 0.618285 0.665132
vt 0.555267 0.661099
vt 0.493102 0.650806
vt 0.439986 0.637293
vt 0.443696 0.638866
vt 0.376125 0.624227
vt 0.311990 0.633370
vt 0.298611 0.663218
vt 0.275654 0.679264
vt 0.258272 0.685262
vt 0.247428 0.689647
vt 0.381054 0.890765
vt 0.524080 0.899674
vt 0.417656 0.883855
vt 0.480826 0.885043
vt 0.334402 0.845964
vt 0.344502 0.837252
vt 0.345736 0.834110
vt 0.344577 0.832307
vt 0.287078 0.633264
vt 0.221796 0.684426
vt 0.226345 0.676887
vt 0.226224 0.675567
vt 0.115895 0.634935
vt 0.189954 0.664821
vt 0.119331 0.588437
vt 0.114967 0.560161
vt 0.133144 0.479034
vt 0.496463 0.863235
vt 0.496463 0.863235
vt 0.528008 0.783717
vt 0.572299 0.753412
vt 0.531917 0.867092
vt 0.531917 0.867092
vt 0.602484 0.752293
vt 0.604935 0.781210
vt 0.486439 0.841465
vt 0.485960 0.827120
vt 0.491324 0.724377
vt 0.491271 0.774474
vt 0.428112 0.840926
vt 0.431528 0.769381
vt 0.439151 0.713419
vt 0.428112 0.840926
vt 0.547949 0.845034
vt 0.554874 0.850633
vt 0.561319 0.858692
vt 0.612500 0.575513
vt 0.659354 0.555145
vt 0.671777 0.522385
vt 0.663316 0.459349
vt 0.531806 0.558998
vt 0.551833 0.528304
vt 0.562667 0.494087
vt 0.545484 0.429906
vt 0.744998 0.581197
vt 0.635193 0.729186
vt 0.677293 0.676927
vt 0.694838 0.588203
vt 0.767661 0.589811
vt 0.808016 0.587308
vt 0.804602 0.533114
vt 0.633363 0.772221
vt 0.654929 0.755665
vt 0.655074 0.743845
vt 0.661353 0.719094
vt 0.638471 0.731335
vt 0.625461 0.696000
vt 0.616354 0.753548
vt 0.630283 0.726139
vt 0.613839 0.732566
vt 0.734118 0.645311
vt 0.757371 0.636929
vt 0.701109 0.672418
vt 0.725809 0.659987
vt 0.711570 0.671318
vt 0.720950 0.662085
vt 0.675326 0.703061
vt 0.506109 0.556498
vt 0.495252 0.651161
vt 0.441695 0.638432
vt 0.446757 0.547938
vt 0.498469 0.651644
vt 0.445894 0.546534
vt 0.493035 0.686189
vt 0.510040 0.523886
vt 0.646735 0.642803
vt 0.729781 0.652972
vt 0.648968 0.632327
vt 0.730719 0.651315
vt 0.515427 0.904915
vt 0.519734 0.917665
vt 0.516335 0.910576
vt 0.540638 0.910553
vt 0.494600 0.919911
vt 0.498527 0.918224
vt 0.519094 0.916329
vt 0.537015 0.910556
vt 0.547109 0.897786
vt 0.534995 0.895817
vt 0.514558 0.892634
vt 0.496619 0.902100
vt 0.515058 0.904018
vt 0.525899 0.900101
vt 0.527703 0.900474
vt 0.530815 0.905353
vt 0.528908 0.910564
vt 0.526597 0.913912
vt 0.527060 0.915173
vt 0.565989 0.868179
vt 0.562914 0.882992
vt 0.564007 0.882872
vt 0.550144 0.862006
vt 0.561427 0.858414
vt 0.529957 0.896343
vt 0.539321 0.890471
vt 0.548629 0.870588
vt 0.684912 0.623117
vt 0.697212 0.603744
vt 0.711606 0.614234
vt 0.698931 0.632233
vt 0.691067 0.644610
vt 0.677596 0.636012
vt 0.707183 0.588039
vt 0.722040 0.598129
vt 0.709464 0.584371
vt 0.724405 0.595414
vt 0.709366 0.618520
vt 0.693714 0.606725
vt 0.703915 0.626276
vt 0.688557 0.614718
vt 0.677710 0.662293
vt 0.662147 0.651649
vt 0.542552 0.891366
vt 0.488438 0.850883
vt 0.493513 0.774726
vt 0.415791 0.856673
vt 0.428215 0.768937
vt 0.474960 0.889937
vt 0.473230 0.882267
vt 0.474904 0.877896
vt 0.491280 0.876680
vt 0.485134 0.885626
vt 0.602266 0.793373
vt 0.598067 0.789638
vt 0.602322 0.773678
vt 0.586243 0.804833
vt 0.579630 0.803472
vt 0.650304 0.809921
vt 0.673910 0.790741
vt 0.672471 0.805687
vt 0.660609 0.821871
vt 0.636731 0.825659
vt 0.633490 0.822650
vt 0.668799 0.816540
vt 0.660557 0.802164
vt 0.648039 0.824789
vt 0.643725 0.814800
vt 0.646071 0.820231
vt 0.654368 0.814635
vt 0.664054 0.808264
vt 0.673041 0.799764
vt 0.481314 0.827390
vt 0.477339 0.821269
vt 0.437902 0.819410
vt 0.435159 0.821362
vt 0.435330 0.817623
vt 0.488149 0.821761
vt 0.490603 0.836760
vt 0.487236 0.833735
vt 0.484031 0.828798
vt 0.484531 0.830836
vt 0.474100 0.844981
vt 0.435031 0.842641
vt 0.615129 0.710042
vt 0.601578 0.730045
vt 0.602885 0.710733
vt 0.604912 0.689554
vt 0.498475 0.703931
vt 0.498140 0.686954
vt 0.508481 0.845711
vt 0.523860 0.837432
vt 0.551164 0.841810
vt 0.551117 0.841220
vt 0.486998 0.887569
vt 0.500700 0.883548
vt 0.536296 0.840605
vt 0.519595 0.843665
vt 0.527141 0.847552
vt 0.498888 0.882861
vt 0.506441 0.848686
vt 0.708677 0.659466
vt 0.420586 0.698073
vt 0.424300 0.668639
vt 0.485364 0.858089
vt 0.434158 0.835055
vt 0.414773 0.841282
vt 0.403958 0.850746
vt 0.399916 0.862565
vt 0.393155 0.880095
vt 0.422071 0.890232
vt 0.424825 0.875882
vt 0.425233 0.871506
vt 0.430340 0.857701
vt 0.428112 0.840926
vt 0.397370 0.885672
vt 0.404274 0.884629
vt 0.402808 0.887908
vt 0.227355 0.654806
vt 0.339954 0.544965
vt 0.304320 0.516886
vt 0.290025 0.478244
vt 0.300569 0.436166
vt 0.410852 0.545016
vt 0.410660 0.510697
vt 0.401801 0.474460
vt 0.400171 0.420750
vt 0.334788 0.703671
vt 0.325453 0.672397
vt 0.319351 0.713523
vt 0.229437 0.632523
vt 0.266935 0.653820
vt 0.289335 0.707371
vt 0.265108 0.655346
vt 0.274345 0.680023
vt 0.368147 0.882749
vt 0.380828 0.829328
vt 0.295842 0.741494
vt 0.283988 0.726054
vt 0.275680 0.717400
vt 0.369089 0.875304
vt 0.369918 0.891230
vt 0.364829 0.888448
vt 0.365297 0.879255
vt 0.367497 0.870984
vt 0.375343 0.869513
vt 0.375695 0.874911
vt 0.374840 0.879217
vt 0.393636 0.889669
vt 0.401232 0.899352
vt 0.385193 0.895192
vt 0.385376 0.899765
vt 0.384261 0.911574
vt 0.384522 0.908814
vt 0.361107 0.902695
vt 0.290035 0.721707
vt 0.247745 0.740354
vt 0.447622 0.811096
vt 0.449449 0.786886
vt 0.464258 0.787504
vt 0.461870 0.810719
vt 0.451545 0.757321
vt 0.465909 0.756198
vt 0.456418 0.691923
vt 0.470768 0.690576
vt 0.274458 0.597204
vt 0.283520 0.622120
vt 0.263931 0.628444
vt 0.254942 0.603307
vt 0.262563 0.564495
vt 0.245227 0.578349
vt 0.314091 0.765603
vt 0.319016 0.765829
vt 0.379983 0.763163
vt 0.306340 0.766678
vt 0.303481 0.767766
vt 0.438162 0.701537
vt 0.578694 0.751548
vt 0.600371 0.746299
vt 0.599025 0.746470
vt 0.586562 0.738223
vt 0.586965 0.724700
vt 0.588415 0.709751
vt 0.596644 0.690798
vt 0.505670 0.894477
vt 0.510019 0.895029
vt 0.415272 0.863445
vt 0.406682 0.870265
vt 0.414318 0.825959
vt 0.429396 0.870663
vt 0.426249 0.872563
vt 0.429390 0.828249
vt 0.370985 0.884462
vt 0.261627 0.627415
vt 0.260837 0.626037
vt 0.280440 0.621073
vt 0.280513 0.605075
vt 0.269549 0.616544
vt 0.193565 0.511783
vt 0.202248 0.459342
vt 0.208846 0.527201
vt 0.277237 0.762835
vt 0.278401 0.768498
vt 0.278071 0.771061
vt 0.268851 0.769676
vt 0.260494 0.769642
vt 0.265981 0.762374
vt 0.254826 0.764545
vt 0.258682 0.761264
vt 0.265183 0.753463
vt 0.277600 0.758455
vt 0.255728 0.751016
vt 0.253143 0.757163
vt 0.253629 0.759295
vt 0.256377 0.753266
vt 0.265391 0.755782
vt 0.277503 0.759623
vt 0.110006 0.593655
vt 0.261123 0.497403
vt 0.309821 0.676021
vt 0.305341 0.665246
vt 0.307971 0.658214
vt 0.279506 0.605440
vt 0.286573 0.602582
vt 0.249227 0.528526
vt 0.394589 0.853362
vt 0.348977 0.743881
vt 0.353117 0.743376
vt 0.390799 0.833096
vt 0.336563 0.726742
vt 0.266418 0.547066
vt 0.743462 0.562024
vt 0.727783 0.562076
vt 0.748364 0.569222
vt 0.432889 0.475835
vt 0.441271 0.476206
vt 0.434255 0.484112
vt 0.250363 0.494146
vt 0.249932 0.500797
vt 0.256988 0.506840
vt 0.289150 0.519565
vt 0.309774 0.521184
vt 0.254008 0.483752
vt 0.313217 0.495342
vt 0.307146 0.490867
vt 0.423826 0.490048
vt 0.425839 0.493595
vt 0.416602 0.484935
vt 0.415631 0.475072
vt 0.410732 0.523626
vt 0.362251 0.524138
vt 0.341136 0.531448
vt 0.329290 0.536562
vt 0.543554 0.540993
vt 0.593966 0.547625
vt 0.636451 0.565102
vt 0.249080 0.513935
vt 0.252714 0.516593
vt 0.832718 0.636911
vt 0.828001 0.605329
vt 0.825212 0.552140
vt 0.247312 0.619522
vt 0.253923 0.632384
vt 0.220270 0.595579
vt 0.231977 0.589242
vt 0.248080 0.644075
vt 0.256317 0.636750
vt 0.109089 0.600062
vt 0.831643 0.667285
vt 0.154144 0.667847
vt 0.125491 0.651584
vt 0.831388 0.674486
vt 0.820682 0.684755
vt 0.421249 0.109996
vt 0.417026 0.110107
vt 0.415540 0.105994
vt 0.419650 0.105840
vt 0.409571 0.111231
vt 0.408928 0.108159
vt 0.380934 0.120808
vt 0.382536 0.119198
vt 0.382481 0.114463
vt 0.380929 0.116195
vt 0.385591 0.114545
vt 0.385218 0.110063
vt 0.385529 0.114003
vt 0.385148 0.109430
vt 0.378813 0.116191
vt 0.379489 0.120632
vt 0.402612 0.124229
vt 0.408624 0.118630
vt 0.409473 0.119173
vt 0.402645 0.125612
vt 0.384674 0.122745
vt 0.400162 0.128297
vt 0.391410 0.129343
vt 0.386739 0.129478
vt 0.386619 0.126837
vt 0.391185 0.126691
vt 0.384002 0.129669
vt 0.383941 0.127033
vt 0.081607 0.000000
vt 1.000000 0.000000
vt 0.000000 0.161823
vt 0.123501 0.000000
vt 1.000000 0.000000
vt 0.888561 0.155455
vt 0.000000 0.124298
vt 0.381072 0.130247
vt 0.380379 0.130189
vt 0.380397 0.127580
vt 0.381075 0.127617
vt 0.378944 0.130300
vt 0.378229 0.129457
vt 0.379096 0.125918
vt 0.378992 0.127719
vt 0.396497 0.129318
vt 0.380612 0.123174
vt 0.372375 0.122316
vt 0.375512 0.126129
vt 0.375035 0.126296
vt 0.370275 0.122150
vt 0.377163 0.127016
vt 0.376738 0.127878
vt 0.376321 0.121943
vt 0.372805 0.120017
vt 0.376742 0.120763
vt 0.377136 0.124120
vt 0.378316 0.121957
vt 0.366136 0.118434
vt 0.368372 0.120200
vt 0.368046 0.120632
vt 0.365373 0.118410
vt 0.362306 0.115775
vt 0.361351 0.115456
vt 0.368567 0.121042
vt 0.369745 0.119627
vt 0.370594 0.119889
vt 0.370233 0.118554
vt 0.371984 0.117114
vt 0.369769 0.119145
vt 0.369167 0.115184
vt 0.362812 0.113992
vt 0.369560 0.113386
vt 0.369653 0.116719
vt 0.370846 0.115495
vt 0.359740 0.117365
vt 0.361767 0.119798
vt 0.362209 0.117014
vt 0.360261 0.114466
vt 0.359420 0.116690
vt 0.359965 0.114928
vt 0.359722 0.115645
vt 0.360276 0.113856
vt 0.361878 0.113665
vt 0.363192 0.120816
vt 0.363522 0.117738
vt 0.385737 0.114978
vt 0.385547 0.116003
vt 0.409352 0.117520
vt 0.399843 0.116824
vt 0.405838 0.116025
vt 0.412269 0.117892
vt 0.408000 0.116438
vt 0.414387 0.117034
vt 0.409536 0.115642
vt 0.414247 0.116576
vt 0.409418 0.115198
vt 0.410116 0.114441
vt 0.406289 0.113097
vt 0.396272 0.124700
vt 0.409522 0.116718
vt 0.407635 0.116659
vt 0.407674 0.111163
vt 0.407070 0.108087
vt 0.410902 0.118085
vt 0.410253 0.118654
vt 0.409428 0.117781
vt 0.410078 0.117216
vn -0.379753 0.877363 0.293294
vn -0.380466 0.862400 0.333933
vn -0.380466 0.862400 0.333933
vn -0.380465 0.845819 0.373946
vn -0.016273 0.997289 -0.071768
vn -0.016273 0.997289 -0.071768
vn -0.016273 0.997289 -0.071768
vn 0.572224 0.820098 0.000049
vn 0.573118 0.819472 0.000810
vn 0.573118 0.819472 0.000810
vn 0.574012 0.818846 0.001570
vn -0.314379 0.921652 0.227429
vn -0.312676 0.922956 0.224470
vn -0.312676 0.922956 0.224470
vn -0.310968 0.924247 0.221508
vn 0.653685 0.701902 0.282894
vn 0.622754 0.695960 0.357516
vn 0.622754 0.695960 0.357516
vn 0.587737 0.685452 0.429792
vn -0.230386 0.962659 0.142164
vn -0.230386 0.962659 0.142164
vn -0.230386 0.962659 0.142164
vn 0.267879 0.961627 -0.059291
vn 0.267879 0.961627 -0.059291
vn 0.267879 0.961627 -0.059291
vn 0.138819 0.981498 0.131875
vn 0.115967 0.984835 0.129042
vn 0.115967 0.984835 0.129042
vn 0.093053 0.987639 0.126139
vn 0.087432 0.994293 0.061130
vn 0.087432 0.994293 0.061130
vn 0.087432 0.994293 0.061130
vn 0.000003 1.000000 -0.000023
vn 0.005078 0.999983 0.002915
vn 0.005078 0.999983 0.002915
vn 0.010152 0.999931 0.005853
vn -0.255840 0.966719 0.000940
vn -0.254929 0.966960 0.000388
vn -0.254929 0.966960 0.000388
vn -0.254017 0.967200 -0.000163
vn 0.001638 0.082741 0.996570
vn -0.065669 0.047296 0.996720
vn -0.065669 0.047296 0.996720
vn -0.132596 0.011578 0.991103
vn 0.534473 0.410043 0.739056
vn 0.534473 0.410043 0.739056
vn 0.534473 0.410043 0.739056
vn -0.995003 0.080750 0.058729
vn -0.995003 0.080750 0.058729
vn -0.995003 0.080750 0.058729
vn -0.528733 -0.653160 0.542055
vn -0.547663 -0.629598 0.551064
vn -0.547663 -0.629598 0.551064
vn -0.566049 -0.605410 0.559524
vn 0.065164 0.935093 0.348361
vn 0.068263 0.936796 0.343151
vn 0.068263 0.936796 0.343151
vn 0.071360 0.938463 0.337928
vn 0.064030 0.920784 0.384782
vn 0.033197 0.917694 0.395898
vn 0.033197 0.917694 0.395898
vn 0.002329 0.913610 0.406586
vn 0.055246 0.998139 0.025825
vn 0.027600 0.999609 0.004462
vn 0.027600 0.999609 0.004462
vn -0.000080 0.999857 -0.016907
vn -0.025196 0.999669 -0.005301
vn -0.025196 0.999669 -0.005301
vn -0.025196 0.999669 -0.005301
vn 0.319141 0.506895 0.800754
vn 0.319141 0.506895 0.800754
vn 0.319141 0.506895 0.800754
vn -0.000536 0.690061 0.723751
vn 0.014949 0.430212 0.902604
vn -0.000816 0.999998 0.001913
vn 0.399364 0.851767 0.339118
vn 0.392155 0.853817 0.342361
vn 0.392155 0.853817 0.342361
vn 0.384920 0.855810 0.345582
vn 0.402561 0.872946 0.275518
vn 0.404768 0.874338 0.267762
vn 0.404768 0.874338 0.267762
vn 0.406949 0.875671 0.259988
vn -0.421695 0.906732 -0.003007
vn -0.399838 0.916585 0.000672
vn -0.399838 0.916585 0.000672
vn -0.377746 0.925899 0.004351
vn -0.040800 0.998349 -0.040425
vn -0.040800 0.998349 -0.040425
vn -0.040800 0.998349 -0.040425
vn -0.763117 0.185253 -0.619140
vn -0.758840 0.159134 -0.631536
vn -0.758840 0.159134 -0.631536
vn -0.753915 0.132879 -0.643394
vn -0.999374 0.035383 0.000270
vn -0.999556 0.029681 -0.002590
vn -0.999556 0.029681 -0.002590
vn -0.999698 0.023978 -0.005449
vn 0.003114 0.999893 0.014279
vn 0.003114 0.999893 0.014279
vn 0.003114 0.999893 0.014279
vn -0.700368 -0.177109 0.691460
vn -0.610337 0.088319 0.787203
vn -0.610337 0.088319 0.787203
vn -0.466765 0.346000 0.813888
vn 0.001970 0.998925 0.046316
vn 0.001970 0.998925 0.046316
vn 0.001970 0.998925 0.046316
vn -0.637555 0.625635 -0.449560
vn -0.637555 0.625635 -0.449560
vn -0.637555 0.625635 -0.449560
vn -0.016938 0.998724 -0.047569
vn -0.034321 0.999392 -0.006201
vn -0.034321 0.999392 -0.006201
vn -0.051636 0.998046 0.035179
vn 0.677114 0.044579 0.734527
vn 0.677114 0.044579 0.734527
vn 0.677114 0.044579 0.734527
vn -0.059299 0.995399 -0.075264
vn -0.037380 0.850428 0.524761
vn -0.062002 0.996231 -0.060661
vn 0.006859 0.715793 0.698279
vn -0.027579 0.998646 -0.044118
vn -0.987319 -0.028077 -0.156248
vn -0.987319 -0.028077 -0.156248
vn -0.987319 -0.028077 -0.156248
vn -0.895737 -0.104487 0.432133
vn -0.894724 -0.101741 0.434877
vn -0.894724 -0.101741 0.434877
vn -0.893697 -0.098993 0.437614
vn -0.745220 -0.314773 0.587847
vn -0.725564 -0.283652 0.626975
vn -0.725564 -0.283652 0.626975
vn -0.703814 -0.251713 0.664294
vn -0.171516 -0.489685 0.854863
vn -0.171516 -0.489685 0.854863
vn -0.171516 -0.489685 0.854863
vn 0.034469 -0.520272 0.853305
vn 0.006003 -0.508849 0.860835
vn 0.006003 -0.508849 0.860835
vn -0.022469 -0.496918 0.867507
vn 0.743106 -0.017742 0.668938
vn 0.704372 -0.066970 0.706665
vn 0.704372 -0.066970 0.706665
vn 0.661871 -0.115840 0.740614
vn 0.846909 -0.086207 0.524704
vn 0.842327 -0.081079 0.532833
vn 0.842327 -0.081079 0.532833
vn 0.837650 -0.075942 0.540902
vn 0.131429 0.983885 0.121228
vn 0.131429 0.983885 0.121228
vn 0.131429 0.983885 0.121228
vn 0.147401 0.988570 -0.031648
vn 0.147401 0.988570 -0.031648
vn 0.147401 0.988570 -0.031648
vn -0.000821 0.037954 0.999279
vn -0.003376 0.035186 0.999375
vn -0.003376 0.035186 0.999375
vn -0.005932 0.032417 0.999457
vn 0.937734 0.334239 0.094549
vn 0.940329 0.340226 0.005190
vn 0.940329 0.340226 0.005190
vn 0.935376 0.343481 -0.084211
vn 0.940183 -0.042391 0.338023
vn 0.940183 -0.042391 0.338023
vn 0.940183 -0.042391 0.338023
vn -0.060590 0.998129 -0.008190
vn -0.050460 0.998714 -0.004836
vn -0.062323 0.998032 -0.006884
vn 0.034804 0.954837 -0.295086
vn 0.198280 0.815537 -0.543676
vn -0.807560 0.054395 0.587272
vn -0.797666 0.074216 0.598515
vn -0.797666 0.074216 0.598515
vn -0.787280 0.093992 0.609389
vn -0.691172 0.499564 -0.522223
vn -0.691172 0.499564 -0.522223
vn -0.691172 0.499564 -0.522223
vn 0.001729 0.855220 -0.518261
vn 0.001729 0.855220 -0.518261
vn 0.001729 0.855220 -0.518261
vn 0.900489 -0.084337 0.426622
vn 0.896894 -0.091217 0.432737
vn 0.896894 -0.091217 0.432737
vn 0.893210 -0.098089 0.438810
vn -0.542238 0.840220 -0.002686
vn -0.539980 0.841678 -0.000569
vn -0.539980 0.841678 -0.000569
vn -0.537715 0.843126 0.001549
vn 0.052900 0.997855 0.038574
vn 0.079343 0.996304 0.032916
vn 0.059585 0.997068 0.048011
vn -0.372792 0.883488 -0.283682
vn -0.407673 0.848748 -0.336792
vn 0.993219 -0.045990 0.106776
vn 0.997815 0.051218 0.041746
vn 0.997815 0.051218 0.041746
vn 0.988741 0.147724 -0.023857
vn -0.066283 0.996960 0.040949
vn -0.055073 0.997187 0.050841
vn -0.055073 0.997187 0.050841
vn -0.043851 0.997191 0.060720
vn -0.599228 -0.799389 -0.043639
vn -0.533418 -0.845658 -0.018132
vn -0.533418 -0.845658 -0.018132
vn -0.463809 -0.885903 0.007504
vn -0.560944 -0.819923 0.114315
vn -0.636551 -0.770377 0.036374
vn -0.636551 -0.770377 0.036374
vn -0.703090 -0.709855 -0.042085
vn 0.243449 0.400414 0.883403
vn 0.234798 0.391145 0.889874
vn 0.234798 0.391145 0.889874
vn 0.226098 0.381796 0.896165
vn 0.590080 0.807343 -0.001538
vn 0.590834 0.806793 -0.000481
vn 0.590834 0.806793 -0.000481
vn 0.591587 0.806241 0.000576
vn 0.016970 0.840718 0.541208
vn 0.043515 0.829751 0.556435
vn 0.043515 0.829751 0.556435
vn 0.070013 0.817907 0.571075
vn 0.899182 0.419865 0.123224
vn -0.070236 0.968163 0.240264
vn -0.070236 0.968163 0.240264
vn 0.677002 0.618002 -0.399677
vn 0.459449 0.868616 -0.185506
vn 0.641252 0.588391 -0.492535
vn -0.139455 0.947580 0.287481
vn -0.674801 -0.034606 0.737188
vn 0.324075 0.919100 0.224122
vn 0.313547 0.927348 0.204238
vn 0.313547 0.927348 0.204238
vn 0.302839 0.935064 0.184237
vn 0.105522 0.993363 0.045763
vn 0.727711 0.198870 -0.656420
vn 0.105522 0.993363 0.045763
vn 0.379025 0.626675 -0.680896
vn 0.283771 0.608779 -0.740852
vn 0.501205 0.865329 0.000505
vn 0.500694 0.865624 0.000275
vn 0.500694 0.865624 0.000275
vn 0.500183 0.865920 0.000044
vn -0.999375 0.031375 0.016298
vn -0.997785 0.056566 0.034998
vn -0.997785 0.056566 0.034998
vn -0.995211 0.081702 0.053663
vn -0.030609 0.999472 -0.010911
vn -0.030609 0.999472 -0.010911
vn -0.030609 0.999472 -0.010911
vn -0.462604 0.811426 0.357191
vn -0.463956 0.812568 0.352815
vn -0.463956 0.812568 0.352815
vn -0.465297 0.813691 0.348432
vn -0.933682 0.202187 0.295566
vn -0.913927 0.349110 -0.207025
vn -0.760605 0.324323 -0.562400
vn -0.770346 0.479954 -0.419776
vn 0.049659 0.998703 0.011234
vn 0.031659 0.999499 0.000267
vn 0.031659 0.999499 0.000267
vn 0.013645 0.999850 -0.010700
vn 0.047845 -0.015274 0.998738
vn 0.049181 -0.019657 0.998596
vn 0.049181 -0.019657 0.998596
vn 0.050516 -0.024040 0.998434
vn -0.511573 0.859240 -0.000368
vn -0.512215 0.858857 0.000022
vn -0.512215 0.858857 0.000022
vn -0.512857 0.858474 0.000413
vn 0.566035 0.824381 0.000051
vn 0.561136 0.827723 0.000803
vn 0.561136 0.827723 0.000803
vn 0.556217 0.831036 0.001556
vn 0.079805 -0.058354 0.995101
vn 0.079805 -0.058354 0.995101
vn 0.079805 -0.058354 0.995101
vn 0.837512 0.280244 -0.469081
vn 0.837512 0.280244 -0.469081
vn 0.837512 0.280244 -0.469081
vn 0.705565 0.160945 -0.690127
vn 0.705565 0.160945 -0.690127
vn 0.705565 0.160945 -0.690127
vn 0.373793 0.896542 0.237679
vn 0.367352 0.901201 0.229977
vn 0.367352 0.901201 0.229977
vn 0.360867 0.905749 0.222246
vn -0.660691 -0.125741 0.740052
vn -0.660691 -0.125741 0.740052
vn -0.660691 -0.125741 0.740052
vn 0.844696 0.381480 -0.375449
vn 0.844696 0.381480 -0.375449
vn 0.844696 0.381480 -0.375449
vn 1.000000 0.000553 0.000204
vn 1.000000 0.000553 0.000204
vn 1.000000 0.000553 0.000204
vn 0.067420 0.905878 0.418138
vn 0.068419 0.908974 0.411199
vn 0.068419 0.908974 0.411199
vn 0.069413 0.912017 0.404236
vn 0.542928 0.008897 0.839732
vn 0.542928 0.008897 0.839732
vn 0.542928 0.008897 0.839732
vn 0.655647 0.127533 0.744219
vn 0.655647 0.127533 0.744219
vn 0.655647 0.127533 0.744219
vn -0.362162 0.893896 0.264175
vn -0.378469 0.880544 0.285313
vn -0.378469 0.880544 0.285313
vn -0.394438 0.866407 0.306197
vn 0.566059 0.025853 0.823959
vn 0.566059 0.025853 0.823959
vn 0.566059 0.025853 0.823959
vn -0.202827 0.193499 -0.959906
vn -0.202827 0.193499 -0.959906
vn -0.202827 0.193499 -0.959906
vn -0.532023 0.846726 -0.002407
vn -0.527728 0.849408 -0.003073
vn -0.527728 0.849408 -0.003073
vn -0.523420 0.852067 -0.003738
vn -0.030431 -0.009852 0.999488
vn -0.038553 0.008816 0.999218
vn -0.038553 0.008816 0.999218
vn -0.046660 0.027481 0.998533
vn 0.147926 0.927486 0.343348
vn 0.147926 0.927486 0.343348
vn 0.147926 0.927486 0.343348
vn -0.678249 0.321635 0.660704
vn -0.678249 0.321635 0.660704
vn -0.678249 0.321635 0.660704
vn 0.634696 0.068061 0.769759
vn 0.617550 0.104813 0.779517
vn 0.617550 0.104813 0.779517
vn 0.599329 0.141383 0.787919
vn 0.668160 -0.007968 0.743975
vn 0.721289 -0.136369 0.679077
vn 0.721289 -0.136369 0.679077
vn 0.757453 -0.261562 0.598206
vn 0.512695 -0.812040 -0.278810
vn 0.444071 -0.830495 -0.336273
vn 0.444071 -0.830495 -0.336273
vn 0.371738 -0.842014 -0.390927
vn 0.099614 0.993525 0.054635
vn 0.082206 0.996404 0.020529
vn 0.082206 0.996404 0.020529
vn 0.064677 0.997814 -0.013607
vn -0.652515 0.284435 0.702368
vn -0.727173 0.263006 0.634072
vn -0.727173 0.263006 0.634072
vn -0.794053 0.238763 0.558992
vn -0.850008 0.235628 0.471132
vn -0.854976 0.242630 0.458417
vn -0.854976 0.242630 0.458417
vn -0.859743 0.249576 0.445594
vn -0.000793 0.999609 -0.027944
vn -0.015312 0.997575 -0.067902
vn -0.015312 0.997575 -0.067902
vn -0.029804 0.993733 -0.107736
vn 0.399999 -0.831658 -0.385156
vn 0.414555 -0.838185 -0.354387
vn 0.414555 -0.838185 -0.354387
vn 0.428614 -0.843704 -0.323192
vn 0.625999 0.150018 0.765258
vn 0.625999 0.150018 0.765258
vn 0.625999 0.150018 0.765258
vn -0.265006 0.933875 -0.240103
vn -0.265006 0.933875 -0.240103
vn -0.265006 0.933875 -0.240103
vn 0.424709 -0.094426 0.900392
vn 0.221889 0.079039 0.971863
vn 0.221889 0.079039 0.971863
vn 0.002131 0.246471 0.969148
vn -0.878966 0.458202 -0.132173
vn -0.878966 0.458202 -0.132173
vn -0.878966 0.458202 -0.132173
vn 0.710520 -0.329680 0.621669
vn 0.710520 -0.329680 0.621669
vn 0.710520 -0.329680 0.621669
vn -0.691953 0.156388 -0.704801
vn -0.691953 0.156388 -0.704801
vn -0.691953 0.156388 -0.704801
vn -0.823660 -0.118928 0.554472
vn -0.808852 -0.086462 0.581620
vn -0.808852 -0.086462 0.581620
vn -0.792418 -0.053823 0.607599
vn -0.021284 0.999240 0.032650
vn -0.002643 0.997366 0.072483
vn -0.002643 0.997366 0.072483
vn 0.016003 0.993560 0.112176
vn 0.313782 -0.891944 -0.325540
vn 0.313378 -0.891634 -0.326778
vn 0.313378 -0.891634 -0.326778
vn 0.312973 -0.891322 -0.328015
vn -0.028830 0.996897 0.073246
vn -0.015952 0.996530 0.081696
vn -0.015952 0.996530 0.081696
vn -0.003070 0.995926 0.090127
vn -0.730313 -0.070140 0.679503
vn -0.742186 -0.056496 0.667808
vn -0.742186 -0.056496 0.667808
vn -0.753715 -0.042826 0.655804
vn 0.470374 -0.820666 -0.324432
vn 0.356329 -0.860585 -0.363899
vn 0.356329 -0.860585 -0.363899
vn 0.236526 -0.886600 -0.397487
vn 0.013265 -0.143035 0.989629
vn 0.013265 -0.143035 0.989629
vn 0.013265 -0.143035 0.989629
vn 0.003352 -0.005344 0.999980
vn 0.003352 -0.005344 0.999980
vn 0.003352 -0.005344 0.999980
vn -0.012459 0.998237 0.058023
vn -0.005213 0.999978 0.004050
vn 0.014046 0.999745 -0.017701
vn -0.001572 0.999734 -0.023032
vn -0.043593 0.997924 0.047403
vn -0.981540 -0.191253 0.001515
vn -0.981998 -0.146357 0.119412
vn -0.981998 -0.146357 0.119412
vn -0.966828 -0.099131 0.235408
vn 0.582460 -0.812843 0.005195
vn 0.573588 -0.819064 0.011444
vn 0.573588 -0.819064 0.011444
vn 0.564625 -0.825158 0.017691
vn 0.508985 -0.860182 0.031950
vn 0.508911 -0.860227 0.031916
vn 0.508911 -0.860227 0.031916
vn 0.508838 -0.860272 0.031883
vn 0.010658 0.998103 -0.060638
vn 0.023288 0.998856 -0.041766
vn 0.023288 0.998856 -0.041766
vn 0.035905 0.999093 -0.022872
vn -0.945342 0.326080 0.001054
vn -0.945294 0.326219 0.000856
vn -0.945294 0.326219 0.000856
vn -0.945246 0.326359 0.000658
vn -0.999998 0.001968 0.000413
vn -0.999998 0.001968 0.000413
vn -0.999998 0.001968 0.000413
vn 0.841285 0.536753 0.064310
vn 0.841285 0.536753 0.064310
vn 0.841285 0.536753 0.064310
vn -0.951572 0.302286 0.055988
vn -0.980647 0.039796 0.191697
vn -0.980647 0.039796 0.191697
vn -0.980647 0.039796 0.191697
vn 0.999440 -0.033465 0.000189
vn 0.999673 -0.025269 0.003970
vn 0.999673 -0.025269 0.003970
vn 0.999824 -0.017072 0.007751
vn -0.063479 0.997589 0.028053
vn -0.128868 0.991423 0.021769
vn -0.128868 0.991423 0.021769
vn -0.193696 0.980941 0.015391
vn 0.075898 0.130120 0.988589
vn -0.060573 0.093782 0.993748
vn -0.060573 0.093782 0.993748
vn -0.195834 0.055571 0.979061
vn -0.037079 -0.926098 -0.375457
vn 0.003831 -0.923853 -0.382729
vn 0.003831 -0.923853 -0.382729
vn 0.044734 -0.920008 -0.389337
vn -0.072514 -0.914430 -0.398196
vn -0.050384 -0.917532 -0.394457
vn -0.050384 -0.917532 -0.394457
vn -0.028228 -0.920164 -0.390515
vn -0.079666 0.082652 0.993389
vn -0.015828 0.069684 0.997444
vn -0.015828 0.069684 0.997444
vn 0.048079 0.056419 0.997249
vn 0.061996 0.997798 0.023567
vn 0.114258 0.993251 0.019930
vn 0.114258 0.993251 0.019930
vn 0.166204 0.985958 0.016239
vn -0.676153 0.286487 0.678780
vn -0.244467 0.324109 0.913887
vn -0.244467 0.324109 0.913887
vn -0.244467 0.324109 0.913887
vn 0.339045 0.938032 -0.071726
vn 0.362175 0.932061 -0.009593
vn 0.362175 0.932061 -0.009593
vn 0.383700 0.921960 0.052583
vn 0.713072 0.700874 -0.017438
vn 0.737803 0.673126 0.050471
vn 0.737803 0.673126 0.050471
vn 0.758113 0.641345 0.118077
vn 0.377528 0.670085 -0.639107
vn 0.523356 0.509032 -0.683363
vn 0.650990 0.111018 -0.750924
vn 0.690193 0.227350 -0.686983
vn -0.147729 -0.818314 -0.555463
vn -0.295592 -0.844928 -0.445783
vn -0.295592 -0.844928 -0.445783
vn -0.433227 -0.842306 -0.320678
vn -0.007691 0.999868 0.014322
vn -0.007691 0.999868 0.014322
vn -0.007691 0.999868 0.014322
vn 0.940568 0.138687 0.309996
vn 0.940568 0.138687 0.309996
vn 0.940568 0.138687 0.309996
vn -0.493062 -0.855952 -0.155681
vn -0.478734 -0.851344 -0.214541
vn -0.478734 -0.851344 -0.214541
vn -0.462638 -0.843593 -0.272610
vn 0.848146 0.114237 0.517299
vn 0.898206 0.253124 0.359380
vn 0.657652 0.610020 0.442006
vn 0.601494 0.735458 0.311939
vn 0.350218 0.867304 0.353738
vn 0.812203 0.519756 0.264915
vn 0.050346 0.998708 -0.006948
vn 0.042955 0.990875 -0.127756
vn 0.042955 0.990875 -0.127756
vn 0.034933 0.968466 -0.246685
vn -0.480875 0.592351 0.646437
vn -0.462184 0.739222 0.489833
vn -0.462184 0.739222 0.489833
vn -0.422027 0.851760 0.310479
vn 0.092705 0.993017 0.072964
vn 0.271905 0.822684 0.499258
vn 0.092705 0.993017 0.072964
vn -0.337061 0.864105 -0.373782
vn -0.317080 0.848679 -0.423325
vn -0.337061 0.864105 -0.373782
vn 0.003989 0.990352 0.138517
vn -0.013725 0.992367 0.122556
vn -0.013725 0.992367 0.122556
vn -0.031431 0.993813 0.106525
vn 0.102920 0.989631 0.100192
vn 0.108781 0.987912 0.110440
vn 0.108781 0.987912 0.110440
vn 0.114626 0.986052 0.120671
vn 0.345400 0.936996 -0.052326
vn 0.509068 0.825647 0.243224
vn 0.449076 0.893484 0.004218
vn 0.098875 0.911161 0.400012
vn 0.084847 0.928799 0.360740
vn -0.041703 0.927168 0.372319
vn 0.090526 0.974399 0.205796
vn -0.179410 0.908216 0.378095
vn -0.436666 0.668109 0.602457
vn 0.452322 0.879640 0.147097
vn 0.464205 0.874133 0.142845
vn 0.464205 0.874133 0.142845
vn 0.476000 0.868460 0.138566
vn -0.032832 0.987524 0.154010
vn -0.024406 0.986111 0.164285
vn -0.024406 0.986111 0.164285
vn -0.015975 0.984522 0.174530
vn 0.048844 0.987828 0.147682
vn 0.048844 0.987828 0.147682
vn 0.048844 0.987828 0.147682
vn -0.138081 0.981202 0.134822
vn -0.064717 0.996135 0.059388
vn -0.064717 0.996135 0.059388
vn 0.009379 0.999816 -0.016717
vn -0.015874 0.975874 0.217759
vn -0.015874 0.975874 0.217759
vn -0.015874 0.975874 0.217759
vn 0.950511 0.037820 0.308380
vn 0.950511 0.037820 0.308380
vn 0.950511 0.037820 0.308380
vn 0.034561 0.999353 -0.009967
vn 0.007072 0.999818 -0.017739
vn 0.007072 0.999818 -0.017739
vn -0.020422 0.999466 -0.025497
vn -0.016633 0.993716 -0.110687
vn 0.007203 0.996211 -0.086676
vn 0.007203 0.996211 -0.086676
vn 0.031030 0.997558 -0.062565
vn 0.394125 -0.247829 0.885012
vn 0.425417 -0.108122 0.898516
vn 0.425417 -0.108122 0.898516
vn 0.447911 0.033821 0.893438
vn 0.360852 0.257916 0.896251
vn 0.360852 0.257916 0.896251
vn 0.360852 0.257916 0.896251
vn -0.049219 0.995820 -0.076944
vn -0.090290 0.995811 -0.014427
vn -0.090290 0.995811 -0.014427
vn -0.130856 0.990230 0.048172
vn 0.069882 0.987951 0.138094
vn 0.075498 0.992015 0.101031
vn 0.075498 0.992015 0.101031
vn 0.081006 0.994668 0.063824
vn 0.431831 -0.260417 0.863542
vn 0.347746 -0.333930 0.876107
vn 0.347746 -0.333930 0.876107
vn 0.259268 -0.403225 0.877604
vn 0.052490 0.997941 0.036860
vn 0.109340 0.993504 -0.031544
vn 0.109340 0.993504 -0.031544
vn 0.165322 0.981187 -0.099698
vn -0.556257 0.256453 0.790449
vn -0.418757 0.275916 0.865166
vn -0.493733 0.269415 0.826828
vn -0.345806 0.283105 0.894578
vn -0.260257 0.282985 0.923139
vn 0.015561 0.999684 -0.019732
vn 0.017527 0.999717 -0.016066
vn 0.017527 0.999717 -0.016066
vn 0.019493 0.999733 -0.012399
vn 0.044106 0.998187 -0.040960
vn 0.044004 0.997958 -0.046292
vn 0.044004 0.997958 -0.046292
vn 0.043900 0.997701 -0.051622
vn -0.600345 -0.228782 0.766319
vn -0.579800 -0.118680 0.806069
vn -0.579800 -0.118680 0.806069
vn -0.551067 -0.006902 0.834433
vn -0.469359 0.098038 0.877548
vn -0.469359 0.098038 0.877548
vn -0.469359 0.098038 0.877548
vn -0.402010 0.899761 -0.169761
vn -0.402010 0.899761 -0.169761
vn -0.402010 0.899761 -0.169761
vn -0.085387 0.996323 -0.006986
vn -0.085387 0.996323 -0.006986
vn -0.085387 0.996323 -0.006986
vn -0.505577 -0.426836 0.749801
vn -0.499509 -0.422714 0.756177
vn -0.499509 -0.422714 0.756177
vn -0.493393 -0.418552 0.762481
vn 0.257919 0.957180 0.131471
vn 0.101525 0.994358 0.030739
vn 0.101525 0.994358 0.030739
vn -0.058522 0.995751 -0.071099
vn 0.974487 -0.125448 0.186111
vn 0.975331 -0.117445 0.186915
vn 0.975331 -0.117445 0.186915
vn 0.976110 -0.109434 0.187707
vn 0.933157 0.347270 -0.092850
vn 0.894514 0.447019 -0.004363
vn 0.894514 0.447019 -0.004363
vn 0.838631 0.538152 0.084208
vn 0.017932 0.998912 -0.043057
vn 0.006890 0.999738 -0.021840
vn 0.006890 0.999738 -0.021840
vn -0.004156 0.999991 -0.000610
vn -0.581309 -0.813673 -0.004071
vn -0.581577 -0.813480 -0.004346
vn -0.581577 -0.813480 -0.004346
vn -0.581845 -0.813286 -0.004620
vn -0.515792 -0.856688 -0.006663
vn -0.506809 -0.861859 -0.018556
vn -0.506809 -0.861859 -0.018556
vn -0.497699 -0.866815 -0.030445
vn 0.033871 -0.000870 0.999426
vn 0.016980 -0.023304 0.999584
vn 0.515111 0.857124 0.000034
vn 0.515133 0.857110 0.000006
vn 0.515133 0.857110 0.000006
vn 0.515155 0.857097 -0.000023
vn 0.844225 -0.535985 -0.002161
vn 0.835590 -0.549304 0.007352
vn 0.835590 -0.549304 0.007352
vn 0.826669 -0.562435 0.016862
vn 0.925663 -0.321023 0.200229
vn 0.968462 -0.192258 0.158489
vn 0.968462 -0.192258 0.158489
vn 0.991742 -0.059618 0.113554
vn 0.837463 0.284540 0.466576
vn 0.807050 0.334763 0.486419
vn 0.807050 0.334763 0.486419
vn 0.773538 0.383701 0.504394
vn 0.783606 -0.528265 0.326953
vn 0.958658 -0.104413 0.264712
vn 0.958658 -0.104413 0.264712
vn 0.928397 0.341800 0.145778
vn 0.688733 -0.500980 0.524085
vn 0.688733 -0.500980 0.524085
vn 0.688733 -0.500980 0.524085
vn 0.061322 0.509823 0.858091
vn 0.061322 0.509823 0.858091
vn 0.061322 0.509823 0.858091
vn 0.056892 0.445601 0.893422
vn 0.074625 0.457725 0.885957
vn 0.074625 0.457725 0.885957
vn 0.092319 0.469613 0.878033
vn 0.040830 0.362054 0.931263
vn -0.029534 0.414397 0.909617
vn -0.029534 0.414397 0.909617
vn -0.099657 0.463360 0.880549
vn 0.001206 0.317710 0.948187
vn 0.001206 0.317710 0.948187
vn 0.001206 0.317710 0.948187
vn -0.532639 -0.015452 0.846202
vn -0.539491 -0.059333 0.839898
vn -0.539491 -0.059333 0.839898
vn -0.545257 -0.103094 0.831905
vn -0.749902 0.173660 0.638349
vn -0.751055 0.183580 0.634205
vn -0.751055 0.183580 0.634205
vn -0.752119 0.193479 0.629986
vn -0.780607 0.208064 0.589375
vn -0.780064 0.199019 0.593205
vn -0.780064 0.199019 0.593205
vn -0.779445 0.189955 0.596977
vn -0.937207 -0.072323 0.341192
vn -0.937207 -0.072323 0.341192
vn -0.937207 -0.072323 0.341192
vn -0.576293 -0.816663 -0.030788
vn -0.709407 -0.699109 -0.089381
vn -0.709407 -0.699109 -0.089381
vn -0.817711 -0.557106 -0.144849
vn -0.285790 0.732606 0.617748
vn -0.285790 0.732606 0.617748
vn -0.285790 0.732606 0.617748
vn 0.459402 0.726593 0.510893
vn 0.459402 0.726593 0.510893
vn 0.459402 0.726593 0.510893
vn -0.087862 0.986484 0.138313
vn -0.102062 0.974215 0.201219
vn -0.102062 0.974215 0.201219
vn -0.115821 0.957748 0.263257
vn 0.131036 0.965513 0.224977
vn 0.138799 0.978010 0.155662
vn 0.138799 0.978010 0.155662
vn 0.145865 0.985597 0.085566
vn -0.546761 0.837288 0.000417
vn -0.545818 0.837903 -0.001153
vn -0.545818 0.837903 -0.001153
vn -0.544872 0.838515 -0.002723
vn -0.000170 -0.029985 0.999550
vn 0.019479 -0.065042 0.997692
vn 0.019479 -0.065042 0.997692
vn 0.039096 -0.099994 0.994220
vn 0.535924 -0.843737 0.029897
vn 0.543125 -0.838631 0.041387
vn 0.543125 -0.838631 0.041387
vn 0.550211 -0.833350 0.052868
vn -0.531503 0.846940 0.014056
vn -0.525150 0.850972 0.008037
vn -0.525150 0.850972 0.008037
vn -0.518748 0.854925 0.002016
vn -0.008192 -0.007719 0.999937
vn -0.016219 0.001891 0.999867
vn 0.518699 -0.854905 0.009409
vn 0.452252 -0.890744 -0.045199
vn 0.452252 -0.890744 -0.045199
vn 0.381878 -0.918850 -0.099415
vn 0.582271 0.340133 0.738424
vn 0.565659 0.347026 0.748066
vn 0.565659 0.347026 0.748066
vn 0.548812 0.353774 0.757397
vn -0.030316 0.999083 -0.030249
vn 0.021155 0.998233 -0.055533
vn 0.021155 0.998233 -0.055533
vn 0.072556 0.994099 -0.080635
vn -0.320916 -0.856180 -0.404931
vn -0.322960 -0.856097 -0.403479
vn -0.283334 -0.866232 -0.411539
vn -0.364685 -0.808339 -0.462161
vn -0.242784 -0.874946 -0.418957
vn -0.221749 -0.895080 -0.386858
vn 0.686187 0.082165 -0.722770
vn 0.686009 0.076206 -0.723591
vn 0.686009 0.076206 -0.723591
vn 0.685805 0.070245 -0.724387
vn -0.500642 -0.845165 -0.187225
vn -0.544504 -0.834545 -0.083963
vn -0.534152 -0.839133 -0.102654
vn -0.563846 -0.825263 -0.031927
vn -0.564347 -0.824221 -0.046617
vn -0.039113 0.998967 0.023147
vn -0.043080 0.998516 0.033318
vn -0.043080 0.998516 0.033318
vn -0.047042 0.997946 0.043485
vn 0.573243 0.454361 0.681871
vn 0.675995 0.420459 0.605181
vn 0.675995 0.420459 0.605181
vn 0.766857 0.379162 0.517847
vn 0.901466 0.357533 0.243987
vn 0.973818 0.177987 0.141416
vn 0.973818 0.177987 0.141416
vn 0.999435 -0.010102 0.032059
vn -0.025618 -0.996353 -0.081387
vn -0.074401 -0.946078 -0.315280
vn -0.074401 -0.946078 -0.315280
vn -0.118749 -0.839404 -0.530377
vn 0.206217 0.974509 -0.088354
vn 0.121576 0.990714 -0.060877
vn 0.121576 0.990714 -0.060877
vn 0.035940 0.998812 -0.032901
vn -0.016893 0.999817 -0.008988
vn 0.032339 0.999275 -0.020107
vn 0.032339 0.999275 -0.020107
vn 0.081490 0.996187 -0.031176
vn -0.105461 -0.991904 -0.070746
vn -0.023002 -0.949664 -0.312423
vn -0.023002 -0.949664 -0.312423
vn 0.060999 -0.843806 -0.533171
vn 0.235141 0.378310 0.895316
vn 0.153643 0.358164 0.920930
vn 0.153643 0.358164 0.920930
vn 0.070962 0.335258 0.939450
vn 0.224925 0.388844 0.893426
vn 0.224925 0.388844 0.893426
vn 0.224925 0.388844 0.893426
vn 0.712182 0.661539 0.234868
vn 0.712182 0.661539 0.234868
vn 0.712182 0.661539 0.234868
vn -0.031564 0.999502 0.000002
vn -0.025919 0.999654 -0.004451
vn -0.024417 0.999687 -0.005490
vn -0.020842 0.999749 -0.008236
vn -0.021412 0.999742 -0.007569
vn 0.417761 0.247936 0.874073
vn 0.417761 0.247936 0.874073
vn 0.417761 0.247936 0.874073
vn 0.002672 0.998553 0.053713
vn 0.027300 0.999097 -0.032552
vn 0.027300 0.999097 -0.032552
vn 0.051709 0.991600 -0.118555
vn 0.075196 0.987188 0.140733
vn 0.075221 0.987535 0.138263
vn 0.075221 0.987535 0.138263
vn 0.075246 0.987876 0.135793
vn 0.534005 -0.082407 0.841456
vn 0.444487 -0.165702 0.880326
vn 0.444487 -0.165702 0.880326
vn 0.347652 -0.246269 0.904704
vn 0.009797 0.998034 0.061901
vn -0.000649 0.998070 0.062089
vn -0.000649 0.998070 0.062089
vn -0.011096 0.997998 0.062271
vn -0.150142 0.219625 0.963962
vn -0.098839 0.175366 0.979529
vn -0.098839 0.175366 0.979529
vn -0.047058 0.130260 0.990363
vn 0.009824 0.999793 0.017820
vn 0.009824 0.999793 0.017820
vn 0.009824 0.999793 0.017820
vn 0.055516 0.996076 0.068930
vn 0.068962 0.996464 0.047999
vn 0.068962 0.996464 0.047999
vn 0.082366 0.996235 0.027038
vn 0.054130 -0.403535 0.913362
vn 0.127245 -0.459091 0.879229
vn 0.127245 -0.459091 0.879229
vn 0.199139 -0.510242 0.836658
vn -0.045962 0.989604 -0.136280
vn 0.042596 0.999031 0.011052
vn 0.127097 0.991757 -0.016279
vn 0.127097 0.991757 -0.016279
vn 0.210590 0.976607 -0.043481
vn 0.881653 -0.136509 0.451723
vn 0.869141 -0.119182 0.479989
vn 0.869141 -0.119182 0.479989
vn 0.855538 -0.101705 0.507653
vn 0.042219 0.993927 -0.101619
vn 0.077001 0.991275 -0.106978
vn 0.060885 0.995258 -0.075853
vn 0.073104 0.997188 0.016508
vn -0.100024 0.991076 0.088114
vn -0.100024 0.991076 0.088114
vn -0.100024 0.991076 0.088114
vn -0.071963 0.996159 -0.049892
vn -0.154820 0.986732 -0.048902
vn -0.154820 0.986732 -0.048902
vn -0.236600 0.970442 -0.047572
vn 0.508812 0.164250 0.845064
vn 0.559063 0.461781 0.688627
vn 0.559063 0.461781 0.688627
vn 0.544730 0.705966 0.452638
vn 0.985201 -0.081997 0.150519
vn 0.934165 -0.091068 0.345025
vn 0.934165 -0.091068 0.345025
vn 0.845278 -0.096449 0.525550
vn 0.725273 0.663892 -0.182281
vn 0.821915 0.567347 -0.050728
vn 0.821915 0.567347 -0.050728
vn 0.888996 0.450395 0.082649
vn -0.258371 0.318912 0.911888
vn -0.258371 0.318912 0.911888
vn -0.258371 0.318912 0.911888
vn -0.143297 -0.758505 0.635717
vn -0.143297 -0.758505 0.635717
vn -0.143297 -0.758505 0.635717
vn 0.023175 0.999035 -0.037306
vn 0.017662 0.997994 -0.060790
vn 0.048832 0.954553 -0.294014
vn 0.048832 0.954553 -0.294014
vn 0.048832 0.954553 -0.294014
vn 0.940280 0.339787 -0.020467
vn 0.940280 0.339787 -0.020467
vn 0.940280 0.339787 -0.020467
vn 0.027499 0.999276 0.026304
vn 0.032753 0.999205 0.022739
vn 0.032753 0.999205 0.022739
vn 0.038006 0.999094 0.019173
vn 0.258016 0.370622 0.892226
vn 0.258016 0.370622 0.892226
vn 0.258016 0.370622 0.892226
vn 0.332755 -0.323664 0.885729
vn 0.398197 -0.046887 0.916101
vn 0.398197 -0.046887 0.916101
vn 0.431062 0.233726 0.871526
vn 0.426291 0.163774 0.889637
vn 0.426291 0.163774 0.889637
vn 0.426291 0.163774 0.889637
vn -0.317113 0.186469 0.929876
vn -0.317113 0.186469 0.929876
vn -0.317113 0.186469 0.929876
vn -0.027795 0.999605 -0.004202
vn -0.026521 0.999620 0.007571
vn -0.026521 0.999620 0.007571
vn -0.025243 0.999494 0.019343
vn 0.861817 0.103191 0.496611
vn 0.861817 0.103191 0.496611
vn 0.861817 0.103191 0.496611
vn -0.098544 0.956608 0.274209
vn -0.098544 0.956608 0.274209
vn -0.098544 0.956608 0.274209
vn -0.265912 0.928960 0.257534
vn -0.091432 0.995431 0.027527
vn -0.091432 0.995431 0.027527
vn 0.091073 0.974537 -0.204897
vn 0.264863 0.950845 -0.160443
vn 0.276575 0.946101 -0.168519
vn 0.276575 0.946101 -0.168519
vn 0.288224 0.941145 -0.176558
vn 0.053406 0.998404 0.018389
vn 0.046822 0.998834 0.011798
vn 0.046822 0.998834 0.011798
vn 0.040233 0.999177 0.005207
vn 0.658560 0.696719 0.284397
vn 0.571939 0.728367 0.377316
vn 0.571939 0.728367 0.377316
vn 0.475515 0.747532 0.463768
vn -0.092641 0.995088 0.034908
vn -0.111898 0.987195 -0.113689
vn -0.111898 0.987195 -0.113689
vn -0.128635 0.957076 -0.259727
vn -0.191540 0.899358 0.393023
vn -0.191540 0.899358 0.393023
vn -0.191540 0.899358 0.393023
vn -0.222361 0.876777 0.426402
vn -0.222361 0.876777 0.426402
vn -0.222361 0.876777 0.426402
vn 0.182551 0.946274 0.266909
vn 0.089353 0.922303 0.375997
vn 0.089353 0.922303 0.375997
vn -0.005737 0.878815 0.477128
vn 0.260319 0.468202 0.844406
vn 0.260319 0.468202 0.844406
vn 0.260319 0.468202 0.844406
vn 0.560569 0.827837 0.021190
vn 0.610201 0.792214 -0.007227
vn 0.610201 0.792214 -0.007227
vn 0.657063 0.752994 -0.035612
vn 0.252977 0.966452 -0.044410
vn 0.168129 0.985677 -0.013206
vn 0.168129 0.985677 -0.013206
vn 0.081845 0.996480 0.018112
vn 0.225937 0.970505 -0.084097
vn 0.326294 0.944790 -0.030076
vn 0.225937 0.970505 -0.084097
vn -0.057153 0.997326 -0.045548
vn -0.057153 0.997326 -0.045548
vn -0.148561 0.967376 0.205216
vn 0.038379 0.955334 -0.293026
vn -0.246635 0.968894 0.020373
vn -0.246635 0.968894 0.020373
vn -0.246635 0.968894 0.020373
vn 0.122496 0.982972 -0.136971
vn 0.129175 0.978735 -0.159350
vn 0.246461 0.948540 -0.198820
vn 0.110819 0.992831 -0.044787
vn 0.213369 0.976918 -0.010215
vn 0.213369 0.976918 -0.010215
vn 0.313366 0.949317 0.024478
vn 0.401553 0.501529 0.766306
vn 0.316578 0.554936 0.769301
vn 0.316578 0.554936 0.769301
vn 0.228411 0.602748 0.764541
vn 0.068248 0.948595 0.309046
vn 0.068248 0.948595 0.309046
vn 0.068248 0.948595 0.309046
vn 0.109549 0.964472 -0.240400
vn 0.108880 0.964801 -0.239381
vn 0.108880 0.964801 -0.239381
vn 0.108211 0.965129 -0.238362
vn 0.407564 0.451674 0.793651
vn 0.338654 0.416988 0.843466
vn 0.338654 0.416988 0.843466
vn 0.266888 0.378786 0.886167
vn 0.613392 0.789077 -0.033295
vn 0.583137 0.812187 -0.017441
vn 0.583137 0.812187 -0.017441
vn 0.551890 0.833916 -0.001556
vn 0.525758 0.735004 0.428191
vn 0.525758 0.735004 0.428191
vn 0.525758 0.735004 0.428191
vn 0.846483 0.477179 0.236151
vn 0.919871 0.349322 0.178359
vn 0.919871 0.349322 0.178359
vn 0.970195 0.212707 0.116095
vn 0.970863 0.214079 0.107680
vn 0.955246 0.263858 0.133729
vn 0.955246 0.263858 0.133729
vn 0.936381 0.312740 0.159323
vn 0.040595 0.938878 0.341847
vn 0.040595 0.938878 0.341847
vn 0.142010 0.928150 0.344052
vn -0.171096 0.770131 0.614511
vn 0.118872 0.764553 0.633505
vn 0.353773 0.688094 0.633538
vn 0.407535 0.619885 0.670565
vn 0.550539 0.344152 0.760570
vn 0.505178 0.381339 0.774194
vn 0.505178 0.381339 0.774194
vn 0.457985 0.417144 0.785010
vn 0.592051 -0.321270 0.739094
vn 0.592051 -0.321270 0.739094
vn 0.592051 -0.321270 0.739094
vn 0.555114 0.802053 -0.220362
vn 0.583066 0.787221 -0.200792
vn 0.583066 0.787221 -0.200792
vn 0.610211 0.771299 -0.180943
vn 0.711091 0.658755 0.245746
vn 0.841066 0.540815 -0.011293
vn 0.841066 0.540815 -0.011293
vn 0.889565 0.370484 -0.267238
vn 0.990976 0.133603 -0.010813
vn 0.990976 0.133603 -0.010813
vn 0.990976 0.133603 -0.010813
vn 0.624646 0.340005 0.703004
vn 0.567712 0.304462 0.764857
vn 0.567712 0.304462 0.764857
vn 0.506048 0.266383 0.820339
vn -0.057282 0.998140 -0.020878
vn -0.057282 0.998140 -0.020878
vn -0.057282 0.998140 -0.020878
vn 0.478829 0.671212 0.565860
vn 0.478829 0.671212 0.565860
vn 0.478829 0.671212 0.565860
vn -0.438244 0.210582 0.873840
vn -0.426520 0.221075 0.877044
vn -0.426520 0.221075 0.877044
vn -0.414685 0.231510 0.880022
vn -0.302097 -0.101037 0.947908
vn -0.302097 -0.101037 0.947908
vn -0.302097 -0.101037 0.947908
vn 0.004998 0.999931 -0.010629
vn -0.005774 0.999764 -0.020929
vn -0.005774 0.999764 -0.020929
vn -0.016545 0.999375 -0.031225
vn -0.157430 0.972608 0.171026
vn -0.083918 0.977167 0.195200
vn -0.083918 0.977167 0.195200
vn -0.009903 0.975854 0.218202
vn -0.009997 0.975883 0.218063
vn -0.009997 0.975883 0.218063
vn -0.009997 0.975883 0.218063
vn 0.915589 -0.033230 0.400740
vn 0.875300 -0.095531 0.474050
vn 0.875300 -0.095531 0.474050
vn 0.825489 -0.156793 0.542202
vn 0.223448 0.961000 0.162945
vn 0.223448 0.961000 0.162945
vn 0.223448 0.961000 0.162945
vn 0.223747 0.948847 0.222772
vn 0.223747 0.948847 0.222772
vn 0.223747 0.948847 0.222772
vn 0.582427 0.652798 0.484390
vn 0.621255 0.597427 0.507073
vn 0.621255 0.597427 0.507073
vn 0.656922 0.539018 0.527176
vn 0.083999 0.886894 0.454273
vn 0.059592 0.879855 0.471491
vn 0.059592 0.879855 0.471491
vn 0.035129 0.871988 0.488265
vn 0.369187 0.755224 0.541607
vn 0.344118 0.756698 0.555870
vn 0.344118 0.756698 0.555870
vn 0.318762 0.757541 0.569669
vn 0.168577 0.841572 0.513166
vn 0.168577 0.841572 0.513166
vn 0.168577 0.841572 0.513166
vn 0.204388 0.875575 0.437714
vn 0.227497 0.878615 0.419858
vn 0.227497 0.878615 0.419858
vn 0.250411 0.880897 0.401641
vn 0.031649 0.789558 0.612859
vn 0.151843 0.825472 0.543635
vn 0.151843 0.825472 0.543635
vn 0.268920 0.844441 0.463252
vn 0.314358 0.609885 0.727475
vn 0.311726 0.631095 0.710314
vn 0.311726 0.631095 0.710314
vn 0.308861 0.651831 0.692620
vn 0.401533 0.745361 0.532173
vn 0.489480 0.619353 0.613849
vn 0.489480 0.619353 0.613849
vn 0.562604 0.474590 0.676935
vn 0.375024 0.673503 0.636985
vn 0.434091 0.693193 0.575368
vn 0.434091 0.693193 0.575368
vn 0.489827 0.707564 0.509335
vn 0.003301 0.820920 0.571034
vn 0.010100 0.830158 0.557437
vn 0.010100 0.830158 0.557437
vn 0.016896 0.839134 0.543663
vn -0.784709 -0.551776 0.282445
vn -0.956607 -0.111265 0.269302
vn -0.956607 -0.111265 0.269302
vn -0.914443 0.354143 0.195898
vn -0.009262 -0.843853 -0.536494
vn -0.016735 -0.842284 -0.538775
vn -0.016735 -0.842284 -0.538775
vn -0.024207 -0.840660 -0.541021
vn -0.048185 -0.839470 -0.541266
vn -0.039699 -0.841386 -0.538975
vn -0.039699 -0.841386 -0.538975
vn -0.031210 -0.843234 -0.536640
vn 0.736513 0.183727 0.650994
vn 0.736513 0.183727 0.650994
vn 0.736513 0.183727 0.650994
vn 0.873306 0.486950 0.014736
vn 0.944070 0.308778 0.115704
vn 0.944070 0.308778 0.115704
vn 0.970513 0.116111 0.211240
vn 0.690944 0.422150 0.586844
vn 0.691777 0.399446 0.601571
vn 0.691777 0.399446 0.601571
vn 0.692103 0.376448 0.615857
vn 0.845107 0.191553 0.499100
vn 0.280678 0.261244 0.923564
vn 0.280678 0.261244 0.923564
vn -0.425102 0.199370 0.882915
vn 0.534194 0.324727 0.780506
vn 0.729949 0.009065 0.683441
vn 0.729949 0.009065 0.683441
vn 0.818121 -0.307934 0.485648
vn 0.384365 0.805147 0.451666
vn 0.384365 0.805147 0.451666
vn 0.384365 0.805147 0.451666
vn -0.023573 0.877117 0.479698
vn -0.009527 0.862404 0.506130
vn -0.009527 0.862404 0.506130
vn 0.004529 0.846733 0.531999
vn 0.816070 0.452804 0.359162
vn 0.875498 0.380553 0.297797
vn 0.875498 0.380553 0.297797
vn 0.923966 0.303538 0.232705
vn 0.770506 0.565480 -0.294199
vn 0.770506 0.565480 -0.294199
vn 0.770506 0.565480 -0.294199
vn 0.029201 0.974967 0.220424
vn 0.029201 0.974967 0.220424
vn 0.029201 0.974967 0.220424
vn 0.134860 0.859349 0.493288
vn 0.136492 0.858404 0.494482
vn 0.136492 0.858404 0.494482
vn 0.138123 0.857455 0.495674
vn 0.136659 -0.062010 0.988675
vn 0.195960 -0.105078 0.974966
vn 0.195960 -0.105078 0.974966
vn 0.254172 -0.147562 0.955836
vn 0.106486 -0.722913 0.682685
vn 0.106486 -0.722913 0.682685
vn 0.106486 -0.722913 0.682685
vn 0.158358 -0.262799 0.951767
vn 0.140697 -0.254128 0.956882
vn 0.417072 -0.166486 0.893495
vn 0.853599 0.055112 0.518008
vn 0.547711 -0.106696 0.829836
vn -0.201372 0.978915 0.034282
vn -0.201372 0.978915 0.034282
vn -0.201372 0.978915 0.034282
vn -0.126483 0.156763 0.979504
vn -0.358681 -0.169938 0.917861
vn -0.358681 -0.169938 0.917861
vn -0.531894 -0.468693 0.705277
vn -0.672664 0.010549 0.739873
vn -0.672664 0.010549 0.739873
vn -0.672664 0.010549 0.739873
vn -0.572562 0.161638 0.803770
vn -0.562668 0.175504 0.807838
vn -0.562668 0.175504 0.807838
vn -0.552602 0.189317 0.811659
vn 0.382587 0.856833 0.345636
vn 0.406334 0.853109 0.327257
vn 0.406740 0.847740 0.340442
vn 0.418716 0.842970 0.337755
vn 0.407304 0.836489 0.366593
vn 0.653836 0.122531 -0.746649
vn 0.680475 0.175090 -0.711546
vn 0.680475 0.175090 -0.711546
vn 0.703912 0.226825 -0.673096
vn 0.126509 0.987566 0.093327
vn 0.086503 0.994296 0.062387
vn 0.086503 0.994296 0.062387
vn 0.046273 0.998439 0.031285
vn 0.102333 0.994734 0.005595
vn 0.102333 0.994734 0.005595
vn 0.102333 0.994734 0.005595
vn 0.308353 0.882531 0.355046
vn 0.333525 0.890997 0.308036
vn 0.333525 0.890997 0.308036
vn 0.357724 0.896865 0.260129
vn 0.520993 0.640168 0.564580
vn 0.555279 0.613367 0.561647
vn 0.555279 0.613367 0.561647
vn 0.588508 0.585398 0.557645
vn 0.629437 0.765299 -0.134635
vn 0.479128 0.869719 0.118432
vn 0.479128 0.869719 0.118432
vn 0.282086 0.889306 0.359947
vn -0.430541 0.344132 0.834391
vn -0.585188 0.252902 0.770451
vn -0.585188 0.252902 0.770451
vn -0.718578 0.152484 0.678524
vn 0.856362 0.176418 0.485306
vn 0.836504 0.362649 0.410789
vn 0.836504 0.362649 0.410789
vn 0.782659 0.534146 0.319582
vn -0.003796 0.999931 0.011095
vn -0.003796 0.999931 0.011095
vn -0.003796 0.999931 0.011095
vn 0.015095 0.997606 -0.067494
vn 0.008119 0.998008 -0.062565
vn 0.008119 0.998008 -0.062565
vn 0.001142 0.998337 -0.057631
vn -0.468947 0.074357 0.880091
vn -0.421155 -0.080310 0.903426
vn -0.421155 -0.080310 0.903426
vn -0.362096 -0.232828 0.902595
vn -0.237164 -0.608072 0.757629
vn -0.366687 -0.368234 0.854368
vn -0.366687 -0.368234 0.854368
vn -0.465534 -0.097591 0.879633
vn 0.028277 0.185270 0.982281
vn 0.028277 0.185270 0.982281
vn 0.028277 0.185270 0.982281
vn 0.240005 0.593274 0.768390
vn 0.240005 0.593274 0.768390
vn 0.240005 0.593274 0.768390
vn 0.101516 0.714050 0.692695
vn 0.101516 0.714050 0.692695
vn 0.101516 0.714050 0.692695
vn -0.108526 0.683359 0.721971
vn -0.222832 0.546303 0.807402
vn -0.222832 0.546303 0.807402
vn -0.328415 0.387860 0.861225
vn 0.970391 0.117315 0.211137
vn 0.970391 0.117315 0.211137
vn 0.970391 0.117315 0.211137
vn 0.243417 0.847919 0.470936
vn 0.243417 0.847919 0.470936
vn 0.243417 0.847919 0.470936
vn 0.316534 -0.918747 -0.236029
vn 0.316534 -0.918747 -0.236029
vn 0.316534 -0.918747 -0.236029
vn -0.911562 0.000049 0.411163
vn -0.911562 0.000049 0.411163
vn -0.911562 0.000049 0.411163
vn -0.871456 0.225368 0.435631
vn -0.745227 0.380260 0.547759
vn -0.745227 0.380260 0.547759
vn -0.579875 0.515189 0.631130
vn -0.326448 0.725692 0.605643
vn -0.421238 0.790367 0.444836
vn -0.421238 0.790367 0.444836
vn -0.499588 0.824196 0.266669
vn 0.200267 0.975824 0.087530
vn 0.200267 0.975824 0.087530
vn 0.200267 0.975824 0.087530
vn 0.159416 0.985345 0.060673
vn 0.159416 0.985345 0.060673
vn 0.159416 0.985345 0.060673
vn -0.124441 0.840850 0.526770
vn -0.158930 0.879540 0.448498
vn -0.158930 0.879540 0.448498
vn -0.192018 0.910479 0.366274
vn -0.239858 -0.033986 0.970213
vn -0.239858 -0.033986 0.970213
vn -0.239858 -0.033986 0.970213
vn -0.857930 0.383982 0.341342
vn -0.828277 0.204342 0.521730
vn -0.828277 0.204342 0.521730
vn -0.744214 0.011279 0.667846
vn -0.355752 0.292628 0.887586
vn -0.355501 0.292525 0.887721
vn -0.355501 0.292525 0.887721
vn -0.355251 0.292421 0.887855
vn 0.340367 -0.914559 -0.218476
vn 0.340367 -0.914559 -0.218476
vn 0.340367 -0.914559 -0.218476
vn 0.056627 0.384728 0.921292
vn 0.041976 0.380225 0.923941
vn 0.041976 0.380225 0.923941
vn 0.027315 0.375631 0.926367
vn -0.278501 0.558114 0.781630
vn -0.319727 0.521204 0.791278
vn -0.319727 0.521204 0.791278
vn -0.359945 0.482650 0.798429
vn 0.014404 0.832225 0.554252
vn 0.014404 0.832225 0.554252
vn 0.190639 0.738177 0.647110
vn -0.133969 0.990305 0.036719
vn -0.154114 0.984008 0.089309
vn -0.154114 0.984008 0.089309
vn -0.173765 0.974552 0.141613
vn -0.630964 0.730895 -0.260146
vn -0.648918 0.700698 -0.296525
vn -0.648918 0.700698 -0.296525
vn -0.665212 0.668709 -0.332145
vn -0.138122 0.984488 0.108195
vn -0.138122 0.984488 0.108195
vn -0.138122 0.984488 0.108195
vn -0.744330 -0.072877 0.663823
vn -0.744330 -0.072877 0.663823
vn -0.744330 -0.072877 0.663823
vn -0.045771 0.997756 0.048861
vn -0.067420 0.996270 0.053866
vn -0.045850 0.997966 0.044287
vn -0.054624 0.997416 0.046657
vn -0.088959 0.994014 0.063419
vn -0.114538 0.990719 0.073194
vn -0.028642 0.998771 0.040458
vn -0.028642 0.998771 0.040458
vn -0.028642 0.998771 0.040458
vn -0.619923 -0.395235 0.677853
vn -0.619923 -0.395235 0.677853
vn -0.619923 -0.395235 0.677853
vn -0.407859 0.096227 0.907960
vn -0.407859 0.096227 0.907960
vn -0.407859 0.096227 0.907960
vn 0.011905 0.999649 0.023654
vn 0.047229 0.991185 0.123780
vn 0.047229 0.991185 0.123780
vn 0.082017 0.971476 0.222502
vn -0.040582 0.985033 0.167521
vn -0.052223 0.990029 0.130825
vn -0.052223 0.990029 0.130825
vn -0.063785 0.993533 0.093933
vn -0.343486 -0.464037 0.816509
vn -0.331032 -0.453559 0.827467
vn -0.331032 -0.453559 0.827467
vn -0.318451 -0.442907 0.838106
vn -0.522970 0.169882 0.835250
vn -0.522970 0.169882 0.835250
vn -0.522970 0.169882 0.835250
vn -0.122630 0.011220 0.992389
vn -0.122630 0.011220 0.992389
vn -0.122630 0.011220 0.992389
vn 0.218576 0.975590 -0.021167
vn 0.218576 0.975590 -0.021167
vn 0.218576 0.975590 -0.021167
vn -0.808181 0.202833 0.552904
vn -0.743015 0.228963 0.628892
vn -0.743015 0.228963 0.628892
vn -0.669896 0.252642 0.698148
vn -0.680034 0.182737 0.710043
vn -0.680034 0.182737 0.710043
vn -0.680034 0.182737 0.710043
vn -0.752171 0.609112 -0.251438
vn -0.752171 0.609112 -0.251438
vn -0.752171 0.609112 -0.251438
vn -0.290896 0.949936 0.114026
vn -0.290896 0.949936 0.114026
vn -0.290896 0.949936 0.114026
vn -0.068773 0.997632 0.000356
vn -0.068773 0.997632 0.000356
vn -0.068773 0.997632 0.000356
vn -0.956465 0.138100 0.257106
vn -0.944440 0.151542 0.291666
vn -0.944440 0.151542 0.291666
vn -0.930979 0.164753 0.325782
vn -0.952771 0.162982 0.256251
vn -0.952771 0.162982 0.256251
vn -0.952771 0.162982 0.256251
vn -0.942170 0.201495 0.267798
vn -0.950985 0.173852 0.255741
vn -0.950985 0.173852 0.255741
vn -0.958861 0.146037 0.243432
vn -0.695847 0.622174 -0.358743
vn -0.794846 0.554445 -0.246597
vn -0.794846 0.554445 -0.246597
vn -0.872413 0.471766 -0.127801
vn -0.946086 0.302015 -0.117085
vn -0.983584 0.179502 0.018462
vn -0.983584 0.179502 0.018462
vn -0.986866 0.050745 0.153366
vn 0.010412 0.999146 -0.039992
vn 0.024308 0.999361 -0.026188
vn 0.024308 0.999361 -0.026188
vn 0.038194 0.999194 -0.012375
vn 0.089274 0.993937 -0.064187
vn 0.030119 0.999508 -0.008770
vn 0.030119 0.999508 -0.008770
vn -0.029234 0.998481 0.046705
vn -0.895954 -0.027184 0.443314
vn -0.899461 -0.082953 0.429056
vn -0.899461 -0.082953 0.429056
vn -0.899976 -0.138447 0.413370
vn -0.952055 -0.144997 0.269382
vn -0.813617 -0.497197 0.301369
vn -0.813617 -0.497197 0.301369
vn -0.557827 -0.777684 0.289889
vn -0.988835 0.004746 0.148942
vn -0.988835 0.004746 0.148942
vn -0.988835 0.004746 0.148942
vn -0.803672 0.011653 0.594958
vn -0.803672 0.011653 0.594958
vn -0.803672 0.011653 0.594958
vn -0.447595 0.841499 -0.302552
vn -0.498902 0.850941 -0.164309
vn -0.653217 0.746476 0.126816
vn -0.932115 0.318256 0.172844
vn -0.933228 0.309634 0.182243
vn -0.933228 0.309634 0.182243
vn -0.934188 0.300961 0.191612
vn -0.927071 0.319804 0.195615
vn -0.909945 0.303515 0.282629
vn -0.913902 0.303872 0.269155
vn -0.898607 0.294445 0.325282
vn -0.901516 0.302626 0.309331
vn -0.775364 0.239808 0.584211
vn -0.823817 0.231292 0.517523
vn -0.806214 0.249557 0.536415
vn -0.820683 0.254137 0.511755
vn -0.768722 0.285217 0.572467
vn -0.636866 0.076598 0.767160
vn -0.713256 0.154976 0.683555
vn 0.046548 0.824658 0.563713
vn -0.058452 0.826294 0.560198
vn 0.136687 0.771755 0.621056
vn 0.232924 0.731120 0.641257
vn 0.310153 0.633698 0.708683
vn 0.368853 0.752164 0.546075
vn 0.276130 0.796077 0.538529
vn 0.106843 0.994178 -0.013949
vn 0.058373 0.997041 -0.050021
vn -0.324396 0.773516 -0.544463
vn -0.305444 0.815647 -0.491350
vn -0.109009 0.922192 -0.371050
vn -0.117089 0.852186 -0.509970
vn -0.101488 0.822727 -0.559303
vn -0.072255 0.997386 -0.000029
vn -0.072843 0.997343 0.000411
vn -0.072843 0.997343 0.000411
vn -0.073432 0.997300 0.000851
vn 0.076771 0.879250 0.470135
vn 0.076771 0.879250 0.470135
vn 0.076771 0.879250 0.470135
vn -0.120296 0.884346 0.451067
vn -0.124992 0.859702 0.495267
vn -0.124992 0.859702 0.495267
vn -0.129366 0.832837 0.538188
vn -0.416326 0.769641 0.484073
vn -0.416326 0.769641 0.484073
vn -0.416326 0.769641 0.484073
vn -0.040963 0.998765 0.028107
vn -0.007918 0.999583 0.027768
vn -0.007918 0.999583 0.027768
vn 0.025136 0.999309 0.027399
vn -0.932617 0.105650 0.345056
vn -0.927817 0.035817 0.371314
vn -0.927817 0.035817 0.371314
vn -0.917830 -0.034215 0.395496
vn 0.073666 0.992954 -0.092817
vn 0.073666 0.992954 -0.092817
vn 0.073666 0.992954 -0.092817
vn -0.985534 0.039377 0.164841
vn -0.985534 0.039377 0.164841
vn -0.985534 0.039377 0.164841
vn 0.110904 0.943542 0.312137
vn 0.110904 0.943542 0.312137
vn 0.110904 0.943542 0.312137
vn 0.686759 0.635494 0.352857
vn 0.686759 0.635494 0.352857
vn 0.686759 0.635494 0.352857
vn -0.544582 0.180895 0.818967
vn -0.038804 0.960632 0.275102
vn -0.038804 0.960632 0.275102
vn 0.511971 0.626429 -0.587768
vn -0.182899 0.983033 -0.013965
vn -0.182899 0.983033 -0.013965
vn -0.182899 0.983033 -0.013965
vn -0.132630 0.990363 -0.039881
vn -0.091669 0.995359 0.029270
vn -0.098810 0.992436 0.072852
vn -0.070811 0.995432 0.064031
vn -0.076953 0.995378 -0.057461
vn 0.237428 0.861380 0.449057
vn 0.237428 0.861380 0.449057
vn 0.237428 0.861380 0.449057
vn 0.329174 -0.112618 0.937529
vn 0.336374 -0.180684 0.924233
vn 0.336374 -0.180684 0.924233
vn 0.341937 -0.247871 0.906443
vn 0.438334 -0.488457 0.754502
vn 0.433118 -0.132317 0.891572
vn 0.433118 -0.132317 0.891572
vn 0.364819 0.243094 0.898784
vn 0.097797 0.994997 0.020414
vn 0.097797 0.994997 0.020414
vn 0.097797 0.994997 0.020414
vn -0.409846 0.656068 0.633720
vn -0.391958 0.717218 0.576166
vn -0.061242 0.939838 0.336085
vn 0.039074 0.995691 0.084095
vn 0.039074 0.995691 0.084095
vn 0.039074 0.995691 0.084095
vn 0.084310 0.992022 0.093722
vn 0.084310 0.992022 0.093722
vn 0.084310 0.992022 0.093722
vn -0.162529 0.885887 0.434497
vn -0.355999 0.876859 -0.323084
vn -0.731955 0.211088 -0.647830
vn -0.745047 0.348775 -0.568560
vn -0.285158 0.913333 0.290703
vn -0.282731 0.896785 0.340354
vn -0.282731 0.896785 0.340354
vn -0.279527 0.877775 0.389070
vn 0.729515 -0.385327 0.565093
vn 0.669763 -0.199130 0.715377
vn 0.669763 -0.199130 0.715377
vn 0.569273 -0.000820 0.822148
vn 0.263113 -0.861864 -0.433547
vn 0.180610 -0.871425 -0.456069
vn 0.180610 -0.871425 -0.456069
vn 0.096771 -0.874532 -0.475214
vn 0.253608 -0.922958 -0.289537
vn 0.242881 -0.915402 -0.321012
vn 0.242881 -0.915402 -0.321012
vn 0.231871 -0.906781 -0.352114
vn 0.075378 0.996098 0.045907
vn -0.051303 0.992196 0.113645
vn -0.051303 0.992196 0.113645
vn -0.176925 0.967804 0.179036
vn -0.808749 -0.227601 0.542331
vn -0.787292 -0.183261 0.588717
vn -0.787292 -0.183261 0.588717
vn -0.762230 -0.138081 0.632408
vn -0.075655 0.997125 0.004278
vn -0.075655 0.997125 0.004278
vn -0.075655 0.997125 0.004278
vn 0.058027 0.991171 0.119217
vn 0.063678 0.997366 0.034721
vn 0.063678 0.997366 0.034721
vn 0.068869 0.996371 -0.050025
vn 0.032105 0.999484 0.000000
vn 0.031807 0.999492 -0.001922
vn 0.031807 0.999492 -0.001922
vn 0.031509 0.999496 -0.003845
vn -0.003125 0.999995 0.000382
vn 0.078966 0.991787 0.100616
vn 0.078966 0.991787 0.100616
vn 0.159726 0.966863 0.199155
vn -0.124723 0.968137 0.217150
vn -0.196066 0.964763 0.175470
vn -0.196066 0.964763 0.175470
vn -0.266068 0.954792 0.132590
vn -0.077965 0.052535 0.995571
vn -0.082240 0.026277 0.996266
vn -0.082240 0.026277 0.996266
vn -0.086456 0.000000 0.996256
vn -0.144140 0.000000 0.989557
vn -0.128785 0.047538 0.990533
vn -0.128785 0.047538 0.990533
vn -0.113109 0.094956 0.989035
vn -0.767662 0.313806 0.558767
vn -0.820548 0.159038 0.549006
vn -0.820548 0.159038 0.549006
vn -0.851407 0.000000 0.524506
vn -0.667328 -0.631238 0.395237
vn -0.671931 -0.631936 0.386219
vn -0.671931 -0.631936 0.386219
vn -0.676465 -0.632570 0.377161
vn -0.104611 0.049515 0.993280
vn -0.099582 0.052097 0.993665
vn -0.099582 0.052097 0.993665
vn -0.094549 0.054678 0.994017
vn -0.086591 0.061821 0.994324
vn -0.086546 0.061817 0.994328
vn -0.086546 0.061817 0.994328
vn -0.086500 0.061814 0.994332
vn -0.769947 0.583300 0.258731
vn -0.769947 0.583300 0.258731
vn -0.769947 0.583300 0.258731
vn -0.294575 0.790163 0.537465
vn -0.294575 0.790163 0.537465
vn -0.294575 0.790163 0.537465
vn 0.229935 0.971256 0.061578
vn 0.229935 0.971256 0.061578
vn 0.229935 0.971256 0.061578
vn -0.163413 0.951088 0.262161
vn -0.183860 0.962110 0.201344
vn -0.183860 0.962110 0.201344
vn -0.203527 0.969055 0.139674
vn 0.096232 0.988969 -0.112604
vn 0.096232 0.988969 -0.112604
vn 0.096232 0.988969 -0.112604
vn 0.542915 0.831554 -0.117312
vn 0.542915 0.831554 -0.117312
vn 0.542915 0.831554 -0.117312
vn 0.181338 0.978638 0.096870
vn 0.180085 0.978915 0.096408
vn 0.180085 0.978915 0.096408
vn 0.178831 0.979190 0.095947
vn 0.171454 0.983498 0.057746
vn 0.171454 0.983498 0.057746
vn 0.171454 0.983498 0.057746
vn 0.110953 0.991620 0.066181
vn 0.110953 0.991620 0.066181
vn 0.110953 0.991620 0.066181
vn 0.179705 0.982550 0.047984
vn 0.179705 0.982550 0.047984
vn 0.179705 0.982550 0.047984
vn 0.225518 0.966151 0.125275
vn 0.225518 0.966151 0.125275
vn 0.225518 0.966151 0.125275
vn 0.129289 0.983185 0.128968
vn 0.129289 0.983185 0.128968
vn 0.129289 0.983185 0.128968
vn 0.268038 0.963073 -0.025407
vn 0.268038 0.963073 -0.025407
vn 0.268038 0.963073 -0.025407
vn -0.190274 -0.469540 0.862165
vn -0.190274 -0.469540 0.862165
vn -0.190274 -0.469540 0.862165
vn -0.769416 0.526458 0.361721
vn -0.769416 0.526458 0.361721
vn -0.769416 0.526458 0.361721
vn -0.654573 0.576277 0.489326
vn -0.654573 0.576277 0.489326
vn -0.654573 0.576277 0.489326
vn 0.092083 0.995497 -0.022489
vn -0.047344 0.981198 0.187109
vn -0.047344 0.981198 0.187109
vn -0.183761 0.904517 0.384812
vn -0.110260 -0.482500 0.868929
vn -0.124282 -0.485778 0.865202
vn -0.124282 -0.485778 0.865202
vn -0.138277 -0.488948 0.861283
vn -0.276072 0.937752 -0.210725
vn -0.276072 0.937752 -0.210725
vn -0.276072 0.937752 -0.210725
vn 0.018371 0.909542 0.415205
vn 0.018371 0.909542 0.415205
vn 0.018371 0.909542 0.415205
vn -0.174554 0.904377 0.389401
vn -0.188855 0.904448 0.382501
vn -0.188855 0.904448 0.382501
vn -0.203108 0.904291 0.375505
vn 0.272014 0.940804 0.202229
vn 0.115390 0.987232 0.109813
vn 0.115390 0.987232 0.109813
vn -0.045300 0.998882 0.013529
vn -0.063527 0.997540 0.029639
vn -0.063527 0.997540 0.029639
vn -0.063527 0.997540 0.029639
vn -0.193118 0.973186 0.124957
vn -0.222877 0.973925 0.042371
vn -0.215925 0.976032 0.027180
vn -0.237149 0.971473 0.000848
vn -0.236521 0.968913 0.072563
vn 0.142960 0.969257 0.200257
vn 0.142960 0.969257 0.200257
vn 0.142960 0.969257 0.200257
vn -0.612872 -0.391477 0.686392
vn -0.634264 -0.373133 0.677112
vn -0.634264 -0.373133 0.677112
vn -0.655098 -0.354460 0.667237
vn -0.347925 0.932954 0.092439
vn -0.347925 0.932954 0.092439
vn -0.347925 0.932954 0.092439
vn -0.271153 0.940994 0.202500
vn -0.271153 0.940994 0.202500
vn -0.271153 0.940994 0.202500
vn -0.101632 0.983907 0.146960
vn -0.101632 0.983907 0.146960
vn -0.101632 0.983907 0.146960
vn 0.003247 0.998767 0.049532
vn 0.003247 0.998767 0.049532
vn 0.003247 0.998767 0.049532
vn 0.003247 0.998767 0.049534
vn 0.003247 0.998767 0.049534
vn 0.003247 0.998767 0.049534
vn 0.537562 0.802712 0.258228
vn 0.303123 0.937542 0.170677
vn 0.303123 0.937542 0.170677
vn 0.044189 0.996614 0.069335
vn -0.769416 0.526456 0.361723
vn -0.769415 0.526457 0.361722
vn -0.769415 0.526457 0.361722
vn -0.769415 0.526459 0.361721
vn -0.016273 0.997288 -0.071770
vn -0.016273 0.997288 -0.071770
vn -0.016273 0.997288 -0.071770
vn -0.348125 0.936343 0.045516
vn -0.348125 0.936343 0.045516
vn -0.348125 0.936343 0.045516
vn -0.159983 0.920477 0.356550
vn -0.159983 0.920477 0.356550
vn -0.159983 0.920477 0.356550
vn -0.120840 -0.482371 0.867592
vn -0.120840 -0.482371 0.867592
vn -0.120840 -0.482371 0.867592
vn -0.021101 0.999665 0.015009
vn -0.015378 0.999718 0.018119
vn -0.015378 0.999718 0.018119
vn -0.009654 0.999728 0.021228
vn 0.191220 0.980622 0.042617
vn 0.147784 0.988960 -0.010903
vn 0.147784 0.988960 -0.010903
vn 0.103636 0.992530 -0.064369
vn -0.002398 0.994538 -0.104350
vn -0.002398 0.994538 -0.104350
vn -0.002398 0.994538 -0.104350
vn -0.124916 0.959273 -0.253359
vn -0.097763 0.988682 -0.113801
vn -0.097763 0.988682 -0.113801
vn -0.068549 0.997250 0.028156
vn -0.035116 0.998192 0.048772
vn -0.035116 0.998192 0.048772
vn -0.035116 0.998192 0.048772
vn 0.042389 0.998811 0.024092
vn 0.042892 0.999004 0.012274
vn 0.042892 0.999004 0.012274
vn 0.043390 0.999058 0.000454
vn -0.039318 0.950102 0.309453
vn -0.008776 0.985392 0.170074
vn -0.008776 0.985392 0.170074
vn 0.021955 0.999394 0.027022
vn 0.136979 0.990113 -0.030205
vn 0.141232 0.984632 0.102727
vn 0.141232 0.984632 0.102727
vn 0.142982 0.961705 0.233838
vn 0.006602 0.998766 0.049224
vn 0.006602 0.998766 0.049224
vn 0.006602 0.998766 0.049224
vn -0.013539 0.999900 0.004203
vn -0.013539 0.999900 0.004203
vn -0.013539 0.999900 0.004203
vn 0.518123 0.855153 -0.016195
vn 0.196495 0.978891 -0.056240
vn 0.196495 0.978891 -0.056240
vn -0.148784 0.984810 -0.089517
vn 0.095829 0.989154 -0.111314
vn 0.095829 0.989154 -0.111314
vn 0.095829 0.989154 -0.111314
vn -0.119643 0.992209 0.034727
vn -0.119643 0.992209 0.034727
vn -0.119643 0.992209 0.034727
vn 0.034310 0.999411 -0.001240
vn 0.037081 0.999279 0.008113
vn 0.037081 0.999279 0.008113
vn 0.039849 0.999053 0.017464
vn 0.914236 -0.097908 0.393176
vn 0.901015 -0.116942 0.417729
vn 0.901015 -0.116942 0.417729
vn 0.886767 -0.135842 0.441806
vn -0.149934 0.974541 0.166701
vn -0.149934 0.974541 0.166701
vn -0.149934 0.974541 0.166701
vn 0.003857 0.998516 -0.054330
vn 0.003857 0.998516 -0.054330
vn 0.003857 0.998516 -0.054330
vn -0.087629 0.994938 0.049190
vn -0.049257 0.998740 -0.009648
vn -0.049257 0.998740 -0.009648
vn -0.010642 0.997599 -0.068438
vn -0.041471 0.998760 -0.027554
vn -0.041471 0.998760 -0.027554
vn -0.041471 0.998760 -0.027554
vn -0.022923 0.981981 0.187583
vn 0.012082 0.995950 0.089091
vn -0.025500 0.987182 0.157551
vn 0.029633 0.998792 0.039195
vn 0.086988 0.994983 -0.049418
vn 0.026103 0.246693 -0.968742
vn 0.026103 0.246693 -0.968742
vn 0.026103 0.246693 -0.968742
vn 0.026103 0.246693 -0.968742
vn 0.045542 0.149566 -0.987702
vn 0.069322 0.201681 -0.976995
vn 0.069322 0.201681 -0.976995
vn 0.092867 0.253110 -0.962970
vn -0.954113 0.218476 0.204787
vn -0.954113 0.218475 0.204787
vn -0.954113 0.218475 0.204787
vn -0.954113 0.218475 0.204787
vn -0.969798 0.241143 0.036640
vn -0.974602 0.222611 0.024397
vn -0.974602 0.222611 0.024397
vn -0.978903 0.203964 0.012142
vn -0.571189 0.136234 -0.809434
vn -0.544144 0.168060 -0.821987
vn -0.544144 0.168060 -0.821987
vn -0.516064 0.199567 -0.832977
vn -0.931290 0.227434 -0.284555
vn -0.917316 0.244736 -0.314064
vn -0.917316 0.244736 -0.314064
vn -0.902088 0.261704 -0.343143
vn -0.779245 -0.164975 0.604617
vn -0.896196 0.024166 0.443001
vn -0.896196 0.024166 0.443001
vn -0.945420 0.211480 0.247907
vn 0.038500 0.049226 -0.998045
vn 0.038500 0.049226 -0.998045
vn 0.038500 0.049226 -0.998045
vn 0.015872 0.046810 -0.998778
vn 0.035162 0.003506 -0.999376
vn 0.035162 0.003506 -0.999376
vn 0.054373 -0.039806 -0.997727
vn 0.034503 -0.087514 -0.995566
vn -0.051613 0.076207 -0.995755
vn -0.051613 0.076207 -0.995755
vn -0.135964 0.237320 -0.961870
vn -0.177203 0.242043 -0.953947
vn -0.115658 -0.107592 -0.987445
vn -0.115658 -0.107592 -0.987445
vn -0.039407 -0.443547 -0.895385
vn 0.070988 0.000000 -0.997477
vn 0.070989 0.000000 -0.997477
vn 0.070989 0.000000 -0.997477
vn 0.070989 0.000000 -0.997477
vn 0.237568 0.000000 -0.971371
vn 0.237568 0.000000 -0.971371
vn 0.237568 0.000000 -0.971371
vn 0.237569 0.000000 -0.971371
vn 0.416553 0.000000 -0.909111
vn 0.416559 0.000000 -0.909109
vn 0.416559 0.000000 -0.909109
vn 0.416564 0.000000 -0.909106
vn 0.133623 0.000000 -0.991032
vn 0.021534 0.078280 -0.996699
vn 0.021534 0.078280 -0.996699
vn -0.090959 0.155094 -0.983703
vn 0.100003 0.000000 -0.994987
vn 0.100003 0.000000 -0.994987
vn 0.100003 0.000000 -0.994987
vn 0.100003 0.000000 -0.994987
vn 0.136169 0.000000 -0.990686
vn 0.136171 0.000000 -0.990685
vn 0.136171 0.000000 -0.990685
vn 0.136173 0.000000 -0.990685
vn -0.074255 0.000000 -0.997239
vn -0.074255 0.000000 -0.997239
vn -0.074255 0.000000 -0.997239
vn -0.074256 0.000000 -0.997239
vn -0.169840 0.000000 -0.985472
vn -0.235804 -0.190599 -0.952926
vn -0.235804 -0.190599 -0.952926
vn -0.291926 -0.373243 -0.880607
vn -0.470516 -0.492947 -0.731859
vn -0.355577 -0.409649 -0.840091
vn -0.355577 -0.409649 -0.840091
vn -0.229308 -0.313297 -0.921555
vn -0.234753 -0.721207 -0.651729
vn -0.168153 -0.512556 -0.842028
vn -0.168153 -0.512556 -0.842028
vn -0.087398 -0.260755 -0.961441
vn -0.158836 -0.228349 -0.960535
vn 0.063469 -0.104369 -0.992511
vn 0.063469 -0.104369 -0.992511
vn 0.281597 0.026481 -0.959167
vn -0.093249 0.454760 -0.885719
vn -0.061380 0.507854 -0.859253
vn -0.061380 0.507854 -0.859253
vn -0.029234 0.558646 -0.828891
vn 0.219857 0.608501 -0.762489
vn 0.219479 0.523107 -0.823522
vn 0.219479 0.523107 -0.823522
vn 0.216684 0.431950 -0.875481
vn 0.726190 0.036751 -0.686511
vn 0.568840 -0.237258 -0.787483
vn 0.568840 -0.237258 -0.787483
vn 0.348897 -0.485160 -0.801804
vn 0.221382 -0.151646 -0.963324
vn -0.171397 -0.523754 -0.834449
vn -0.171397 -0.523754 -0.834449
vn -0.511154 -0.733839 -0.447438
vn -0.455460 -0.776791 -0.434915
vn -0.472118 -0.788437 -0.394300
vn -0.472118 -0.788437 -0.394300
vn -0.487801 -0.798455 -0.352872
vn 0.297770 0.442773 -0.845745
vn 0.194407 0.431036 -0.881144
vn 0.194407 0.431036 -0.881144
vn 0.088697 0.414093 -0.905903
vn -0.178917 0.460676 -0.869348
vn -0.173461 0.464910 -0.868199
vn -0.173461 0.464910 -0.868199
vn -0.167997 0.469120 -0.867008
vn 0.452765 0.193231 -0.870440
vn 0.240746 0.110523 -0.964275
vn 0.240746 0.110523 -0.964275
vn 0.014139 0.021118 -0.999677
vn 0.459613 -0.762271 -0.455739
vn 0.457925 -0.763121 -0.456016
vn 0.457925 -0.763121 -0.456016
vn 0.456235 -0.763969 -0.456291
vn -0.105321 -0.025568 -0.994110
vn -0.105321 -0.025568 -0.994110
vn -0.105321 -0.025568 -0.994110
vn -0.105321 -0.025568 -0.994110
vn 0.157404 0.062721 -0.985541
vn 0.130251 0.069164 -0.989066
vn 0.130251 0.069164 -0.989066
vn 0.102996 0.075553 -0.991808
vn 0.999711 0.004485 -0.023621
vn 0.999711 0.004487 -0.023621
vn 0.999711 0.004487 -0.023621
vn 0.999711 0.004488 -0.023621
vn 0.979709 -0.085338 -0.181347
vn 0.968662 -0.037371 -0.245556
vn 0.968662 -0.037371 -0.245556
vn 0.951274 0.010841 -0.308158
vn 0.010005 -0.035061 -0.999335
vn 0.010005 -0.035061 -0.999335
vn 0.010005 -0.035061 -0.999335
vn 0.010005 -0.035061 -0.999335
vn 0.896925 -0.087293 -0.433480
vn 0.896926 -0.087293 -0.433480
vn 0.896926 -0.087293 -0.433480
vn 0.896926 -0.087292 -0.433480
vn -0.810987 0.045500 -0.583293
vn -0.810986 0.045501 -0.583293
vn -0.810986 0.045501 -0.583293
vn -0.810986 0.045502 -0.583293
vn 0.063229 -0.039287 -0.997226
vn 0.088688 0.036344 -0.995396
vn 0.088688 0.036344 -0.995396
vn 0.113583 0.111743 -0.987225
vn 0.999468 0.004685 -0.032272
vn 0.999581 -0.000205 -0.028932
vn 0.999581 -0.000205 -0.028932
vn 0.999660 -0.005095 -0.025591
vn 0.442778 -0.339537 -0.829856
vn 0.442778 -0.339537 -0.829856
vn 0.442778 -0.339537 -0.829856
vn -0.945293 0.326222 0.000000
vn -0.783349 0.342744 -0.518547
vn -0.783349 0.342744 -0.518547
vn -0.390011 0.258023 -0.883921
vn 0.151325 0.513774 -0.844474
vn 0.179580 0.447844 -0.875892
vn 0.179580 0.447844 -0.875892
vn 0.206734 0.379167 -0.901939
vn -0.163340 -0.192641 -0.967579
vn -0.192258 -0.218716 -0.956661
vn -0.192258 -0.218716 -0.956661
vn -0.220863 -0.244433 -0.944178
vn -0.025568 0.154768 -0.987620
vn -0.028580 0.151773 -0.988002
vn -0.028580 0.151773 -0.988002
vn -0.031592 0.148776 -0.988366
vn -0.079376 0.000005 -0.996845
vn -0.079375 0.000005 -0.996845
vn -0.079375 0.000005 -0.996845
vn -0.079374 0.000005 -0.996845
vn -0.251086 -0.546690 -0.798803
vn -0.271029 -0.530488 -0.803197
vn -0.271029 -0.530488 -0.803197
vn -0.290788 -0.513925 -0.807046
vn -0.387783 0.255866 -0.885526
vn -0.305486 0.153580 -0.939730
vn -0.305486 0.153580 -0.939730
vn -0.217027 0.048196 -0.974975
vn -0.163183 0.710061 -0.684971
vn -0.163183 0.710061 -0.684971
vn -0.163183 0.710061 -0.684971
vn -0.163183 0.710061 -0.684971
vn -0.229189 0.148203 -0.962033
vn -0.229189 0.148203 -0.962033
vn -0.229189 0.148203 -0.962033
vn -0.229189 0.148203 -0.962033
vn -0.244204 0.397532 -0.884495
vn -0.244202 0.397532 -0.884496
vn -0.244202 0.397532 -0.884496
vn -0.244199 0.397531 -0.884497
vn -0.180633 0.457015 -0.870924
vn 0.117575 0.427483 -0.896345
vn 0.117575 0.427483 -0.896345
vn 0.405148 0.359286 -0.840695
f 108/108/1 384/466/2 107/107/3
f 107/107/3 384/466/2 385/467/4
f 343/396/5 422/518/6 3/3/7
f 175/85/8 176/96/9 97/21/10
f 97/21/10 176/96/9 96/177/11
f 89/89/12 39/39/13 88/88/14
f 88/88/14 39/39/13 19/19/15
f 250/280/16 262/292/17 10/10/18
f 10/10/18 262/292/17 263/293/19
f 206/207/20 51/51/21 6/6/22
f 8/8/23 435/531/24 56/56/25
f 55/55/26 4/4/27 221/231/28
f 221/231/28 4/4/27 220/230/29
f 2/2/30 40/40/31 390/472/32
f 1/1/33 146/147/34 28/28/35
f 28/28/35 146/147/34 147/148/36
f 369/429/37 370/430/38 367/432/39
f 367/432/39 370/430/38 35/431/40
f 185/186/41 238/262/42 42/42/43
f 42/42/43 238/262/42 239/263/44
f 181/182/45 182/183/46 219/229/47
f 5/5/48 77/77/49 86/86/50
f 320/372/51 310/362/52 317/369/53
f 317/369/53 310/362/52 311/363/54
f 5/5/55 25/25/56 77/77/57
f 77/77/57 25/25/56 76/76/58
f 104/104/59 105/105/60 26/26/61
f 26/26/61 105/105/60 3/3/62
f 54/54/63 26/26/64 53/53/65
f 53/53/65 26/26/64 3/3/66
f 28/28/67 247/277/68 246/276/69
f 29/29/70 67/67/71 261/291/72
f 31/31/73 169/170/74 8/8/75
f 315/367/76 316/368/77 32/32/78
f 32/32/78 316/368/77 312/364/79
f 4/4/80 34/34/81 101/101/82
f 101/101/82 34/34/81 100/100/83
f 18/93/84 36/112/85 93/18/86
f 93/18/86 36/112/85 92/201/87
f 37/37/88 206/207/89 6/6/90
f 383/465/91 384/466/92 109/109/93
f 109/109/93 384/466/92 108/108/94
f 3/3/95 105/105/96 133/137/97
f 133/137/97 105/105/96 106/106/98
f 239/263/99 133/137/100 42/42/101
f 101/101/102 102/102/103 4/4/104
f 4/4/104 102/102/103 145/127/105
f 4/4/106 145/127/107 220/230/108
f 87/87/109 19/19/110 348/401/111
f 48/48/112 151/152/113 79/79/114
f 79/79/114 151/152/113 152/153/115
f 277/323/116 150/151/117 270/316/118
f 49/49/119 113/113/120 66/66/121
f 37/37/122 6/6/123 113/113/120
f 66/66/121 113/113/120 6/6/123
f 66/66/124 190/191/125 49/49/126
f 208/209/127 11/11/128 207/208/129
f 207/208/129 11/11/128 51/51/130
f 52/52/131 388/470/132 16/16/133
f 16/16/133 388/470/132 389/471/134
f 53/53/135 411/507/136 13/13/137
f 27/27/138 54/54/139 13/13/140
f 13/13/140 54/54/139 53/53/141
f 55/55/142 221/231/143 15/15/144
f 15/15/144 221/231/143 222/232/145
f 435/531/146 436/532/147 56/56/148
f 56/56/148 436/532/147 12/12/149
f 57/57/150 34/34/151 409/505/152
f 227/241/153 58/58/154 141/145/155
f 98/98/156 174/175/157 97/97/158
f 97/97/158 174/175/157 175/176/159
f 233/247/160 60/60/161 178/179/162
f 178/179/162 60/60/161 59/59/163
f 67/67/164 268/298/165 264/294/166
f 61/61/167 230/244/168 62/62/169
f 62/62/169 230/244/168 68/68/170
f 230/244/168 83/83/171 68/68/170
f 356/412/172 361/417/173 351/407/174
f 351/407/174 361/417/173 362/418/175
f 39/39/176 89/89/177 90/90/178
f 91/91/179 36/36/180 114/114/181
f 57/57/182 55/55/183 14/14/184
f 14/14/184 55/55/183 15/15/185
f 111/438/186 112/439/187 201/437/188
f 201/437/188 112/439/187 200/440/189
f 66/66/190 6/6/191 349/405/192
f 40/40/193 123/126/194 6/6/191
f 349/405/192 6/6/191 123/126/194
f 264/294/195 265/295/196 67/67/197
f 67/67/197 265/295/196 69/69/198
f 68/68/199 71/71/200 62/62/201
f 62/62/201 71/71/200 70/70/202
f 73/73/203 67/67/204 72/72/205
f 72/72/205 67/67/204 69/69/206
f 68/68/207 73/73/208 71/71/209
f 71/71/209 73/73/208 72/72/210
f 73/73/211 68/68/212 74/74/213
f 74/74/213 68/68/212 84/84/214
f 75/307/215 74/308/216 292/310/217
f 292/310/217 74/308/216 84/309/218
f 295/346/219 77/77/220 294/345/221
f 294/345/221 77/77/220 76/76/222
f 76/76/223 25/25/224 78/78/225
f 140/144/226 20/252/227 375/451/228
f 375/451/228 20/252/227 374/450/229
f 80/80/230 374/449/229 20/20/227
f 81/81/231 80/80/232 33/250/233
f 33/250/233 80/80/232 20/20/234
f 82/82/235 81/81/236 33/250/237
f 83/83/171 168/169/238 30/30/239
f 292/310/240 84/309/241 291/312/242
f 291/312/242 84/309/241 30/311/243
f 296/347/244 86/86/245 295/346/246
f 295/346/246 86/86/245 77/77/247
f 46/46/248 273/319/249 86/86/250
f 38/38/251 89/89/252 22/22/253
f 22/22/253 89/89/252 88/88/254
f 38/38/255 119/121/256 89/89/257
f 89/89/257 119/121/256 90/90/258
f 353/409/259 90/90/260 352/443/261
f 352/443/261 90/90/260 64/444/262
f 35/35/263 197/198/264 127/130/265
f 127/130/265 197/198/264 198/199/266
f 370/430/267 196/433/268 35/431/269
f 35/431/269 196/433/268 197/434/270
f 30/311/271 97/21/272 291/312/273
f 291/312/273 97/21/272 96/177/274
f 30/30/275 98/98/276 97/97/277
f 30/30/278 168/169/279 98/98/280
f 33/33/281 100/100/282 99/99/283
f 101/101/284 100/100/285 20/249/286
f 20/249/286 100/100/285 33/251/287
f 102/102/288 101/101/289 20/252/290
f 20/252/291 140/144/292 304/356/293
f 104/104/294 103/103/295 25/25/296
f 105/105/297 104/104/298 5/5/299
f 5/5/299 104/104/298 25/25/300
f 106/106/301 5/5/302 122/125/303
f 19/491/304 107/492/305 95/493/306
f 39/39/307 108/108/308 19/19/309
f 19/19/309 108/108/308 107/107/310
f 109/404/311 39/39/312 115/115/313
f 36/36/314 110/110/315 114/114/316
f 111/438/317 36/112/318 112/439/319
f 112/439/319 36/112/318 18/93/320
f 202/203/321 110/110/322 201/202/323
f 201/202/323 110/110/322 111/111/324
f 90/90/325 371/427/326 115/115/327
f 109/404/328 115/115/329 371/427/330
f 386/495/331 95/493/332 385/494/333
f 385/494/333 95/493/332 107/492/334
f 22/497/335 88/498/336 117/500/337
f 117/500/337 88/498/336 87/499/338
f 117/117/339 87/87/340 118/118/341
f 118/118/341 87/87/340 121/119/342
f 87/87/343 45/45/344 121/119/345
f 121/119/345 45/45/344 120/120/346
f 117/117/347 118/118/348 45/45/349
f 45/45/349 118/118/348 120/120/350
f 119/121/351 64/445/352 118/118/353
f 118/118/353 64/445/352 120/120/354
f 64/445/355 90/90/356 120/120/357
f 120/120/357 90/90/356 121/119/358
f 119/121/359 118/118/360 90/90/361
f 90/90/361 118/118/360 121/119/362
f 39/39/363 90/90/364 115/115/365
f 86/86/366 322/374/367 373/448/368
f 106/106/369 122/125/370 323/375/371
f 323/375/371 122/125/370 322/374/372
f 19/19/373 95/95/374 94/94/375
f 87/499/376 88/498/377 19/501/378
f 109/109/379 108/108/380 39/39/381
f 50/402/382 125/533/383 189/50/384
f 189/50/384 125/533/383 188/534/385
f 50/402/386 123/535/387 125/533/388
f 125/533/388 123/535/387 124/536/389
f 387/469/390 383/465/391 126/122/392
f 126/122/392 383/465/391 109/109/393
f 41/41/394 125/123/395 116/116/396
f 116/116/396 125/123/395 124/124/397
f 41/41/398 187/188/399 125/123/400
f 125/123/400 187/188/399 188/189/401
f 95/95/402 386/468/403 126/122/404
f 126/122/404 386/468/403 387/469/405
f 91/91/406 92/92/407 36/36/408
f 36/36/409 111/111/410 110/110/411
f 113/113/412 49/49/413 65/131/414
f 65/131/414 49/49/413 205/390/415
f 49/49/413 128/132/416 205/390/415
f 190/191/417 191/192/418 49/49/419
f 49/49/419 191/192/418 128/132/420
f 202/203/421 203/204/422 110/110/423
f 110/110/423 203/204/422 129/133/424
f 127/130/425 198/199/426 131/134/427
f 131/134/427 198/199/426 199/200/428
f 63/446/429 132/447/430 91/91/431
f 91/91/431 132/447/430 130/135/432
f 63/63/433 127/64/434 132/408/435
f 132/408/435 127/64/434 131/136/436
f 106/106/437 105/105/438 5/5/439
f 5/5/440 86/86/441 373/448/442
f 134/138/443 78/78/225 25/25/224
f 103/103/444 134/138/445 25/25/446
f 26/26/447 135/139/448 104/104/449
f 104/104/449 135/139/448 103/103/450
f 135/139/451 43/43/452 136/267/453
f 136/267/453 43/43/452 138/141/454
f 183/184/455 184/264/456 43/43/457
f 43/43/457 184/264/456 138/141/458
f 103/103/459 135/139/460 137/266/461
f 137/266/461 135/139/460 136/267/462
f 106/106/463 137/142/464 133/137/465
f 133/137/465 137/142/464 136/140/466
f 185/186/467 42/42/468 184/185/469
f 184/185/469 42/42/468 138/265/470
f 133/137/471 136/140/472 42/42/473
f 42/42/473 136/140/472 138/265/474
f 139/143/475 82/82/235 33/33/237
f 99/99/476 139/143/477 33/33/478
f 305/357/479 140/144/480 376/452/481
f 376/452/481 140/144/480 375/451/482
f 140/144/483 305/357/484 304/356/485
f 304/356/485 305/357/484 306/358/486
f 34/34/487 141/145/488 100/100/489
f 100/100/489 141/145/488 99/99/490
f 141/145/491 143/240/492 99/99/493
f 99/99/493 143/240/492 142/238/494
f 141/237/495 58/239/496 321/373/497
f 58/239/498 179/255/499 321/373/500
f 145/127/501 102/102/502 143/129/503
f 143/129/503 102/102/502 142/146/504
f 180/181/505 181/182/506 240/268/507
f 181/182/506 44/44/508 240/268/507
f 240/268/507 44/44/508 241/270/509
f 44/44/508 144/128/510 241/270/509
f 145/127/511 143/129/512 44/44/513
f 44/44/513 143/129/512 144/128/514
f 382/464/515 351/407/516 363/419/517
f 363/419/517 351/407/516 362/418/518
f 192/193/519 364/420/520 365/421/521
f 192/193/522 366/422/523 357/413/524
f 146/147/525 148/149/526 147/148/527
f 147/148/527 148/149/526 149/150/528
f 147/148/529 149/150/530 380/456/531
f 380/456/531 149/150/530 314/366/532
f 251/281/533 269/315/534 29/29/535
f 254/284/536 242/272/537 253/283/538
f 253/283/538 242/272/537 147/148/539
f 147/148/539 380/456/540 253/283/538
f 253/283/538 380/456/540 381/457/541
f 148/149/542 330/382/543 17/17/544
f 17/17/544 330/382/543 331/383/545
f 148/149/546 17/17/547 149/150/548
f 149/150/548 17/17/547 24/24/549
f 278/324/550 274/320/551 195/196/552
f 146/147/553 335/387/554 148/149/555
f 148/149/555 335/387/554 336/388/556
f 195/196/557 274/320/558 275/321/559
f 270/316/560 150/151/561 324/376/562
f 152/153/563 151/152/564 78/78/565
f 78/78/565 151/152/564 271/317/566
f 153/154/567 152/153/568 308/360/569
f 308/360/569 152/153/568 78/78/570
f 153/154/571 308/360/572 154/155/573
f 154/155/573 308/360/572 309/361/574
f 155/156/575 182/183/576 223/233/577
f 155/156/578 223/233/579 430/526/580
f 430/526/580 223/233/579 429/525/581
f 156/157/582 224/234/583 157/158/584
f 157/158/584 224/234/583 225/235/585
f 157/158/586 225/235/587 158/159/588
f 158/159/588 225/235/587 226/236/589
f 148/149/590 336/388/591 330/382/592
f 330/382/592 336/388/591 337/389/593
f 45/45/594 160/161/595 117/117/596
f 117/117/596 160/161/595 327/379/597
f 160/161/595 326/378/598 327/379/597
f 161/162/599 160/161/600 87/87/601
f 87/87/601 160/161/600 45/45/602
f 162/163/603 161/162/604 346/399/605
f 346/399/605 161/162/604 87/87/606
f 162/163/607 346/399/608 163/164/609
f 163/164/609 346/399/608 347/400/610
f 164/165/611 186/187/612 338/391/613
f 417/513/614 427/523/615 428/524/616
f 339/392/617 419/515/618 165/166/619
f 166/167/620 340/393/621 167/168/622
f 167/168/622 340/393/621 341/394/623
f 83/83/624 230/244/625 168/169/626
f 168/169/626 230/244/625 231/245/627
f 98/98/628 168/169/629 232/246/630
f 232/246/630 168/169/629 231/245/631
f 178/179/632 59/59/633 177/178/634
f 177/178/634 59/59/633 235/259/635
f 59/59/636 169/170/637 171/172/638
f 171/172/638 169/170/637 172/173/639
f 174/175/640 98/98/641 173/174/642
f 173/174/642 98/98/641 170/171/643
f 174/175/644 173/174/645 169/170/646
f 169/170/646 173/174/645 172/173/647
f 174/175/648 169/170/74 175/176/649
f 175/176/649 169/170/74 31/31/73
f 175/85/650 31/313/651 176/96/652
f 176/96/652 31/313/651 7/314/653
f 178/179/654 177/178/655 98/98/656
f 98/98/656 177/178/655 170/171/657
f 98/98/658 232/246/659 178/179/660
f 178/179/660 232/246/659 233/247/661
f 179/255/662 99/257/663 180/256/664
f 180/256/664 99/257/663 142/258/665
f 181/182/666 180/181/667 102/102/668
f 102/102/668 180/181/667 142/146/669
f 102/102/670 307/359/671 181/182/672
f 183/184/673 237/261/674 103/103/675
f 184/264/676 183/184/677 137/266/678
f 137/266/678 183/184/677 103/103/679
f 106/106/680 185/186/681 137/142/682
f 137/142/682 185/186/681 184/185/683
f 106/106/684 238/262/685 185/186/686
f 187/188/687 186/187/688 347/400/689
f 347/400/689 186/187/688 163/164/690
f 187/188/691 95/95/692 188/189/693
f 188/189/693 95/95/692 126/122/694
f 109/537/695 189/50/696 126/538/697
f 126/538/697 189/50/696 188/534/698
f 109/404/699 355/411/700 350/406/701
f 190/191/702 110/110/703 191/192/704
f 191/192/704 110/110/703 129/133/705
f 329/381/706 22/22/707 328/380/708
f 17/17/709 331/383/710 332/384/711
f 195/196/712 275/321/713 150/151/714
f 150/151/714 275/321/713 276/322/715
f 278/324/716 195/196/717 277/323/718
f 277/323/718 195/196/717 150/151/719
f 196/433/720 93/435/721 197/434/722
f 197/434/722 93/435/721 92/436/723
f 197/198/724 92/92/725 198/199/726
f 198/199/726 92/92/725 91/91/727
f 198/199/728 91/91/729 199/200/730
f 199/200/730 91/91/729 130/135/731
f 37/441/732 201/437/733 65/442/734
f 65/442/734 201/437/733 200/440/735
f 37/37/122 113/113/120 201/202/736
f 201/202/736 113/113/120 202/203/737
f 202/203/738 113/113/739 203/204/740
f 203/204/740 113/113/739 65/131/741
f 209/210/742 48/48/743 210/211/744
f 210/211/744 48/48/743 211/212/745
f 48/48/746 79/79/747 211/212/748
f 211/212/748 79/79/747 212/213/749
f 212/213/750 79/79/751 210/211/752
f 209/210/753 210/211/752 320/372/754
f 320/372/754 210/211/752 310/362/755
f 79/79/751 310/362/755 210/211/752
f 32/32/756 312/364/757 213/214/758
f 213/214/758 312/364/757 313/365/759
f 212/216/760 210/215/761 82/82/762
f 82/82/762 210/215/761 313/365/763
f 213/214/764 313/365/763 210/215/761
f 61/325/765 211/326/766 82/217/767
f 82/217/767 211/326/766 212/327/768
f 61/325/769 213/328/770 211/326/771
f 211/326/771 213/328/770 210/329/772
f 78/78/773 293/344/774 76/76/775
f 76/76/775 293/344/774 294/345/776
f 293/344/777 297/349/778 300/352/779
f 300/352/779 297/349/778 215/219/780
f 47/47/781 217/221/782 78/78/783
f 78/78/783 217/221/782 216/220/784
f 86/86/785 216/224/786 46/46/787
f 46/46/787 216/224/786 217/223/788
f 296/347/789 325/377/790 297/348/791
f 297/348/791 325/377/790 215/225/792
f 46/46/793 217/223/794 334/386/795
f 334/386/795 217/223/794 215/225/796
f 84/84/797 68/68/798 30/30/799
f 30/30/239 68/68/170 83/83/171
f 29/29/800 269/315/801 67/67/802
f 31/31/803 438/540/804 7/7/805
f 438/540/804 441/543/806 7/7/805
f 7/7/805 441/543/806 442/544/807
f 219/229/808 182/183/809 155/156/810
f 219/229/811 155/156/812 431/527/813
f 431/527/813 155/156/812 430/526/814
f 220/230/815 156/157/816 221/231/817
f 221/231/817 156/157/816 157/158/818
f 221/231/819 157/158/820 222/232/821
f 222/232/821 157/158/820 158/159/822
f 145/127/823 44/44/824 431/527/825
f 431/527/825 44/44/824 219/229/826
f 236/260/827 237/261/828 43/43/829
f 43/43/829 237/261/828 183/184/830
f 135/139/831 236/260/832 43/43/833
f 224/234/834 26/26/835 225/235/836
f 225/235/836 26/26/835 54/54/837
f 226/236/838 225/235/839 27/27/840
f 27/27/840 225/235/839 54/54/841
f 227/241/842 141/145/488 34/34/487
f 228/242/843 227/241/844 57/57/845
f 57/57/845 227/241/844 34/34/846
f 229/243/847 228/242/848 14/14/849
f 14/14/849 228/242/848 57/57/850
f 60/60/851 58/58/852 8/8/853
f 8/8/853 58/58/852 227/241/854
f 230/244/855 61/61/856 82/82/857
f 231/245/858 230/244/859 139/143/860
f 139/143/860 230/244/859 82/82/861
f 231/245/862 139/143/863 232/246/864
f 232/246/864 139/143/863 234/248/865
f 233/247/866 232/246/867 179/180/868
f 179/180/868 232/246/867 234/248/869
f 60/60/870 233/247/871 58/58/872
f 58/58/872 233/247/871 179/180/873
f 234/248/874 139/143/875 99/99/876
f 179/180/877 234/248/878 99/99/879
f 8/8/853 169/170/880 60/60/851
f 60/60/851 169/170/880 59/59/881
f 141/237/882 144/253/883 143/254/884
f 235/259/885 59/59/886 171/172/887
f 223/233/888 236/260/889 429/525/890
f 429/525/890 236/260/889 135/139/891
f 223/233/892 182/183/893 237/261/894
f 237/261/895 182/183/896 309/361/897
f 309/361/897 182/183/896 154/155/898
f 106/106/899 323/375/900 238/262/901
f 342/395/902 238/262/903 186/187/904
f 3/3/905 133/137/906 343/396/907
f 343/396/907 133/137/906 425/521/908
f 240/269/909 179/255/910 180/256/911
f 241/271/912 179/255/913 240/269/914
f 254/284/915 255/285/916 242/272/917
f 242/272/917 255/285/916 256/286/918
f 248/278/919 259/289/920 243/273/921
f 243/273/921 259/289/920 260/290/922
f 242/272/923 244/274/924 147/148/925
f 147/148/925 244/274/924 28/28/926
f 10/10/927 245/275/928 250/280/929
f 250/280/929 245/275/928 249/279/930
f 246/276/931 247/277/932 243/273/933
f 243/273/933 247/277/932 248/278/934
f 28/28/935 244/274/936 247/277/937
f 248/278/938 247/277/939 244/274/940
f 259/289/941 248/278/942 258/288/943
f 258/288/943 248/278/942 244/274/944
f 258/288/945 244/274/946 257/287/947
f 29/299/948 261/300/949 250/302/950
f 250/302/950 261/300/949 262/301/951
f 257/287/952 244/274/953 256/286/954
f 256/286/954 244/274/953 242/272/955
f 193/194/956 266/296/957 251/281/958
f 193/194/959 253/283/960 381/457/961
f 193/194/959 254/284/962 253/283/960
f 193/194/963 255/285/964 254/284/965
f 193/194/956 251/281/958 255/285/966
f 255/285/967 251/281/533 256/286/968
f 256/286/968 251/281/533 29/29/535
f 257/303/969 256/304/970 250/302/971
f 250/302/971 256/304/970 29/299/972
f 258/288/973 257/287/974 249/279/975
f 249/279/975 257/287/974 250/280/976
f 249/279/977 259/289/978 258/288/979
f 259/289/980 249/279/981 260/290/982
f 260/290/982 249/279/981 245/275/983
f 67/67/984 73/73/985 261/291/986
f 261/291/986 73/73/985 74/74/987
f 261/300/988 74/305/989 262/301/990
f 262/301/990 74/305/989 75/306/991
f 263/293/992 262/292/993 75/75/994
f 213/214/995 61/226/996 264/294/997
f 264/294/997 61/226/996 62/227/998
f 264/294/999 62/227/1000 265/295/1001
f 265/295/1001 62/227/1000 70/228/1002
f 193/194/1003 252/282/1004 266/296/1005
f 252/282/1006 32/32/1007 266/296/1008
f 266/296/1008 32/32/1007 267/297/1009
f 268/298/1010 267/297/1011 213/214/1012
f 213/214/1012 267/297/1011 32/32/1013
f 264/294/1014 268/298/1015 213/214/1016
f 267/297/1017 269/315/1018 266/296/1019
f 266/296/1019 269/315/1018 251/281/1020
f 67/67/1021 269/315/1022 268/298/1023
f 268/298/1023 269/315/1022 267/297/1024
f 151/152/1025 298/350/1026 299/351/1027
f 209/210/1028 298/350/1029 48/48/1030
f 48/48/1030 298/350/1029 151/152/1031
f 78/78/1032 271/317/1033 47/47/1034
f 17/17/1035 332/384/1036 333/385/1037
f 117/117/1038 327/379/1039 22/22/1040
f 22/22/1040 327/379/1039 328/380/1041
f 218/222/1042 272/318/1043 326/378/1044
f 86/86/1045 273/319/1046 161/162/1047
f 161/162/1047 273/319/1046 160/161/1048
f 149/150/1049 24/24/1050 274/320/1051
f 274/320/1051 24/24/1050 275/321/1052
f 276/322/1053 275/321/1054 24/24/1055
f 23/23/1056 277/323/1057 209/210/1058
f 209/210/1058 277/323/1057 270/316/1059
f 23/23/1060 278/324/1061 277/323/1062
f 319/371/1063 278/324/1064 23/23/1065
f 290/343/1066 280/332/1067 289/342/1068
f 289/342/1068 280/332/1067 283/336/1069
f 279/333/1070 285/338/1071 288/341/1072
f 288/341/1072 285/338/1071 287/340/1073
f 288/341/1074 289/342/1075 279/333/1076
f 279/333/1076 289/342/1075 283/336/1077
f 287/340/1078 285/338/1079 282/334/1080
f 287/340/1081 282/334/1082 286/339/1083
f 286/339/1083 282/334/1082 281/335/1084
f 288/341/1085 287/340/1086 85/330/1087
f 85/330/1087 287/340/1086 286/339/1088
f 284/337/1089 289/342/1090 85/330/1091
f 85/330/1091 289/342/1090 288/341/1092
f 21/331/1093 290/343/1094 284/337/1095
f 284/337/1095 290/343/1094 289/342/1096
f 214/218/1097 302/354/1098 301/353/1099
f 301/353/1099 302/354/1098 294/345/1100
f 302/354/1101 303/355/1102 294/345/1103
f 294/345/1103 303/355/1102 295/346/1104
f 296/347/1105 295/346/1106 325/377/1107
f 325/377/1107 295/346/1106 303/355/1108
f 297/349/1109 293/344/1110 216/220/1111
f 216/220/1111 293/344/1110 78/78/1112
f 296/347/1113 297/348/1114 86/86/1115
f 86/86/1115 297/348/1114 216/224/1116
f 209/210/1117 270/316/1118 298/350/1119
f 299/351/1120 298/350/1121 214/218/1122
f 214/218/1122 298/350/1121 270/316/1123
f 300/352/1124 299/351/1125 301/353/1126
f 301/353/1126 299/351/1125 214/218/1127
f 217/221/1128 47/47/1129 215/219/1130
f 47/47/1129 300/352/1131 215/219/1130
f 300/352/1132 301/353/1133 293/344/1134
f 293/344/1134 301/353/1133 294/345/1135
f 302/354/1136 214/218/1137 24/24/1138
f 17/17/1139 303/355/1140 24/24/1141
f 24/24/1141 303/355/1140 302/354/1142
f 102/102/1143 304/356/1144 307/359/1145
f 307/359/1145 304/356/1144 306/358/1146
f 20/252/1147 304/356/1148 102/102/1149
f 376/452/1150 377/453/1151 305/357/1152
f 306/358/1153 305/357/1154 378/454/1155
f 378/454/1155 305/357/1154 377/453/1156
f 307/359/1157 306/358/1158 379/455/1159
f 379/455/1159 306/358/1158 378/454/1160
f 181/182/1161 307/359/1162 379/455/1163
f 47/47/1164 271/317/1165 300/352/1166
f 299/351/1167 300/352/1166 151/152/1168
f 271/317/1165 151/152/1168 300/352/1166
f 308/360/1169 78/78/1170 134/138/1171
f 308/360/1172 134/138/1173 309/361/1174
f 309/361/1174 134/138/1173 103/103/1175
f 103/103/1176 237/261/1177 309/361/1178
f 310/362/1179 79/79/1180 311/363/1181
f 311/363/1181 79/79/1180 80/80/1182
f 311/363/1183 80/80/1184 316/368/1185
f 80/80/1184 81/81/1186 316/368/1185
f 312/364/1187 316/368/1185 81/81/1186
f 313/365/1188 312/364/1189 82/82/1190
f 82/82/1190 312/364/1189 81/81/1191
f 149/150/1192 274/320/1193 314/366/1194
f 314/366/1194 274/320/1193 278/324/1195
f 278/324/1196 319/371/1197 314/366/1198
f 317/369/1199 318/370/1200 23/23/1201
f 23/23/1201 318/370/1200 319/371/1202
f 317/369/1203 311/363/1204 318/370/1205
f 318/370/1205 311/363/1204 316/368/1206
f 316/368/1207 315/367/1208 318/370/1209
f 318/370/1209 315/367/1208 319/371/1210
f 209/210/1211 320/372/1212 23/23/1213
f 23/23/1213 320/372/1212 317/369/1214
f 179/255/1215 241/271/1216 321/373/1217
f 321/373/1217 241/271/1216 144/253/1218
f 141/237/1219 321/373/1220 144/253/1221
f 86/86/1222 161/162/1223 322/374/1224
f 322/374/1224 161/162/1223 162/163/1225
f 323/375/1226 322/374/1227 163/164/1228
f 163/164/1228 322/374/1227 162/163/1229
f 238/262/1230 323/375/1231 186/187/1232
f 186/187/1232 323/375/1231 163/164/1233
f 223/233/1234 237/261/1235 236/260/1236
f 181/182/1237 219/229/1238 44/44/1239
f 324/376/1240 150/151/1241 276/322/1242
f 214/218/1243 324/376/1244 24/24/1245
f 24/24/1245 324/376/1244 276/322/1246
f 270/316/1247 324/376/1248 214/218/1249
f 333/385/1250 303/355/1251 17/17/1252
f 215/225/1253 325/377/1254 334/386/1255
f 326/378/1256 272/318/1257 327/379/1258
f 327/379/1259 272/318/1260 328/380/1261
f 328/380/1261 272/318/1260 159/160/1262
f 329/381/1263 328/380/1264 194/195/1265
f 194/195/1265 328/380/1264 159/160/1266
f 330/382/1267 337/389/1268 194/195/1269
f 331/383/1270 330/382/1271 194/195/1272
f 332/384/1273 331/383/1274 159/160/1275
f 159/160/1275 331/383/1274 194/195/1276
f 333/385/1277 272/318/1278 218/222/1279
f 325/377/1280 303/355/1281 218/222/1282
f 218/222/1282 303/355/1281 333/385/1283
f 326/378/1284 160/161/1285 218/222/1286
f 218/222/1286 160/161/1285 273/319/1287
f 334/386/1288 325/377/1289 218/222/1290
f 334/386/1291 218/222/1292 46/46/1293
f 46/46/1293 218/222/1292 273/319/1294
f 332/384/1295 159/160/1296 333/385/1297
f 333/385/1297 159/160/1296 272/318/1298
f 192/193/1299 363/419/1300 364/420/1301
f 335/387/1302 38/38/1303 336/388/1304
f 336/388/1304 38/38/1303 22/22/1305
f 336/388/1306 22/22/1307 337/389/1308
f 337/389/1308 22/22/1307 329/381/1309
f 194/195/1310 337/389/1311 329/381/1312
f 338/391/1313 187/188/1314 41/41/1315
f 41/41/1316 116/116/1317 428/524/1318
f 428/524/1318 116/116/1317 417/513/1319
f 417/513/1319 116/116/1317 416/512/1320
f 116/116/1317 2/2/1321 416/512/1320
f 406/490/1322 340/393/1323 339/392/1324
f 341/394/1325 340/393/1326 418/514/1327
f 342/395/1328 186/187/1329 164/165/1330
f 343/396/1331 425/521/1332 165/166/1333
f 165/166/1333 425/521/1332 426/522/1334
f 165/166/1335 166/167/1336 343/396/1337
f 343/396/1337 166/167/1336 344/397/1338
f 344/397/1339 166/167/1340 345/398/1341
f 345/398/1341 166/167/1340 167/168/1342
f 338/391/1343 186/187/1344 187/188/1345
f 239/263/1346 238/262/1347 342/395/1348
f 346/399/1349 87/87/1350 348/401/1351
f 346/399/1352 94/94/1353 347/400/1354
f 347/400/1354 94/94/1353 95/95/1355
f 187/188/1356 347/400/1357 95/95/1358
f 348/401/1359 19/19/1360 94/94/1361
f 346/399/1362 348/401/1363 94/94/1364
f 50/403/1365 349/405/1366 123/126/1367
f 189/190/1368 350/406/1369 50/403/1370
f 50/403/1370 350/406/1369 349/405/1371
f 109/404/1372 350/406/1373 189/190/1374
f 350/406/1375 190/191/1376 349/405/1377
f 349/405/1377 190/191/1376 66/66/1378
f 357/413/1379 358/414/1380 382/464/1381
f 382/464/1381 358/414/1380 351/407/1382
f 358/414/1383 359/415/1384 351/407/1385
f 351/407/1385 359/415/1384 356/412/1386
f 91/91/1387 353/409/1388 63/446/1389
f 63/446/1389 353/409/1388 352/443/1390
f 91/91/1391 372/428/1392 353/409/1393
f 353/409/1393 372/428/1392 354/410/1394
f 354/410/1395 372/428/1396 355/411/1397
f 355/411/1397 372/428/1396 110/110/1398
f 350/406/1399 355/411/1400 190/191/1401
f 190/191/1401 355/411/1400 110/110/1402
f 356/412/1403 359/415/1404 360/416/1405
f 361/417/1406 356/412/1407 360/416/1408
f 357/413/1409 35/35/1410 358/414/1411
f 35/35/1412 127/130/1413 358/414/1414
f 358/414/1414 127/130/1413 359/415/1415
f 127/64/1416 63/63/1417 359/459/1418
f 359/459/1418 63/63/1417 360/458/1419
f 360/458/1419 63/63/1417 352/460/1420
f 119/461/1421 361/462/1422 64/463/1423
f 361/462/1422 360/458/1424 64/463/1423
f 360/458/1424 352/460/1425 64/463/1423
f 362/418/1426 361/417/1427 38/38/255
f 38/38/255 361/417/1427 119/121/256
f 363/419/1428 362/418/1429 38/38/1430
f 363/419/1428 38/38/1430 364/420/1431
f 364/420/1431 38/38/1430 335/387/1432
f 364/420/1433 335/387/1434 365/421/1435
f 365/421/1435 335/387/1434 146/147/1436
f 366/422/1437 367/423/1438 357/413/1409
f 357/413/1409 367/423/1438 35/35/1410
f 192/193/519 365/421/521 366/422/1439
f 366/422/1440 365/421/1435 367/423/1441
f 367/423/1441 365/421/1435 146/147/1436
f 1/1/1442 369/425/1443 146/147/1444
f 146/147/1444 369/425/1443 367/423/1445
f 1/1/1446 368/424/1447 369/425/1448
f 368/424/1449 9/9/1450 369/425/1451
f 369/425/1451 9/9/1450 370/426/1452
f 9/9/1453 196/197/1454 370/426/1455
f 354/410/1456 371/427/1457 353/409/1458
f 353/409/1458 371/427/1457 90/90/1459
f 109/404/1460 371/427/1461 355/411/1462
f 355/411/1462 371/427/1461 354/410/1463
f 91/91/1464 114/114/1465 372/428/1466
f 110/110/1467 372/428/1468 114/114/1469
f 373/448/1470 322/374/1471 122/125/1472
f 5/5/1473 373/448/1474 122/125/1475
f 80/80/1476 79/79/1477 374/449/1478
f 79/79/1477 375/451/1479 374/450/1478
f 79/79/1480 376/452/1481 375/451/1482
f 79/79/1483 152/153/1484 376/452/1485
f 376/452/1485 152/153/1484 377/453/1486
f 152/153/1484 153/154/1487 377/453/1486
f 378/454/1488 377/453/1489 153/154/1490
f 379/455/1491 378/454/1492 154/155/1493
f 154/155/1493 378/454/1492 153/154/1494
f 181/182/1495 379/455/1496 182/183/1497
f 182/183/1497 379/455/1496 154/155/1498
f 315/367/1499 314/366/1500 319/371/1501
f 381/457/1502 380/456/1503 252/282/1006
f 252/282/1006 380/456/1503 32/32/1007
f 193/194/1003 381/457/1504 252/282/1004
f 315/367/1505 32/32/1506 380/456/1507
f 315/367/1508 380/456/1509 314/366/1510
f 192/193/1299 382/464/1511 363/419/1300
f 192/193/522 357/413/524 382/464/1512
f 383/465/1513 123/126/194 384/466/1514
f 384/466/1514 123/126/194 40/40/193
f 384/466/1515 40/40/1516 385/467/1517
f 385/467/1517 40/40/1516 2/2/1518
f 2/496/1519 116/502/1520 385/494/1521
f 385/494/1521 116/502/1520 386/495/1522
f 386/468/1523 116/116/1524 387/469/1525
f 387/469/1525 116/116/1524 124/124/1526
f 383/465/1527 387/469/1528 123/126/1529
f 123/126/1529 387/469/1528 124/124/1530
f 40/40/1531 6/6/1532 390/472/1533
f 390/472/1533 6/6/1532 51/51/1534
f 388/470/1535 51/51/1536 389/471/1537
f 389/471/1537 51/51/1536 11/11/1538
f 388/470/1539 390/472/1540 51/51/1541
f 390/472/1542 388/470/1543 2/2/1544
f 2/2/1544 388/470/1543 52/52/1545
f 132/474/1546 392/475/1547 130/473/1548
f 130/473/1548 392/475/1547 391/476/1549
f 130/473/1550 391/476/1551 393/478/1552
f 393/478/1552 391/476/1551 394/477/1553
f 393/478/1554 394/477/1555 395/480/1556
f 395/480/1556 394/477/1555 396/479/1557
f 130/473/1558 393/478/1559 404/488/1560
f 404/488/1560 393/478/1559 403/487/1561
f 393/478/1562 395/480/1563 403/487/1564
f 403/487/1564 395/480/1563 402/486/1565
f 395/480/1566 396/479/1567 402/486/1568
f 402/486/1568 396/479/1567 401/485/1569
f 401/485/1570 400/484/1571 402/486/1572
f 402/486/1572 400/484/1571 399/483/1573
f 402/486/1574 399/483/1575 403/487/1576
f 403/487/1576 399/483/1575 398/481/1577
f 403/487/1578 398/481/1579 404/488/1580
f 404/488/1580 398/481/1579 397/482/1581
f 206/207/1582 207/208/1583 51/51/1584
f 405/489/1585 207/208/1586 206/207/1587
f 37/37/1588 405/489/1589 206/207/1590
f 413/509/1591 418/514/1592 406/490/1593
f 406/490/1593 418/514/1592 340/393/1594
f 2/2/1595 433/529/1596 416/512/1597
f 2/2/1598 432/528/1599 433/529/1600
f 409/505/1601 34/34/1602 408/504/1603
f 408/504/1603 34/34/1602 4/4/1604
f 55/55/1605 408/504/1606 4/4/1607
f 57/57/1608 407/503/1609 55/55/1610
f 55/55/1611 407/503/1612 408/504/1613
f 407/503/1614 409/505/1615 408/504/1616
f 57/57/1617 409/505/1618 407/503/1619
f 343/396/1620 423/519/1621 421/517/1622
f 345/398/1623 410/506/1624 424/520/1625
f 343/396/1626 421/517/1627 422/518/1628
f 412/508/1629 410/506/1630 411/507/1631
f 3/3/1632 412/508/1633 53/53/1634
f 53/53/1634 412/508/1633 411/507/1635
f 411/507/1636 410/506/1637 13/13/1638
f 13/13/1638 410/506/1637 345/398/1639
f 2/2/1640 52/52/1641 432/528/1642
f 414/510/1643 52/52/1644 413/509/1645
f 414/510/1646 413/509/1647 415/511/1648
f 415/511/1648 413/509/1647 406/490/1649
f 415/511/1650 406/490/1651 416/512/1652
f 416/512/1652 406/490/1651 339/392/1653
f 339/392/1654 417/513/1655 416/512/1656
f 165/166/1657 426/522/1658 339/392/1659
f 339/392/1659 426/522/1658 417/513/1660
f 426/522/1658 427/523/1661 417/513/1660
f 418/514/1662 413/509/1663 52/52/1664
f 341/394/1665 418/514/1666 16/16/1667
f 16/16/1667 418/514/1666 52/52/1668
f 339/392/1669 420/516/1670 419/515/1671
f 419/515/1672 420/516/1673 166/167/1674
f 165/166/1675 419/515/1676 166/167/1677
f 339/392/1678 340/393/1679 420/516/1680
f 166/167/1681 420/516/1682 340/393/1683
f 423/519/1684 424/520/1685 421/517/1686
f 421/517/1686 424/520/1685 410/506/1687
f 422/518/1688 421/517/1689 412/508/1690
f 412/508/1690 421/517/1689 410/506/1691
f 3/3/1692 422/518/1693 412/508/1694
f 343/396/1695 344/397/1696 423/519/1697
f 424/520/1698 423/519/1699 344/397/1700
f 345/398/1701 424/520/1702 344/397/1703
f 133/137/1704 239/263/1705 425/521/1706
f 425/521/1706 239/263/1705 342/395/1707
f 425/521/1708 342/395/1709 426/522/1710
f 426/522/1710 342/395/1709 164/165/1711
f 427/523/1712 426/522/1713 164/165/1714
f 427/523/1715 164/165/1716 428/524/1717
f 428/524/1717 164/165/1716 338/391/1718
f 41/41/1719 428/524/1720 338/391/1721
f 429/525/1722 135/139/1723 224/234/1724
f 224/234/1724 135/139/1723 26/26/1725
f 430/526/1726 429/525/1727 156/157/1728
f 156/157/1728 429/525/1727 224/234/1729
f 431/527/1730 430/526/1731 220/230/1732
f 220/230/1732 430/526/1731 156/157/1733
f 220/230/1734 145/127/1735 431/527/1736
f 432/528/1737 52/52/1738 414/510/1739
f 432/528/1740 414/510/1741 433/529/1742
f 433/529/1742 414/510/1741 415/511/1743
f 416/512/1744 433/529/1745 415/511/1746
f 434/530/1747 31/31/1748 8/8/1749
f 8/8/1750 227/241/1751 435/531/1752
f 435/531/1752 227/241/1751 228/242/1753
f 435/531/1754 228/242/1755 436/532/1756
f 436/532/1756 228/242/1755 229/243/1757
f 56/56/1758 434/530/1759 8/8/1760
f 37/37/1761 437/539/1762 405/489/1763
f 65/65/1764 204/205/1765 37/37/1766
f 37/37/1766 204/205/1765 437/539/1767
f 438/540/1768 31/31/1769 434/530/1770
f 204/205/1771 65/65/1772 440/542/1773
f 440/542/1773 65/65/1772 439/541/1774
f 65/65/1772 205/206/1775 439/541/1774
f 439/545/1776 205/546/1777 444/548/1778
f 444/548/1778 205/546/1777 443/547/1779
f 128/549/1780 445/550/1781 205/546/1782
f 205/546/1782 445/550/1781 443/547/1783
f 405/551/1784 437/552/1785 446/554/1786
f 446/554/1786 437/552/1785 447/553/1787
f 437/552/1788 204/555/1789 447/553/1790
f 447/553/1790 204/555/1789 448/556/1791
f 439/545/1792 444/548/1793 440/557/1794
f 440/557/1794 444/548/1793 449/558/1795
f 440/557/1796 449/558/1797 204/555/1798
f 204/555/1798 449/558/1797 448/556/1799
f 208/559/1800 207/560/1801 446/554/1802
f 446/554/1802 207/560/1801 405/551/1803
f 203/573/1804 65/574/1805 200/575/1806
f 203/577/1807 200/578/1808 129/576/1809
f 129/576/1809 200/578/1808 112/579/1810
f 130/562/1811 93/563/1812 199/561/1813
f 199/561/1813 93/563/1812 196/564/1814
f 199/561/1815 196/564/1816 131/565/1817
f 131/565/1817 196/564/1816 9/566/1818
f 1/567/1819 28/568/1820 450/570/1821
f 450/570/1821 28/568/1820 451/569/1822
f 246/571/1823 453/572/1824 28/568/1825
f 28/568/1825 453/572/1824 451/569/1826
f 243/580/1827 260/581/1828 454/583/1829
f 454/583/1829 260/581/1828 455/582/1830
f 245/584/1831 10/585/1832 456/587/1833
f 456/587/1833 10/585/1832 452/586/1834
f 243/580/1835 454/583/1836 246/571/1837
f 246/571/1837 454/583/1836 453/572/1838
f 260/581/1839 245/584/1840 455/582/1841
f 455/582/1841 245/584/1840 456/587/1842
f 368/588/1843 1/567/1844 457/589/1845
f 457/589/1845 1/567/1844 450/570/1846
f 368/588/1847 457/589/1848 9/566/1849
f 9/566/1849 457/589/1848 131/565/1850
f 72/591/1851 75/592/1852 71/590/1853
f 71/590/1853 75/592/1852 292/593/1854
f 72/591/1855 69/594/1856 75/592/1857
f 75/592/1857 69/594/1856 263/595/1858
f 263/595/1859 69/594/1860 10/585/1861
f 10/585/1861 69/594/1860 452/586/1862
f 71/590/1863 459/597/1864 70/596/1865
f 70/596/1865 459/597/1864 458/598/1866
f 265/599/1867 70/596/1868 460/600/1869
f 460/600/1869 70/596/1868 458/598/1870
f 460/600/1871 452/586/1872 265/599/1873
f 265/599/1873 452/586/1872 69/594/1874
f 170/602/1875 96/603/1876 173/601/1877
f 173/601/1877 96/603/1876 176/604/1878
f 173/601/1879 176/604/1880 172/605/1881
f 172/605/1881 176/604/1880 7/606/1882
f 291/607/1883 462/608/1884 292/593/1885
f 292/593/1885 462/608/1884 461/609/1886
f 292/593/1887 461/609/1888 71/590/1889
f 71/590/1889 461/609/1888 459/597/1890
f 462/608/1891 291/607/1892 170/602/1893
f 170/602/1893 291/607/1892 96/603/1894
f 170/602/1895 177/610/1896 463/612/1897
f 463/612/1897 177/610/1896 464/611/1898
f 172/605/1899 465/614/1900 171/613/1901
f 171/613/1901 465/614/1900 466/615/1902
f 235/616/1903 467/617/1904 177/610/1905
f 177/610/1905 467/617/1904 464/611/1906
f 434/619/1907 468/620/1908 438/618/1909
f 438/618/1909 468/620/1908 469/621/1910
f 441/622/1911 438/618/1912 470/623/1913
f 470/623/1913 438/618/1912 469/621/1914
f 442/624/1915 471/625/1916 7/606/1917
f 7/606/1917 471/625/1916 472/626/1918
f 441/622/1919 470/623/1920 442/624/1921
f 442/624/1921 470/623/1920 471/625/1922
f 7/606/1923 472/626/1924 172/605/1925
f 172/605/1925 472/626/1924 465/614/1926
f 466/615/1927 467/617/1928 171/613/1929
f 171/613/1929 467/617/1928 235/616/1930
f 434/619/1931 56/627/1932 468/620/1933
f 468/620/1933 56/627/1932 12/628/1934
f 170/602/1935 463/612/1936 462/608/1937
f 132/630/1938 131/565/1939 392/629/1940
f 392/629/1940 131/565/1939 457/589/1941
f 391/631/1942 392/629/1943 473/633/1944
f 473/633/1944 392/629/1943 474/632/1945
f 394/634/1946 391/631/1947 475/635/1948
f 475/635/1948 391/631/1947 473/633/1949
f 396/636/1950 394/634/1951 476/637/1952
f 476/637/1952 394/634/1951 475/635/1953
f 396/636/1954 476/637/1955 401/638/1956
f 401/638/1956 476/637/1955 477/639/1957
f 401/638/1958 477/639/1959 400/640/1960
f 400/640/1960 477/639/1959 478/641/1961
f 457/589/1962 479/642/1963 392/629/1964
f 392/629/1964 479/642/1963 474/632/1965
f 191/643/1966 481/644/1967 128/549/1968
f 128/549/1968 481/644/1967 480/645/1969
f 128/549/1970 480/645/1971 445/550/1972
f 445/550/1972 480/645/1971 482/646/1973
f 112/647/1974 18/648/1975 484/650/1976
f 484/650/1976 18/648/1975 483/649/1977
f 18/648/1978 93/563/1979 483/649/1980
f 483/649/1980 93/563/1979 130/562/1981
