# This file uses centimeters as units for non-parametric coordinates.

v 8.468140 -3.136749 -0.208943
v -12.074803 -4.537527 0.391327
v -9.876736 -2.535196 0.532239
v -9.065052 -2.777989 1.155164
v -6.907782 -3.349360 0.729235
v -5.596593 -3.349507 0.708787
v -2.537945 -3.240104 0.793388
v -1.620652 -3.731392 0.975367
v -0.794220 -3.727352 0.976206
v 0.469055 -3.586264 1.148602
v 2.906949 -3.762465 0.629517
v 3.915773 -3.612575 0.403832
v 6.710608 -3.280974 -0.139778
v -0.732946 2.956355 1.122092
v -1.639801 2.956344 1.122091
v -3.107782 1.879600 -1.320113
v -1.813994 1.865482 -1.070335
v -0.894262 1.789440 -0.837671
v 0.257939 1.870154 -1.424852
v 3.555323 -1.948798 -2.632007
v -0.633295 2.955797 -5.943784
v -2.420460 2.955736 -6.009191
v -2.414994 2.956259 -0.936499
v -6.723427 2.955840 -6.007826
v -6.724152 2.956548 1.122056
v -10.621546 4.502472 -0.935748
v -10.678916 3.626828 -1.602465
v -2.147686 -2.704145 -5.200977
v -3.505761 2.955797 -6.008371
v -3.500852 2.955954 -3.719488
v -6.723521 2.956019 -3.700560
v -5.482997 2.955999 -3.694200
v -5.477475 2.956339 1.122062
v -6.340993 2.106416 -4.494944
v -6.908339 1.883417 -1.179432
v -6.845787 1.905958 -0.973122
v -9.814175 -2.726753 -0.569086
v -12.230862 -3.461041 -1.715845
v -10.383415 -2.669980 -1.153472
v -10.543028 2.157597 -0.986602
v -13.299243 -3.934360 -5.742167
v -10.588606 2.249650 -0.269625
v -10.678558 3.564403 -0.269293
v -9.337284 3.616007 -0.739453
v -9.343103 2.357619 -1.161392
v -10.940939 -2.724045 -7.477397
v -9.265891 2.361978 -1.615308
v -9.237438 2.245794 -1.638803
v -10.067945 -2.831556 -5.616230
v -9.953303 -2.699606 -4.083179
v -9.503024 -2.764000 -3.635695
v -9.164085 -2.683959 -6.001538
v -8.513670 -2.561826 -3.683589
v -8.669657 -2.633563 -4.316335
v -9.204107 -2.673042 -3.627226
v -6.811230 -2.818945 -1.095001
v -5.405656 -2.819806 -1.223980
v -6.889981 -2.818720 -1.648644
v -6.367853 -2.819213 -1.070483
v -6.042333 -2.819145 -1.089595
v -5.560091 -2.817872 -1.918665
v -6.571317 2.127616 -4.476882
v -5.744578 -2.817884 -1.956569
v -3.060026 -2.820283 -1.114737
v -1.585176 -2.817282 -1.337383
v -3.108505 -2.825653 -1.531333
v -2.709823 -2.828906 -1.003041
v -2.233418 -2.831232 -1.021806
v -1.603927 -2.832210 -1.547478
v -0.785600 -2.796128 -0.839440
v 0.433039 -2.795252 -1.008507
v 0.513169 -2.795324 -1.790413
v 0.022495 -2.796516 -0.897918
v -0.324522 -2.796118 -0.846114
v -0.794774 -2.795882 -0.956841
v 3.108835 -2.792632 -1.297618
v 4.373394 -2.792309 -1.261964
v 3.538252 -2.792423 -1.292814
v 3.892340 -2.792250 -1.288852
v 4.462248 -2.791999 -1.659611
v 5.494801 2.321360 -4.563542
v 5.352843 -2.649392 -4.004478
v 6.603010 2.387735 -4.257157
v 6.624687 -2.649477 -3.917533
v 5.530754 -2.649348 -4.738680
v 5.823209 -2.649681 -3.949510
v 6.264466 -2.649676 -3.922407
v 6.731928 -2.650217 -4.267539
v 2.315053 2.956348 1.122063
v 2.302646 2.955692 -5.945030
v 2.265672 2.159495 -6.795939
v 3.419019 5.989824 -6.093031
v 3.462383 2.955668 -5.945412
v 5.017388 4.608664 -5.561784
v 5.510993 3.814885 -4.216940
v 4.983128 3.850592 -5.592757
v 5.509041 3.806392 -4.212128
v 5.502170 1.993400 -4.277806
v 7.180316 5.194485 -0.937085
v 7.176392 5.193885 1.122059
v 7.407239 4.608665 -5.611549
v 7.471250 4.293605 -0.980572
v 5.502917 1.992855 -2.907748
v 6.392715 1.498853 -0.535155
v 6.390943 3.219832 -0.424236
v 6.389885 1.483324 -2.607414
v 6.389814 3.242751 -2.607000
v 7.193725 3.218592 -0.452511
v 7.193607 1.498773 -0.535201
v 7.717579 -2.940316 -4.331130
v 7.540919 -2.908732 -4.422126
v 6.381716 -2.574502 -1.611172
v 7.847891 -2.575258 -1.394697
v 6.675778 -2.576112 -2.486875
v 7.189594 -2.576190 -1.319443
v 7.964415 -2.569239 -1.974518
v -5.379868 2.955820 -6.008000
v -5.506443 5.967624 -6.108500
v -5.326821 2.364858 -6.714437
v -5.399215 6.133589 -6.530504
v 6.084474 4.259765 -6.242258
v 7.342541 4.608665 -5.609328
v -10.667934 3.731496 -1.207466
v -8.288437 4.609355 -5.515983
v -10.682850 4.609346 -5.488358
v -10.095562 1.742310 -3.098366
v -8.221642 3.899800 -5.472069
v -9.304298 3.836338 -1.092806
v -8.416748 1.719492 -2.743319
v -8.729753 3.807933 -3.813965
v -8.522835 3.793648 -3.953091
v -8.407574 1.713534 -4.026284
v -6.726530 -2.240552 -6.057909
v -6.784275 2.592070 -1.054375
v -7.016949 1.650317 -1.512170
v -5.739357 2.547160 -5.954906
v -5.711982 2.048689 -3.679361
v -5.457795 2.504458 -6.011193
v -5.350258 1.779554 -6.988668
v -5.193570 -2.346479 -7.389514
v -5.336954 -2.354821 -5.111772
v -5.453998 -1.473231 -3.663039
v -5.418483 -2.459967 -3.924758
v -6.083578 -1.472738 -3.748862
v -6.267796 2.038392 -3.674872
v -6.047749 -2.255140 -3.946376
v -6.691281 -2.139706 -5.965348
v -2.088169 -2.747578 -5.702581
v -5.213212 -2.354728 -5.926587
v -5.725304 -2.499361 -7.654882
v -2.121579 -3.300502 -8.355147
v -0.639051 2.955927 -3.691913
v 2.317435 2.955837 -3.694713
v 2.425506 -2.064947 -5.744933
v 2.214331 2.444812 -5.069823
v 2.264250 2.058535 -6.637895
v 2.429822 -2.067447 -6.721389
v 3.038255 -1.599617 -3.760121
v 3.056114 -2.464839 -3.735014
v 3.212799 -2.057663 -2.722871
v 3.214143 -2.605479 -2.733917
v 3.229318 2.141002 -2.763780
v 3.566456 -1.562711 -2.651795
v 2.917194 2.071559 -3.812039
v 3.690951 1.714316 -4.877180
v 5.882659 7.733796 -5.924222
v 6.001059 8.259595 -5.980883
v 6.531524 7.750291 -5.048353
v 7.324477 8.028095 -5.840396
v 7.422076 7.665884 -5.732175
v -6.498495 5.926148 -6.086521
v -6.067832 7.469151 -6.600619
v -6.642956 6.150274 -6.333989
v -5.997047 6.665004 -5.994520
v -5.468498 6.422739 -6.512357
v -5.791873 6.960123 -6.412233
v -6.334566 6.839355 -6.379204
v -9.586337 4.593081 -6.322280
v -9.479671 4.609355 -5.501317
v -10.058181 7.193048 -5.223490
v -10.201874 8.815545 -5.868443
v -10.838462 7.670018 -5.739113
v -10.350188 7.188118 -5.211209
v 7.788241 3.218601 -1.669189
v 3.835131 -2.066370 -4.988022
v 0.292996 2.956455 1.122091
v -2.141875 -2.836790 -6.552525
v -2.009992 -2.547303 -4.113568
v 2.401382 -2.065126 -5.080446
v -8.900652 -2.669351 -0.791077
v -9.351875 -2.693767 -0.627693
v -9.112814 -2.587284 -1.329292
v 2.676061 6.764428 -5.947266
v 5.689805 2.373623 -3.825523
v 6.228861 2.390137 -3.958373
v 3.166602 -1.030041 -1.822954
v 3.493330 -0.780934 -1.393566
v 6.608925 -0.283718 -2.151841
v 6.892539 -0.690864 -1.332248
v 7.450686 -0.712303 -1.324189
v 7.659203 -2.634047 -3.153073
v -0.523360 1.796426 -0.674552
v -0.111256 1.794066 -0.716579
v -2.346808 1.957757 -0.855854
v -2.838436 1.940675 -0.904949
v -6.269970 1.903651 -1.060519
v -6.670274 1.896612 -0.839758
v -9.612880 2.187126 -0.606388
v -10.119202 2.199441 -0.627752
v -9.659206 1.793408 -3.762011
v -9.336223 1.788497 -3.698218
v -9.503345 4.218314 -1.080753
v 6.232659 8.689315 -5.976640
v 6.562528 8.552962 -5.300979
v 7.061914 8.597168 -5.907610
v 6.536904 9.207533 -6.056553
v 6.633845 9.163670 -5.980269
v 6.745451 9.201598 -6.053734
v 6.647013 9.257725 -6.079759
v 3.486653 6.175591 -6.180168
v 3.525149 6.289007 -6.272697
v 3.435764 6.547806 -6.340525
v 3.310916 6.902980 -6.398768
v 3.141757 7.226738 -6.433764
v 2.944334 7.546069 -6.443218
v 2.709693 7.707509 -6.492177
v 2.519971 7.512658 -6.587295
v 2.370366 7.220413 -6.633140
v 2.246747 6.892508 -6.649263
v 2.124736 6.490728 -6.694582
v 2.080315 6.190748 -6.634651
v -6.011917 7.441061 -6.639627
v -5.689274 7.018915 -6.557686
v -5.525945 6.683777 -6.587403
v -6.132829 7.436707 -6.609734
v -6.484603 6.872830 -6.514300
v -6.643034 6.383541 -6.442050
v -6.198882 7.124792 -6.416828
v -6.362069 7.096665 -6.538237
v -5.878143 7.278571 -6.580342
v -5.913312 7.142400 -6.348640
v -5.428455 5.973465 -6.750099
v -5.364445 6.170052 -6.681017
v -5.993146 5.859336 -6.084337
v -9.309542 7.432934 -5.607907
v -10.148368 8.868031 -5.896093
v -10.208496 8.881681 -5.897224
v -10.526371 8.341479 -5.842261
v -10.928312 7.386883 -5.650178
v -10.913104 7.295332 -5.610541
v -10.048711 7.127874 -5.194641
v -10.299782 7.125907 -5.185077
v -10.779541 7.202156 -5.455758
v -9.615110 7.210845 -5.426033
v -9.378210 7.380654 -5.582600
v -10.264115 8.846422 -5.865136
v 0.364343 2.955864 -3.694699
v 0.291884 2.113044 -3.694899
v -6.723763 5.922873 -6.084785
v -11.267699 -2.894773 -6.821466
v -11.135214 -2.899165 -6.102756
v -11.221123 -2.727151 -7.696557
v -10.158777 1.788829 -4.159789
v -10.821847 -3.096405 -5.598413
v -11.978205 -3.361544 -5.759529
v -10.652803 4.432119 1.122050
v -10.744554 7.278774 -5.490585
v -10.861363 7.326564 -5.626037
v -10.055220 7.435266 -5.240164
v -9.676724 7.515818 -5.506532
v -10.257718 8.169816 -5.469654
v -10.129947 8.326369 -5.580718
v -9.844309 8.489697 -5.834101
v -6.912941 -2.792535 -1.750951
v -8.724634 1.769922 -4.260002
v -7.117589 1.849412 -1.411575
v -8.561882 3.623392 -2.756060
v -9.812158 3.627356 -2.726219
v -10.726171 7.170895 -5.443894
v 2.507318 6.009691 -6.342440
v 2.230731 5.962675 -6.835213
v 3.424280 5.994569 -6.551174
v 6.097088 4.608665 -5.569834
v 6.982123 7.373792 -5.608882
v 7.310500 7.533281 -5.684322
v 6.447868 7.468331 -5.346692
v 5.940735 7.584477 -5.455042
v 6.964045 3.755809 -3.107330
v 5.510010 3.814494 -2.864327
v 7.538752 4.622246 1.122060
v 7.265629 -3.095323 -7.275352
v 7.788040 1.498586 -0.535487
v 7.787923 3.218585 -0.464458
v 7.918956 -0.628085 -1.857623
v 6.224257 -3.855674 -6.425285
v 5.587186 -2.948015 -5.772635
v 4.400824 -0.770794 -1.870711
v 3.805032 -2.629140 -1.508351
v 3.614549 -2.628510 -2.546588
v 3.212954 -1.583981 -2.727167
v 2.360284 2.112354 1.122073
v 2.313113 2.112832 -0.638458
v 2.317019 2.111739 -3.694806
v 3.833339 2.249244 1.122060
v 3.442461 1.467577 -1.348044
v 3.855381 1.539038 -1.383389
v 3.146087 1.016635 -1.873170
v 3.573305 2.956132 1.122059
v 3.648634 2.096743 1.122034
v 6.574348 1.532751 -2.028553
v 7.394511 1.458063 -1.298000
v 7.850770 1.433068 -1.798400
v 6.856378 1.496506 -1.236780
v -5.476771 2.112354 1.122056
v -5.485356 2.111799 -3.694216
v -5.942363 1.781685 -1.648591
v -6.724081 2.112357 1.122059
v -6.666681 2.479752 -1.456010
v -6.977181 1.708744 -1.412911
v -6.755304 2.517604 -1.473503
v -7.002820 2.322364 1.122052
v -6.810727 2.631482 -0.113370
v -6.087368 -2.097058 -4.770163
v -10.408417 -2.744614 -4.104764
v -12.512781 -3.465956 -0.806332
v 8.995320 -3.172849 -1.044840
v 9.165764 -3.140821 -1.921989
v 6.707157 -2.575457 -1.754484
v 6.886204 -2.575318 -1.527273
v 6.954431 -2.576617 -1.331502
v 7.281229 -2.571409 -0.832784
v 6.762599 -2.573162 -1.285000
v 6.899323 -2.573614 -1.065302
v 6.300920 -3.114154 0.207373
v 7.460506 -2.576711 -1.336079
v 7.774272 -2.578302 -1.486301
v 7.694166 -0.721464 -1.497072
v 7.610723 1.436617 -1.441347
v 5.261313 -3.460620 0.226984
v 7.288020 -3.136558 -0.139227
v 7.549572 -2.571625 -1.076495
v 5.394429 -2.644216 -2.022395
v 5.324254 -2.643163 -1.453753
v 6.053564 -2.645514 -2.153711
v -3.825149 -2.811000 -1.946610
v -3.657275 -2.815572 -1.285272
v -4.068151 -3.242016 0.684282
v -6.516929 -2.240786 -4.675943
v -5.893254 -2.249801 -5.559518
v -6.303059 2.314247 -5.483708
v -5.635345 2.161325 -4.865924
v -8.911819 1.781492 -3.890357
v -8.804549 -2.654277 -3.893929
v -8.290323 -2.673570 -1.735836
v -8.102062 -2.834440 -1.229576
v -8.312454 -3.094759 0.663791
v -10.170349 -2.898943 -3.475296
v -6.213358 -2.830487 -2.509435
v -13.517108 -3.980385 -3.484001
v -9.725079 -2.788854 -2.208026
v 8.099079 -3.132383 -4.074614
v 7.858737 -2.791650 -3.855110
v 8.517912 -2.835620 -3.343926
v -1.612829 2.112359 1.122091
v -0.682215 2.112360 1.122091
v 0.293017 2.112360 1.122091
v 0.389260 2.112917 1.109112
v 0.389728 2.956687 1.127222
v 0.388648 2.951336 -0.998158
v 0.293029 2.956184 -0.990575
v -3.481646 2.112359 1.122090
v -3.481517 2.956354 1.122091
v -3.481605 2.956236 -1.027164
v 3.360950 -2.080431 -6.920154
v -2.420722 2.170074 -0.936974
v -1.670732 2.956264 -0.936504
v -0.691375 2.956227 -0.936476
v 2.207347 2.955694 -5.944998
v 2.143958 6.551001 -6.147413
v 2.691778 6.442888 -5.894022
v 3.006443 6.487090 -5.943305
v 2.331236 6.948571 -6.225770
v 2.439131 7.183393 -6.286853
v 2.540426 7.341566 -6.294671
v 2.681910 7.517785 -6.290174
v 2.847255 7.385869 -6.229774
v 3.044938 7.178843 -6.194151
v 3.147940 6.924071 -6.160095
v 3.265326 6.563516 -6.070346
v 2.311945 6.509075 -5.986216
v 2.459275 6.896736 -6.036359
v 2.598375 7.014985 -6.026314
v 2.763211 7.018118 -6.034922
v 2.877277 6.989511 -6.021810
v 2.926119 6.872044 -6.001584
v 3.364332 6.244922 -6.033219
v -2.239203 -2.857366 -2.894844
v -0.903458 -2.795865 -1.362143
v -0.684676 -2.796017 -0.892662
v -0.802978 1.792981 -0.757519
v -0.307955 -3.732602 1.045623
v -0.421402 -2.796339 -0.740431
v 0.719527 -2.792833 -0.722119
v 1.095648 -2.792932 -1.080064
v 1.000368 -2.793389 -1.733189
v 0.082714 -2.793116 -0.729470
v -0.541957 -2.796078 -0.864326
v -0.698762 1.794505 -0.721317
v 0.080814 1.797355 -0.846418
v 0.306682 -2.796056 -1.209930
v 3.338449 -2.793334 -1.562308
v 3.280027 1.295669 -1.532212
v 3.290823 -0.771209 -1.504537
v 3.210365 -2.794189 -1.902681
v 3.256929 -2.794028 -1.638469
v 3.237360 -1.075643 -1.701283
v 3.214782 1.133501 -1.734451
v 2.753767 -2.793627 -1.326433
v 2.177207 -3.786263 0.634388
v 3.511947 -3.762352 0.630186
v 4.400799 -3.683395 0.280237
v 4.103055 1.556355 -1.412773
v 4.305940 1.310729 -1.819458
v 3.843265 -0.791549 -1.305176
v 4.124313 -0.695803 -1.350900
v 4.189979 -2.792392 -1.429980
v 3.522619 -2.792182 -1.013416
v 3.805778 -2.791646 -0.998229
v 4.757555 -2.791805 -1.343642
v 3.707056 -2.242654 -4.004419
v 5.617583 2.347549 -4.113612
v 5.604232 -2.649102 -4.324831
v 3.472169 -2.395734 -3.471987
v 6.666511 -0.507858 -1.693369
v 6.602365 1.504228 -1.457094
v 7.230869 -0.703047 -1.327669
v 7.167967 1.503541 -1.241044
v 7.268848 -3.098396 -3.644932
v 7.268861 -3.098743 -4.346271
v 6.416959 2.391622 -4.050040
v 6.521337 -2.651037 -3.964354
v 3.729307 -2.611632 -5.078495
v 7.150542 3.218564 -1.117315
v 3.520981 2.955776 -3.690491
v 3.449193 2.955780 -3.690545
v 3.557664 2.321892 -3.612191
v 3.475329 2.295883 -3.582137
v 0.402456 2.955745 -5.944318
v -6.165599 6.226839 -5.934720
v -5.941518 6.239591 -5.941431
v -5.732955 6.269593 -5.956176
v -5.451749 6.456640 -6.722578
v -6.043046 7.152627 -6.323827
v -6.073049 7.330645 -6.465995
v -6.133655 6.779743 -6.047863
v -5.889248 6.832083 -6.073184
v -6.723903 5.929044 -6.623087
v 6.359667 8.617051 -5.517781
v 6.185141 8.105832 -5.144457
v 6.763310 8.599678 -5.415071
v 6.914762 8.017591 -5.152230
v 7.370787 7.476506 -6.071329
v 6.501345 8.075506 -4.995542
v -1.167939 -2.831361 -1.272912
v -2.117972 1.935766 -0.903068
v -2.974270 1.907733 -0.992756
v -1.826293 -2.829055 -1.301407
v -2.937191 -2.829177 -1.180611
v -2.736381 -2.822371 -0.954899
v -2.052784 -2.822560 -0.958337
v -3.163792 -3.274490 0.720888
v -10.111425 -2.815028 -4.533625
v -10.157061 -2.694006 -4.101874
v -9.840104 -2.758324 -3.461379
v -9.489352 -2.776447 -3.334140
v -9.118007 -2.630248 -3.342633
v -8.362994 -2.637694 -4.358135
v -8.916866 -2.712035 -5.163486
v -9.896812 1.792926 -3.871278
v -9.780020 -2.758035 -3.814762
v -9.387470 2.265574 -0.752305
v -9.149695 -2.685329 -0.940992
v -12.604856 -3.511471 -0.038753
v -10.408596 2.162621 -0.708713
v -10.247294 -2.700912 -0.819244
v -9.235970 0.194333 -1.270788
v -9.297497 0.092326 -0.808036
v -9.490895 0.031572 -0.560937
v -9.988579 0.035851 -0.640882
v -10.362276 0.037830 -0.868320
v -10.497344 0.073847 -1.078801
v -9.264670 2.248885 -0.260236
v -5.988587 1.873296 -1.278877
v -5.704073 -2.818662 -1.397847
v -6.676944 -2.818496 -1.168218
v -3.481720 2.111846 -3.694311
v 3.512295 2.975868 -0.937095
v 3.084796 6.221725 -5.954405
v 2.710743 6.234471 -5.925123
v 2.280131 6.279536 -5.979301
v 2.107811 6.361553 -6.102126
v 2.081439 6.296664 -6.684249
v 2.275358 6.025340 -6.097821
v 3.140027 6.020685 -6.105845
v 2.741654 6.035020 -6.110384
v 2.292869 6.065906 -6.124777
v 3.380770 6.081369 -6.134838
v 2.164865 6.038508 -6.568949
v 2.441331 5.950240 -6.271217
v -2.420410 2.955987 -3.700851
v -2.421417 2.371406 -3.696293
v -2.421577 2.257077 -6.014653
v -10.706073 7.572577 -5.567796
v -10.425989 8.219285 -5.694724
v -9.588650 8.069798 -5.755988
v -9.696520 7.950612 -5.699480
v -9.830019 7.893219 -5.526758
v -10.064248 7.877145 -5.229205
v -10.323382 7.823861 -5.394585
v -10.593085 7.849092 -5.613038
v -10.713043 7.940502 -5.781970
v -10.401974 7.481389 -5.379513
v -9.488371 7.602741 -5.676200
v -9.428861 7.703136 -5.722296
v -9.961569 8.304764 -5.553759
v -10.398163 8.609586 -5.867863
v -10.162492 8.609796 -5.717650
v -9.986290 8.697402 -5.920287
v -9.896450 8.314004 -5.704630
v -1.002502 1.783064 -1.391316
v -6.543573 5.959115 -6.586947
v -9.633161 7.178343 -5.476106
v -10.715429 7.178049 -5.438743
v -9.385106 7.319782 -5.554720
v -9.523563 4.609354 -1.161990
v -10.725101 4.609346 -2.027437
v -10.706021 4.609359 -1.111392
v -9.582105 4.342063 -1.034669
v -9.449137 4.609355 -1.031182
v -9.321519 4.609354 -1.039158
v -6.723642 2.946035 1.122056
v -7.029155 2.493374 -0.936253
v -6.969838 2.309407 -0.005606
v -6.683515 2.949757 -0.936951
v -10.297903 5.202298 1.122059
v -10.292044 5.202409 -0.937120
v -6.568976 6.691102 -6.513666
v -6.414221 6.998889 -6.513592
v -6.280061 7.214761 -6.538379
v -5.593345 6.859771 -6.577244
v -5.791463 7.154007 -6.592885
v -5.417349 6.306651 -6.712856
v -5.332821 2.874263 -6.692109
v -5.317478 2.379890 -6.025497
v 2.258240 3.046245 -6.811723
v 2.287282 2.087244 -5.960964
v 0.388250 2.252367 -1.023466
v 0.293028 2.265089 -1.066521
v -3.250715 2.333381 -6.072808
v -1.524928 2.210912 -0.936319
v -0.554081 2.253979 -0.935751
v -0.611935 2.441492 -3.747178
v -0.586089 2.470322 -5.986755
v 0.429046 2.544610 -6.060963
v 2.121285 2.509160 -5.990715
v -10.678885 3.621307 -1.142076
v -9.432505 3.611712 -0.178888
v -9.379186 3.580661 -0.192377
v 7.376628 4.608665 -1.724603
v -11.561850 -2.793390 -0.858948
v -11.337051 -2.581347 -0.656020
v -11.113213 -2.498384 -0.235031
v -9.978331 -2.571648 -0.223624
v -9.052004 -2.557889 -0.104270
v -8.161324 -2.901935 0.167390
v -6.826763 -2.726058 0.016317
v -5.466791 -2.735173 0.127021
v -3.869548 -2.877006 0.161108
v -3.147685 -2.919340 0.246961
v -2.663671 -2.906802 0.300019
v -1.681672 -2.881930 -0.075130
v -1.387759 -2.889932 -0.127729
v -0.614688 -2.858124 -0.074336
v -0.217920 -2.856816 -0.249210
v 0.363383 -2.829749 -0.350823
v 0.572006 -2.818538 -0.399807
v 2.559225 -2.894151 -0.533087
v 3.071731 -2.885413 -0.519966
v 3.556643 -2.852734 -0.529242
v 3.737680 -2.835835 -0.574284
v 4.213931 -2.812995 -0.514300
v 4.431283 -2.885611 -0.505211
v 4.930080 -2.872051 -0.808934
v 5.323753 -2.723535 -0.859280
v 5.960189 -2.722990 -0.916559
v 6.779352 -2.740296 -0.685808
v 7.170807 -2.798783 -0.750653
v 7.398764 -2.782313 -0.806722
v 7.997104 -2.884634 -0.973260
v -1.597912 -3.142029 -2.044769
v -6.536125 -2.846581 -2.730331
v -5.677065 -2.817602 -2.903749
v -4.376565 -2.732898 -3.168546
v 3.460212 2.547010 -6.353176
v 3.774073 2.321371 -0.940166
v 7.561015 4.603098 -0.938120
v 7.331517 4.608667 -1.038223
v 7.501200 4.184289 -1.623242
v 7.422790 4.173310 -5.530307
v 7.179671 3.218518 -1.434076
v 6.502868 3.220844 -1.205775
v 7.265368 7.499135 -5.660645
v 7.397471 4.628445 -6.057908
v 7.360417 4.218239 -5.630711
v 7.371404 4.241519 -6.008509
v 5.864261 3.876971 -5.676995
v 5.947996 3.884004 -6.235591
v -10.799475 4.683813 -5.792616
v -10.835326 7.212193 -5.748963
v -10.725101 4.321695 -2.027437
v -10.682850 4.321731 -5.314713
v -6.723427 2.524198 -6.007826
v -6.723521 2.520966 -3.700560
v -6.723950 3.151799 -6.622958
v -6.723969 2.660767 -6.674839
v -6.723969 -2.438038 -6.674839
v -6.723427 -2.527171 -6.007826
v -5.361623 2.524198 -6.007826
v -5.361623 -2.527171 -6.007826
v -9.447655 3.987810 -5.432664
v -9.566396 4.003686 -6.083149
v 6.755715 1.993209 -3.057714
v -3.481615 2.112118 -1.133300
v -2.413221 2.956357 1.122091
v -2.413172 2.112358 1.122091
v 3.441941 2.103732 -2.728454
v 3.126733 2.049256 -6.700231
v -5.752596 1.779554 -6.988668
v -5.595908 -2.346479 -7.389514
v -5.999706 2.161325 -4.865924
v -5.701315 -2.354821 -5.111772
v -9.936754 3.793648 -3.953091
v -9.821493 1.713534 -4.026284
v 6.695977 2.075871 -4.099948
v 6.947266 3.806392 -4.212128
v -5.361623 2.524198 -6.013714
v -5.361623 1.011787 -6.013714
v 2.769153 7.686564 -6.479770
v 2.655217 7.670624 -6.519489
v 5.886177 7.674426 -5.782382
v 5.901275 7.874902 -5.948802
v 7.423069 7.740724 -5.751829
v 7.398919 7.607131 -5.709295
v -9.312571 7.483053 -5.624810
v -5.457808 -2.188094 -5.956625
v -6.669132 2.525478 -6.002642
v 1.278873 -2.578716 -3.940583
v 1.225881 -2.581007 -4.415078
v 1.259112 -2.443352 -5.227083
v 1.339216 -2.447610 -5.791573
v 1.473566 -2.831686 -7.267910
v 2.277146 -2.793851 -1.831109
v 2.152237 -2.723033 -2.115468
v 1.629409 -2.716762 -2.832703
v -3.312820 -2.942658 -7.778194
v -3.378079 -2.663773 -6.678294
v -3.840755 -2.608467 -4.281549
v -3.581751 -2.575535 -5.144041
v -3.369620 -2.556590 -5.734385
v -4.594893 -2.700744 -8.479538
v -4.498671 -2.423064 -7.117287
v -4.056808 -2.757413 -8.185184
v -2.311995 -2.643548 -3.482681
v 2.235016 2.284750 -5.719588
v 3.304416 -2.482976 -3.994158
v 4.897731 -2.508181 -4.483811
v 4.824508 -2.578132 -3.854886
v 4.870656 -2.727252 -1.818554
v 4.843382 -2.769293 -1.360318
v 4.827413 -2.824298 -1.127131
v 4.720982 -2.877736 -0.681612
v 4.711526 -2.789471 -5.445472
v 4.483779 -3.661912 0.275102
vt 0.998554 0.069750
vt 0.003476 0.070456
vt 0.114954 0.070368
vt 0.158990 0.070334
vt 0.269838 0.070247
vt 0.337211 0.070194
vt 0.437504 0.070115
vt 0.501765 0.070064
vt 0.540790 0.070034
vt 0.599143 0.069988
vt 0.677145 0.069926
vt 0.739319 0.069878
vt 0.912465 0.069818
vt 0.546637 0.374136
vt 0.501233 0.376772
vt 0.501112 0.327037
vt 0.544525 0.327099
vt 0.603346 0.328003
vt 0.680789 0.296815
vt 0.953921 0.495347
vt 0.481081 0.587470
vt 0.470388 0.434419
vt 0.259415 0.396106
vt 0.276372 0.450546
vt 0.083765 0.578827
vt 0.053436 0.478842
vt 0.407337 0.322550
vt 0.404496 0.377347
vt 0.422409 0.543505
vt 0.354813 0.541037
vt 0.326381 0.387181
vt 0.330006 0.344201
vt 0.261347 0.344864
vt 0.263414 0.339647
vt 0.106948 0.120796
vt 0.007604 0.178745
vt 0.085020 0.134845
vt 0.059661 0.334003
vt 0.028513 0.285839
vt 0.049921 0.336258
vt 0.037916 0.444299
vt 0.098764 0.444417
vt 0.123766 0.365264
vt 0.138203 0.417029
vt 0.131256 0.421264
vt 0.132259 0.395600
vt 0.160477 0.403449
vt 0.170379 0.299757
vt 0.182143 0.283498
vt 0.220247 0.367010
vt 0.227161 0.279786
vt 0.224760 0.310074
vt 0.194814 0.282454
vt 0.266707 0.129478
vt 0.333695 0.134776
vt 0.265375 0.154665
vt 0.285420 0.130958
vt 0.301562 0.132235
vt 0.331710 0.171242
vt 0.314209 0.336619
vt 0.326904 0.165023
vt 0.437983 0.151821
vt 0.501610 0.159020
vt 0.438110 0.173572
vt 0.454972 0.153743
vt 0.478291 0.156382
vt 0.501578 0.177574
vt 0.542372 0.152289
vt 0.600713 0.154843
vt 0.601266 0.184700
vt 0.581457 0.154000
vt 0.564825 0.153272
vt 0.542679 0.168269
vt 0.680775 0.136738
vt 0.742623 0.135039
vt 0.701679 0.136164
vt 0.718916 0.135690
vt 0.743372 0.149794
vt 0.786518 0.380069
vt 0.780700 0.274315
vt 0.849395 0.420334
vt 0.836191 0.272213
vt 0.781697 0.296776
vt 0.801496 0.273527
vt 0.820727 0.272799
vt 0.837239 0.285149
vt 0.677855 0.399867
vt 0.654764 0.742223
vt 0.649995 0.590404
vt 0.643268 0.590210
vt 0.708092 0.740166
vt 0.765783 0.598228
vt 0.762280 0.597401
vt 0.757227 0.508638
vt 0.946635 0.545302
vt 0.793754 0.510176
vt 0.773851 0.496425
vt 0.778778 0.555666
vt 0.902085 0.355316
vt 0.913151 0.463171
vt 0.886937 0.365172
vt 0.884541 0.415647
vt 0.882115 0.443981
vt 0.949764 0.466075
vt 0.939519 0.356741
vt 0.952255 0.357871
vt 0.862413 0.148427
vt 0.929045 0.138809
vt 0.871533 0.180031
vt 0.906363 0.142300
vt 0.931413 0.161104
vt 0.366521 0.584626
vt 0.358862 0.731783
vt 0.371647 0.750179
vt 0.201204 0.504953
vt 0.152976 0.523927
vt 0.229498 0.485815
vt 0.233186 0.597532
vt 0.236837 0.597552
vt 0.249172 0.350112
vt 0.271985 0.453225
vt 0.258043 0.396287
vt 0.358041 0.503311
vt 0.352234 0.460472
vt 0.416751 0.496019
vt 0.372241 0.495214
vt 0.381279 0.495378
vt 0.384634 0.405899
vt 0.368428 0.330372
vt 0.361346 0.331381
vt 0.432235 0.289064
vt 0.362903 0.289913
vt 0.333865 0.335297
vt 0.332413 0.349557
vt 0.336726 0.289368
vt 0.366570 0.369342
vt 0.403560 0.363369
vt 0.377644 0.367554
vt 0.382815 0.454402
vt 0.411805 0.454517
vt 0.652683 0.548605
vt 0.641656 0.390818
vt 0.649477 0.504296
vt 0.641277 0.504454
vt 0.639036 0.420039
vt 0.655376 0.346720
vt 0.658985 0.335012
vt 0.689268 0.293039
vt 0.602898 0.272926
vt 0.686569 0.296882
vt 0.677612 0.290325
vt 0.676393 0.395032
vt 0.692116 0.345454
vt 0.656760 0.398971
vt 0.828780 0.834360
vt 0.848585 0.832761
vt 0.798742 0.863218
vt 0.807056 0.888812
vt 0.837439 0.844583
vt 0.869502 0.849650
vt 0.311344 0.729022
vt 0.333320 0.813993
vt 0.302288 0.742574
vt 0.334313 0.767436
vt 0.371153 0.767756
vt 0.350703 0.792749
vt 0.316597 0.785001
vt 0.146216 0.816678
vt 0.138993 0.922711
vt 0.115144 0.847716
vt 0.132322 0.814398
vt 0.954194 0.512381
vt 0.656380 0.375474
vt 0.602311 0.373819
vt 0.624712 0.383396
vt 0.612844 0.373829
vt 0.617118 0.326640
vt 0.643180 0.374824
vt 0.151544 0.139570
vt 0.127920 0.129124
vt 0.147721 0.162382
vt 0.677708 0.782055
vt 0.647158 0.752013
vt 0.808833 0.394360
vt 0.833305 0.410030
vt 0.687599 0.262319
vt 0.707955 0.243147
vt 0.749041 0.261578
vt 0.881026 0.278360
vt 0.899715 0.249278
vt 0.929283 0.248188
vt 0.942663 0.267061
vt 0.565681 0.324934
vt 0.586683 0.325969
vt 0.477833 0.322705
vt 0.452531 0.322343
vt 0.291411 0.335893
vt 0.268600 0.335167
vt 0.105225 0.329804
vt 0.078240 0.332091
vt 0.173872 0.395283
vt 0.187350 0.387066
vt 0.129449 0.549692
vt 0.818039 0.914434
vt 0.838060 0.893354
vt 0.855893 0.908542
vt 0.833794 0.945786
vt 0.838704 0.943869
vt 0.842805 0.945960
vt 0.838216 0.949500
vt 0.704585 0.743671
vt 0.708823 0.752601
vt 0.710575 0.760101
vt 0.710524 0.776002
vt 0.704973 0.797515
vt 0.698653 0.811829
vt 0.689333 0.822357
vt 0.679285 0.825378
vt 0.670195 0.824241
vt 0.661742 0.817054
vt 0.654644 0.805115
vt 0.647247 0.781160
vt 0.644742 0.762318
vt 0.344513 0.814793
vt 0.359641 0.803922
vt 0.370802 0.780252
vt 0.330084 0.813762
vt 0.311080 0.792376
vt 0.300868 0.757733
vt 0.325384 0.800234
vt 0.321167 0.803727
vt 0.350124 0.810761
vt 0.342546 0.802718
vt 0.371837 0.743392
vt 0.376019 0.758714
vt 0.335359 0.725082
vt 0.184884 0.841485
vt 0.143930 0.925504
vt 0.138697 0.927069
vt 0.126178 0.891603
vt 0.111112 0.829835
vt 0.111782 0.823933
vt 0.146783 0.811849
vt 0.134833 0.810038
vt 0.115600 0.817513
vt 0.170129 0.825733
vt 0.181650 0.837593
vt 0.134388 0.921365
vt 0.601864 0.502866
vt 0.308058 0.728990
vt 0.117287 0.821849
vt 0.114231 0.826323
vt 0.145214 0.831378
vt 0.169110 0.837625
vt 0.134588 0.877763
vt 0.141249 0.889601
vt 0.155714 0.906088
vt 0.265035 0.161104
vt 0.221250 0.557534
vt 0.219721 0.556293
vt 0.621709 0.341084
vt 0.687425 0.323618
vt 0.714404 0.347149
vt 0.735323 0.350242
vt 0.744584 0.406497
vt 0.745990 0.353437
vt 0.910862 0.355119
vt 0.253147 0.307755
vt 0.133905 0.303601
vt 0.005844 0.132574
vt 0.998459 0.112663
vt 0.998373 0.151649
vt 0.876514 0.156832
vt 0.888218 0.147759
vt 0.894941 0.143892
vt 0.916160 0.109007
vt 0.884801 0.132007
vt 0.894878 0.124616
vt 0.890234 0.069835
vt 0.919515 0.144588
vt 0.925404 0.151160
vt 0.936503 0.258371
vt 0.945887 0.357306
vt 0.818028 0.069892
vt 0.942134 0.069795
vt 0.922603 0.123908
vt 0.799987 0.166641
vt 0.802463 0.141771
vt 0.830137 0.175554
vt 0.381532 0.172333
vt 0.385839 0.143299
vt 0.387357 0.070154
vt 0.317651 0.290086
vt 0.205864 0.375779
vt 0.214708 0.293869
vt 0.199895 0.156931
vt 0.202621 0.135094
vt 0.197661 0.070303
vt 0.140155 0.245481
vt 0.258467 0.237878
vt 0.010388 0.251764
vt 0.068439 0.258007
vt 0.997922 0.355703
vt 0.944924 0.288357
vt 0.998083 0.282873
vt 0.624021 0.408146
vt 0.650035 0.774343
vt 0.677163 0.762292
vt 0.692126 0.765786
vt 0.658706 0.800952
vt 0.664450 0.809277
vt 0.671876 0.814448
vt 0.678676 0.817146
vt 0.687535 0.815082
vt 0.695560 0.807337
vt 0.700348 0.795627
vt 0.704004 0.772630
vt 0.658705 0.767521
vt 0.667500 0.791503
vt 0.674792 0.798252
vt 0.682621 0.798569
vt 0.687996 0.796626
vt 0.689874 0.789348
vt 0.705667 0.753936
vt 0.539682 0.324891
vt 0.537232 0.184596
vt 0.547618 0.159550
vt 0.550685 0.325075
vt 0.561184 0.070018
vt 0.559471 0.138875
vt 0.600374 0.136533
vt 0.617367 0.151077
vt 0.624659 0.177297
vt 0.583955 0.137473
vt 0.554373 0.155716
vt 0.556282 0.325022
vt 0.595234 0.325888
vt 0.594237 0.164889
vt 0.690430 0.149301
vt 0.703061 0.346003
vt 0.696408 0.248432
vt 0.682312 0.165025
vt 0.686211 0.154227
vt 0.692003 0.255376
vt 0.697276 0.345645
vt 0.682293 0.164669
vt 0.663691 0.140601
vt 0.638144 0.069957
vt 0.708232 0.069902
vt 0.763481 0.069858
vt 0.743833 0.352525
vt 0.753263 0.349667
vt 0.726104 0.239466
vt 0.739872 0.245944
vt 0.737169 0.141882
vt 0.702857 0.124251
vt 0.716729 0.122223
vt 0.760360 0.137008
vt 0.751054 0.303541
vt 0.797676 0.387214
vt 0.788426 0.283561
vt 0.747582 0.235092
vt 0.886840 0.274738
vt 0.896599 0.354857
vt 0.916517 0.248658
vt 0.927541 0.356285
vt 0.870139 0.241490
vt 0.874470 0.279814
vt 0.842599 0.415982
vt 0.831808 0.277908
vt 0.808833 0.394360
vt 0.766309 0.369657
vt 0.976179 0.468082
vt 0.754479 0.414166
vt 0.781697 0.296776
vt 0.751054 0.303541
vt 0.677855 0.399867
vt 0.677855 0.399867
vt 0.676195 0.345195
vt 0.949764 0.466075
vt 0.902085 0.355316
vt 0.668451 0.395608
vt 0.781697 0.296776
vt 0.781697 0.296776
vt 0.788426 0.283561
vt 0.797676 0.387214
vt 0.749041 0.261578
vt 0.964991 0.359002
vt 0.675956 0.341110
vt 0.939519 0.356741
vt 0.773851 0.496425
vt 0.649477 0.504296
vt 0.652683 0.548605
vt 0.949764 0.466075
vt 0.778778 0.555666
vt 0.939519 0.356741
vt 0.780700 0.274315
vt 0.780700 0.274315
vt 0.780700 0.274315
vt 0.747694 0.235015
vt 0.743372 0.149794
vt 0.743372 0.149794
vt 0.743372 0.149794
vt 0.788426 0.283561
vt 0.788426 0.283561
vt 0.801496 0.273527
vt 0.801496 0.273527
vt 0.737169 0.141882
vt 0.739872 0.245944
vt 0.739872 0.245944
vt 0.739872 0.245944
vt 0.743833 0.352525
vt 0.682398 0.323939
vt 0.676025 0.336910
vt 0.676025 0.336910
vt 0.778778 0.555666
vt 0.598313 0.546920
vt 0.649477 0.504296
vt 0.686112 0.294395
vt 0.762280 0.597401
vt 0.755226 0.350607
vt 0.956509 0.492325
vt 0.711856 0.552340
vt 0.708427 0.552124
vt 0.714198 0.542628
vt 0.712906 0.539954
vt 0.405829 0.404366
vt 0.249172 0.350112
vt 0.261347 0.344864
vt 0.320759 0.744767
vt 0.334778 0.745635
vt 0.347908 0.747691
vt 0.372820 0.771917
vt 0.333659 0.798120
vt 0.333446 0.808073
vt 0.326333 0.775348
vt 0.341757 0.778933
vt 0.308065 0.732287
vt 0.827346 0.904266
vt 0.820898 0.867300
vt 0.847791 0.901641
vt 0.855250 0.861972
vt 0.865054 0.842175
vt 0.865054 0.842175
vt 0.866981 0.872151
vt 0.862111 0.668234
vt 0.837674 0.863014
vt 0.524069 0.172482
vt 0.489582 0.322586
vt 0.445751 0.322412
vt 0.493744 0.165866
vt 0.444456 0.160774
vt 0.453329 0.147178
vt 0.482055 0.147747
vt 0.404451 0.070141
vt 0.169150 0.312629
vt 0.161341 0.300709
vt 0.167303 0.278771
vt 0.179110 0.271903
vt 0.195286 0.270793
vt 0.236391 0.309124
vt 0.222504 0.338542
vt 0.167044 0.399446
vt 0.174033 0.290014
vt 0.118604 0.344192
vt 0.142711 0.145485
vt 0.004579 0.099373
vt 0.069320 0.332401
vt 0.088449 0.128891
vt 0.136058 0.266146
vt 0.129129 0.249570
vt 0.115552 0.233379
vt 0.091804 0.223722
vt 0.078253 0.228828
vt 0.071409 0.239307
vt 0.110168 0.337724
vt 0.059846 0.332712
vt 0.303840 0.336289
vt 0.320675 0.147104
vt 0.271301 0.138255
vt 0.379479 0.584926
vt 0.694201 0.749996
vt 0.676732 0.749479
vt 0.656377 0.752580
vt 0.648390 0.761671
vt 0.645823 0.769149
vt 0.654402 0.741068
vt 0.691834 0.742739
vt 0.677072 0.742376
vt 0.656646 0.746239
vt 0.704122 0.744919
vt 0.648103 0.753130
vt 0.648373 0.750090
vt 0.481507 0.434339
vt 0.478219 0.546512
vt 0.481294 0.510904
vt 0.481187 0.549187
vt 0.121330 0.842078
vt 0.131219 0.883307
vt 0.170341 0.879859
vt 0.163727 0.868978
vt 0.157234 0.864241
vt 0.143383 0.858267
vt 0.132463 0.855377
vt 0.125595 0.859860
vt 0.119009 0.865617
vt 0.130546 0.834180
vt 0.176501 0.851475
vt 0.179309 0.858471
vt 0.146282 0.881616
vt 0.130960 0.908938
vt 0.139963 0.908479
vt 0.149305 0.916648
vt 0.152095 0.887891
vt 0.309619 0.730740
vt 0.169835 0.821347
vt 0.119376 0.814366
vt 0.181460 0.832069
vt 0.135548 0.553004
vt 0.133478 0.543711
vt 0.139295 0.547390
vt 0.146252 0.543569
vt 0.252987 0.399495
vt 0.266982 0.456573
vt 0.253385 0.371637
vt 0.266611 0.455058
vt 0.059110 0.524847
vt 0.083593 0.577034
vt 0.307483 0.780172
vt 0.316277 0.798224
vt 0.325978 0.809141
vt 0.364932 0.792700
vt 0.354120 0.807889
vt 0.374707 0.764127
vt 0.379236 0.589967
vt 0.371105 0.584732
vt 0.643438 0.597269
vt 0.647200 0.590323
vt 0.688689 0.365543
vt 0.736385 0.365543
vt 0.735882 0.392073
vt 0.688974 0.392073
vt 0.530887 0.344262
vt 0.562704 0.344262
vt 0.561986 0.376370
vt 0.532426 0.373788
vt 0.080277 0.568924
vt 0.066298 0.527329
vt 0.238134 0.418207
vt 0.249283 0.455825
vt 0.511178 0.400071
vt 0.530224 0.400071
vt 0.531074 0.411877
vt 0.521021 0.405913
vt 0.514645 0.400071
vt 0.524096 0.400071
vt 0.519750 0.419929
vt 0.511178 0.419280
vt 0.511973 0.399482
vt 0.532413 0.399482
vt 0.532746 0.414362
vt 0.523132 0.407475
vt 0.511973 0.399482
vt 0.530218 0.399482
vt 0.530063 0.420216
vt 0.521154 0.410005
vt 0.440038 0.436740
vt 0.440157 0.377225
vt 0.556207 0.376547
vt 0.562762 0.436944
vt 0.538800 0.381951
vt 0.572240 0.384928
vt 0.571944 0.427365
vt 0.539649 0.424645
vt 0.511973 0.399482
vt 0.521956 0.399482
vt 0.519986 0.420216
vt 0.517275 0.413201
vt 0.511973 0.399482
vt 0.520086 0.399482
vt 0.518826 0.420216
vt 0.517026 0.414768
vt 0.521111 0.399482
vt 0.532320 0.399482
vt 0.532746 0.401722
vt 0.511973 0.405424
vt 0.050322 0.473840
vt 0.093554 0.444283
vt 0.099317 0.439240
vt 0.038749 0.133518
vt 0.043736 0.113154
vt 0.062045 0.098950
vt 0.111276 0.093538
vt 0.155474 0.103032
vt 0.199876 0.099238
vt 0.268408 0.097301
vt 0.335675 0.098412
vt 0.386609 0.106193
vt 0.421137 0.110785
vt 0.445309 0.108122
vt 0.490875 0.112985
vt 0.501683 0.116890
vt 0.541691 0.116878
vt 0.560203 0.109458
vt 0.589651 0.112162
vt 0.599944 0.113274
vt 0.652955 0.110913
vt 0.679239 0.108458
vt 0.704846 0.104135
vt 0.713815 0.104280
vt 0.741205 0.107070
vt 0.751660 0.106799
vt 0.781141 0.112788
vt 0.808091 0.115780
vt 0.846427 0.120140
vt 0.893013 0.102613
vt 0.914655 0.093048
vt 0.925758 0.094518
vt 0.950088 0.104309
vt 0.538611 0.263541
vt 0.501447 0.255046
vt 0.324207 0.201467
vt 0.333194 0.206194
vt 0.373359 0.223920
vt 0.407337 0.322550
vt 0.259415 0.396106
vt 0.051694 0.476851
vt 0.131256 0.421264
vt 0.132259 0.395600
vt 0.263414 0.339647
vt 0.885742 0.444639
vt 0.964991 0.359002
vt 0.976179 0.468082
vt 0.939519 0.356741
vt 0.358041 0.494957
vt 0.330006 0.335846
vt 0.333865 0.335297
vt 0.332413 0.349557
vt 0.333865 0.335297
vt 0.330006 0.335846
vt 0.358041 0.494957
vt 0.676195 0.345195
vt 0.668451 0.395608
vt 0.802992 0.849052
vt 0.611593 0.328945
vt 0.623454 0.365739
vt 0.658964 0.449169
vt 0.649477 0.504296
vt 0.438971 0.322480
vt 0.263414 0.339647
vt 0.623454 0.365739
vt 0.679151 0.293927
vt 0.952255 0.357871
vt 0.330006 0.335846
vt 0.942663 0.267061
vt 0.545623 0.325123
vt 0.545623 0.325123
vt 0.603786 0.325807
vt 0.786518 0.380069
vt 0.849395 0.420334
vt 0.802992 0.849052
vt 0.501332 0.325500
vt 0.160477 0.403449
vt 0.249172 0.350112
vt 0.220247 0.367010
vt 0.123766 0.365264
vt 0.314209 0.336619
vt 0.687599 0.262319
vt 0.249172 0.350112
vt 0.258043 0.396287
vt 0.271985 0.453225
vt 0.258043 0.396287
vt 0.249172 0.350112
vt 0.049921 0.336258
vt 0.132259 0.395600
vt 0.520734 0.337916
vt 0.522867 0.337916
vt 0.524617 0.364098
vt 0.522379 0.349005
vt 0.523086 0.337916
vt 0.533973 0.337916
vt 0.526865 0.364098
vt 0.520734 0.356429
vt 0.520734 0.337916
vt 0.526180 0.337916
vt 0.529879 0.362594
vt 0.525800 0.364098
vt 0.592956 0.416891
vt 0.567978 0.416891
vt 0.594058 0.403511
vt 0.571213 0.415231
vt 0.594058 0.416891
vt 0.588208 0.416891
vt 0.582906 0.390861
vt 0.585028 0.395814
vt 0.466673 0.342624
vt 0.477409 0.342624
vt 0.463834 0.362847
vt 0.470461 0.352976
vt 0.468266 0.342624
vt 0.470769 0.342624
vt 0.463834 0.362847
vt 0.465943 0.356696
vt 0.955026 0.505405
vt 0.929098 0.473401
vt 0.859719 0.668011
vt 0.857628 0.647617
vt 0.758824 0.388465
vt 0.770815 0.388465
vt 0.769939 0.409199
vt 0.764794 0.399601
vt 0.853320 0.627806
vt 0.660135 0.651662
vt 0.681413 0.651662
vt 0.682712 0.681211
vt 0.675591 0.671891
vt 0.660135 0.651662
vt 0.689741 0.651662
vt 0.662766 0.673952
vt 0.661895 0.666575
vt 0.678612 0.450844
vt 0.717217 0.450844
vt 0.717217 0.489374
vt 0.678612 0.489374
vt 0.751629 0.443670
vt 0.772403 0.443670
vt 0.772403 0.464403
vt 0.751629 0.464403
vt 0.751629 0.443670
vt 0.771104 0.443670
vt 0.772403 0.462328
vt 0.751629 0.443670
vt 0.759214 0.443670
vt 0.772403 0.461953
vt 0.753555 0.464099
vt 0.751629 0.443670
vt 0.772403 0.443670
vt 0.772403 0.464403
vt 0.751629 0.464403
vt 0.751629 0.443670
vt 0.753810 0.443670
vt 0.755850 0.464403
vt 0.751677 0.464322
vt 0.751629 0.443670
vt 0.753310 0.443670
vt 0.752527 0.464403
vt 0.752840 0.456111
vt 0.751629 0.443670
vt 0.766086 0.443670
vt 0.772403 0.455353
vt 0.762215 0.449624
vt 0.809402 0.472784
vt 0.830176 0.472784
vt 0.830176 0.493517
vt 0.809402 0.493517
vt 0.809402 0.472784
vt 0.830176 0.472784
vt 0.830176 0.493517
vt 0.809402 0.493517
vt 0.863099 0.515987
vt 0.887130 0.515987
vt 0.889915 0.542797
vt 0.866691 0.543039
vt 0.669967 0.506215
vt 0.699903 0.506215
vt 0.664032 0.544745
vt 0.675218 0.532730
vt 0.664032 0.506215
vt 0.702637 0.506215
vt 0.692367 0.538711
vt 0.677999 0.522233
vt 0.784445 0.504102
vt 0.888607 0.530203
vt 0.865317 0.532686
vt 0.460430 0.372853
vt 0.461657 0.324248
vt 0.677701 0.290265
vt 0.687239 0.290046
vt 0.646079 0.504362
vt 0.570228 0.457412
vt 0.573194 0.457412
vt 0.573609 0.475685
vt 0.572982 0.472294
vt 0.568658 0.492725
vt 0.585326 0.492725
vt 0.584177 0.502491
vt 0.570145 0.502112
vt 0.569454 0.492725
vt 0.585326 0.492725
vt 0.584551 0.502253
vt 0.568658 0.502298
vt 0.474583 0.354183
vt 0.488816 0.354183
vt 0.488735 0.357700
vt 0.474694 0.357220
vt 0.477222 0.354183
vt 0.488816 0.354183
vt 0.485931 0.362865
vt 0.474583 0.361848
vt 0.476593 0.354183
vt 0.488816 0.354183
vt 0.488770 0.362377
vt 0.474583 0.362393
vt 0.474614 0.354183
vt 0.488816 0.354183
vt 0.488393 0.358510
vt 0.474583 0.357887
vt 0.474727 0.354183
vt 0.488816 0.354183
vt 0.488604 0.358101
vt 0.474583 0.357804
vt 0.474984 0.354183
vt 0.488816 0.354183
vt 0.488549 0.357723
vt 0.474583 0.357753
vt 0.474701 0.354183
vt 0.488816 0.354183
vt 0.488816 0.358256
vt 0.474583 0.358679
vt 0.474583 0.354183
vt 0.488495 0.354183
vt 0.488816 0.362126
vt 0.475426 0.362006
vt 0.474583 0.354183
vt 0.488816 0.354183
vt 0.488643 0.360589
vt 0.474901 0.360379
vt 0.481340 0.397682
vt 0.493976 0.397682
vt 0.493976 0.410294
vt 0.481340 0.410294
vt 0.484369 0.397682
vt 0.493976 0.397682
vt 0.492722 0.402115
vt 0.481340 0.401785
vt 0.481340 0.397682
vt 0.487963 0.397682
vt 0.487745 0.410294
vt 0.483110 0.409592
vt 0.481340 0.397682
vt 0.493976 0.397682
vt 0.493976 0.410294
vt 0.481340 0.410294
vt 0.481340 0.397682
vt 0.493976 0.397682
vt 0.488451 0.401133
vt 0.481560 0.400906
vt 0.436370 0.476563
vt 0.457143 0.476563
vt 0.457143 0.497296
vt 0.436370 0.497296
vt 0.435528 0.474189
vt 0.456301 0.474189
vt 0.456301 0.494922
vt 0.435528 0.494922
vt 0.438703 0.479735
vt 0.459477 0.479735
vt 0.459477 0.500469
vt 0.438703 0.500469
vt 0.681831 0.824613
vt 0.676675 0.825052
vt 0.799251 0.858292
vt 0.800277 0.870740
vt 0.868910 0.854932
vt 0.867808 0.846803
vt 0.184116 0.843824
vt 0.369062 0.368940
vt 0.359567 0.472477
vt 0.483377 0.401844
vt 0.644665 0.332149
vt 0.643754 0.344774
vt 0.636465 0.371732
vt 0.635794 0.388250
vt 0.633862 0.415942
vt 0.636465 0.371731
vt 0.657956 0.170002
vt 0.646993 0.224969
vt 0.647149 0.283231
vt 0.392786 0.405309
vt 0.393201 0.454443
vt 0.389560 0.289587
vt 0.383215 0.326815
vt 0.387120 0.366024
vt 0.384202 0.454407
vt 0.387754 0.405673
vt 0.387979 0.454423
vt 0.527091 0.301891
vt 0.436245 0.210232
vt 0.414372 0.226774
vt 0.609642 0.298401
vt 0.601924 0.220289
vt 0.601553 0.200217
vt 0.655376 0.346720
vt 0.655376 0.346720
vt 0.771060 0.299124
vt 0.771396 0.263296
vt 0.771508 0.263219
vt 0.768225 0.157141
vt 0.768225 0.157142
vt 0.766753 0.137717
vt 0.768819 0.127170
vt 0.768847 0.110233
vt 0.771769 0.366183
vt 0.771060 0.299124
vt 0.768751 0.069854
vt 0.768736 0.110309
vt 0.768640 0.069931
vt 0.768708 0.127246
vt 0.766641 0.137794
vt 0.768114 0.157218
vt 0.768114 0.157218
vt 0.771396 0.263296
vt 0.771396 0.263296
vt 0.771060 0.299124
vt 0.771060 0.299124
vt 0.771769 0.366183
vn 0.063334 0.921339 -0.383567
vn 0.063334 0.921339 -0.383567
vn 0.063334 0.921339 -0.383567
vn 0.999995 -0.002793 -0.001146
vn 0.999999 -0.000980 -0.001465
vn 0.999999 -0.000980 -0.001465
vn 0.999998 0.000833 -0.001783
vn 0.000000 -0.000001 1.000000
vn -0.000000 -0.000000 1.000000
vn -0.000000 -0.000000 1.000000
vn -0.000001 0.000001 1.000000
vn -0.000000 0.000001 1.000000
vn -0.000000 0.000000 1.000000
vn -0.000000 0.000000 1.000000
vn 0.000000 0.000000 1.000000
vn -0.000000 0.000000 1.000000
vn 0.000000 -0.000000 1.000000
vn 0.000000 -0.000000 1.000000
vn 0.000000 -0.000001 1.000000
vn -0.000001 0.000001 1.000000
vn -0.000001 0.000001 1.000000
vn -0.000001 0.000001 1.000000
vn -0.000001 0.000001 1.000000
vn -0.000046 1.000000 0.000012
vn -0.000122 1.000000 -0.000075
vn -0.000122 1.000000 -0.000075
vn -0.000199 1.000000 -0.000163
vn 0.012757 -0.000056 0.999919
vn 0.006403 0.014882 0.999869
vn 0.006403 0.014882 0.999869
vn 0.000046 0.029815 0.999555
vn -0.150227 0.972446 0.178273
vn -0.150227 0.972446 0.178273
vn -0.150227 0.972446 0.178273
vn 0.039170 -0.033679 0.998665
vn -0.029759 -0.028467 0.999152
vn -0.029759 -0.028467 0.999152
vn -0.098546 -0.023118 0.994864
vn 0.739209 -0.016932 0.673264
vn 0.654286 -0.016782 0.756061
vn 0.654286 -0.016782 0.756061
vn 0.560160 -0.016396 0.828222
vn -0.588838 0.808250 0.001594
vn -0.051472 0.946450 -0.318722
vn -0.051472 0.946450 -0.318722
vn 0.507021 0.696167 -0.508214
vn -0.998607 -0.022256 0.047849
vn -0.996586 -0.033052 0.075651
vn -0.996586 -0.033052 0.075651
vn -0.993676 -0.043819 0.103386
vn 0.999999 -0.001598 -0.000021
vn 0.999999 -0.001598 -0.000021
vn 0.999999 -0.001598 -0.000021
vn -0.937642 0.273294 0.214796
vn -0.652317 0.232966 0.721255
vn -0.652317 0.232966 0.721255
vn -0.145506 0.113537 0.982821
vn -0.000000 -0.000000 1.000000
vn -0.000000 0.000000 1.000000
vn -0.000000 0.000000 1.000000
vn -0.000001 0.000000 1.000000
vn 0.000002 -0.000008 1.000000
vn -0.000001 -0.000002 1.000000
vn -0.000001 -0.000002 1.000000
vn -0.000005 0.000004 1.000000
vn -0.303327 0.952815 0.011692
vn -0.270075 0.961118 0.057551
vn -0.313597 0.949022 0.031858
vn -0.318698 0.946926 0.041991
vn -0.397962 0.917190 -0.019701
vn 0.000352 0.999928 0.011989
vn 0.000962 0.999950 0.009959
vn 0.000962 0.999950 0.009959
vn 0.001571 0.999967 0.007930
vn 0.518750 0.849673 0.094627
vn 0.518750 0.849673 0.094627
vn 0.518750 0.849673 0.094627
vn 0.543182 0.000957 0.839614
vn 0.670132 0.029500 0.741655
vn 0.670132 0.029500 0.741655
vn 0.779306 0.057260 0.624022
vn 0.952877 0.263696 -0.149965
vn 0.990069 0.135555 -0.037261
vn 0.990069 0.135555 -0.037261
vn 0.997058 0.003278 0.076578
vn -0.735829 -0.070082 0.673531
vn -0.887953 -0.066408 0.455115
vn -0.887953 -0.066408 0.455115
vn -0.977156 -0.058027 0.204450
vn -0.740002 -0.022403 0.672232
vn -0.793527 -0.018712 0.608247
vn -0.793527 -0.018712 0.608247
vn -0.841519 -0.014890 0.540021
vn -0.012278 0.997934 -0.063071
vn -0.001618 0.997167 -0.075202
vn 0.000250 0.997618 -0.068975
vn 0.004209 0.996631 -0.081913
vn -0.000075 0.996344 -0.085433
vn 0.005204 0.996518 -0.083219
vn 0.058610 -0.003321 0.998275
vn 0.277690 -0.007782 0.960639
vn 0.277690 -0.007782 0.960639
vn 0.483043 -0.011858 0.875516
vn 0.032960 0.997967 0.054556
vn 0.034699 0.997983 0.053166
vn 0.034699 0.997983 0.053166
vn 0.036438 0.997994 0.051775
vn -0.057106 0.996764 -0.056566
vn -0.045318 0.997780 -0.048804
vn -0.045318 0.997780 -0.048804
vn -0.033521 0.998595 -0.041032
vn -0.000351 0.999967 -0.008095
vn -0.004059 0.999910 -0.012750
vn -0.004059 0.999910 -0.012750
vn -0.007767 0.999818 -0.017405
vn 0.018894 0.999766 0.010570
vn 0.025037 0.999616 -0.011892
vn 0.025037 0.999616 -0.011892
vn 0.031165 0.998924 -0.034348
vn 0.108927 0.717052 0.688456
vn 0.108927 0.717052 0.688456
vn 0.108927 0.717052 0.688456
vn -0.974664 0.223675 -0.000644
vn -0.974664 0.223675 -0.000644
vn -0.974664 0.223675 -0.000644
vn 0.118829 -0.024123 0.992622
vn 0.142049 -0.007944 0.989828
vn 0.142049 -0.007944 0.989828
vn 0.165155 0.008241 0.986233
vn -0.999993 0.003770 0.000547
vn -0.999992 0.003824 0.000621
vn -0.999992 0.003824 0.000621
vn -0.999992 0.003877 0.000695
vn -0.999999 -0.001063 0.000506
vn -0.999999 -0.000552 0.000936
vn -0.999999 -0.000552 0.000936
vn -0.999999 -0.000040 0.001366
vn 0.000053 -0.048026 0.998846
vn 0.017543 -0.056144 0.998269
vn 0.017543 -0.056144 0.998269
vn 0.035026 -0.064242 0.997320
vn 0.000465 -0.048025 0.998846
vn 0.010276 -0.044641 0.998950
vn 0.010276 -0.044641 0.998950
vn 0.020085 -0.041251 0.998947
vn -0.855339 -0.036695 0.516768
vn -0.763898 -0.073683 0.641117
vn -0.763898 -0.073683 0.641117
vn -0.653213 -0.108815 0.749314
vn 0.472778 0.688094 -0.550462
vn 0.544882 0.690659 -0.475493
vn 0.482474 0.754628 -0.444697
vn 0.345460 0.861737 -0.371573
vn 0.484496 0.783810 -0.388465
vn 0.578981 0.001333 0.815340
vn 0.565995 0.002795 0.824404
vn 0.565995 0.002795 0.824404
vn 0.552866 0.004255 0.833260
vn 0.454376 0.787184 0.416994
vn 0.365441 0.807352 0.463288
vn 0.365441 0.807352 0.463288
vn 0.272684 0.819075 0.504737
vn -0.799652 0.391852 0.454982
vn -0.799652 0.391852 0.454982
vn -0.799652 0.391852 0.454982
vn 0.022770 -0.196925 0.980154
vn 0.022770 -0.196925 0.980154
vn 0.022770 -0.196925 0.980154
vn 0.164296 0.975821 0.144152
vn 0.086022 0.983694 0.157946
vn 0.086022 0.983694 0.157946
vn 0.007199 0.985291 0.170732
vn 0.577081 0.581465 -0.573477
vn 0.571801 0.576292 -0.583893
vn 0.571801 0.576292 -0.583893
vn 0.566427 0.571026 -0.594214
vn 0.994473 0.088351 0.056724
vn 0.994473 0.088351 0.056724
vn 0.994473 0.088351 0.056724
vn 0.008456 -0.020624 0.999752
vn -0.063474 -0.012997 0.997899
vn -0.063474 -0.012997 0.997899
vn -0.135071 -0.005302 0.990822
vn 0.992333 0.078704 0.095299
vn 0.992333 0.078704 0.095299
vn 0.992333 0.078704 0.095299
vn -0.000046 -0.000234 1.000000
vn -0.000020 -0.000172 1.000000
vn -0.000020 -0.000172 1.000000
vn 0.000007 -0.000111 1.000000
vn -0.895311 -0.002463 0.445435
vn -0.880063 0.000620 0.474857
vn -0.880063 0.000620 0.474857
vn -0.863840 0.003701 0.503753
vn -0.998210 -0.053496 0.026731
vn -0.998210 -0.053496 0.026731
vn -0.998210 -0.053496 0.026731
vn -0.999999 0.000494 -0.001278
vn -0.999998 0.001913 -0.000886
vn -0.999998 0.001913 -0.000886
vn -0.999994 0.003332 -0.000495
vn -0.926364 0.294143 0.235224
vn -0.926364 0.294143 0.235224
vn -0.926364 0.294143 0.235224
vn -0.614565 0.316262 0.722695
vn -0.614565 0.316262 0.722695
vn -0.614565 0.316262 0.722695
vn 0.022491 0.126692 0.991687
vn -0.089224 0.168300 0.981689
vn -0.089224 0.168300 0.981689
vn -0.199663 0.207500 0.957642
vn 0.818308 0.419146 0.393305
vn 0.818669 0.373331 0.436353
vn 0.818669 0.373331 0.436353
vn 0.815795 0.326041 0.477678
vn -0.411595 0.643127 0.645737
vn -0.411595 0.643127 0.645737
vn -0.411595 0.643127 0.645737
vn -0.686930 0.183576 0.703155
vn -0.720593 0.308786 0.620803
vn -0.720593 0.308786 0.620803
vn -0.737256 0.426711 0.523805
vn 0.074616 0.404184 0.911629
vn 0.074616 0.404184 0.911629
vn 0.074616 0.404184 0.911629
vn -0.623008 0.367547 0.690485
vn -0.627738 0.383069 0.677646
vn -0.627738 0.383069 0.677646
vn -0.632199 0.398426 0.664516
vn 0.641533 0.426529 0.637581
vn 0.609891 0.352059 0.709991
vn 0.609891 0.352059 0.709991
vn 0.571059 0.273439 0.774030
vn 0.133650 0.000003 0.991029
vn 0.040549 -0.010746 0.999120
vn 0.040549 -0.010746 0.999120
vn -0.052911 -0.021400 0.998370
vn -0.119655 0.975488 -0.184680
vn -0.074303 0.950134 -0.302861
vn -0.050300 0.973324 -0.223852
vn -0.050977 0.931360 -0.360512
vn -0.120519 0.882966 -0.453703
vn -0.057784 0.998275 -0.010403
vn -0.057784 0.998275 -0.010403
vn -0.057784 0.998275 -0.010403
vn -0.208477 0.149850 0.966479
vn -0.231423 0.184289 0.955239
vn -0.231423 0.184289 0.955239
vn -0.253944 0.218389 0.942241
vn -0.816670 0.533838 0.219241
vn -0.845529 0.467798 0.257382
vn -0.845529 0.467798 0.257382
vn -0.868767 0.398647 0.293812
vn 0.824807 0.388391 0.410908
vn 0.791972 0.418311 0.444743
vn 0.791972 0.418311 0.444743
vn 0.756667 0.446928 0.477191
vn -0.956902 0.290406 0.001625
vn -0.927769 0.368210 0.060538
vn -0.927769 0.368210 0.060538
vn -0.889013 0.442196 0.118823
vn 0.322053 0.941478 -0.099501
vn -0.315882 0.722320 -0.615201
vn -0.315882 0.722320 -0.615201
vn -0.726086 -0.017585 -0.687379
vn 0.438004 0.009509 0.898923
vn 0.302832 0.014965 0.952926
vn 0.302832 0.014965 0.952926
vn 0.161236 0.020104 0.986711
vn 0.115811 0.028370 0.992866
vn 0.132795 0.030382 0.990678
vn 0.132795 0.030382 0.990678
vn 0.149739 0.032385 0.988195
vn -0.943912 -0.030850 0.328753
vn -0.397638 -0.010007 0.917488
vn -0.584527 -0.018864 0.811155
vn -0.032382 0.002733 0.999472
vn -0.051218 0.005514 0.998672
vn 0.431806 0.023859 0.901651
vn 0.507240 0.010894 0.861736
vn 0.507240 0.010894 0.861736
vn 0.578894 -0.002151 0.815400
vn 0.147519 -0.034748 0.988449
vn 0.124401 -0.033764 0.991657
vn 0.124401 -0.033764 0.991657
vn 0.101215 -0.032762 0.994325
vn 0.199286 -0.029224 0.979505
vn 0.390423 -0.032372 0.920066
vn 0.390423 -0.032372 0.920066
vn 0.565913 -0.034224 0.823754
vn 0.614552 0.024767 0.788488
vn 0.644443 0.023449 0.764293
vn 0.644443 0.023449 0.764293
vn 0.673380 0.022096 0.738967
vn -0.300972 -0.065847 0.951357
vn -0.460302 -0.061045 0.885661
vn -0.460302 -0.061045 0.885661
vn -0.605950 -0.054429 0.793638
vn 0.785959 0.012232 0.618158
vn 0.813635 0.020906 0.581000
vn 0.813635 0.020906 0.581000
vn 0.839504 0.029534 0.542550
vn 0.126998 -0.017814 0.991743
vn -0.015891 -0.001091 0.999873
vn -0.015891 -0.001091 0.999873
vn -0.158451 0.015654 0.987243
vn -0.036351 0.026443 0.998989
vn -0.115347 0.018218 0.993158
vn -0.115347 0.018218 0.993158
vn -0.193612 0.009877 0.981028
vn -0.928768 0.343265 0.139852
vn -0.898685 0.399758 0.180439
vn -0.898685 0.399758 0.180439
vn -0.863441 0.453954 0.219991
vn -0.724440 0.571822 0.384975
vn -0.749176 0.528558 0.399201
vn -0.749176 0.528558 0.399201
vn -0.771900 0.483874 0.412354
vn 0.659312 0.425955 0.619573
vn 0.654921 0.556064 0.511734
vn 0.654921 0.556064 0.511734
vn 0.631815 0.670282 0.389271
vn 0.798425 0.359819 0.482751
vn 0.789182 0.368995 0.490952
vn 0.789182 0.368995 0.490952
vn 0.779752 0.378084 0.499038
vn -0.315765 0.539697 0.780397
vn -0.397503 0.583428 0.708239
vn -0.397503 0.583428 0.708239
vn -0.473755 0.619108 0.626308
vn 0.778976 0.414959 0.470113
vn 0.778973 0.414948 0.470126
vn 0.778973 0.414948 0.470126
vn 0.778971 0.414937 0.470140
vn -0.406094 0.700360 0.587012
vn -0.406094 0.700360 0.587012
vn -0.406094 0.700360 0.587012
vn 0.697401 0.580830 0.419843
vn 0.569357 0.512655 0.642665
vn 0.569357 0.512655 0.642665
vn 0.401064 0.408238 0.820055
vn -0.191568 0.725745 0.660754
vn -0.191568 0.725745 0.660754
vn -0.191568 0.725745 0.660754
vn 0.215131 0.695289 0.685778
vn 0.215131 0.695289 0.685778
vn 0.215131 0.695289 0.685778
vn 0.622483 -0.366944 0.691280
vn 0.744204 -0.089868 0.661879
vn 0.744204 -0.089868 0.661879
vn 0.797123 0.195516 0.571286
vn -0.998666 0.030205 0.041876
vn -0.973261 -0.199314 0.114182
vn -0.973261 -0.199314 0.114182
vn -0.890869 -0.417162 0.179802
vn -0.591374 0.326026 0.737553
vn -0.591374 0.326026 0.737553
vn -0.591374 0.326026 0.737553
vn 0.814658 0.394424 0.425160
vn 0.792812 0.444800 0.416656
vn 0.792812 0.444800 0.416656
vn 0.768518 0.493802 0.406866
vn 0.696874 0.342635 0.630053
vn 0.696874 0.342635 0.630053
vn 0.696874 0.342635 0.630053
vn 0.649015 0.517537 0.557615
vn 0.649015 0.517537 0.557615
vn 0.649015 0.517537 0.557615
vn 0.962472 0.245229 0.116232
vn 0.962472 0.245229 0.116232
vn 0.962472 0.245229 0.116232
vn 0.939456 -0.324111 0.111242
vn 0.939456 -0.324111 0.111242
vn 0.939456 -0.324111 0.111242
vn 0.303374 0.243184 0.921317
vn 0.286008 0.223425 0.931816
vn 0.286008 0.223425 0.931816
vn 0.268413 0.203488 0.941566
vn -0.478147 0.457804 0.749528
vn -0.238144 0.229608 0.943699
vn -0.238144 0.229608 0.943699
vn 0.036955 -0.032426 0.998791
vn 0.031466 0.408659 0.912145
vn 0.031507 0.408528 0.912202
vn 0.031507 0.408528 0.912202
vn 0.031548 0.408397 0.912259
vn -0.514461 0.270133 0.813854
vn -0.528047 0.101451 0.843133
vn -0.528047 0.101451 0.843133
vn -0.526059 -0.070224 0.847544
vn 0.019765 0.414474 0.909847
vn 0.019765 0.414474 0.909847
vn 0.019765 0.414474 0.909847
vn 0.248758 0.407339 0.878746
vn 0.248758 0.407339 0.878746
vn 0.248758 0.407339 0.878746
vn 0.316886 0.168665 0.933346
vn 0.410243 0.386012 0.826254
vn 0.410243 0.386012 0.826254
vn 0.475940 0.577333 0.663452
vn -0.166684 0.985945 0.011346
vn -0.166684 0.985945 0.011346
vn -0.166684 0.985945 0.011346
vn 0.031737 0.401543 0.915290
vn 0.031737 0.401543 0.915290
vn 0.031737 0.401543 0.915290
vn -0.455507 0.532349 0.713525
vn -0.387844 0.666257 0.636930
vn -0.387844 0.666257 0.636930
vn -0.309175 0.781258 0.542261
vn 0.040773 0.068121 0.996844
vn -0.125914 0.262362 0.956719
vn -0.125914 0.262362 0.956719
vn -0.284149 0.438992 0.852376
vn 0.413154 0.057514 0.908843
vn 0.461845 0.187777 0.866856
vn 0.461845 0.187777 0.866856
vn 0.500789 0.314077 0.806577
vn -0.596336 0.406640 0.692118
vn -0.488282 0.208417 0.847433
vn -0.558358 0.230662 0.796888
vn -0.680692 0.268294 0.681672
vn -0.529267 0.135817 0.837514
vn 0.519678 0.254790 0.815486
vn 0.667395 0.130627 0.733158
vn 0.667395 0.130627 0.733158
vn 0.785737 0.000715 0.618560
vn 0.000809 0.995715 -0.092471
vn 0.000809 0.995715 -0.092471
vn 0.000809 0.995715 -0.092471
vn 0.928405 -0.348027 0.130157
vn 0.928405 -0.348027 0.130157
vn 0.928405 -0.348027 0.130157
vn 0.079567 0.033021 0.996282
vn -0.084151 0.003978 0.996445
vn -0.084151 0.003978 0.996445
vn -0.245542 -0.025174 0.969059
vn 0.000030 -0.000027 1.000000
vn 0.000017 -0.000008 1.000000
vn 0.000017 -0.000008 1.000000
vn 0.000003 0.000011 1.000000
vn -0.993677 -0.044070 0.103263
vn -0.996797 -0.032504 0.073077
vn -0.996797 -0.032504 0.073077
vn -0.998864 -0.020902 0.042814
vn 0.014646 -0.043357 0.998952
vn -0.000151 -0.041507 0.999138
vn -0.000151 -0.041507 0.999138
vn -0.014949 -0.039648 0.999102
vn -0.003984 0.999982 -0.004461
vn -0.003984 0.999982 -0.004461
vn -0.003984 0.999982 -0.004461
vn -0.135766 0.989606 -0.047409
vn -0.135766 0.989606 -0.047409
vn -0.135766 0.989606 -0.047409
vn -0.103158 0.994613 0.010144
vn -0.051643 0.998647 0.006126
vn -0.051643 0.998647 0.006126
vn 0.000011 0.999998 0.002092
vn -0.047223 0.994717 0.091150
vn -0.058981 0.994949 0.081233
vn -0.058981 0.994949 0.081233
vn -0.070724 0.994945 0.071297
vn -0.028482 0.997091 0.070700
vn -0.030938 0.997077 0.069858
vn -0.030938 0.997077 0.069858
vn -0.033394 0.997056 0.069017
vn -0.125802 0.991142 0.042551
vn -0.064788 0.997689 -0.020472
vn -0.064788 0.997689 -0.020472
vn -0.003273 0.996516 -0.083337
vn -0.012226 0.999923 0.002146
vn 0.035398 0.989589 0.139502
vn 0.035398 0.989589 0.139502
vn 0.082270 0.958234 0.273895
vn -0.926694 -0.032196 0.374435
vn -0.889157 -0.041053 0.455757
vn -0.889157 -0.041053 0.455757
vn -0.844417 -0.049577 0.533388
vn -0.197171 0.968364 -0.152956
vn -0.089099 0.994806 -0.049213
vn -0.089099 0.994806 -0.049213
vn 0.021035 0.998228 0.055669
vn 0.050745 0.963028 -0.264579
vn 0.050745 0.963028 -0.264579
vn 0.050745 0.963028 -0.264579
vn -0.211516 0.844164 -0.492592
vn -0.211516 0.844164 -0.492592
vn -0.211516 0.844164 -0.492592
vn 0.422683 0.898957 0.114958
vn 0.429531 0.896813 0.105972
vn 0.429531 0.896813 0.105972
vn 0.436322 0.894550 0.096972
vn 0.002493 0.999996 -0.001001
vn 0.002493 0.999996 -0.001001
vn 0.002493 0.999996 -0.001001
vn 0.006385 0.999964 -0.005642
vn 0.003563 0.999980 -0.005310
vn 0.003563 0.999980 -0.005310
vn 0.000742 0.999987 -0.004977
vn 0.018092 0.999836 0.000332
vn 0.017088 0.999847 -0.003811
vn 0.017088 0.999847 -0.003811
vn 0.016084 0.999839 -0.007954
vn -0.783943 -0.061301 0.617799
vn -0.820809 -0.046805 0.569281
vn -0.820809 -0.046805 0.569281
vn -0.854456 -0.032125 0.518530
vn 0.204176 0.870890 0.447060
vn -0.137669 0.745422 0.652222
vn -0.137669 0.745422 0.652222
vn -0.455464 0.489736 0.743446
vn 0.000235 0.999951 -0.009869
vn -0.000495 0.999943 -0.010702
vn -0.000495 0.999943 -0.010702
vn -0.001225 0.999933 -0.011535
vn -0.032759 0.981260 0.189884
vn -0.227441 0.943522 0.240911
vn -0.133299 0.964019 0.229998
vn -0.321617 0.909688 0.262735
vn -0.408211 0.876303 0.255845
vn -0.007826 0.999607 -0.026930
vn -0.007105 0.999729 -0.022166
vn -0.007105 0.999729 -0.022166
vn -0.006385 0.999828 -0.017402
vn -0.043371 0.999058 0.001655
vn -0.043371 0.999058 0.001655
vn -0.043371 0.999058 0.001655
vn 0.930725 0.042260 0.363269
vn 0.894368 0.015289 0.447071
vn 0.894368 0.015289 0.447071
vn 0.849896 -0.011821 0.526817
vn 0.829885 0.011426 0.557818
vn 0.838153 0.015199 0.545224
vn 0.838153 0.015199 0.545224
vn 0.846218 0.018969 0.532499
vn 0.215820 0.237317 0.947155
vn 0.215820 0.237317 0.947155
vn 0.215820 0.237317 0.947155
vn 0.000705 0.999803 -0.019835
vn -0.003114 0.999895 -0.014178
vn -0.003114 0.999895 -0.014178
vn -0.006933 0.999940 -0.008520
vn 0.303994 0.660933 0.686116
vn 0.465597 0.552231 0.691563
vn 0.465597 0.552231 0.691563
vn 0.609525 0.422567 0.670758
vn 0.089534 0.994280 -0.058235
vn 0.044400 0.998982 -0.007987
vn 0.044400 0.998982 -0.007987
vn -0.000936 0.999105 0.042299
vn 0.062243 0.887475 0.456634
vn -0.170484 0.911312 0.374761
vn -0.170484 0.911312 0.374761
vn -0.392738 0.879164 0.269864
vn -0.840929 0.011507 0.541023
vn -0.446315 -0.019187 0.894670
vn -0.446315 -0.019187 0.894670
vn 0.074039 -0.044476 0.996263
vn -0.196472 0.968353 -0.153918
vn -0.158846 0.978310 -0.132958
vn -0.158846 0.978310 -0.132958
vn -0.120909 0.986355 -0.111737
vn 0.952034 0.022777 0.305142
vn 0.925047 0.014114 0.379591
vn 0.925047 0.014114 0.379591
vn 0.892189 0.005361 0.451631
vn 0.554718 0.012745 0.831941
vn 0.485296 0.019792 0.874126
vn 0.485296 0.019792 0.874126
vn 0.412646 0.026707 0.910500
vn -0.366751 0.929871 -0.028865
vn -0.329943 0.943926 0.011916
vn -0.329943 0.943926 0.011916
vn -0.292074 0.954945 0.052658
vn 0.231868 0.971095 0.056672
vn 0.222024 0.964811 0.140875
vn 0.222024 0.964811 0.140875
vn 0.210576 0.951554 0.224060
vn 0.377183 0.923727 -0.066791
vn 0.306028 0.952009 -0.005042
vn 0.306028 0.952009 -0.005042
vn 0.231911 0.971080 0.056756
vn -0.300701 0.908516 -0.290133
vn -0.288686 0.938887 -0.187486
vn -0.288686 0.938887 -0.187486
vn -0.273322 0.958364 -0.082663
vn 0.429703 0.902968 -0.001967
vn 0.277571 0.956357 -0.091303
vn 0.319883 0.945877 -0.054702
vn 0.197941 0.970897 -0.134829
vn 0.190986 0.967961 -0.163019
vn -0.650274 -0.453715 0.609333
vn -0.743053 -0.499252 0.445667
vn -0.743053 -0.499252 0.445667
vn -0.807992 -0.526083 0.265304
vn -0.611091 0.325569 0.721507
vn -0.651031 0.383307 0.655160
vn -0.651031 0.383307 0.655160
vn -0.684896 0.437468 0.582700
vn -0.620007 0.429514 0.656589
vn -0.611853 0.439174 0.657847
vn -0.598840 0.500793 0.624978
vn -0.586725 0.535386 0.607549
vn -0.563726 0.616422 0.549760
vn 0.028082 0.637589 0.769865
vn -0.223019 0.512369 0.829302
vn -0.223019 0.512369 0.829302
vn -0.455773 0.344999 0.820516
vn 0.264785 0.403537 0.875812
vn 0.170221 0.526705 0.832830
vn 0.170221 0.526705 0.832830
vn 0.071238 0.636200 0.768229
vn 0.490831 0.307412 0.815219
vn 0.491405 0.324934 0.808046
vn 0.491405 0.324934 0.808046
vn 0.491802 0.342341 0.800583
vn 0.486274 0.356857 0.797616
vn 0.434577 0.287568 0.853491
vn 0.434577 0.287568 0.853491
vn 0.378276 0.215233 0.900323
vn -0.253843 0.218560 0.942229
vn -0.106426 0.269003 0.957241
vn -0.106426 0.269003 0.957241
vn 0.043600 0.312855 0.948800
vn -0.079106 0.137120 0.987391
vn -0.001361 0.221062 0.975259
vn -0.001361 0.221062 0.975259
vn 0.076403 0.302077 0.950217
vn 0.136039 0.175985 0.974948
vn 0.132738 0.172067 0.976101
vn 0.132738 0.172067 0.976101
vn 0.129433 0.168146 0.977228
vn 0.786897 0.395850 0.473388
vn 0.777279 0.350609 0.522408
vn 0.777279 0.350609 0.522408
vn 0.764131 0.303776 0.569055
vn -0.503360 -0.033362 0.863433
vn -0.583576 -0.036402 0.811242
vn -0.583576 -0.036402 0.811242
vn -0.658442 -0.039109 0.751615
vn -0.194620 -0.037183 0.980174
vn -0.261654 -0.036802 0.964460
vn -0.261654 -0.036802 0.964460
vn -0.327448 -0.036247 0.944174
vn 0.042823 0.993593 0.104589
vn 0.010044 0.995403 0.095245
vn 0.010044 0.995403 0.095245
vn -0.022746 0.996054 0.085790
vn -0.001567 0.995239 0.097450
vn -0.020353 0.996622 0.079567
vn -0.020353 0.996622 0.079567
vn -0.039126 0.997332 0.061630
vn -0.006312 0.999973 -0.003694
vn -0.004042 0.999924 -0.011624
vn -0.004042 0.999924 -0.011624
vn -0.001771 0.999807 -0.019552
vn -0.026065 0.992978 0.115390
vn -0.017573 0.992540 0.120647
vn -0.017573 0.992540 0.120647
vn -0.009079 0.992002 0.125893
vn 0.000009 0.999998 0.002098
vn 0.000009 0.999998 0.002098
vn 0.000009 0.999998 0.002098
vn 0.000008 0.999998 0.002092
vn 0.000008 0.999998 0.002096
vn 0.000008 0.999998 0.002096
vn 0.000009 0.999998 0.002100
vn -0.257026 -0.038861 0.965623
vn -0.170881 -0.039989 0.984480
vn -0.170881 -0.039989 0.984480
vn -0.083407 -0.040806 0.995680
vn -0.003553 0.999992 -0.001762
vn -0.003553 0.999992 -0.001762
vn -0.003553 0.999992 -0.001762
vn -0.000453 0.999995 -0.003043
vn -0.000465 0.999998 -0.001966
vn -0.000465 0.999998 -0.001966
vn -0.000478 0.999999 -0.000889
vn -0.735407 -0.030342 0.676946
vn -0.616081 -0.010697 0.787611
vn -0.616081 -0.010697 0.787611
vn -0.480199 0.009236 0.877111
vn -0.803265 0.011889 0.595503
vn -0.657756 -0.012527 0.753127
vn -0.657756 -0.012527 0.753127
vn -0.481587 -0.036359 0.875644
vn -0.951500 -0.000851 0.307649
vn -0.957278 -0.003315 0.289150
vn -0.957278 -0.003315 0.289150
vn -0.962691 -0.005777 0.270541
vn -0.000463 0.999997 -0.002216
vn -0.001152 0.999998 -0.001590
vn -0.001152 0.999998 -0.001590
vn -0.001841 0.999998 -0.000964
vn 0.884213 0.028827 0.466194
vn 0.892003 0.024657 0.451356
vn 0.892003 0.024657 0.451356
vn 0.899528 0.020479 0.436383
vn -0.011191 0.007884 0.999906
vn -0.128220 0.025671 0.991413
vn -0.128220 0.025671 0.991413
vn -0.243444 0.043097 0.968957
vn 0.171040 -0.031786 0.984751
vn 0.302569 -0.007020 0.953102
vn 0.302569 -0.007020 0.953102
vn 0.428374 0.017879 0.903425
vn -0.064241 0.989655 0.128284
vn -0.071932 0.990004 0.121322
vn -0.071932 0.990004 0.121322
vn -0.079615 0.990246 0.114346
vn -0.007380 0.994706 0.102495
vn -0.033977 0.992746 0.115326
vn -0.033977 0.992746 0.115326
vn -0.060545 0.989917 0.128057
vn -0.015631 0.004735 0.999867
vn 0.022840 -0.000654 0.999739
vn 0.022840 -0.000654 0.999739
vn 0.061276 -0.006042 0.998103
vn 0.237785 -0.031333 0.970812
vn 0.111638 -0.022093 0.993503
vn 0.111638 -0.022093 0.993503
vn -0.016353 -0.012487 0.999788
vn -0.119612 0.992682 -0.016599
vn 0.165093 0.985212 -0.045841
vn -0.059852 0.997629 -0.033975
vn 0.309393 0.949057 -0.059717
vn 0.588271 0.806256 -0.062354
vn 0.571870 0.820344 -0.000395
vn 0.612549 0.784268 0.098527
vn 0.612549 0.784268 0.098527
vn 0.645422 0.738200 0.196194
vn 0.821126 0.019836 0.570403
vn 0.784037 0.023336 0.620275
vn 0.784037 0.023336 0.620275
vn 0.743911 0.026745 0.667744
vn -0.000105 0.999453 -0.033074
vn -0.000105 0.999453 -0.033074
vn -0.000105 0.999453 -0.033074
vn -0.012414 0.999906 -0.005917
vn -0.012414 0.999906 -0.005917
vn -0.012414 0.999906 -0.005917
vn 0.000012 1.000000 -0.000042
vn 0.001784 0.999998 -0.000158
vn 0.001722 0.999998 0.000403
vn 0.001598 0.999998 0.001523
vn 0.002578 0.999997 0.000625
vn -0.000728 0.122552 0.992462
vn 0.146964 0.146074 0.978297
vn 0.146964 0.146074 0.978297
vn 0.291339 0.166299 0.942054
vn -0.632962 0.352876 0.689085
vn -0.632962 0.352876 0.689085
vn -0.632962 0.352876 0.689085
vn 0.048263 -0.357119 0.932811
vn -0.004241 -0.378773 0.925480
vn -0.004241 -0.378773 0.925480
vn -0.056731 -0.399184 0.915114
vn 0.127731 -0.368644 0.920753
vn 0.122669 -0.365981 0.922502
vn 0.122669 -0.365981 0.922502
vn 0.117603 -0.363306 0.924218
vn 0.800803 0.358789 0.479567
vn 0.871380 0.282984 0.400771
vn 0.871380 0.282984 0.400771
vn 0.927199 0.202386 0.315187
vn 0.966708 0.229099 0.113970
vn 0.966708 0.229099 0.113970
vn 0.966708 0.229099 0.113970
vn -0.674324 0.538111 0.505691
vn -0.609726 0.452334 0.650868
vn -0.609726 0.452334 0.650868
vn -0.525246 0.351807 0.774821
vn 0.640080 0.639769 0.425433
vn 0.486745 0.250799 0.836767
vn 0.486745 0.250799 0.836767
vn 0.165967 -0.224446 0.960249
vn -0.588899 0.409784 0.696617
vn -0.588899 0.409784 0.696617
vn -0.588899 0.409784 0.696617
vn 0.510594 0.632761 0.582157
vn 0.402765 0.673062 0.620296
vn 0.498246 0.677905 0.540551
vn 0.345484 0.689811 0.636241
vn 0.193362 0.631954 0.750497
vn 0.002920 0.424430 0.905456
vn -0.021753 0.515888 0.856380
vn -0.021753 0.515888 0.856380
vn -0.046177 0.601474 0.797556
vn 0.263952 0.266190 0.927077
vn 0.158959 0.199923 0.966831
vn 0.158959 0.199923 0.966831
vn 0.051265 0.130258 0.990154
vn -0.637027 0.323837 0.699519
vn -0.637027 0.323837 0.699519
vn -0.637027 0.323837 0.699519
vn -0.641830 -0.459315 0.614072
vn -0.471885 -0.437330 0.765550
vn -0.471885 -0.437330 0.765550
vn -0.277256 -0.392469 0.876982
vn 0.779905 0.412618 0.470633
vn 0.779905 0.412618 0.470633
vn 0.779905 0.412618 0.470633
vn -0.727565 0.617622 0.298652
vn -0.620911 0.529557 0.577961
vn -0.620911 0.529557 0.577961
vn -0.453939 0.390049 0.801125
vn -0.832438 0.482790 0.271956
vn -0.836471 0.466398 0.287730
vn -0.836471 0.466398 0.287730
vn -0.840058 0.449756 0.303351
vn 0.211721 0.715635 0.665613
vn 0.211721 0.715635 0.665613
vn 0.211721 0.715635 0.665613
vn 0.369869 0.466575 0.803433
vn 0.362646 0.463264 0.808625
vn 0.362646 0.463264 0.808625
vn 0.355391 0.459912 0.813743
vn 0.416206 -0.496682 0.761630
vn 0.466918 -0.478587 0.743600
vn 0.466918 -0.478587 0.743600
vn 0.516125 -0.458950 0.723173
vn 0.186497 -0.739595 0.646698
vn 0.186497 -0.739595 0.646698
vn 0.186497 -0.739595 0.646698
vn 0.992025 0.028665 0.122741
vn 0.982394 0.019496 0.185800
vn 0.982394 0.019496 0.185800
vn 0.968684 0.010245 0.248087
vn -0.433178 -0.183493 0.882433
vn -0.433178 -0.183493 0.882433
vn -0.433178 -0.183493 0.882433
vn 0.337044 -0.120357 0.933764
vn 0.337044 -0.120357 0.933764
vn 0.337044 -0.120357 0.933764
vn 0.072724 0.992852 -0.094641
vn 0.055361 0.995315 -0.079264
vn 0.055361 0.995315 -0.079264
vn 0.037969 0.997237 -0.063844
vn -0.537150 -0.031819 0.842887
vn -0.576776 -0.033974 0.816195
vn -0.576776 -0.033974 0.816195
vn -0.615084 -0.036050 0.787637
vn -0.000401 0.990947 -0.134252
vn -0.000435 0.990915 -0.134491
vn -0.000435 0.990915 -0.134491
vn -0.000469 0.990882 -0.134730
vn 0.000612 0.997765 0.066812
vn 0.000489 0.997756 0.066960
vn 0.000489 0.997756 0.066960
vn 0.000365 0.997746 0.067107
vn 0.049412 0.995911 0.075629
vn 0.022684 0.998014 0.058764
vn 0.022684 0.998014 0.058764
vn -0.004066 0.999116 0.041840
vn -0.202590 0.967565 0.150918
vn -0.137903 0.986747 0.085519
vn -0.110497 0.992557 0.051191
vn -0.015329 0.999272 -0.034927
vn -0.186158 0.940767 -0.283377
vn -0.053998 0.989039 -0.137426
vn -0.053050 0.978875 -0.197456
vn -0.386111 0.879136 0.279354
vn -0.290325 0.911318 0.291911
vn -0.290325 0.911318 0.291911
vn -0.191529 0.934050 0.301441
vn -0.393209 0.917454 0.060529
vn -0.156343 0.987364 -0.025877
vn -0.156343 0.987364 -0.025877
vn 0.091226 0.989679 -0.110512
vn 0.052959 0.993202 -0.103658
vn -0.156001 0.986305 0.053545
vn -0.156001 0.986305 0.053545
vn -0.354287 0.911920 0.207084
vn 0.086259 0.969638 0.228825
vn 0.090012 0.990346 0.105418
vn 0.032596 0.992872 0.114642
vn 0.096250 0.994592 0.039009
vn 0.035834 0.998066 0.050805
vn -0.075556 0.994972 0.065747
vn -0.045125 0.950962 0.305998
vn -0.155862 0.985055 0.073306
vn -0.155862 0.985055 0.073306
vn -0.256068 0.952587 -0.164339
vn -0.230146 0.973139 0.005794
vn -0.200202 0.978744 0.044481
vn -0.211931 0.976984 0.024229
vn -0.176423 0.980647 0.084896
vn -0.185045 0.980658 0.063789
vn -0.542820 0.004675 0.839836
vn -0.481541 0.002624 0.876420
vn -0.481541 0.002624 0.876420
vn -0.417808 0.000560 0.908535
vn 0.148101 0.988631 0.025989
vn 0.078477 0.989942 0.117710
vn 0.078477 0.989942 0.117710
vn 0.007813 0.978125 0.207871
vn 0.018922 0.999813 0.004034
vn 0.028094 0.999368 0.021785
vn 0.028094 0.999368 0.021785
vn 0.037255 0.998524 0.039527
vn -0.195292 0.955144 0.222624
vn -0.195292 0.955144 0.222624
vn -0.195292 0.955144 0.222624
vn 0.989234 0.040842 0.140529
vn 0.991358 0.044306 0.123479
vn 0.991358 0.044306 0.123479
vn 0.993177 0.047756 0.106392
vn 0.992154 0.043203 0.117323
vn 0.990882 0.040294 0.128569
vn 0.990882 0.040294 0.128569
vn 0.989474 0.037379 0.139798
vn -0.519910 -0.006521 0.854196
vn -0.510254 -0.007812 0.859988
vn -0.510254 -0.007812 0.859988
vn -0.500532 -0.009101 0.865670
vn -0.225734 0.787780 -0.573103
vn -0.059222 0.956982 -0.284040
vn -0.059222 0.956982 -0.284040
vn 0.115576 0.992290 0.044762
vn 0.072101 0.970608 -0.229612
vn 0.104907 0.977434 -0.183353
vn 0.104907 0.977434 -0.183353
vn 0.137370 0.981070 -0.136496
vn -0.158491 0.011848 0.987289
vn -0.100605 0.001617 0.994925
vn -0.100605 0.001617 0.994925
vn -0.042365 -0.008621 0.999065
vn -0.518712 -0.075279 0.851628
vn -0.396664 -0.049102 0.916650
vn -0.396664 -0.049102 0.916650
vn -0.266759 -0.021952 0.963513
vn -0.844692 -0.058381 0.532058
vn -0.873345 -0.048764 0.484656
vn -0.873345 -0.048764 0.484656
vn -0.899237 -0.038993 0.435721
vn 0.996253 0.047671 -0.072158
vn 0.998429 0.052748 0.018922
vn 0.998429 0.052748 0.018922
vn 0.992291 0.057386 0.109843
vn 0.001780 0.999992 0.003522
vn 0.001780 0.999992 0.003522
vn 0.001780 0.999992 0.003522
vn -0.000361 0.999999 0.001418
vn 0.001089 0.999998 0.001819
vn 0.001089 0.999998 0.001819
vn 0.002538 0.999994 0.002220
vn -0.002903 0.999996 0.000819
vn -0.002903 0.999996 0.000819
vn -0.002903 0.999996 0.000819
vn 0.000240 0.999978 0.006586
vn 0.000240 0.999978 0.006586
vn 0.000240 0.999978 0.006586
vn 0.251926 0.188897 0.949132
vn 0.336875 0.138006 0.931380
vn 0.336875 0.138006 0.931380
vn 0.418415 0.085719 0.904202
vn 0.077392 -0.018847 0.996823
vn 0.124651 -0.074699 0.989385
vn 0.124651 -0.074699 0.989385
vn 0.171236 -0.130147 0.976596
vn -0.139572 -0.158555 0.977435
vn -0.183794 -0.049349 0.981725
vn -0.183794 -0.049349 0.981725
vn -0.225462 0.060544 0.972369
vn -0.623147 0.292310 0.725426
vn -0.588206 0.197822 0.784143
vn -0.588206 0.197822 0.784143
vn -0.545266 0.100645 0.832199
vn -0.975836 0.218263 0.010237
vn -0.978520 0.205484 0.016604
vn -0.978520 0.205484 0.016604
vn -0.980996 0.192662 0.022967
vn -0.998460 0.016693 0.052902
vn -0.998460 0.016693 0.052902
vn -0.998460 0.016693 0.052902
vn -0.030884 -0.606788 0.794263
vn 0.001788 -0.643064 0.765811
vn 0.001788 -0.643064 0.765811
vn 0.034455 -0.677286 0.734913
vn -0.070389 -0.684707 0.725412
vn -0.116087 -0.625783 0.771310
vn -0.116087 -0.625783 0.771310
vn -0.160896 -0.562061 0.811295
vn 0.226266 -0.497555 0.837403
vn 0.248516 -0.514415 0.820742
vn 0.248516 -0.514415 0.820742
vn 0.270504 -0.530731 0.803214
vn 0.999973 -0.007286 -0.000783
vn 0.999989 -0.004512 -0.001371
vn 0.999989 -0.004512 -0.001371
vn 0.999997 -0.001737 -0.001959
vn 0.999999 -0.001721 0.000016
vn 0.999999 -0.001721 0.000016
vn 0.999999 -0.001721 0.000016
vn -0.356008 0.122471 0.926423
vn -0.447994 0.045658 0.892870
vn -0.447994 0.045658 0.892870
vn -0.533041 -0.031862 0.845490
vn 0.469364 0.429318 0.771611
vn 0.388959 0.307624 0.868377
vn 0.388959 0.307624 0.868377
vn 0.296638 0.176505 0.938537
vn 0.668159 0.376702 0.641607
vn 0.778566 0.344619 0.524474
vn 0.778566 0.344619 0.524474
vn 0.867998 0.303253 0.393213
vn -0.156217 0.014858 0.987611
vn 0.294268 0.316116 0.901930
vn 0.294268 0.316116 0.901930
vn 0.656169 0.522212 0.544736
vn -0.556771 0.275708 0.783576
vn -0.323201 0.463964 0.824790
vn -0.323201 0.463964 0.824790
vn -0.059997 0.609677 0.790376
vn -0.589105 0.276565 0.759254
vn -0.635387 0.358676 0.683839
vn -0.635387 0.358676 0.683839
vn -0.672410 0.435561 0.598458
vn -0.614146 0.424076 0.665570
vn -0.600899 0.402626 0.690516
vn -0.600899 0.402626 0.690516
vn -0.586897 0.380670 0.714593
vn -0.429887 0.314152 0.846466
vn -0.523683 0.245846 0.815669
vn -0.523683 0.245846 0.815669
vn -0.609931 0.173997 0.773116
vn -0.478057 0.372160 0.795587
vn -0.461063 0.327440 0.824745
vn -0.461063 0.327440 0.824745
vn -0.442622 0.281692 0.851314
vn 0.424912 0.522358 0.739319
vn 0.397349 0.417715 0.817085
vn 0.397349 0.417715 0.817085
vn 0.362731 0.305654 0.880342
vn 0.013161 0.410771 0.911643
vn 0.013161 0.410771 0.911643
vn 0.013161 0.410771 0.911643
vn -0.606990 0.358014 0.709499
vn -0.553278 0.370422 0.746104
vn -0.553278 0.370422 0.746104
vn -0.497143 0.381208 0.779442
vn 0.464461 0.591114 0.659439
vn 0.459520 0.517581 0.721770
vn 0.459520 0.517581 0.721770
vn 0.450297 0.439226 0.777376
vn -0.443875 0.347984 0.825762
vn -0.466201 0.557735 0.686723
vn -0.466201 0.557735 0.686723
vn -0.458771 0.731888 0.503855
vn 0.109532 0.988123 0.107778
vn 0.311599 0.803681 0.506954
vn 0.311599 0.803681 0.506954
vn 0.440692 0.431025 0.787406
vn -0.013992 0.997656 0.066983
vn -0.013992 0.997656 0.066983
vn -0.013992 0.997656 0.066983
vn 0.475858 0.412907 0.776574
vn 0.481171 -0.292031 0.826554
vn 0.481171 -0.292031 0.826554
vn 0.246157 -0.851110 0.463701
vn -0.072161 0.439844 0.895170
vn -0.072161 0.439844 0.895170
vn -0.072161 0.439844 0.895170
vn 0.543203 -0.780073 0.310511
vn 0.564874 -0.272581 0.778856
vn 0.564874 -0.272581 0.778856
vn 0.316894 0.365031 0.875403
vn -0.142051 -0.105080 0.984266
vn 0.080082 -0.136275 0.987429
vn 0.080082 -0.136275 0.987429
vn 0.298186 -0.160611 0.940898
vn 0.062231 -0.067722 0.995762
vn 0.062231 -0.067722 0.995762
vn 0.062231 -0.067722 0.995762
vn 0.912009 -0.408249 0.039657
vn 0.906227 -0.421299 0.035493
vn 0.906227 -0.421299 0.035493
vn 0.900246 -0.434255 0.031321
vn 0.943443 -0.331057 0.017788
vn 0.951288 -0.307003 0.028296
vn 0.883280 -0.140023 -0.447447
vn 0.514568 0.133121 -0.847053
vn -0.523418 0.395255 -0.754856
vn -0.000005 -0.000009 1.000000
vn -0.000004 -0.000007 1.000000
vn -0.000004 -0.000007 1.000000
vn -0.000003 -0.000005 1.000000
vn -0.000700 -0.000999 -0.999999
vn -0.000805 -0.001266 -0.999999
vn -0.000805 -0.001266 -0.999999
vn -0.000910 -0.001532 -0.999998
vn -0.605853 0.283886 0.743203
vn -0.605853 0.283886 0.743203
vn -0.605853 0.283886 0.743203
vn -0.549483 0.360546 0.753707
vn -0.564524 0.418947 0.711194
vn -0.564524 0.418947 0.711194
vn -0.576490 0.475067 0.664809
vn -0.534459 0.558494 0.634381
vn -0.526864 0.522389 0.670466
vn -0.521728 0.509199 0.684483
vn -0.514365 0.483577 0.708224
vn -0.510852 0.482248 0.711665
vn 0.687348 0.223342 0.691138
vn 0.713119 0.278405 0.643392
vn 0.713119 0.278405 0.643392
vn 0.734628 0.331804 0.591801
vn 0.543792 0.571474 0.614580
vn 0.543792 0.571474 0.614580
vn 0.543792 0.571474 0.614580
vn 0.864804 0.404320 0.297724
vn 0.924909 0.317414 0.209265
vn 0.924909 0.317414 0.209265
vn 0.967450 0.224479 0.116832
vn 0.999828 0.012383 -0.013829
vn 0.999828 0.012383 -0.013829
vn 0.999828 0.012383 -0.013829
vn 0.992822 0.105860 0.055657
vn 0.992822 0.105860 0.055657
vn 0.992822 0.105860 0.055657
vn -0.999651 -0.007930 0.025185
vn -0.999651 -0.007930 0.025185
vn -0.999651 -0.007930 0.025185
vn 1.000000 -0.000551 -0.000506
vn 1.000000 -0.000547 -0.000508
vn 1.000000 -0.000547 -0.000508
vn 1.000000 -0.000543 -0.000509
vn -0.073098 0.108943 -0.991357
vn 0.176794 0.073144 -0.981526
vn 0.176794 0.073144 -0.981526
vn 0.415403 0.032678 -0.909050
vn 0.996315 -0.085657 0.004521
vn 0.998898 -0.044318 0.015457
vn 0.998898 -0.044318 0.015457
vn 0.999648 -0.002898 0.026364
vn -0.000746 0.102674 -0.994715
vn 0.035024 0.055278 -0.997857
vn 0.035024 0.055278 -0.997857
vn 0.070669 0.007685 -0.997470
vn -0.020656 0.094577 -0.995303
vn -0.010433 0.062497 -0.997991
vn -0.010433 0.062497 -0.997991
vn -0.000197 0.030345 -0.999539
vn -0.000007 0.000604 -1.000000
vn 0.000364 0.000250 -1.000000
vn 0.000364 0.000250 -1.000000
vn 0.000735 -0.000104 -1.000000
vn 0.000028 -0.000242 -1.000000
vn 0.000327 -0.000576 -1.000000
vn 0.000327 -0.000576 -1.000000
vn 0.000625 -0.000909 -0.999999
vn -0.981246 -0.191859 -0.018612
vn -0.992348 -0.123466 -0.000852
vn -0.992348 -0.123466 -0.000852
vn -0.998374 -0.054442 0.016913
vn -0.998625 -0.052364 -0.002549
vn -0.997227 -0.074029 -0.007635
vn -0.997227 -0.074029 -0.007635
vn -0.995333 -0.095657 -0.012718
vn -0.000509 0.088121 -0.996110
vn -0.045314 0.178214 -0.982948
vn -0.045314 0.178214 -0.982948
vn -0.089653 0.266472 -0.959664
vn 0.045630 0.275388 -0.960250
vn 0.022725 0.189446 -0.981628
vn 0.022725 0.189446 -0.981628
vn -0.000371 0.101920 -0.994793
vn -0.000346 0.101911 -0.994793
vn 0.106155 0.058439 -0.992631
vn 0.106155 0.058439 -0.992631
vn 0.211250 0.014195 -0.977329
vn -0.042569 0.996976 0.065018
vn -0.042569 0.996976 0.065018
vn -0.042569 0.996976 0.065018
vn -0.007112 -0.051496 0.998648
vn 0.066516 -0.117942 0.990790
vn 0.020208 -0.080521 0.996548
vn 0.033989 -0.095126 0.994885
vn -0.072166 -0.005189 0.997379
vn 0.996219 0.084667 0.019489
vn 0.996219 0.084667 0.019489
vn 0.996219 0.084667 0.019489
vn -0.207021 -0.009235 0.978293
vn -0.207021 -0.009235 0.978293
vn -0.207021 -0.009235 0.978293
vn -0.575035 0.799428 -0.173922
vn -0.575035 0.799428 -0.173922
vn -0.575035 0.799428 -0.173922
vn -0.599049 0.800340 -0.024401
vn -0.588468 0.800921 -0.110589
vn -0.588468 0.800921 -0.110589
vn -0.573450 0.795463 -0.195944
vn -0.106013 0.337317 0.935403
vn -0.381969 0.683017 0.622565
vn -0.381969 0.683017 0.622565
vn -0.545807 0.828233 0.126986
vn -0.460611 0.451874 0.763968
vn -0.238463 0.872654 0.426158
vn -0.238463 0.872654 0.426158
vn 0.064887 0.996277 -0.056768
vn 0.159156 0.972233 0.171558
vn 0.075919 0.995129 0.062889
vn 0.075919 0.995129 0.062889
vn -0.008781 0.998857 -0.046990
vn 0.468361 0.869511 0.156808
vn 0.348311 0.892001 0.288122
vn 0.348311 0.892001 0.288122
vn 0.217059 0.885803 0.410169
vn 0.145814 0.906391 0.396476
vn 0.061300 0.842939 0.534506
vn 0.061300 0.842939 0.534506
vn -0.025066 0.754012 0.656382
vn 0.010359 0.752215 0.658836
vn -0.021808 0.723424 0.690059
vn -0.021808 0.723424 0.690059
vn -0.053913 0.692580 0.719324
vn -0.037043 0.691241 0.721674
vn 0.011155 0.753511 0.657340
vn 0.011155 0.753511 0.657340
vn 0.059238 0.807990 0.586210
vn 0.006185 0.819004 0.573754
vn -0.009058 0.809895 0.586505
vn -0.009058 0.809895 0.586505
vn -0.024297 0.800399 0.598975
vn -0.085978 0.798676 0.595588
vn -0.098599 0.804515 0.585690
vn -0.098599 0.804515 0.585690
vn -0.111192 0.810121 0.575622
vn 0.177293 0.835872 0.519505
vn 0.232274 0.796919 0.557646
vn 0.232274 0.796919 0.557646
vn 0.285863 0.753188 0.592445
vn 0.131801 0.774531 0.618652
vn 0.131801 0.774531 0.618652
vn 0.131801 0.774531 0.618652
vn -0.004504 0.795532 0.605895
vn -0.039904 0.785627 0.617413
vn -0.039904 0.785627 0.617413
vn -0.075243 0.774555 0.628015
vn -0.081160 0.774688 0.627114
vn 0.081565 0.796279 0.599406
vn 0.081565 0.796279 0.599406
vn 0.242029 0.795802 0.555086
vn -0.224311 0.814382 0.535226
vn -0.094764 0.862693 0.496770
vn -0.094764 0.862693 0.496770
vn 0.036735 0.893237 0.448082
vn 0.056854 0.892963 0.446526
vn 0.056854 0.892963 0.446526
vn 0.056854 0.892963 0.446526
vn 0.234964 0.864532 0.444271
vn 0.154397 0.829580 0.536617
vn 0.154397 0.829580 0.536617
vn 0.071322 0.781156 0.620248
vn -0.021997 0.797843 0.602464
vn -0.025518 0.797267 0.603087
vn -0.025518 0.797267 0.603087
vn -0.029039 0.796681 0.603702
vn -0.000818 0.795069 0.606518
vn -0.021038 0.791146 0.611266
vn -0.021038 0.791146 0.611266
vn -0.041250 0.786869 0.615740
vn 0.080487 0.782704 0.617168
vn 0.080487 0.782704 0.617168
vn 0.080487 0.782704 0.617168
vn 0.052985 0.786686 0.615075
vn -0.031734 0.779894 0.625107
vn -0.031734 0.779894 0.625107
vn -0.116221 0.767390 0.630560
vn 0.672339 0.481943 0.561864
vn 0.460486 0.601093 0.653177
vn 0.460486 0.601093 0.653177
vn 0.217588 0.679720 0.700454
vn 0.053372 0.878360 0.475010
vn -0.079084 0.866077 0.493615
vn -0.079084 0.866077 0.493615
vn -0.210114 0.838169 0.503314
vn 0.018063 0.952773 0.303146
vn 0.149714 0.904047 0.400356
vn 0.149714 0.904047 0.400356
vn 0.277000 0.828962 0.485894
vn 0.283868 0.948874 0.138049
vn 0.283868 0.948874 0.138049
vn 0.283868 0.948874 0.138049
vn -0.000129 1.000000 0.000289
vn -0.017139 0.999853 -0.000924
vn -0.017139 0.999853 -0.000924
vn -0.034144 0.999415 -0.002136
vn 0.999822 0.014855 0.011635
vn 0.999924 0.012211 -0.001637
vn 0.999924 0.012211 -0.001637
vn 0.999843 0.009565 -0.014909
vn 0.998173 0.054561 -0.025942
vn 0.998712 0.041210 -0.029590
vn 0.998712 0.041210 -0.029590
vn 0.999059 0.027852 -0.033233
vn 0.995638 0.087272 -0.032986
vn 0.997685 0.061325 -0.029386
vn 0.997685 0.061325 -0.029386
vn 0.999043 0.035335 -0.025767
vn -0.928182 -0.371356 0.023942
vn -0.933398 -0.358318 0.019421
vn -0.933398 -0.358318 0.019421
vn -0.938410 -0.345202 0.014895
vn -0.001842 0.003954 -0.999990
vn -0.001301 0.002608 -0.999996
vn -0.001301 0.002608 -0.999996
vn -0.000760 0.001262 -0.999999
vn 0.915555 0.401376 -0.025605
vn 0.936934 0.349013 0.018578
vn 0.936934 0.349013 0.018578
vn 0.953486 0.294852 0.062666
vn 0.960606 0.277188 -0.020057
vn 0.987362 0.158365 -0.006140
vn 0.987362 0.158365 -0.006140
vn 0.999278 0.037162 0.007870
vn 0.991536 -0.051587 0.119142
vn 0.997131 -0.003811 0.075604
vn 0.997131 -0.003811 0.075604
vn 0.998528 0.043981 0.031748
vn -0.096406 0.044982 -0.994325
vn -0.052010 0.096314 -0.993991
vn -0.052010 0.096314 -0.993991
vn -0.007375 0.147203 -0.989079
vn -0.935914 0.319519 -0.148232
vn -0.934023 0.327835 -0.141865
vn -0.934023 0.327835 -0.141865
vn -0.932026 0.336114 -0.135481
vn -0.935313 -0.021948 0.353141
vn -0.938799 -0.020543 0.343853
vn -0.938799 -0.020543 0.343853
vn -0.942190 -0.019136 0.334532
vn -0.999898 -0.007373 -0.012207
vn -0.999915 -0.003686 -0.012530
vn -0.999915 -0.003686 -0.012530
vn -0.999917 0.000000 -0.012852
vn -0.885256 0.240396 0.398159
vn -0.885256 0.240396 0.398159
vn -0.885256 0.240396 0.398159
vn -0.999783 0.000000 0.020824
vn -0.999323 -0.023610 0.028229
vn -0.999323 -0.023610 0.028229
vn -0.998250 -0.047206 0.035617
vn -1.000000 0.000000 -0.000041
vn -1.000000 0.000000 -0.000041
vn -1.000000 0.000000 -0.000041
vn -1.000000 0.000000 -0.000041
vn -1.000000 0.000000 -0.000131
vn -1.000000 -0.000043 -0.000127
vn -1.000000 -0.000043 -0.000127
vn -1.000000 -0.000085 -0.000123
vn -1.000000 0.000017 0.000262
vn -1.000000 -0.000037 0.000541
vn -1.000000 -0.000037 0.000541
vn -1.000000 -0.000092 0.000820
vn -1.000000 0.000000 0.000811
vn -1.000000 -0.000026 0.000822
vn -1.000000 -0.000026 0.000822
vn -1.000000 -0.000052 0.000834
vn -1.000000 0.000000 0.000811
vn -1.000000 0.000000 0.000811
vn -1.000000 0.000000 0.000811
vn -1.000000 0.000000 0.000811
vn 0.000000 0.000000 1.000000
vn 0.000000 0.000000 1.000000
vn 0.000000 0.000000 1.000000
vn 0.000000 0.000000 1.000000
vn -0.999743 -0.022658 0.000043
vn -0.999924 -0.011773 0.003596
vn -0.999924 -0.011773 0.003596
vn -0.999974 -0.000886 0.007149
vn -0.036729 -0.065173 -0.997198
vn -0.024490 -0.087817 -0.995836
vn -0.024490 -0.087817 -0.995836
vn -0.012235 -0.110402 -0.993812
vn 0.991541 -0.018571 -0.128461
vn 0.988097 0.006174 -0.153707
vn 0.988097 0.006174 -0.153707
vn 0.983407 0.030912 -0.178759
vn -1.000000 0.000015 -0.000013
vn -1.000000 0.000083 0.000014
vn -1.000000 0.000083 0.000014
vn -1.000000 0.000150 0.000041
vn 0.043073 0.460050 0.886848
vn 0.043073 0.460050 0.886848
vn 0.043073 0.460050 0.886848
vn -0.954541 -0.046273 0.294467
vn -0.935531 -0.045205 0.350340
vn -0.935531 -0.045205 0.350340
vn -0.913262 -0.043979 0.404992
vn 0.039564 0.026398 -0.998868
vn 0.003064 0.000775 -0.999995
vn 0.003064 0.000775 -0.999995
vn -0.033441 -0.024849 -0.999132
vn 0.227866 0.035497 -0.973045
vn 0.205173 0.052788 -0.977301
vn 0.205173 0.052788 -0.977301
vn 0.182309 0.070036 -0.980744
vn 0.368399 0.064477 -0.927429
vn 0.311716 0.106078 -0.944235
vn 0.311716 0.106078 -0.944235
vn 0.253405 0.147125 -0.956107
vn -0.171798 0.058459 -0.983396
vn -0.182816 0.060749 -0.981268
vn -0.182816 0.060749 -0.981268
vn -0.193811 0.063032 -0.979012
vn -0.179216 0.010347 -0.983755
vn -0.124791 -0.004947 -0.992171
vn -0.124791 -0.004947 -0.992171
vn -0.069957 -0.020225 -0.997345
vn -0.150944 0.042469 -0.987630
vn -0.152528 0.041386 -0.987432
vn -0.152528 0.041386 -0.987432
vn -0.154111 0.040303 -0.987231
vn -0.151770 0.014067 -0.988316
vn -0.145086 0.017634 -0.989262
vn -0.145086 0.017634 -0.989262
vn -0.138393 0.021200 -0.990151
vn 0.000000 0.035166 -0.999382
vn 0.000000 0.035166 -0.999382
vn 0.000000 0.035166 -0.999382
vn 0.000000 0.035166 -0.999382
vn 0.144882 0.035272 -0.988820
vn 0.072724 -0.014766 -0.997243
vn 0.072724 -0.014766 -0.997243
vn 0.000000 -0.064689 -0.997906
vn 1.000000 0.000000 0.000000
vn 1.000000 0.000000 0.000000
vn 1.000000 0.000000 0.000000
vn 1.000000 0.000000 0.000000
vn 0.346302 0.615902 0.707630
vn 0.327975 0.652648 0.682996
vn 0.327975 0.652648 0.682996
vn 0.308896 0.687897 0.656796
vn -0.644112 0.599787 0.474737
vn -0.644112 0.599787 0.474737
vn -0.644112 0.599787 0.474737
vn -0.943250 0.173737 0.283009
vn -0.943250 0.173737 0.283009
vn -0.943250 0.173737 0.283009
vn -0.912043 0.369749 0.177379
vn -0.912043 0.369749 0.177379
vn -0.912043 0.369749 0.177379
vn -0.931087 0.262621 0.253193
vn -0.931087 0.262621 0.253193
vn -0.931087 0.262621 0.253193
vn 0.742536 -0.032138 0.669035
vn 0.742536 -0.032138 0.669035
vn 0.742536 -0.032138 0.669035
vn 0.786946 0.146937 0.599271
vn 0.786946 0.146937 0.599271
vn 0.786946 0.146937 0.599271
vn 0.535403 -0.387193 0.750616
vn 0.535403 -0.387193 0.750616
vn 0.535403 -0.387193 0.750616
vn 0.031670 0.401477 0.915321
vn -0.015161 0.359311 0.933095
vn -0.015161 0.359311 0.933095
vn -0.061927 0.315605 0.946868
vn 0.053096 0.990437 -0.127337
vn 0.049152 0.993660 -0.101110
vn 0.049152 0.993660 -0.101110
vn 0.045173 0.996174 -0.074812
vn -0.058417 0.996137 -0.065563
vn -0.058417 0.996137 -0.065563
vn -0.058417 0.996137 -0.065563
vn 0.741264 -0.034935 0.670303
vn 0.616442 -0.040321 0.786367
vn 0.616442 -0.040321 0.786367
vn 0.473693 -0.044534 0.879563
vn -0.003338 0.999979 -0.005548
vn -0.002861 0.999982 -0.005340
vn -0.002861 0.999982 -0.005340
vn -0.002385 0.999984 -0.005132
vn -0.020016 0.992469 0.120848
vn -0.016182 0.992719 0.119364
vn -0.016182 0.992719 0.119364
vn -0.012348 0.992951 0.117879
vn -0.951286 -0.031168 0.306730
vn -0.844240 -0.006324 0.535928
vn -0.844240 -0.006324 0.535928
vn -0.682649 0.018929 0.730501
vn 0.044506 0.994027 0.099647
vn 0.037993 0.994843 0.094041
vn 0.047069 0.996014 0.075769
vn 0.034733 0.995224 0.091233
vn 0.019799 0.991256 0.130457
vn -0.117097 -0.258545 0.958876
vn -0.124068 -0.253428 0.959365
vn -0.124068 -0.253428 0.959365
vn -0.131030 -0.248293 0.959782
vn -0.006757 0.008026 0.999945
vn -0.006757 0.008026 0.999945
vn -0.006757 0.008026 0.999945
vn -0.051194 -0.003406 0.998683
vn -0.051194 -0.003406 0.998683
vn -0.051194 -0.003406 0.998683
vn -0.074050 0.983721 0.163735
vn -0.076018 0.996505 0.034639
vn -0.076018 0.996505 0.034639
vn -0.076706 0.992514 -0.095040
vn -0.790246 0.029454 -0.612081
vn -0.697096 0.089185 -0.711410
vn -0.914338 0.117831 -0.387430
vn 0.051464 -0.008228 -0.998641
vn -0.624999 0.128656 -0.769951
vn -0.013409 0.309277 -0.950878
vn -0.791699 0.187241 -0.581510
vn -0.791699 0.187241 -0.581510
vn -0.970625 -0.076548 0.228095
vn 0.000000 0.803224 -0.595677
vn 0.001291 0.803036 -0.595929
vn 0.001291 0.803036 -0.595929
vn 0.002582 0.802847 -0.596180
vn 0.091689 0.993675 0.064836
vn 0.120519 0.992710 -0.001474
vn 0.120519 0.992710 -0.001474
vn 0.148719 0.986554 -0.067778
vn 0.148977 0.982376 -0.112886
vn 0.149092 0.982378 -0.112714
vn 0.149092 0.982378 -0.112714
vn 0.149207 0.982381 -0.112542
vn 0.158060 0.959335 -0.233866
vn 0.163445 0.957208 -0.238826
vn 0.163445 0.957208 -0.238826
vn 0.168820 0.955026 -0.243773
vn 0.994773 0.073198 0.071199
vn 0.996054 0.068408 0.056533
vn 0.996054 0.068408 0.056533
vn 0.997097 0.063602 0.041853
vn 0.997394 0.017323 0.070040
vn 0.997394 0.017323 0.070040
vn 0.997394 0.017323 0.070040
vn 0.000000 0.054357 -0.998522
vn 0.000000 0.054357 -0.998522
vn 0.000000 0.054357 -0.998522
vn 0.000000 0.054357 -0.998522
vn 0.037168 0.981397 0.188357
vn 0.037168 0.981397 0.188357
vn 0.037168 0.981397 0.188357
vn 0.197679 0.011398 0.980201
vn 0.042296 0.011617 0.999038
vn 0.042296 0.011617 0.999038
vn -0.114123 0.011552 0.993400
vn 0.125776 0.989179 0.075539
vn 0.120225 0.989057 0.085507
vn 0.120225 0.989057 0.085507
vn 0.114658 0.988808 0.095463
vn 0.553938 0.828287 0.084218
vn 0.553938 0.828287 0.084218
vn 0.553938 0.828287 0.084218
vn 0.996118 0.051384 0.071482
vn 0.998123 0.044023 0.042571
vn 0.998123 0.044023 0.042571
vn 0.999236 0.036623 0.013623
vn 0.000000 0.096695 -0.995314
vn 0.000000 0.096695 -0.995314
vn 0.000000 0.096695 -0.995314
vn 0.000000 0.096696 -0.995314
vn 0.215124 0.953824 -0.209622
vn 0.201387 0.956894 -0.209277
vn 0.201387 0.956894 -0.209277
vn 0.187610 0.959774 -0.208891
vn 0.108038 0.994116 0.007780
vn 0.179943 0.982298 -0.052067
vn 0.179943 0.982298 -0.052067
vn 0.250249 0.961745 -0.111451
vn -0.091586 0.931155 -0.352934
vn -0.091586 0.931155 -0.352934
vn -0.091586 0.931155 -0.352934
vn 0.101546 0.992481 0.068340
vn 0.113359 0.992591 0.043742
vn 0.113359 0.992591 0.043742
vn 0.125089 0.991961 0.019111
vn 0.106819 0.994254 0.007041
vn 0.106819 0.994254 0.007041
vn 0.106819 0.994254 0.007041
vn 0.320012 0.933813 -0.159957
vn 0.303346 0.933779 -0.189835
vn 0.303346 0.933779 -0.189835
vn 0.286324 0.932653 -0.219491
vn -0.002160 0.999970 0.007461
vn -0.003031 0.999980 0.005556
vn -0.003031 0.999980 0.005556
vn -0.003902 0.999986 0.003652
vn 0.061521 0.997905 -0.020023
vn 0.061521 0.997905 -0.020023
vn 0.061521 0.997905 -0.020023
vn -0.925049 -0.022279 0.379194
vn -0.912231 -0.020927 0.409143
vn -0.912231 -0.020927 0.409143
vn -0.898442 -0.019553 0.438656
vn 0.011963 0.999826 -0.014280
vn 0.015618 0.999859 -0.006130
vn 0.015618 0.999859 -0.006130
vn 0.019272 0.999812 0.002021
vn -0.010237 0.100591 -0.994875
vn 0.090292 0.072692 -0.993259
vn 0.090292 0.072692 -0.993259
vn 0.189839 0.044000 -0.980829
vn 0.006155 0.943272 0.331964
vn 0.141771 0.922494 0.359033
vn 0.141771 0.922494 0.359033
vn 0.274615 0.883677 0.379081
vn -0.002904 0.997875 0.065091
vn -0.033186 0.998783 0.036479
vn -0.033186 0.998783 0.036479
vn -0.063410 0.997957 0.007803
vn -0.031286 0.996477 0.077810
vn 0.069819 0.989191 0.128944
vn 0.092135 0.976032 0.197161
vn 0.120948 0.980587 0.154340
vn 0.024764 0.999665 -0.007463
vn 0.130823 0.976348 0.172133
vn 0.130823 0.976348 0.172133
vn 0.130823 0.976348 0.172133
vn -0.035886 0.998981 0.027367
vn 0.023329 0.997746 -0.062919
vn 0.023329 0.997746 -0.062919
vn 0.082272 0.984878 -0.152471
vn -0.044983 0.990548 0.129580
vn -0.036596 0.992849 0.113631
vn -0.036596 0.992849 0.113631
vn -0.028197 0.994822 0.097644
vn -0.003683 0.999992 -0.001679
vn -0.003811 0.999992 -0.000902
vn -0.003811 0.999992 -0.000902
vn -0.003939 0.999992 -0.000125
vn -0.001975 0.848743 -0.528802
vn -0.001975 0.848743 -0.528802
vn -0.001975 0.848743 -0.528802
vn 0.246887 0.959583 0.135084
vn 0.246887 0.959583 0.135084
vn 0.246887 0.959583 0.135084
vn -0.998826 -0.043620 -0.021052
vn -0.999045 -0.041816 -0.012683
vn -0.999045 -0.041816 -0.012683
vn -0.999190 -0.040009 -0.004314
vn -0.208057 0.040244 -0.977288
vn -0.140316 0.028840 -0.989687
vn -0.140316 0.028840 -0.989687
vn -0.071891 0.017296 -0.997263
vn -0.507858 0.821305 -0.259882
vn -0.425948 0.894806 -0.133756
vn -0.425948 0.894806 -0.133756
vn -0.332103 0.943235 -0.003882
vn -0.087684 0.995948 -0.019956
vn -0.088560 0.994309 -0.059219
vn -0.088560 0.994309 -0.059219
vn -0.089299 0.991133 -0.098390
vn -0.051990 0.965314 -0.255862
vn -0.051347 0.966206 -0.252606
vn -0.051347 0.966206 -0.252606
vn -0.050704 0.967086 -0.249347
vn -0.064325 -0.031696 0.997425
vn -0.098820 -0.019790 0.994909
vn -0.098820 -0.019790 0.994909
vn -0.133183 -0.007858 0.991060
vn -0.329712 0.942542 -0.053898
vn -0.321457 0.946366 -0.032512
vn -0.321457 0.946366 -0.032512
vn -0.313029 0.949679 -0.011108
vn -0.998395 -0.043512 -0.036258
vn -0.998680 -0.042447 -0.028933
vn -0.998680 -0.042447 -0.028933
vn -0.998910 -0.041379 -0.021606
vn -0.122076 0.991979 0.032778
vn -0.122076 0.991979 0.032778
vn -0.122076 0.991979 0.032778
vn -0.965697 -0.019239 0.258956
vn -0.973940 -0.022772 0.225661
vn -0.973940 -0.022772 0.225661
vn -0.981024 -0.026278 0.192096
vn 0.095190 0.845417 -0.525556
vn 0.004409 0.978021 -0.208458
vn 0.004409 0.978021 -0.208458
vn -0.086928 0.987027 0.134983
vn -0.003955 0.999992 -0.000147
vn -0.003955 0.999992 -0.000147
vn -0.003955 0.999992 -0.000147
vn 0.955075 0.023584 0.295425
vn 0.948673 0.024433 0.315314
vn 0.948673 0.024433 0.315314
vn 0.941856 0.025272 0.335064
vn -0.026118 -0.006934 -0.999635
vn -0.159013 0.026315 -0.986926
vn -0.159013 0.026315 -0.986926
vn -0.288898 0.059066 -0.955536
vn 0.009863 0.999934 -0.005929
vn 0.003461 0.997227 -0.074335
vn 0.003461 0.997227 -0.074335
vn -0.002958 0.989806 -0.142390
vn -0.984811 -0.004871 0.173564
vn -0.941322 -0.024661 0.336608
vn -0.941322 -0.024661 0.336608
vn -0.870660 -0.043740 0.489936
vn 0.000379 1.000000 -0.000676
vn 0.000379 1.000000 -0.000676
vn 0.000379 1.000000 -0.000676
vn 0.000306 1.000000 -0.000733
vn 0.000306 1.000000 -0.000733
vn 0.000306 1.000000 -0.000733
vn 0.000310 1.000000 -0.000737
vn 0.000307 1.000000 -0.000740
vn 0.000307 1.000000 -0.000740
vn 0.000305 1.000000 -0.000744
vn 0.018302 0.972054 0.234042
vn 0.018302 0.972054 0.234042
vn 0.018302 0.972054 0.234042
vn -0.209278 0.013336 0.977765
vn -0.185747 0.011877 0.982526
vn -0.185747 0.011877 0.982526
vn -0.162110 0.010411 0.986718
vn -0.023423 0.926398 0.375818
vn -0.023423 0.926398 0.375818
vn -0.023423 0.926398 0.375818
vn -0.327727 0.933601 0.144856
vn -0.234207 0.923907 0.302562
vn -0.234207 0.923907 0.302562
vn -0.132791 0.883066 0.450068
vn -0.985475 -0.030134 0.167125
vn -0.973946 -0.011584 0.226485
vn -0.973946 -0.011584 0.226485
vn -0.958520 0.007012 0.284940
vn -0.211426 0.056107 0.975782
vn -0.235360 0.032495 0.971365
vn -0.235360 0.032495 0.971365
vn -0.259023 0.008845 0.965831
vn -0.073789 0.995314 0.062491
vn -0.073789 0.995314 0.062491
vn -0.073789 0.995314 0.062491
vn -0.018746 0.991846 0.126058
vn -0.018746 0.991846 0.126058
vn -0.018746 0.991846 0.126058
vn -0.196965 0.875278 0.441693
vn -0.196965 0.875278 0.441693
vn -0.196965 0.875278 0.441693
vn -0.002065 0.992244 0.124290
vn -0.000296 0.990445 0.137908
vn -0.000296 0.990445 0.137908
vn 0.001473 0.988456 0.151500
vn -0.163210 0.920498 0.355029
vn -0.080105 0.971999 0.220909
vn -0.080105 0.971999 0.220909
vn 0.005206 0.996725 0.080703
vn -0.108945 0.926882 -0.359195
vn -0.108945 0.926882 -0.359195
vn -0.108945 0.926882 -0.359195
vn -0.036970 0.998679 0.035681
vn -0.036970 0.998679 0.035681
vn -0.036970 0.998679 0.035681
vn -0.424596 -0.019293 0.905178
vn -0.355582 0.038137 0.933867
vn -0.355582 0.038137 0.933867
vn -0.283409 0.095228 0.954259
vn -0.987873 -0.005554 0.155162
vn -0.987873 -0.005554 0.155162
vn -0.987873 -0.005554 0.155162
vn -0.027491 0.995004 -0.095979
vn -0.045916 0.997845 -0.046877
vn -0.045916 0.997845 -0.046877
vn -0.064215 0.997933 0.002354
vn -0.986001 0.001836 0.166730
vn -0.986610 -0.006960 0.162948
vn -0.986610 -0.006960 0.162948
vn -0.987128 -0.015756 0.159151
vn -0.301233 0.951914 0.055843
vn -0.176326 0.974323 0.140014
vn -0.111821 0.979391 0.168194
vn -0.001133 0.974489 0.224433
vn 0.021967 0.973880 0.226000
vn 0.026598 0.972695 0.230558
vn -0.080303 0.985687 0.148228
vn -0.079453 0.985559 0.149537
vn -0.079453 0.985559 0.149537
vn -0.078602 0.985427 0.150846
vn 0.000160 1.000000 -0.000675
vn 0.000197 0.999999 -0.001341
vn 0.000197 0.999999 -0.001341
vn 0.000235 0.999998 -0.002006
vn 0.168147 0.977379 0.128285
vn 0.204089 0.974495 0.093308
vn 0.204089 0.974495 0.093308
vn 0.239517 0.969152 0.058097
vn -0.964561 -0.008571 0.263720
vn -0.975553 -0.010937 0.219491
vn -0.975553 -0.010937 0.219491
vn -0.984513 -0.013280 0.174806
vn 0.239760 -0.017591 0.970673
vn 0.090271 -0.005515 0.995902
vn 0.090271 -0.005515 0.995902
vn -0.061306 0.006690 0.998097
vn 0.011210 0.990921 0.133980
vn -0.012263 0.986852 0.161164
vn -0.012263 0.986852 0.161164
vn -0.035721 0.981493 0.188137
vn -0.127477 0.988978 0.075312
vn 0.001885 0.999743 0.022583
vn 0.002370 0.999374 0.035303
vn 0.000923 0.999996 -0.002630
vn 0.066692 0.997766 -0.004005
vn -0.239425 0.968048 0.074562
vn -0.202576 0.978915 0.026240
vn -0.202576 0.978915 0.026240
vn -0.164956 0.986051 -0.022182
vn -0.227791 0.964957 0.130269
vn -0.262939 0.950550 0.165283
vn -0.280838 0.940701 0.190292
vn -0.306631 0.926100 0.219812
vn -0.315711 0.918093 0.239649
vn 0.001469 0.999996 -0.002509
vn 0.000801 0.999997 -0.002423
vn 0.000801 0.999997 -0.002423
vn 0.000132 0.999997 -0.002338
vn -0.076940 0.993533 -0.083504
vn -0.037711 0.998378 -0.042645
vn -0.037711 0.998378 -0.042645
vn 0.001640 0.999997 -0.001649
vn 0.312020 0.945541 0.092709
vn 0.312020 0.945541 0.092709
vn 0.312020 0.945541 0.092709
vn 0.641466 0.098948 0.760744
vn 0.777339 0.055538 0.626625
vn 0.777339 0.055538 0.626625
vn 0.883414 0.009999 0.468486
vn -0.059502 0.993790 0.094027
vn -0.021999 0.997798 0.062573
vn -0.021999 0.997798 0.062573
vn 0.015557 0.999399 0.030969
vn -0.001204 0.999999 0.000510
vn -0.001088 0.999999 0.000536
vn -0.001088 0.999999 0.000536
vn -0.000971 0.999999 0.000562
vn 0.053115 0.989902 0.131425
vn 0.053115 0.989902 0.131425
vn 0.053115 0.989902 0.131425
vn 0.092808 0.950656 -0.296041
vn 0.082223 0.955098 -0.284653
vn 0.082223 0.955098 -0.284653
vn 0.071617 0.959290 -0.273190
vn -0.968811 -0.031794 0.245752
vn -0.925250 -0.025643 0.378490
vn -0.925250 -0.025643 0.378490
vn -0.863596 -0.018990 0.503827
vn -0.001558 0.999999 -0.000318
vn -0.001558 0.999999 -0.000318
vn -0.001558 0.999999 -0.000318
vn 0.000467 0.999999 0.001270
vn 0.000467 0.999999 0.001270
vn 0.000467 0.999999 0.001270
vn 0.272729 0.679913 0.680689
vn 0.236062 0.682293 0.691918
vn 0.236062 0.682293 0.691918
vn 0.199047 0.683665 0.702127
vn -0.165415 0.782456 0.600333
vn 0.034992 0.850502 0.524807
vn 0.034992 0.850502 0.524807
vn 0.233633 0.875599 0.422779
vn -0.237082 0.810170 0.536113
vn -0.237082 0.810170 0.536113
vn -0.237082 0.810170 0.536113
vn 0.049941 0.825116 0.562752
vn 0.049941 0.825116 0.562752
vn 0.049941 0.825116 0.562752
vn -0.284371 0.875412 0.390881
vn -0.182541 0.910077 0.372075
vn -0.182541 0.910077 0.372075
vn -0.078534 0.933889 0.348832
vn 0.265972 0.008793 -0.963941
vn 0.315917 0.022138 -0.948529
vn 0.315917 0.022138 -0.948529
vn 0.364942 0.035420 -0.930356
vn -0.016557 -0.104361 -0.994402
vn 0.087599 -0.027898 -0.995765
vn 0.087599 -0.027898 -0.995765
vn 0.190292 0.049032 -0.980502
vn 0.063880 0.954423 -0.291542
vn 0.072228 0.948966 -0.306995
vn 0.072228 0.948966 -0.306995
vn 0.080553 0.943189 -0.322345
vn 0.267923 0.953613 0.137257
vn 0.247580 0.936075 0.249935
vn 0.247580 0.936075 0.249935
vn 0.223915 0.905977 0.359259
vn 0.152441 0.985919 0.068744
vn 0.047353 0.986349 0.157714
vn 0.047353 0.986349 0.157714
vn -0.058633 0.968078 0.243694
vn -0.124326 0.988738 0.083311
vn -0.168881 0.975491 0.141056
vn -0.168881 0.975491 0.141056
vn -0.212507 0.956884 0.198027
vn -0.209463 0.954807 0.210877
vn -0.209463 0.954807 0.210877
vn -0.209463 0.954807 0.210877
vn 0.045388 0.991878 0.118818
vn 0.038820 0.991681 0.122723
vn 0.035328 0.991107 0.128291
vn 0.030295 0.990650 0.133018
vn 0.028340 0.989829 0.139410
vn 0.372570 0.670300 0.641786
vn 0.121838 0.707730 0.695898
vn 0.121838 0.707730 0.695898
vn -0.137081 0.697603 0.703249
f 572/592/1 573/593/2 37/35/3
f 32/30/4 33/31/5 315/123/6
f 315/123/6 33/31/5 314/32/7
f 365/17/8 14/14/9 364/16/10
f 364/16/10 14/14/9 15/15/11
f 364/16/12 15/15/13 635/776/14
f 635/776/14 15/15/13 634/775/15
f 366/18/16 186/174/17 365/17/18
f 365/17/18 186/174/17 14/14/19
f 304/372/20 290/20/21 308/374/22
f 308/374/22 290/20/21 100/95/23
f 293/373/24 184/172/25 443/422/26
f 443/422/26 184/172/25 610/704/27
f 32/30/28 315/123/29 30/29/30
f 30/29/30 315/123/29 496/125/31
f 260/46/32 46/44/33 262/45/34
f 68/66/35 204/195/36 67/65/37
f 67/65/37 204/195/36 205/196/38
f 410/338/39 409/337/40 73/71/41
f 73/71/41 409/337/40 203/194/42
f 291/103/43 295/81/44 439/368/45
f 439/368/45 295/81/44 88/86/46
f 310/101/47 198/189/48 435/364/49
f 435/364/49 198/189/48 434/363/50
f 510/495/51 512/497/52 22/21/53
f 135/122/54 319/23/55 320/121/56
f 320/121/56 319/23/55 318/24/57
f 372/28/58 371/625/59 634/775/60
f 634/775/60 371/625/59 635/776/61
f 314/32/62 33/31/63 317/34/64
f 317/34/64 33/31/63 25/626/65
f 360/302/66 264/38/67 359/301/68
f 264/38/67 265/40/69 359/301/68
f 359/301/68 265/40/69 41/39/70
f 27/627/71 566/587/72 44/42/73
f 44/42/73 566/587/72 567/588/74
f 567/588/75 568/589/76 44/42/77
f 481/465/78 208/199/79 487/471/80
f 487/471/80 208/199/79 488/472/81
f 48/629/82 47/628/83 568/589/84
f 47/628/83 44/42/85 568/589/84
f 35/33/86 276/428/87 58/56/88
f 58/56/88 276/428/87 274/258/89
f 263/47/90 50/48/91 479/463/92
f 479/463/92 50/48/91 480/464/93
f 57/55/94 60/58/95 577/597/96
f 577/597/96 60/58/95 576/596/97
f 60/58/95 59/57/98 576/596/97
f 576/596/97 59/57/98 56/54/99
f 60/58/100 206/197/101 59/57/102
f 59/57/102 206/197/101 207/198/103
f 65/63/104 470/454/105 582/602/106
f 582/602/106 470/454/105 581/601/107
f 65/63/108 467/451/109 470/454/110
f 470/454/110 467/451/109 68/66/111
f 403/331/112 71/69/113 406/334/114
f 406/334/114 71/69/113 73/71/115
f 282/211/116 280/88/117 92/91/118
f 92/91/118 280/88/117 503/487/119
f 226/218/120 385/313/121 648/860/122
f 97/93/123 289/416/124 95/92/125
f 103/391/126 632/772/127 289/98/128
f 289/98/128 632/772/127 288/96/129
f 98/94/130 103/97/131 97/420/132
f 97/420/132 103/97/131 289/395/133
f 105/100/134 107/631/135 104/99/136
f 104/99/136 107/631/135 106/102/137
f 109/105/138 108/104/139 104/381/140
f 104/381/140 108/104/139 105/100/141
f 109/390/142 292/632/143 108/394/144
f 108/394/144 292/632/143 293/633/145
f 199/190/146 313/267/147 434/363/148
f 434/363/148 313/267/147 435/364/149
f 363/305/150 361/303/151 362/304/152
f 111/106/153 362/304/152 110/388/154
f 110/388/154 362/304/152 361/303/151
f 337/282/155 338/283/156 200/191/157
f 200/191/157 338/283/156 311/634/158
f 341/286/159 599/619/160 113/108/161
f 113/108/161 599/619/160 326/271/162
f 538/520/163 539/521/164 535/519/165
f 126/115/166 277/259/167 278/260/168
f 131/119/169 130/118/170 277/259/171
f 277/259/171 130/118/170 278/260/172
f 135/122/173 276/120/174 319/23/175
f 319/23/175 276/120/174 35/429/176
f 34/636/177 349/133/178 350/134/179
f 145/638/180 144/639/181 137/124/182
f 137/124/182 144/639/181 142/130/183
f 146/135/184 349/133/185 34/640/186
f 258/249/187 303/143/188 257/417/189
f 257/417/189 303/143/188 153/141/190
f 417/345/191 307/153/192 416/344/193
f 416/344/193 307/153/192 196/186/194
f 302/382/195 301/642/196 89/377/197
f 303/392/198 302/643/199 153/393/200
f 153/393/200 302/643/199 89/378/201
f 459/440/202 650/862/203 287/644/204
f 547/529/205 237/229/206 177/167/207
f 450/431/208 174/164/209 449/430/210
f 449/430/210 174/164/209 455/436/211
f 176/166/212 456/437/213 175/165/214
f 175/165/214 456/437/213 451/432/215
f 235/227/216 454/435/217 172/162/218
f 449/430/219 455/436/220 237/229/221
f 237/229/221 455/436/220 177/167/222
f 247/239/223 181/169/224 246/238/225
f 513/498/226 520/505/227 182/170/228
f 182/170/228 520/505/227 521/506/229
f 516/501/230 517/502/231 523/508/232
f 523/508/232 517/502/231 270/254/233
f 366/18/234 367/645/235 186/174/236
f 186/174/236 367/645/235 368/176/237
f 190/179/238 191/180/239 574/594/240
f 574/594/240 191/180/239 573/593/241
f 573/593/241 191/180/239 37/35/242
f 191/180/243 190/179/244 482/466/245
f 380/308/246 193/182/247 390/318/248
f 390/318/248 193/182/247 391/319/249
f 383/311/250 384/312/251 228/220/252
f 228/220/252 384/312/251 227/219/253
f 387/315/254 388/316/255 224/216/256
f 224/216/256 388/316/255 223/215/257
f 230/222/258 379/307/259 229/221/260
f 229/221/260 379/307/259 382/310/261
f 281/183/262 503/487/263 509/493/264
f 280/88/265 509/493/264 503/487/263
f 195/185/266 87/85/267 440/369/268
f 440/369/268 87/85/267 441/370/269
f 422/412/270 306/264/271 425/409/272
f 425/409/272 306/264/271 424/353/273
f 329/274/274 330/275/275 199/190/276
f 199/190/276 330/275/275 436/365/277
f 436/365/277 330/275/275 115/110/278
f 336/281/279 337/282/280 335/280/281
f 335/280/281 337/282/280 200/191/282
f 73/71/283 203/194/284 74/72/285
f 74/72/285 203/194/284 202/193/286
f 204/195/287 68/66/288 465/449/289
f 465/449/289 68/66/288 467/451/290
f 206/197/291 60/58/292 493/478/293
f 493/478/293 60/58/292 494/479/294
f 59/57/295 207/198/296 495/480/297
f 495/480/297 207/198/296 36/650/298
f 487/471/299 488/472/300 482/466/301
f 482/466/301 488/472/300 191/180/302
f 191/180/303 488/472/304 37/35/305
f 37/35/305 488/472/304 489/473/306
f 51/49/307 55/53/308 210/201/309
f 210/201/309 55/53/308 211/202/310
f 229/221/311 382/310/312 228/220/313
f 228/220/313 382/310/312 383/311/314
f 384/312/315 385/313/316 227/219/317
f 227/219/317 385/313/316 649/861/318
f 225/217/319 386/314/320 224/216/321
f 224/216/321 386/314/320 387/315/322
f 222/214/323 223/215/324 389/317/325
f 389/317/325 223/215/324 388/316/326
f 463/447/327 214/205/328 459/440/329
f 459/440/329 214/205/328 458/439/330
f 461/442/331 169/445/332 460/441/333
f 460/441/333 169/445/332 215/206/334
f 458/439/335 214/205/336 217/208/337
f 460/441/338 215/206/339 217/208/340
f 217/208/340 215/206/339 218/209/341
f 216/207/342 217/208/343 219/210/344
f 217/208/345 218/209/346 219/210/347
f 507/491/348 220/212/349 396/324/350
f 396/324/350 220/212/349 221/213/351
f 502/486/352 231/223/353 501/485/354
f 501/485/354 231/223/353 508/492/355
f 236/228/356 177/167/357 548/530/358
f 176/166/359 551/533/360 241/233/361
f 241/233/361 551/533/360 240/232/362
f 550/532/363 233/225/364 176/166/365
f 454/435/366 232/224/367 172/162/368
f 452/433/369 234/226/370 175/165/371
f 120/114/372 118/113/373 242/234/374
f 523/508/375 524/509/376 516/501/377
f 516/501/377 524/509/376 515/500/378
f 527/512/379 181/169/380 526/511/381
f 526/511/381 181/169/380 256/248/382
f 183/171/383 252/244/384 180/168/385
f 180/168/385 252/244/384 251/243/386
f 267/251/387 533/517/388 183/171/389
f 183/171/389 533/517/388 252/244/390
f 534/518/391 245/237/392 255/247/393
f 256/248/394 181/169/395 247/239/396
f 246/238/397 181/169/398 528/513/399
f 528/513/399 181/169/398 527/512/400
f 457/438/401 259/250/402 531/515/403
f 250/242/404 268/252/405 249/241/406
f 253/245/407 267/251/408 250/242/409
f 250/242/409 267/251/408 268/252/410
f 180/168/411 269/253/412 183/171/413
f 183/171/413 269/253/412 522/507/414
f 180/168/415 254/246/416 269/253/417
f 269/253/417 254/246/416 270/254/418
f 182/170/419 249/241/420 513/498/421
f 267/251/422 513/498/421 268/252/423
f 268/252/423 513/498/421 249/241/420
f 270/254/424 517/502/425 269/253/426
f 269/253/426 517/502/425 518/503/427
f 54/52/428 477/461/429 478/462/430
f 243/235/431 120/114/432 242/234/433
f 306/264/434 305/263/435 424/353/436
f 424/353/436 305/263/435 197/187/437
f 309/266/438 308/265/439 301/379/440
f 301/379/440 308/265/439 89/87/441
f 198/189/442 114/109/443 434/363/444
f 434/363/444 114/109/443 328/273/445
f 313/267/446 199/190/447 437/366/448
f 437/366/448 199/190/447 436/365/449
f 403/331/450 404/332/451 71/69/452
f 344/289/453 112/107/454 114/109/455
f 464/448/456 70/68/457 75/73/458
f 75/73/458 70/68/457 399/327/459
f 583/603/460 70/68/461 582/602/462
f 582/602/462 70/68/461 65/63/463
f 64/62/464 579/599/465 469/453/466
f 469/453/466 579/599/465 580/600/467
f 575/595/468 576/596/469 355/297/470
f 355/297/470 576/596/469 56/54/471
f 56/54/472 58/56/473 355/297/474
f 355/297/474 58/56/473 354/296/475
f 485/469/476 490/474/477 39/37/478
f 39/37/478 490/474/477 491/475/479
f 53/51/480 477/461/481 353/295/482
f 353/295/482 477/461/481 54/52/483
f 473/457/484 50/48/485 472/456/486
f 570/590/487 39/37/488 38/36/489
f 327/272/490 116/111/491 326/271/492
f 326/271/492 116/111/491 113/108/493
f 112/107/494 328/273/495 114/109/496
f 329/274/497 328/273/498 332/277/499
f 332/277/499 328/273/498 112/107/500
f 329/274/501 332/277/502 330/275/503
f 330/275/503 332/277/502 333/278/504
f 329/274/505 199/190/506 328/273/507
f 328/273/507 199/190/506 434/363/508
f 596/616/509 597/617/510 333/278/511
f 333/278/511 597/617/510 331/276/512
f 331/276/513 115/110/514 333/278/515
f 333/278/515 115/110/514 330/275/516
f 595/615/517 596/616/518 112/107/519
f 112/107/519 596/616/518 332/277/520
f 596/616/518 333/278/521 332/277/520
f 336/281/522 335/280/523 113/108/524
f 113/108/524 335/280/523 341/286/525
f 116/111/526 336/281/527 113/108/528
f 336/281/529 116/111/530 337/282/531
f 337/282/531 116/111/530 294/192/532
f 312/653/533 338/283/534 294/192/535
f 294/192/535 338/283/534 337/282/536
f 598/618/537 331/276/538 597/617/539
f 335/280/540 115/110/541 341/286/542
f 341/286/542 115/110/541 331/276/543
f 599/619/544 341/286/545 598/618/546
f 598/618/546 341/286/545 331/276/547
f 577/597/548 578/598/549 57/55/550
f 57/55/550 578/598/549 346/291/551
f 602/623/552 146/135/553 601/622/554
f 601/622/554 146/135/553 348/293/555
f 146/135/556 34/654/557 348/293/558
f 348/293/558 34/654/557 62/60/559
f 53/51/560 353/295/561 476/460/562
f 476/460/562 353/295/561 55/53/563
f 353/295/564 54/52/565 352/294/566
f 352/294/566 54/52/565 275/50/567
f 353/295/568 352/294/569 55/53/570
f 55/53/570 352/294/569 211/202/571
f 476/460/572 55/53/573 475/459/574
f 475/459/574 55/53/573 51/49/575
f 190/179/576 355/297/577 192/181/578
f 192/181/578 355/297/577 354/296/579
f 574/594/580 575/595/581 190/179/582
f 190/179/582 575/595/581 355/297/583
f 39/37/584 360/302/585 38/36/586
f 38/36/586 360/302/585 359/301/587
f 327/272/588 363/305/589 116/111/590
f 116/111/590 363/305/589 201/655/591
f 363/305/589 362/304/592 201/655/591
f 500/484/593 501/485/594 506/490/595
f 506/490/595 501/485/594 508/492/596
f 390/318/597 391/319/598 379/307/599
f 379/307/599 391/319/598 382/310/600
f 384/312/601 383/311/602 392/320/603
f 383/311/602 382/310/604 392/320/603
f 382/310/604 391/319/605 392/320/603
f 392/320/606 393/321/607 384/312/608
f 384/312/608 393/321/607 385/313/609
f 386/314/610 393/321/611 387/315/612
f 387/315/612 393/321/611 394/322/613
f 387/315/614 394/322/615 388/316/616
f 388/316/616 394/322/615 395/323/617
f 388/316/618 395/323/619 389/317/620
f 389/317/620 395/323/619 381/309/621
f 391/319/622 193/182/623 392/320/624
f 392/320/624 193/182/623 393/321/625
f 394/322/626 393/321/627 395/323/628
f 395/323/628 393/321/627 193/182/629
f 395/323/630 193/182/631 381/309/632
f 381/309/632 193/182/631 380/308/633
f 222/214/634 389/317/635 221/213/636
f 221/213/636 389/317/635 396/324/637
f 75/73/638 399/327/639 18/657/640
f 18/657/640 399/327/639 400/328/641
f 407/335/642 408/336/643 399/327/644
f 399/327/644 408/336/643 400/328/645
f 584/604/646 402/330/647 583/603/648
f 583/603/648 402/330/647 70/68/649
f 406/334/650 585/605/651 403/331/652
f 403/331/652 585/605/651 586/606/653
f 402/330/654 406/334/655 74/72/656
f 74/72/656 406/334/655 73/71/657
f 585/605/658 406/334/659 584/604/660
f 584/604/660 406/334/659 402/330/661
f 402/330/662 74/72/663 407/335/664
f 399/327/665 70/68/666 407/335/667
f 407/335/667 70/68/666 402/330/668
f 408/336/669 407/335/670 202/193/671
f 202/193/671 407/335/670 74/72/672
f 73/71/673 71/69/674 410/338/675
f 411/339/676 76/74/677 78/76/678
f 78/76/678 76/74/677 427/356/679
f 305/263/680 412/340/681 197/187/682
f 197/187/682 412/340/681 413/341/683
f 78/76/684 197/187/685 411/339/686
f 411/339/686 197/187/685 413/341/687
f 412/340/688 417/345/689 413/341/690
f 413/341/690 417/345/689 416/344/691
f 79/77/692 78/76/693 428/357/694
f 428/357/694 78/76/693 427/356/695
f 297/387/696 423/352/697 425/410/698
f 425/410/698 423/352/697 422/351/699
f 79/77/700 424/353/701 78/76/702
f 78/76/702 424/353/701 197/187/703
f 425/354/704 424/353/705 426/355/706
f 426/355/706 424/353/705 79/77/707
f 589/609/708 427/356/709 588/608/710
f 588/608/710 427/356/709 76/74/711
f 428/357/712 427/356/713 590/610/714
f 590/610/714 427/356/713 589/609/715
f 436/365/716 115/110/717 200/191/718
f 200/191/718 115/110/717 335/280/719
f 437/366/720 436/365/721 311/396/722
f 311/396/722 436/365/721 200/191/723
f 344/289/724 114/109/725 87/85/726
f 87/85/726 114/109/725 84/82/727
f 114/109/725 438/367/728 84/82/727
f 438/367/729 439/368/730 84/82/731
f 84/82/731 439/368/730 88/86/732
f 88/86/733 83/660/734 441/370/735
f 441/370/735 83/660/734 440/369/736
f 87/85/737 84/82/738 441/370/739
f 88/86/740 441/370/741 84/82/742
f 293/373/743 443/422/744 108/380/745
f 105/100/746 108/380/745 611/705/747
f 443/422/744 611/705/747 108/380/745
f 444/423/748 445/424/749 446/425/750
f 446/425/750 445/424/749 447/426/751
f 171/161/752 449/430/753 173/163/754
f 450/431/755 449/430/756 244/236/757
f 244/236/757 449/430/756 171/161/758
f 118/113/759 451/432/760 244/236/761
f 244/236/761 451/432/760 450/431/762
f 451/432/763 118/113/764 175/165/765
f 175/165/765 118/113/764 120/114/766
f 552/534/767 452/433/768 175/165/769
f 455/436/770 453/434/771 177/167/772
f 177/167/772 453/434/771 238/230/773
f 456/437/774 176/166/775 453/434/776
f 453/434/776 176/166/775 241/233/777
f 238/230/778 549/531/779 239/231/780
f 232/224/781 454/435/782 240/232/783
f 240/232/783 454/435/782 241/233/784
f 241/233/784 454/435/782 453/434/785
f 174/164/786 456/437/787 455/436/788
f 455/436/788 456/437/787 453/434/789
f 456/437/790 174/164/791 451/432/792
f 451/432/792 174/164/791 450/431/793
f 173/163/794 449/430/795 237/229/796
f 168/159/797 459/440/798 286/155/799
f 286/155/799 459/440/798 287/661/800
f 169/445/801 461/442/802 652/864/803
f 458/439/804 217/208/805 213/204/806
f 213/204/806 217/208/805 216/207/807
f 459/440/808 458/439/809 167/158/810
f 167/158/810 458/439/809 213/204/811
f 214/205/812 460/441/813 217/208/814
f 463/447/815 461/442/816 214/205/817
f 214/205/817 461/442/816 460/441/818
f 285/443/819 461/442/820 284/156/821
f 284/156/821 461/442/820 168/159/822
f 286/155/823 284/156/824 168/159/825
f 122/712/826 613/707/827 612/706/828
f 612/706/828 613/707/827 462/446/829
f 459/440/830 168/159/831 463/447/832
f 168/159/833 461/442/834 463/447/835
f 67/65/836 468/452/837 469/453/838
f 469/453/838 468/452/837 64/62/839
f 205/196/840 466/450/841 67/65/842
f 67/65/842 466/450/841 468/452/843
f 470/454/844 68/66/845 469/453/846
f 469/453/846 68/66/845 67/65/847
f 470/454/848 469/453/849 581/601/850
f 581/601/850 469/453/849 580/600/851
f 579/599/852 64/62/853 578/598/854
f 578/598/854 64/62/853 346/291/855
f 46/44/856 260/46/857 49/663/858
f 260/46/857 261/43/859 49/663/858
f 473/457/860 472/456/861 324/269/862
f 324/269/862 472/456/861 261/43/859
f 472/456/861 49/663/858 261/43/859
f 474/458/863 473/457/864 357/299/865
f 357/299/865 473/457/864 324/269/866
f 357/299/867 192/181/868 474/458/869
f 192/181/868 475/459/870 474/458/869
f 192/181/871 354/296/872 475/459/873
f 475/459/873 354/296/872 476/460/874
f 58/56/875 274/258/876 354/296/877
f 358/300/878 53/51/879 274/258/876
f 274/258/876 53/51/879 354/296/877
f 354/296/877 53/51/879 476/460/880
f 358/300/881 323/268/882 53/51/883
f 53/51/883 323/268/882 477/461/884
f 323/268/885 133/664/886 477/461/887
f 52/665/888 478/462/889 133/664/886
f 478/462/889 477/461/887 133/664/886
f 51/49/890 210/201/891 480/464/892
f 480/464/892 210/201/891 479/463/893
f 474/458/894 480/464/895 473/457/896
f 473/457/896 480/464/895 50/48/897
f 480/464/898 474/458/899 51/49/900
f 51/49/900 474/458/899 475/459/901
f 482/466/902 190/179/903 192/181/904
f 486/470/905 487/471/906 192/181/907
f 192/181/907 487/471/906 482/466/908
f 45/666/909 481/465/910 486/470/911
f 486/470/911 481/465/910 487/471/912
f 490/474/913 485/469/914 489/473/915
f 489/473/915 485/469/914 37/35/916
f 570/590/917 571/591/918 39/37/919
f 39/37/919 571/591/918 485/469/920
f 571/591/921 572/592/922 485/469/923
f 485/469/923 572/592/922 37/35/924
f 488/472/925 208/199/926 489/473/927
f 489/473/927 208/199/926 209/200/928
f 490/474/929 489/473/930 484/468/931
f 484/468/931 489/473/930 209/200/932
f 490/474/933 484/468/934 491/475/935
f 491/475/935 484/468/934 40/477/936
f 63/61/937 316/667/938 494/479/939
f 494/479/939 316/667/938 493/478/940
f 60/58/941 57/55/942 494/479/943
f 63/61/944 494/479/945 61/59/946
f 61/59/946 494/479/945 57/55/947
f 56/54/948 495/480/949 58/56/950
f 56/54/951 59/57/952 495/480/953
f 396/324/954 389/317/955 498/482/956
f 498/482/956 389/317/955 381/309/957
f 498/482/958 381/309/959 499/483/960
f 499/483/960 381/309/959 380/308/961
f 499/483/962 380/308/963 500/484/964
f 500/484/964 380/308/963 390/318/965
f 379/307/966 501/485/967 390/318/968
f 390/318/968 501/485/967 500/484/969
f 230/222/970 502/486/971 379/307/972
f 379/307/972 502/486/971 501/485/973
f 90/89/974 555/537/975 556/538/976
f 504/488/977 498/482/978 505/489/979
f 505/489/979 498/482/978 499/483/980
f 505/489/981 499/483/982 506/490/983
f 506/490/983 499/483/982 500/484/984
f 507/491/985 396/324/986 504/488/987
f 504/488/987 396/324/986 498/482/988
f 375/494/989 511/496/990 23/22/991
f 23/22/991 511/496/990 510/495/992
f 510/495/993 511/496/994 512/497/995
f 522/507/996 269/253/997 519/504/998
f 519/504/998 269/253/997 518/503/999
f 273/257/1000 529/514/1001 515/500/1002
f 515/500/1002 529/514/1001 516/501/1003
f 516/501/1004 529/514/1005 517/502/1006
f 517/502/1006 529/514/1005 525/510/1007
f 525/510/1008 272/256/1009 517/502/1010
f 517/502/1010 272/256/1009 518/503/1011
f 519/504/1012 518/503/1013 271/255/1014
f 271/255/1014 518/503/1013 272/256/1015
f 519/504/1016 271/255/1017 520/505/1018
f 520/505/1018 271/255/1017 514/499/1019
f 520/505/1020 514/499/1021 521/506/1022
f 521/506/1022 514/499/1021 248/240/1023
f 513/498/1024 522/507/1025 520/505/1026
f 520/505/1026 522/507/1025 519/504/1027
f 183/171/1028 522/507/1029 267/251/1030
f 267/251/1030 522/507/1029 513/498/1031
f 523/508/1032 270/254/1033 255/247/1034
f 255/247/1034 270/254/1033 254/246/1035
f 654/866/1036 524/509/1037 523/508/1038
f 248/240/1039 514/499/1040 526/511/1041
f 526/511/1041 514/499/1040 527/512/1042
f 528/513/1043 527/512/1044 273/257/1045
f 273/257/1045 527/512/1044 529/514/1046
f 527/512/1047 514/499/1048 272/256/1049
f 272/256/1049 514/499/1048 271/255/1050
f 525/510/1051 529/514/1052 272/256/1053
f 272/256/1053 529/514/1052 527/512/1054
f 531/515/1055 259/250/1056 171/161/1057
f 251/243/1058 532/516/1059 180/168/1060
f 180/168/1060 532/516/1059 254/246/1061
f 533/517/1062 267/251/1063 253/245/1064
f 532/516/1065 534/518/1066 254/246/1067
f 254/246/1067 534/518/1066 255/247/1068
f 128/116/1069 539/521/1070 212/203/1071
f 212/203/1071 539/521/1070 538/520/1072
f 540/522/1073 539/521/1074 128/116/1075
f 541/523/1076 321/669/1077 322/670/1078
f 322/670/1078 321/669/1077 543/525/1079
f 541/523/1080 322/672/1081 544/526/1082
f 322/672/1081 134/671/1083 544/526/1082
f 134/671/1083 542/524/1084 544/526/1082
f 545/527/1085 266/26/1086 541/523/1087
f 541/523/1087 266/26/1086 321/673/1088
f 542/524/1089 26/25/1090 544/526/1091
f 544/526/1091 26/25/1090 546/528/1092
f 236/228/1093 547/529/1094 177/167/1095
f 177/167/1096 238/230/1097 548/530/1098
f 548/530/1098 238/230/1097 239/231/1099
f 235/227/1100 549/531/1101 454/435/1102
f 549/531/1101 238/230/1103 454/435/1102
f 238/230/1103 453/434/1104 454/435/1102
f 550/532/1105 176/166/1106 234/226/1107
f 234/226/1107 176/166/1106 175/165/1108
f 551/533/1109 176/166/1110 233/225/1111
f 243/235/1112 552/534/1113 120/114/1114
f 120/114/1114 552/534/1113 175/165/1115
f 119/481/1116 553/535/1117 554/536/1118
f 554/536/1119 553/535/1120 117/112/1121
f 556/538/1122 555/537/1123 91/90/1124
f 369/539/1125 368/540/1126 557/542/1127
f 557/542/1127 368/540/1126 367/541/1128
f 370/543/1129 369/544/1130 558/546/1131
f 558/546/1131 369/544/1130 557/545/1132
f 258/547/1133 257/548/1134 558/550/1135
f 558/550/1135 257/548/1134 370/549/1136
f 29/551/1137 22/552/1138 559/554/1139
f 559/554/1139 22/552/1138 512/553/1140
f 559/556/1141 554/557/1142 29/555/1143
f 29/555/1143 554/557/1142 117/558/1144
f 23/560/1145 376/561/1146 375/559/1147
f 375/559/1147 376/561/1146 560/562/1148
f 376/564/1149 377/565/1150 560/563/1151
f 560/563/1151 377/565/1150 561/566/1152
f 377/568/1153 152/569/1154 561/567/1155
f 561/567/1155 152/569/1154 562/570/1156
f 152/572/1157 21/573/1158 562/571/1159
f 562/571/1159 21/573/1158 563/574/1160
f 21/576/1161 448/577/1162 563/575/1163
f 563/575/1163 448/577/1162 564/578/1164
f 564/579/1165 448/580/1166 565/582/1167
f 565/582/1167 448/580/1166 378/581/1168
f 378/584/1169 90/585/1170 565/583/1171
f 565/583/1171 90/585/1170 556/586/1172
f 566/587/1173 43/41/1174 567/588/1175
f 492/476/1176 568/589/1177 42/674/1178
f 568/589/1177 567/588/1179 42/674/1178
f 43/41/1180 42/674/1178 567/588/1179
f 48/675/1181 568/589/1182 492/476/1183
f 126/115/1184 129/117/1185 277/259/1186
f 325/270/1187 570/590/1188 38/36/1189
f 483/467/1190 571/591/1191 325/270/1192
f 325/270/1192 571/591/1191 570/590/1193
f 2/2/1194 572/592/1195 483/467/1196
f 483/467/1196 572/592/1195 571/591/1197
f 2/2/1198 3/3/1199 572/592/1200
f 572/592/1200 3/3/1199 573/593/1201
f 4/4/1202 574/594/1203 3/3/1204
f 3/3/1204 574/594/1203 573/593/1205
f 4/4/1206 356/298/1207 574/594/1208
f 574/594/1208 356/298/1207 575/595/1209
f 356/298/1210 5/5/1211 575/595/1212
f 575/595/1212 5/5/1211 576/596/1213
f 5/5/1214 6/6/1215 576/596/1216
f 576/596/1216 6/6/1215 577/597/1217
f 6/6/1218 347/292/1219 577/597/1220
f 577/597/1220 347/292/1219 578/598/1221
f 347/292/1222 471/455/1223 578/598/1224
f 578/598/1224 471/455/1223 579/599/1225
f 579/599/1226 471/455/1227 580/600/1228
f 580/600/1228 471/455/1227 7/7/1229
f 580/600/1230 7/7/1231 581/601/1232
f 581/601/1232 7/7/1231 8/8/1233
f 8/8/1234 582/602/1235 581/601/1236
f 8/8/1237 9/9/1238 582/602/1239
f 582/602/1239 9/9/1238 583/603/1240
f 9/9/1241 401/329/1242 583/603/1243
f 583/603/1243 401/329/1242 584/604/1244
f 401/329/1245 10/10/1246 584/604/1247
f 584/604/1247 10/10/1246 585/605/1248
f 586/606/1249 585/605/1250 10/10/1251
f 10/10/1252 419/348/1253 586/606/1254
f 586/606/1254 419/348/1253 587/607/1255
f 419/348/1256 11/11/1257 587/607/1258
f 587/607/1258 11/11/1257 588/608/1259
f 11/11/1260 420/349/1261 588/608/1262
f 588/608/1262 420/349/1261 589/609/1263
f 420/349/1264 590/610/1265 589/609/1266
f 420/349/1267 12/12/1268 590/610/1269
f 590/610/1269 12/12/1268 591/611/1270
f 334/279/1271 13/13/1272 596/616/1273
f 596/616/1273 13/13/1272 597/617/1274
f 598/618/1275 597/617/1276 340/285/1277
f 340/285/1277 597/617/1276 13/13/1278
f 1/1/1279 599/619/1280 340/285/1281
f 340/285/1281 599/619/1280 598/618/1282
f 326/271/1283 599/619/1284 1/1/1285
f 61/59/1286 602/623/1287 63/61/1288
f 63/61/1288 602/623/1287 601/622/1289
f 92/677/1290 93/678/1291 282/676/1292
f 282/676/1292 93/678/1291 604/679/1293
f 444/680/1294 446/681/1295 93/683/1296
f 93/683/1296 446/681/1295 604/682/1297
f 309/685/1298 447/686/1299 308/684/1300
f 308/684/1300 447/686/1299 445/687/1301
f 497/689/1302 605/691/1303 308/688/1304
f 308/688/1304 605/691/1303 304/690/1305
f 605/692/1306 497/693/1307 606/695/1308
f 606/695/1308 497/693/1307 99/694/1309
f 102/697/1310 608/699/1311 607/696/1312
f 607/696/1312 608/699/1311 569/698/1313
f 608/701/1314 609/703/1315 569/700/1316
f 569/700/1316 609/703/1315 101/702/1317
f 613/708/1318 122/709/1319 615/711/1320
f 615/711/1320 122/709/1319 614/710/1321
f 96/713/1322 94/714/1323 616/716/1324
f 616/716/1324 94/714/1323 283/715/1325
f 283/718/1326 121/719/1327 616/717/1328
f 616/717/1328 121/719/1327 617/720/1329
f 125/721/1330 279/722/1331 618/724/1332
f 618/724/1332 279/722/1331 619/723/1333
f 125/726/1334 621/727/1335 536/725/1336
f 536/725/1336 621/727/1335 620/728/1337
f 621/729/1338 125/730/1339 618/731/1340
f 536/732/1341 620/733/1342 537/735/1343
f 537/735/1343 620/733/1342 123/734/1344
f 31/736/1345 24/737/1346 623/739/1347
f 623/739/1347 24/737/1346 622/738/1348
f 31/740/1349 623/741/1350 25/743/1351
f 25/743/1351 623/741/1350 317/742/1352
f 457/745/1353 624/747/1354 259/744/1355
f 259/744/1355 624/747/1354 24/746/1356
f 622/748/1357 24/749/1358 625/751/1359
f 625/751/1359 24/749/1358 624/750/1360
f 625/753/1361 626/754/1362 622/752/1363
f 622/752/1363 626/754/1362 627/755/1364
f 622/756/1365 627/757/1366 628/759/1367
f 628/759/1367 627/757/1366 629/758/1368
f 496/761/1369 633/773/1370 30/760/1371
f 30/760/1371 633/773/1370 373/774/1372
f 127/765/1373 630/767/1374 124/764/1375
f 124/764/1375 630/767/1374 179/766/1376
f 178/768/1377 179/769/1378 631/771/1379
f 631/771/1379 179/769/1378 630/770/1380
f 633/773/1381 371/762/1382 373/774/1383
f 373/774/1383 371/762/1382 372/763/1384
f 385/313/1385 393/321/1386 386/314/1387
f 36/630/1388 35/33/1389 495/480/1390
f 495/480/1390 35/33/1389 58/56/1391
f 423/784/1392 297/785/1393 307/787/1394
f 307/787/1394 297/785/1393 196/786/1395
f 294/797/1396 198/798/1397 312/796/1398
f 312/796/1398 198/798/1397 310/799/1399
f 116/801/1400 114/802/1401 294/800/1402
f 294/800/1402 114/802/1401 198/803/1403
f 63/813/1404 274/814/1405 316/812/1406
f 316/812/1406 274/814/1405 276/815/1407
f 54/817/1408 50/818/1409 275/816/1410
f 275/816/1410 50/818/1409 263/819/1411
f 45/820/1412 486/821/1413 40/823/1414
f 40/823/1414 486/821/1413 491/822/1415
f 486/824/1416 192/825/1417 491/827/1418
f 491/827/1418 192/825/1417 39/826/1419
f 132/849/1420 643/850/1421 131/848/1422
f 131/848/1422 643/850/1421 642/851/1423
f 98/852/1424 97/853/1425 644/855/1426
f 644/855/1426 97/853/1425 645/854/1427
f 629/857/1428 647/858/1429 628/856/1430
f 628/856/1430 647/858/1429 646/859/1431
f 648/860/1432 385/313/1433 225/217/1434
f 225/217/1434 385/313/1433 386/314/1435
f 649/861/1436 385/313/1437 226/218/1438
f 651/863/1439 166/157/1440 459/440/1441
f 459/440/1442 166/157/1443 650/862/1444
f 167/158/1445 651/863/1446 459/440/1447
f 170/160/1448 461/442/1449 653/865/1450
f 652/864/1451 461/442/1452 170/160/1453
f 653/865/1454 461/442/1455 285/444/1456
f 255/247/1457 245/237/1458 523/508/1459
f 245/237/1458 654/866/1460 523/508/1459
f 70/68/1461 464/448/1462 65/63/1463
f 65/63/1463 464/448/1462 69/67/1464
f 467/451/1465 65/63/1466 69/67/1467
f 69/67/1468 17/662/1469 467/451/1470
f 467/451/1470 17/662/1469 465/449/1471
f 411/339/1472 415/343/1473 76/74/1474
f 76/74/1474 415/343/1473 418/347/1475
f 587/607/1476 588/608/1477 418/347/1478
f 418/347/1478 588/608/1477 76/74/1479
f 413/341/1480 416/344/1481 411/339/1482
f 411/339/1482 416/344/1481 415/343/1483
f 586/606/1484 587/607/1485 403/331/1486
f 403/331/1486 587/607/1485 404/332/1487
f 587/607/1485 418/347/1488 404/332/1487
f 143/132/1489 142/130/1490 146/135/1491
f 146/135/1491 142/130/1490 144/637/1492
f 655/867/1493 656/868/1494 147/136/1495
f 656/868/1496 655/867/1497 136/641/1498
f 658/871/1499 659/875/1500 28/261/1501
f 28/261/1501 659/875/1500 148/651/1502
f 639/833/1503 147/834/1504 638/832/1505
f 656/869/1506 136/835/1507 147/834/1504
f 147/834/1504 136/835/1507 638/832/1505
f 145/846/1508 137/847/1509 641/845/1510
f 641/845/1510 137/847/1509 640/844/1511
f 139/836/1512 638/837/1513 138/839/1514
f 138/839/1514 638/837/1513 136/838/1515
f 668/882/1516 28/27/1517 669/883/1518
f 669/883/1518 28/27/1517 148/137/1519
f 666/879/1520 669/883/1521 187/427/1522
f 187/427/1522 669/883/1521 148/137/1523
f 666/879/1524 187/427/1525 665/880/1526
f 665/880/1526 187/427/1525 151/140/1527
f 137/124/1528 142/130/1529 351/635/1530
f 351/635/1530 142/130/1529 141/129/1531
f 143/132/1532 141/129/1533 142/130/1534
f 141/841/1535 641/842/1536 351/840/1537
f 351/840/1537 641/842/1536 640/843/1538
f 141/129/1539 655/867/1540 147/136/1541
f 136/641/1542 655/867/1543 138/126/1544
f 138/126/1544 655/867/1543 149/138/1545
f 668/882/1546 141/129/1547 667/881/1548
f 667/881/1548 141/129/1547 143/132/1549
f 141/129/1550 149/138/1551 655/867/1552
f 138/126/1553 149/138/1554 139/127/1555
f 139/127/1555 149/138/1554 140/128/1556
f 140/829/1557 639/830/1558 139/828/1559
f 139/828/1559 639/830/1558 638/831/1560
f 672/886/1561 670/884/1562 671/885/1563
f 671/885/1563 670/884/1562 140/128/1564
f 149/138/1565 669/883/1566 671/885/1567
f 671/885/1567 669/883/1566 666/879/1568
f 140/128/1569 670/884/1570 150/139/1571
f 669/883/1572 149/138/1573 668/882/1574
f 668/882/1574 149/138/1573 141/129/1575
f 149/138/1576 671/885/1577 140/128/1578
f 672/886/1579 671/885/1580 665/880/1581
f 665/880/1581 671/885/1580 666/879/1582
f 346/291/1583 345/290/1584 57/55/1585
f 57/55/1585 345/290/1584 61/59/1586
f 64/62/1587 468/452/1588 66/64/1589
f 466/450/1590 16/649/1591 468/452/1592
f 468/452/1592 16/649/1591 66/64/1593
f 64/62/1594 66/64/1595 346/291/1596
f 346/291/1596 66/64/1595 345/290/1597
f 69/809/1598 66/810/1599 17/808/1600
f 17/808/1600 66/810/1599 16/811/1601
f 603/624/1602 143/132/1603 602/623/1604
f 602/623/1604 143/132/1603 146/135/1605
f 345/290/1606 603/624/1607 61/59/1608
f 61/59/1608 603/624/1607 602/623/1609
f 603/624/1610 345/290/1611 673/889/1612
f 673/889/1612 345/290/1611 397/888/1613
f 397/888/1613 345/290/1611 66/64/1614
f 603/624/1615 667/881/1616 143/132/1617
f 667/881/1618 188/131/1619 668/882/1620
f 668/882/1620 188/131/1619 28/27/1621
f 188/131/1622 667/881/1623 673/889/1624
f 673/889/1624 667/881/1623 603/624/1625
f 71/69/1626 404/332/1627 410/338/1628
f 410/338/1628 404/332/1627 405/333/1629
f 69/67/1630 600/620/1631 66/621/1632
f 600/620/1633 397/887/1634 66/621/1635
f 674/779/1636 156/144/1637 154/142/1638
f 154/142/1638 156/144/1637 157/145/1639
f 374/780/1640 157/781/1641 637/783/1642
f 637/783/1642 157/781/1641 156/782/1643
f 661/874/1644 660/873/1645 157/145/1646
f 157/145/1646 660/873/1645 154/142/1647
f 659/872/1648 660/873/1649 148/646/1650
f 148/646/1650 660/873/1649 187/175/1651
f 660/873/1652 661/874/1653 187/175/1654
f 187/175/1654 661/874/1653 151/306/1655
f 185/173/1656 165/647/1657 189/178/1658
f 189/178/1658 165/647/1657 155/648/1659
f 660/873/1660 659/872/1661 154/142/1662
f 154/142/1662 659/872/1661 189/178/1663
f 154/142/1664 189/178/1665 674/779/1666
f 674/779/1666 189/178/1665 155/418/1667
f 398/326/1668 464/448/1669 75/73/1670
f 398/326/1671 75/73/1672 530/325/1673
f 530/325/1673 75/73/1672 18/656/1674
f 600/620/1675 69/67/1676 398/326/1677
f 398/326/1677 69/67/1676 464/448/1678
f 410/338/1679 405/333/1680 72/70/1681
f 409/337/1682 410/338/1683 19/658/1684
f 19/658/1684 410/338/1683 72/70/1685
f 530/807/1686 19/804/1687 398/806/1688
f 398/806/1688 19/804/1687 72/805/1689
f 657/870/1690 658/871/1691 188/177/1692
f 188/177/1692 658/871/1691 28/261/1693
f 415/343/1694 416/344/1695 414/342/1696
f 414/342/1696 416/344/1695 196/186/1697
f 414/346/1698 418/347/1699 415/343/1700
f 662/876/1701 418/347/1702 414/346/1703
f 418/347/1704 662/876/1705 404/332/1706
f 404/332/1706 662/876/1705 405/333/1707
f 662/876/1708 663/877/1709 405/333/1710
f 163/150/1711 636/262/1712 300/19/1713
f 300/19/1713 636/262/1712 162/413/1714
f 189/178/1715 675/146/1716 185/173/1717
f 659/875/1718 658/871/1719 189/178/1720
f 189/178/1720 658/871/1719 675/146/1721
f 158/893/1722 300/389/1723 164/154/1724
f 164/154/1724 300/389/1723 162/152/1725
f 163/150/1726 300/19/1727 20/419/1728
f 20/419/1728 300/19/1727 160/652/1729
f 664/878/1730 663/877/1731 161/151/1732
f 663/877/1733 72/70/1734 405/333/1735
f 72/70/1736 397/149/1737 600/891/1738
f 664/878/1739 657/870/1740 673/890/1741
f 673/890/1741 657/870/1740 188/177/1742
f 397/149/1743 72/70/1744 673/890/1745
f 673/890/1745 72/70/1744 664/878/1746
f 72/70/1747 600/891/1748 398/892/1749
f 664/878/1750 72/70/1751 663/877/1752
f 161/777/1753 299/778/1754 160/652/1755
f 160/652/1755 299/778/1754 20/419/1756
f 159/147/1757 161/151/1758 160/414/1759
f 675/146/1760 658/871/1761 159/147/1762
f 159/147/1762 658/871/1761 657/870/1763
f 300/389/1764 158/894/1765 160/415/1766
f 160/415/1766 158/894/1765 159/147/1767
f 298/668/1768 299/148/1769 414/346/1770
f 299/148/1769 161/151/1771 414/346/1770
f 414/346/1770 161/151/1771 662/876/1772
f 161/151/1771 663/877/1773 662/876/1772
f 657/870/1774 664/878/1775 159/147/1776
f 159/147/1776 664/878/1775 161/151/1777
f 426/355/1778 79/77/1779 77/75/1780
f 77/75/1780 79/77/1779 428/357/1781
f 677/912/1782 82/80/1783 676/915/1784
f 676/915/1784 82/80/1783 85/384/1785
f 431/386/1786 81/79/1787 432/385/1788
f 432/385/1788 81/79/1787 85/83/1789
f 194/184/1790 86/406/1791 195/185/1792
f 195/185/1792 86/406/1791 87/85/1793
f 594/614/1794 595/615/1795 343/288/1796
f 343/288/1796 595/615/1795 112/107/1797
f 678/910/1798 342/287/1799 677/913/1800
f 86/406/1801 82/399/1802 342/287/1799
f 677/913/1800 342/287/1799 82/399/1802
f 679/909/1803 343/288/1804 678/911/1805
f 678/911/1805 343/288/1804 342/287/1806
f 343/288/1807 679/909/1808 594/614/1809
f 679/909/1808 680/908/1810 594/614/1809
f 680/908/1810 593/613/1811 594/614/1809
f 342/287/1812 344/289/1813 86/406/1814
f 86/406/1814 344/289/1813 87/85/1815
f 112/107/1816 344/289/1817 343/288/1818
f 343/288/1818 344/289/1817 342/287/1819
f 591/611/1820 592/612/1821 77/75/1822
f 80/403/1823 297/188/1824 426/408/1825
f 426/408/1825 297/188/1824 425/411/1826
f 590/610/1827 591/611/1828 428/357/1829
f 428/357/1829 591/611/1828 77/75/1830
f 429/358/1831 80/402/1832 77/75/1833
f 77/75/1833 80/402/1832 426/355/1834
f 680/908/1835 681/906/1836 593/613/1837
f 676/914/1838 85/375/1839 682/903/1840
f 682/903/1840 85/375/1839 296/659/1841
f 194/371/1842 431/360/1843 86/84/1844
f 86/84/1844 431/360/1843 432/405/1845
f 82/397/1846 432/404/1847 85/383/1848
f 82/398/1849 86/407/1850 432/361/1851
f 12/12/1852 421/350/1853 591/611/1854
f 591/611/1854 421/350/1853 592/612/1855
f 683/907/1856 339/284/1857 681/906/1858
f 681/906/1858 339/284/1857 593/613/1859
f 594/614/1860 593/613/1861 339/284/1862
f 595/615/1863 594/614/1864 339/284/1865
f 339/284/1866 334/279/1867 595/615/1868
f 595/615/1868 334/279/1867 596/616/1869
f 83/792/1870 88/793/1871 81/795/1872
f 81/795/1872 88/793/1871 85/794/1873
f 297/788/1874 80/789/1875 196/791/1876
f 196/791/1876 80/789/1875 414/790/1877
f 682/916/1878 442/421/1879 676/904/1880
f 676/904/1880 442/421/1879 430/359/1881
f 676/895/1882 430/376/1883 677/896/1884
f 677/896/1884 430/376/1883 433/362/1885
f 677/897/1886 433/400/1887 678/898/1888
f 678/898/1888 433/400/1887 80/78/1889
f 678/899/1890 80/401/1891 679/900/1892
f 679/900/1892 80/401/1891 429/358/1893
f 680/901/1894 679/900/1895 429/358/1896
f 592/612/1897 681/902/1898 77/75/1899
f 681/902/1898 680/901/1900 77/75/1899
f 680/901/1900 429/358/1901 77/75/1899
f 681/902/1902 592/612/1903 683/905/1904
f 683/905/1904 592/612/1903 421/350/1905
