# This file uses centimeters as units for non-parametric coordinates.

v 0.073592 0.194212 0.247692
v -0.005449 0.200531 0.245009
v 0.012157 0.363003 0.278141
v -0.071429 0.214117 0.245950
v -0.080818 0.349204 0.255938
v 0.057018 0.212032 0.227356
v 0.067393 0.344460 0.254774
v -0.005747 0.279557 0.257748
v -0.100647 0.260915 0.252536
v 0.085719 0.276163 0.242686
v -0.004258 0.185042 0.256032
v 0.088222 0.353035 0.301330
v 0.016062 0.375460 0.328596
v -0.002089 0.275005 0.304783
v -0.085209 0.196822 0.263487
v -0.094070 0.357790 0.303401
v -0.119075 0.257284 0.275650
v 0.104569 0.272308 0.266748
v 0.124131 0.399576 0.287755
v 0.045101 0.426841 0.305215
v 0.107502 0.390540 0.267622
v 0.039383 0.417014 0.287905
v 0.133353 0.328822 0.255038
v 0.148405 0.329897 0.266495
v -0.047898 0.439428 0.261844
v -0.129951 0.413042 0.233871
v -0.160512 0.340986 0.227012
v -0.049998 0.449359 0.298706
v -0.143374 0.421731 0.280636
v -0.174407 0.341341 0.255413
v -0.043717 0.144555 0.240026
v -0.120901 0.160832 0.240692
v -0.040965 0.158084 0.230290
v -0.108352 0.176523 0.226345
v -0.148056 0.236742 0.236187
v -0.161677 0.230934 0.245214
v 0.104750 0.151664 0.212979
v 0.035878 0.138509 0.219470
v 0.090829 0.166922 0.198188
v 0.031703 0.150922 0.213822
v 0.126723 0.223246 0.210157
v 0.140948 0.217006 0.223514
v -0.051600 0.192721 0.264696
v -0.003372 0.231548 0.283882
v 0.053314 0.360648 0.312688
v 0.042023 0.191383 0.253447
v 0.031645 0.209378 0.235926
v 0.039103 0.350348 0.262674
v -0.005965 0.243348 0.252788
v -0.044287 0.210550 0.247725
v -0.050990 0.353244 0.264165
v -0.087126 0.321050 0.255719
v 0.073611 0.317738 0.249404
v -0.005249 0.316583 0.264333
v -0.081346 0.238490 0.251025
v 0.066681 0.236833 0.233026
v -0.048358 0.278263 0.259946
v 0.036189 0.278600 0.250967
v -0.057377 0.363543 0.313986
v -0.102575 0.324700 0.294502
v 0.095510 0.320867 0.291016
v -0.001227 0.320351 0.316807
v -0.097280 0.226805 0.269868
v 0.085679 0.224196 0.257192
v -0.055667 0.274261 0.297261
v 0.049682 0.273904 0.293123
v -0.004283 0.177652 0.244475
v 0.111310 0.243547 0.222640
v 0.113705 0.273931 0.248964
v -0.025008 0.421207 0.314625
v -0.134202 0.262332 0.255856
v -0.028650 0.159751 0.247701
v 0.133613 0.308109 0.267134
v 0.013388 0.393906 0.306424
v 0.080083 0.423812 0.299539
v 0.069442 0.411999 0.278732
v 0.128672 0.356406 0.258799
v 0.147547 0.360499 0.275144
v 0.145397 0.326930 0.259660
v 0.122564 0.403953 0.277932
v 0.037612 0.428088 0.297858
v 0.115204 0.308295 0.250264
v 0.028069 0.407543 0.312454
v 0.108514 0.376700 0.296257
v 0.022226 0.395970 0.285258
v 0.086112 0.365905 0.258379
v -0.084825 0.436150 0.246687
v -0.155374 0.374471 0.225120
v -0.091391 0.447894 0.293776
v -0.172147 0.377768 0.265960
v -0.145983 0.430783 0.251928
v -0.173448 0.340158 0.237368
v -0.044453 0.452524 0.279614
v -0.024223 0.408907 0.269308
v -0.101851 0.376301 0.244803
v -0.137626 0.309162 0.235958
v -0.116759 0.385989 0.295694
v -0.154991 0.308564 0.265795
v -0.075738 0.142638 0.239996
v -0.069168 0.159975 0.226330
v -0.137059 0.209876 0.230035
v -0.153266 0.199393 0.242687
v -0.038040 0.147461 0.233602
v -0.161494 0.238002 0.239258
v -0.121418 0.162066 0.229250
v -0.104293 0.176821 0.253732
v -0.026631 0.175588 0.237366
v -0.146381 0.246764 0.255867
v -0.088392 0.196639 0.235721
v -0.129959 0.252357 0.244768
v 0.064848 0.135679 0.214267
v 0.056561 0.151827 0.204327
v 0.116295 0.197467 0.201073
v 0.133383 0.186724 0.217763
v 0.030360 0.140379 0.215013
v 0.103831 0.151160 0.199442
v 0.139555 0.222686 0.215220
v 0.128894 0.237217 0.239515
v 0.017064 0.171001 0.227352
v 0.072417 0.191179 0.212118
v 0.020889 0.156165 0.233716
v 0.090564 0.171350 0.231825
v 0.043780 0.231125 0.274722
v -0.051857 0.231494 0.281364
v -0.054224 0.318596 0.309809
v 0.050298 0.317745 0.307164
v 0.036099 0.314553 0.256094
v -0.047469 0.314773 0.264374
v -0.044605 0.242978 0.255262
v 0.031992 0.243247 0.245504
v 0.042705 0.178066 0.218649
v 0.126373 0.250038 0.232240
v -0.120545 0.347340 0.239536
v -0.017085 0.165234 0.241564
v 0.067678 0.398645 0.308601
v -0.063614 0.161005 0.251752
v 0.128118 0.298422 0.255816
v -0.010767 0.420968 0.294631
v 0.078964 0.427606 0.289234
v 0.145634 0.365030 0.267094
v 0.013266 0.406955 0.302059
v 0.129426 0.340650 0.281826
v 0.053228 0.384167 0.269926
v 0.104238 0.336230 0.251446
v -0.173716 0.387118 0.240142
v -0.094755 0.455908 0.265558
v -0.075274 0.406434 0.306770
v -0.068254 0.393410 0.253977
v -0.151462 0.298100 0.247007
v -0.139386 0.351069 0.281864
v -0.076337 0.143995 0.229404
v -0.153499 0.200598 0.232251
v -0.132861 0.211776 0.256030
v -0.055406 0.182909 0.235271
v -0.112277 0.224896 0.239405
v -0.145011 0.260323 0.250360
v 0.064608 0.135272 0.203610
v 0.131938 0.186023 0.203737
v 0.009533 0.161124 0.231526
v 0.094325 0.217890 0.214340
v 0.053390 0.157025 0.232153
v 0.116716 0.204052 0.236811
v 0.175648 0.111573 -0.193046
v 0.287814 0.098267 -0.052370
v 0.287814 0.081819 0.121517
v 0.175648 0.068513 0.262194
v -0.005841 0.063430 0.315927
v -0.187331 0.068513 0.262194
v -0.299497 0.081819 0.121517
v -0.299497 0.098267 -0.052370
v -0.005841 0.116655 -0.246779
v -0.187331 0.111573 -0.193046
v -0.114183 0.094851 -0.125883
v -0.005842 0.098416 -0.163572
v -0.181141 0.085518 -0.027211
v -0.181141 0.073981 0.094756
v -0.114183 0.064648 0.193428
v -0.005842 0.061083 0.231117
v 0.102500 0.064648 0.193428
v 0.169458 0.073981 0.094756
v 0.169458 0.085518 -0.027211
v 0.102500 0.094851 -0.125883
v -0.074980 0.110937 -0.066434
v -0.005842 0.113212 -0.090486
v -0.117709 0.104981 -0.003467
v -0.117709 0.097619 0.074366
v -0.074980 0.091663 0.137334
v -0.005842 0.089388 0.161385
v 0.063296 0.091663 0.137334
v 0.106026 0.097619 0.074366
v 0.106026 0.104981 -0.003467
v 0.063296 0.110937 -0.066434
v -0.087377 0.135816 -0.064877
v -0.005842 0.138100 -0.089017
v -0.137769 0.129838 -0.001677
v -0.137769 0.122449 0.076443
v -0.087377 0.116471 0.139644
v -0.005842 0.114188 0.163784
v 0.075694 0.116471 0.139644
v 0.126086 0.122449 0.076443
v 0.126086 0.129838 -0.001677
v 0.075694 0.135816 -0.064877
v -0.005842 0.158206 -0.122545
v 0.098166 0.155293 -0.091752
v 0.162445 0.147667 -0.011134
v 0.162445 0.138242 0.088517
v 0.098166 0.130616 0.169135
v -0.005842 0.127704 0.199928
v -0.109849 0.130616 0.169135
v -0.174129 0.138242 0.088517
v -0.174129 0.147667 -0.011134
v -0.109849 0.155293 -0.091752
v -0.005842 0.235466 -0.138313
v 0.112113 0.232163 -0.103390
v 0.185013 0.223514 -0.011961
v 0.185013 0.212825 0.101052
v 0.112113 0.204177 0.192482
v -0.005842 0.197595 0.243759
v -0.123796 0.204177 0.192482
v -0.196696 0.212825 0.101052
v -0.196696 0.223514 -0.011961
v -0.123796 0.232163 -0.103390
v -0.005842 0.350933 -0.171618
v 0.139194 0.346872 -0.128677
v 0.228830 0.336238 -0.016257
v 0.228830 0.323095 0.122703
v 0.139194 0.312461 0.235123
v -0.005842 0.319070 0.257353
v -0.150877 0.312461 0.235123
v -0.240513 0.323095 0.122703
v -0.240513 0.336238 -0.016257
v -0.150877 0.346872 -0.128677
v -0.005842 0.487267 -0.099784
v 0.099990 0.484304 -0.068451
v 0.165397 0.476544 0.013582
v 0.165397 0.466953 0.114980
v 0.099990 0.459194 0.197013
v -0.005842 0.456230 0.228346
v -0.111673 0.459194 0.197013
v -0.177080 0.466953 0.114980
v -0.177080 0.476544 0.013582
v -0.111673 0.484304 -0.068451
v -0.046609 0.115330 0.151714
v -0.096586 0.065972 0.289060
v -0.060012 0.062866 0.212273
v -0.040411 0.090526 0.149360
v -0.057845 0.129160 0.184532
v -0.055783 0.204624 0.227282
v -0.067249 0.304636 0.241432
v -0.058757 0.457712 0.212679
v 0.034926 0.115330 0.151714
v 0.084903 0.065972 0.289060
v 0.048329 0.062866 0.212273
v 0.028727 0.090526 0.149360
v 0.046162 0.129160 0.184532
v 0.044100 0.204624 0.227282
v 0.055566 0.304636 0.241432
v 0.047074 0.457712 0.212679
v -0.131275 0.385828 0.216068
v -0.005842 0.382315 0.253205
v 0.197114 0.395024 0.118841
v 0.197114 0.406391 -0.001338
v -0.005842 0.419100 -0.135701
v -0.131275 0.415588 -0.098564
v -0.208797 0.395024 0.118841
v 0.119592 0.385828 0.216068
v 0.119592 0.415588 -0.098564
v -0.208797 0.406391 -0.001338
v -0.068558 0.384071 0.234636
v 0.056875 0.384071 0.234636
v 0.206921 0.279876 -0.014109
v 0.125653 0.289517 -0.116034
v -0.137336 0.289517 -0.116034
v -0.218605 0.279876 -0.014109
v -0.137336 0.258319 0.213802
v 0.206921 0.267960 0.111877
v -0.005842 0.293199 -0.154965
v -0.218605 0.267960 0.111877
v 0.125653 0.258319 0.213802
v -0.077805 0.254630 0.234357
v 0.066121 0.254630 0.234357
v -0.005842 0.513465 -0.020605
v 0.057065 0.511703 -0.001981
v 0.095943 0.507091 0.046779
v 0.095943 0.501390 0.107051
v 0.057065 0.496778 0.155811
v 0.025612 0.495897 0.165123
v -0.005842 0.495016 0.174436
v -0.037295 0.495897 0.165123
v -0.068748 0.496778 0.155811
v -0.107626 0.501390 0.107051
v -0.107626 0.507091 0.046779
v -0.068748 0.511703 -0.001981
v -0.126615 -0.241857 0.128090
v -0.128618 -0.224269 0.140840
v -0.163158 -0.210644 0.118958
v -0.133335 -0.239839 0.116250
v 0.193590 -0.205031 0.003075
v -0.156945 -0.184281 0.126731
v 0.036234 -0.206879 0.216937
v -0.199949 -0.076536 0.135702
v -0.177463 -0.057625 -0.032048
v 0.149180 -0.192779 0.144933
v 0.076401 -0.207443 0.185889
v -0.012236 -0.216959 0.213883
v -0.126477 -0.215155 0.176436
v 0.209779 -0.099295 -0.006823
v 0.239343 -0.051418 0.033322
v -0.200406 -0.272366 0.120518
v 0.205094 -0.260422 0.022257
v 0.196281 -0.274002 0.103010
v 0.080639 -0.308847 0.236932
v -0.195074 -0.223578 -0.060191
v -0.188383 -0.200346 -0.040156
v -0.193012 -0.228842 0.083934
v -0.235135 -0.070018 0.130537
v -0.223451 -0.026541 -0.033352
v 0.223281 -0.105983 0.136063
v 0.204430 -0.118165 0.158245
v 0.184422 -0.116423 0.164674
v 0.204122 -0.060232 0.066674
v 0.218422 -0.082597 0.150442
v 0.182181 -0.231797 0.106406
v 0.204434 -0.173732 0.121167
v 0.195844 -0.081998 0.146249
v -0.147255 -0.180121 -0.036646
v -0.211035 -0.245121 -0.004978
v -0.197903 -0.157372 -0.034866
v -0.199553 -0.035282 0.030893
v -0.242176 -0.045954 0.049723
v -0.161939 -0.210629 0.175846
v -0.069794 -0.291579 0.217885
v -0.051912 -0.210197 0.218401
v 0.045964 -0.258428 0.215927
v 0.165819 -0.167917 0.138579
v -0.179003 -0.150408 0.110343
v 0.159398 -0.192749 -0.005393
v 0.000147 -0.264600 0.226720
v 0.101031 -0.262537 0.227885
v -0.091973 -0.214264 0.220042
v 0.114061 -0.199173 0.165343
v 0.178749 -0.197989 -0.016778
v -0.190378 -0.177446 -0.043859
v 0.202804 -0.178988 -0.013194
v -0.200662 -0.080663 -0.046983
v -0.198522 -0.166993 0.096416
v 0.215456 -0.075254 0.009122
v -0.232845 -0.057635 0.128153
v 0.095757 -0.233938 0.195211
v 0.190040 -0.279738 0.094530
v 0.020891 -0.307667 0.253702
v -0.183027 -0.225844 -0.047051
v 0.090492 -0.308222 0.264816
v 0.041445 -0.220449 0.227306
v 0.124829 -0.222405 0.205325
v 0.143095 -0.248664 0.176212
v 0.155329 -0.280744 0.170054
v 0.224959 -0.075094 0.099204
v 0.199117 -0.273054 0.061022
v 0.236218 -0.053580 0.062570
v 0.226430 -0.099696 0.028246
v -0.115241 -0.249620 0.180401
v -0.156870 -0.240410 0.172715
v -0.158908 -0.280557 0.211003
v -0.019108 -0.242866 0.226856
v 0.174115 -0.212095 0.142542
v -0.200550 -0.191239 0.073097
v -0.209805 -0.259034 0.050772
v -0.234553 -0.022793 0.015852
v -0.196922 -0.206993 0.011250
v 0.227056 -0.159495 0.025554
v 0.245803 -0.086788 0.037881
v 0.250318 -0.022990 0.049299
v 0.209630 -0.283889 0.061655
v 0.203390 -0.284058 0.114462
v 0.192782 -0.064017 0.159937
v -0.225865 0.027718 -0.008521
v -0.201514 -0.193892 -0.047915
v -0.195005 0.019257 0.018138
v -0.218134 -0.270395 0.058109
v -0.200732 -0.296626 0.162053
v -0.201539 -0.220048 0.150893
v -0.119952 -0.202065 0.210143
v -0.132140 -0.272116 0.243016
v -0.106770 -0.262241 0.272467
v 0.039741 -0.336265 0.228470
v 0.000241 -0.269974 0.188946
v -0.198323 -0.090630 0.153091
v -0.169699 -0.063448 -0.051305
v -0.176052 -0.163474 0.126258
v 0.150698 -0.194652 -0.024714
v 0.158210 -0.183140 0.156570
v -0.119364 -0.198145 0.228851
v -0.028039 -0.287634 0.290891
v 0.243102 -0.056875 0.005137
v 0.254236 -0.027293 0.017296
v 0.207800 -0.118010 0.178557
v 0.205105 -0.248706 -0.003818
v 0.170086 -0.281763 0.106779
v 0.096661 -0.311996 0.281193
v 0.054130 -0.338030 0.286903
v -0.138957 -0.315047 0.162898
v -0.165111 -0.325135 0.121717
v -0.164555 -0.334115 0.161746
v 0.147640 -0.295404 0.202814
v 0.100928 -0.198753 0.185461
v 0.198961 -0.055637 0.124946
v -0.226069 -0.249414 0.006898
v -0.146576 -0.211717 0.060732
v 0.168870 -0.261414 0.182030
v 0.202070 -0.288129 0.023263
v 0.078776 -0.264556 0.161346
v -0.103993 -0.296310 0.163371
v -0.182425 -0.181791 -0.065154
v -0.005656 -0.247404 0.293007
v -0.210896 -0.204833 -0.006064
v -0.233748 -0.027770 -0.044719
v -0.254381 -0.061178 0.029836
v -0.236697 -0.073907 0.150845
v -0.258848 -0.092498 0.081720
v -0.250315 -0.032596 0.008517
v 0.255919 -0.116192 0.074849
v 0.183513 -0.126868 0.183635
v 0.182443 -0.282781 0.056200
v 0.205299 -0.021868 0.051366
v 0.221657 -0.264184 0.024347
v 0.208016 -0.205504 -0.004512
v 0.219961 -0.177065 0.095558
v 0.238529 -0.073405 0.109121
v 0.196885 -0.232499 0.109298
v 0.240202 -0.158630 0.085065
v 0.135284 -0.245038 0.077470
v -0.224988 -0.151704 -0.004634
v -0.207250 -0.252350 -0.033394
v -0.164734 -0.242367 0.025646
v -0.238302 -0.016342 0.024459
v -0.225241 -0.169638 0.071589
v -0.246464 -0.144695 0.068306
v -0.254994 -0.059009 0.110461
v -0.187820 -0.283669 0.115357
v -0.199377 -0.023901 0.125416
v -0.212621 -0.216799 0.049799
v -0.245104 -0.018540 0.118024
v -0.167460 -0.193190 0.173442
v -0.144235 -0.337962 0.148925
v -0.166279 -0.246505 0.191704
v -0.177036 -0.277099 0.210453
v -0.141064 -0.293585 0.249348
v -0.028220 -0.279871 0.193027
v -0.031514 -0.325337 0.219949
v -0.055143 -0.314123 0.282888
v -0.058224 -0.269018 0.294469
v -0.059714 -0.212114 0.278775
v 0.036557 -0.222516 0.287257
v 0.061501 -0.260983 0.288175
v 0.211717 -0.065230 -0.001640
v -0.156944 -0.152737 -0.048938
v -0.209107 -0.050141 -0.065182
v 0.210789 -0.095483 -0.024524
v -0.011450 -0.216926 0.270446
v -0.081347 -0.256914 0.151380
v -0.200992 -0.236921 0.119046
v -0.199536 -0.154949 -0.054433
v -0.206095 -0.184793 0.120972
v -0.098836 -0.210949 0.237405
v 0.236060 -0.110116 0.142304
v 0.228218 -0.068386 0.166889
v -0.214469 -0.147490 0.117134
v 0.099814 -0.239363 0.252883
v 0.207653 -0.178818 0.147086
v 0.082019 -0.329248 0.219220
v -0.002335 -0.328586 0.227922
v 0.121089 -0.308067 0.240454
v 0.002167 -0.324522 0.314965
v -0.170162 -0.274067 0.122572
v -0.148005 -0.311634 0.201504
v -0.172681 -0.234730 -0.051945
v -0.135156 -0.184222 -0.043285
v 0.005189 -0.337422 0.279899
v -0.209047 -0.281831 0.130960
v 0.196596 -0.290217 0.071739
v 0.188034 -0.290569 0.036471
v -0.143297 -0.317290 0.128929
v 0.071206 -0.284528 0.284128
v 0.019173 -0.337549 0.305130
v 0.035123 -0.313837 0.218969
v 0.060955 -0.314365 0.303550
v 0.164612 -0.209278 0.169280
v 0.134700 -0.303509 0.146568
v 0.128313 -0.238519 0.246722
v 0.221892 -0.045031 0.076299
v 0.243882 -0.147995 0.039768
v 0.176797 -0.206965 -0.029744
v -0.172215 -0.213012 -0.064428
v 0.116784 -0.277487 0.248805
v -0.203512 -0.224640 -0.075300
v 0.203997 -0.264579 0.122231
v -0.215861 -0.255773 0.104071
v 0.214066 -0.172500 -0.022505
v -0.035998 -0.247159 0.287459
v 0.173218 -0.229231 0.197074
v -0.140907 -0.218072 0.233761
v 0.194467 -0.177782 -0.035551
v -0.229213 -0.178808 0.009777
v -0.137718 -0.235288 0.235468
v 0.189680 -0.206031 0.150277
v -0.248772 -0.132833 0.019013
v -0.224285 -0.029479 0.078814
v -0.184282 -0.255233 0.015513
v -0.247077 -0.030357 0.074116
v -0.205557 -0.045123 0.075193
v 0.012876 -0.282280 0.304215
v -0.199484 -0.003781 0.068477
v 0.199663 -0.037880 0.120488
v 0.205402 -0.029251 0.096984
v 0.126233 -0.321188 0.179148
v -0.106675 -0.312994 0.237597
v -0.109689 -0.317189 0.259479
v -0.005568 -0.230323 -0.146234
v -0.103090 -0.232710 -0.115927
v -0.163362 -0.238960 -0.036581
v -0.163362 -0.246685 0.061496
v -0.103090 -0.252934 0.140842
v -0.005568 -0.255321 0.171149
v 0.096372 -0.275074 0.114470
v 0.149660 -0.269549 0.044318
v 0.152226 -0.238960 -0.036581
v 0.091954 -0.232710 -0.115927
v -0.112176 -0.191313 -0.124108
v -0.005568 -0.188704 -0.157239
v -0.178064 -0.198145 -0.037369
v -0.178064 -0.242341 0.069846
v -0.112176 -0.280830 0.186668
v -0.005568 -0.265730 0.216273
v 0.104405 -0.295398 0.176606
v 0.162659 -0.234100 0.051701
v 0.166928 -0.198145 -0.037369
v 0.101040 -0.191313 -0.124108
v -0.119994 -0.138044 -0.129496
v -0.005568 -0.135244 -0.165056
v -0.190712 -0.145377 -0.036397
v -0.198798 -0.190532 0.075494
v -0.115192 -0.203487 0.210776
v -0.005280 -0.192741 0.244519
v 0.104746 -0.203487 0.210776
v 0.187751 -0.190532 0.075494
v 0.179576 -0.145377 -0.036397
v 0.108858 -0.138044 -0.129496
v -0.132586 -0.059717 -0.138875
v -0.005568 -0.056608 -0.178349
v -0.211087 -0.067857 -0.035531
v -0.211087 -0.077919 0.092210
v -0.132586 -0.082652 0.152310
v -0.005568 -0.084285 0.173039
v 0.121450 -0.082652 0.152310
v 0.199951 -0.077919 0.092210
v 0.199951 -0.067857 -0.035531
v 0.121450 -0.059717 -0.138875
v -0.118377 0.100977 -0.109471
v -0.005568 0.103738 -0.144529
v -0.188096 0.093747 -0.017687
v -0.188096 0.084812 0.095764
v -0.118377 0.079068 0.168679
v -0.005568 0.077618 0.187089
v 0.107241 0.079068 0.168679
v 0.176961 0.084812 0.095764
v 0.176961 0.093747 -0.017687
v 0.107241 0.100977 -0.109471
v -0.057053 -0.279989 -0.059294
v -0.005568 -0.278729 -0.075294
v -0.088873 -0.283289 -0.017404
v -0.088873 -0.287367 0.034373
v -0.057053 -0.290666 0.076263
v -0.005568 -0.291926 0.092263
v 0.045917 -0.290666 0.076263
v 0.077737 -0.287367 0.034373
v 0.077737 -0.283289 -0.017404
v 0.045917 -0.279989 -0.059294
v -0.051858 -0.291686 -0.053497
v -0.005568 -0.290553 -0.067883
v -0.080466 -0.294653 -0.015835
v -0.080466 -0.298319 0.030718
v -0.051858 -0.301286 0.068381
v -0.005568 -0.302419 0.082766
v 0.040722 -0.301286 0.068381
v 0.069330 -0.298319 0.030718
v 0.069330 -0.294653 -0.015835
v 0.040722 -0.291686 -0.053497
v -0.052731 -0.315100 -0.056843
v -0.005568 -0.313945 -0.071500
v -0.081879 -0.318122 -0.018471
v -0.081879 -0.321858 0.028960
v -0.052731 -0.324880 0.067333
v -0.005568 -0.326035 0.081990
v 0.041595 -0.324880 0.067333
v 0.070743 -0.321858 0.028960
v 0.070743 -0.318122 -0.018471
v 0.041595 -0.315100 -0.056843
v -0.058930 -0.330900 -0.066541
v -0.005568 -0.329594 -0.083125
v -0.091910 -0.334320 -0.023125
v -0.091910 -0.338547 0.030541
v -0.058930 -0.341967 0.073957
v -0.005568 -0.343273 0.090541
v 0.047794 -0.341967 0.073957
v 0.080774 -0.338547 0.030541
v 0.080774 -0.334320 -0.023125
v 0.047794 -0.330900 -0.066541
v -0.125481 -0.003221 -0.124173
v -0.199592 -0.010905 -0.026609
v 0.188456 -0.010905 -0.026609
v 0.114345 -0.003221 -0.124173
v -0.005568 -0.026573 0.172317
v 0.114345 -0.025032 0.152748
v -0.199592 -0.020404 0.093987
v -0.005568 -0.000285 -0.161439
v 0.188456 -0.020404 0.093987
v -0.125481 -0.025032 0.152748
v -0.130818 -0.119460 0.159091
v -0.010096 -0.115467 0.201067
v -0.126290 -0.098881 -0.134185
v -0.200900 -0.106617 -0.035964
v 0.189764 -0.106617 -0.035964
v 0.115154 -0.098881 -0.134185
v 0.110626 -0.119460 0.159091
v -0.200900 -0.116180 0.085445
v -0.005568 -0.095926 -0.171703
v 0.189764 -0.116180 0.085445
v -0.004908 -0.218224 0.248988
v -0.116936 -0.227756 0.210687
v 0.107121 -0.227756 0.210687
v -0.009923 -0.158908 0.250872
v -0.195806 -0.125997 -0.036181
v 0.112006 -0.118463 -0.131841
v 0.102924 -0.165943 0.217094
v -0.204115 -0.151901 0.099537
v -0.005568 -0.115585 -0.168380
v 0.193069 -0.151901 0.099537
v -0.123064 -0.165943 0.217094
v -0.123142 -0.118463 -0.131841
v 0.184670 -0.125997 -0.036181
vt 0.393832 0.872051
vt 0.383210 0.875498
vt 0.381909 0.859774
vt 0.395657 0.860467
vt 0.366130 0.879908
vt 0.366338 0.860433
vt 0.366952 0.841046
vt 0.382642 0.842005
vt 0.399003 0.843376
vt 0.383607 0.824010
vt 0.396784 0.825425
vt 0.368936 0.821195
vt 0.374426 0.799197
vt 0.386418 0.807872
vt 0.395841 0.813120
vt 0.350406 0.840833
vt 0.352225 0.820925
vt 0.331935 0.841075
vt 0.336702 0.819841
vt 0.340001 0.806203
vt 0.352365 0.803562
vt 0.349088 0.875904
vt 0.350494 0.859510
vt 0.338084 0.872484
vt 0.335725 0.860035
vt 0.489855 0.782999
vt 0.490218 0.801753
vt 0.477793 0.802895
vt 0.476252 0.788933
vt 0.490912 0.817951
vt 0.477743 0.818067
vt 0.461002 0.817397
vt 0.465686 0.802322
vt 0.467516 0.792173
vt 0.492705 0.834489
vt 0.479382 0.834658
vt 0.495237 0.854091
vt 0.479242 0.849636
vt 0.469115 0.847397
vt 0.466476 0.835780
vt 0.517833 0.815695
vt 0.514744 0.830753
vt 0.504080 0.831907
vt 0.503371 0.817104
vt 0.513827 0.840999
vt 0.506553 0.845636
vt 0.511920 0.792089
vt 0.513695 0.801703
vt 0.502441 0.802513
vt 0.503456 0.788972
vt 0.518021 0.785912
vt 0.522855 0.796001
vt 0.524723 0.779082
vt 0.530292 0.790227
vt 0.531701 0.798900
vt 0.526030 0.805282
vt 0.470907 0.828049
vt 0.469353 0.839247
vt 0.467833 0.838558
vt 0.469398 0.828092
vt 0.467820 0.849722
vt 0.466379 0.849166
vt 0.498899 0.768528
vt 0.507793 0.764584
vt 0.507656 0.767382
vt 0.501030 0.773250
vt 0.489778 0.772826
vt 0.482941 0.866683
vt 0.471596 0.861979
vt 0.473883 0.874899
vt 0.463619 0.872587
vt 0.451941 0.864392
vt 0.461213 0.855268
vt 0.407087 0.833730
vt 0.405426 0.838953
vt 0.402363 0.842023
vt 0.332162 0.788574
vt 0.331839 0.794517
vt 0.330889 0.793700
vt 0.331554 0.787784
vt 0.528665 0.821305
vt 0.533195 0.829031
vt 0.531105 0.829407
vt 0.525655 0.824244
vt 0.525221 0.814767
vt 0.330822 0.878476
vt 0.324550 0.864825
vt 0.325326 0.882424
vt 0.318274 0.868741
vt 0.315767 0.856917
vt 0.321387 0.851964
vt 0.401968 0.807668
vt 0.406392 0.821315
vt 0.406164 0.803854
vt 0.411413 0.817607
vt 0.411840 0.827140
vt 0.478012 0.773787
vt 0.480225 0.769248
vt 0.470779 0.768216
vt 0.470693 0.765547
vt 0.468998 0.817358
vt 0.467674 0.806328
vt 0.468674 0.805739
vt 0.470223 0.816601
vt 0.449370 0.829915
vt 0.444927 0.826661
vt 0.452519 0.818781
vt 0.441126 0.838782
vt 0.438242 0.838785
vt 0.479838 0.795199
vt 0.481029 0.809304
vt 0.478133 0.809577
vt 0.477210 0.795850
vt 0.478499 0.786923
vt 0.476661 0.787387
vt 0.445458 0.803241
vt 0.442936 0.803388
vt 0.443354 0.790688
vt 0.447143 0.792997
vt 0.606264 0.188143
vt 0.607060 0.188407
vt 0.607301 0.197593
vt 0.606221 0.197341
vt 0.607236 0.207212
vt 0.606413 0.207098
vt 0.449522 0.776686
vt 0.453211 0.780047
vt 0.459935 0.767633
vt 0.462704 0.771364
vt 0.466267 0.786181
vt 0.467019 0.786377
vt 0.467600 0.794307
vt 0.466612 0.794306
vt 0.791446 0.573204
vt 0.793976 0.572925
vt 0.794971 0.575611
vt 0.791668 0.576227
vt 0.315882 0.853204
vt 0.318451 0.850878
vt 0.446570 0.809356
vt 0.451707 0.808472
vt 0.793394 0.579128
vt 0.790970 0.579772
vt 0.350483 0.887571
vt 0.341620 0.886559
vt 0.343180 0.892022
vt 0.335933 0.891438
vt 0.455474 0.797935
vt 0.460678 0.786394
vt 0.469349 0.778916
vt 0.473917 0.878132
vt 0.460398 0.877727
vt 0.724662 0.186858
vt 0.727149 0.186720
vt 0.728291 0.200938
vt 0.725614 0.201849
vt 0.730168 0.210627
vt 0.728142 0.211547
vt 0.447390 0.869203
vt 0.439120 0.854218
vt 0.443903 0.850829
vt 0.479406 0.837553
vt 0.477280 0.836944
vt 0.477653 0.825610
vt 0.480563 0.826084
vt 0.319866 0.825937
vt 0.323799 0.812197
vt 0.312694 0.817668
vt 0.315466 0.806190
vt 0.324389 0.792181
vt 0.331659 0.798341
vt 0.454547 0.843247
vt 0.731128 0.163969
vt 0.729214 0.173036
vt 0.727026 0.172650
vt 0.729587 0.163628
vt 0.486094 0.871764
vt 0.496384 0.865505
vt 0.344151 0.790925
vt 0.337108 0.783524
vt 0.347340 0.781422
vt 0.356236 0.788020
vt 0.533851 0.841118
vt 0.530383 0.839023
vt 0.331830 0.807008
vt 0.330650 0.806689
vt 0.332164 0.821878
vt 0.330943 0.821876
vt 0.529041 0.855535
vt 0.525693 0.852243
vt 0.519469 0.866731
vt 0.516945 0.862920
vt 0.332247 0.830843
vt 0.331371 0.830883
vt 0.720194 0.417924
vt 0.719484 0.418446
vt 0.719679 0.412522
vt 0.720610 0.411629
vt 0.509659 0.871018
vt 0.509450 0.867984
vt 0.384751 0.791233
vt 0.392143 0.797720
vt 0.388542 0.788633
vt 0.396453 0.792965
vt 0.523348 0.834674
vt 0.519424 0.846316
vt 0.511712 0.855411
vt 0.504263 0.862650
vt 0.502701 0.868268
vt 0.720075 0.406341
vt 0.719389 0.407160
vt 0.377870 0.793751
vt 0.380376 0.790773
vt 0.528180 0.775361
vt 0.533823 0.787510
vt 0.326242 0.829099
vt 0.325390 0.828981
vt 0.326401 0.820540
vt 0.327494 0.820441
vt 0.327026 0.809117
vt 0.327999 0.808490
vt 0.533846 0.798775
vt 0.518157 0.766859
vt 0.515523 0.770828
vt 0.467995 0.860979
vt 0.466598 0.860988
vt 0.468589 0.868834
vt 0.467571 0.869032
vt 0.529242 0.807323
vt 0.326862 0.799124
vt 0.325997 0.799964
vt 0.325586 0.793867
vt 0.324960 0.794453
vt 0.509576 0.778755
vt 0.407358 0.856176
vt 0.405752 0.866366
vt 0.412179 0.862351
vt 0.411172 0.870862
vt 0.405192 0.882648
vt 0.400467 0.878265
vt 0.390106 0.886110
vt 0.396582 0.889819
vt 0.388516 0.892680
vt 0.380265 0.889575
vt 0.287714 0.179947
vt 0.308140 0.163776
vt 0.342105 0.189923
vt 0.334388 0.215878
vt 0.334659 0.027739
vt 0.342302 0.053015
vt 0.308262 0.079162
vt 0.287882 0.063671
vt 0.458702 0.088070
vt 0.431528 0.097549
vt 0.417026 0.073021
vt 0.437453 0.053901
vt 0.383982 0.190416
vt 0.391806 0.216976
vt 0.295213 0.121469
vt 0.269950 0.121809
vt 0.384181 0.052522
vt 0.392080 0.026641
vt 0.416885 0.169918
vt 0.437257 0.189717
vt 0.862445 0.050087
vt 0.866669 0.048570
vt 0.870647 0.069967
vt 0.866119 0.069909
vt 0.458604 0.155547
vt 0.431459 0.145390
vt 0.435974 0.121469
vt 0.465034 0.121809
vt 0.198363 0.098108
vt 0.203625 0.122122
vt 0.181909 0.122191
vt 0.178008 0.105079
vt 0.075378 0.152456
vt 0.064546 0.122191
vt 0.075361 0.091927
vt 0.103690 0.073222
vt 0.138570 0.072823
vt 0.166082 0.087636
vt 0.178017 0.139304
vt 0.166100 0.156747
vt 0.138596 0.171560
vt 0.103717 0.171161
vt 0.145194 0.192510
vt 0.097252 0.192158
vt 0.043491 0.122122
vt 0.058333 0.078837
vt 0.145155 0.051734
vt 0.182804 0.073416
vt 0.182831 0.170827
vt 0.058357 0.165406
vt 0.097214 0.052086
vt 0.198376 0.146135
vt 0.197540 0.189566
vt 0.150735 0.216946
vt 0.043330 0.180083
vt 0.024915 0.122133
vt 0.091462 0.028368
vt 0.150684 0.027320
vt 0.219026 0.155626
vt 0.091512 0.215898
vt 0.043299 0.064183
vt 0.219009 0.088641
vt 0.225620 0.122133
vt 0.197504 0.054700
vt 0.779005 0.840773
vt 0.776536 0.821624
vt 0.800274 0.826706
vt 0.800181 0.841748
vt 0.762638 0.035231
vt 0.759522 0.032835
vt 0.788885 0.009887
vt 0.790061 0.013799
vt 0.790091 0.126020
vt 0.788917 0.130047
vt 0.759542 0.107099
vt 0.762657 0.104587
vt 0.862455 0.089731
vt 0.866681 0.091364
vt 0.853527 0.113106
vt 0.850412 0.109951
vt 0.824997 0.009259
vt 0.823811 0.013291
vt 0.748314 0.069967
vt 0.752171 0.069909
vt 0.825029 0.130675
vt 0.823841 0.126528
vt 0.853504 0.026828
vt 0.850391 0.029867
vt 0.680465 0.379441
vt 0.656858 0.381574
vt 0.655776 0.348118
vt 0.679172 0.346974
vt 0.720167 0.366526
vt 0.703411 0.373708
vt 0.702569 0.344435
vt 0.722118 0.341612
vt 0.617717 0.097137
vt 0.636403 0.100556
vt 0.637423 0.128713
vt 0.620930 0.121293
vt 0.821254 0.840773
vt 0.823907 0.821624
vt 0.841091 0.821432
vt 0.836169 0.838454
vt 0.702569 0.301167
vt 0.722118 0.303702
vt 0.095221 0.871065
vt 0.088661 0.854617
vt 0.122297 0.855102
vt 0.122367 0.873451
vt 0.620930 0.033396
vt 0.637424 0.026563
vt 0.636404 0.057464
vt 0.617718 0.059381
vt 0.703411 0.271139
vt 0.720167 0.278268
vt 0.156022 0.854617
vt 0.149556 0.871065
vt 0.825132 0.749869
vt 0.822372 0.730842
vt 0.837882 0.733688
vt 0.843709 0.750583
vt 0.658814 0.103786
vt 0.681731 0.105358
vt 0.682959 0.137442
vt 0.659681 0.134963
vt 0.832958 0.798782
vt 0.827608 0.775252
vt 0.847255 0.775612
vt 0.846858 0.798912
vt 0.655776 0.297928
vt 0.679172 0.298953
vt 0.084665 0.832328
vt 0.083389 0.809019
vt 0.122163 0.809535
vt 0.122210 0.832546
vt 0.659682 0.021597
vt 0.682959 0.019885
vt 0.681731 0.055373
vt 0.658814 0.055960
vt 0.656857 0.263535
vt 0.680464 0.265611
vt 0.161064 0.809019
vt 0.159869 0.832328
vt 0.611830 0.342153
vt 0.615278 0.368227
vt 0.630473 0.345717
vt 0.611830 0.302851
vt 0.630473 0.299834
vt 0.086691 0.783632
vt 0.093923 0.766218
vt 0.122302 0.763996
vt 0.122226 0.783333
vt 0.708354 0.024305
vt 0.725712 0.032258
vt 0.727882 0.059440
vt 0.708043 0.056928
vt 0.615278 0.276268
vt 0.632148 0.268149
vt 0.150726 0.766218
vt 0.157859 0.783632
vt 0.727881 0.098580
vt 0.708043 0.102623
vt 0.775160 0.749869
vt 0.777656 0.730842
vt 0.800064 0.730097
vt 0.800206 0.748631
vt 0.632148 0.376599
vt 0.725711 0.123842
vt 0.708353 0.132312
vt 0.756441 0.750583
vt 0.762060 0.733688
vt 0.753496 0.798912
vt 0.753109 0.775612
vt 0.772902 0.775252
vt 0.767534 0.798782
vt 0.763953 0.838454
vt 0.759150 0.821432
vt 0.800297 0.768973
vt 0.754973 0.464108
vt 0.783918 0.441874
vt 0.819238 0.440500
vt 0.847707 0.455863
vt 0.863037 0.477773
vt 0.867323 0.500083
vt 0.862973 0.522393
vt 0.847579 0.544302
vt 0.819066 0.559666
vt 0.783751 0.558292
vt 0.754869 0.536058
vt 0.743877 0.500083
vt 0.237199 0.412617
vt 0.237339 0.416099
vt 0.237082 0.416929
vt 0.407673 0.613932
vt 0.407448 0.613666
vt 0.407673 0.613114
vt 0.724069 0.413707
vt 0.724447 0.414645
vt 0.724069 0.415020
vt 0.847238 0.194998
vt 0.853635 0.208894
vt 0.846405 0.219653
vt 0.558040 0.196671
vt 0.555144 0.204245
vt 0.555463 0.189963
vt 0.586581 0.753039
vt 0.588467 0.760465
vt 0.585470 0.768807
vt 0.206344 0.823051
vt 0.193088 0.832941
vt 0.199777 0.821110
vt 0.220800 0.887673
vt 0.208337 0.889752
vt 0.205465 0.864442
vt 0.366220 0.622293
vt 0.366725 0.622005
vt 0.366725 0.622529
vt 0.196082 0.842845
vt 0.227279 0.860346
vt 0.203909 0.817739
vt 0.217725 0.834567
vt 0.832178 0.172113
vt 0.830305 0.215771
vt 0.848596 0.171802
vt 0.810945 0.156972
vt 0.820927 0.150133
vt 0.817935 0.226752
vt 0.815594 0.205225
vt 0.729036 0.903878
vt 0.730340 0.898252
vt 0.730754 0.909750
vt 0.794042 0.157958
vt 0.798959 0.148182
vt 0.786793 0.148782
vt 0.769462 0.579613
vt 0.773689 0.577591
vt 0.769859 0.579931
vt 0.049996 0.877209
vt 0.051348 0.892762
vt 0.048650 0.904351
vt 0.626423 0.415288
vt 0.626230 0.416018
vt 0.626230 0.414299
vt 0.728507 0.891623
vt 0.729643 0.887650
vt 0.242718 0.867264
vt 0.239426 0.879974
vt 0.234842 0.838685
vt 0.017275 0.803298
vt 0.009422 0.784267
vt 0.021093 0.777969
vt 0.006650 0.798699
vt 0.010465 0.763346
vt 0.005622 0.757886
vt 0.009609 0.755690
vt 0.808646 0.173830
vt 0.803148 0.174986
vt 0.797324 0.170375
vt 0.703077 0.408137
vt 0.702931 0.412004
vt 0.702014 0.410013
vt 0.701783 0.414017
vt 0.560279 0.215307
vt 0.586721 0.744964
vt 0.588235 0.746921
vt 0.055411 0.922218
vt 0.056247 0.926505
vt 0.053214 0.922999
vt 0.237513 0.816702
vt 0.228617 0.812545
vt 0.243047 0.803568
vt 0.030943 0.775899
vt 0.031203 0.787066
vt 0.024301 0.789923
vt 0.005532 0.761032
vt 0.623181 0.419600
vt 0.623181 0.417866
vt 0.623371 0.419553
vt 0.647699 0.415035
vt 0.645123 0.415822
vt 0.645869 0.413201
vt 0.231662 0.898475
vt 0.236952 0.892090
vt 0.244499 0.887313
vt 0.710485 0.412971
vt 0.710485 0.411512
vt 0.711143 0.412203
vt 0.188201 0.843844
vt 0.648525 0.411911
vt 0.015440 0.761019
vt 0.855041 0.409359
vt 0.854145 0.414103
vt 0.852924 0.410714
vt 0.832006 0.230428
vt 0.388479 0.714255
vt 0.373515 0.709882
vt 0.375672 0.696566
vt 0.367589 0.735330
vt 0.351976 0.737966
vt 0.344808 0.708619
vt 0.360031 0.711814
vt 0.363290 0.702737
vt 0.138096 0.708215
vt 0.141728 0.698313
vt 0.145456 0.703103
vt 0.123950 0.706002
vt 0.114188 0.700575
vt 0.127121 0.683318
vt 0.577701 0.748414
vt 0.578267 0.739684
vt 0.578158 0.748866
vt 0.587108 0.831047
vt 0.584227 0.834074
vt 0.584321 0.823162
vt 0.160615 0.706758
vt 0.143833 0.720634
vt 0.156327 0.700224
vt 0.165196 0.681911
vt 0.142331 0.737120
vt 0.150897 0.727281
vt 0.360047 0.622414
vt 0.360234 0.622120
vt 0.360234 0.622661
vt 0.936576 0.479946
vt 0.937741 0.470650
vt 0.942025 0.478593
vt 0.558798 0.832549
vt 0.563263 0.816182
vt 0.562333 0.830505
vt 0.142703 0.689113
vt 0.143055 0.666024
vt 0.124491 0.722319
vt 0.936605 0.455113
vt 0.942801 0.462566
vt 0.139272 0.645776
vt 0.124647 0.649442
vt 0.939483 0.541971
vt 0.934417 0.554633
vt 0.932126 0.538062
vt 0.318173 0.686642
vt 0.326446 0.695067
vt 0.318884 0.693481
vt 0.337252 0.684494
vt 0.344574 0.691169
vt 0.350824 0.658600
vt 0.351332 0.676920
vt 0.370142 0.676456
vt 0.359372 0.694363
vt 0.239305 0.316961
vt 0.239570 0.318414
vt 0.239305 0.319190
vt 0.384128 0.725480
vt 0.370739 0.723903
vt 0.383875 0.657314
vt 0.375633 0.660669
vt 0.368287 0.646996
vt 0.364733 0.657857
vt 0.360426 0.644514
vt 0.175842 0.917992
vt 0.175504 0.916950
vt 0.176253 0.916950
vt 0.924046 0.736587
vt 0.929667 0.734964
vt 0.927032 0.741387
vt 0.736030 0.581122
vt 0.736134 0.582111
vt 0.735622 0.582111
vt 0.382548 0.648545
vt 0.391079 0.647319
vt 0.756220 0.658928
vt 0.747747 0.652657
vt 0.749359 0.645732
vt 0.749971 0.668626
vt 0.715911 0.210101
vt 0.712740 0.222663
vt 0.710229 0.207463
vt 0.774793 0.616237
vt 0.770228 0.652056
vt 0.767307 0.624523
vt 0.564017 0.769877
vt 0.565242 0.783327
vt 0.561981 0.781021
vt 0.566928 0.768512
vt 0.224138 0.600010
vt 0.221384 0.607607
vt 0.219975 0.595514
vt 0.219498 0.606882
vt 0.712963 0.184522
vt 0.716285 0.193024
vt 0.127636 0.663271
vt 0.221600 0.566834
vt 0.219908 0.580043
vt 0.217774 0.576709
vt 0.753845 0.685216
vt 0.757873 0.679643
vt 0.337340 0.719879
vt 0.216708 0.454214
vt 0.219925 0.448312
vt 0.219810 0.469511
vt 0.367640 0.750435
vt 0.563741 0.852882
vt 0.564996 0.858453
vt 0.557551 0.846320
vt 0.417999 0.624154
vt 0.420988 0.631698
vt 0.417895 0.642532
vt 0.619332 0.178960
vt 0.624339 0.194416
vt 0.619446 0.200955
vt 0.421522 0.655835
vt 0.419154 0.662139
vt 0.222054 0.504255
vt 0.226899 0.480599
vt 0.228611 0.510687
vt 0.618897 0.224087
vt 0.614994 0.225260
vt 0.771412 0.607190
vt 0.579798 0.200886
vt 0.582377 0.193569
vt 0.582091 0.209576
vt 0.929280 0.554125
vt 0.931898 0.562543
vt 0.717702 0.177348
vt 0.865062 0.836604
vt 0.864314 0.837027
vt 0.864314 0.835918
vt 0.224437 0.538012
vt 0.220153 0.537079
vt 0.224074 0.535286
vt 0.901216 0.747634
vt 0.911466 0.740050
vt 0.902776 0.765632
vt 0.348432 0.530257
vt 0.353484 0.524704
vt 0.357460 0.540097
vt 0.778004 0.600916
vt 0.781585 0.602670
vt 0.174236 0.894580
vt 0.174340 0.899156
vt 0.172405 0.894157
vt 0.176805 0.898728
vt 0.568200 0.860245
vt 0.394855 0.606641
vt 0.389098 0.604398
vt 0.391629 0.604483
vt 0.389575 0.640808
vt 0.391883 0.641693
vt 0.761830 0.649426
vt 0.763566 0.701197
vt 0.616319 0.176732
vt 0.615528 0.168961
vt 0.716711 0.172090
vt 0.789329 0.682986
vt 0.785253 0.690053
vt 0.781097 0.671368
vt 0.351772 0.519269
vt 0.617180 0.232786
vt 0.622368 0.226650
vt 0.624663 0.211270
vt 0.937782 0.449538
vt 0.378977 0.598060
vt 0.374429 0.579854
vt 0.372266 0.556056
vt 0.380302 0.571025
vt 0.586908 0.815103
vt 0.582923 0.807930
vt 0.576659 0.696908
vt 0.577001 0.698447
vt 0.576659 0.698930
vt 0.134771 0.734869
vt 0.150786 0.646046
vt 0.165073 0.651214
vt 0.163948 0.659152
vt 0.236695 0.608671
vt 0.236994 0.609114
vt 0.236695 0.610341
vt 0.709012 0.224390
vt 0.174318 0.673967
vt 0.175199 0.680029
vt 0.229311 0.528684
vt 0.768491 0.676299
vt 0.775197 0.695554
vt 0.766152 0.691268
vt 0.914907 0.752076
vt 0.906815 0.782662
vt 0.223073 0.525115
vt 0.113303 0.644213
vt 0.112238 0.635155
vt 0.631972 0.416706
vt 0.631369 0.417055
vt 0.631369 0.415415
vt 0.383389 0.735906
vt 0.726788 0.231256
vt 0.727777 0.232170
vt 0.726788 0.232567
vt 0.189629 0.627568
vt 0.187716 0.623559
vt 0.190775 0.623829
vt 0.936707 0.517315
vt 0.930354 0.522837
vt 0.328865 0.675090
vt 0.318718 0.679007
vt 0.927467 0.537360
vt 0.587409 0.710698
vt 0.586372 0.706028
vt 0.587503 0.697724
vt 0.407863 0.635472
vt 0.407630 0.635130
vt 0.407863 0.634659
vt 0.237875 0.395689
vt 0.238458 0.388358
vt 0.239043 0.397115
vt 0.879555 0.536551
vt 0.882571 0.540689
vt 0.881544 0.548506
vt 0.887871 0.558090
vt 0.407667 0.658053
vt 0.407904 0.657835
vt 0.407904 0.658506
vt 0.420136 0.565904
vt 0.419268 0.555592
vt 0.420700 0.552223
vt 0.421571 0.792069
vt 0.421100 0.792237
vt 0.421100 0.790466
vt 0.239754 0.346148
vt 0.239754 0.344651
vt 0.239978 0.345243
vt 0.191722 0.627285
vt 0.130361 0.632506
vt 0.118242 0.623068
vt 0.121760 0.624306
vt 0.367127 0.580908
vt 0.361707 0.563781
vt 0.384876 0.479009
vt 0.378671 0.479903
vt 0.383763 0.475413
vt 0.553193 0.219115
vt 0.557284 0.222720
vt 0.052995 0.863699
vt 0.053014 0.872422
vt 0.218684 0.900226
vt 0.849271 0.162580
vt 0.012386 0.820391
vt 0.562139 0.227549
vt 0.578375 0.729370
vt 0.577972 0.730529
vt 0.015547 0.840643
vt 0.021360 0.831393
vt 0.022102 0.850504
vt 0.018235 0.853188
vt 0.732539 0.796241
vt 0.734142 0.792826
vt 0.734603 0.801859
vt 0.733205 0.813306
vt 0.856130 0.413615
vt 0.588032 0.777805
vt 0.585428 0.782285
vt 0.003581 0.790557
vt 0.242660 0.821159
vt 0.246100 0.809322
vt 0.028685 0.811589
vt 0.052128 0.909789
vt 0.849580 0.153277
vt 0.837816 0.151605
vt 0.559775 0.806279
vt 0.578459 0.221350
vt 0.391050 0.610909
vt 0.398294 0.610503
vt 0.399077 0.614300
vt 0.226401 0.451533
vt 0.580345 0.190159
vt 0.584788 0.802986
vt 0.581861 0.800582
vt 0.374951 0.746200
vt 0.902544 0.792786
vt 0.188573 0.617785
vt 0.191094 0.617421
vt 0.819628 0.580971
vt 0.818999 0.580971
vt 0.819206 0.580140
vt 0.227289 0.617653
vt 0.223872 0.619165
vt 0.342500 0.657900
vt 0.392536 0.727053
vt 0.941370 0.513922
vt 0.942078 0.522726
vt 0.366257 0.493493
vt 0.375529 0.491771
vt 0.358549 0.510320
vt 0.353540 0.507643
vt 0.352313 0.648927
vt 0.923578 0.731097
vt 0.778377 0.576213
vt 0.778176 0.577133
vt 0.734799 0.819413
vt 0.734118 0.822385
vt 0.778437 0.630797
vt 0.779038 0.651196
vt 0.421758 0.668039
vt 0.351363 0.558020
vt 0.347929 0.545560
vt 0.586500 0.837851
vt 0.732735 0.822832
vt 0.342911 0.735276
vt 0.112993 0.712190
vt 0.420712 0.619791
vt 0.553493 0.829995
vt 0.581043 0.226133
vt 0.578460 0.231360
vt 0.391359 0.481392
vt 0.394670 0.476344
vt 0.787090 0.700970
vt 0.775430 0.709184
vt 0.906290 0.797695
vt 0.791940 0.691685
vt 0.347711 0.518457
vt 0.408415 0.584483
vt 0.408506 0.576389
vt 0.410442 0.577916
vt 0.410351 0.586010
vt 0.426070 0.483419
vt 0.426070 0.485632
vt 0.425961 0.484563
vt 0.170199 0.653501
vt 0.802034 0.578776
vt 0.802935 0.579923
vt 0.801431 0.580755
vt 0.803530 0.577795
vt 0.176849 0.902731
vt 0.117073 0.628030
vt 0.368603 0.534277
vt 0.733298 0.761276
vt 0.732780 0.762393
vt 0.732780 0.759691
vt 0.933883 0.449898
vt 0.762138 0.634540
vt 0.119040 0.652889
vt 0.363799 0.530665
vt 0.706905 0.195127
vt 0.205597 0.627249
vt 0.205909 0.626235
vt 0.205909 0.627506
vt 0.382195 0.648595
vt 0.381152 0.644914
vt 0.389533 0.640864
vt 0.219143 0.519650
vt 0.769194 0.713059
vt 0.883589 0.837406
vt 0.882586 0.837027
vt 0.883589 0.836329
vt 0.744537 0.579524
vt 0.743651 0.579918
vt 0.743651 0.578949
vt 0.892659 0.573443
vt 0.891546 0.574549
vt 0.887643 0.562545
vt 0.227775 0.554516
vt 0.229447 0.554320
vt 0.225558 0.564247
vt 0.587178 0.717677
vt 0.419777 0.583748
vt 0.418287 0.570555
vt 0.421250 0.582343
vt 0.586722 0.694044
vt 0.224013 0.580305
vt 0.415677 0.601027
vt 0.415677 0.600010
vt 0.415886 0.600560
vt 0.003057 0.794953
vt 0.885430 0.528306
vt 0.887313 0.529329
vt 0.733720 0.837901
vt 0.735605 0.838223
vt 0.735448 0.841487
vt 0.733563 0.841165
vt 0.237403 0.385129
vt 0.831798 0.580762
vt 0.831169 0.580748
vt 0.831798 0.579944
vt 0.420420 0.600362
vt 0.420012 0.600860
vt 0.420012 0.599844
vt 0.271651 0.669612
vt 0.265036 0.679315
vt 0.243127 0.671424
vt 0.243302 0.659402
vt 0.025969 0.739662
vt 0.020987 0.726341
vt 0.048928 0.727099
vt 0.048979 0.741524
vt 0.647993 0.747703
vt 0.645295 0.760220
vt 0.619901 0.762670
vt 0.625575 0.750529
vt 0.839907 0.253207
vt 0.845926 0.266659
vt 0.817308 0.266976
vt 0.815065 0.251821
vt 0.076958 0.726341
vt 0.072037 0.739662
vt 0.667128 0.507508
vt 0.646521 0.507533
vt 0.647767 0.465548
vt 0.667108 0.466579
vt 0.687457 0.538824
vt 0.686948 0.507411
vt 0.643126 0.781803
vt 0.615840 0.782943
vt 0.849910 0.288438
vt 0.819065 0.289706
vt 0.048869 0.704934
vt 0.079353 0.704926
vt 0.775270 0.266977
vt 0.775218 0.289706
vt 0.748497 0.287684
vt 0.747662 0.266660
vt 0.712619 0.759656
vt 0.710802 0.779311
vt 0.685660 0.781106
vt 0.686294 0.759610
vt 0.018491 0.704926
vt 0.641388 0.847046
vt 0.643545 0.865899
vt 0.618949 0.863034
vt 0.613247 0.845672
vt 0.641072 0.801326
vt 0.640133 0.822304
vt 0.611219 0.821946
vt 0.612701 0.802099
vt 0.852925 0.309053
vt 0.854258 0.330221
vt 0.821964 0.330995
vt 0.820539 0.310105
vt 0.667108 0.548667
vt 0.647051 0.550706
vt 0.048820 0.684910
vt 0.048790 0.664253
vt 0.081642 0.663626
vt 0.080973 0.684648
vt 0.661296 0.571541
vt 0.648055 0.574790
vt 0.655488 0.443854
vt 0.662798 0.444663
vt 0.016778 0.684648
vt 0.016055 0.663626
vt 0.852087 0.354500
vt 0.846073 0.371596
vt 0.818015 0.375035
vt 0.820261 0.356000
vt 0.622889 0.548113
vt 0.604657 0.535199
vt 0.602130 0.507554
vt 0.621188 0.508246
vt 0.684274 0.847755
vt 0.682012 0.865883
vt 0.048808 0.638862
vt 0.048838 0.619735
vt 0.075099 0.621928
vt 0.080268 0.639117
vt 0.776548 0.356963
vt 0.776741 0.375035
vt 0.753948 0.373363
vt 0.753979 0.364235
vt 0.708259 0.848807
vt 0.704968 0.863846
vt 0.017450 0.639117
vt 0.022637 0.621928
vt 0.604587 0.481354
vt 0.621914 0.475191
vt 0.775845 0.299662
vt 0.819802 0.299905
vt 0.685408 0.747692
vt 0.709875 0.749272
vt 0.722149 0.484346
vt 0.723721 0.507336
vt 0.708992 0.507322
vt 0.708730 0.479406
vt 0.722149 0.530410
vt 0.708730 0.535373
vt 0.752102 0.253207
vt 0.777023 0.251822
vt 0.684744 0.790511
vt 0.642099 0.791565
vt 0.547976 0.202874
vt 0.543058 0.202621
vt 0.542987 0.189142
vt 0.547557 0.190553
vt 0.271651 0.756172
vt 0.265036 0.746211
vt 0.278577 0.725536
vt 0.289172 0.729419
vt 0.197431 0.729444
vt 0.207676 0.725555
vt 0.221217 0.746223
vt 0.214952 0.756187
vt 0.221217 0.679327
vt 0.214952 0.669627
vt 0.278577 0.699983
vt 0.289172 0.696356
vt 0.243127 0.754113
vt 0.243301 0.766397
vt 0.207676 0.700003
vt 0.197431 0.696381
vt 0.507049 0.188971
vt 0.515574 0.188708
vt 0.515418 0.202029
vt 0.506294 0.202136
vt 0.904907 0.109836
vt 0.909783 0.109824
vt 0.910024 0.122391
vt 0.905419 0.120807
vt 0.501275 0.202297
vt 0.506294 0.221132
vt 0.501276 0.220994
vt 0.930954 0.098847
vt 0.935717 0.097265
vt 0.935256 0.109820
vt 0.930264 0.109808
vt 0.547557 0.232973
vt 0.542987 0.234006
vt 0.543058 0.221540
vt 0.547976 0.221495
vt 0.507050 0.234019
vt 0.502261 0.232829
vt 0.935717 0.122436
vt 0.930954 0.120818
vt 0.905419 0.098834
vt 0.910024 0.097218
vt 0.502260 0.190234
vt 0.918606 0.097067
vt 0.924297 0.098555
vt 0.925102 0.109838
vt 0.918924 0.109824
vt 0.533870 0.202479
vt 0.534410 0.188843
vt 0.918606 0.122543
vt 0.515418 0.221294
vt 0.944239 0.097098
vt 0.944330 0.109803
vt 0.534410 0.234279
vt 0.533870 0.221666
vt 0.515575 0.234331
vt 0.944239 0.122571
vt 0.707083 0.939757
vt 0.691478 0.945385
vt 0.675874 0.939766
vt 0.666230 0.925045
vt 0.666230 0.906847
vt 0.675874 0.892121
vt 0.691478 0.886493
vt 0.707083 0.892112
vt 0.716727 0.906832
vt 0.716727 0.925031
vt 0.521012 0.189710
vt 0.521511 0.202081
vt 0.527601 0.202579
vt 0.528690 0.189949
vt 0.924297 0.121090
vt 0.521511 0.221333
vt 0.949697 0.098531
vt 0.950312 0.109770
vt 0.528690 0.233522
vt 0.527601 0.221752
vt 0.521012 0.233462
vt 0.949697 0.121064
vt 0.783744 0.331650
vt 0.705441 0.832854
vt 0.683791 0.823932
vt 0.632295 0.571337
vt 0.683828 0.799916
vt 0.776473 0.309618
vt 0.017634 0.694787
vt 0.048845 0.694922
vt 0.708354 0.785940
vt 0.705906 0.792569
vt 0.752847 0.301862
vt 0.750672 0.294773
vt 0.080163 0.694787
vt 0.677283 0.543746
vt 0.677038 0.507459
vt 0.851417 0.298746
vt 0.614270 0.792521
vt 0.677283 0.471352
vt 0.687457 0.476126
vt 0.615278 0.368227
vt 0.611830 0.342153
vt 0.762060 0.733688
vt 0.777656 0.730842
vt 0.727881 0.098580
vt 0.725711 0.123842
vt 0.822372 0.730842
vt 0.837882 0.733688
vt 0.611830 0.302851
vt 0.093923 0.766218
vt 0.122302 0.763996
vt 0.725712 0.032258
vt 0.727882 0.059440
vt 0.615278 0.276268
vt 0.800064 0.730097
vt 0.150726 0.766218
vt 0.578267 0.739684
vt 0.773689 0.577591
vt 0.733205 0.813306
vt 0.686948 0.507411
vt 0.687457 0.538824
vt 0.687457 0.476126
vn 0.346807 -0.365908 0.863618
vn 0.234799 -0.427697 0.872894
vn 0.251101 -0.429001 0.867702
vn 0.164797 -0.483691 0.859584
vn 0.577525 -0.328114 0.747533
vn 0.278607 -0.348809 0.894824
vn 0.346807 -0.365908 0.863618
vn 0.234799 -0.427697 0.872894
vn 0.234799 -0.427697 0.872894
vn 0.278607 -0.348809 0.894824
vn 0.062901 -0.443806 0.893913
vn 0.038501 -0.338911 0.940030
vn 0.234799 -0.427697 0.872894
vn 0.062901 -0.443806 0.893913
vn 0.164797 -0.483691 0.859584
vn 0.109398 -0.566189 0.816984
vn 0.109398 -0.566189 0.816984
vn 0.062901 -0.443806 0.893913
vn -0.020800 -0.396994 0.917586
vn -0.106401 -0.387503 0.915708
vn 0.038501 -0.338911 0.940030
vn -0.184097 -0.298496 0.936487
vn 0.062901 -0.443806 0.893913
vn -0.106401 -0.387503 0.915708
vn -0.106401 -0.387503 0.915708
vn -0.184097 -0.298496 0.936487
vn -0.237107 -0.310209 0.920625
vn -0.451297 -0.235298 0.860794
vn -0.020800 -0.396994 0.917586
vn -0.106401 -0.387503 0.915708
vn -0.153300 -0.323000 0.933900
vn -0.237107 -0.310209 0.920625
vn 0.018000 -0.219795 0.975380
vn -0.210809 -0.190209 0.958843
vn 0.038501 -0.338911 0.940030
vn -0.184097 -0.298496 0.936487
vn 0.085900 0.124499 0.988494
vn -0.226010 -0.030601 0.973644
vn 0.018000 -0.219795 0.975380
vn -0.210809 -0.190209 0.958843
vn -0.226010 -0.030601 0.973644
vn -0.329293 -0.069299 0.941681
vn -0.210809 -0.190209 0.958843
vn -0.359214 -0.160006 0.919436
vn -0.210809 -0.190209 0.958843
vn -0.359214 -0.160006 0.919436
vn -0.184097 -0.298496 0.936487
vn -0.451297 -0.235298 0.860794
vn 0.577525 -0.328114 0.747533
vn 0.374908 -0.266206 0.888019
vn 0.278607 -0.348809 0.894824
vn 0.274000 -0.252100 0.928100
vn 0.374908 -0.266206 0.888019
vn 0.327983 -0.125193 0.936351
vn 0.274000 -0.252100 0.928100
vn 0.280905 -0.069501 0.957216
vn 0.274000 -0.252100 0.928100
vn 0.280905 -0.069501 0.957216
vn 0.018000 -0.219795 0.975380
vn 0.085900 0.124499 0.988494
vn 0.278607 -0.348809 0.894824
vn 0.274000 -0.252100 0.928100
vn 0.038501 -0.338911 0.940030
vn 0.018000 -0.219795 0.975380
vn -0.034799 0.274092 -0.961074
vn -0.179101 0.172401 -0.968607
vn -0.089199 0.151098 -0.984486
vn -0.200407 0.186307 -0.961835
vn -0.179101 0.172401 -0.968607
vn -0.107598 0.147597 -0.983178
vn -0.200407 0.186307 -0.961835
vn -0.067501 0.180202 -0.981311
vn -0.200407 0.186307 -0.961835
vn -0.067501 0.180202 -0.981311
vn -0.248190 0.271589 -0.929861
vn -0.051000 0.282200 -0.957999
vn -0.089199 0.151098 -0.984486
vn -0.200407 0.186307 -0.961835
vn -0.142495 0.220293 -0.964970
vn -0.248190 0.271589 -0.929861
vn 0.049400 0.114401 -0.992206
vn 0.116602 0.087501 -0.989317
vn -0.107598 0.147597 -0.983178
vn -0.067501 0.180202 -0.981311
vn 0.138595 0.114896 -0.983662
vn 0.289914 -0.019901 -0.956846
vn 0.049400 0.114401 -0.992206
vn 0.116602 0.087501 -0.989317
vn 0.289914 -0.019901 -0.956846
vn 0.311587 -0.074897 -0.947261
vn 0.116602 0.087501 -0.989317
vn 0.230207 -0.004400 -0.973132
vn 0.116602 0.087501 -0.989317
vn 0.230207 -0.004400 -0.973132
vn -0.067501 0.180202 -0.981311
vn -0.051000 0.282200 -0.957999
vn -0.140800 0.210500 -0.967401
vn 0.055001 0.276906 -0.959322
vn -0.125003 0.174305 -0.976725
vn 0.018100 0.174401 -0.984508
vn 0.055001 0.276906 -0.959322
vn 0.148004 0.306408 -0.940324
vn 0.018100 0.174401 -0.984508
vn 0.146997 0.228095 -0.962478
vn 0.018100 0.174401 -0.984508
vn 0.146997 0.228095 -0.962478
vn 0.049400 0.114401 -0.992206
vn 0.138595 0.114896 -0.983662
vn -0.125003 0.174305 -0.976725
vn 0.018100 0.174401 -0.984508
vn -0.107598 0.147597 -0.983178
vn 0.049400 0.114401 -0.992206
vn -0.299810 0.293809 -0.907629
vn -0.223496 0.224996 -0.948381
vn -0.334797 0.337197 -0.879892
vn -0.276205 0.322106 -0.905516
vn -0.140800 0.210500 -0.967401
vn -0.125003 0.174305 -0.976725
vn -0.299810 0.293809 -0.907629
vn -0.223496 0.224996 -0.948381
vn -0.125003 0.174305 -0.976725
vn -0.107598 0.147597 -0.983178
vn -0.223496 0.224996 -0.948381
vn -0.179101 0.172401 -0.968607
vn -0.223496 0.224996 -0.948381
vn -0.179101 0.172401 -0.968607
vn -0.276205 0.322106 -0.905516
vn -0.034799 0.274092 -0.961074
vn -0.316990 0.328090 -0.889873
vn -0.340522 0.324521 -0.882457
vn -0.334797 0.337197 -0.879892
vn -0.299810 0.293809 -0.907629
vn -0.120297 0.107698 -0.986879
vn -0.285189 0.083097 -0.954862
vn -0.316990 0.328090 -0.889873
vn -0.340522 0.324521 -0.882457
vn -0.285189 0.083097 -0.954862
vn -0.453323 0.104105 -0.885246
vn -0.340522 0.324521 -0.882457
vn -0.488524 0.184409 -0.852841
vn -0.340522 0.324521 -0.882457
vn -0.488524 0.184409 -0.852841
vn -0.299810 0.293809 -0.907629
vn -0.140800 0.210500 -0.967401
vn 0.577525 -0.328114 0.747533
vn 0.787671 0.019799 0.615778
vn 0.878317 0.181203 -0.442408
vn 0.740767 0.608173 -0.285287
vn 0.930930 -0.087703 0.354511
vn 0.812089 0.331695 -0.480093
vn 0.787671 0.019799 0.615778
vn 0.740767 0.608173 -0.285287
vn 0.812089 0.331695 -0.480093
vn 0.133204 0.424813 -0.895428
vn 0.740767 0.608173 -0.285287
vn 0.002800 0.529197 -0.848495
vn 0.740767 0.608173 -0.285287
vn 0.002800 0.529197 -0.848495
vn 0.878317 0.181203 -0.442408
vn -0.034799 0.274092 -0.961074
vn 0.138595 0.114896 -0.983662
vn 0.014999 -0.267485 -0.963445
vn 0.289914 -0.019901 -0.956846
vn 0.351602 -0.060300 -0.934206
vn 0.014999 -0.267485 -0.963445
vn -0.217997 -0.175797 -0.959986
vn 0.351602 -0.060300 -0.934206
vn -0.161805 0.115603 -0.980028
vn 0.351602 -0.060300 -0.934206
vn -0.161805 0.115603 -0.980028
vn 0.330009 -0.068002 -0.941525
vn -0.013100 0.323811 -0.946031
vn 0.289914 -0.019901 -0.956846
vn 0.351602 -0.060300 -0.934206
vn 0.311587 -0.074897 -0.947261
vn 0.330009 -0.068002 -0.941525
vn 0.357001 -0.648402 0.672402
vn 0.723893 -0.583194 -0.368596
vn 0.109398 -0.566189 0.816984
vn -0.166992 -0.856961 -0.487578
vn 0.208406 -0.902625 0.376610
vn 0.486320 -0.712629 -0.505621
vn 0.357001 -0.648402 0.672402
vn 0.723893 -0.583194 -0.368596
vn 0.486320 -0.712629 -0.505621
vn 0.244394 0.000600 -0.969676
vn 0.723893 -0.583194 -0.368596
vn 0.240211 0.138807 -0.960745
vn 0.723893 -0.583194 -0.368596
vn 0.240211 0.138807 -0.960745
vn -0.166992 -0.856961 -0.487578
vn -0.140800 0.210500 -0.967401
vn 0.376905 -0.016100 0.926112
vn 0.267391 0.138595 0.953569
vn 0.327983 -0.125193 0.936351
vn 0.280905 -0.069501 0.957216
vn 0.670396 0.442397 0.595696
vn 0.335284 0.662568 0.669768
vn 0.376905 -0.016100 0.926112
vn 0.267391 0.138595 0.953569
vn 0.335284 0.662568 0.669768
vn -0.018401 0.716325 0.697524
vn 0.267391 0.138595 0.953569
vn -0.225992 0.452283 0.862768
vn 0.267391 0.138595 0.953569
vn -0.225992 0.452283 0.862768
vn 0.280905 -0.069501 0.957216
vn 0.085900 0.124499 0.988494
vn -0.217107 -0.375512 0.901030
vn -0.020300 -0.454705 0.890410
vn -0.153300 -0.323000 0.933900
vn -0.020800 -0.396994 0.917586
vn -0.513785 -0.737278 0.438687
vn -0.134597 -0.909983 0.392193
vn -0.217107 -0.375512 0.901030
vn -0.020300 -0.454705 0.890410
vn -0.134597 -0.909983 0.392193
vn 0.208406 -0.902625 0.376610
vn -0.020300 -0.454705 0.890410
vn 0.357001 -0.648402 0.672402
vn -0.020300 -0.454705 0.890410
vn 0.357001 -0.648402 0.672402
vn -0.020800 -0.396994 0.917586
vn 0.109398 -0.566189 0.816984
vn -0.034799 0.274092 -0.961074
vn 0.201593 0.052398 -0.978067
vn 0.878317 0.181203 -0.442408
vn 0.759978 -0.422388 -0.493986
vn 0.201593 0.052398 -0.978067
vn 0.284005 0.072001 -0.956116
vn 0.759978 -0.422388 -0.493986
vn 0.786368 -0.194392 -0.586376
vn 0.759978 -0.422388 -0.493986
vn 0.786368 -0.194392 -0.586376
vn 0.715600 -0.489300 0.498500
vn 0.929488 -0.227297 0.290496
vn 0.878317 0.181203 -0.442408
vn 0.759978 -0.422388 -0.493986
vn 0.577525 -0.328114 0.747533
vn 0.715600 -0.489300 0.498500
vn -0.051000 0.282200 -0.957999
vn 0.546804 0.229102 -0.805306
vn -0.203096 0.957180 0.206296
vn 0.742193 0.665394 -0.079999
vn 0.447319 0.431618 -0.783333
vn 0.442108 0.881316 -0.166803
vn 0.546804 0.229102 -0.805306
vn 0.742193 0.665394 -0.079999
vn 0.442108 0.881316 -0.166803
vn 0.126699 0.755996 0.642197
vn 0.742193 0.665394 -0.079999
vn 0.218096 0.519791 0.825985
vn 0.742193 0.665394 -0.079999
vn 0.218096 0.519791 0.825985
vn -0.203096 0.957180 0.206296
vn 0.085900 0.124499 0.988494
vn -0.330210 0.522616 -0.786024
vn -0.416006 0.903713 -0.101201
vn -0.095999 0.498793 -0.861388
vn 0.184695 0.930475 -0.316392
vn -0.416006 0.903713 -0.101201
vn -0.018401 0.716325 0.697524
vn 0.184695 0.930475 -0.316392
vn 0.335284 0.662568 0.669768
vn 0.184695 0.930475 -0.316392
vn 0.335284 0.662568 0.669768
vn 0.551695 0.736293 -0.391797
vn 0.670396 0.442397 0.595696
vn -0.095999 0.498793 -0.861388
vn 0.184695 0.930475 -0.316392
vn 0.087596 0.412679 -0.906655
vn 0.551695 0.736293 -0.391797
vn 0.551695 0.736293 -0.391797
vn 0.746734 0.381517 -0.544824
vn 0.087596 0.412679 -0.906655
vn 0.221388 0.255387 -0.941151
vn 0.551695 0.736293 -0.391797
vn 0.670396 0.442397 0.595696
vn 0.746734 0.381517 -0.544824
vn 0.905870 0.100797 0.411387
vn 0.905870 0.100797 0.411387
vn 0.929488 -0.227297 0.290496
vn 0.746734 0.381517 -0.544824
vn 0.786368 -0.194392 -0.586376
vn 0.746734 0.381517 -0.544824
vn 0.786368 -0.194392 -0.586376
vn 0.221388 0.255387 -0.941151
vn 0.284005 0.072001 -0.956116
vn 0.085900 0.124499 0.988494
vn -0.225992 0.452283 0.862768
vn -0.203096 0.957180 0.206296
vn -0.826797 0.562498 -0.001800
vn -0.018401 0.716325 0.697524
vn -0.416006 0.903713 -0.101201
vn -0.225992 0.452283 0.862768
vn -0.826797 0.562498 -0.001800
vn -0.416006 0.903713 -0.101201
vn -0.330210 0.522616 -0.786024
vn -0.826797 0.562498 -0.001800
vn -0.603320 0.367412 -0.707823
vn -0.826797 0.562498 -0.001800
vn -0.603320 0.367412 -0.707823
vn -0.203096 0.957180 0.206296
vn -0.051000 0.282200 -0.957999
vn 0.577525 -0.328114 0.747533
vn 0.715600 -0.489300 0.498500
vn 0.374908 -0.266206 0.888019
vn 0.451803 -0.211001 0.866806
vn 0.715600 -0.489300 0.498500
vn 0.929488 -0.227297 0.290496
vn 0.451803 -0.211001 0.866806
vn 0.905870 0.100797 0.411387
vn 0.451803 -0.211001 0.866806
vn 0.905870 0.100797 0.411387
vn 0.376905 -0.016100 0.926112
vn 0.670396 0.442397 0.595696
vn 0.374908 -0.266206 0.888019
vn 0.451803 -0.211001 0.866806
vn 0.327983 -0.125193 0.936351
vn 0.376905 -0.016100 0.926112
vn -0.603320 0.367412 -0.707823
vn -0.216401 0.344501 -0.913504
vn -0.051000 0.282200 -0.957999
vn -0.248190 0.271589 -0.929861
vn -0.603320 0.367412 -0.707823
vn -0.330210 0.522616 -0.786024
vn -0.216401 0.344501 -0.913504
vn -0.095999 0.498793 -0.861388
vn -0.216401 0.344501 -0.913504
vn -0.095999 0.498793 -0.861388
vn -0.050801 0.294107 -0.954422
vn 0.087596 0.412679 -0.906655
vn -0.248190 0.271589 -0.929861
vn -0.216401 0.344501 -0.913504
vn -0.142495 0.220293 -0.964970
vn -0.050801 0.294107 -0.954422
vn -0.050801 0.294107 -0.954422
vn 0.062599 0.180497 -0.981582
vn -0.142495 0.220293 -0.964970
vn -0.089199 0.151098 -0.984486
vn 0.087596 0.412679 -0.906655
vn 0.221388 0.255387 -0.941151
vn -0.050801 0.294107 -0.954422
vn 0.062599 0.180497 -0.981582
vn 0.221388 0.255387 -0.941151
vn 0.284005 0.072001 -0.956116
vn 0.062599 0.180497 -0.981582
vn 0.201593 0.052398 -0.978067
vn 0.062599 0.180497 -0.981582
vn 0.201593 0.052398 -0.978067
vn -0.089199 0.151098 -0.984486
vn -0.034799 0.274092 -0.961074
vn -0.217997 -0.175797 -0.959986
vn -0.860492 -0.244798 -0.446796
vn -0.161805 0.115603 -0.980028
vn -0.850975 0.348990 -0.392489
vn -0.901770 -0.212293 0.376487
vn -0.845376 0.118397 0.520885
vn -0.860492 -0.244798 -0.446796
vn -0.850975 0.348990 -0.392489
vn -0.850975 0.348990 -0.392489
vn -0.845376 0.118397 0.520885
vn -0.586783 0.754879 -0.292992
vn -0.619308 0.455506 0.639509
vn -0.161805 0.115603 -0.980028
vn -0.850975 0.348990 -0.392489
vn -0.013100 0.323811 -0.946031
vn -0.586783 0.754879 -0.292992
vn -0.013100 0.323811 -0.946031
vn -0.586783 0.754879 -0.292992
vn 0.183901 0.407702 -0.894405
vn -0.163100 0.957399 -0.238300
vn -0.586783 0.754879 -0.292992
vn -0.619308 0.455506 0.639509
vn -0.163100 0.957399 -0.238300
vn -0.283304 0.684309 0.671908
vn -0.163100 0.957399 -0.238300
vn -0.283304 0.684309 0.671908
vn 0.442108 0.881316 -0.166803
vn 0.126699 0.755996 0.642197
vn 0.183901 0.407702 -0.894405
vn -0.163100 0.957399 -0.238300
vn 0.447319 0.431618 -0.783333
vn 0.442108 0.881316 -0.166803
vn 0.085900 0.124499 0.988494
vn 0.218096 0.519791 0.825985
vn -0.226010 -0.030601 0.973644
vn -0.246801 0.151800 0.957103
vn 0.218096 0.519791 0.825985
vn 0.126699 0.755996 0.642197
vn -0.246801 0.151800 0.957103
vn -0.283304 0.684309 0.671908
vn -0.246801 0.151800 0.957103
vn -0.283304 0.684309 0.671908
vn -0.378405 0.028100 0.925213
vn -0.619308 0.455506 0.639509
vn -0.226010 -0.030601 0.973644
vn -0.246801 0.151800 0.957103
vn -0.329293 -0.069299 0.941681
vn -0.378405 0.028100 0.925213
vn 0.330009 -0.068002 -0.941525
vn 0.306687 -0.054298 -0.950260
vn 0.311587 -0.074897 -0.947261
vn 0.230207 -0.004400 -0.973132
vn -0.013100 0.323811 -0.946031
vn 0.183901 0.407702 -0.894405
vn 0.330009 -0.068002 -0.941525
vn 0.306687 -0.054298 -0.950260
vn 0.183901 0.407702 -0.894405
vn 0.447319 0.431618 -0.783333
vn 0.306687 -0.054298 -0.950260
vn 0.546804 0.229102 -0.805306
vn 0.306687 -0.054298 -0.950260
vn 0.546804 0.229102 -0.805306
vn 0.230207 -0.004400 -0.973132
vn -0.051000 0.282200 -0.957999
vn -0.451297 -0.235298 0.860794
vn -0.747998 -0.339499 0.570298
vn -0.907696 0.319198 -0.272399
vn -0.720898 -0.555499 -0.414399
vn -0.901770 -0.212293 0.376487
vn -0.860492 -0.244798 -0.446796
vn -0.747998 -0.339499 0.570298
vn -0.720898 -0.555499 -0.414399
vn -0.720898 -0.555499 -0.414399
vn -0.860492 -0.244798 -0.446796
vn 0.014999 -0.267485 -0.963445
vn -0.217997 -0.175797 -0.959986
vn -0.720898 -0.555499 -0.414399
vn 0.014999 -0.267485 -0.963445
vn -0.907696 0.319198 -0.272399
vn 0.138595 0.114896 -0.983662
vn -0.378405 0.028100 0.925213
vn -0.479181 -0.105396 0.871365
vn -0.329293 -0.069299 0.941681
vn -0.359214 -0.160006 0.919436
vn -0.619308 0.455506 0.639509
vn -0.845376 0.118397 0.520885
vn -0.378405 0.028100 0.925213
vn -0.479181 -0.105396 0.871365
vn -0.845376 0.118397 0.520885
vn -0.901770 -0.212293 0.376487
vn -0.479181 -0.105396 0.871365
vn -0.747998 -0.339499 0.570298
vn -0.479181 -0.105396 0.871365
vn -0.747998 -0.339499 0.570298
vn -0.359214 -0.160006 0.919436
vn -0.451297 -0.235298 0.860794
vn 0.244394 0.000600 -0.969676
vn 0.486320 -0.712629 -0.505621
vn 0.084100 0.018000 -0.996295
vn -0.099202 -0.740214 -0.665013
vn 0.486320 -0.712629 -0.505621
vn 0.208406 -0.902625 0.376610
vn -0.099202 -0.740214 -0.665013
vn -0.134597 -0.909983 0.392193
vn -0.134597 -0.909983 0.392193
vn -0.513785 -0.737278 0.438687
vn -0.099202 -0.740214 -0.665013
vn -0.473595 -0.600494 -0.644294
vn 0.084100 0.018000 -0.996295
vn -0.099202 -0.740214 -0.665013
vn 0.009200 0.069503 -0.997539
vn -0.473595 -0.600494 -0.644294
vn 0.009200 0.069503 -0.997539
vn -0.473595 -0.600494 -0.644294
vn -0.015500 0.158100 -0.987301
vn -0.709887 -0.266895 -0.651788
vn -0.513785 -0.737278 0.438687
vn -0.786016 -0.432109 0.442109
vn -0.473595 -0.600494 -0.644294
vn -0.709887 -0.266895 -0.651788
vn -0.786016 -0.432109 0.442109
vn -0.876591 -0.084299 0.473795
vn -0.709887 -0.266895 -0.651788
vn -0.835575 0.383689 -0.393188
vn -0.015500 0.158100 -0.987301
vn -0.709887 -0.266895 -0.651788
vn -0.045302 0.330118 -0.942852
vn -0.835575 0.383689 -0.393188
vn -0.618573 0.130194 0.774866
vn -0.358498 -0.266798 0.894594
vn -0.451297 -0.235298 0.860794
vn -0.237107 -0.310209 0.920625
vn -0.618573 0.130194 0.774866
vn -0.876591 -0.084299 0.473795
vn -0.358498 -0.266798 0.894594
vn -0.786016 -0.432109 0.442109
vn -0.786016 -0.432109 0.442109
vn -0.513785 -0.737278 0.438687
vn -0.358498 -0.266798 0.894594
vn -0.217107 -0.375512 0.901030
vn -0.237107 -0.310209 0.920625
vn -0.358498 -0.266798 0.894594
vn -0.153300 -0.323000 0.933900
vn -0.217107 -0.375512 0.901030
vn -0.140800 0.210500 -0.967401
vn 0.240211 0.138807 -0.960745
vn 0.055001 0.276906 -0.959322
vn 0.119898 0.317994 -0.940481
vn 0.240211 0.138807 -0.960745
vn 0.244394 0.000600 -0.969676
vn 0.119898 0.317994 -0.940481
vn 0.084100 0.018000 -0.996295
vn 0.119898 0.317994 -0.940481
vn 0.084100 0.018000 -0.996295
vn 0.164592 0.310084 -0.936353
vn 0.009200 0.069503 -0.997539
vn 0.055001 0.276906 -0.959322
vn 0.119898 0.317994 -0.940481
vn 0.148004 0.306408 -0.940324
vn 0.164592 0.310084 -0.936353
vn 0.164592 0.310084 -0.936353
vn 0.197095 0.284893 -0.938078
vn 0.148004 0.306408 -0.940324
vn 0.146997 0.228095 -0.962478
vn 0.164592 0.310084 -0.936353
vn 0.009200 0.069503 -0.997539
vn 0.197095 0.284893 -0.938078
vn -0.015500 0.158100 -0.987301
vn -0.015500 0.158100 -0.987301
vn -0.045302 0.330118 -0.942852
vn 0.197095 0.284893 -0.938078
vn 0.074296 0.516672 -0.852954
vn 0.146997 0.228095 -0.962478
vn 0.197095 0.284893 -0.938078
vn 0.138595 0.114896 -0.983662
vn 0.074296 0.516672 -0.852954
vn 0.138595 0.114896 -0.983662
vn 0.074296 0.516672 -0.852954
vn -0.907696 0.319198 -0.272399
vn -0.554894 0.820091 -0.139798
vn 0.074296 0.516672 -0.852954
vn -0.045302 0.330118 -0.942852
vn -0.554894 0.820091 -0.139798
vn -0.835575 0.383689 -0.393188
vn -0.554894 0.820091 -0.139798
vn -0.835575 0.383689 -0.393188
vn -0.618573 0.130194 0.774866
vn -0.876591 -0.084299 0.473795
vn -0.554894 0.820091 -0.139798
vn -0.618573 0.130194 0.774866
vn -0.907696 0.319198 -0.272399
vn -0.451297 -0.235298 0.860794
vn 0.432716 -0.607922 -0.665724
vn -0.016399 -0.758667 -0.651272
vn -0.120297 0.107698 -0.986879
vn -0.285189 0.083097 -0.954862
vn 0.432716 -0.607922 -0.665724
vn 0.539187 -0.743282 0.395991
vn -0.016399 -0.758667 -0.651272
vn 0.157497 -0.904383 0.396593
vn 0.157497 -0.904383 0.396593
vn -0.146699 -0.888891 0.433996
vn -0.016399 -0.758667 -0.651272
vn -0.596183 -0.683681 -0.420888
vn -0.016399 -0.758667 -0.651272
vn -0.596183 -0.683681 -0.420888
vn -0.285189 0.083097 -0.954862
vn -0.453323 0.104105 -0.885246
vn 0.133204 0.424813 -0.895428
vn 0.812089 0.331695 -0.480093
vn 0.026600 0.222800 -0.974501
vn 0.716696 -0.244299 -0.653196
vn 0.930930 -0.087703 0.354511
vn 0.821410 -0.445905 0.355604
vn 0.812089 0.331695 -0.480093
vn 0.716696 -0.244299 -0.653196
vn 0.821410 -0.445905 0.355604
vn 0.539187 -0.743282 0.395991
vn 0.716696 -0.244299 -0.653196
vn 0.432716 -0.607922 -0.665724
vn 0.026600 0.222800 -0.974501
vn 0.716696 -0.244299 -0.653196
vn -0.120297 0.107698 -0.986879
vn 0.432716 -0.607922 -0.665724
vn -0.140800 0.210500 -0.967401
vn -0.488524 0.184409 -0.852841
vn -0.166992 -0.856961 -0.487578
vn -0.804080 -0.543486 -0.240994
vn -0.488524 0.184409 -0.852841
vn -0.453323 0.104105 -0.885246
vn -0.804080 -0.543486 -0.240994
vn -0.596183 -0.683681 -0.420888
vn -0.804080 -0.543486 -0.240994
vn -0.596183 -0.683681 -0.420888
vn -0.201607 -0.707523 0.677322
vn -0.146699 -0.888891 0.433996
vn -0.804080 -0.543486 -0.240994
vn -0.201607 -0.707523 0.677322
vn -0.166992 -0.856961 -0.487578
vn 0.109398 -0.566189 0.816984
vn -0.034799 0.274092 -0.961074
vn 0.002800 0.529197 -0.848495
vn -0.276205 0.322106 -0.905516
vn -0.265887 0.365183 -0.892158
vn 0.002800 0.529197 -0.848495
vn 0.133204 0.424813 -0.895428
vn -0.265887 0.365183 -0.892158
vn 0.026600 0.222800 -0.974501
vn -0.265887 0.365183 -0.892158
vn 0.026600 0.222800 -0.974501
vn -0.316990 0.328090 -0.889873
vn -0.120297 0.107698 -0.986879
vn -0.276205 0.322106 -0.905516
vn -0.265887 0.365183 -0.892158
vn -0.334797 0.337197 -0.879892
vn -0.316990 0.328090 -0.889873
vn 0.109398 -0.566189 0.816984
vn -0.201607 -0.707523 0.677322
vn 0.164797 -0.483691 0.859584
vn 0.143795 -0.547781 0.824172
vn -0.201607 -0.707523 0.677322
vn -0.146699 -0.888891 0.433996
vn 0.143795 -0.547781 0.824172
vn 0.157497 -0.904383 0.396593
vn 0.143795 -0.547781 0.824172
vn 0.157497 -0.904383 0.396593
vn 0.298810 -0.476516 0.826828
vn 0.539187 -0.743282 0.395991
vn 0.164797 -0.483691 0.859584
vn 0.143795 -0.547781 0.824172
vn 0.251101 -0.429001 0.867702
vn 0.298810 -0.476516 0.826828
vn 0.298810 -0.476516 0.826828
vn 0.447971 -0.351978 0.821848
vn 0.251101 -0.429001 0.867702
vn 0.346807 -0.365908 0.863618
vn 0.539187 -0.743282 0.395991
vn 0.821410 -0.445905 0.355604
vn 0.298810 -0.476516 0.826828
vn 0.447971 -0.351978 0.821848
vn 0.821410 -0.445905 0.355604
vn 0.930930 -0.087703 0.354511
vn 0.447971 -0.351978 0.821848
vn 0.787671 0.019799 0.615778
vn 0.447971 -0.351978 0.821848
vn 0.787671 0.019799 0.615778
vn 0.346807 -0.365908 0.863618
vn 0.577525 -0.328114 0.747533
vn 0.540311 0.209704 -0.814916
vn 0.932085 0.162797 -0.323595
vn 0.577717 0.026001 -0.815823
vn 0.947321 -0.022301 -0.319507
vn -0.947321 -0.022301 -0.319507
vn -0.932085 0.162797 -0.323595
vn -0.577717 0.026001 -0.815823
vn -0.540311 0.209704 -0.814916
vn -0.283114 0.025501 0.958747
vn -0.539102 0.057100 0.840303
vn -0.290385 -0.146993 0.945553
vn -0.578209 -0.127202 0.805912
vn 0.932085 0.162797 -0.323595
vn 0.931295 0.100599 0.350098
vn 0.947321 -0.022301 -0.319507
vn 0.947127 -0.081602 0.310309
vn -0.577717 0.026001 -0.815823
vn -0.540311 0.209704 -0.814916
vn 0.000000 0.045798 -0.998951
vn 0.000000 0.225298 -0.974290
vn -0.539102 0.057100 0.840303
vn -0.931295 0.100599 0.350098
vn -0.578209 -0.127202 0.805912
vn -0.947127 -0.081602 0.310309
vn 0.947127 -0.081602 0.310309
vn 0.931295 0.100599 0.350098
vn 0.578209 -0.127202 0.805912
vn 0.539102 0.057100 0.840303
vn 0.000000 0.225298 -0.974290
vn 0.540311 0.209704 -0.814916
vn 0.000000 0.045798 -0.998951
vn 0.577717 0.026001 -0.815823
vn -0.947127 -0.081602 0.310309
vn -0.931295 0.100599 0.350098
vn -0.947321 -0.022301 -0.319507
vn -0.932085 0.162797 -0.323595
vn 0.283114 0.025501 0.958747
vn 0.245692 -0.733976 0.633179
vn 0.000000 0.043498 0.999054
vn 0.000000 -0.740813 0.671712
vn 0.283114 0.025501 0.958747
vn 0.000000 0.043498 0.999054
vn 0.290385 -0.146993 0.945553
vn 0.000000 -0.140203 0.990123
vn 0.000000 -0.990695 -0.136099
vn 0.000000 -0.963645 -0.267185
vn -0.032099 -0.983180 -0.179796
vn -0.050500 -0.970197 -0.236999
vn -0.111297 -0.966473 -0.231394
vn -0.050500 -0.970197 -0.236999
vn -0.175804 -0.973821 -0.144103
vn 0.000000 -0.963645 -0.267185
vn 0.050500 -0.970197 -0.236999
vn 0.111297 -0.966473 -0.231394
vn 0.175804 -0.973821 -0.144103
vn -0.176107 -0.983538 -0.040502
vn 0.111899 -0.992593 0.047300
vn 0.000000 -0.996516 0.083401
vn 0.176107 -0.983538 -0.040502
vn -0.111899 -0.992593 0.047300
vn 0.071399 -0.990992 -0.113299
vn 0.071802 -0.994633 -0.074502
vn 0.175804 -0.973821 -0.144103
vn 0.176107 -0.983538 -0.040502
vn 0.000000 -0.998789 -0.049199
vn -0.038798 -0.997856 -0.052698
vn 0.000000 -0.996516 0.083401
vn -0.111899 -0.992593 0.047300
vn -0.038299 -0.990078 -0.135197
vn -0.111297 -0.966473 -0.231394
vn -0.071399 -0.990992 -0.113299
vn -0.175804 -0.973821 -0.144103
vn 0.038299 -0.990078 -0.135197
vn 0.071399 -0.990992 -0.113299
vn 0.111297 -0.966473 -0.231394
vn 0.175804 -0.973821 -0.144103
vn 0.000000 -0.998789 -0.049199
vn 0.000000 -0.996516 0.083401
vn 0.038798 -0.997856 -0.052698
vn 0.111899 -0.992593 0.047300
vn -0.071399 -0.990992 -0.113299
vn -0.175804 -0.973821 -0.144103
vn -0.071802 -0.994633 -0.074502
vn -0.176107 -0.983538 -0.040502
vn 0.038299 -0.990078 -0.135197
vn 0.111297 -0.966473 -0.231394
vn 0.032099 -0.983180 -0.179796
vn 0.050500 -0.970197 -0.236999
vn 0.038798 -0.997856 -0.052698
vn 0.111899 -0.992593 0.047300
vn 0.071802 -0.994633 -0.074502
vn 0.176107 -0.983538 -0.040502
vn -0.038798 -0.997856 -0.052698
vn -0.071802 -0.994633 -0.074502
vn -0.111899 -0.992593 0.047300
vn -0.176107 -0.983538 -0.040502
vn 0.038299 -0.990078 -0.135197
vn -0.578209 -0.127202 0.805912
vn 0.071399 -0.990992 -0.113299
vn -0.947127 -0.081602 0.310309
vn -0.577717 0.026001 -0.815823
vn 0.000000 0.045798 -0.998951
vn 0.038798 -0.997856 -0.052698
vn 0.000000 -0.998789 -0.049199
vn 0.947321 -0.022301 -0.319507
vn 0.947127 -0.081602 0.310309
vn -0.071802 -0.994633 -0.074502
vn -0.071399 -0.990992 -0.113299
vn 0.032099 -0.983180 -0.179796
vn -0.290385 -0.146993 0.945553
vn 0.038299 -0.990078 -0.135197
vn -0.578209 -0.127202 0.805912
vn -0.947321 -0.022301 -0.319507
vn -0.577717 0.026001 -0.815823
vn 0.071802 -0.994633 -0.074502
vn 0.038798 -0.997856 -0.052698
vn -0.038798 -0.997856 -0.052698
vn 0.577717 0.026001 -0.815823
vn -0.071802 -0.994633 -0.074502
vn 0.947321 -0.022301 -0.319507
vn -0.032099 -0.983180 -0.179796
vn 0.290385 -0.146993 0.945553
vn 0.000000 -0.990695 -0.136099
vn 0.000000 -0.140203 0.990123
vn 0.071399 -0.990992 -0.113299
vn -0.947127 -0.081602 0.310309
vn 0.071802 -0.994633 -0.074502
vn -0.947321 -0.022301 -0.319507
vn 0.000000 -0.998789 -0.049199
vn 0.000000 0.045798 -0.998951
vn -0.038798 -0.997856 -0.052698
vn 0.577717 0.026001 -0.815823
vn 0.947127 -0.081602 0.310309
vn 0.578209 -0.127202 0.805912
vn -0.071399 -0.990992 -0.113299
vn -0.038299 -0.990078 -0.135197
vn 0.245692 -0.733976 0.633179
vn 0.340991 -0.423088 0.839477
vn 0.000000 -0.740813 0.671712
vn 0.000000 -0.508483 0.861072
vn 0.540311 0.209704 -0.814916
vn 0.438979 -0.558074 -0.704167
vn 0.932085 0.162797 -0.323595
vn 0.736169 -0.599975 -0.313187
vn -0.736169 -0.599975 -0.313187
vn -0.438979 -0.558074 -0.704167
vn -0.932085 0.162797 -0.323595
vn -0.540311 0.209704 -0.814916
vn -0.283114 0.025501 0.958747
vn -0.245692 -0.733976 0.633179
vn -0.539102 0.057100 0.840303
vn -0.461586 -0.679580 0.570183
vn 0.736169 -0.599975 -0.313187
vn 0.738522 -0.643819 0.200206
vn 0.932085 0.162797 -0.323595
vn 0.931295 0.100599 0.350098
vn -0.438979 -0.558074 -0.704167
vn 0.000000 -0.541081 -0.840971
vn -0.540311 0.209704 -0.814916
vn 0.000000 0.225298 -0.974290
vn -0.539102 0.057100 0.840303
vn -0.461586 -0.679580 0.570183
vn -0.931295 0.100599 0.350098
vn -0.738522 -0.643819 0.200206
vn 0.738522 -0.643819 0.200206
vn 0.461586 -0.679580 0.570183
vn 0.931295 0.100599 0.350098
vn 0.539102 0.057100 0.840303
vn 0.000000 0.225298 -0.974290
vn 0.000000 -0.541081 -0.840971
vn 0.540311 0.209704 -0.814916
vn 0.438979 -0.558074 -0.704167
vn -0.931295 0.100599 0.350098
vn -0.738522 -0.643819 0.200206
vn -0.932085 0.162797 -0.323595
vn -0.736169 -0.599975 -0.313187
vn 0.519088 -0.299093 -0.800682
vn 0.564226 0.087804 -0.820938
vn 0.872410 -0.352104 -0.339004
vn 0.945214 0.048001 -0.322905
vn 0.438979 -0.558074 -0.704167
vn 0.526400 -0.262500 -0.808700
vn 0.736169 -0.599975 -0.313187
vn 0.885907 -0.315003 -0.340503
vn -0.885907 -0.315003 -0.340503
vn -0.526400 -0.262500 -0.808700
vn -0.736169 -0.599975 -0.313187
vn -0.438979 -0.558074 -0.704167
vn -0.340991 -0.423088 0.839477
vn -0.572710 -0.383707 0.724412
vn -0.245692 -0.733976 0.633179
vn -0.461586 -0.679580 0.570183
vn 0.885907 -0.315003 -0.340503
vn 0.888799 -0.364200 0.278200
vn 0.736169 -0.599975 -0.313187
vn 0.738522 -0.643819 0.200206
vn -0.526400 -0.262500 -0.808700
vn 0.000000 -0.241100 -0.970500
vn -0.438979 -0.558074 -0.704167
vn 0.000000 -0.541081 -0.840971
vn -0.461586 -0.679580 0.570183
vn -0.572710 -0.383707 0.724412
vn -0.738522 -0.643819 0.200206
vn -0.888799 -0.364200 0.278200
vn 0.888799 -0.364200 0.278200
vn 0.572710 -0.383707 0.724412
vn 0.738522 -0.643819 0.200206
vn 0.461586 -0.679580 0.570183
vn 0.000000 -0.541081 -0.840971
vn 0.000000 -0.241100 -0.970500
vn 0.438979 -0.558074 -0.704167
vn 0.526400 -0.262500 -0.808700
vn -0.738522 -0.643819 0.200206
vn -0.888799 -0.364200 0.278200
vn -0.736169 -0.599975 -0.313187
vn -0.885907 -0.315003 -0.340503
vn -0.215603 0.582908 0.783411
vn -0.427102 0.589403 0.685703
vn -0.237993 0.219793 0.946071
vn -0.484995 0.310097 0.817692
vn -0.945214 0.048001 -0.322905
vn -0.564226 0.087804 -0.820938
vn -0.872410 -0.352104 -0.339004
vn -0.519088 -0.299093 -0.800682
vn -0.295712 -0.317313 0.901037
vn -0.211494 -0.003900 0.977372
vn -0.532313 -0.371009 0.760918
vn -0.520397 -0.032800 0.853294
vn 0.945214 0.048001 -0.322905
vn 0.945113 -0.005000 0.326705
vn 0.872410 -0.352104 -0.339004
vn 0.875424 -0.400911 0.270007
vn -0.564226 0.087804 -0.820938
vn 0.000000 0.101405 -0.994845
vn -0.519088 -0.299093 -0.800682
vn 0.000000 -0.277111 -0.960838
vn -0.532313 -0.371009 0.760918
vn -0.520397 -0.032800 0.853294
vn -0.875424 -0.400911 0.270007
vn -0.945113 -0.005000 0.326705
vn 0.945113 -0.005000 0.326705
vn 0.520397 -0.032800 0.853294
vn 0.875424 -0.400911 0.270007
vn 0.532313 -0.371009 0.760918
vn 0.000000 -0.277111 -0.960838
vn 0.000000 0.101405 -0.994845
vn 0.519088 -0.299093 -0.800682
vn 0.564226 0.087804 -0.820938
vn -0.875424 -0.400911 0.270007
vn -0.945113 -0.005000 0.326705
vn -0.872410 -0.352104 -0.339004
vn -0.945214 0.048001 -0.322905
vn 0.411700 0.725500 -0.551500
vn 0.135605 0.984837 -0.108204
vn 0.693819 0.696219 -0.184105
vn 0.237001 0.971406 0.014200
vn 0.693819 0.696219 -0.184105
vn 0.702612 0.644211 0.302205
vn 0.857892 0.443196 -0.259998
vn 0.854684 0.394992 0.336893
vn -0.513904 0.463104 -0.722106
vn -0.411700 0.725500 -0.551500
vn 0.000000 0.466113 -0.884725
vn 0.000000 0.733591 -0.679591
vn -0.427102 0.589403 0.685703
vn -0.702612 0.644211 0.302205
vn -0.484995 0.310097 0.817692
vn -0.854684 0.394992 0.336893
vn 0.854684 0.394992 0.336893
vn 0.702612 0.644211 0.302205
vn 0.484995 0.310097 0.817692
vn 0.427102 0.589403 0.685703
vn 0.000000 0.733591 -0.679591
vn 0.411700 0.725500 -0.551500
vn 0.000000 0.466113 -0.884725
vn 0.513904 0.463104 -0.722106
vn -0.854684 0.394992 0.336893
vn -0.702612 0.644211 0.302205
vn -0.857892 0.443196 -0.259998
vn -0.693819 0.696219 -0.184105
vn 0.215603 0.582908 0.783411
vn 0.000000 0.565179 0.824969
vn 0.237993 0.219793 0.946071
vn 0.000000 0.191595 0.981474
vn 0.411700 0.725500 -0.551500
vn 0.693819 0.696219 -0.184105
vn 0.513904 0.463104 -0.722106
vn 0.857892 0.443196 -0.259998
vn -0.857892 0.443196 -0.259998
vn -0.693819 0.696219 -0.184105
vn -0.513904 0.463104 -0.722106
vn -0.411700 0.725500 -0.551500
vn 0.000000 0.191595 0.981474
vn 0.000000 0.565179 0.824969
vn -0.237993 0.219793 0.946071
vn -0.215603 0.582908 0.783411
vn 0.000000 -0.508483 0.861072
vn -0.340991 -0.423088 0.839477
vn 0.000000 -0.740813 0.671712
vn -0.245692 -0.733976 0.633179
vn 0.000000 -0.740813 0.671712
vn -0.245692 -0.733976 0.633179
vn 0.000000 0.043498 0.999054
vn -0.283114 0.025501 0.958747
vn 0.000000 -0.140203 0.990123
vn -0.290385 -0.146993 0.945553
vn 0.000000 -0.990695 -0.136099
vn 0.032099 -0.983180 -0.179796
vn 0.000000 -0.990695 -0.136099
vn 0.032099 -0.983180 -0.179796
vn 0.000000 -0.963645 -0.267185
vn 0.050500 -0.970197 -0.236999
vn 0.000000 -0.140203 0.990123
vn 0.000000 0.043498 0.999054
vn -0.290385 -0.146993 0.945553
vn -0.283114 0.025501 0.958747
vn 0.484995 0.310097 0.817692
vn 0.427102 0.589403 0.685703
vn 0.237993 0.219793 0.946071
vn 0.215603 0.582908 0.783411
vn 0.520397 -0.032800 0.853294
vn 0.211494 -0.003900 0.977372
vn 0.532313 -0.371009 0.760918
vn 0.295712 -0.317313 0.901037
vn 0.461586 -0.679580 0.570183
vn 0.572710 -0.383707 0.724412
vn 0.245692 -0.733976 0.633179
vn 0.340991 -0.423088 0.839477
vn 0.578209 -0.127202 0.805912
vn 0.290385 -0.146993 0.945553
vn -0.038299 -0.990078 -0.135197
vn -0.032099 -0.983180 -0.179796
vn -0.038299 -0.990078 -0.135197
vn -0.032099 -0.983180 -0.179796
vn -0.111297 -0.966473 -0.231394
vn -0.050500 -0.970197 -0.236999
vn 0.578209 -0.127202 0.805912
vn 0.539102 0.057100 0.840303
vn 0.290385 -0.146993 0.945553
vn 0.283114 0.025501 0.958747
vn 0.461586 -0.679580 0.570183
vn 0.245692 -0.733976 0.633179
vn 0.539102 0.057100 0.840303
vn 0.283114 0.025501 0.958747
vn 0.520397 -0.032800 0.853294
vn 0.484995 0.310097 0.817692
vn 0.211494 -0.003900 0.977372
vn 0.237993 0.219793 0.946071
vn 0.000000 0.191595 0.981474
vn -0.237993 0.219793 0.946071
vn 0.000000 0.073897 0.997266
vn -0.211494 -0.003900 0.977372
vn -0.945214 0.048001 -0.322905
vn -0.857892 0.443196 -0.259998
vn -0.564226 0.087804 -0.820938
vn -0.513904 0.463104 -0.722106
vn 0.513904 0.463104 -0.722106
vn 0.857892 0.443196 -0.259998
vn 0.564226 0.087804 -0.820938
vn 0.945214 0.048001 -0.322905
vn 0.211494 -0.003900 0.977372
vn 0.237993 0.219793 0.946071
vn 0.000000 0.073897 0.997266
vn 0.000000 0.191595 0.981474
vn -0.945113 -0.005000 0.326705
vn -0.854684 0.394992 0.336893
vn -0.945214 0.048001 -0.322905
vn -0.857892 0.443196 -0.259998
vn 0.000000 0.466113 -0.884725
vn 0.513904 0.463104 -0.722106
vn 0.000000 0.101405 -0.994845
vn 0.564226 0.087804 -0.820938
vn 0.945113 -0.005000 0.326705
vn 0.854684 0.394992 0.336893
vn 0.520397 -0.032800 0.853294
vn 0.484995 0.310097 0.817692
vn -0.484995 0.310097 0.817692
vn -0.854684 0.394992 0.336893
vn -0.520397 -0.032800 0.853294
vn -0.945113 -0.005000 0.326705
vn -0.564226 0.087804 -0.820938
vn -0.513904 0.463104 -0.722106
vn 0.000000 0.101405 -0.994845
vn 0.000000 0.466113 -0.884725
vn 0.857892 0.443196 -0.259998
vn 0.854684 0.394992 0.336893
vn 0.945214 0.048001 -0.322905
vn 0.945113 -0.005000 0.326705
vn -0.237993 0.219793 0.946071
vn -0.484995 0.310097 0.817692
vn -0.211494 -0.003900 0.977372
vn -0.520397 -0.032800 0.853294
vn 0.532313 -0.371009 0.760918
vn 0.295712 -0.317313 0.901037
vn 0.572710 -0.383707 0.724412
vn 0.340991 -0.423088 0.839477
vn -0.888799 -0.364200 0.278200
vn -0.875424 -0.400911 0.270007
vn -0.885907 -0.315003 -0.340503
vn -0.872410 -0.352104 -0.339004
vn 0.000000 -0.241100 -0.970500
vn 0.000000 -0.277111 -0.960838
vn 0.526400 -0.262500 -0.808700
vn 0.519088 -0.299093 -0.800682
vn 0.875424 -0.400911 0.270007
vn 0.532313 -0.371009 0.760918
vn 0.888799 -0.364200 0.278200
vn 0.572710 -0.383707 0.724412
vn -0.572710 -0.383707 0.724412
vn -0.532313 -0.371009 0.760918
vn -0.888799 -0.364200 0.278200
vn -0.875424 -0.400911 0.270007
vn -0.519088 -0.299093 -0.800682
vn 0.000000 -0.277111 -0.960838
vn -0.526400 -0.262500 -0.808700
vn 0.000000 -0.241100 -0.970500
vn 0.872410 -0.352104 -0.339004
vn 0.875424 -0.400911 0.270007
vn 0.885907 -0.315003 -0.340503
vn 0.888799 -0.364200 0.278200
vn -0.340991 -0.423088 0.839477
vn -0.295712 -0.317313 0.901037
vn -0.572710 -0.383707 0.724412
vn -0.532313 -0.371009 0.760918
vn -0.872410 -0.352104 -0.339004
vn -0.519088 -0.299093 -0.800682
vn -0.885907 -0.315003 -0.340503
vn -0.526400 -0.262500 -0.808700
vn 0.526400 -0.262500 -0.808700
vn 0.519088 -0.299093 -0.800682
vn 0.885907 -0.315003 -0.340503
vn 0.872410 -0.352104 -0.339004
vn 0.000000 0.919321 0.393509
vn 0.077099 0.933985 0.348894
vn -0.077099 0.933985 0.348894
vn -0.155603 0.927717 0.339306
vn -0.250601 0.949102 0.190800
vn 0.155603 0.927717 0.339306
vn 0.250601 0.949102 0.190800
vn -0.135605 0.984837 -0.108204
vn -0.237001 0.971406 0.014200
vn 0.000000 0.988898 -0.148600
vn 0.135605 0.984837 -0.108204
vn 0.237001 0.971406 0.014200
vn 0.427102 0.589403 0.685703
vn 0.155603 0.927717 0.339306
vn 0.215603 0.582908 0.783411
vn 0.077099 0.933985 0.348894
vn -0.411700 0.725500 -0.551500
vn -0.693819 0.696219 -0.184105
vn -0.135605 0.984837 -0.108204
vn -0.237001 0.971406 0.014200
vn -0.427102 0.589403 0.685703
vn -0.215603 0.582908 0.783411
vn -0.155603 0.927717 0.339306
vn -0.077099 0.933985 0.348894
vn 0.693819 0.696219 -0.184105
vn 0.237001 0.971406 0.014200
vn 0.702612 0.644211 0.302205
vn 0.250601 0.949102 0.190800
vn -0.411700 0.725500 -0.551500
vn -0.135605 0.984837 -0.108204
vn 0.000000 0.733591 -0.679591
vn 0.000000 0.988898 -0.148600
vn -0.702612 0.644211 0.302205
vn -0.427102 0.589403 0.685703
vn -0.250601 0.949102 0.190800
vn -0.155603 0.927717 0.339306
vn 0.702612 0.644211 0.302205
vn 0.250601 0.949102 0.190800
vn 0.427102 0.589403 0.685703
vn 0.155603 0.927717 0.339306
vn 0.000000 0.565179 0.824969
vn 0.000000 0.919321 0.393509
vn -0.215603 0.582908 0.783411
vn -0.077099 0.933985 0.348894
vn 0.411700 0.725500 -0.551500
vn 0.000000 0.733591 -0.679591
vn 0.135605 0.984837 -0.108204
vn 0.000000 0.988898 -0.148600
vn -0.693819 0.696219 -0.184105
vn -0.702612 0.644211 0.302205
vn -0.237001 0.971406 0.014200
vn -0.250601 0.949102 0.190800
vn 0.000000 0.565179 0.824969
vn 0.215603 0.582908 0.783411
vn 0.000000 0.919321 0.393509
vn 0.077099 0.933985 0.348894
vn -0.601566 0.770456 -0.210988
vn 0.520313 0.840321 -0.152104
vn 0.632043 0.594541 -0.497034
vn 0.520313 0.840321 -0.152104
vn -0.601566 0.770456 -0.210988
vn 0.486297 0.548497 -0.680196
vn 0.632043 0.594541 -0.497034
vn 0.486297 0.548497 -0.680196
vn -0.601566 0.770456 -0.210988
vn 0.652532 0.079904 0.753537
vn 0.065903 0.042002 0.996942
vn 0.814028 0.041801 0.579320
vn 0.856414 0.182103 -0.483108
vn 0.726422 0.077002 -0.682921
vn 0.785110 -0.275704 -0.554607
vn -0.824097 0.243799 -0.511298
vn -0.532834 0.219514 -0.817252
vn -0.468677 0.351883 -0.810260
vn -0.897201 0.319000 -0.305400
vn -0.979224 -0.193005 -0.062202
vn -0.946354 0.318118 -0.056703
vn -0.962865 0.207693 0.172494
vn -0.926671 0.169295 0.335589
vn -0.699577 0.227193 0.677478
vn -0.166904 0.101603 0.980724
vn -0.930801 0.204600 0.302900
vn -0.699577 0.227193 0.677478
vn -0.930801 0.204600 0.302900
vn -0.979224 -0.193005 -0.062202
vn -0.897201 0.319000 -0.305400
vn -0.903631 0.345012 -0.253809
vn -0.962865 0.207693 0.172494
vn -0.699577 0.227193 0.677478
vn -0.946354 0.318118 -0.056703
vn -0.600780 0.793774 -0.094797
vn -0.897201 0.319000 -0.305400
vn -0.951266 0.057898 -0.302889
vn -0.699577 0.227193 0.677478
vn -0.930801 0.204600 0.302900
vn 0.997452 -0.050798 0.050098
vn 0.652532 0.079904 0.753537
vn 0.991608 -0.129101 -0.006800
vn 0.488012 -0.112003 0.865621
vn 0.652532 0.079904 0.753537
vn 0.997452 -0.050798 0.050098
vn 0.958892 -0.142499 -0.245398
vn 0.932654 -0.327884 -0.150493
vn 0.997452 -0.050798 0.050098
vn 0.991608 -0.129101 -0.006800
vn 0.785110 -0.275704 -0.554607
vn 0.726422 0.077002 -0.682921
vn 0.741191 -0.256897 -0.620193
vn 0.676800 -0.207900 -0.706200
vn 0.719101 0.262300 -0.643501
vn 0.599707 -0.289004 -0.746209
vn 0.839858 -0.420879 -0.342783
vn 0.958892 -0.142499 -0.245398
vn 0.468098 -0.622198 -0.627498
vn 0.839858 -0.420879 -0.342783
vn 0.599707 -0.289004 -0.746209
vn 0.432705 0.860810 -0.267903
vn 0.128496 0.990266 -0.053498
vn 0.266508 0.514815 -0.814824
vn 0.137698 -0.085399 0.986786
vn 0.652532 0.079904 0.753537
vn 0.360917 0.204310 0.909943
vn -0.712178 -0.304791 0.632381
vn -0.926671 0.169295 0.335589
vn -0.970591 0.205798 0.124899
vn 0.741191 -0.256897 -0.620193
vn 0.432705 0.860810 -0.267903
vn 0.676800 -0.207900 -0.706200
vn 0.432705 0.860810 -0.267903
vn 0.266508 0.514815 -0.814824
vn 0.676800 -0.207900 -0.706200
vn -0.903631 0.345012 -0.253809
vn -0.532834 0.219514 -0.817252
vn -0.946528 0.153605 -0.283708
vn -0.951266 0.057898 -0.302889
vn -0.707279 0.129996 -0.694879
vn -0.903631 0.345012 -0.253809
vn 0.138497 -0.215295 -0.966678
vn -0.244397 -0.263497 -0.933188
vn -0.160897 -0.223295 -0.961380
vn 0.138497 -0.215295 -0.966678
vn -0.000100 0.426577 -0.904451
vn -0.244397 -0.263497 -0.933188
vn 0.027900 -0.639493 -0.768291
vn -0.514721 0.135805 -0.846534
vn -0.291902 -0.496303 -0.817604
vn 0.958876 0.238994 -0.153096
vn 0.719101 0.262300 -0.643501
vn 0.676800 -0.207900 -0.706200
vn -0.286805 0.637012 -0.715513
vn -0.556316 0.168905 -0.813624
vn -0.244397 -0.263497 -0.933188
vn 0.027900 -0.639493 -0.768291
vn -0.244397 -0.263497 -0.933188
vn -0.556316 0.168905 -0.813624
vn 0.856414 0.182103 -0.483108
vn 0.750862 0.340083 -0.566171
vn 0.726422 0.077002 -0.682921
vn -0.658268 -0.241588 -0.712965
vn -0.725590 -0.140698 -0.673590
vn -0.824097 0.243799 -0.511298
vn 0.642398 -0.198200 0.740298
vn 0.375489 -0.674381 0.635782
vn -0.522821 -0.249110 0.815232
vn -0.814509 -0.031300 -0.579306
vn -0.816910 -0.167502 -0.551907
vn 0.366606 -0.616710 -0.696612
vn -0.160897 -0.223295 -0.961380
vn 0.416015 -0.497918 -0.760927
vn -0.059998 -0.458884 -0.886468
vn -0.160897 -0.223295 -0.961380
vn -0.244397 -0.263497 -0.933188
vn 0.027900 -0.639493 -0.768291
vn -0.007400 -0.309311 -0.950932
vn -0.160897 -0.223295 -0.961380
vn -0.059998 -0.458884 -0.886468
vn -0.514721 0.135805 -0.846534
vn 0.027900 -0.639493 -0.768291
vn -0.556316 0.168905 -0.813624
vn -0.600780 0.793774 -0.094797
vn -0.816910 -0.167502 -0.551907
vn -0.897201 0.319000 -0.305400
vn -0.192002 -0.499604 -0.844708
vn 0.366606 -0.616710 -0.696612
vn 0.416015 -0.497918 -0.760927
vn -0.951266 0.057898 -0.302889
vn -0.814509 -0.031300 -0.579306
vn -0.707279 0.129996 -0.694879
vn -0.951886 0.288696 -0.102798
vn -0.976299 0.205600 -0.067600
vn -0.725590 -0.140698 -0.673590
vn -0.962865 0.207693 0.172494
vn -0.976299 0.205600 -0.067600
vn -0.951886 0.288696 -0.102798
vn 0.599707 -0.289004 -0.746209
vn 0.296410 -0.178506 -0.938231
vn 0.468098 -0.622198 -0.627498
vn -0.930801 0.204600 0.302900
vn -0.166904 0.101603 0.980724
vn -0.979224 -0.193005 -0.062202
vn -0.814509 -0.031300 -0.579306
vn -0.951266 0.057898 -0.302889
vn -0.816910 -0.167502 -0.551907
vn -0.160897 -0.223295 -0.961380
vn -0.192002 -0.499604 -0.844708
vn 0.416015 -0.497918 -0.760927
vn -0.192002 -0.499604 -0.844708
vn 0.027900 -0.639493 -0.768291
vn -0.291902 -0.496303 -0.817604
vn 0.958876 0.238994 -0.153096
vn 0.676800 -0.207900 -0.706200
vn 0.599707 -0.289004 -0.746209
vn -0.926671 0.169295 0.335589
vn -0.166904 0.101603 0.980724
vn -0.699577 0.227193 0.677478
vn 0.997452 -0.050798 0.050098
vn 0.726422 0.077002 -0.682921
vn 0.958876 0.238994 -0.153096
vn 0.991608 -0.129101 -0.006800
vn 0.982310 -0.068201 0.174402
vn 0.785110 -0.275704 -0.554607
vn -0.513682 -0.004100 0.857971
vn -0.973984 -0.163997 0.156397
vn -0.670213 -0.339407 0.660013
vn -0.970873 0.192395 -0.142796
vn -0.705808 0.254503 -0.661108
vn -0.902994 -0.212899 -0.373197
vn -0.973984 -0.163997 0.156397
vn -0.882601 -0.328200 -0.336600
vn -0.814538 -0.465322 0.346416
vn 0.993419 0.052301 0.101902
vn 0.831420 -0.540413 0.129203
vn 0.838377 -0.379290 -0.391489
vn 0.919513 -0.143302 0.366005
vn 0.446296 -0.076699 0.891592
vn 0.695396 -0.386098 0.606097
vn -0.000500 0.888941 0.458021
vn -0.262593 0.946276 0.188695
vn -0.697395 0.687895 0.201099
vn 0.653517 0.706618 0.271307
vn -0.262593 0.946276 0.188695
vn -0.000500 0.888941 0.458021
vn 0.784269 -0.230591 -0.575977
vn 0.989707 -0.069500 -0.125101
vn 0.906228 -0.367911 -0.208306
vn 0.784269 -0.230591 -0.575977
vn 0.906228 -0.367911 -0.208306
vn 0.947401 -0.156100 -0.279400
vn 0.574599 0.573599 -0.583799
vn 0.989707 -0.069500 -0.125101
vn 0.585003 0.290801 -0.757104
vn -0.643968 -0.455777 -0.614469
vn -0.669100 -0.725300 -0.162000
vn 0.103500 -0.867697 -0.486199
vn 0.103500 -0.867697 -0.486199
vn -0.669100 -0.725300 -0.162000
vn -0.768668 -0.111395 -0.629874
vn 0.204204 -0.082802 -0.975420
vn 0.784269 -0.230591 -0.575977
vn 0.947401 -0.156100 -0.279400
vn 0.890198 -0.438599 0.123200
vn 0.969962 -0.023799 0.242090
vn 0.947401 -0.156100 -0.279400
vn 0.879743 0.415220 0.231611
vn 0.919513 -0.143302 0.366005
vn 0.989707 -0.069500 -0.125101
vn -0.669100 -0.725300 -0.162000
vn -0.676920 -0.455714 -0.578017
vn -0.591496 -0.687795 -0.420797
vn 0.922436 0.079803 0.377815
vn 0.969962 -0.023799 0.242090
vn 0.858329 -0.141805 0.493116
vn -0.882601 -0.328200 -0.336600
vn -0.970873 0.192395 -0.142796
vn -0.902994 -0.212899 -0.373197
vn -0.884723 -0.454412 -0.103803
vn -0.307204 -0.881411 -0.358804
vn 0.326298 -0.923694 -0.200799
vn -0.438890 -0.230095 -0.868580
vn -0.896573 0.139096 -0.420487
vn -0.072401 0.216403 -0.973616
vn -0.902994 -0.212899 -0.373197
vn -0.896573 0.139096 -0.420487
vn -0.983307 -0.027900 -0.179801
vn -0.962567 -0.173794 -0.207993
vn -0.902994 -0.212899 -0.373197
vn -0.983307 -0.027900 -0.179801
vn -0.962543 0.159007 0.219610
vn -0.991917 -0.112602 0.058501
vn -0.983307 -0.027900 -0.179801
vn -0.854363 0.092496 0.511378
vn -0.898001 -0.386700 0.209900
vn -0.991917 -0.112602 0.058501
vn -0.670213 -0.339407 0.660013
vn -0.898001 -0.386700 0.209900
vn -0.854363 0.092496 0.511378
vn -0.973984 -0.163997 0.156397
vn -0.814538 -0.465322 0.346416
vn -0.898001 -0.386700 0.209900
vn -0.970600 0.063400 0.232200
vn -0.992567 0.031699 -0.117496
vn -0.973984 -0.163997 0.156397
vn -0.534307 0.269703 0.801110
vn -0.854363 0.092496 0.511378
vn -0.908206 -0.102401 0.405803
vn -0.962543 0.159007 0.219610
vn -0.785617 0.136303 0.603513
vn -0.954018 0.120402 0.274505
vn -0.896933 -0.364013 0.251009
vn -0.785617 0.136303 0.603513
vn -0.962543 0.159007 0.219610
vn -0.160500 -0.621001 -0.767201
vn -0.896933 -0.364013 0.251009
vn -0.905825 -0.423512 -0.010900
vn 0.856294 -0.500197 -0.128699
vn 0.514304 -0.852507 -0.093401
vn 0.794056 -0.040898 -0.606467
vn 0.328189 -0.928468 0.173894
vn -0.387209 -0.897522 0.211005
vn 0.514304 -0.852507 -0.093401
vn -0.534307 0.269703 0.801110
vn -0.908206 -0.102401 0.405803
vn -0.804701 0.166000 0.570001
vn -0.665974 0.044098 0.744671
vn -0.534307 0.269703 0.801110
vn -0.804701 0.166000 0.570001
vn -0.126895 0.309288 0.942464
vn -0.195394 0.671180 0.715079
vn -0.665974 0.044098 0.744671
vn -0.008100 0.879193 0.476396
vn -0.195394 0.671180 0.715079
vn -0.126895 0.309288 0.942464
vn 0.049201 -0.904510 -0.423605
vn 0.305007 -0.767519 -0.563814
vn 0.227512 -0.604733 -0.763241
vn -0.600095 -0.218198 0.769594
vn -0.317108 0.056201 0.946723
vn -0.611117 0.263707 0.746321
vn -0.262593 0.946276 0.188695
vn 0.585003 0.290801 -0.757104
vn -0.436703 0.640105 -0.632105
vn 0.574599 0.573599 -0.583799
vn 0.585003 0.290801 -0.757104
vn -0.262593 0.946276 0.188695
vn 0.432705 0.860810 -0.267903
vn -0.468799 0.718998 0.513098
vn 0.050403 0.889356 0.454429
vn -0.534307 0.269703 0.801110
vn 0.050403 0.889356 0.454429
vn -0.468799 0.718998 0.513098
vn -0.110704 -0.546921 -0.829832
vn -0.109505 -0.878237 -0.465520
vn 0.227512 -0.604733 -0.763241
vn 0.890198 -0.438599 0.123200
vn 0.919513 -0.143302 0.366005
vn 0.695396 -0.386098 0.606097
vn 0.695396 -0.386098 0.606097
vn 0.747114 -0.062901 0.661713
vn 0.969962 -0.023799 0.242090
vn -0.195394 0.671180 0.715079
vn -0.082796 0.937251 0.338682
vn -0.665974 0.044098 0.744671
vn 0.255710 0.453219 0.853935
vn -0.008100 0.879193 0.476396
vn -0.070700 0.380199 0.922198
vn -0.902994 -0.212899 -0.373197
vn -0.508791 0.002800 -0.860885
vn -0.896573 0.139096 -0.420487
vn -0.705808 0.254503 -0.661108
vn -0.314097 0.923191 -0.221498
vn -0.075700 0.235599 -0.968898
vn -0.970873 0.192395 -0.142796
vn -0.314097 0.923191 -0.221498
vn -0.705808 0.254503 -0.661108
vn 0.466200 -0.393800 -0.792199
vn 0.103500 -0.867697 -0.486199
vn -0.114802 -0.389105 -0.914012
vn 0.215891 0.852266 0.476481
vn -0.513682 -0.004100 0.857971
vn 0.516613 -0.032001 0.855621
vn 0.255710 0.453219 0.853935
vn 0.398007 0.510809 0.762014
vn -0.051799 0.991079 0.122797
vn 0.516613 -0.032001 0.855621
vn -0.670213 -0.339407 0.660013
vn 0.363719 0.631433 0.684836
vn -0.508791 0.002800 -0.860885
vn 0.790207 0.253602 -0.557905
vn 0.683977 0.249592 -0.685477
vn -0.075700 0.235599 -0.968898
vn 0.790207 0.253602 -0.557905
vn -0.508791 0.002800 -0.860885
vn 0.342016 0.698733 0.628329
vn -0.347496 0.634293 0.690593
vn -0.051799 0.991079 0.122797
vn -0.785617 0.136303 0.603513
vn -0.600095 -0.218198 0.769594
vn -0.611117 0.263707 0.746321
vn 0.446296 -0.076699 0.891592
vn -0.356704 0.738008 0.572806
vn -0.481714 -0.002000 0.876326
vn -0.307204 -0.881411 -0.358804
vn 0.536901 -0.702001 -0.467901
vn 0.326298 -0.923694 -0.200799
vn -0.438890 -0.230095 -0.868580
vn 0.536901 -0.702001 -0.467901
vn -0.307204 -0.881411 -0.358804
vn -0.110704 -0.546921 -0.829832
vn -0.042898 -0.849663 -0.525577
vn -0.109505 -0.878237 -0.465520
vn -0.600095 -0.218198 0.769594
vn 0.328189 -0.928468 0.173894
vn -0.225002 -0.973508 -0.040700
vn 0.536901 -0.702001 -0.467901
vn -0.438890 -0.230095 -0.868580
vn 0.493318 -0.186907 -0.849531
vn 0.466392 -0.522891 -0.713487
vn 0.305007 -0.767519 -0.563814
vn 0.802326 -0.546418 -0.240208
vn 0.307892 -0.894376 0.324491
vn -0.042898 -0.849663 -0.525577
vn 0.088298 -0.945874 -0.312291
vn -0.896933 -0.364013 0.251009
vn -0.387209 -0.897522 0.211005
vn -0.600095 -0.218198 0.769594
vn 0.015701 -0.770025 -0.637821
vn -0.160500 -0.621001 -0.767201
vn -0.905825 -0.423512 -0.010900
vn 0.517504 -0.504404 -0.691206
vn -0.160500 -0.621001 -0.767201
vn 0.015701 -0.770025 -0.637821
vn 0.955727 -0.205606 -0.210506
vn 0.103500 -0.867697 -0.486199
vn 0.466200 -0.393800 -0.792199
vn -0.669100 -0.725300 -0.162000
vn 0.050901 -0.998627 -0.012400
vn -0.676920 -0.455714 -0.578017
vn -0.611117 0.263707 0.746321
vn -0.513776 -0.062297 0.855660
vn -0.804701 0.166000 0.570001
vn -0.126895 0.309288 0.942464
vn -0.284113 -0.091204 0.954443
vn -0.317108 0.056201 0.946723
vn 0.398007 0.510809 0.762014
vn 0.255710 0.453219 0.853935
vn -0.070700 0.380199 0.922198
vn 0.255710 0.453219 0.853935
vn -0.286805 0.637012 -0.715513
vn -0.008100 0.879193 0.476396
vn -0.042898 -0.849663 -0.525577
vn -0.110704 -0.546921 -0.829832
vn 0.088298 -0.945874 -0.312291
vn -0.119306 -0.824040 0.553827
vn 0.399500 -0.110900 0.910000
vn -0.326193 -0.324993 0.887681
vn 0.307892 -0.894376 0.324491
vn -0.465330 -0.883357 0.056104
vn -0.042898 -0.849663 -0.525577
vn 0.747114 -0.062901 0.661713
vn 0.342016 0.698733 0.628329
vn 0.787718 0.250706 0.562713
vn 0.787718 0.250706 0.562713
vn 0.342016 0.698733 0.628329
vn 0.490118 0.370214 0.789130
vn -0.676920 -0.455714 -0.578017
vn -0.137300 -0.916103 -0.376701
vn -0.591496 -0.687795 -0.420797
vn 0.050901 -0.998627 -0.012400
vn 0.762424 -0.601519 0.238507
vn -0.137300 -0.916103 -0.376701
vn -0.137300 -0.916103 -0.376701
vn -0.428508 -0.645612 -0.632112
vn -0.591496 -0.687795 -0.420797
vn 0.747114 -0.062901 0.661713
vn 0.858329 -0.141805 0.493116
vn 0.969962 -0.023799 0.242090
vn 0.879743 0.415220 0.231611
vn -0.000500 0.888941 0.458021
vn 0.559789 0.780184 0.279194
vn 0.906228 -0.367911 -0.208306
vn 0.838377 -0.379290 -0.391489
vn 0.890198 -0.438599 0.123200
vn 0.989707 -0.069500 -0.125101
vn 0.838377 -0.379290 -0.391489
vn 0.906228 -0.367911 -0.208306
vn 0.989707 -0.069500 -0.125101
vn 0.653517 0.706618 0.271307
vn 0.879743 0.415220 0.231611
vn 0.762424 -0.601519 0.238507
vn 0.704498 -0.708297 0.044700
vn 0.955727 -0.205606 -0.210506
vn 0.969962 -0.023799 0.242090
vn 0.955727 -0.205606 -0.210506
vn 0.947401 -0.156100 -0.279400
vn -0.006300 -0.627666 -0.778458
vn 0.227512 -0.604733 -0.763241
vn 0.466392 -0.522891 -0.713487
vn 0.227512 -0.604733 -0.763241
vn 0.305007 -0.767519 -0.563814
vn 0.466392 -0.522891 -0.713487
vn -0.962543 0.159007 0.219610
vn -0.954018 0.120402 0.274505
vn -0.991917 -0.112602 0.058501
vn 0.947401 -0.156100 -0.279400
vn 0.466200 -0.393800 -0.792199
vn 0.204204 -0.082802 -0.975420
vn 0.536901 -0.702001 -0.467901
vn 0.493318 -0.186907 -0.849531
vn 0.901990 -0.104999 -0.418795
vn 0.007400 0.276100 0.961100
vn 0.462627 0.240714 0.853249
vn 0.355685 0.371584 0.857563
vn 0.517504 -0.504404 -0.691206
vn 0.764883 -0.631486 -0.127197
vn 0.802326 -0.546418 -0.240208
vn -0.072401 0.216403 -0.973616
vn 0.683977 0.249592 -0.685477
vn 0.901990 -0.104999 -0.418795
vn -0.513776 -0.062297 0.855660
vn -0.665974 0.044098 0.744671
vn -0.804701 0.166000 0.570001
vn -0.070700 0.380199 0.922198
vn -0.126895 0.309288 0.942464
vn 0.007400 0.276100 0.961100
vn 0.355685 0.371584 0.857563
vn -0.070700 0.380199 0.922198
vn 0.007400 0.276100 0.961100
vn 0.490118 0.370214 0.789130
vn 0.705301 0.003100 0.708901
vn 0.858329 -0.141805 0.493116
vn -0.882601 -0.328200 -0.336600
vn -0.902994 -0.212899 -0.373197
vn -0.898001 -0.386700 0.209900
vn -0.970600 0.063400 0.232200
vn -0.660625 0.749828 0.036501
vn -0.970873 0.192395 -0.142796
vn 0.133405 0.927235 0.349913
vn -0.615004 0.717705 0.326602
vn 0.394814 0.887931 0.236008
vn -0.615004 0.717705 0.326602
vn -0.660625 0.749828 0.036501
vn 0.091502 0.976525 0.195005
vn 0.015701 -0.770025 -0.637821
vn 0.326298 -0.923694 -0.200799
vn 0.517504 -0.504404 -0.691206
vn -0.438890 -0.230095 -0.868580
vn -0.884723 -0.454412 -0.103803
vn -0.896573 0.139096 -0.420487
vn -0.307204 -0.881411 -0.358804
vn -0.884723 -0.454412 -0.103803
vn -0.438890 -0.230095 -0.868580
vn 0.517504 -0.504404 -0.691206
vn 0.326298 -0.923694 -0.200799
vn 0.764883 -0.631486 -0.127197
vn 0.856414 0.182103 -0.483108
vn 0.516613 -0.032001 0.855621
vn 0.750862 0.340083 -0.566171
vn 0.750862 0.340083 -0.566171
vn 0.363719 0.631433 0.684836
vn 0.741191 -0.256897 -0.620193
vn 0.137698 -0.085399 0.986786
vn 0.683977 0.249592 -0.685477
vn 0.790207 0.253602 -0.557905
vn -0.491602 0.082500 -0.866903
vn -0.347496 0.634293 0.690593
vn -0.468677 0.351883 -0.810260
vn -0.468677 0.351883 -0.810260
vn -0.347496 0.634293 0.690593
vn -0.481714 -0.002000 0.876326
vn 0.360917 0.204310 0.909943
vn 0.901990 -0.104999 -0.418795
vn 0.683977 0.249592 -0.685477
vn -0.926671 0.169295 0.335589
vn -0.768668 -0.111395 -0.629874
vn -0.440407 0.250604 0.862113
vn 0.741191 -0.256897 -0.620193
vn 0.363719 0.631433 0.684836
vn 0.432705 0.860810 -0.267903
vn -0.286805 0.637012 -0.715513
vn -0.051799 0.991079 0.122797
vn -0.556316 0.168905 -0.813624
vn 0.091502 0.976525 0.195005
vn -0.129698 0.935383 0.328994
vn -0.615004 0.717705 0.326602
vn 0.774094 -0.544296 0.323297
vn 0.680260 -0.637863 0.361079
vn 0.214810 -0.927344 -0.306415
vn 0.774094 -0.544296 0.323297
vn 0.214810 -0.927344 -0.306415
vn -0.137300 -0.916103 -0.376701
vn -0.225002 -0.973508 -0.040700
vn -0.438603 -0.724806 0.531304
vn -0.600095 -0.218198 0.769594
vn 0.652532 0.079904 0.753537
vn 0.814028 0.041801 0.579320
vn 0.991608 -0.129101 -0.006800
vn 0.958876 0.238994 -0.153096
vn 0.726422 0.077002 -0.682921
vn 0.719101 0.262300 -0.643501
vn 0.137698 -0.085399 0.986786
vn 0.814028 0.041801 0.579320
vn 0.065903 0.042002 0.996942
vn 0.997452 -0.050798 0.050098
vn 0.991608 -0.129101 -0.006800
vn 0.726422 0.077002 -0.682921
vn -0.962865 0.207693 0.172494
vn -0.970591 0.205798 0.124899
vn -0.926671 0.169295 0.335589
vn -0.903631 0.345012 -0.253809
vn -0.946528 0.153605 -0.283708
vn -0.962865 0.207693 0.172494
vn -0.951266 0.057898 -0.302889
vn -0.930801 0.204600 0.302900
vn -0.897201 0.319000 -0.305400
vn -0.951266 0.057898 -0.302889
vn -0.903631 0.345012 -0.253809
vn -0.699577 0.227193 0.677478
vn -0.962865 0.207693 0.172494
vn -0.946528 0.153605 -0.283708
vn -0.976299 0.205600 -0.067600
vn -0.946528 0.153605 -0.283708
vn -0.725590 -0.140698 -0.673590
vn -0.976299 0.205600 -0.067600
vn 0.991608 -0.129101 -0.006800
vn 0.814028 0.041801 0.579320
vn 0.982310 -0.068201 0.174402
vn 0.642398 -0.198200 0.740298
vn 0.488012 -0.112003 0.865621
vn 0.997452 -0.050798 0.050098
vn 0.958892 -0.142499 -0.245398
vn 0.997452 -0.050798 0.050098
vn 0.958876 0.238994 -0.153096
vn -0.000100 0.426577 -0.904451
vn 0.138497 -0.215295 -0.966678
vn 0.215087 0.808850 -0.547266
vn 0.750862 0.340083 -0.566171
vn 0.741191 -0.256897 -0.620193
vn 0.719101 0.262300 -0.643501
vn -0.903631 0.345012 -0.253809
vn -0.707279 0.129996 -0.694879
vn -0.532834 0.219514 -0.817252
vn 0.215087 0.808850 -0.547266
vn 0.266508 0.514815 -0.814824
vn 0.128496 0.990266 -0.053498
vn 0.296410 -0.178506 -0.938231
vn 0.599707 -0.289004 -0.746209
vn 0.266508 0.514815 -0.814824
vn 0.676800 -0.207900 -0.706200
vn -0.946528 0.153605 -0.283708
vn -0.532834 0.219514 -0.817252
vn -0.725590 -0.140698 -0.673590
vn -0.291902 -0.496303 -0.817604
vn -0.514721 0.135805 -0.846534
vn -0.707279 0.129996 -0.694879
vn -0.491602 0.082500 -0.866903
vn 0.726422 0.077002 -0.682921
vn 0.750862 0.340083 -0.566171
vn 0.719101 0.262300 -0.643501
vn 0.137698 -0.085399 0.986786
vn 0.065903 0.042002 0.996942
vn 0.652532 0.079904 0.753537
vn -0.926671 0.169295 0.335589
vn -0.440407 0.250604 0.862113
vn -0.166904 0.101603 0.980724
vn -0.491602 0.082500 -0.866903
vn -0.468677 0.351883 -0.810260
vn -0.707279 0.129996 -0.694879
vn -0.532834 0.219514 -0.817252
vn -0.824097 0.243799 -0.511298
vn -0.725590 -0.140698 -0.673590
vn -0.532834 0.219514 -0.817252
vn -0.951266 0.057898 -0.302889
vn -0.897201 0.319000 -0.305400
vn -0.816910 -0.167502 -0.551907
vn 0.296410 -0.178506 -0.938231
vn 0.215087 0.808850 -0.547266
vn 0.138497 -0.215295 -0.966678
vn -0.286805 0.637012 -0.715513
vn -0.244397 -0.263497 -0.933188
vn -0.000100 0.426577 -0.904451
vn -0.192002 -0.499604 -0.844708
vn -0.160897 -0.223295 -0.961380
vn 0.027900 -0.639493 -0.768291
vn -0.707279 0.129996 -0.694879
vn -0.814509 -0.031300 -0.579306
vn -0.291902 -0.496303 -0.817604
vn -0.192002 -0.499604 -0.844708
vn -0.814509 -0.031300 -0.579306
vn 0.366606 -0.616710 -0.696612
vn 0.138497 -0.215295 -0.966678
vn -0.007400 -0.309311 -0.950932
vn 0.358015 -0.281611 -0.890236
vn -0.059998 -0.458884 -0.886468
vn -0.962865 0.207693 0.172494
vn -0.951886 0.288696 -0.102798
vn -0.970591 0.205798 0.124899
vn -0.522821 -0.249110 0.815232
vn 0.360917 0.204310 0.909943
vn 0.642398 -0.198200 0.740298
vn 0.488012 -0.112003 0.865621
vn 0.138497 -0.215295 -0.966678
vn 0.358015 -0.281611 -0.890236
vn 0.296410 -0.178506 -0.938231
vn 0.958892 -0.142499 -0.245398
vn 0.839858 -0.420879 -0.342783
vn 0.932654 -0.327884 -0.150493
vn 0.375489 -0.674381 0.635782
vn 0.642398 -0.198200 0.740298
vn 0.938026 -0.346410 0.010400
vn 0.997452 -0.050798 0.050098
vn 0.890198 -0.438599 0.123200
vn 0.831420 -0.540413 0.129203
vn 0.919513 -0.143302 0.366005
vn 0.993419 0.052301 0.101902
vn 0.360917 0.204310 0.909943
vn 0.652532 0.079904 0.753537
vn 0.488012 -0.112003 0.865621
vn 0.215087 0.808850 -0.547266
vn 0.296410 -0.178506 -0.938231
vn 0.266508 0.514815 -0.814824
vn -0.007400 -0.309311 -0.950932
vn 0.138497 -0.215295 -0.966678
vn -0.160897 -0.223295 -0.961380
vn -0.192002 -0.499604 -0.844708
vn -0.291902 -0.496303 -0.817604
vn -0.814509 -0.031300 -0.579306
vn 0.958892 -0.142499 -0.245398
vn 0.958876 0.238994 -0.153096
vn 0.599707 -0.289004 -0.746209
vn 0.997452 -0.050798 0.050098
vn 0.932654 -0.327884 -0.150493
vn 0.938026 -0.346410 0.010400
vn -0.882601 -0.328200 -0.336600
vn -0.992567 0.031699 -0.117496
vn -0.970873 0.192395 -0.142796
vn -0.973984 -0.163997 0.156397
vn -0.992567 0.031699 -0.117496
vn -0.882601 -0.328200 -0.336600
vn 0.585003 0.290801 -0.757104
vn 0.989707 -0.069500 -0.125101
vn 0.784269 -0.230591 -0.575977
vn 0.989707 -0.069500 -0.125101
vn 0.919513 -0.143302 0.366005
vn 0.993419 0.052301 0.101902
vn -0.436703 0.640105 -0.632105
vn 0.585003 0.290801 -0.757104
vn -0.258989 0.413983 -0.872664
vn 0.695396 -0.386098 0.606097
vn 0.446296 -0.076699 0.891592
vn -0.481714 -0.002000 0.876326
vn 0.989707 -0.069500 -0.125101
vn 0.993419 0.052301 0.101902
vn 0.838377 -0.379290 -0.391489
vn 0.050901 -0.998627 -0.012400
vn -0.643968 -0.455777 -0.614469
vn 0.704498 -0.708297 0.044700
vn 0.103500 -0.867697 -0.486199
vn 0.879743 0.415220 0.231611
vn 0.653517 0.706618 0.271307
vn -0.000500 0.888941 0.458021
vn 0.574599 0.573599 -0.583799
vn 0.653517 0.706618 0.271307
vn 0.989707 -0.069500 -0.125101
vn -0.643968 -0.455777 -0.614469
vn 0.050901 -0.998627 -0.012400
vn -0.669100 -0.725300 -0.162000
vn 0.790207 0.253602 -0.557905
vn -0.075700 0.235599 -0.968898
vn 0.133405 0.927235 0.349913
vn -0.314097 0.923191 -0.221498
vn 0.890198 -0.438599 0.123200
vn 0.838377 -0.379290 -0.391489
vn 0.831420 -0.540413 0.129203
vn 0.446296 -0.076699 0.891592
vn 0.549798 0.535698 0.640898
vn -0.356704 0.738008 0.572806
vn 0.549798 0.535698 0.640898
vn 0.559789 0.780184 0.279194
vn -0.356704 0.738008 0.572806
vn 0.549798 0.535698 0.640898
vn 0.879743 0.415220 0.231611
vn 0.559789 0.780184 0.279194
vn 0.762424 -0.601519 0.238507
vn 0.050901 -0.998627 -0.012400
vn 0.704498 -0.708297 0.044700
vn -0.615004 0.717705 0.326602
vn -0.314097 0.923191 -0.221498
vn -0.970873 0.192395 -0.142796
vn -0.970873 0.192395 -0.142796
vn -0.660625 0.749828 0.036501
vn -0.615004 0.717705 0.326602
vn 0.802326 -0.546418 -0.240208
vn 0.764883 -0.631486 -0.127197
vn 0.901990 -0.104999 -0.418795
vn 0.215891 0.852266 0.476481
vn 0.091502 0.976525 0.195005
vn -0.512996 0.799994 0.311198
vn -0.660625 0.749828 0.036501
vn 0.640827 0.688529 0.339514
vn 0.091502 0.976525 0.195005
vn 0.215891 0.852266 0.476481
vn 0.432705 0.860810 -0.267903
vn 0.363719 0.631433 0.684836
vn -0.468799 0.718998 0.513098
vn -0.854363 0.092496 0.511378
vn -0.884723 -0.454412 -0.103803
vn -0.633618 -0.760521 -0.141904
vn -0.962543 0.159007 0.219610
vn -0.884723 -0.454412 -0.103803
vn -0.962543 0.159007 0.219610
vn -0.983307 -0.027900 -0.179801
vn -0.670213 -0.339407 0.660013
vn -0.973984 -0.163997 0.156397
vn -0.898001 -0.386700 0.209900
vn -0.513682 -0.004100 0.857971
vn -0.970600 0.063400 0.232200
vn -0.973984 -0.163997 0.156397
vn -0.513682 -0.004100 0.857971
vn -0.512996 0.799994 0.311198
vn -0.970600 0.063400 0.232200
vn -0.905825 -0.423512 -0.010900
vn -0.633618 -0.760521 -0.141904
vn 0.015701 -0.770025 -0.637821
vn 0.049201 -0.904510 -0.423605
vn -0.109505 -0.878237 -0.465520
vn -0.364308 -0.622213 0.692915
vn -0.326193 -0.324993 0.887681
vn -0.534307 0.269703 0.801110
vn -0.468799 0.718998 0.513098
vn -0.854363 0.092496 0.511378
vn -0.905825 -0.423512 -0.010900
vn -0.896933 -0.364013 0.251009
vn -0.962543 0.159007 0.219610
vn 0.856294 -0.500197 -0.128699
vn 0.328189 -0.928468 0.173894
vn 0.514304 -0.852507 -0.093401
vn -0.160500 -0.621001 -0.767201
vn -0.387209 -0.897522 0.211005
vn -0.896933 -0.364013 0.251009
vn -0.954018 0.120402 0.274505
vn -0.804701 0.166000 0.570001
vn -0.908206 -0.102401 0.405803
vn -0.954018 0.120402 0.274505
vn -0.785617 0.136303 0.603513
vn -0.804701 0.166000 0.570001
vn 0.227512 -0.604733 -0.763241
vn -0.109505 -0.878237 -0.465520
vn 0.049201 -0.904510 -0.423605
vn -0.070700 0.380199 0.922198
vn -0.008100 0.879193 0.476396
vn -0.126895 0.309288 0.942464
vn 0.050403 0.889356 0.454429
vn -0.534307 0.269703 0.801110
vn -0.082796 0.937251 0.338682
vn -0.600095 -0.218198 0.769594
vn -0.438603 -0.724806 0.531304
vn -0.317108 0.056201 0.946723
vn -0.364308 -0.622213 0.692915
vn 0.363719 0.631433 0.684836
vn -0.670213 -0.339407 0.660013
vn -0.854363 0.092496 0.511378
vn -0.258989 0.413983 -0.872664
vn 0.585003 0.290801 -0.757104
vn 0.784269 -0.230591 -0.575977
vn -0.364308 -0.622213 0.692915
vn -0.326193 -0.324993 0.887681
vn -0.317108 0.056201 0.946723
vn 0.214810 -0.927344 -0.306415
vn 0.680260 -0.637863 0.361079
vn 0.088298 -0.945874 -0.312291
vn 0.680669 -0.327185 0.655470
vn 0.653517 0.706618 0.271307
vn 0.574599 0.573599 -0.583799
vn -0.262593 0.946276 0.188695
vn 0.890198 -0.438599 0.123200
vn 0.695396 -0.386098 0.606097
vn 0.969962 -0.023799 0.242090
vn -0.665974 0.044098 0.744671
vn -0.082796 0.937251 0.338682
vn -0.534307 0.269703 0.801110
vn -0.508791 0.002800 -0.860885
vn -0.705808 0.254503 -0.661108
vn -0.075700 0.235599 -0.968898
vn -0.902994 -0.212899 -0.373197
vn -0.705808 0.254503 -0.661108
vn -0.508791 0.002800 -0.860885
vn 0.919513 -0.143302 0.366005
vn 0.879743 0.415220 0.231611
vn 0.549798 0.535698 0.640898
vn 0.919513 -0.143302 0.366005
vn 0.549798 0.535698 0.640898
vn 0.446296 -0.076699 0.891592
vn 0.215891 0.852266 0.476481
vn -0.512996 0.799994 0.311198
vn -0.513682 -0.004100 0.857971
vn -0.286805 0.637012 -0.715513
vn 0.255710 0.453219 0.853935
vn -0.051799 0.991079 0.122797
vn 0.516613 -0.032001 0.855621
vn -0.513682 -0.004100 0.857971
vn -0.670213 -0.339407 0.660013
vn -0.768668 -0.111395 -0.629874
vn 0.204204 -0.082802 -0.975420
vn -0.114802 -0.389105 -0.914012
vn 0.342016 0.698733 0.628329
vn 0.747114 -0.062901 0.661713
vn -0.347496 0.634293 0.690593
vn -0.896933 -0.364013 0.251009
vn -0.600095 -0.218198 0.769594
vn -0.785617 0.136303 0.603513
vn -0.137300 -0.916103 -0.376701
vn 0.214810 -0.927344 -0.306415
vn -0.428508 -0.645612 -0.632112
vn 0.214810 -0.927344 -0.306415
vn 0.088298 -0.945874 -0.312291
vn -0.428508 -0.645612 -0.632112
vn -0.347496 0.634293 0.690593
vn 0.695396 -0.386098 0.606097
vn -0.481714 -0.002000 0.876326
vn 0.747114 -0.062901 0.661713
vn 0.695396 -0.386098 0.606097
vn -0.347496 0.634293 0.690593
vn 0.305007 -0.767519 -0.563814
vn 0.856294 -0.500197 -0.128699
vn 0.517504 -0.504404 -0.691206
vn 0.856294 -0.500197 -0.128699
vn 0.794056 -0.040898 -0.606467
vn 0.517504 -0.504404 -0.691206
vn 0.049201 -0.904510 -0.423605
vn -0.225002 -0.973508 -0.040700
vn 0.305007 -0.767519 -0.563814
vn 0.328189 -0.928468 0.173894
vn 0.705301 0.003100 0.708901
vn 0.462627 0.240714 0.853249
vn 0.680669 -0.327185 0.655470
vn 0.399500 -0.110900 0.910000
vn -0.633618 -0.760521 -0.141904
vn -0.905825 -0.423512 -0.010900
vn -0.962543 0.159007 0.219610
vn 0.947401 -0.156100 -0.279400
vn 0.955727 -0.205606 -0.210506
vn 0.466200 -0.393800 -0.792199
vn 0.901990 -0.104999 -0.418795
vn 0.764883 -0.631486 -0.127197
vn 0.536901 -0.702001 -0.467901
vn 0.764883 -0.631486 -0.127197
vn 0.326298 -0.923694 -0.200799
vn 0.536901 -0.702001 -0.467901
vn 0.922436 0.079803 0.377815
vn 0.774094 -0.544296 0.323297
vn 0.762424 -0.601519 0.238507
vn 0.802326 -0.546418 -0.240208
vn 0.305007 -0.767519 -0.563814
vn 0.517504 -0.504404 -0.691206
vn 0.680669 -0.327185 0.655470
vn 0.399500 -0.110900 0.910000
vn 0.307892 -0.894376 0.324491
vn -0.119306 -0.824040 0.553827
vn 0.680669 -0.327185 0.655470
vn 0.307892 -0.894376 0.324491
vn 0.088298 -0.945874 -0.312291
vn -0.109505 -0.878237 -0.465520
vn -0.465330 -0.883357 0.056104
vn -0.326193 -0.324993 0.887681
vn -0.119306 -0.824040 0.553827
vn -0.042898 -0.849663 -0.525577
vn -0.465330 -0.883357 0.056104
vn -0.109505 -0.878237 -0.465520
vn -0.284113 -0.091204 0.954443
vn -0.126895 0.309288 0.942464
vn -0.513776 -0.062297 0.855660
vn -0.665974 0.044098 0.744671
vn -0.600095 -0.218198 0.769594
vn -0.387209 -0.897522 0.211005
vn 0.328189 -0.928468 0.173894
vn 0.328189 -0.928468 0.173894
vn 0.856294 -0.500197 -0.128699
vn 0.305007 -0.767519 -0.563814
vn 0.955727 -0.205606 -0.210506
vn 0.704498 -0.708297 0.044700
vn 0.103500 -0.867697 -0.486199
vn 0.307892 -0.894376 0.324491
vn -0.119306 -0.824040 0.553827
vn -0.465330 -0.883357 0.056104
vn 0.514304 -0.852507 -0.093401
vn -0.160500 -0.621001 -0.767201
vn 0.794056 -0.040898 -0.606467
vn 0.514304 -0.852507 -0.093401
vn -0.387209 -0.897522 0.211005
vn -0.160500 -0.621001 -0.767201
vn 0.517504 -0.504404 -0.691206
vn 0.794056 -0.040898 -0.606467
vn -0.160500 -0.621001 -0.767201
vn 0.462627 0.240714 0.853249
vn 0.007400 0.276100 0.961100
vn 0.399500 -0.110900 0.910000
vn -0.326193 -0.324993 0.887681
vn -0.317108 0.056201 0.946723
vn -0.326193 -0.324993 0.887681
vn 0.007400 0.276100 0.961100
vn 0.922436 0.079803 0.377815
vn 0.858329 -0.141805 0.493116
vn 0.680669 -0.327185 0.655470
vn 0.705301 0.003100 0.708901
vn -0.428508 -0.645612 -0.632112
vn 0.088298 -0.945874 -0.312291
vn -0.006300 -0.627666 -0.778458
vn 0.355685 0.371584 0.857563
vn 0.398007 0.510809 0.762014
vn -0.070700 0.380199 0.922198
vn 0.398007 0.510809 0.762014
vn 0.490118 0.370214 0.789130
vn -0.051799 0.991079 0.122797
vn 0.490118 0.370214 0.789130
vn 0.342016 0.698733 0.628329
vn -0.051799 0.991079 0.122797
vn -0.676920 -0.455714 -0.578017
vn 0.050901 -0.998627 -0.012400
vn -0.137300 -0.916103 -0.376701
vn -0.137300 -0.916103 -0.376701
vn 0.762424 -0.601519 0.238507
vn 0.774094 -0.544296 0.323297
vn 0.922436 0.079803 0.377815
vn 0.680669 -0.327185 0.655470
vn 0.774094 -0.544296 0.323297
vn 0.680260 -0.637863 0.361079
vn -0.284113 -0.091204 0.954443
vn -0.513776 -0.062297 0.855660
vn -0.317108 0.056201 0.946723
vn -0.611117 0.263707 0.746321
vn 0.858329 -0.141805 0.493116
vn 0.787718 0.250706 0.562713
vn 0.490118 0.370214 0.789130
vn 0.747114 -0.062901 0.661713
vn 0.787718 0.250706 0.562713
vn 0.858329 -0.141805 0.493116
vn 0.947401 -0.156100 -0.279400
vn 0.906228 -0.367911 -0.208306
vn 0.890198 -0.438599 0.123200
vn 0.969962 -0.023799 0.242090
vn 0.922436 0.079803 0.377815
vn 0.955727 -0.205606 -0.210506
vn 0.922436 0.079803 0.377815
vn 0.762424 -0.601519 0.238507
vn 0.955727 -0.205606 -0.210506
vn -0.669100 -0.725300 -0.162000
vn -0.591496 -0.687795 -0.420797
vn -0.768668 -0.111395 -0.629874
vn 0.705301 0.003100 0.708901
vn 0.398007 0.510809 0.762014
vn 0.462627 0.240714 0.853249
vn 0.355685 0.371584 0.857563
vn 0.088298 -0.945874 -0.312291
vn -0.110704 -0.546921 -0.829832
vn -0.006300 -0.627666 -0.778458
vn -0.006300 -0.627666 -0.778458
vn -0.110704 -0.546921 -0.829832
vn 0.227512 -0.604733 -0.763241
vn 0.204204 -0.082802 -0.975420
vn 0.466200 -0.393800 -0.792199
vn -0.114802 -0.389105 -0.914012
vn -0.114802 -0.389105 -0.914012
vn 0.103500 -0.867697 -0.486199
vn -0.768668 -0.111395 -0.629874
vn -0.804701 0.166000 0.570001
vn -0.785617 0.136303 0.603513
vn -0.611117 0.263707 0.746321
vn 0.901990 -0.104999 -0.418795
vn 0.493318 -0.186907 -0.849531
vn -0.072401 0.216403 -0.973616
vn 0.493318 -0.186907 -0.849531
vn -0.438890 -0.230095 -0.868580
vn -0.072401 0.216403 -0.973616
vn -0.991917 -0.112602 0.058501
vn -0.954018 0.120402 0.274505
vn -0.854363 0.092496 0.511378
vn -0.908206 -0.102401 0.405803
vn -0.896573 0.139096 -0.420487
vn -0.884723 -0.454412 -0.103803
vn -0.983307 -0.027900 -0.179801
vn -0.072401 0.216403 -0.973616
vn -0.508791 0.002800 -0.860885
vn 0.683977 0.249592 -0.685477
vn 0.007400 0.276100 0.961100
vn -0.126895 0.309288 0.942464
vn -0.317108 0.056201 0.946723
vn -0.896573 0.139096 -0.420487
vn -0.508791 0.002800 -0.860885
vn -0.072401 0.216403 -0.973616
vn 0.705301 0.003100 0.708901
vn 0.490118 0.370214 0.789130
vn 0.398007 0.510809 0.762014
vn 0.015701 -0.770025 -0.637821
vn -0.633618 -0.760521 -0.141904
vn 0.326298 -0.923694 -0.200799
vn -0.884723 -0.454412 -0.103803
vn -0.768668 -0.111395 -0.629874
vn -0.258989 0.413983 -0.872664
vn 0.204204 -0.082802 -0.975420
vn -0.258989 0.413983 -0.872664
vn 0.784269 -0.230591 -0.575977
vn 0.204204 -0.082802 -0.975420
vn -0.991917 -0.112602 0.058501
vn -0.962567 -0.173794 -0.207993
vn -0.983307 -0.027900 -0.179801
vn -0.991917 -0.112602 0.058501
vn -0.898001 -0.386700 0.209900
vn -0.962567 -0.173794 -0.207993
vn -0.962567 -0.173794 -0.207993
vn -0.898001 -0.386700 0.209900
vn -0.902994 -0.212899 -0.373197
vn -0.814538 -0.465322 0.346416
vn -0.882601 -0.328200 -0.336600
vn -0.898001 -0.386700 0.209900
vn -0.970600 0.063400 0.232200
vn -0.970873 0.192395 -0.142796
vn -0.992567 0.031699 -0.117496
vn -0.970600 0.063400 0.232200
vn -0.512996 0.799994 0.311198
vn -0.660625 0.749828 0.036501
vn 0.394814 0.887931 0.236008
vn -0.615004 0.717705 0.326602
vn -0.129698 0.935383 0.328994
vn 0.133405 0.927235 0.349913
vn -0.314097 0.923191 -0.221498
vn -0.615004 0.717705 0.326602
vn -0.658268 -0.241588 -0.712965
vn -0.824097 0.243799 -0.511298
vn -0.356704 0.738008 0.572806
vn -0.481714 -0.002000 0.876326
vn -0.000100 0.426577 -0.904451
vn 0.215087 0.808850 -0.547266
vn -0.008100 0.879193 0.476396
vn -0.195394 0.671180 0.715079
vn 0.856414 0.182103 -0.483108
vn 0.215891 0.852266 0.476481
vn 0.516613 -0.032001 0.855621
vn -0.258989 0.413983 -0.872664
vn -0.926671 0.169295 0.335589
vn -0.436703 0.640105 -0.632105
vn -0.712178 -0.304791 0.632381
vn -0.824097 0.243799 -0.511298
vn -0.468677 0.351883 -0.810260
vn -0.481714 -0.002000 0.876326
vn 0.750862 0.340083 -0.566171
vn 0.516613 -0.032001 0.855621
vn 0.363719 0.631433 0.684836
vn -0.195394 0.671180 0.715079
vn 0.215087 0.808850 -0.547266
vn -0.082796 0.937251 0.338682
vn 0.128496 0.990266 -0.053498
vn -0.926671 0.169295 0.335589
vn -0.258989 0.413983 -0.872664
vn -0.768668 -0.111395 -0.629874
vn -0.514721 0.135805 -0.846534
vn -0.556316 0.168905 -0.813624
vn -0.051799 0.991079 0.122797
vn -0.286805 0.637012 -0.715513
vn -0.000100 0.426577 -0.904451
vn -0.008100 0.879193 0.476396
vn -0.082796 0.937251 0.338682
vn 0.128496 0.990266 -0.053498
vn 0.050403 0.889356 0.454429
vn 0.432705 0.860810 -0.267903
vn -0.491602 0.082500 -0.866903
vn -0.514721 0.135805 -0.846534
vn -0.347496 0.634293 0.690593
vn -0.051799 0.991079 0.122797
vn 0.885504 0.218401 0.410102
vn 0.559789 0.780184 0.279194
vn 0.871481 0.434891 0.226695
vn -0.000500 0.888941 0.458021
vn 0.137698 -0.085399 0.986786
vn 0.360917 0.204310 0.909943
vn 0.683977 0.249592 -0.685477
vn 0.091502 0.976525 0.195005
vn 0.640827 0.688529 0.339514
vn -0.129698 0.935383 0.328994
vn -0.000500 0.888941 0.458021
vn -0.697395 0.687895 0.201099
vn 0.871481 0.434891 0.226695
vn -0.438603 -0.724806 0.531304
vn -0.225002 -0.973508 -0.040700
vn -0.364308 -0.622213 0.692915
vn 0.049201 -0.904510 -0.423605
vn -0.015199 -0.997157 -0.073797
vn -0.359393 -0.817083 0.450791
vn -0.081498 -0.995871 -0.039999
vn -0.024200 -0.829492 0.557994
vn -0.551705 -0.217402 -0.805207
vn 0.000000 -0.197597 -0.980283
vn -0.453202 -0.560302 -0.693303
vn 0.000000 -0.544412 -0.838818
vn -0.867152 -0.314383 -0.386279
vn -0.551705 -0.217402 -0.805207
vn -0.695009 -0.641809 -0.324104
vn -0.453202 -0.560302 -0.693303
vn 0.453202 -0.560302 -0.693303
vn 0.551705 -0.217402 -0.805207
vn 0.732029 -0.585023 -0.349114
vn 0.880831 -0.287010 -0.376513
vn 0.000000 -0.544412 -0.838818
vn 0.000000 -0.197597 -0.980283
vn 0.453202 -0.560302 -0.693303
vn 0.551705 -0.217402 -0.805207
vn -0.006700 0.633616 0.773619
vn 0.009200 0.237604 0.971318
vn -0.514112 0.423610 0.745817
vn -0.455793 0.105698 0.883787
vn 0.012601 -0.050502 0.998645
vn 0.003000 0.101404 0.994841
vn 0.613205 -0.154801 0.774607
vn 0.315317 0.100505 0.943649
vn -0.904714 -0.198203 -0.377106
vn -0.557810 -0.175903 -0.811114
vn -0.867152 -0.314383 -0.386279
vn -0.551705 -0.217402 -0.805207
vn 0.551705 -0.217402 -0.805207
vn 0.557810 -0.175903 -0.811114
vn 0.880831 -0.287010 -0.376513
vn 0.903194 -0.205399 -0.376898
vn 0.000000 -0.197597 -0.980283
vn 0.000000 -0.156204 -0.987725
vn 0.551705 -0.217402 -0.805207
vn 0.557810 -0.175903 -0.811114
vn 0.890864 -0.452182 0.043498
vn 0.951498 -0.267199 0.152500
vn 0.380600 -0.922699 0.061400
vn 0.613205 -0.154801 0.774607
vn -0.350998 -0.935496 -0.040600
vn -0.589994 -0.184298 0.786092
vn -0.779271 -0.626677 0.003600
vn -0.955876 -0.261993 0.132897
vn -0.557810 -0.175903 -0.811114
vn 0.000000 -0.156204 -0.987725
vn -0.551705 -0.217402 -0.805207
vn 0.000000 -0.197597 -0.980283
vn -0.937010 0.183202 -0.297403
vn -0.940783 0.129998 -0.313094
vn -0.569711 0.215404 -0.793115
vn -0.569370 0.152792 -0.807758
vn -0.947920 -0.000800 -0.318507
vn -0.575989 0.045599 -0.816185
vn -0.924828 -0.184205 -0.332810
vn -0.556372 -0.186390 -0.809759
vn 0.556372 -0.186390 -0.809759
vn 0.575989 0.045599 -0.816185
vn 0.924910 -0.183802 -0.332804
vn 0.947920 -0.000800 -0.318507
vn 0.462473 0.051297 0.885148
vn 0.009200 0.237604 0.971318
vn 0.478882 0.419484 0.771171
vn -0.006700 0.633616 0.773619
vn 0.000000 -0.166701 -0.986008
vn 0.000000 0.062702 -0.998032
vn 0.556372 -0.186390 -0.809759
vn 0.575989 0.045599 -0.816185
vn 0.905866 -0.040898 0.421584
vn 0.462473 0.051297 0.885148
vn 0.943300 -0.023600 0.331100
vn 0.478882 0.419484 0.771171
vn -0.514112 0.423610 0.745817
vn -0.455793 0.105698 0.883787
vn -0.948895 -0.011100 0.315398
vn -0.908674 -0.020799 0.416988
vn -0.575989 0.045599 -0.816185
vn 0.000000 0.062702 -0.998032
vn -0.556372 -0.186390 -0.809759
vn 0.000000 -0.166701 -0.986008
vn 0.569370 0.152792 -0.807758
vn 0.940783 0.129998 -0.313094
vn 0.569711 0.215404 -0.793115
vn 0.937010 0.183202 -0.297403
vn 0.419581 -0.010400 0.907658
vn 0.421903 -0.077700 0.903305
vn 0.000000 -0.064003 0.997950
vn 0.000000 -0.140399 0.990095
vn -0.894461 0.107295 0.434081
vn -0.913106 0.058500 0.403503
vn -0.937010 0.183202 -0.297403
vn -0.940783 0.129998 -0.313094
vn 0.000000 0.160506 -0.987035
vn 0.569370 0.152792 -0.807758
vn 0.000000 0.226291 -0.974060
vn 0.569711 0.215404 -0.793115
vn 0.894461 0.107295 0.434081
vn 0.913106 0.058500 0.403503
vn 0.419581 -0.010400 0.907658
vn 0.421903 -0.077700 0.903305
vn -0.421903 -0.077700 0.903305
vn -0.913106 0.058500 0.403503
vn -0.419581 -0.010400 0.907658
vn -0.894461 0.107295 0.434081
vn -0.569711 0.215404 -0.793115
vn -0.569370 0.152792 -0.807758
vn 0.000000 0.226291 -0.974060
vn 0.000000 0.160506 -0.987035
vn 0.940783 0.129998 -0.313094
vn 0.913106 0.058500 0.403503
vn 0.937010 0.183202 -0.297403
vn 0.894461 0.107295 0.434081
vn 0.000000 -0.140399 0.990095
vn -0.421903 -0.077700 0.903305
vn 0.000000 -0.064003 0.997950
vn -0.419581 -0.010400 0.907658
vn 0.926867 0.053298 0.371587
vn 0.951498 -0.267199 0.152500
vn 0.924726 -0.146504 -0.351310
vn 0.903194 -0.205399 -0.376898
vn 0.890864 -0.452182 0.043498
vn 0.880831 -0.287010 -0.376513
vn 0.951498 -0.267199 0.152500
vn 0.903194 -0.205399 -0.376898
vn -0.460090 -0.880881 -0.111198
vn -0.015199 -0.997157 -0.073797
vn -0.779271 -0.626677 0.003600
vn -0.350998 -0.935496 -0.040600
vn -0.015199 -0.997157 -0.073797
vn -0.081498 -0.995871 -0.039999
vn -0.350998 -0.935496 -0.040600
vn -0.077402 -0.946027 -0.314709
vn 0.217994 -0.974073 0.060498
vn 0.380600 -0.922699 0.061400
vn -0.081498 -0.995871 -0.039999
vn -0.077402 -0.946027 -0.314709
vn 0.575434 -0.815148 -0.066404
vn 0.890864 -0.452182 0.043498
vn 0.217994 -0.974073 0.060498
vn 0.380600 -0.922699 0.061400
vn 0.880831 -0.287010 -0.376513
vn 0.890864 -0.452182 0.043498
vn 0.732029 -0.585023 -0.349114
vn 0.575434 -0.815148 -0.066404
vn -0.937244 0.013401 0.348416
vn -0.924723 -0.147004 -0.351109
vn -0.955876 -0.261993 0.132897
vn -0.904714 -0.198203 -0.377106
vn -0.779271 -0.626677 0.003600
vn -0.955876 -0.261993 0.132897
vn -0.867152 -0.314383 -0.386279
vn -0.904714 -0.198203 -0.377106
vn -0.460090 -0.880881 -0.111198
vn -0.779271 -0.626677 0.003600
vn -0.695009 -0.641809 -0.324104
vn -0.867152 -0.314383 -0.386279
vn -0.587112 -0.798016 0.135903
vn -0.896341 -0.346416 0.276713
vn -0.359393 -0.817083 0.450791
vn -0.541901 -0.383000 0.748101
vn -0.363898 -0.729696 -0.578897
vn -0.589999 -0.764498 -0.259699
vn -0.453202 -0.560302 -0.693303
vn -0.695009 -0.641809 -0.324104
vn 0.732029 -0.585023 -0.349114
vn 0.551919 -0.775326 -0.307010
vn 0.453202 -0.560302 -0.693303
vn 0.363898 -0.729696 -0.578897
vn -0.081498 -0.995871 -0.039999
vn -0.024200 -0.829492 0.557994
vn 0.217994 -0.974073 0.060498
vn 0.281016 -0.863249 0.419324
vn -0.589999 -0.764498 -0.259699
vn -0.587112 -0.798016 0.135903
vn -0.695009 -0.641809 -0.324104
vn -0.460090 -0.880881 -0.111198
vn 0.453202 -0.560302 -0.693303
vn 0.363898 -0.729696 -0.578897
vn 0.000000 -0.544412 -0.838818
vn 0.000000 -0.714814 -0.699314
vn 0.281016 -0.863249 0.419324
vn 0.505015 -0.861226 0.057002
vn 0.217994 -0.974073 0.060498
vn 0.575434 -0.815148 -0.066404
vn -0.460090 -0.880881 -0.111198
vn -0.587112 -0.798016 0.135903
vn -0.015199 -0.997157 -0.073797
vn -0.359393 -0.817083 0.450791
vn 0.000000 -0.714814 -0.699314
vn -0.363898 -0.729696 -0.578897
vn 0.000000 -0.544412 -0.838818
vn -0.453202 -0.560302 -0.693303
vn 0.505015 -0.861226 0.057002
vn 0.551919 -0.775326 -0.307010
vn 0.575434 -0.815148 -0.066404
vn 0.732029 -0.585023 -0.349114
vn 0.541901 -0.383000 0.748101
vn 0.545414 0.246106 0.801221
vn 0.896341 -0.346416 0.276713
vn 0.897281 0.296694 0.326893
vn 0.000000 -0.221703 -0.975114
vn -0.545765 -0.241284 -0.802448
vn 0.000000 -0.714814 -0.699314
vn -0.363898 -0.729696 -0.578897
vn 0.505015 -0.861226 0.057002
vn 0.896341 -0.346416 0.276713
vn 0.551919 -0.775326 -0.307010
vn 0.898925 -0.291208 -0.327309
vn -0.359393 -0.817083 0.450791
vn -0.541901 -0.383000 0.748101
vn -0.024200 -0.829492 0.557994
vn 0.000000 -0.394788 0.918772
vn -0.545765 -0.241284 -0.802448
vn -0.898925 -0.291208 -0.327309
vn -0.363898 -0.729696 -0.578897
vn -0.589999 -0.764498 -0.259699
vn 0.551919 -0.775326 -0.307010
vn 0.898925 -0.291208 -0.327309
vn 0.363898 -0.729696 -0.578897
vn 0.545765 -0.241284 -0.802448
vn 0.000000 -0.394788 0.918772
vn 0.541901 -0.383000 0.748101
vn -0.024200 -0.829492 0.557994
vn 0.281016 -0.863249 0.419324
vn -0.898925 -0.291208 -0.327309
vn -0.896341 -0.346416 0.276713
vn -0.589999 -0.764498 -0.259699
vn -0.587112 -0.798016 0.135903
vn 0.363898 -0.729696 -0.578897
vn 0.545765 -0.241284 -0.802448
vn 0.000000 -0.714814 -0.699314
vn 0.000000 -0.221703 -0.975114
vn 0.541901 -0.383000 0.748101
vn 0.896341 -0.346416 0.276713
vn 0.281016 -0.863249 0.419324
vn 0.505015 -0.861226 0.057002
vn 0.522611 -0.362608 -0.771617
vn 0.000000 -0.352712 -0.935732
vn 0.541503 0.388202 -0.745704
vn 0.000000 0.399885 -0.916565
vn -0.897281 0.296694 0.326893
vn -0.545414 0.246106 0.801221
vn -0.896341 -0.346416 0.276713
vn -0.541901 -0.383000 0.748101
vn 0.000000 0.399885 -0.916565
vn -0.541503 0.388202 -0.745704
vn 0.000000 -0.221703 -0.975114
vn -0.545765 -0.241284 -0.802448
vn 0.896341 -0.346416 0.276713
vn 0.897281 0.296694 0.326893
vn 0.898925 -0.291208 -0.327309
vn 0.894692 0.351997 -0.274998
vn -0.545414 0.246106 0.801221
vn 0.000000 0.226101 0.974104
vn -0.541901 -0.383000 0.748101
vn 0.000000 -0.394788 0.918772
vn -0.541503 0.388202 -0.745704
vn -0.894692 0.351997 -0.274998
vn -0.545765 -0.241284 -0.802448
vn -0.898925 -0.291208 -0.327309
vn 0.898925 -0.291208 -0.327309
vn 0.894692 0.351997 -0.274998
vn 0.545765 -0.241284 -0.802448
vn 0.541503 0.388202 -0.745704
vn 0.000000 -0.394788 0.918772
vn 0.000000 0.226101 0.974104
vn 0.541901 -0.383000 0.748101
vn 0.545414 0.246106 0.801221
vn -0.894692 0.351997 -0.274998
vn -0.897281 0.296694 0.326893
vn -0.898925 -0.291208 -0.327309
vn -0.896341 -0.346416 0.276713
vn 0.545765 -0.241284 -0.802448
vn 0.541503 0.388202 -0.745704
vn 0.000000 -0.221703 -0.975114
vn 0.000000 0.399885 -0.916565
vn 0.000000 -0.352712 -0.935732
vn 0.522611 -0.362608 -0.771617
vn -0.522611 -0.362608 -0.771617
vn 0.000000 -0.503187 0.864178
vn -0.522517 -0.485616 0.700823
vn 0.522517 -0.485616 0.700823
vn -0.861263 -0.393783 -0.321186
vn 0.861257 -0.441578 0.251487
vn 0.861263 -0.393783 -0.321186
vn -0.861257 -0.441578 0.251487
vn 0.545414 0.246106 0.801221
vn 0.522517 -0.485616 0.700823
vn 0.897281 0.296694 0.326893
vn 0.861257 -0.441578 0.251487
vn -0.861257 -0.441578 0.251487
vn -0.522517 -0.485616 0.700823
vn -0.897281 0.296694 0.326893
vn -0.545414 0.246106 0.801221
vn 0.000000 0.399885 -0.916565
vn 0.000000 -0.352712 -0.935732
vn -0.541503 0.388202 -0.745704
vn -0.522611 -0.362608 -0.771617
vn 0.897281 0.296694 0.326893
vn 0.861257 -0.441578 0.251487
vn 0.894692 0.351997 -0.274998
vn 0.861263 -0.393783 -0.321186
vn -0.522517 -0.485616 0.700823
vn 0.000000 -0.503187 0.864178
vn -0.545414 0.246106 0.801221
vn 0.000000 0.226101 0.974104
vn -0.541503 0.388202 -0.745704
vn -0.522611 -0.362608 -0.771617
vn -0.894692 0.351997 -0.274998
vn -0.861263 -0.393783 -0.321186
vn 0.861263 -0.393783 -0.321186
vn 0.522611 -0.362608 -0.771617
vn 0.894692 0.351997 -0.274998
vn 0.541503 0.388202 -0.745704
vn 0.000000 0.226101 0.974104
vn 0.000000 -0.503187 0.864178
vn 0.545414 0.246106 0.801221
vn 0.522517 -0.485616 0.700823
vn -0.861263 -0.393783 -0.321186
vn -0.861257 -0.441578 0.251487
vn -0.894692 0.351997 -0.274998
vn -0.897281 0.296694 0.326893
vn 0.000000 -0.064003 0.997950
vn -0.419581 -0.010400 0.907658
vn 0.009200 0.237604 0.971318
vn -0.455793 0.105698 0.883787
vn 0.947920 -0.000800 -0.318507
vn 0.937010 0.183202 -0.297403
vn 0.905866 -0.040898 0.421584
vn 0.894461 0.107295 0.434081
vn -0.575989 0.045599 -0.816185
vn -0.569711 0.215404 -0.793115
vn 0.000000 0.062702 -0.998032
vn 0.000000 0.226291 -0.974060
vn -0.419581 -0.010400 0.907658
vn -0.894461 0.107295 0.434081
vn -0.455793 0.105698 0.883787
vn -0.908674 -0.020799 0.416988
vn 0.905866 -0.040898 0.421584
vn 0.894461 0.107295 0.434081
vn 0.462473 0.051297 0.885148
vn 0.419581 -0.010400 0.907658
vn 0.000000 0.062702 -0.998032
vn 0.000000 0.226291 -0.974060
vn 0.575989 0.045599 -0.816185
vn 0.569711 0.215404 -0.793115
vn -0.894461 0.107295 0.434081
vn -0.937010 0.183202 -0.297403
vn -0.908674 -0.020799 0.416988
vn -0.947920 -0.000800 -0.318507
vn 0.462473 0.051297 0.885148
vn 0.419581 -0.010400 0.907658
vn 0.009200 0.237604 0.971318
vn 0.000000 -0.064003 0.997950
vn 0.575989 0.045599 -0.816185
vn 0.569711 0.215404 -0.793115
vn 0.947920 -0.000800 -0.318507
vn 0.937010 0.183202 -0.297403
vn -0.937010 0.183202 -0.297403
vn -0.569711 0.215404 -0.793115
vn -0.947920 -0.000800 -0.318507
vn -0.575989 0.045599 -0.816185
vn -0.908674 -0.020799 0.416988
vn -0.947920 -0.000800 -0.318507
vn -0.948895 -0.011100 0.315398
vn -0.924828 -0.184205 -0.332810
vn 0.905866 -0.040898 0.421584
vn 0.943300 -0.023600 0.331100
vn 0.947920 -0.000800 -0.318507
vn 0.924910 -0.183802 -0.332804
vn -0.556372 -0.186390 -0.809759
vn 0.000000 -0.166701 -0.986008
vn -0.556372 -0.186390 -0.809759
vn 0.000000 -0.166701 -0.986008
vn -0.564496 0.178099 0.805994
vn -0.514112 0.423610 0.745817
vn -0.937244 0.013401 0.348416
vn -0.948895 -0.011100 0.315398
vn 0.943300 -0.023600 0.331100
vn 0.478882 0.419484 0.771171
vn 0.926867 0.053298 0.371587
vn 0.527324 0.225710 0.819137
vn 0.000000 -0.166701 -0.986008
vn 0.000000 -0.166701 -0.986008
vn 0.556372 -0.186390 -0.809759
vn 0.556372 -0.186390 -0.809759
vn 0.478882 0.419484 0.771171
vn -0.006700 0.633616 0.773619
vn 0.527324 0.225710 0.819137
vn -0.011700 0.319504 0.947513
vn 0.556372 -0.186390 -0.809759
vn 0.556372 -0.186390 -0.809759
vn 0.924726 -0.146504 -0.351310
vn 0.924910 -0.183802 -0.332804
vn -0.924828 -0.184205 -0.332810
vn -0.556372 -0.186390 -0.809759
vn -0.924723 -0.147004 -0.351109
vn -0.556372 -0.186390 -0.809759
vn -0.011700 0.319504 0.947513
vn -0.006700 0.633616 0.773619
vn -0.564496 0.178099 0.805994
vn -0.514112 0.423610 0.745817
vn 0.012601 -0.050502 0.998645
vn -0.589994 -0.184298 0.786092
vn 0.003000 0.101404 0.994841
vn -0.315010 0.091903 0.944628
vn 0.012601 -0.050502 0.998645
vn -0.011700 0.319504 0.947513
vn -0.589994 -0.184298 0.786092
vn -0.564496 0.178099 0.805994
vn -0.924723 -0.147004 -0.351109
vn -0.556372 -0.186390 -0.809759
vn -0.904714 -0.198203 -0.377106
vn -0.557810 -0.175903 -0.811114
vn 0.557810 -0.175903 -0.811114
vn 0.556372 -0.186390 -0.809759
vn 0.903194 -0.205399 -0.376898
vn 0.924726 -0.146504 -0.351310
vn 0.613205 -0.154801 0.774607
vn 0.527324 0.225710 0.819137
vn 0.012601 -0.050502 0.998645
vn -0.011700 0.319504 0.947513
vn 0.000000 -0.156204 -0.987725
vn 0.000000 -0.166701 -0.986008
vn 0.557810 -0.175903 -0.811114
vn 0.556372 -0.186390 -0.809759
vn 0.951498 -0.267199 0.152500
vn 0.926867 0.053298 0.371587
vn 0.613205 -0.154801 0.774607
vn 0.527324 0.225710 0.819137
vn -0.564496 0.178099 0.805994
vn -0.937244 0.013401 0.348416
vn -0.589994 -0.184298 0.786092
vn -0.955876 -0.261993 0.132897
vn -0.556372 -0.186390 -0.809759
vn 0.000000 -0.166701 -0.986008
vn -0.557810 -0.175903 -0.811114
vn 0.000000 -0.156204 -0.987725
vn -0.924828 -0.184205 -0.332810
vn -0.924723 -0.147004 -0.351109
vn -0.948895 -0.011100 0.315398
vn -0.937244 0.013401 0.348416
vn 0.926867 0.053298 0.371587
vn 0.924726 -0.146504 -0.351310
vn 0.943300 -0.023600 0.331100
vn 0.924910 -0.183802 -0.332804
f 64/2/1 123/3/2 1/1/3
f 1/1/3 123/3/2 46/4/4
f 18/5/5 66/6/6 64/2/7
f 64/2/7 66/6/6 123/3/8
f 123/3/9 66/6/10 44/8/11
f 44/8/11 66/6/10 14/7/12
f 123/3/13 44/8/14 46/4/15
f 46/4/15 44/8/14 11/9/16
f 11/9/17 44/8/18 43/11/19
f 43/11/19 44/8/18 124/10/20
f 14/7/21 65/12/22 44/8/23
f 44/8/23 65/12/22 124/10/24
f 124/10/25 65/12/26 63/14/27
f 63/14/27 65/12/26 17/13/28
f 43/11/29 124/10/30 15/15/31
f 15/15/31 124/10/30 63/14/32
f 62/16/33 125/17/34 14/7/35
f 14/7/35 125/17/34 65/12/36
f 13/18/37 59/19/38 62/16/39
f 62/16/39 59/19/38 125/17/40
f 59/19/41 16/20/42 125/17/43
f 125/17/43 16/20/42 60/21/44
f 125/17/45 60/21/46 65/12/47
f 65/12/47 60/21/46 17/13/48
f 18/5/49 61/22/50 66/6/51
f 66/6/51 61/22/50 126/23/52
f 61/22/53 12/24/54 126/23/55
f 126/23/55 12/24/54 45/25/56
f 126/23/57 45/25/58 62/16/59
f 62/16/59 45/25/58 13/18/60
f 66/6/61 126/23/62 14/7/63
f 14/7/63 126/23/62 62/16/64
f 10/26/65 58/27/66 53/29/67
f 53/29/67 58/27/66 127/28/68
f 58/27/69 8/30/70 127/28/71
f 127/28/71 8/30/70 54/31/72
f 127/28/73 54/31/74 48/33/75
f 48/33/75 54/31/74 3/32/76
f 53/29/77 127/28/78 7/34/79
f 7/34/79 127/28/78 48/33/80
f 57/35/81 128/36/82 8/30/83
f 8/30/83 128/36/82 54/31/84
f 9/37/85 52/38/86 57/35/87
f 57/35/87 52/38/86 128/36/88
f 52/38/89 5/39/90 128/36/91
f 128/36/91 5/39/90 51/40/92
f 128/36/93 51/40/94 54/31/95
f 54/31/95 51/40/94 3/32/96
f 2/41/97 50/42/98 49/44/99
f 49/44/99 50/42/98 129/43/100
f 50/42/101 4/45/102 129/43/103
f 129/43/103 4/45/102 55/46/104
f 129/43/105 55/46/106 57/35/107
f 57/35/107 55/46/106 9/37/108
f 49/44/109 129/43/110 8/30/111
f 8/30/111 129/43/110 57/35/112
f 47/48/113 130/49/114 6/47/115
f 6/47/115 130/49/114 56/50/116
f 2/41/117 49/44/118 47/48/119
f 47/48/119 49/44/118 130/49/120
f 49/44/121 8/30/122 130/49/123
f 130/49/123 8/30/122 58/27/124
f 130/49/125 58/27/126 56/50/127
f 56/50/127 58/27/126 10/26/128
f 120/51/129 131/52/130 6/47/131
f 6/47/131 131/52/130 47/48/132
f 39/53/133 112/54/134 120/51/135
f 120/51/135 112/54/134 131/52/136
f 112/54/137 40/55/138 131/52/139
f 131/52/139 40/55/138 119/56/140
f 131/52/141 119/56/142 47/48/143
f 47/48/143 119/56/142 2/41/144
f 18/57/145 118/58/146 69/60/147
f 69/60/147 118/58/146 132/59/148
f 42/61/149 117/62/150 118/58/151
f 118/58/151 117/62/150 132/59/152
f 117/64/153 41/65/154 132/63/155
f 132/63/155 41/65/154 68/66/156
f 132/63/157 68/66/158 69/67/159
f 69/67/159 68/66/158 10/26/160
f 9/37/161 96/68/162 52/38/163
f 52/38/163 96/68/162 133/69/164
f 96/68/165 27/70/166 133/69/167
f 133/69/167 27/70/166 88/71/168
f 133/69/169 88/71/170 95/73/171
f 95/73/171 88/71/170 26/72/172
f 52/38/173 133/69/174 5/39/175
f 5/39/175 133/69/174 95/73/176
f 72/74/177 134/75/178 11/9/179
f 11/9/179 134/75/178 67/76/180
f 31/78/181 103/79/182 72/77/183
f 72/77/183 103/79/182 134/80/184
f 103/82/185 33/83/186 134/81/187
f 134/81/187 33/83/186 107/84/188
f 134/81/189 107/84/190 67/85/191
f 67/85/191 107/84/190 2/41/192
f 84/86/193 135/87/194 12/24/195
f 12/24/195 135/87/194 45/25/196
f 19/88/197 75/89/198 84/86/199
f 84/86/199 75/89/198 135/87/200
f 75/89/201 20/90/202 135/87/203
f 135/87/203 20/90/202 83/91/204
f 135/87/205 83/91/206 45/25/207
f 45/25/207 83/91/206 13/18/208
f 106/92/209 136/93/210 15/15/211
f 15/15/211 136/93/210 43/11/212
f 32/94/213 99/95/214 106/92/215
f 106/92/215 99/95/214 136/93/216
f 99/95/217 31/96/218 136/93/219
f 136/93/219 31/96/218 72/74/220
f 136/93/221 72/74/222 43/11/223
f 43/11/223 72/74/222 11/9/224
f 10/26/225 82/97/226 69/67/227
f 69/67/227 82/97/226 137/98/228
f 82/97/229 23/99/230 137/98/231
f 137/98/231 23/99/230 79/100/232
f 137/101/233 79/102/234 73/104/235
f 73/104/235 79/102/234 24/103/236
f 69/60/237 137/101/238 18/57/239
f 18/57/239 137/101/238 73/104/240
f 3/32/241 94/105/242 74/107/243
f 74/107/243 94/105/242 138/106/244
f 25/108/245 93/109/246 94/105/247
f 94/105/247 93/109/246 138/106/248
f 93/111/249 28/112/250 138/110/251
f 138/110/251 28/112/250 70/113/252
f 138/110/253 70/113/254 74/114/255
f 74/114/255 70/113/254 13/115/256
f 22/116/257 81/117/258 76/119/259
f 76/119/259 81/117/258 139/118/260
f 81/120/261 20/121/262 139/123/263
f 139/123/263 20/121/262 75/122/264
f 139/123/265 75/122/266 80/125/267
f 80/125/267 75/122/266 19/124/268
f 76/119/269 139/118/270 21/127/271
f 21/127/271 139/118/270 80/126/272
f 80/126/273 140/128/274 21/127/275
f 21/127/275 140/128/274 77/129/276
f 80/130/277 19/131/278 140/133/279
f 140/133/279 19/131/278 78/132/280
f 78/132/281 24/103/282 140/133/283
f 140/133/283 24/103/282 79/102/284
f 140/128/285 79/100/286 77/129/287
f 77/129/287 79/100/286 23/99/288
f 13/134/289 83/135/290 74/137/291
f 74/137/291 83/135/290 141/136/292
f 20/90/293 81/138/294 83/91/295
f 83/91/295 81/138/294 141/139/296
f 81/117/297 22/116/298 141/140/299
f 141/140/299 22/116/298 85/141/300
f 141/136/301 85/142/302 74/137/303
f 74/137/303 85/142/302 3/143/304
f 18/5/305 73/144/306 61/22/307
f 61/22/307 73/144/306 142/145/308
f 73/144/309 24/146/310 142/145/311
f 142/145/311 24/146/310 78/147/312
f 142/145/313 78/147/314 84/86/315
f 84/86/315 78/147/314 19/88/316
f 61/22/317 142/145/318 12/24/319
f 12/24/319 142/145/318 84/86/320
f 85/141/321 143/148/322 3/32/323
f 3/32/323 143/148/322 48/33/324
f 85/141/325 22/116/326 143/148/327
f 143/148/327 22/116/326 76/119/328
f 143/148/329 76/119/330 86/149/331
f 86/149/331 76/119/330 21/127/332
f 48/33/333 143/148/334 7/34/335
f 7/34/335 143/148/334 86/149/336
f 86/149/337 144/150/338 7/34/339
f 7/34/339 144/150/338 53/29/340
f 21/127/341 77/129/342 86/149/343
f 86/149/343 77/129/342 144/150/344
f 77/129/345 23/99/346 144/150/347
f 144/150/347 23/99/346 82/97/348
f 144/150/349 82/97/350 53/29/351
f 53/29/351 82/97/350 10/26/352
f 27/70/353 92/151/354 88/71/355
f 88/71/355 92/151/354 145/152/356
f 30/154/357 90/155/358 92/153/359
f 92/153/359 90/155/358 145/156/360
f 145/156/361 90/155/362 91/158/363
f 91/158/363 90/155/362 29/157/364
f 88/71/365 145/152/366 26/72/367
f 26/72/367 145/152/366 91/159/368
f 26/72/369 91/159/370 87/161/371
f 87/161/371 91/159/370 146/160/372
f 91/162/373 29/163/374 146/165/375
f 146/165/375 29/163/374 89/164/376
f 146/165/377 89/164/378 93/111/379
f 93/111/379 89/164/378 28/112/380
f 87/161/381 146/160/382 25/108/383
f 25/108/383 146/160/382 93/109/384
f 13/18/385 70/166/386 59/19/387
f 59/19/387 70/166/386 147/167/388
f 70/166/389 28/168/390 147/167/391
f 147/167/391 28/168/390 89/169/392
f 147/167/393 89/169/394 97/171/395
f 97/171/395 89/169/394 29/170/396
f 59/19/397 147/167/398 16/20/399
f 16/20/399 147/167/398 97/171/400
f 95/73/401 148/172/402 5/39/403
f 5/39/403 148/172/402 51/40/404
f 26/72/405 87/161/406 95/73/407
f 95/73/407 87/161/406 148/172/408
f 87/161/409 25/108/410 148/172/411
f 148/172/411 25/108/410 94/105/412
f 148/172/413 94/105/414 51/40/415
f 51/40/415 94/105/414 3/32/416
f 17/173/417 98/174/418 71/176/419
f 71/176/419 98/174/418 149/175/420
f 30/154/421 92/153/422 98/174/423
f 98/174/423 92/153/422 149/175/424
f 149/177/425 92/151/426 96/68/427
f 96/68/427 92/151/426 27/70/428
f 149/177/429 96/68/430 71/178/431
f 71/178/431 96/68/430 9/37/432
f 97/171/433 150/179/434 16/20/435
f 16/20/435 150/179/434 60/21/436
f 29/170/437 90/180/438 97/171/439
f 97/171/439 90/180/438 150/179/440
f 90/180/441 30/181/442 150/179/443
f 150/179/443 30/181/442 98/182/444
f 150/179/445 98/182/446 60/21/447
f 60/21/447 98/182/446 17/13/448
f 33/83/449 103/82/450 100/184/451
f 100/184/451 103/82/450 151/183/452
f 103/79/453 31/78/454 151/186/455
f 151/186/455 31/78/454 99/185/456
f 99/185/457 32/187/458 151/186/459
f 151/186/459 32/187/458 105/188/460
f 100/184/461 151/183/462 34/190/463
f 34/190/463 151/183/462 105/189/464
f 34/190/465 105/189/466 101/192/467
f 101/192/467 105/189/466 152/191/468
f 32/187/469 102/193/470 105/188/471
f 105/188/471 102/193/470 152/194/472
f 102/196/473 36/197/474 152/195/475
f 152/195/475 36/197/474 104/198/476
f 101/192/477 152/191/478 35/200/479
f 35/200/479 152/191/478 104/199/480
f 108/201/481 153/202/482 17/13/483
f 17/13/483 153/202/482 63/14/484
f 108/201/485 36/203/486 153/202/487
f 153/202/487 36/203/486 102/204/488
f 102/204/489 32/94/490 153/202/491
f 153/202/491 32/94/490 106/92/492
f 63/14/493 153/202/494 15/15/495
f 15/15/495 153/202/494 106/92/496
f 2/41/497 107/84/498 50/42/499
f 50/42/499 107/84/498 154/205/500
f 107/84/501 33/83/502 154/205/503
f 154/205/503 33/83/502 100/184/504
f 154/205/505 100/184/506 109/206/507
f 109/206/507 100/184/506 34/190/508
f 50/42/509 154/205/510 4/45/511
f 4/45/511 154/205/510 109/206/512
f 109/206/513 155/207/514 4/45/515
f 4/45/515 155/207/514 55/46/516
f 109/206/517 34/190/518 155/207/519
f 155/207/519 34/190/518 101/192/520
f 101/192/521 35/200/522 155/207/523
f 155/207/523 35/200/522 110/208/524
f 55/46/525 155/207/526 9/37/527
f 9/37/527 155/207/526 110/208/528
f 9/37/529 110/208/530 71/178/531
f 71/178/531 110/208/530 156/209/532
f 110/208/533 35/200/534 156/209/535
f 156/209/535 35/200/534 104/199/536
f 156/210/537 104/198/538 108/211/539
f 108/211/539 104/198/538 36/197/540
f 156/213/541 108/201/542 71/212/543
f 71/212/543 108/201/542 17/13/544
f 116/214/545 157/215/546 39/53/547
f 39/53/547 157/215/546 112/54/548
f 116/216/549 37/217/550 157/219/551
f 157/219/551 37/217/550 111/218/552
f 111/218/553 38/220/554 157/219/555
f 157/219/555 38/220/554 115/221/556
f 157/215/557 115/222/558 112/54/559
f 112/54/559 115/222/558 40/55/560
f 41/65/561 117/64/562 113/224/563
f 113/224/563 117/64/562 158/223/564
f 42/61/565 114/225/566 117/62/567
f 117/62/567 114/225/566 158/226/568
f 114/225/569 37/227/570 158/226/571
f 158/226/571 37/227/570 116/228/572
f 113/224/573 158/223/574 39/53/575
f 39/53/575 158/223/574 116/214/576
f 2/41/577 119/56/578 67/85/579
f 67/85/579 119/56/578 159/229/580
f 119/56/581 40/55/582 159/229/583
f 159/229/583 40/55/582 115/222/584
f 159/230/585 115/221/586 121/231/587
f 121/231/587 115/221/586 38/220/588
f 159/230/589 121/231/590 67/232/591
f 67/232/591 121/231/590 11/233/592
f 10/26/593 68/66/594 56/50/595
f 56/50/595 68/66/594 160/234/596
f 68/66/597 41/65/598 160/234/599
f 160/234/599 41/65/598 113/224/600
f 160/234/601 113/224/602 120/51/603
f 120/51/603 113/224/602 39/53/604
f 56/50/605 160/234/606 6/47/607
f 6/47/607 160/234/606 120/51/608
f 11/9/609 121/235/610 46/4/611
f 46/4/611 121/235/610 161/236/612
f 121/235/613 38/237/614 161/236/615
f 161/236/615 38/237/614 111/238/616
f 161/236/617 111/238/618 122/240/619
f 122/240/619 111/238/618 37/239/620
f 46/4/621 161/236/622 1/1/623
f 1/1/623 161/236/622 122/240/624
f 122/240/625 162/241/626 1/1/627
f 1/1/627 162/241/626 64/2/628
f 37/239/629 114/242/630 122/240/631
f 122/240/631 114/242/630 162/241/632
f 114/242/633 42/243/634 162/241/635
f 162/241/635 42/243/634 118/244/636
f 162/241/637 118/244/638 64/2/639
f 64/2/639 118/244/638 18/5/640
f 202/246/641 201/247/642 163/245/643
f 163/245/643 201/247/642 164/248/644
f 170/249/645 195/250/646 172/252/647
f 172/252/647 195/250/646 193/251/648
f 243/254/649 197/255/650 244/253/651
f 244/253/651 197/255/650 168/256/652
f 201/247/653 200/257/654 164/248/655
f 164/248/655 200/257/654 165/258/656
f 172/252/657 193/251/658 171/260/659
f 171/260/659 193/251/658 194/259/660
f 197/255/661 196/261/662 168/256/663
f 168/256/663 196/261/662 169/262/664
f 165/258/665 200/257/666 166/264/667
f 166/264/667 200/257/666 199/263/668
f 194/259/669 202/246/670 171/260/671
f 171/260/671 202/246/670 163/245/672
f 169/262/673 196/261/674 170/249/675
f 170/249/675 196/261/674 195/250/676
f 251/265/677 255/266/678 198/268/679
f 198/268/679 255/266/678 208/267/680
f 251/270/681 198/271/682 252/269/683
f 252/269/683 198/271/682 167/272/684
f 178/274/685 188/275/686 253/273/687
f 253/273/687 188/275/686 254/276/688
f 189/282/689 254/276/690 190/281/691
f 188/275/692 246/283/693 254/276/690
f 187/284/694 186/285/695 246/283/693
f 190/281/691 254/276/690 191/280/696
f 246/283/693 186/285/695 254/276/690
f 183/277/697 184/278/698 185/286/699
f 192/279/700 191/280/696 184/278/698
f 186/285/695 185/286/699 254/276/690
f 254/276/690 185/286/699 191/280/696
f 184/278/698 191/280/696 185/286/699
f 176/287/701 175/288/702 186/285/703
f 186/285/703 175/288/702 185/286/704
f 174/289/705 182/290/706 184/278/707
f 184/278/707 182/290/706 192/279/708
f 179/292/709 189/282/710 180/291/711
f 180/291/711 189/282/710 190/281/712
f 177/293/713 176/287/714 187/284/715
f 187/284/715 176/287/714 186/285/716
f 174/289/717 184/278/718 173/294/719
f 173/294/719 184/278/718 183/277/720
f 180/291/721 190/281/722 181/295/723
f 181/295/723 190/281/722 191/280/724
f 177/293/725 187/284/726 245/296/727
f 245/296/727 187/284/726 246/283/728
f 173/294/729 183/277/730 175/288/731
f 175/288/731 183/277/730 185/286/732
f 182/290/733 181/295/734 192/279/735
f 192/279/735 181/295/734 191/280/736
f 177/293/737 168/297/738 176/287/739
f 176/287/739 168/297/738 169/298/740
f 172/299/741 171/300/742 173/294/743
f 173/294/743 171/300/742 174/289/744
f 164/301/745 165/302/746 181/295/747
f 181/295/747 165/302/746 180/291/748
f 245/296/749 244/303/750 177/293/751
f 177/293/751 244/303/750 168/297/752
f 170/304/753 172/299/754 175/288/755
f 175/288/755 172/299/754 173/294/756
f 182/290/757 163/305/758 181/295/759
f 181/295/759 163/305/758 164/301/760
f 253/273/761 252/306/762 178/274/763
f 178/274/763 252/306/762 167/307/764
f 176/287/765 169/298/766 175/288/767
f 175/288/767 169/298/766 170/304/768
f 174/289/769 171/300/770 182/290/771
f 182/290/771 171/300/770 163/305/772
f 165/302/773 166/308/774 180/291/775
f 180/291/775 166/308/774 179/292/776
f 255/309/777 256/310/778 208/312/779
f 208/312/779 256/310/778 218/311/780
f 202/313/781 204/314/782 201/316/783
f 201/316/783 204/314/782 205/315/784
f 211/318/785 212/319/786 195/317/787
f 195/317/787 212/319/786 193/320/788
f 243/321/789 247/322/790 197/324/791
f 197/324/791 247/322/790 209/323/792
f 205/315/793 206/325/794 201/316/795
f 201/316/795 206/325/794 200/326/796
f 212/319/797 203/327/798 193/320/799
f 193/320/799 203/327/798 194/328/800
f 197/324/801 209/323/802 196/330/803
f 196/330/803 209/323/802 210/329/804
f 206/325/805 207/331/806 200/326/807
f 200/326/807 207/331/806 199/332/808
f 194/328/809 203/327/810 202/313/811
f 202/313/811 203/327/810 204/314/812
f 196/330/813 210/329/814 195/317/815
f 195/317/815 210/329/814 211/318/816
f 272/333/817 224/334/818 271/336/819
f 271/336/819 224/334/818 225/335/820
f 204/337/821 214/338/822 205/340/823
f 205/340/823 214/338/822 215/339/824
f 221/342/825 222/343/826 211/341/827
f 211/341/827 222/343/826 212/344/828
f 248/346/829 219/347/830 247/345/831
f 247/345/831 219/347/830 209/348/832
f 215/339/833 216/349/834 205/340/835
f 205/340/835 216/349/834 206/350/836
f 222/352/837 213/353/838 212/351/839
f 212/351/839 213/353/838 203/354/840
f 209/355/841 219/356/842 210/358/843
f 210/358/843 219/356/842 220/357/844
f 216/349/845 217/359/846 206/350/847
f 206/350/847 217/359/846 207/360/848
f 203/354/849 213/353/850 204/362/851
f 204/362/851 213/353/850 214/361/852
f 210/358/853 220/357/854 211/341/855
f 211/341/855 220/357/854 221/342/856
f 250/364/857 239/365/858 269/363/859
f 269/363/859 239/365/858 259/366/860
f 231/368/861 232/369/862 274/367/863
f 274/367/863 232/369/862 273/370/864
f 280/371/865 249/372/866 275/374/867
f 275/374/867 249/372/866 229/373/868
f 225/335/869 226/375/870 271/336/871
f 271/336/871 226/375/870 276/376/872
f 232/378/873 223/379/874 273/377/875
f 273/377/875 223/379/874 277/380/876
f 275/381/877 229/382/878 278/384/879
f 278/384/879 229/382/878 230/383/880
f 226/375/881 227/385/882 276/376/883
f 276/376/883 227/385/882 279/386/884
f 277/380/885 223/379/886 272/388/887
f 272/388/887 223/379/886 224/387/888
f 278/384/889 230/383/890 274/367/891
f 274/367/891 230/383/890 231/368/892
f 234/390/893 283/1131/894 235/389/895
f 235/389/895 283/1131/894 284/1132/896
f 235/389/897 236/392/898 262/391/899
f 262/391/899 236/392/898 261/393/900
f 264/394/901 242/395/902 263/397/903
f 263/397/903 242/395/902 233/396/904
f 239/399/905 240/400/906 259/398/907
f 259/398/907 240/400/906 265/401/908
f 261/393/909 236/392/910 266/403/911
f 266/403/911 236/392/910 237/402/912
f 233/396/913 234/404/914 263/397/915
f 263/397/915 234/404/914 267/405/916
f 265/401/917 240/400/918 268/407/919
f 268/407/919 240/400/918 241/406/920
f 258/409/921 238/410/922 270/408/923
f 270/408/923 238/410/922 260/411/924
f 234/390/925 235/389/926 267/412/927
f 267/412/927 235/389/926 262/391/928
f 268/407/929 241/406/930 264/414/931
f 264/414/931 241/406/930 242/413/932
f 260/411/933 238/410/934 269/363/935
f 269/363/935 238/410/934 250/364/936
f 218/311/937 248/346/938 208/312/939
f 208/312/939 248/346/938 247/345/940
f 208/267/941 247/322/942 198/268/943
f 198/268/943 247/322/942 243/321/944
f 167/307/945 244/303/946 178/274/947
f 178/274/947 244/303/946 245/296/948
f 178/274/949 245/296/950 188/275/951
f 188/275/951 245/296/950 246/283/952
f 167/272/953 198/271/954 244/253/955
f 244/253/955 198/271/954 243/254/956
f 266/415/957 237/416/958 270/408/959
f 270/408/959 237/416/958 258/409/960
f 227/418/961 257/419/962 279/417/963
f 279/417/963 257/419/962 281/420/964
f 207/421/965 217/422/966 255/309/967
f 255/309/967 217/422/966 256/310/968
f 166/308/969 252/306/970 179/292/971
f 179/292/971 252/306/970 253/273/972
f 179/292/973 253/273/974 189/282/975
f 189/282/975 253/273/974 254/276/976
f 166/264/977 199/263/978 252/269/979
f 252/269/979 199/263/978 251/270/980
f 207/331/981 255/266/982 199/332/983
f 199/332/983 255/266/982 251/265/984
f 227/418/985 266/415/986 257/419/987
f 257/419/987 266/415/986 270/408/988
f 260/411/989 269/363/990 228/423/991
f 228/423/991 269/363/990 249/372/992
f 231/368/993 268/407/994 232/369/995
f 232/369/995 268/407/994 264/414/996
f 267/412/997 262/391/998 224/334/999
f 224/334/999 262/391/998 225/335/1000
f 257/419/1001 270/408/1002 228/423/1003
f 228/423/1003 270/408/1002 260/411/1004
f 230/383/1005 265/401/1006 231/368/1007
f 231/368/1007 265/401/1006 268/407/1008
f 263/397/1009 267/405/1010 223/379/1011
f 223/379/1011 267/405/1010 224/387/1012
f 226/375/1013 261/393/1014 227/385/1015
f 227/385/1015 261/393/1014 266/403/1016
f 259/398/1017 265/401/1018 229/382/1019
f 229/382/1019 265/401/1018 230/383/1020
f 232/378/1021 264/394/1022 223/379/1023
f 223/379/1023 264/394/1022 263/397/1024
f 262/391/1025 261/393/1026 225/335/1027
f 225/335/1027 261/393/1026 226/375/1028
f 269/363/1029 259/366/1030 249/372/1031
f 249/372/1031 259/366/1030 229/373/1032
f 279/417/1033 281/420/1034 217/422/1035
f 217/422/1035 281/420/1034 256/310/1036
f 220/357/1037 278/384/1038 221/342/1039
f 221/342/1039 278/384/1038 274/367/1040
f 213/353/1041 277/380/1042 214/361/1043
f 214/361/1043 277/380/1042 272/388/1044
f 276/376/1045 279/386/1046 216/349/1047
f 216/349/1047 279/386/1046 217/359/1048
f 219/356/1049 275/381/1050 220/357/1051
f 220/357/1051 275/381/1050 278/384/1052
f 273/377/1053 277/380/1054 222/352/1055
f 222/352/1055 277/380/1054 213/353/1056
f 271/336/1057 276/376/1058 215/339/1059
f 215/339/1059 276/376/1058 216/349/1060
f 248/346/1061 280/371/1062 219/347/1063
f 219/347/1063 280/371/1062 275/374/1064
f 274/367/1065 273/370/1066 221/342/1067
f 221/342/1067 273/370/1066 222/343/1068
f 214/338/1069 272/333/1070 215/339/1071
f 215/339/1071 272/333/1070 271/336/1072
f 288/429/1073 287/430/1074 289/428/1075
f 290/427/1076 289/428/1075 291/426/1077
f 286/431/1078 285/432/1079 287/430/1074
f 293/424/1080 292/425/1081 282/435/1082
f 283/434/1083 282/435/1082 284/433/1084
f 291/426/1077 289/428/1075 292/425/1081
f 285/432/1079 284/433/1084 287/430/1074
f 289/428/1075 287/430/1074 292/425/1081
f 287/430/1074 284/433/1084 292/425/1081
f 292/425/1081 284/433/1084 282/435/1082
f 237/416/1085 286/1133/1086 258/409/1087
f 258/409/1087 286/1133/1086 287/1134/1088
f 242/413/1089 241/406/1090 293/1136/1091
f 293/1136/1091 241/406/1090 292/1135/1092
f 239/365/1093 250/364/1094 290/1138/1095
f 290/1138/1095 250/364/1094 289/1137/1096
f 235/389/1097 284/1132/1098 236/392/1099
f 236/392/1099 284/1132/1098 285/1139/1100
f 242/395/1101 293/1140/1102 233/396/1103
f 233/396/1103 293/1140/1102 282/1141/1104
f 240/400/1105 239/399/1106 291/1143/1107
f 291/1143/1107 239/399/1106 290/1142/1108
f 236/392/1109 285/1139/1110 237/402/1111
f 237/402/1111 285/1139/1110 286/1144/1112
f 238/410/1113 288/1145/1114 250/364/1115
f 250/364/1115 288/1145/1114 289/1137/1116
f 234/404/1117 233/396/1118 283/1146/1119
f 283/1146/1119 233/396/1118 282/1141/1120
f 241/406/1121 240/400/1122 292/1135/1123
f 292/1135/1123 240/400/1122 291/1143/1124
f 238/410/1125 258/409/1126 288/1145/1127
f 288/1145/1127 258/409/1126 287/1134/1128
f 294/436/1129 297/437/1130 296/438/1131
f 297/439/1132 294/440/1133 295/441/1134
f 296/442/1135 295/443/1136 294/444/1137
f 328/445/1138 345/446/1139 317/447/1140
f 301/448/1141 316/449/1142 348/450/1143
f 320/451/1144 319/452/1145 335/453/1146
f 311/454/1147 310/455/1148 359/456/1149
f 361/457/1150 307/458/1151 344/459/1152
f 342/460/1153 298/461/1154 344/462/1155
f 298/463/1156 310/455/1157 311/454/1158
f 324/464/1159 361/457/1160 344/459/1161
f 359/456/1162 350/465/1163 311/454/1164
f 323/466/1165 344/459/1166 298/463/1167
f 370/467/1168 328/445/1169 330/468/1170
f 343/469/1171 328/445/1172 370/467/1173
f 315/470/1174 368/471/1175 370/467/1176
f 330/468/1177 348/472/1178 316/473/1179
f 299/474/1180 331/475/1181 346/476/1182
f 363/477/1183 309/478/1184 315/470/1185
f 364/479/1186 309/478/1187 363/477/1188
f 383/480/1189 340/481/1190 306/482/1191
f 302/483/1192 328/484/1193 326/485/1194
f 347/486/1195 307/487/1196 308/488/1197
f 299/474/1198 383/489/1199 331/475/1200
f 383/489/1201 306/490/1202 331/475/1203
f 324/464/1204 319/491/1205 318/492/1206
f 323/466/1207 366/493/1208 324/464/1209
f 365/494/1210 354/495/1211 334/496/1212
f 365/494/1213 305/497/1214 354/495/1215
f 349/498/1216 341/499/1217 355/500/1218
f 367/501/1219 346/502/1220 331/503/1221
f 300/504/1222 304/505/1223 354/506/1224
f 349/507/1225 354/506/1226 304/505/1227
f 301/448/1228 336/508/1229 316/449/1230
f 325/509/1231 322/510/1232 320/451/1233
f 314/511/1234 313/512/1235 352/513/1236
f 356/514/1237 357/515/1238 353/516/1239
f 334/496/1240 312/517/1241 351/518/1242
f 334/496/1243 354/495/1244 349/498/1245
f 338/519/1246 334/496/1247 351/518/1248
f 341/499/1249 349/498/1250 304/520/1251
f 350/521/1252 357/522/1253 311/523/1254
f 339/524/1255 353/525/1256 312/526/1257
f 323/466/1258 356/514/1259 366/493/1260
f 360/527/1261 358/528/1262 322/529/1263
f 361/457/1264 358/528/1265 360/527/1266
f 363/530/1267 362/531/1268 364/532/1269
f 298/463/1270 342/533/1271 310/455/1272
f 356/514/1273 323/466/1274 357/515/1275
f 334/534/1276 339/524/1277 312/526/1278
f 339/535/1279 349/498/1280 355/500/1281
f 367/501/1282 331/503/1283 363/477/1284
f 307/536/1285 342/537/1286 344/538/1287
f 370/467/1288 316/473/1289 367/501/1290
f 330/468/1291 369/539/1292 348/472/1293
f 419/540/1294 420/541/1295 468/542/1296
f 421/543/1297 417/544/1298 433/545/1299
f 420/541/1300 507/546/1301 438/547/1302
f 422/548/1303 431/549/1304 492/550/1305
f 466/551/1306 397/552/1307 470/553/1308
f 491/554/1309 425/555/1310 321/556/1311
f 373/557/1312 425/558/1313 491/559/1314
f 499/560/1315 372/561/1316 371/562/1317
f 499/560/1318 371/562/1319 427/563/1320
f 396/564/1321 372/561/1322 395/565/1323
f 482/566/1324 424/567/1325 411/568/1326
f 411/569/1327 424/570/1328 391/571/1329
f 503/572/1330 499/573/1331 427/574/1332
f 428/575/1333 430/576/1334 427/563/1335
f 429/577/1336 466/551/1337 372/561/1338
f 424/570/1339 399/578/1340 432/579/1341
f 497/580/1342 430/576/1343 410/581/1344
f 507/546/1345 421/543/1346 433/545/1347
f 408/582/1348 434/583/1349 509/584/1350
f 496/585/1351 378/586/1352 414/587/1353
f 433/545/1354 378/586/1355 416/588/1356
f 504/589/1357 433/545/1358 416/588/1359
f 498/590/1360 442/591/1361 416/588/1362
f 464/592/1363 437/593/1364 442/591/1365
f 468/542/1366 437/593/1367 464/592/1368
f 420/594/1369 438/595/1370 437/596/1371
f 439/597/1372 418/598/1373 420/541/1374
f 502/599/1375 464/592/1376 382/600/1377
f 498/590/1378 447/601/1379 462/602/1380
f 381/603/1381 447/601/1382 498/590/1383
f 403/604/1384 381/605/1385 480/606/1386
f 402/607/1387 445/608/1388 483/609/1389
f 476/610/1390 404/611/1391 445/612/1392
f 502/599/1393 382/600/1394 446/613/1395
f 505/614/1396 502/599/1397 446/613/1398
f 500/615/1399 453/616/1400 505/617/1401
f 460/618/1402 453/616/1403 500/615/1404
f 450/619/1405 413/620/1406 449/621/1407
f 448/622/1408 394/623/1409 384/624/1410
f 425/625/1411 395/626/1412 456/627/1413
f 396/628/1414 395/626/1415 425/625/1416
f 383/629/1417 444/630/1418 393/631/1419
f 502/632/1420 393/631/1421 444/630/1422
f 486/633/1423 472/634/1424 449/621/1425
f 428/575/1426 466/551/1427 470/553/1428
f 470/553/1429 506/635/1430 430/576/1431
f 453/636/1432 465/637/1433 505/638/1434
f 454/639/1435 460/618/1436 415/640/1437
f 433/545/1438 463/641/1439 378/586/1440
f 417/642/1441 377/643/1442 458/644/1443
f 421/543/1444 377/645/1445 417/544/1446
f 398/646/1447 411/647/1448 493/648/1449
f 441/649/1450 419/650/1451 388/651/1452
f 454/652/1453 469/653/1454 406/654/1455
f 388/651/1456 468/655/1457 390/656/1458
f 463/657/1459 389/658/1460 457/659/1461
f 458/644/1462 389/658/1463 463/657/1464
f 488/660/1465 392/661/1466 406/654/1467
f 447/662/1468 448/622/1469 384/624/1470
f 397/663/1471 376/664/1472 423/665/1473
f 434/583/1474 477/666/1475 509/584/1476
f 496/667/1477 477/666/1478 434/583/1479
f 486/633/1480 386/668/1481 472/634/1482
f 448/669/1483 476/670/1484 517/671/1485
f 477/672/1486 496/673/1487 494/674/1488
f 461/675/1489 413/676/1490 409/677/1491
f 401/678/1492 386/679/1493 471/680/1494
f 381/681/1495 404/682/1496 448/622/1497
f 440/683/1498 403/684/1499 480/685/1500
f 475/686/1501 403/684/1502 440/683/1503
f 426/687/1504 411/647/1505 398/646/1506
f 424/688/1507 481/689/1508 399/690/1509
f 384/691/1510 385/692/1511 446/613/1512
f 500/615/1513 452/693/1514 394/623/1515
f 469/694/1516 454/639/1517 415/640/1518
f 454/652/1519 300/695/1520 460/696/1521
f 386/668/1522 486/633/1523 471/697/1524
f 485/698/1525 487/699/1526 474/700/1527
f 401/678/1528 479/701/1529 386/679/1530
f 506/702/1531 488/660/1532 501/703/1533
f 501/703/1534 488/660/1535 490/704/1536
f 399/578/1537 489/705/1538 432/579/1539
f 481/689/1540 375/706/1541 489/707/1542
f 489/707/1543 412/708/1544 432/709/1545
f 506/635/1546 410/581/1547 430/576/1548
f 429/710/1549 491/559/1550 407/711/1551
f 371/562/1552 492/550/1553 428/575/1554
f 372/712/1555 492/713/1556 371/714/1557
f 372/561/1558 373/715/1559 429/577/1560
f 375/716/1561 374/717/1562 426/718/1563
f 430/576/1564 426/718/1565 427/563/1566
f 387/719/1567 449/720/1568 461/721/1569
f 449/621/1570 413/620/1571 461/722/1572
f 498/590/1573 462/602/1574 442/591/1575
f 427/563/1576 398/723/1577 503/724/1578
f 477/672/1579 494/674/1580 478/725/1581
f 512/726/1582 484/727/1583 455/728/1584
f 475/729/1585 435/730/1586 409/677/1587
f 414/731/1588 457/659/1589 478/725/1590
f 385/692/1591 505/614/1592 446/613/1593
f 415/640/1594 500/615/1595 512/726/1596
f 455/728/1597 415/640/1598 512/726/1599
f 490/732/1600 495/733/1601 410/581/1602
f 507/734/1603 433/735/1604 437/736/1605
f 439/597/1606 510/737/1607 421/543/1608
f 379/738/1609 436/739/1610 329/740/1611
f 436/741/1612 510/742/1613 508/743/1614
f 440/744/1615 509/584/1616 475/745/1617
f 496/585/1618 408/746/1619 378/586/1620
f 434/747/1621 408/746/1622 496/585/1623
f 475/745/1624 509/584/1625 435/748/1626
f 301/749/1627 388/750/1628 336/751/1629
f 336/752/1630 390/753/1631 299/754/1632
f 302/755/1633 457/756/1634 389/757/1635
f 303/758/1636 392/759/1637 335/760/1638
f 335/760/1639 392/759/1640 423/761/1641
f 326/762/1642 478/763/1643 457/764/1644
f 307/765/1645 391/766/1646 337/767/1647
f 299/768/1648 390/769/1649 383/770/1650
f 300/771/1651 406/772/1652 304/773/1653
f 508/743/1654 513/774/1655 436/741/1656
f 405/775/1657 473/776/1658 516/777/1659
f 405/778/1660 516/779/1661 489/707/1662
f 517/780/1663 518/781/1664 448/782/1665
f 328/445/1666 317/447/1667 330/468/1668
f 367/783/1669 316/449/1670 346/784/1671
f 302/483/1672 317/785/1673 345/786/1674
f 370/467/1675 330/468/1676 316/473/1677
f 361/457/1678 308/787/1679 307/458/1680
f 324/464/1681 318/492/1682 361/457/1683
f 323/466/1684 298/463/1685 311/454/1686
f 323/466/1687 324/464/1688 344/459/1689
f 361/457/1690 318/492/1691 358/528/1692
f 318/492/1693 322/529/1694 358/528/1695
f 330/468/1696 317/447/1697 369/539/1698
f 314/788/1699 343/469/1700 370/467/1701
f 315/470/1702 370/467/1703 367/501/1704
f 305/497/1705 365/494/1706 333/789/1707
f 336/508/1708 299/790/1709 346/784/1710
f 324/464/1711 366/493/1712 319/491/1713
f 333/791/1714 306/1147/1715 340/792/1716
f 362/794/1717 363/795/1718 306/793/1719
f 306/793/1719 363/795/1718 331/796/1720
f 318/492/1721 319/491/1722 322/529/1723
f 355/797/1724 341/798/1725 366/800/1726
f 366/800/1726 341/798/1725 303/799/1727
f 316/449/1728 336/508/1729 346/784/1730
f 302/483/1731 345/786/1732 328/484/1733
f 307/536/1734 337/801/1735 342/537/1736
f 303/803/1737 335/453/1738 366/802/1739
f 366/802/1739 335/453/1738 319/452/1740
f 320/451/1741 322/510/1742 319/452/1743
f 323/466/1744 311/454/1745 357/515/1746
f 362/794/1747 333/789/1748 365/494/1749
f 300/804/1750 354/495/1751 305/497/1752
f 339/535/1753 334/496/1754 349/498/1755
f 366/493/1756 356/514/1757 355/805/1758
f 339/806/1759 356/514/1760 353/516/1761
f 365/494/1762 338/519/1763 332/807/1764
f 332/807/1764 338/519/1763 351/518/1765
f 361/457/1766 360/527/1767 308/787/1768
f 352/513/1769 326/485/1770 314/511/1771
f 314/511/1771 326/485/1770 343/808/1772
f 365/494/1773 332/807/1774 362/794/1775
f 315/470/1776 309/478/1777 368/471/1778
f 313/809/1779 314/788/1780 327/810/1781
f 327/810/1781 314/788/1780 370/467/1782
f 428/575/1783 431/549/1784 466/551/1785
f 431/549/1784 422/548/1786 466/551/1785
f 326/485/1787 328/484/1788 343/808/1789
f 333/789/1790 362/794/1791 306/793/1792
f 338/519/1793 365/494/1794 334/496/1795
f 339/806/1796 355/805/1797 356/514/1798
f 315/470/1799 367/501/1800 363/477/1801
f 370/467/1802 368/471/1803 327/810/1804
f 507/546/1805 418/598/1806 421/543/1807
f 420/541/1808 418/598/1809 507/546/1810
f 395/565/1811 372/561/1812 499/560/1813
f 372/561/1814 466/551/1815 422/548/1816
f 456/627/1817 395/626/1818 459/811/1819
f 470/812/1820 397/663/1821 423/665/1822
f 372/561/1823 422/548/1824 492/550/1825
f 481/689/1826 482/814/1827 374/813/1828
f 374/813/1828 482/814/1827 411/815/1829
f 429/710/1830 373/557/1831 491/559/1832
f 396/564/1833 373/715/1834 372/561/1835
f 482/814/1836 481/689/1837 424/688/1838
f 389/658/1839 458/644/1840 379/816/1841
f 379/816/1841 458/644/1840 377/643/1842
f 428/575/1843 492/550/1844 431/549/1845
f 397/663/1846 467/817/1847 376/664/1848
f 467/818/1849 407/711/1850 376/819/1851
f 467/818/1852 429/710/1853 407/711/1854
f 375/706/1855 481/689/1856 374/813/1857
f 436/820/1858 377/645/1859 421/543/1860
f 421/543/1861 510/737/1862 436/820/1863
f 409/677/1864 435/730/1865 478/821/1866
f 441/823/1867 508/743/1868 443/822/1869
f 443/822/1869 508/743/1868 510/742/1870
f 511/824/1871 508/825/1872 441/826/1873
f 383/629/1874 390/827/1875 444/630/1876
f 444/630/1876 390/827/1875 464/828/1877
f 408/746/1878 380/829/1879 498/590/1880
f 408/746/1881 498/590/1882 416/588/1883
f 468/542/1884 420/541/1885 437/593/1886
f 419/540/1887 439/597/1888 420/541/1889
f 419/540/1890 443/830/1891 439/597/1892
f 480/831/1893 380/832/1894 440/744/1895
f 450/834/1896 472/835/1897 451/833/1898
f 451/833/1898 472/835/1897 474/836/1899
f 502/632/1900 444/630/1901 464/828/1902
f 480/837/1903 381/603/1904 498/590/1905
f 402/607/1906 476/838/1907 445/608/1908
f 403/1148/1909 404/839/1910 381/840/1911
f 462/602/1912 446/613/1913 382/600/1914
f 462/602/1915 447/601/1916 446/613/1917
f 449/621/1918 472/634/1919 450/619/1920
f 415/640/1921 460/618/1922 500/615/1923
f 393/841/1924 502/842/1925 465/1149/1926
f 448/622/1927 518/843/1928 394/623/1929
f 394/623/1929 518/843/1928 451/844/1930
f 390/656/1931 468/655/1932 464/845/1933
f 459/811/1934 395/626/1935 499/573/1936
f 451/844/1937 474/700/1938 394/623/1939
f 516/779/1940 473/846/1941 471/680/1942
f 471/680/1942 473/846/1941 400/847/1943
f 373/557/1944 396/848/1945 425/558/1946
f 428/575/1947 470/553/1948 430/576/1949
f 505/849/1950 465/1149/1951 502/842/1952
f 463/641/1953 417/544/1954 458/850/1955
f 433/545/1956 417/544/1957 463/641/1958
f 466/551/1959 429/577/1960 467/851/1961
f 466/551/1962 467/851/1963 397/552/1964
f 441/649/1965 443/852/1966 419/650/1967
f 300/695/1968 454/652/1969 406/654/1970
f 388/651/1971 419/650/1972 468/655/1973
f 391/853/1974 503/572/1975 493/648/1976
f 488/660/1977 506/702/1978 392/661/1979
f 381/681/1980 448/622/1981 447/662/1982
f 489/707/1983 516/779/1984 412/708/1985
f 516/779/1986 471/680/1987 412/708/1988
f 392/854/1989 470/812/1990 423/665/1991
f 506/855/1992 470/812/1993 392/854/1994
f 413/676/1995 402/607/1996 475/729/1997
f 402/607/1998 483/609/1999 475/729/2000
f 450/834/2001 517/780/2002 413/856/2003
f 413/856/2003 517/780/2002 476/857/2004
f 495/859/2005 484/727/2006 400/858/2007
f 400/858/2007 484/727/2006 487/699/2008
f 380/829/2009 480/837/2010 498/590/2011
f 427/563/2012 426/718/2013 398/723/2014
f 478/821/2015 435/730/2016 477/860/2017
f 435/748/2018 509/584/2019 477/666/2020
f 497/580/2021 405/775/2022 375/716/2023
f 409/677/2024 413/676/2025 475/729/2026
f 400/858/2027 487/699/2028 401/861/2029
f 401/861/2029 487/699/2028 485/698/2030
f 400/847/2031 401/678/2032 471/680/2033
f 472/835/2034 479/701/2035 474/836/2036
f 474/836/2036 479/701/2035 485/862/2037
f 386/679/2038 479/701/2039 472/835/2040
f 452/864/2041 500/865/2042 385/863/2043
f 385/863/2043 500/865/2042 505/866/2044
f 448/867/2045 404/868/2046 476/869/2047
f 476/838/2048 402/607/2049 413/676/2050
f 426/718/2051 374/717/2052 411/870/2053
f 401/678/2054 485/862/2055 479/701/2056
f 445/871/2057 403/872/2058 483/873/2059
f 445/871/2060 404/874/2061 403/872/2062
f 475/686/2063 483/875/2064 403/684/2065
f 484/727/2066 512/726/2067 487/699/2068
f 487/699/2068 512/726/2067 474/700/2069
f 394/623/2070 474/700/2071 512/726/2072
f 497/580/2073 410/581/2074 400/876/2075
f 400/876/2075 410/581/2074 495/733/2076
f 412/708/2077 471/680/2078 387/877/2079
f 455/878/2080 469/879/2081 415/880/2082
f 469/653/2083 490/704/2084 406/654/2085
f 490/704/2086 488/660/2087 406/654/2088
f 399/578/2089 481/881/2090 489/705/2091
f 489/707/2092 375/706/2093 405/778/2094
f 497/580/2095 400/876/2096 405/775/2097
f 405/775/2097 400/876/2096 473/776/2098
f 452/693/2099 385/882/2100 394/623/2101
f 394/623/2101 385/882/2100 384/624/2102
f 410/581/2103 501/883/2104 490/732/2105
f 506/635/2106 501/883/2107 410/581/2108
f 427/563/2109 371/562/2110 428/575/2111
f 430/576/2112 497/580/2113 426/718/2114
f 497/580/2115 375/716/2116 426/718/2117
f 424/570/2118 432/579/2119 391/571/2120
f 495/859/2121 469/694/2122 484/727/2123
f 484/727/2123 469/694/2122 455/728/2124
f 471/680/2125 486/884/2126 387/877/2127
f 387/885/2128 486/633/2129 449/621/2130
f 503/572/2131 398/646/2132 493/648/2133
f 493/886/2134 411/887/2135 391/888/2136
f 446/889/2137 447/890/2138 384/891/2139
f 478/725/2140 494/674/2141 414/731/2142
f 494/674/2143 496/673/2144 414/731/2145
f 442/591/2146 462/602/2147 464/592/2148
f 464/592/2148 462/602/2147 382/600/2149
f 378/586/2150 408/746/2151 416/588/2152
f 414/731/2153 463/657/2154 457/659/2155
f 512/726/2156 500/615/2157 394/623/2158
f 378/892/2159 463/657/2160 414/731/2161
f 495/859/2162 490/893/2163 469/694/2164
f 440/744/2165 380/832/2166 509/584/2167
f 509/584/2167 380/832/2166 408/582/2168
f 391/853/2169 459/811/2170 503/572/2171
f 459/811/2172 499/573/2173 503/572/2174
f 442/591/2175 504/589/2176 416/588/2177
f 442/591/2178 437/593/2179 504/589/2180
f 504/589/2181 437/593/2182 433/545/2183
f 438/547/2184 507/546/2185 437/593/2186
f 439/597/2187 421/543/2188 418/598/2189
f 439/597/2190 443/830/2191 510/737/2192
f 329/894/2193 436/895/2194 513/896/2195
f 379/897/2196 377/898/2197 436/899/2198
f 325/901/2199 320/902/2200 376/900/2201
f 376/900/2201 320/902/2200 423/761/2202
f 305/904/2203 333/905/2204 460/903/2205
f 460/903/2205 333/905/2204 453/636/2206
f 301/749/2207 441/906/2208 388/750/2209
f 459/908/2210 307/765/2211 456/907/2212
f 456/907/2212 307/765/2211 347/909/2213
f 320/902/2214 335/760/2215 423/761/2216
f 336/751/2217 388/750/2218 390/910/2219
f 453/636/2220 333/905/2221 465/637/2222
f 465/637/2222 333/905/2221 340/911/2223
f 307/765/2224 459/908/2225 391/766/2226
f 341/912/2227 304/913/2228 406/914/2229
f 300/804/2230 305/497/2231 460/915/2232
f 465/637/2233 340/911/2234 393/631/2235
f 393/631/2235 340/911/2234 383/629/2236
f 303/758/2237 341/916/2238 392/759/2239
f 392/759/2239 341/916/2238 406/917/2240
f 514/918/2241 407/919/2242 515/921/2243
f 515/921/2243 407/919/2242 491/920/2244
f 302/755/2245 326/922/2246 457/756/2247
f 508/923/2248 511/924/2249 513/925/2250
f 491/926/2251 321/927/2252 515/928/2253
f 518/781/2254 517/780/2255 451/833/2256
f 451/833/2256 517/780/2255 450/834/2257
f 523/929/2258 573/930/2259 524/932/2260
f 524/932/2260 573/930/2259 574/931/2261
f 529/934/2262 530/935/2263 520/933/2264
f 520/933/2264 530/935/2263 519/936/2265
f 531/938/2266 529/939/2267 521/937/2268
f 521/937/2268 529/939/2267 520/940/2269
f 528/941/2270 538/942/2271 527/944/2272
f 527/944/2272 538/942/2271 537/943/2273
f 519/936/2274 530/935/2275 528/946/2276
f 528/946/2276 530/935/2275 538/945/2277
f 620/947/2278 554/948/2279 619/950/2280
f 619/950/2280 554/948/2279 553/949/2281
f 544/952/2282 629/1150/2283 545/951/2284
f 545/951/2284 629/1150/2283 631/1151/2285
f 541/953/2286 539/954/2287 531/938/2288
f 531/938/2288 539/954/2287 529/939/2289
f 538/942/2290 548/955/2291 537/943/2292
f 537/943/2292 548/955/2291 547/956/2293
f 530/935/2294 540/957/2295 538/945/2296
f 538/945/2296 540/957/2295 548/958/2297
f 536/959/2298 546/960/2299 535/962/2300
f 535/962/2300 546/960/2299 545/961/2301
f 533/963/2302 543/964/2303 532/966/2304
f 532/966/2304 543/964/2303 542/965/2305
f 539/967/2306 540/957/2307 529/934/2308
f 529/934/2308 540/957/2307 530/935/2309
f 610/968/2310 561/969/2311 609/971/2312
f 609/971/2312 561/969/2311 559/970/2313
f 551/973/2314 549/974/2315 622/972/2316
f 622/972/2316 549/974/2315 621/975/2317
f 624/976/2318 558/977/2319 623/979/2320
f 623/979/2320 558/977/2319 557/978/2321
f 555/981/2322 554/948/2323 625/980/2324
f 625/980/2324 554/948/2323 620/947/2325
f 627/982/2326 550/983/2327 624/985/2328
f 624/985/2328 550/983/2327 558/984/2329
f 556/987/2330 555/981/2331 628/986/2332
f 628/986/2332 555/981/2331 625/980/2333
f 619/950/2334 553/949/2335 626/989/2336
f 626/989/2336 553/949/2335 552/988/2337
f 549/991/2338 550/983/2339 621/990/2340
f 621/990/2340 550/983/2339 627/982/2341
f 568/993/2342 567/994/2343 612/992/2344
f 612/992/2344 567/994/2343 611/995/2345
f 614/996/2346 565/997/2347 613/999/2348
f 613/999/2348 565/997/2347 564/998/2349
f 615/1000/2350 562/1001/2351 610/968/2352
f 610/968/2352 562/1001/2351 561/969/2353
f 560/1003/2354 568/1004/2355 616/1002/2356
f 616/1002/2356 568/1004/2355 612/1005/2357
f 617/1006/2358 566/1007/2359 614/1009/2360
f 614/1009/2360 566/1007/2359 565/1008/2361
f 563/1011/2362 562/1001/2363 618/1010/2364
f 618/1010/2364 562/1001/2363 615/1000/2365
f 609/1012/2366 559/1013/2367 616/1002/2368
f 616/1002/2368 559/1013/2367 560/1003/2369
f 567/994/2370 566/1007/2371 611/995/2372
f 611/995/2372 566/1007/2371 617/1006/2373
f 564/998/2374 563/1014/2375 613/999/2376
f 613/999/2376 563/1014/2375 618/1015/2377
f 638/1016/2378 546/960/2379 641/1017/2380
f 641/1017/2380 546/960/2379 547/956/2381
f 536/959/2382 537/943/2383 546/960/2384
f 546/960/2384 537/943/2383 547/956/2385
f 522/1018/2386 523/1019/2387 532/966/2388
f 532/966/2388 523/1019/2387 533/963/2389
f 523/1020/2390 524/1021/2391 533/1023/2392
f 533/1023/2392 524/1021/2391 534/1022/2393
f 525/1024/2394 535/1025/2395 524/1021/2396
f 524/1021/2396 535/1025/2395 534/1022/2397
f 526/1027/2398 536/959/2399 525/1026/2400
f 525/1026/2400 536/959/2399 535/962/2401
f 537/943/2402 536/959/2403 527/944/2404
f 527/944/2404 536/959/2403 526/1027/2405
f 636/1028/2406 633/1029/2407 542/965/2408
f 542/965/2408 633/1029/2407 541/953/2409
f 532/966/2410 542/965/2411 531/938/2412
f 531/938/2412 542/965/2411 541/953/2413
f 522/1018/2414 532/966/2415 521/937/2416
f 521/937/2416 532/966/2415 531/938/2417
f 572/1030/2418 582/1031/2419 573/1033/2420
f 573/1033/2420 582/1031/2419 583/1032/2421
f 569/1035/2422 571/1036/2423 520/1034/2424
f 520/1034/2424 571/1036/2423 521/1037/2425
f 527/1038/2426 577/1039/2427 528/1041/2428
f 528/1041/2428 577/1039/2427 578/1040/2429
f 524/932/2430 574/931/2431 525/1043/2432
f 525/1043/2432 574/931/2431 575/1042/2433
f 571/1036/2434 572/1044/2435 521/1037/2436
f 521/1037/2436 572/1044/2435 522/1045/2437
f 528/1041/2438 578/1040/2439 519/1047/2440
f 519/1047/2440 578/1040/2439 570/1046/2441
f 575/1042/2442 576/1048/2443 525/1043/2444
f 525/1043/2444 576/1048/2443 526/1049/2445
f 522/1045/2446 572/1044/2447 523/929/2448
f 523/929/2448 572/1044/2447 573/930/2449
f 570/1046/2450 569/1035/2451 519/1047/2452
f 519/1047/2452 569/1035/2451 520/1034/2453
f 576/1048/2454 577/1039/2455 526/1049/2456
f 526/1049/2456 577/1039/2455 527/1038/2457
f 585/1050/2458 595/1051/2459 586/1053/2460
f 586/1053/2460 595/1051/2459 596/1052/2461
f 580/1055/2462 579/1056/2463 570/1054/2464
f 570/1054/2464 579/1056/2463 569/1057/2465
f 576/1058/2466 586/1053/2467 577/1060/2468
f 577/1060/2468 586/1053/2467 587/1059/2469
f 573/1061/2470 583/1062/2471 574/1064/2472
f 574/1064/2472 583/1062/2471 584/1063/2473
f 579/1066/2474 581/1067/2475 569/1065/2476
f 569/1065/2476 581/1067/2475 571/1068/2477
f 577/1060/2478 587/1059/2479 578/1070/2480
f 578/1070/2480 587/1059/2479 588/1069/2481
f 584/1063/2482 585/1071/2483 574/1064/2484
f 574/1064/2484 585/1071/2483 575/1072/2485
f 581/1067/2486 582/1031/2487 571/1068/2488
f 571/1068/2488 582/1031/2487 572/1030/2489
f 578/1073/2490 588/1074/2491 570/1054/2492
f 570/1054/2492 588/1074/2491 580/1055/2493
f 585/1050/2494 586/1053/2495 575/1075/2496
f 575/1075/2496 586/1053/2495 576/1058/2497
f 608/1077/2498 600/1078/2499 598/1076/2500
f 598/1076/2500 600/1078/2499 590/1079/2501
f 592/1080/2502 593/1081/2503 582/1031/2504
f 582/1031/2504 593/1081/2503 583/1032/2505
f 590/1079/2506 589/1082/2507 580/1055/2508
f 580/1055/2508 589/1082/2507 579/1056/2509
f 586/1053/2510 596/1052/2511 587/1059/2512
f 587/1059/2512 596/1052/2511 597/1083/2513
f 593/1084/2514 594/1085/2515 583/1062/2516
f 583/1062/2516 594/1085/2515 584/1063/2517
f 589/1086/2518 591/1087/2519 579/1066/2520
f 579/1066/2520 591/1087/2519 581/1067/2521
f 587/1059/2522 597/1083/2523 588/1069/2524
f 588/1069/2524 597/1083/2523 598/1088/2525
f 584/1063/2526 594/1085/2527 585/1071/2528
f 585/1071/2528 594/1085/2527 595/1089/2529
f 591/1087/2530 592/1080/2531 581/1067/2532
f 581/1067/2532 592/1080/2531 582/1031/2533
f 588/1074/2534 598/1076/2535 580/1055/2536
f 580/1055/2536 598/1076/2535 590/1079/2537
f 600/1091/2538 608/1092/2539 599/1090/2540
f 604/1096/2541 603/1097/2542 605/1095/2543
f 599/1090/2540 608/1092/2539 601/1099/2544
f 605/1095/2543 603/1097/2542 606/1094/2545
f 606/1094/2545 603/1097/2542 607/1093/2546
f 601/1099/2544 608/1092/2539 602/1098/2547
f 607/1093/2546 603/1097/2542 608/1092/2539
f 608/1092/2539 603/1097/2542 602/1098/2547
f 595/1051/2548 605/1100/2549 596/1052/2550
f 596/1052/2550 605/1100/2549 606/1101/2551
f 602/1102/2552 603/1103/2553 592/1080/2554
f 592/1080/2554 603/1103/2553 593/1081/2555
f 590/1079/2556 600/1078/2557 589/1082/2558
f 589/1082/2558 600/1078/2557 599/1104/2559
f 596/1052/2560 606/1101/2561 597/1083/2562
f 597/1083/2562 606/1101/2561 607/1105/2563
f 603/1106/2564 604/1107/2565 593/1084/2566
f 593/1084/2566 604/1107/2565 594/1085/2567
f 589/1086/2568 599/1108/2569 591/1087/2570
f 591/1087/2570 599/1108/2569 601/1109/2571
f 607/1105/2572 608/1110/2573 597/1083/2574
f 597/1083/2574 608/1110/2573 598/1088/2575
f 594/1085/2576 604/1107/2577 595/1089/2578
f 595/1089/2578 604/1107/2577 605/1111/2579
f 601/1109/2580 602/1102/2581 591/1087/2582
f 591/1087/2582 602/1102/2581 592/1080/2583
f 613/999/2584 618/1015/2585 554/948/2586
f 554/948/2586 618/1015/2585 553/949/2587
f 557/978/2588 611/995/2589 556/1112/2590
f 556/1112/2590 611/995/2589 617/1006/2591
f 549/991/2592 609/1012/2593 550/983/2594
f 550/983/2594 609/1012/2593 616/1002/2595
f 618/1010/2596 615/1000/2597 553/1113/2598
f 553/1113/2598 615/1000/2597 552/1114/2599
f 556/987/2600 617/1115/2601 555/981/2602
f 555/981/2602 617/1115/2601 614/996/2603
f 550/983/2604 616/1002/2605 558/984/2606
f 558/984/2606 616/1002/2605 612/1005/2607
f 615/1000/2608 610/968/2609 552/1114/2610
f 552/1114/2610 610/968/2609 551/973/2611
f 555/981/2612 614/996/2613 554/948/2614
f 554/948/2614 614/996/2613 613/999/2615
f 558/977/2616 612/992/2617 557/978/2618
f 557/978/2618 612/992/2617 611/995/2619
f 610/968/2620 609/971/2621 551/973/2622
f 551/973/2622 609/971/2621 549/974/2623
f 552/1114/2624 551/973/2625 626/1116/2626
f 626/1116/2626 551/973/2625 622/972/2627
f 556/1112/2628 628/1117/2629 557/978/2630
f 557/978/2630 628/1117/2629 623/979/2631
f 621/990/2632 627/982/2633 640/1118/2634
f 640/1118/2634 627/982/2633 637/1119/2635
f 639/1120/2636 619/1121/2637 636/1028/2638
f 636/1028/2638 619/1121/2637 626/1116/2639
f 628/1117/2640 625/1122/2641 638/1016/2642
f 638/1016/2642 625/1122/2641 635/1123/2643
f 637/1119/2644 627/982/2645 634/1124/2646
f 634/1124/2646 627/982/2645 624/985/2647
f 625/980/2648 620/947/2649 635/1125/2650
f 635/1125/2650 620/947/2649 632/1126/2651
f 634/1127/2652 624/976/2653 641/1017/2654
f 641/1017/2654 624/976/2653 623/979/2655
f 622/972/2656 621/975/2657 633/1029/2658
f 633/1029/2658 621/975/2657 640/1128/2659
f 632/1126/2660 620/947/2661 639/1129/2662
f 639/1129/2662 620/947/2661 619/950/2663
f 544/952/2664 543/1130/2665 629/1150/2666
f 629/1150/2666 543/1130/2665 630/1152/2667
f 544/952/2668 632/1126/2669 543/1130/2670
f 543/1130/2670 632/1126/2669 639/1129/2671
f 633/1029/2672 640/1128/2673 541/953/2674
f 541/953/2674 640/1128/2673 539/954/2675
f 548/955/2676 634/1127/2677 547/956/2678
f 547/956/2678 634/1127/2677 641/1017/2679
f 545/951/2680 635/1125/2681 544/952/2682
f 544/952/2682 635/1125/2681 632/1126/2683
f 540/957/2684 637/1119/2685 548/958/2686
f 548/958/2686 637/1119/2685 634/1124/2687
f 546/960/2688 638/1016/2689 545/961/2690
f 545/961/2690 638/1016/2689 635/1123/2691
f 639/1120/2692 636/1028/2693 543/964/2694
f 543/964/2694 636/1028/2693 542/965/2695
f 640/1118/2696 637/1119/2697 539/967/2698
f 539/967/2698 637/1119/2697 540/957/2699
f 622/972/2700 633/1029/2701 626/1116/2702
f 626/1116/2702 633/1029/2701 636/1028/2703
f 638/1016/2704 641/1017/2705 628/1117/2706
f 628/1117/2706 641/1017/2705 623/979/2707
