# This file uses centimeters as units for non-parametric coordinates.

v -10.006543 3.495857 -9.207939
v -10.006543 3.495857 -8.414632
v -9.171178 3.495857 -8.355433
v -9.174278 3.495857 -9.207939
v -22.722456 -4.851650 0.254007
v -5.928425 1.875592 1.975094
v -7.413434 3.495857 -8.355433
v -7.413431 3.495857 -9.207939
v -9.187361 3.494292 -5.467099
v -9.188613 2.794253 -8.355312
v -9.224449 2.794253 -5.467505
v -7.413434 2.794253 -8.355311
v 8.196506 2.794253 -8.355306
v 6.340684 2.794253 -2.094599
v 6.339737 2.794253 -5.913502
v -1.964660 2.794253 -5.913499
v -5.766396 2.794253 -5.913499
v -5.765461 2.794253 -4.592265
v -5.900386 2.794253 -4.592264
v -8.398996 3.738980 -0.565648
v 6.544152 3.356476 -9.257360
v 6.544160 2.794253 -8.355311
v 6.544153 3.356476 -8.355355
v 8.206155 3.356476 -8.355301
v 8.222273 3.356476 -4.932436
v 9.037734 3.356476 -4.932664
v 9.065387 3.356476 -7.150883
v 8.211955 3.356476 -7.171512
v 8.206203 2.794253 -7.152542
v 9.104342 3.356476 -7.213017
v 9.114299 3.356476 -9.197030
v 6.341302 1.995452 -2.093827
v 0.792215 1.109203 -2.074826
v 6.340183 2.794261 -4.529148
v 0.797905 1.109203 -3.345897
v 0.797920 1.109203 -4.566948
v 0.797931 1.109202 -4.657901
v -5.900386 1.109360 -4.658001
v 4.572829 2.794261 -5.913499
v 4.572829 2.793686 -4.570720
v 4.572829 1.953155 -5.913500
v -5.767533 1.955168 -5.913448
v -5.762659 1.967609 -4.597542
v -9.224449 2.794253 -4.573190
v -5.966632 1.961645 -4.592248
v 3.188863 2.794253 -8.355310
v 3.178428 2.794253 -5.913499
v 3.197948 1.953970 -5.913500
v 6.215844 -0.872916 -3.439919
v 1.987095 2.009297 -0.837277
v 5.283041 1.063648 -0.836118
v 3.917228 1.109630 -0.819301
v 5.678395 -1.521762 -1.150398
v 5.215246 1.109630 0.634866
v -2.791849 1.109203 -2.090497
v -2.840059 -2.196830 0.983772
v 1.928502 1.109626 1.321168
v 3.830536 -1.895720 -0.806114
v 3.418937 1.109630 0.634861
v -2.841335 1.109232 2.539875
v -2.893927 1.109232 2.538463
v -4.381001 1.109288 2.538291
v -2.826353 -2.105116 -2.090507
v 0.934978 -2.132247 -2.075402
v -9.645236 -3.055990 2.636177
v -5.954713 1.917616 4.380601
v -5.900469 -3.049681 15.081773
v -2.464354 1.109205 4.668802
v -5.954713 2.794236 4.668802
v -5.953316 2.794253 2.026739
v -9.878281 -2.914988 3.595139
v -7.489722 2.794253 7.387682
v -5.900460 2.794236 7.387682
v -7.578486 2.794253 2.026497
v -8.398996 2.794253 2.026739
v -8.398996 3.738980 2.026738
v -8.398996 2.794253 -0.558695
v -6.697135 2.794253 2.026738
v -8.398996 2.794253 -1.809730
v -4.370951 1.109091 -4.620762
v -5.900392 1.109345 -1.638865
v -4.379775 1.109345 -1.476996
v 1.907909 1.109625 2.540478
v -2.769171 0.377149 2.536585
v -4.380694 0.375354 2.535836
v 6.878773 1.109630 0.603722
v 6.878775 1.109630 3.079474
v 6.878775 1.109630 4.669414
v 5.215559 1.109566 4.668792
v 5.215324 0.426657 0.634866
v 2.353769 1.109262 4.668792
v 1.907909 0.383484 2.538495
v 4.365452 0.426657 0.634860
v 4.365376 -1.435843 0.634860
v 5.215398 -1.435828 0.634867
v 5.215323 0.426657 2.851628
v 2.073476 1.953291 -5.913499
v -1.557235 1.953291 -5.913499
v -5.124208 1.953228 -5.913499
v -5.179505 1.924331 -5.805848
v -6.696797 3.738782 2.026735
v -5.937831 3.738782 2.026734
v -6.697311 3.738782 -0.952791
v -6.697447 3.738782 -1.813295
v -5.930970 3.738782 -1.813298
v -5.931154 1.799317 -1.778135
v -5.931156 1.818812 -0.015241
v -5.931625 2.785941 -1.813283
v -5.953316 1.916855 2.033442
v -5.990280 0.948895 1.617773
v -7.415414 2.794253 -4.573537
v -7.415238 2.794253 -2.559116
v -22.784094 -1.338575 6.282539
v 2.301455 1.109262 7.387682
v 10.499993 -1.883732 4.764346
v -5.900469 -3.049681 7.387682
v 8.592989 -2.616495 7.388702
v 6.877560 -3.049681 7.388703
v 4.697104 -3.049681 7.475371
v -1.209524 -3.049681 7.388703
v -9.404634 -2.621487 7.387682
v -21.025505 -1.246436 13.074599
v 12.603383 -2.512306 13.622508
v 17.774014 -2.769182 9.921316
v -2.464160 1.109198 7.387682
v -0.489396 1.109262 4.668792
v -0.488285 1.109262 7.387682
v 2.304278 0.352566 7.387682
v -0.489378 0.352566 7.387682
v -5.900469 0.352566 7.387682
v -5.900469 2.035019 7.387682
v -9.548719 -2.554384 4.804829
v -7.515438 2.035018 7.387682
v -5.900469 1.098688 7.387688
v -7.516445 1.099324 7.387688
v -7.516732 -3.049681 7.387682
v -3.223580 -3.049681 7.388703
v -3.223270 0.352566 7.387682
v 0.034733 0.352566 7.387682
v 0.033639 -3.049681 7.388703
v -1.212410 0.352566 7.387682
v 1.450452 0.352566 7.387682
v 1.450115 -3.049681 7.388703
v 3.566886 -3.049681 7.388703
v 3.538936 0.352566 7.387682
v 4.673064 0.352566 7.387682
v 4.619102 -3.049681 7.388703
v 4.717463 -3.049681 7.520001
v 4.720909 0.278117 7.536508
v 6.878775 0.352566 7.387682
v 6.862003 0.278117 7.497996
v 6.878775 1.109394 7.387682
v 1.450357 -3.049681 15.081773
v -1.213358 -3.049681 15.081773
v -3.223583 -3.049681 15.081773
v 4.984661 -3.049681 15.081773
v 6.877521 -3.049681 15.081773
v -9.108205 2.862406 -1.807080
v 8.179303 2.794253 -4.931056
v 1.607455 -2.415773 0.400551
v 2.078552 -0.097366 -5.669001
v -1.556766 -0.099486 -5.669000
v -5.161261 -0.097424 -5.669000
v -6.348337 -0.098693 -5.668986
v 22.832588 -3.747893 6.065495
v 8.249331 2.794253 -2.094594
v 8.263876 1.995380 -2.094598
v 7.531232 1.995452 -2.093827
v 7.505691 -1.334644 -2.166456
v 8.608196 2.001913 -0.836813
v 8.608196 2.001913 -1.302685
v 8.608196 1.063648 -0.836276
v 8.608196 1.109630 0.603668
v 8.608196 1.109630 3.078742
v 8.608196 1.109167 7.387682
v 8.608196 0.348358 7.387682
v -9.110836 3.738980 2.026739
v -9.403089 2.794253 2.027110
v -9.404614 2.794253 7.387682
v -9.404603 2.035018 7.387682
v -8.398996 3.738980 -1.809606
v -9.111147 3.738980 -1.809530
v -10.005262 3.494292 -5.467391
v 1.987095 2.009297 -1.302682
v 3.418840 1.109630 -0.820079
v 1.928495 1.109630 -0.825696
v -2.826541 0.177591 -2.090518
v -2.739528 1.109203 -4.630710
v -2.827663 1.109222 1.319002
v 4.572684 2.291951 -4.535261
v 4.572826 0.852876 -5.913500
v -5.943403 1.109288 2.538368
v -3.217133 -1.547058 2.536217
v -4.378083 -1.557123 2.535478
v -2.741760 -1.547058 2.536281
v 1.907909 -1.545592 2.537533
v -5.908134 -1.579252 2.495047
v 5.215324 -1.658248 2.878573
v 5.215317 0.428173 4.668792
v 6.340422 2.794257 -3.354043
v 1.987093 1.084443 -1.339833
v -1.965675 2.794253 -8.355310
v -1.969103 1.953281 -5.913499
v -10.006708 -0.997207 -5.512857
v -7.435754 -0.085588 -9.259537
v 8.212475 3.356476 -9.241719
v 6.562188 -1.394696 -9.243670
v 9.019887 -1.649763 -4.838235
v -4.353721 2.035246 7.387682
v 3.418938 1.109625 2.540391
v 3.418939 0.383484 2.539888
v 3.418819 -1.510131 2.546434
v 3.418936 -1.435843 0.634860
v 3.418936 0.426657 0.634860
v -5.937831 2.858084 1.978013
v -6.698010 2.794253 -1.806526
v -9.224446 2.794253 -2.537118
v 0.937918 0.177575 -2.074831
v 6.178610 -1.164799 -2.166456
v 6.178810 -0.867067 -3.350470
v 6.178872 2.141381 -3.352762
v -7.414077 2.794253 -5.913436
v 6.178795 1.947085 -2.166456
v -6.346589 1.885045 -5.913234
v -5.960490 1.918175 -4.844324
v -4.380125 1.109281 -0.354485
v -2.820668 1.109214 -0.335667
v -2.076879 -0.099485 -5.669001
v -4.572037 -0.097403 -5.669001
v -4.527664 0.796795 -5.913499
v -4.278547 1.160089 -5.913500
v -3.869730 1.406435 -5.913500
v -3.449762 1.523533 -5.913499
v -2.851164 1.528362 -5.913499
v -2.429226 1.282377 -5.913499
v -2.227379 1.005580 -5.913499
v -2.113653 0.412930 -5.913500
v -4.430735 0.938150 -5.913499
v -4.397828 -0.097494 -5.669001
v -2.399426 -0.099485 -5.669000
v 1.555653 -0.097367 -5.669000
v -0.806739 -0.097311 -5.669000
v -0.820749 0.739772 -5.913499
v -0.622466 1.141133 -5.913499
v -0.282382 1.425190 -5.913500
v 0.164419 1.549046 -5.913499
v 0.636023 1.518705 -5.913499
v 1.020192 1.365033 -5.913499
v 1.341049 -0.085944 -7.838459
v 1.418391 -0.096952 -5.667919
v -0.581174 -0.097316 -5.669001
v 7.508537 0.824509 -2.166456
v 6.178638 1.026713 -2.166456
v 6.178817 1.204209 -3.350700
v 7.530537 1.925840 -2.166945
v -4.356380 1.109360 -3.429709
v -2.753297 1.109203 -3.463805
v 1.987094 1.080236 -0.836986
v -4.353693 2.035247 4.668801
v -9.111060 3.738980 -0.493060
v -5.900386 2.794006 -2.532574
v -5.966632 1.084548 -4.575111
v -5.966632 1.103484 -4.575481
v -5.966632 1.907524 -4.591190
v -7.580921 2.794253 -1.808023
v -5.966638 1.046912 -1.787149
v -5.957995 1.052932 -0.117500
v 9.022859 2.245162 -4.853956
v 8.124799 -1.649772 -4.949796
v -10.006348 2.588414 -5.501523
v -9.224131 -1.006230 -5.479638
v -5.829630 1.104706 2.497270
v -4.378431 -0.046678 2.535526
v -5.539349 0.403947 2.508089
v -2.744584 -0.436835 2.536312
v -3.182300 -0.463076 2.536246
v 1.907909 -0.540837 2.537588
v 3.418957 -0.523722 2.538750
v 1.840850 -1.134701 -3.424380
v 6.158538 1.917194 -2.224898
v 3.613792 -2.044379 -1.725374
v 3.720190 0.642814 -3.643960
v -2.830745 0.269551 1.240188
v 1.928732 0.362592 1.025510
v -2.825850 0.208150 -0.320096
v 1.928382 0.480398 -0.826467
v -0.976107 0.177583 -2.091384
v -0.892563 -2.118681 -2.095937
v -2.113426 -0.099360 -5.913500
v -1.556800 -0.099361 -5.913499
v -0.808676 -0.102063 -5.888893
v -5.165403 -0.100960 -5.913494
v -4.552144 -0.100522 -5.913500
v -4.592386 -0.097548 -7.581677
v -4.420506 -0.094875 -7.659726
v -2.114364 -0.105154 -7.567035
v -2.401604 -0.099396 -7.573912
v -0.804439 -0.088392 -7.303068
v -0.579908 -0.088392 -7.542502
v 1.501157 -0.101162 -5.912418
v 1.426913 0.962186 -5.913499
v 1.468023 -0.085635 -7.636814
v -6.348337 -2.163257 -5.668986
v -5.161261 -2.162843 -5.669000
v -4.572037 -2.162837 -5.669001
v -4.397828 -2.162867 -5.669001
v -4.420506 -2.162012 -7.646138
v -2.076879 -2.162306 -5.669001
v -1.556766 -2.162300 -5.669000
v -2.436561 -2.162310 -5.669000
v -2.364469 -2.163152 -7.697927
v -0.806739 -2.162306 -5.669000
v -0.556562 -2.162308 -5.669001
v -0.604520 -2.163372 -7.736541
v 4.567501 -1.646779 -6.528062
v 2.078552 -2.158949 -5.669001
v 4.567275 -1.646779 -4.529432
v 1.555653 -2.158949 -5.669000
v 1.361150 -2.158863 -7.719626
v 1.418391 -2.158958 -5.667919
v -2.114081 0.501865 -7.491044
v -4.542530 1.258990 -7.467256
v 1.466449 0.985302 -7.620986
v 2.722393 0.119735 0.145548
v -5.934968 0.997379 -4.615233
v -5.923738 1.025007 -1.674013
v -5.913895 1.109281 -0.121439
v -4.380666 1.109289 1.154369
v -5.929625 1.109290 0.871623
v -2.523332 -1.489425 4.668802
v -0.489396 -1.489453 4.668792
v 2.353769 -1.489453 4.668792
v 5.238526 -1.489417 4.668792
v -4.205215 -1.494260 4.668801
v -5.900460 -1.498422 4.668802
v -5.955484 -1.839312 -4.085429
v -4.613783 -2.147971 -4.310253
v -4.208513 -2.134799 -4.304797
v -4.089706 -2.130957 -4.303196
v -2.254688 -2.063877 -4.278955
v -1.683868 -2.045195 -4.271277
v 0.122028 -1.904155 -4.224087
v -2.019978 -2.056194 -4.275797
v 0.285301 -1.893818 -4.219934
v 1.454029 -1.818887 -4.190140
v 1.474955 -1.917562 -4.194190
v 1.866089 -1.893540 -4.184268
v 1.556904 -1.911525 -4.192062
v -5.938001 1.050627 -0.119639
v -5.990219 0.923384 0.975685
v -5.936575 0.113743 2.384878
v 8.608172 1.091139 -1.290729
v 8.608196 0.344150 -0.825573
v 8.608196 0.344150 0.603668
v 8.608196 0.344150 3.078742
v 8.593041 -3.118068 -0.818592
v 8.593018 -3.118068 0.603668
v 8.593010 -3.043165 3.078742
v -9.111154 2.794253 2.026701
v -9.224496 2.875986 -1.806552
v -1.096420 -0.088392 -7.321754
v -1.085135 -0.088186 -7.540367
v -0.817085 1.268096 -7.438399
v -6.024730 0.799521 2.589365
v 6.544158 2.858531 -9.245850
v 6.562205 -1.394740 -8.355310
v -7.413428 2.811275 -9.255587
v -7.435116 -0.085171 -8.355310
v -9.403089 -0.697979 1.993300
v -8.398986 -0.697978 2.026494
v -9.224446 -0.697978 -2.537118
v -9.224449 -0.697978 -4.573190
v -9.224496 -0.651809 -1.806552
v -9.040858 -0.651809 -1.806552
v -9.181039 -0.697978 1.992681
v 5.215246 1.109630 -0.818434
v 8.608196 1.109630 -0.825573
v 8.168074 1.906908 -4.934917
v 9.022615 1.926727 -4.852671
v 9.065387 2.185984 -7.150883
v 9.104342 2.185984 -7.213017
v 9.114299 2.393633 -9.197030
v 8.212475 2.393633 -9.241719
v 9.065387 -1.606484 -7.150883
v 9.104342 -1.606484 -7.213017
v 9.114299 -1.606484 -9.197030
v 8.212475 -1.407903 -9.241719
v 3.188863 -1.716367 -8.355310
v -1.965675 -1.716367 -8.355310
v -10.006543 2.766235 -9.207939
v -10.006543 2.766235 -8.414632
v -9.174278 2.766235 -9.207939
v -10.006543 0.125904 -9.207939
v -10.006543 0.125904 -8.414632
v -9.174278 0.125904 -9.207939
v 7.505691 -1.334644 -4.954706
v 7.508537 0.824509 -4.954706
v 7.530537 1.925840 -4.955196
v 8.149143 0.351035 -4.941426
v 9.021320 0.229346 -4.845819
v -4.957232 -0.087016 -7.700597
v -5.017267 -1.887549 -8.033933
v -1.767708 -1.888737 -8.032146
v -1.010899 -2.227145 -7.797632
v 1.686289 -0.086785 -7.837947
v 2.147410 -2.079615 -8.126470
v 14.683690 -1.423978 7.283847
v 17.417648 -2.763211 4.026571
v 9.062953 -2.062298 10.004782
v 10.511831 -0.852409 7.727715
v 9.745704 -1.888482 5.659701
v 8.593000 -2.849558 5.034437
v 15.238184 -2.643203 11.736489
v -14.962149 -1.714320 9.797060
v -15.557118 -2.163786 5.976242
v -14.237492 -2.055720 13.975405
v -15.360321 -2.941388 3.520375
v -15.842034 -3.535546 1.405580
v -10.747574 -2.398993 7.979383
v -12.676325 -2.011313 5.622779
v -9.931152 -2.531624 7.627274
v -11.226213 -2.263108 5.243537
v -10.093835 -2.486753 8.937297
v -13.942709 -2.078340 5.778160
v -12.354290 -2.137976 8.672334
v -10.817367 -2.214825 6.033148
v -11.843577 -2.178696 6.640254
v -13.212721 -2.402111 4.010775
v -12.475980 -3.618954 1.891303
v -4.418641 -0.095090 -7.546516
v 1.325980 -2.117985 -8.044112
v 1.532119 1.109262 7.387682
v 1.549774 1.109262 4.668792
v 1.903329 1.109262 7.387682
v 1.919952 1.109262 4.668792
v -9.224446 -0.697978 -2.537118
v -1.557012 0.902581 -5.913499
v -1.557103 1.328900 -5.913499
v 0.189328 2.794253 -8.355311
v 0.352083 -1.716367 -8.355311
v 0.168619 2.794253 -5.913499
v 0.166965 1.953291 -5.913499
v -3.721243 2.794253 -8.355310
v -3.986459 -1.113692 -8.355310
v -3.605225 2.794253 -5.913499
v -3.634869 1.953253 -5.913499
v -6.347624 0.710771 -5.768651
v -5.172906 0.976613 -5.812912
v -5.147340 0.799749 -5.913496
v 2.075914 1.335634 -5.796049
v 1.622675 1.308760 -5.913499
v 1.928602 0.406416 0.619375
v 1.928499 1.109628 0.652926
v -10.006240 3.495486 -7.576769
v -9.176700 3.495323 -7.578747
v -9.200385 2.794253 -7.578504
v -5.834046 1.932929 -5.810068
v -5.791848 0.836545 -5.811986
vt 0.219741 0.974029
vt 0.213979 0.960124
vt 0.241661 0.974044
vt 0.238293 0.963187
vt 0.016911 0.287805
vt 0.270869 0.541452
vt 0.288253 0.974497
vt 0.285531 0.963938
vt 0.221571 0.927445
vt 0.200296 0.925879
vt 0.239608 0.927746
vt 0.225733 0.887523
vt 0.286030 0.928789
vt 0.707304 0.925328
vt 0.701892 0.811738
vt 0.314473 0.847617
vt 0.328994 0.904126
vt 0.317896 0.847142
vt 0.427842 0.903926
vt 0.669134 0.904166
vt 0.179672 0.738786
vt 0.665328 0.965671
vt 0.661258 0.973354
vt 0.663651 0.927460
vt 0.658847 0.928031
vt 0.710315 0.964166
vt 0.739993 0.949075
vt 0.751007 0.924032
vt 0.730004 0.923906
vt 0.717510 0.949680
vt 0.714527 0.913504
vt 0.740001 0.950965
vt 0.728905 0.971581
vt 0.699235 0.773648
vt 0.537196 0.687771
vt 0.534194 0.726736
vt 0.678763 0.876997
vt 0.529644 0.760166
vt 0.524961 0.790498
vt 0.320297 0.790568
vt 0.628499 0.875161
vt 0.620913 0.904406
vt 0.628009 0.848585
vt 0.618564 0.843303
vt 0.331019 0.867463
vt 0.619834 0.868911
vt 0.319302 0.809080
vt 0.316632 0.809039
vt 0.570409 0.930353
vt 0.574834 0.906086
vt 0.573975 0.869998
vt 0.841320 0.697341
vt 0.664167 0.714475
vt 0.668408 0.696142
vt 0.831989 0.716124
vt 0.723499 0.654931
vt 0.665483 0.652117
vt 0.659946 0.653430
vt 0.853718 0.611314
vt 0.737389 0.611662
vt 0.686684 0.716360
vt 0.689728 0.768478
vt 0.422714 0.724934
vt 0.552017 0.595761
vt 0.545878 0.644965
vt 0.603598 0.644984
vt 0.613991 0.600090
vt 0.352799 0.532770
vt 0.286247 0.533132
vt 0.421104 0.542239
vt 0.419626 0.533871
vt 0.625978 0.548451
vt 0.428536 0.686812
vt 0.429630 0.615056
vt 0.535876 0.611156
vt 0.032955 0.286315
vt 0.035156 0.284950
vt 0.157814 0.438051
vt 0.242538 0.442727
vt 0.265149 0.514621
vt 0.253455 0.519362
vt 0.238781 0.055363
vt 0.410782 0.420363
vt 0.619030 0.426287
vt 0.262255 0.587052
vt 0.190580 0.583935
vt 0.154926 0.582449
vt 0.143373 0.631763
vt 0.190004 0.687954
vt 0.230916 0.585661
vt 0.202133 0.735155
vt 0.371062 0.793684
vt 0.364899 0.682281
vt 0.305144 0.682707
vt 0.560919 0.546014
vt 0.623437 0.503772
vt 0.423137 0.493232
vt 0.426837 0.420744
vt 0.353557 0.489412
vt 0.286403 0.498605
vt 0.357941 0.453420
vt 0.900881 0.499639
vt 0.797485 0.611083
vt 0.837626 0.498604
vt 0.788473 0.432360
vt 0.859969 0.434701
vt 0.771875 0.432636
vt 0.734893 0.568767
vt 0.642816 0.425854
vt 0.559422 0.500403
vt 0.558576 0.424544
vt 0.683533 0.564866
vt 0.678326 0.484302
vt 0.735393 0.484054
vt 0.754917 0.494364
vt 0.746982 0.431839
vt 0.542349 0.869710
vt 0.541091 0.799597
vt 0.444340 0.868817
vt 0.444049 0.795350
vt 0.346317 0.867925
vt 0.345755 0.862075
vt 0.351274 0.793013
vt 0.229615 0.639217
vt 0.264841 0.639552
vt 0.254600 0.745291
vt 0.262074 0.774199
vt 0.293332 0.774831
vt 0.297606 0.688688
vt 0.289286 0.647869
vt 0.207891 0.832161
vt 0.295189 0.734600
vt 0.266991 0.532393
vt 0.274772 0.533824
vt 0.247815 0.782671
vt 0.262153 0.845067
vt 0.011094 0.276245
vt 0.654483 0.356200
vt 0.976613 0.344256
vt 0.104375 0.183529
vt 0.257512 0.194606
vt 0.455215 0.202732
vt 0.931843 0.223327
vt 0.866189 0.213635
vt 0.793856 0.214944
vt 0.003732 0.055050
vt 0.995838 0.288636
vt 0.992405 0.056369
vt 0.413224 0.344876
vt 0.488966 0.420979
vt 0.493266 0.346009
vt 0.652759 0.304521
vt 0.492301 0.299830
vt 0.249389 0.291620
vt 0.245603 0.389964
vt 0.161988 0.387591
vt 0.039428 0.261369
vt 0.247644 0.336952
vt 0.161593 0.333838
vt 0.179730 0.187678
vt 0.349793 0.198382
vt 0.344943 0.294855
vt 0.532753 0.301013
vt 0.531302 0.207232
vt 0.453409 0.298517
vt 0.613137 0.303363
vt 0.607449 0.211735
vt 0.742009 0.309036
vt 0.727297 0.215538
vt 0.801501 0.311411
vt 0.787004 0.225039
vt 0.795057 0.214922
vt 0.808485 0.303495
vt 0.878242 0.314198
vt 0.883520 0.307108
vt 0.887349 0.361855
vt 0.949158 0.317304
vt 0.650836 0.055913
vt 0.484648 0.055691
vt 0.350990 0.055513
vt 0.838724 0.056164
vt 0.927327 0.056282
vt 0.290971 0.928981
vt 0.726184 0.883791
vt 0.995205 0.361381
vt 0.423049 0.795075
vt 0.422398 0.592430
vt 0.689699 0.846140
vt 0.429331 0.929975
vt 0.428245 0.868671
vt 0.705910 0.972916
vt 0.325793 0.394999
vt 0.624229 0.477120
vt 0.634354 0.560404
vt 0.617111 0.426232
vt 0.265689 0.614711
vt 0.251617 0.745232
vt 0.193746 0.782892
vt 0.675139 0.728576
vt 0.958469 0.362400
vt 0.149137 0.301476
vt 0.078617 0.439497
vt 0.085695 0.388282
vt 0.320297 0.790568
vt 0.837106 0.656491
vt 0.837106 0.656491
vt 0.410782 0.420363
vt 0.320297 0.790568
vt 0.121099 0.580411
vt 0.112406 0.629391
vt 0.320297 0.790568
vt 0.117788 0.580389
vt 0.192449 0.782240
vt 0.165773 0.779751
vt 0.112406 0.629391
vt 0.192449 0.782240
vt 0.211531 0.843927
vt 0.211531 0.843927
vt 0.746982 0.431839
vt 0.736862 0.716421
vt 0.741519 0.772222
vt 0.741519 0.772222
vt 0.747902 0.771890
vt 0.754204 0.809710
vt 0.754204 0.809710
vt 0.523064 0.796385
vt 0.424792 0.592033
vt 0.543787 0.595356
vt 0.545878 0.644965
vt 0.659946 0.653430
vt 0.660660 0.716332
vt 0.676456 0.759998
vt 0.537060 0.686045
vt 0.674646 0.759038
vt 0.278979 0.904067
vt 0.361440 0.639544
vt 0.422519 0.643380
vt 0.363799 0.793395
vt 0.365205 0.812218
vt 0.370318 0.829633
vt 0.379845 0.841744
vt 0.391377 0.847981
vt 0.407557 0.846712
vt 0.419994 0.835546
vt 0.426253 0.823475
vt 0.429600 0.805129
vt 0.430662 0.795013
vt 0.367194 0.818915
vt 0.367227 0.792689
vt 0.424442 0.827084
vt 0.424885 0.794806
vt 0.523776 0.822083
vt 0.525927 0.796895
vt 0.463383 0.795603
vt 0.464111 0.811393
vt 0.468682 0.828879
vt 0.477343 0.841720
vt 0.489801 0.847805
vt 0.503094 0.846606
vt 0.513427 0.839638
vt 0.522714 0.796381
vt 0.467315 0.823650
vt 0.467895 0.795478
vt 0.675271 0.731734
vt 0.687143 0.724215
vt 0.737414 0.722624
vt 0.741384 0.770705
vt 0.369432 0.759856
vt 0.422891 0.761997
vt 0.328927 0.471871
vt 0.150904 0.738159
vt 0.303244 0.778055
vt 0.320211 0.790956
vt 0.320211 0.790956
vt 0.316878 0.807929
vt 0.316878 0.807929
vt 0.250203 0.793559
vt 0.135442 0.226314
vt 0.136595 0.228865
vt 0.134368 0.228118
vt 0.133693 0.225719
vt 0.123639 0.224804
vt 0.125195 0.222510
vt 0.128342 0.223382
vt 0.127547 0.226097
vt 0.295573 0.791874
vt 0.298843 0.801889
vt 0.223619 0.584610
vt 0.250977 0.747265
vt 0.229721 0.748029
vt 0.192014 0.584614
vt 0.204459 0.744845
vt 0.188698 0.685730
vt 0.162623 0.583013
vt 0.296563 0.828291
vt 0.261388 0.842155
vt 0.256159 0.819186
vt 0.298093 0.816892
vt 0.304469 0.843486
vt 0.300756 0.646411
vt 0.292631 0.596768
vt 0.292631 0.596768
vt 0.745839 0.851190
vt 0.148423 0.303598
vt 0.205998 0.855523
vt 0.220960 0.872712
vt 0.289816 0.500361
vt 0.306836 0.489026
vt 0.357357 0.458217
vt 0.665483 0.652117
vt 0.319302 0.809080
vt 0.319302 0.809080
vt 0.319302 0.809080
vt 0.426456 0.428212
vt 0.411743 0.426029
vt 0.558624 0.428888
vt 0.617474 0.430683
vt 0.544323 0.676377
vt 0.652110 0.746389
vt 0.544935 0.651400
vt 0.593756 0.713636
vt 0.133795 0.256617
vt 0.133333 0.263255
vt 0.131668 0.265960
vt 0.127744 0.260320
vt 0.136351 0.264877
vt 0.136108 0.263121
vt 0.811123 0.359584
vt 0.808530 0.316242
vt 0.132082 0.265287
vt 0.128968 0.259571
vt 0.134081 0.265143
vt 0.407647 0.879122
vt 0.420609 0.902830
vt 0.475422 0.233395
vt 0.475092 0.232465
vt 0.349303 0.901276
vt 0.475883 0.233114
vt 0.482384 0.687291
vt 0.482188 0.609661
vt 0.881428 0.319588
vt 0.888399 0.360809
vt 0.720654 0.313300
vt 0.699473 0.356620
vt 0.549891 0.226050
vt 0.601662 0.226087
vt 0.601595 0.290713
vt 0.550316 0.290670
vt 0.620867 0.298009
vt 0.622023 0.280722
vt 0.694420 0.280700
vt 0.695942 0.296981
vt 0.623408 0.260212
vt 0.690604 0.240063
vt 0.624558 0.239865
vt 0.430132 0.800056
vt 0.463610 0.800527
vt 0.444070 0.800685
vt 0.350765 0.797820
vt 0.364130 0.797834
vt 0.525438 0.802624
vt 0.524288 0.816089
vt 0.148362 0.290270
vt 0.149175 0.290313
vt 0.444967 0.479056
vt 0.445098 0.479397
vt 0.445906 0.481162
vt 0.445410 0.479051
vt 0.444697 0.481077
vt 0.444801 0.459261
vt 0.449391 0.456763
vt 0.449941 0.451280
vt 0.445897 0.451598
vt 0.454597 0.456365
vt 0.454861 0.450876
vt 0.464549 0.453761
vt 0.460948 0.454000
vt 0.461797 0.450444
vt 0.468881 0.449899
vt 0.468868 0.453885
vt 0.461942 0.455927
vt 0.469300 0.453911
vt 0.469281 0.455495
vt 0.449184 0.472683
vt 0.448804 0.476983
vt 0.447590 0.477066
vt 0.448013 0.472764
vt 0.145323 0.301079
vt 0.142361 0.298288
vt 0.142365 0.289839
vt 0.145331 0.290058
vt 0.449530 0.472659
vt 0.449163 0.476965
vt 0.449407 0.478199
vt 0.449746 0.474081
vt 0.455202 0.472266
vt 0.455047 0.476559
vt 0.453966 0.476632
vt 0.454160 0.472339
vt 0.123661 0.357470
vt 0.123685 0.358080
vt 0.124438 0.359874
vt 0.124477 0.358964
vt 0.118423 0.359048
vt 0.118910 0.360740
vt 0.119067 0.362068
vt 0.118415 0.360694
vt 0.132449 0.356276
vt 0.132481 0.354738
vt 0.132411 0.357472
vt 0.132572 0.358967
vt 0.475526 0.231661
vt 0.351802 0.881200
vt 0.453220 0.476683
vt 0.453441 0.472389
vt 0.453535 0.477980
vt 0.453706 0.473201
vt 0.456680 0.472164
vt 0.456581 0.476458
vt 0.457208 0.472127
vt 0.457128 0.476422
vt 0.457284 0.473648
vt 0.457204 0.478166
vt 0.467555 0.469471
vt 0.468222 0.478217
vt 0.468082 0.478510
vt 0.467597 0.471812
vt 0.461254 0.476120
vt 0.122596 0.335803
vt 0.122509 0.319730
vt 0.461185 0.471856
vt 0.461462 0.471839
vt 0.461542 0.476131
vt 0.462519 0.471765
vt 0.462639 0.476058
vt 0.461172 0.477192
vt 0.461150 0.472913
vt 0.445139 0.477316
vt 0.123239 0.317331
vt 0.299211 0.635749
vt 0.445660 0.472927
vt 0.445783 0.469809
vt 0.448657 0.469393
vt 0.449474 0.469351
vt 0.449713 0.469339
vt 0.453431 0.469163
vt 0.454594 0.469104
vt 0.356103 0.573593
vt 0.292300 0.581047
vt 0.458286 0.469040
vt 0.453909 0.469139
vt 0.458622 0.469029
vt 0.461035 0.468955
vt 0.461076 0.468758
vt 0.459758 0.476007
vt 0.461886 0.468731
vt 0.461245 0.468754
vt 0.445373 0.477155
vt 0.448628 0.476832
vt 0.452041 0.476638
vt 0.459774 0.476171
vt 0.443982 0.471626
vt 0.443213 0.468444
vt 0.444057 0.471446
vt 0.443290 0.468373
vt 0.443334 0.468462
vt 0.444072 0.471530
vt 0.442343 0.464342
vt 0.442419 0.464679
vt 0.441485 0.460786
vt 0.441566 0.461150
vt 0.441841 0.451919
vt 0.440056 0.461538
vt 0.272506 0.516497
vt 0.442654 0.455510
vt 0.445200 0.476995
vt 0.445307 0.476863
vt 0.442202 0.464587
vt 0.496180 0.237786
vt 0.488263 0.231025
vt 0.511737 0.235127
vt 0.508407 0.239762
vt 0.154926 0.582449
vt 0.478714 0.236158
vt 0.477843 0.236150
vt 0.478203 0.235032
vt 0.478794 0.235036
vt 0.477961 0.235030
vt 0.476791 0.236144
vt 0.475321 0.236094
vt 0.475595 0.235019
vt 0.479570 0.235013
vt 0.479591 0.236165
vt 0.487807 0.245324
vt 0.487379 0.246735
vt 0.482617 0.243513
vt 0.121718 0.314207
vt 0.630174 0.849670
vt 0.422009 0.226869
vt 0.427306 0.227882
vt 0.432401 0.239505
vt 0.431780 0.239442
vt 0.431774 0.237150
vt 0.432365 0.237255
vt 0.430299 0.236975
vt 0.430338 0.235276
vt 0.431770 0.235466
vt 0.426541 0.236528
vt 0.426694 0.234794
vt 0.420220 0.235775
vt 0.420578 0.233994
vt 0.430494 0.228476
vt 0.431753 0.228711
vt 0.420533 0.249493
vt 0.420731 0.245710
vt 0.426082 0.248127
vt 0.426349 0.256418
vt 0.275823 0.514851
vt 0.659231 0.935245
vt 0.661878 0.927519
vt 0.290763 0.932465
vt 0.287544 0.928800
vt 0.365205 0.812218
vt 0.367194 0.818915
vt 0.426253 0.823475
vt 0.464111 0.811393
vt 0.523776 0.822083
vt 0.377933 0.224637
vt 0.377882 0.224490
vt 0.377890 0.224796
vt 0.377812 0.225081
vt 0.377796 0.224932
vt 0.377936 0.224389
vt 0.378007 0.224116
vt 0.377909 0.223534
vt 0.377845 0.223816
vt 0.314687 0.220494
vt 0.315385 0.223082
vt 0.312554 0.214944
vt 0.312375 0.214205
vt 0.377911 0.224490
vt 0.377822 0.223920
vt 0.377795 0.223920
vt 0.377717 0.224380
vt 0.378039 0.223989
vt 0.377948 0.223352
vt 0.377845 0.224931
vt 0.377764 0.224379
vt 0.377678 0.225349
vt 0.377694 0.225469
vt 0.377583 0.224616
vt 0.377812 0.224525
vt 0.377955 0.224102
vt 0.378040 0.224315
vt 0.374561 0.224644
vt 0.374266 0.224350
vt 0.374451 0.224196
vt 0.374221 0.224461
vt 0.374235 0.224315
vt 0.375575 0.224287
vt 0.375572 0.224442
vt 0.374257 0.224366
vt 0.374919 0.224356
vt 0.375581 0.224349
vt 0.375604 0.224254
vt 0.375596 0.224351
vt 0.374257 0.224371
vt 0.374272 0.224254
vt 0.375451 0.224319
vt 0.375676 0.223947
vt 0.374339 0.223734
vt 0.373975 0.223665
vt 0.373762 0.223676
vt 0.373792 0.223504
vt 0.374003 0.223493
vt 0.374387 0.223568
vt 0.374375 0.223656
vt 0.373909 0.222840
vt 0.374103 0.222860
vt 0.374472 0.222855
vt 0.376418 0.223673
vt 0.375205 0.223689
vt 0.375248 0.222934
vt 0.376386 0.222918
vt 0.229810 0.280005
vt 0.231013 0.257339
vt 0.374423 0.223718
vt 0.374504 0.223013
vt 0.149140 0.300563
vt 0.148411 0.300852
vt 0.378349 0.223751
vt 0.378385 0.223623
vt 0.378358 0.223492
vt 0.378322 0.223620
vt 0.378182 0.223627
vt 0.378157 0.223495
vt 0.378265 0.223039
vt 0.378232 0.223170
vt 0.378072 0.223042
vt 0.377752 0.223634
vt 0.377735 0.223502
vt 0.377664 0.223006
vt 0.378218 0.223939
vt 0.378246 0.224103
vt 0.378108 0.223346
vt 0.374437 0.224158
vt 0.374477 0.223821
vt 0.374389 0.223438
vt 0.374345 0.223782
vt 0.374412 0.224337
vt 0.374317 0.223965
vt 0.374155 0.224125
vt 0.374247 0.224499
vt 0.374261 0.224360
vt 0.374179 0.223967
vt 0.373895 0.223776
vt 0.373861 0.223981
vt 0.373873 0.223990
vt 0.373906 0.223786
vt 0.373952 0.224219
vt 0.373988 0.224038
vt 0.373996 0.223157
vt 0.374007 0.223166
vt 0.373996 0.223985
vt 0.374039 0.223706
vt 0.376945 0.223309
vt 0.376915 0.223024
vt 0.377050 0.222954
vt 0.377083 0.223278
vt 0.376468 0.223024
vt 0.376484 0.223379
vt 0.376353 0.223316
vt 0.376339 0.222967
vt 0.376091 0.223342
vt 0.388434 0.227403
vt 0.376086 0.223019
vt 0.387313 0.228596
vt 0.376174 0.222948
vt 0.376183 0.223327
vt 0.375659 0.223026
vt 0.375660 0.223402
vt 0.375563 0.223321
vt 0.375568 0.222960
vt 0.204278 0.232005
vt 0.218430 0.231506
vt 0.218531 0.228339
vt 0.204639 0.228339
vt 0.387306 0.226522
vt 0.385920 0.231146
vt 0.386003 0.229748
vt 0.386558 0.229043
vt 0.386480 0.231080
vt 0.386165 0.227522
vt 0.386636 0.226995
vt 0.149157 0.295698
vt 0.148389 0.296223
vt 0.427506 0.218974
vt 0.424387 0.218425
vt 0.433497 0.217680
vt 0.430053 0.218752
vt 0.431096 0.219906
vt 0.431539 0.221518
vt 0.431622 0.221629
vt 0.432877 0.219469
vt 0.434583 0.223001
vt 0.433835 0.223242
vt 0.435736 0.222551
vt 0.987902 0.304479
vt 0.985012 0.361964
vt 0.976353 0.100623
vt 0.981830 0.197302
vt 0.958312 0.298424
vt 0.424902 0.227423
vt 0.374399 0.224482
vt 0.374501 0.224400
vt 0.994154 0.174725
vt 0.025489 0.268688
vt 0.055428 0.121044
vt 0.109220 0.055190
vt 0.023548 0.280751
vt 0.025173 0.287038
vt 0.031544 0.265509
vt 0.092370 0.168204
vt 0.035200 0.263590
vt 0.099526 0.177339
vt 0.112117 0.152985
vt 0.028882 0.266906
vt 0.078287 0.150225
vt 0.061378 0.228490
vt 0.057806 0.223497
vt 0.028731 0.286707
vt 0.029403 0.272128
vt 0.524078 0.818555
vt 0.367197 0.816758
vt 0.449387 0.478098
vt 0.366325 0.815990
vt 0.375725 0.222957
vt 0.220648 0.214632
vt 0.222248 0.214891
vt 0.221808 0.216234
vt 0.220607 0.216181
vt 0.222669 0.214907
vt 0.222402 0.216259
vt 0.225302 0.215007
vt 0.227208 0.215068
vt 0.226169 0.216424
vt 0.225432 0.216392
vt 0.224950 0.214994
vt 0.224911 0.216369
vt 0.224704 0.214984
vt 0.224550 0.216353
vt 0.227382 0.215074
vt 0.226431 0.216435
vt 0.228638 0.215112
vt 0.228399 0.216521
vt 0.231956 0.215657
vt 0.231680 0.217055
vt 0.229054 0.216551
vt 0.229063 0.215112
vt 0.228643 0.215099
vt 0.228731 0.215102
vt 0.228535 0.216528
vt 0.224638 0.217667
vt 0.222646 0.217537
vt 0.222578 0.216267
vt 0.222792 0.214911
vt 0.228204 0.217936
vt 0.226327 0.217871
vt 0.610068 0.353392
vt 0.605442 0.424898
vt 0.460055 0.455936
vt 0.631499 0.354747
vt 0.623606 0.425587
vt 0.460913 0.455868
vt 0.127062 0.580903
vt 0.311902 0.212245
vt 0.721040 0.657229
vt 0.428741 0.234432
vt 0.296559 0.796448
vt 0.187599 0.284015
vt 0.189033 0.276456
vt 0.186987 0.281031
vt 0.186296 0.284766
vt 0.444202 0.833942
vt 0.444258 0.848092
vt 0.375911 0.223680
vt 0.375874 0.222925
vt 0.489472 0.904888
vt 0.488379 0.930399
vt 0.490884 0.869241
vt 0.376834 0.223663
vt 0.376849 0.223001
vt 0.385093 0.903639
vt 0.383003 0.929642
vt 0.384990 0.868277
vt 0.444959 0.478851
vt 0.347217 0.831372
vt 0.319891 0.798122
vt 0.348815 0.828559
vt 0.541745 0.836030
vt 0.529400 0.836503
vt 0.475461 0.232750
vt 0.549116 0.619010
vt 0.386617 0.902996
vt 0.386872 0.879895
vt 0.232433 0.951452
vt 0.210737 0.952010
vt 0.232840 0.910933
vt 0.378324 0.223834
vt 0.332721 0.861918
vt 0.334104 0.832581
vt 0.271254 0.515623
vt 0.271035 0.516400
vt 0.272631 0.516639
vt 0.271254 0.514508
vt 0.269355 0.514112
vt 0.268739 0.516904
vt 0.257612 0.535378
vt 0.266180 0.534616
vt 0.261162 0.539155
vt 0.213540 0.263298
vt 0.209632 0.280215
vt 0.267957 0.517935
vt 0.270995 0.516170
vt 0.271926 0.516426
vt 0.377845 0.223816
vn 0.000000 0.000300 1.000000
vn 0.000000 0.000300 1.000000
vn 0.000000 0.000300 1.000000
vn 0.000000 0.000300 1.000000
vn 0.000000 1.000000 0.000000
vn 0.000000 1.000000 0.000000
vn 0.000000 1.000000 0.000000
vn 0.000000 -1.000000 0.000000
vn -0.800323 -0.002145 0.599565
vn -0.947144 0.014742 0.320470
vn -0.805917 -0.001639 0.592027
vn -0.949671 0.015157 0.312881
vn 0.001115 0.999999 0.000000
vn 0.001115 0.999999 0.000000
vn 0.001115 0.999999 0.000000
vn 0.001115 0.999999 0.000000
vn 0.010081 0.828140 0.560430
vn 0.009404 0.833072 0.553085
vn 0.000263 0.892807 0.450440
vn 0.000000 0.894340 0.447388
vn -1.000000 0.000001 0.000000
vn -1.000000 0.000001 0.000001
vn -1.000000 0.000001 0.000001
vn -1.000000 0.000001 0.000002
vn 0.000000 1.000000 0.000000
vn 0.000000 1.000000 0.000000
vn 0.000000 1.000000 0.000000
vn 0.000000 1.000000 0.000000
vn 0.000000 1.000000 0.000000
vn -0.000070 0.000313 1.000000
vn -0.000079 0.000377 1.000000
vn 0.000004 0.000617 1.000000
vn -0.000229 0.001552 0.999999
vn 0.000048 0.000572 1.000000
vn 0.000000 0.000006 1.000000
vn 0.000000 0.000006 1.000000
vn 0.000000 0.000006 1.000000
vn 0.000000 0.000006 1.000000
vn 0.000000 1.000000 0.000000
vn 0.000000 1.000000 -0.000000
vn 0.000000 1.000000 -0.000000
vn 0.000000 1.000000 -0.000000
vn 0.000000 1.000000 -0.000001
vn 0.000000 1.000000 -0.000000
vn 0.000000 1.000000 -0.000000
vn 0.000000 1.000000 0.000000
vn 0.000000 1.000000 0.000000
vn 0.000000 1.000000 0.000002
vn 0.000000 1.000000 0.000002
vn 0.000000 1.000000 0.000002
vn -1.000000 0.000171 -0.000126
vn -1.000000 0.000124 -0.000096
vn -1.000000 0.000105 -0.000084
vn -1.000000 0.000059 -0.000055
vn -1.000000 0.000003 -0.000151
vn -1.000000 0.000010 -0.000162
vn -1.000000 0.000007 -0.000156
vn -1.000000 0.000012 -0.000166
vn 0.000000 0.000000 1.000000
vn 0.000000 0.000000 1.000000
vn 0.000000 0.000000 1.000000
vn 0.000000 0.000000 1.000000
vn 0.000362 -0.000000 1.000000
vn 0.000224 0.000208 1.000000
vn 0.000170 0.000290 1.000000
vn 0.000068 0.000443 1.000000
vn 0.000000 0.000006 1.000000
vn 0.000001 0.000005 1.000000
vn 0.000001 0.000004 1.000000
vn 0.000001 0.000003 1.000000
vn 0.440078 0.897960 0.000005
vn 0.440094 0.897952 -0.000009
vn 0.440101 0.897949 -0.000015
vn 0.440117 0.897940 -0.000029
vn 0.000000 0.000000 1.000000
vn 0.000000 0.000000 1.000000
vn 0.000000 0.000000 1.000000
vn 0.000000 1.000000 0.000000
vn 0.000000 1.000000 0.000000
vn 0.000000 1.000000 0.000000
vn 0.000000 1.000000 0.000000
vn 1.000000 -0.000000 0.000000
vn 1.000000 -0.000000 0.000000
vn 1.000000 -0.000000 0.000000
vn 1.000000 0.000000 0.000000
vn -0.000107 -0.002796 -0.999996
vn -0.001737 -0.001477 -0.999997
vn -0.002305 -0.001017 -0.999997
vn -0.003724 0.000131 -0.999993
vn 0.999920 -0.000226 -0.012620
vn 0.999920 -0.000226 -0.012620
vn 0.999920 -0.000226 -0.012620
vn 0.000000 1.000000 0.000000
vn 0.000000 1.000000 -0.000000
vn 0.000000 1.000000 -0.000000
vn 0.000000 1.000000 -0.000000
vn -0.000758 -0.000981 0.999999
vn -0.000864 -0.001158 0.999999
vn -0.000814 -0.001074 0.999999
vn -0.000922 -0.001255 0.999999
vn -0.000296 -0.000981 1.000000
vn -0.000307 -0.000918 1.000000
vn -0.000393 -0.000433 1.000000
vn -0.000408 -0.000347 1.000000
vn -0.000132 -0.000339 1.000000
vn -0.000132 -0.000339 1.000000
vn -0.000132 -0.000339 1.000000
vn -0.000149 -0.000029 1.000000
vn -0.000145 -0.000027 1.000000
vn -0.000137 -0.000024 1.000000
vn -0.000133 -0.000022 1.000000
vn -0.000275 -0.000029 1.000000
vn -0.000274 -0.000032 1.000000
vn -0.000270 -0.000051 1.000000
vn -0.000269 -0.000055 1.000000
vn -0.000857 0.007790 0.999969
vn -0.004061 0.002796 0.999988
vn -0.002754 0.004834 0.999985
vn -0.005890 -0.000055 0.999983
vn -0.012663 -0.818956 0.573716
vn -0.000601 -0.729121 0.684384
vn -0.012262 -0.816211 0.577624
vn 0.000000 -0.724259 0.689528
vn -0.004066 0.126833 0.991916
vn -0.004066 0.126833 0.991916
vn -0.004066 0.126833 0.991916
vn -0.305301 -0.385461 0.870753
vn -0.305301 -0.385461 0.870753
vn -0.305301 -0.385461 0.870753
vn -0.150139 0.959891 0.236787
vn -0.150139 0.959891 0.236787
vn -0.150139 0.959891 0.236787
vn -0.433713 0.900011 -0.043285
vn -0.433713 0.900011 -0.043285
vn -0.433713 0.900011 -0.043285
vn -0.049529 0.858083 0.511118
vn -0.049529 0.858082 0.511118
vn -0.049530 0.858083 0.511118
vn -0.008648 -0.002297 0.999960
vn -0.005952 0.430031 0.902794
vn -0.009731 -0.001434 0.999952
vn -0.002043 0.741078 0.671416
vn 0.496734 -0.432216 0.752625
vn 0.496734 -0.432216 0.752625
vn 0.496734 -0.432216 0.752625
vn 0.830592 -0.001195 0.556880
vn 0.830592 -0.001195 0.556880
vn 0.830592 -0.001195 0.556880
vn 0.316953 -0.940846 0.119792
vn 0.316953 -0.940846 0.119792
vn 0.316953 -0.940846 0.119792
vn 0.310615 -0.907871 0.281583
vn 0.310615 -0.907871 0.281583
vn 0.310615 -0.907871 0.281583
vn 0.042515 0.943173 0.329570
vn 0.001535 -0.000860 0.999999
vn 0.006710 0.795531 0.605876
vn 0.000468 0.000005 1.000000
vn 0.000000 -0.000000 1.000000
vn 0.000000 -0.000000 1.000000
vn 0.000000 -0.000000 1.000000
vn 0.000000 -0.000000 1.000000
vn -0.000007 -0.000000 1.000000
vn -0.000008 0.000000 1.000000
vn -0.000008 -0.000000 1.000000
vn -0.000008 0.000000 1.000000
vn 0.063677 0.993103 0.098449
vn 0.044470 0.995762 0.080500
vn 0.048216 0.995298 0.084001
vn -0.000011 0.999246 0.038827
vn -0.000000 0.999246 0.038833
vn -1.000000 -0.000001 -0.000033
vn -1.000000 -0.000017 -0.000019
vn -1.000000 -0.000020 -0.000017
vn -1.000000 -0.000040 -0.000000
vn 1.000000 0.000020 -0.000002
vn 1.000000 0.000007 -0.000008
vn 1.000000 0.000003 -0.000010
vn 1.000000 -0.000000 -0.000011
vn 1.000000 -0.000139 0.000055
vn 1.000000 -0.000139 0.000055
vn 1.000000 -0.000139 0.000055
vn 0.999991 -0.002886 0.003015
vn 0.999986 -0.004119 0.003299
vn 0.999985 -0.003681 0.004107
vn 1.000000 0.000082 -0.000392
vn 0.999992 -0.002542 0.003038
vn -0.004372 -0.009474 0.999946
vn -0.004826 -0.008613 0.999951
vn -0.006842 -0.004787 0.999965
vn -0.008648 -0.001359 0.999962
vn 0.000468 -0.000040 1.000000
vn 0.000468 -0.000040 1.000000
vn 0.000468 -0.000040 1.000000
vn -0.026827 -0.007136 0.999615
vn -0.026827 -0.007136 0.999615
vn -0.026827 -0.007136 0.999615
vn 0.000000 1.000000 -0.000008
vn 0.000000 1.000000 -0.000008
vn 0.000000 1.000000 -0.000008
vn 0.000097 1.000000 0.000003
vn 0.000095 1.000000 0.000007
vn 0.000092 1.000000 0.000002
vn 0.000081 1.000000 0.000014
vn 0.000075 1.000000 0.000013
vn 0.000042 1.000000 0.000058
vn 0.000043 1.000000 0.000000
vn 0.000041 1.000000 -0.000002
vn 0.000041 1.000000 -0.000003
vn 0.000038 1.000000 -0.000006
vn 0.999307 -0.037212 0.000252
vn 0.999596 -0.027983 0.004955
vn 0.999910 -0.011020 0.007589
vn 0.999931 -0.005336 0.010483
vn 0.999982 -0.004576 0.003956
vn 0.999983 -0.004067 0.004227
vn 0.000044 1.000000 -0.000005
vn 0.000043 1.000000 -0.000005
vn 0.000043 1.000000 -0.000005
vn 0.000043 1.000000 -0.000005
vn -0.000001 0.000000 -1.000000
vn -0.000000 0.000000 -1.000000
vn 0.000000 0.000000 -1.000000
vn 0.000001 -0.000000 -1.000000
vn -0.023962 -0.000863 0.999713
vn -0.023962 -0.000863 0.999713
vn -0.023962 -0.000863 0.999713
vn -0.000858 -0.000739 0.999999
vn -0.000491 -0.000213 1.000000
vn -0.000610 -0.000382 1.000000
vn -0.000465 -0.000175 1.000000
vn -0.000613 -0.000032 1.000000
vn -0.000622 -0.000022 1.000000
vn -0.000621 -0.000023 1.000000
vn -0.000637 -0.000006 1.000000
vn -0.028317 0.003702 0.999592
vn -0.027234 0.001922 0.999627
vn -0.025691 -0.000615 0.999670
vn -0.024024 -0.003354 0.999706
vn -0.000116 -0.003345 0.999994
vn -0.000222 -0.003130 0.999995
vn -0.000376 -0.002819 0.999996
vn -0.000462 -0.002644 0.999996
vn -0.002873 0.999656 -0.026081
vn -0.005831 0.999606 -0.027450
vn -0.004248 0.999634 -0.026717
vn -0.008648 0.999549 -0.028753
vn 0.000004 0.999635 -0.027016
vn 0.000004 0.999635 -0.027016
vn 0.000004 0.999635 -0.027016
vn 0.000000 1.000000 0.000000
vn 0.000000 1.000000 -0.000000
vn 0.000000 1.000000 -0.000000
vn 0.000000 1.000000 -0.000000
vn 0.000131 1.000000 0.000087
vn 0.000116 1.000000 0.000096
vn 0.000091 1.000000 0.000091
vn 0.000074 1.000000 0.000081
vn 0.000000 1.000000 0.000000
vn -0.000038 1.000000 0.000087
vn -0.000038 1.000000 0.000087
vn -0.000038 1.000000 0.000087
vn -0.000038 1.000000 0.000000
vn -0.000022 1.000000 0.000011
vn -0.000027 1.000000 0.000012
vn -0.000011 1.000000 0.000008
vn 0.000000 1.000000 0.000000
vn 0.000000 1.000000 0.000001
vn 0.000000 1.000000 0.000001
vn 0.000000 1.000000 0.000000
vn 0.000000 1.000000 -0.000000
vn 0.000000 0.000000 1.000000
vn 0.000000 0.000000 1.000000
vn 0.000000 0.000000 1.000000
vn 0.000000 0.000000 1.000000
vn -0.000002 0.000000 1.000000
vn -0.000000 0.000000 1.000000
vn -0.000002 0.000000 1.000000
vn 0.000000 0.000000 1.000000
vn 0.000000 0.000000 1.000000
vn 0.000000 -0.000000 1.000000
vn 0.000002 -0.000000 1.000000
vn 0.000002 -0.000000 1.000000
vn -0.999837 0.017999 0.001144
vn -0.999846 0.000732 -0.017555
vn -0.999825 -0.000327 -0.018702
vn -0.999244 -0.015847 -0.035498
vn -0.000001 0.000000 1.000000
vn -0.000001 0.000000 1.000000
vn -0.000000 0.000000 1.000000
vn -0.000000 0.000000 1.000000
vn -0.000001 0.000000 1.000000
vn 0.000004 0.000000 1.000000
vn -0.000001 0.000000 1.000000
vn 0.000004 0.000000 1.000000
vn 0.208122 0.973526 -0.094514
vn 0.093200 0.983631 -0.154217
vn 0.121312 0.982702 -0.139928
vn -0.000344 0.979727 -0.200336
vn 0.000093 1.000000 -0.000227
vn -0.000004 1.000000 -0.000092
vn 0.000028 1.000000 -0.000137
vn -0.000068 1.000000 -0.000002
vn 0.000182 1.000000 -0.000228
vn 0.000182 1.000000 -0.000228
vn 0.000182 1.000000 -0.000228
vn -0.032322 0.999406 -0.011927
vn -0.003734 0.999932 -0.011055
vn -0.023314 0.999660 -0.011653
vn -0.000012 0.999940 -0.010940
vn -0.073854 0.988865 -0.129200
vn -0.054173 0.991644 -0.117082
vn -0.062534 0.990529 -0.122236
vn 0.000008 0.996509 -0.083489
vn -0.031613 0.996711 -0.074623
vn -0.021949 0.996763 -0.077345
vn -0.003281 0.996579 -0.082578
vn -0.000012 0.996509 -0.083491
vn -0.031621 0.996710 -0.074622
vn -0.002243 0.997480 -0.070919
vn -0.024926 0.996963 -0.073784
vn -0.000011 0.997502 -0.070635
vn -0.058709 0.987124 -0.148791
vn -0.001572 0.984538 -0.175163
vn -0.053381 0.987049 -0.151280
vn 0.000008 0.984411 -0.175882
vn -0.056724 0.973258 -0.222601
vn -0.018781 0.980766 -0.194284
vn -0.019823 0.980590 -0.195067
vn -0.001569 0.983426 -0.181302
vn 0.975120 0.209736 -0.071781
vn 0.975120 0.209736 -0.071781
vn 0.975120 0.209736 -0.071781
vn 0.008862 -0.001492 -0.999960
vn 0.008862 -0.001492 -0.999960
vn 0.008862 -0.001492 -0.999960
vn -0.068212 0.983969 -0.164781
vn -0.002767 0.986841 -0.161670
vn -0.062229 0.984408 -0.164526
vn -0.001338 0.986856 -0.161594
vn 0.000000 1.000000 0.000000
vn 0.000000 1.000000 -0.000000
vn 0.000000 1.000000 -0.000001
vn 0.000000 1.000000 -0.000006
vn -0.000000 1.000000 -0.000001
vn -0.182568 -0.079811 -0.979949
vn -0.127579 -0.110401 -0.985665
vn -0.033245 -0.161224 -0.986358
vn 0.023860 -0.190994 -0.981301
vn 0.016525 -0.096111 -0.995233
vn 0.016525 -0.096111 -0.995233
vn 0.016525 -0.096111 -0.995233
vn 0.016513 -0.096112 -0.995234
vn 0.016513 -0.096112 -0.995234
vn 0.016513 -0.096112 -0.995234
vn 0.017065 -0.107589 -0.994049
vn 0.010720 -0.104982 -0.994416
vn 0.001773 -0.101298 -0.994855
vn -0.006062 -0.098065 -0.995162
vn 0.016891 -0.107615 -0.994049
vn 0.016891 -0.107615 -0.994049
vn 0.016891 -0.107615 -0.994049
vn 0.016891 -0.107616 -0.994049
vn 0.016891 -0.107616 -0.994049
vn 0.016891 -0.107616 -0.994049
vn 0.037580 -0.150647 -0.987873
vn 0.005477 -0.125899 -0.992028
vn 0.001009 -0.122438 -0.992476
vn -0.007635 -0.115732 -0.993251
vn 0.034633 -0.150015 -0.988077
vn 0.034633 -0.150015 -0.988077
vn 0.034633 -0.150015 -0.988077
vn 0.034808 -0.150044 -0.988066
vn 0.034808 -0.150044 -0.988066
vn 0.034808 -0.150044 -0.988066
vn 0.975799 0.218667 0.000127
vn 0.975798 0.218672 0.000167
vn -0.975167 -0.209111 0.072949
vn -0.975337 -0.209658 0.068999
vn 0.034234 -0.114615 -0.992820
vn 0.034234 -0.114615 -0.992820
vn 0.034234 -0.114615 -0.992820
vn 0.031728 -0.115242 -0.992831
vn 0.031728 -0.115242 -0.992831
vn 0.031728 -0.115242 -0.992831
vn -0.110264 -0.164151 -0.980253
vn -0.110264 -0.164151 -0.980253
vn -0.110264 -0.164151 -0.980253
vn 0.999385 -0.035073 0.000389
vn 0.999281 -0.037910 -0.000888
vn 0.999042 -0.043622 -0.003458
vn 0.998880 -0.047049 -0.005001
vn 0.466422 0.884544 -0.005603
vn 0.466423 0.884544 -0.005603
vn 0.466422 0.884544 -0.005603
vn -0.000006 1.000000 0.000058
vn 0.000002 1.000000 0.000048
vn 0.000001 1.000000 0.000049
vn 0.000006 1.000000 0.000043
vn -0.962230 0.271913 -0.013311
vn -0.927184 0.374512 -0.008478
vn -0.961755 0.273592 -0.013235
vn -0.924990 0.379904 -0.008215
vn -0.000001 1.000000 -0.000009
vn 0.000000 1.000000 -0.000007
vn 0.000001 1.000000 -0.000006
vn 0.000001 1.000000 -0.000005
vn -0.537010 -0.151123 -0.829929
vn -0.537010 -0.151123 -0.829929
vn -0.537010 -0.151123 -0.829929
vn -0.000003 1.000000 0.000005
vn -0.000002 1.000000 0.000006
vn -0.000003 1.000000 0.000006
vn -0.000001 1.000000 0.000007
vn -0.963886 0.266313 0.001179
vn -0.963525 0.267616 0.001125
vn -0.955574 0.294752 0.000013
vn -0.955475 0.295071 -0.000000
vn 0.112870 0.993491 -0.015340
vn 0.112870 0.993491 -0.015340
vn 0.112870 0.993491 -0.015340
vn 0.000655 -0.724264 0.689523
vn 0.000655 -0.724264 0.689523
vn 0.000655 -0.724264 0.689523
vn 1.000000 -0.000024 0.000000
vn 1.000000 -0.000017 -0.000016
vn 1.000000 -0.000007 -0.000037
vn 1.000000 0.000000 -0.000052
vn 0.000410 1.000000 0.000384
vn 0.000218 1.000000 0.000611
vn 0.000329 1.000000 0.000480
vn -0.000059 1.000000 0.000939
vn -1.000000 0.000597 0.000158
vn -1.000000 0.000544 0.000217
vn -1.000000 0.000521 0.000217
vn -1.000000 0.000401 0.000186
vn -1.000000 0.000359 0.000173
vn -0.008817 -0.000010 -0.999961
vn -0.005037 -0.003080 -0.999983
vn -0.003847 -0.004046 -0.999984
vn -0.000004 -0.007167 -0.999974
vn 0.999998 -0.000098 0.001787
vn 0.999999 -0.000192 0.001765
vn 0.999998 -0.000607 0.001669
vn 0.999998 -0.000688 0.001650
vn 0.000000 1.000000 0.000000
vn 0.000000 1.000000 0.000000
vn 0.000000 1.000000 0.000000
vn 0.000000 1.000000 -0.000001
vn 0.000000 1.000000 0.000000
vn 0.000000 1.000000 0.000001
vn 0.000000 1.000000 0.000001
vn 0.000000 1.000000 0.000001
vn 0.000000 1.000000 0.000000
vn -0.924989 0.379711 -0.014655
vn -0.933085 0.359407 -0.013385
vn -0.952115 0.305577 -0.010038
vn -0.952357 0.304822 -0.009992
vn 0.000005 -0.993840 0.110826
vn 0.000005 -0.993840 0.110826
vn 0.000005 -0.993840 0.110826
vn 0.999999 0.000535 0.001627
vn 0.999977 0.006748 -0.000570
vn 0.999998 0.001057 0.001480
vn 0.999975 0.007028 -0.000316
vn 0.999953 0.009578 -0.001645
vn -0.999991 -0.004239 -0.000304
vn -0.999991 -0.004299 -0.000024
vn -0.999991 -0.004248 -0.000264
vn -0.999991 -0.004308 0.000020
vn 0.000000 1.000000 -0.000001
vn 0.000000 1.000000 -0.000000
vn 0.000000 1.000000 -0.000000
vn 0.000000 1.000000 0.000000
vn -0.000004 0.000078 1.000000
vn -0.000027 0.000010 1.000000
vn -0.000010 0.000060 1.000000
vn -0.000033 -0.000008 1.000000
vn -0.999841 0.017158 0.004899
vn -0.999867 0.015258 0.005802
vn -0.999898 0.012321 0.007198
vn -0.999912 0.010503 0.008062
vn 0.001052 0.000013 1.000000
vn 0.000267 0.000719 1.000000
vn 0.000139 0.000835 1.000000
vn -0.000001 0.000964 1.000000
vn 0.000000 0.000966 1.000000
vn 0.003269 0.000969 0.999994
vn 0.003337 0.000547 0.999994
vn 0.003277 0.000922 0.999994
vn 0.003342 0.000516 0.999994
vn 0.000005 1.000000 0.000428
vn -0.000137 1.000000 0.000241
vn -0.000191 1.000000 0.000170
vn -0.000325 1.000000 -0.000006
vn -0.290595 0.956845 -0.001301
vn -0.290838 0.956772 -0.000125
vn -0.290633 0.956834 -0.001117
vn -0.290877 0.956760 0.000064
vn -0.023480 0.070484 0.997237
vn -0.023480 0.070484 0.997237
vn -0.023480 0.070484 0.997237
vn -0.290722 0.956387 0.028379
vn -0.291434 0.956238 0.025971
vn -0.297001 0.954852 0.006926
vn -0.298997 0.954254 -0.000003
vn -0.273368 0.961910 0.000059
vn -0.273368 0.961910 0.000059
vn -0.273368 0.961910 0.000059
vn -1.000000 -0.000010 0.000001
vn -1.000000 -0.000011 0.000001
vn -1.000000 -0.000013 0.000001
vn -1.000000 -0.000014 0.000001
vn -0.999994 -0.003357 0.000066
vn -0.999994 -0.003357 0.000066
vn -0.999994 -0.003357 0.000066
vn -1.000000 0.000338 0.000089
vn -1.000000 0.000338 0.000089
vn -1.000000 0.000338 0.000089
vn -0.999998 -0.002050 -0.000806
vn -0.999998 -0.002050 -0.000806
vn -0.999998 -0.002050 -0.000806
vn -1.000000 0.000000 0.000001
vn -1.000000 0.000000 0.000001
vn -1.000000 0.000000 0.000001
vn -1.000000 0.000000 0.000001
vn -0.999816 -0.019161 -0.001110
vn -0.999843 -0.000722 -0.017686
vn -0.999806 0.001445 -0.019633
vn -0.999122 0.020351 -0.036617
vn -0.000015 -0.013127 -0.999914
vn 0.000647 -0.008351 -0.999965
vn 0.006737 0.035571 -0.999345
vn 0.007370 0.040137 -0.999167
vn -0.000003 -0.998175 -0.060383
vn 0.001184 -0.998779 -0.049395
vn 0.000238 -0.998280 -0.058631
vn -0.003984 -0.999876 -0.015210
vn -0.005030 -0.999952 -0.008366
vn -0.044747 0.071173 0.996460
vn -0.034751 0.055914 0.997831
vn -0.032335 0.052226 0.998112
vn 0.000279 0.002434 0.999997
vn -0.999935 0.010387 0.004608
vn -0.999787 0.020545 0.002034
vn -0.997790 0.065777 -0.009435
vn -0.997022 0.076170 -0.012073
vn 0.049493 0.000000 -0.998775
vn 0.049494 0.000000 -0.998775
vn 0.049494 0.000000 -0.998775
vn 0.049495 0.000000 -0.998774
vn 0.002476 0.000000 -0.999997
vn 0.006208 -0.012506 -0.999903
vn 0.003199 -0.002424 -0.999992
vn 0.009372 -0.023108 -0.999689
vn 0.049492 0.000000 -0.998775
vn 0.049493 0.000000 -0.998775
vn 0.049494 0.000000 -0.998774
vn 0.049494 0.000000 -0.998774
vn 0.001182 0.000000 -0.999999
vn 0.001513 -0.000144 -0.999999
vn 0.002104 -0.000401 -0.999998
vn 0.002338 -0.000502 -0.999997
vn 0.000000 0.000000 -1.000000
vn 0.000000 0.000000 -1.000000
vn 0.000000 0.000000 -1.000000
vn 0.000000 0.000000 -1.000000
vn 0.000000 0.000000 -1.000000
vn 0.000000 0.000000 -1.000000
vn 0.000000 0.000000 -1.000000
vn 0.000000 0.000000 -1.000000
vn 0.000000 0.069433 -0.997587
vn -0.007038 0.051404 -0.998653
vn -0.020960 0.015663 -0.999658
vn -0.027049 0.000000 -0.999634
vn -0.029472 0.001590 -0.999564
vn -0.028684 0.001073 -0.999588
vn -0.027998 0.000623 -0.999608
vn -0.027049 0.000000 -0.999634
vn 0.999999 -0.001319 0.000000
vn 0.999999 -0.001318 0.000000
vn 0.999999 -0.001318 0.000000
vn 0.999999 -0.001318 0.000000
vn 0.999801 -0.019971 0.000000
vn 0.999801 -0.019972 0.000000
vn 0.999801 -0.019972 0.000000
vn 0.999801 -0.019972 0.000000
vn -0.109353 -0.002828 0.993999
vn -0.119575 0.002113 0.992823
vn -0.113008 -0.001062 0.993594
vn -0.123681 0.004100 0.992314
vn -0.095896 0.004090 0.995383
vn -0.093943 -0.000894 0.995577
vn -0.093332 -0.002452 0.995632
vn -0.093056 -0.003155 0.995656
vn 0.999530 0.018200 -0.024677
vn 0.999580 0.011822 -0.026475
vn 0.999461 -0.007609 -0.031943
vn 0.999367 -0.012503 -0.033319
vn 0.847262 0.000000 0.531176
vn 0.847256 0.000000 0.531185
vn 0.847262 0.000000 0.531176
vn 0.847256 0.000000 0.531185
vn 0.999987 0.000000 0.005019
vn 0.999987 0.000000 0.005019
vn 0.999987 0.000000 0.005019
vn 0.999987 0.000000 0.005019
vn 0.999750 -0.012049 0.018821
vn 0.999891 -0.003548 0.014337
vn 0.999821 -0.008448 0.016922
vn 0.999922 0.000000 0.012465
vn 0.847260 0.000000 0.531178
vn 0.847253 0.000000 0.531190
vn 0.847260 0.000000 0.531178
vn 0.847252 0.000000 0.531190
vn 0.999987 0.000000 0.005019
vn 0.999987 0.000000 0.005019
vn 0.999987 0.000000 0.005019
vn 0.999987 0.000000 0.005019
vn 0.999828 -0.000687 0.018530
vn 0.999820 -0.000150 0.018986
vn 0.999820 -0.000160 0.018978
vn 0.999817 0.000000 0.019114
vn 0.999807 -0.000684 0.019658
vn 0.999807 -0.000684 0.019658
vn 0.999807 -0.000684 0.019658
vn 0.999828 -0.000694 0.018530
vn 0.999828 -0.000694 0.018530
vn 0.999828 -0.000694 0.018530
vn -0.108399 0.004095 0.994099
vn -0.100205 -0.000496 0.994967
vn -0.104979 0.002178 0.994472
vn -0.095734 -0.002999 0.995402
vn -0.031760 0.001079 0.999495
vn -0.025087 -0.002991 0.999681
vn -0.028326 -0.001016 0.999598
vn -0.023605 -0.003895 0.999714
vn -0.020708 0.000027 0.999786
vn -0.012075 -0.003268 0.999922
vn -0.019134 -0.000573 0.999817
vn -0.009997 -0.004062 0.999942
vn -0.029682 -0.999559 0.000000
vn -0.007603 -0.999958 0.005088
vn 0.077388 -0.996697 0.024642
vn 0.091637 -0.995401 0.027915
vn -0.249342 0.945500 0.209423
vn -0.250210 0.945287 0.209349
vn -0.418905 0.887670 0.191210
vn -0.596131 -0.778623 -0.195893
vn 0.017984 -0.004978 0.999826
vn 0.045240 -0.022551 0.998722
vn 0.033749 -0.015141 0.999316
vn 0.060639 -0.032481 0.997631
vn 0.000000 1.000000 0.000000
vn 0.000000 1.000000 0.000000
vn 0.000000 1.000000 0.000000
vn 0.000000 1.000000 0.000000
vn 0.000001 0.000000 1.000000
vn 0.000000 0.000000 1.000000
vn 0.000000 0.000000 1.000000
vn 0.000000 0.000000 1.000000
vn 1.000000 0.000000 0.000000
vn 1.000000 0.000000 0.000000
vn 1.000000 0.000000 0.000000
vn 1.000000 0.000000 0.000000
vn 1.000000 0.000000 0.000000
vn 1.000000 0.000000 0.000000
vn 1.000000 0.000000 0.000000
vn 1.000000 0.000000 0.000000
vn 0.999990 -0.004484 0.000000
vn 0.999990 -0.004423 0.000083
vn 0.999990 -0.004443 0.000055
vn 0.999990 -0.004384 0.000136
vn 0.086428 0.944838 -0.315929
vn 0.086428 0.944838 -0.315929
vn 0.086428 0.944838 -0.315929
vn -0.659020 0.741285 -0.127239
vn -0.668017 0.740588 -0.072682
vn -0.668023 0.740586 -0.072643
vn -0.672949 0.738831 -0.035624
vn -0.241709 0.957175 -0.159349
vn -0.375483 0.926135 -0.035883
vn -0.401874 0.915642 -0.009876
vn -0.411734 0.911304 -0.000002
vn 0.999987 -0.005129 0.000513
vn 0.999987 -0.005129 0.000513
vn 0.999987 -0.005129 0.000513
vn -0.613195 0.786089 -0.077823
vn -0.613195 0.786089 -0.077823
vn -0.613195 0.786089 -0.077823
vn -0.048955 0.984170 0.170330
vn -0.048955 0.984170 0.170330
vn -0.048955 0.984170 0.170330
vn -0.041629 0.893052 0.448023
vn -0.010640 0.935971 0.351915
vn 0.036431 0.979397 0.198630
vn 0.081225 0.995708 0.044367
vn 0.416331 0.908890 -0.024249
vn 0.263951 0.964420 -0.014980
vn 0.253051 0.967347 -0.014318
vn 0.182561 0.983143 -0.010041
vn 0.008280 -0.032785 0.999428
vn 0.007217 -0.023135 0.999706
vn 0.192479 0.078169 0.978183
vn 0.000001 0.000344 1.000000
vn 0.066898 0.038967 0.996999
vn 0.156973 0.957345 0.242592
vn 0.185827 0.953347 0.237905
vn 0.169778 0.955675 0.240541
vn 0.213985 0.948617 0.233103
vn -0.366927 0.879018 -0.304453
vn 0.073918 0.941763 -0.328051
vn 0.035764 0.943790 -0.328604
vn 0.093953 0.940145 -0.327568
vn -0.459950 0.800986 -0.383234
vn -0.464763 0.865789 -0.185485
vn -0.462630 0.876825 -0.130964
vn -0.459923 0.883639 -0.087479
vn 0.999989 -0.004756 0.000005
vn 0.999989 -0.004670 0.000144
vn 0.999989 -0.004700 0.000096
vn 0.999990 -0.004483 0.000449
vn 0.000000 1.000000 -0.000000
vn 0.000000 1.000000 -0.000000
vn 0.000000 1.000000 -0.000000
vn 0.000000 1.000000 0.000000
vn 0.000001 0.000300 1.000000
vn 0.000000 0.000300 1.000000
vn 0.000000 0.000300 1.000000
vn 0.000000 0.000300 1.000000
vn 0.000000 1.000000 -0.000000
vn 0.000000 1.000000 -0.000000
vn 0.000000 1.000000 -0.000000
vn 0.000000 1.000000 0.000000
vn 0.000000 0.000300 1.000000
vn -0.000162 0.000173 1.000000
vn -0.000220 0.000127 1.000000
vn -0.000382 0.000000 1.000000
vn 0.000000 -0.000001 1.000000
vn 0.000000 -0.000000 1.000000
vn 0.000001 -0.000002 1.000000
vn 0.000009 -0.000004 1.000000
vn 0.000000 0.000000 1.000000
vn 0.000000 -0.000001 1.000000
vn -0.000002 0.000000 1.000000
vn -0.000001 -0.000001 1.000000
vn -0.000001 0.000006 1.000000
vn -0.000003 0.000000 1.000000
vn 0.000000 1.000000 0.000000
vn 0.135429 0.990378 -0.028449
vn 0.130507 0.991135 -0.024902
vn 0.201948 0.978678 -0.037509
vn 0.158059 0.987286 -0.016851
vn 0.154156 0.987937 -0.014695
vn 0.106899 0.985393 -0.132564
vn 0.072118 0.995932 -0.054029
vn 0.079397 0.994354 -0.070398
vn 0.061118 0.997699 -0.029359
vn 0.110044 0.991993 0.061968
vn 0.110044 0.991993 0.061968
vn 0.110044 0.991993 0.061968
vn 0.154156 0.987937 -0.014695
vn 0.154156 0.987937 -0.014695
vn 0.154156 0.987937 -0.014695
vn 0.267654 0.963462 0.010099
vn 0.264115 0.964389 0.014069
vn 0.247647 0.968308 0.032421
vn 0.203338 0.975763 0.080872
vn -0.144089 0.960740 -0.237102
vn -0.009444 0.872308 -0.488865
vn -0.033129 0.893487 -0.447866
vn -0.000796 0.863998 -0.503495
vn 0.096167 0.951126 -0.293449
vn 0.096167 0.951126 -0.293449
vn 0.096167 0.951126 -0.293449
vn -0.087833 0.947621 -0.307084
vn -0.087833 0.947621 -0.307084
vn -0.087833 0.947621 -0.307084
vn 0.137029 0.989049 -0.054826
vn 0.032442 0.996105 -0.081995
vn 0.091066 0.993595 -0.066897
vn -0.065579 0.992148 -0.106500
vn 0.116912 0.993079 0.011193
vn 0.122286 0.992371 0.015674
vn 0.126154 0.991861 0.017225
vn 0.158027 0.986591 0.040815
vn 0.180683 0.982324 0.048926
vn 0.154156 0.987937 -0.014695
vn 0.154156 0.987937 -0.014695
vn 0.154156 0.987937 -0.014695
vn 0.136347 0.982009 -0.130646
vn 0.136347 0.982009 -0.130646
vn 0.136347 0.982009 -0.130646
vn 0.396489 0.917231 -0.038512
vn 0.396489 0.917231 -0.038512
vn 0.396489 0.917231 -0.038512
vn 0.206730 0.877806 -0.432110
vn 0.008186 0.925948 -0.377561
vn -0.003825 0.927532 -0.373724
vn -0.095807 0.934684 -0.342325
vn 0.097288 0.959343 -0.264946
vn 0.097288 0.959343 -0.264946
vn 0.097288 0.959343 -0.264946
vn -0.000740 0.998159 -0.060652
vn 0.111509 0.993705 -0.010767
vn 0.132926 0.991125 -0.001145
vn 0.175658 0.984284 0.018156
vn -0.029226 0.982209 0.185501
vn 0.035645 0.998929 0.029491
vn 0.044238 0.998984 0.008574
vn 0.050728 0.998686 -0.007263
vn -0.087833 0.947621 -0.307084
vn -0.087833 0.947621 -0.307084
vn -0.087833 0.947621 -0.307084
vn 0.169954 0.985184 0.022972
vn 0.169954 0.985184 0.022972
vn 0.169954 0.985184 0.022972
vn 0.088573 0.991933 0.090688
vn 0.153244 0.984294 0.087646
vn 0.116603 0.989145 0.089419
vn 0.195558 0.976964 0.085435
vn 0.084700 0.948331 -0.305769
vn 0.084700 0.948331 -0.305769
vn 0.084700 0.948331 -0.305769
vn -0.094376 0.848845 -0.520150
vn -0.009683 0.917083 -0.398579
vn 0.008016 0.928244 -0.371885
vn 0.064622 0.956783 -0.283531
vn -0.204375 0.964737 -0.165875
vn -0.204375 0.964737 -0.165875
vn -0.204375 0.964737 -0.165875
vn -0.014580 0.999891 0.002144
vn -0.001653 0.999530 0.030600
vn 0.007938 0.998632 0.051691
vn 0.010287 0.998330 0.056854
vn 0.000000 0.000000 1.000000
vn 0.000000 0.000000 1.000000
vn 0.000005 0.000000 1.000000
vn 0.000005 0.000000 1.000000
vn 0.999864 -0.000108 -0.016475
vn 0.999864 -0.000108 -0.016475
vn 0.999864 -0.000108 -0.016475
vn 0.000545 1.000000 -0.000396
vn 0.000154 1.000000 -0.000004
vn 0.000155 1.000000 -0.000005
vn -0.000284 1.000000 0.000436
vn -0.032100 0.999355 -0.016107
vn -0.000873 0.999791 -0.020448
vn -0.029050 0.999441 -0.016532
vn 0.000172 0.999788 -0.020593
vn -0.035581 0.997188 -0.065959
vn -0.020850 0.998622 -0.048160
vn -0.013663 0.999127 -0.039474
vn -0.000284 0.999729 -0.023293
vn 0.543096 -0.005520 -0.839653
vn 0.499235 0.014652 -0.866343
vn 0.228260 0.125549 -0.965471
vn 0.077305 0.179001 -0.980807
vn 0.014628 0.826638 0.562544
vn 0.000702 0.775892 0.630865
vn 0.010114 0.810819 0.585209
vn -0.000067 0.772924 0.634499
vn 0.999934 -0.000350 -0.011469
vn 0.999936 -0.000174 -0.011276
vn 0.999936 -0.000190 -0.011294
vn 0.999939 0.000000 -0.011084
vn 0.007866 0.000000 0.999969
vn 0.007866 0.000000 0.999969
vn 0.007876 0.000000 0.999969
vn 0.007877 0.000000 0.999969
vn 0.999684 -0.009690 -0.023183
vn 0.999930 0.000576 -0.011822
vn 0.999920 -0.000142 -0.012617
vn 0.999929 0.011918 0.000733
vn -0.004172 0.093156 -0.995643
vn 0.107888 0.118301 -0.987099
vn 0.010248 0.096462 -0.995284
vn 0.128659 0.122823 -0.984054
vn -0.999611 0.000000 0.027888
vn -0.999484 -0.003967 0.031871
vn -0.999481 -0.004068 0.031972
vn -0.999338 -0.007652 0.035570
vn -0.001696 0.999999 0.000093
vn -0.002002 0.999998 -0.000192
vn -0.001985 0.999998 -0.000177
vn -0.002290 0.999997 -0.000461
vn -0.461181 0.021714 -0.887041
vn -0.441608 0.018072 -0.897026
vn -0.204929 -0.023718 -0.978490
vn 0.001344 -0.057219 -0.998361
vn -0.084334 0.915106 -0.394296
vn -0.075286 0.939600 -0.333891
vn -0.004617 0.993055 0.117557
vn -0.003354 0.992108 0.125345
vn -0.033417 0.991148 0.128484
vn -0.033417 0.991148 0.128484
vn -0.033417 0.991148 0.128484
vn 0.000000 1.000000 0.000000
vn 0.000000 1.000000 0.000000
vn 0.000000 1.000000 0.000000
vn 0.000000 1.000000 0.000000
vn 0.000000 1.000000 0.000000
vn -0.000004 0.000000 -1.000000
vn -0.000005 0.000000 -1.000000
vn -0.000005 0.000000 -1.000000
vn -0.000005 0.000000 -1.000000
vn 0.000014 0.999635 -0.027017
vn 0.000014 0.999635 -0.027017
vn 0.000014 0.999635 -0.027017
vn 0.099177 0.990553 -0.094701
vn 0.099177 0.990553 -0.094701
vn 0.099177 0.990553 -0.094701
vn -1.000000 0.000000 -0.000003
vn -1.000000 0.000000 -0.000003
vn -1.000000 0.000000 -0.000003
vn -1.000000 -0.000115 0.000078
vn -1.000000 -0.000086 0.000073
vn -1.000000 0.000257 0.000013
vn -1.000000 0.000348 -0.000001
vn -1.000000 0.000354 -0.000004
vn -0.999827 -0.012101 0.014099
vn -0.999827 -0.012101 0.014099
vn -0.999827 -0.012101 0.014099
vn 0.000000 1.000000 0.000000
vn 0.000000 1.000000 0.000000
vn 0.000000 1.000000 0.000000
vn 0.000000 1.000000 0.000000
vn 0.000000 1.000000 0.000000
vn 0.000000 1.000000 0.000007
vn 0.000000 0.000300 1.000000
vn 0.000001 0.000300 1.000000
vn 0.000000 0.000300 1.000000
vn 0.000001 0.000300 1.000000
vn -0.000001 0.000300 1.000000
vn -0.000000 0.000300 1.000000
vn -0.000000 0.000300 1.000000
vn 0.000000 0.000300 1.000000
vn 0.000000 0.000300 1.000000
vn 0.000000 0.000000 1.000000
vn 0.000000 0.000000 1.000000
vn 0.000000 0.000000 1.000000
vn 0.000000 0.000300 1.000000
vn -0.000001 0.000300 1.000000
vn -0.000000 0.000300 1.000000
vn -0.000001 0.000300 1.000000
vn 0.000000 0.000300 1.000000
vn 0.000000 0.000000 1.000000
vn 0.000001 -0.000001 1.000000
vn 0.000000 0.000000 1.000000
vn 0.000000 0.000000 1.000000
vn 0.000001 -0.000002 1.000000
vn 0.000000 -0.000006 1.000000
vn 0.000000 -0.000008 1.000000
vn 0.000000 1.000000 0.000000
vn 0.000000 1.000000 0.000000
vn 0.000000 1.000000 0.000000
vn 0.000000 1.000000 0.000000
vn -0.000032 1.000000 0.000003
vn -0.000031 1.000000 0.000002
vn -0.000030 1.000000 0.000001
vn -0.000029 1.000000 0.000000
vn 0.000000 0.999653 -0.026332
vn -0.000164 0.999649 -0.026515
vn -0.000243 0.999646 -0.026604
vn -0.000308 0.999644 -0.026678
vn -0.023332 0.999498 -0.021446
vn -0.005654 0.999905 -0.012579
vn -0.007764 0.999877 -0.013638
vn -0.000012 0.999953 -0.009749
vn 0.000000 0.000000 1.000000
vn -0.000000 0.000000 1.000000
vn -0.000000 0.000000 1.000000
vn -0.000000 0.000000 1.000000
vn 0.000000 0.000000 1.000000
vn 0.000000 0.000000 1.000000
vn 0.000000 1.000000 0.000000
vn 0.000000 1.000000 0.000000
vn 0.000000 1.000000 0.000000
vn 0.000000 1.000000 0.000000
vn 0.000000 0.000000 -1.000000
vn 0.000000 0.000000 -1.000000
vn 0.000000 0.000000 -1.000000
vn 0.000000 0.000000 -1.000000
vn 0.000000 0.000000 -1.000000
vn 0.000000 0.000000 -1.000000
vn -0.000000 0.000000 -1.000000
vn -0.000000 0.000000 -1.000000
vn -0.000000 0.000000 -1.000000
vn 0.000000 0.000000 -1.000000
vn -0.000029 1.000000 0.000081
vn -0.000049 1.000000 0.000060
vn -0.000060 1.000000 0.000048
vn -0.000106 1.000000 -0.000002
vn 0.000000 0.000000 -1.000000
vn 0.000000 0.000000 -1.000000
vn 0.000000 0.000000 -1.000000
vn 0.000000 0.000000 -1.000000
vn 0.000000 1.000000 -0.000000
vn 0.000000 1.000000 -0.000000
vn 0.000000 1.000000 -0.000000
vn 0.000000 1.000000 0.000000
vn 0.000000 0.000000 1.000000
vn 0.000000 0.000000 1.000000
vn 0.000000 0.000000 1.000000
vn 0.000000 0.000000 1.000000
vn 0.000000 0.000000 1.000000
vn 0.000000 0.000000 1.000000
vn 0.000000 0.000000 1.000000
vn 0.000000 0.000000 1.000000
vn 0.000000 0.000000 1.000000
vn 0.000000 0.000000 -1.000000
vn 0.000000 0.000000 -1.000000
vn 0.000000 0.000000 -1.000000
vn 0.000000 0.000000 1.000000
vn -0.000000 0.000000 1.000000
vn -0.000000 0.000000 1.000000
vn -0.000000 0.000000 1.000000
vn 0.000000 0.000000 1.000000
vn -0.000021 -0.000016 1.000000
vn -0.000031 -0.000023 1.000000
vn -0.000052 -0.000040 1.000000
vn 0.000000 0.000000 1.000000
vn 0.000000 0.000000 1.000000
vn 0.000000 0.000000 1.000000
vn 0.000000 0.000000 1.000000
vn 1.000000 0.000001 0.000000
vn 1.000000 0.000000 0.000000
vn 1.000000 0.000001 0.000000
vn 1.000000 0.000000 0.000000
vn 0.000000 1.000000 -0.000000
vn 0.000000 1.000000 -0.000000
vn 0.000000 1.000000 -0.000000
vn 0.000000 1.000000 0.000000
vn 0.000000 1.000000 0.000000
vn 0.000000 1.000000 0.000000
vn 0.000000 1.000000 0.000000
vn 0.000000 1.000000 0.000000
vn 0.000000 1.000000 0.000000
vn 0.000000 1.000000 0.000000
vn 0.000000 1.000000 0.000000
vn 0.000000 1.000000 0.000000
vn 0.033038 0.009676 -0.999407
vn 0.013327 0.004008 -0.999903
vn 0.029269 0.008580 -0.999535
vn -0.000451 -0.000032 -1.000000
vn 0.000052 0.000070 -1.000000
vn -1.000000 0.000003 -0.000282
vn -1.000000 -0.000003 -0.000283
vn -1.000000 0.000003 -0.000282
vn -1.000000 -0.000015 -0.000285
vn -1.000000 0.000007 -0.000284
vn -1.000000 0.000007 -0.000284
vn -1.000000 0.000007 -0.000284
vn -0.984188 0.166925 0.059240
vn -0.984188 0.166925 0.059240
vn -0.984188 0.166925 0.059240
vn -0.934990 0.316318 0.160430
vn -0.977708 0.209967 0.000563
vn -0.969325 0.241347 0.046481
vn -0.969999 0.033982 -0.240723
vn 0.000000 1.000000 -0.000000
vn 0.000000 1.000000 -0.000000
vn 0.000000 1.000000 -0.000000
vn 0.000000 1.000000 0.000000
vn 0.000000 1.000000 0.000000
vn 0.094706 0.989687 -0.107473
vn 0.094706 0.989687 -0.107473
vn 0.094706 0.989687 -0.107473
vn -1.000000 0.000000 -0.000068
vn -1.000000 0.000000 -0.000068
vn -1.000000 0.000000 -0.000068
vn -1.000000 0.000000 -0.000068
vn 0.114782 0.987232 -0.110441
vn 0.114782 0.987232 -0.110441
vn 0.114782 0.987232 -0.110441
vn 0.004541 0.000000 0.999990
vn 0.000061 0.000148 1.000000
vn 0.004326 0.000007 0.999991
vn 0.000000 0.000150 1.000000
vn 0.000001 1.000000 0.000514
vn 0.000001 1.000000 0.000514
vn 0.000001 1.000000 0.000514
vn -0.000398 1.000000 0.000047
vn 0.000960 1.000000 -0.000188
vn 0.017568 0.999841 -0.003071
vn 0.020128 0.999791 -0.003515
vn 0.005083 0.999976 0.004767
vn 0.003493 0.999982 0.004984
vn -0.022706 0.999706 0.008562
vn -0.030108 0.999501 0.009572
vn 0.000024 0.999767 -0.021608
vn 0.000024 0.999767 -0.021608
vn 0.000024 0.999767 -0.021608
vn 0.000002 1.000000 0.000514
vn 0.000002 1.000000 0.000514
vn 0.000002 1.000000 0.000514
vn 0.000002 1.000000 0.000514
vn -0.002900 0.999763 -0.021582
vn -0.001506 0.999857 -0.016842
vn 0.002510 0.999992 -0.003180
vn 0.003596 0.999993 0.000514
vn -0.503107 0.042816 -0.863163
vn -0.218628 0.168682 -0.961118
vn -0.488076 0.050239 -0.871354
vn 0.028285 0.257378 -0.965897
vn -1.000000 -0.000443 0.000246
vn -1.000000 0.000264 0.000516
vn -1.000000 -0.000213 0.000334
vn -1.000000 0.000395 0.000566
vn 0.999891 0.014431 0.003135
vn 0.999927 0.010916 0.005230
vn 0.999919 0.011810 0.004698
vn 0.999934 0.009904 0.005834
vn -0.000002 -0.000000 1.000000
vn -0.000001 -0.000000 1.000000
vn -0.000001 -0.000000 1.000000
vn -0.000000 -0.000000 1.000000
vn -0.032754 0.028732 0.999050
vn -0.012129 0.010639 0.999870
vn -0.016497 0.014471 0.999759
vn -0.000001 0.000000 1.000000
vn 0.000001 -0.000002 1.000000
vn 0.000002 -0.000001 1.000000
vn 0.000002 -0.000001 1.000000
vn 0.000003 0.000000 1.000000
vn -0.000001 0.000000 1.000000
vn -0.000000 0.000000 1.000000
vn -0.000001 0.000000 1.000000
vn 0.000000 0.000000 1.000000
vn 0.000000 -0.000000 -1.000000
vn 0.000000 -0.000000 -1.000000
vn 0.000000 -0.000000 -1.000000
vn 0.000000 0.000000 -1.000000
vn -0.000006 1.000000 0.000000
vn -0.000000 1.000000 -0.000002
vn -0.000001 1.000000 -0.000003
vn 0.000001 1.000000 -0.000002
vn 0.000002 1.000000 -0.000001
vn 0.000000 1.000000 0.000000
vn 0.000001 1.000000 -0.000000
vn 0.000001 1.000000 0.000001
vn 0.000006 1.000000 0.000004
vn 0.000004 1.000000 -0.000001
vn 0.000000 1.000000 0.000000
vn 0.000000 1.000000 0.000000
vn 0.000001 0.000000 -1.000000
vn 0.000001 0.000000 -1.000000
vn 0.000000 0.000000 -1.000000
vn 0.000000 0.000000 -1.000000
vn -0.000001 -0.000000 -1.000000
vn -0.000001 -0.000000 -1.000000
vn -0.000000 -0.000000 -1.000000
vn 0.000000 0.000000 -1.000000
vn 0.000526 0.999919 -0.012715
vn 0.000526 0.999919 -0.012715
vn 0.000526 0.999919 -0.012715
vn 0.999336 -0.027262 -0.024156
vn 0.999232 -0.033047 -0.021051
vn 0.999269 -0.031238 -0.022022
vn 0.999186 -0.035037 -0.019982
vn -0.014578 0.999891 0.002134
vn -0.021726 0.999763 0.001549
vn -0.014961 0.999886 0.002103
vn -0.022032 0.999756 0.001524
vn 0.000000 0.000000 1.000000
vn 0.000000 0.000001 1.000000
vn 0.000000 0.000000 1.000000
vn 0.000000 0.000002 1.000000
vn 0.000002 0.000001 1.000000
vn 0.000000 0.000000 1.000000
vn 0.000001 0.000001 1.000000
vn 0.000000 0.000000 1.000000
vn 0.000000 1.000000 -0.000000
vn 0.000000 1.000000 0.000000
vn 0.000000 1.000000 0.000000
vn 0.000000 1.000000 0.000000
vn 0.000000 1.000000 0.000000
vn 0.000000 1.000000 0.000000
vn 0.000000 1.000000 0.000000
vn 0.000000 1.000000 0.000000
vn 0.000000 0.000000 1.000000
vn -0.000000 0.000000 1.000000
vn -0.000001 0.000000 1.000000
vn -0.000001 0.000000 1.000000
vn -0.000003 0.000000 1.000000
vn -0.000000 -0.000001 1.000000
vn -0.000000 -0.000001 1.000000
vn 0.000000 -0.000001 1.000000
vn 0.000000 0.000000 1.000000
vn 0.000000 0.000000 1.000000
vn 0.000000 0.000000 1.000000
vn 0.000000 0.000000 1.000000
vn 0.000000 0.000000 1.000000
vn 0.000000 0.000000 1.000000
vn 0.000000 0.000000 1.000000
vn 0.000000 0.000000 1.000000
vn 0.002439 0.999992 -0.003071
vn 0.002439 0.999992 -0.003071
vn 0.002439 0.999992 -0.003071
vn -0.999998 0.001371 -0.001535
vn -0.999998 0.001582 -0.001153
vn -0.999998 0.001890 -0.000596
vn -0.999998 0.002158 -0.000113
vn -0.201562 0.979476 -0.000023
vn -0.151922 0.982286 -0.109697
vn -0.177776 0.982622 -0.053384
vn -0.113426 0.975105 -0.190540
vn -0.053131 0.984871 -0.164945
vn -0.036970 0.985033 -0.168353
vn -0.004253 0.984541 -0.175106
vn 0.000000 0.984396 -0.175969
vn -1.000000 0.000003 -0.000106
vn -1.000000 0.000098 -0.000070
vn -1.000000 0.000002 -0.000106
vn -1.000000 0.000040 -0.000090
vn -1.000000 0.000290 0.000000
vn -0.000000 -0.000001 1.000000
vn -0.000000 -0.000001 1.000000
vn -0.000000 -0.000001 1.000000
vn 0.000000 -0.000001 1.000000
vn 0.183129 -0.235079 0.954569
vn 0.254789 -0.122534 0.959202
vn 0.239798 -0.146863 0.959650
vn 0.326263 0.000000 0.945279
vn -0.000001 0.000000 1.000000
vn 0.000003 0.000000 1.000000
vn -0.000000 0.000000 1.000000
vn 0.000004 0.000000 1.000000
vn 0.002893 0.999864 -0.016236
vn 0.002893 0.999864 -0.016236
vn 0.002893 0.999864 -0.016236
vn -0.000000 0.999879 -0.015588
vn -0.000000 0.999879 -0.015588
vn -0.000000 0.999879 -0.015588
vn 0.059467 0.998226 0.002943
vn 0.057607 0.998335 0.003099
vn -0.010755 0.999904 0.008794
vn -0.017261 0.999807 0.009334
vn -0.997401 -0.069620 0.018538
vn -0.998955 -0.045545 0.003862
vn -0.999639 -0.025563 -0.008304
vn -0.999731 -0.001128 -0.023163
vn 0.046986 -0.000000 0.998896
vn 0.044435 0.010330 0.998959
vn 0.025855 0.084734 0.996068
vn 0.000080 0.186470 0.982461
vn -0.000112 0.186807 0.982397
vn 0.000000 0.000000 1.000000
vn 0.000000 -0.000000 1.000000
vn 0.000000 0.000000 1.000000
vn 0.000000 -0.000000 1.000000
vn 0.000001 -0.000001 1.000000
vn 0.000000 0.000000 1.000000
vn -0.000000 0.000000 1.000000
vn -0.000000 0.000000 1.000000
vn -0.000001 0.000000 1.000000
vn 0.000001 0.000000 1.000000
vn 0.000001 0.000000 1.000000
vn 0.000001 0.000000 1.000000
vn -0.256737 0.179568 0.949653
vn -0.256737 0.179568 0.949653
vn -0.256737 0.179568 0.949653
vn -0.000002 0.000000 1.000000
vn -0.000002 0.000000 1.000000
vn -0.000002 0.000000 1.000000
vn -0.254659 0.084936 0.963294
vn -0.235576 0.091855 0.967505
vn -0.339588 0.012396 0.940493
vn -0.246129 0.071672 0.966583
vn -0.388189 -0.026167 0.921208
vn 0.063821 0.088249 0.994052
vn 0.063821 0.088249 0.994052
vn 0.063821 0.088249 0.994052
vn 0.006116 0.993675 0.112127
vn -0.273148 0.957708 -0.090473
vn -0.273148 0.957708 -0.090473
vn -0.273148 0.957708 -0.090473
vn -0.049061 0.990718 0.126774
vn -0.068735 0.955723 0.286127
vn -0.071734 0.947667 0.311098
vn -0.098839 0.830683 0.547902
vn -0.124339 0.103069 -0.986872
vn -0.093724 0.152713 -0.983816
vn -0.068522 0.192809 -0.978841
vn -0.048289 0.224510 -0.973275
vn -0.688977 0.233973 -0.685980
vn -0.688977 0.233973 -0.685980
vn -0.688977 0.233973 -0.685980
vn 0.057106 0.996478 0.061398
vn 0.045574 0.997493 0.054131
vn -0.389605 -0.915680 -0.098681
vn -0.389605 -0.915680 -0.098681
vn -0.389605 -0.915680 -0.098680
vn 1.000000 0.000000 0.000000
vn 1.000000 0.000000 0.000000
vn 1.000000 0.000000 0.000000
vn 1.000000 0.000000 0.000000
vn 0.999991 -0.004377 0.000000
vn 0.999990 -0.004379 0.000004
vn 0.999990 -0.004382 0.000013
vn 0.999990 -0.004384 0.000017
vn 0.000057 -0.002730 0.999996
vn -0.000222 -0.002149 0.999998
vn -0.000643 -0.001274 0.999999
vn -0.000922 -0.000693 0.999999
vn -0.000127 -0.004506 0.999990
vn -0.000152 -0.004346 0.999991
vn -0.000377 -0.002910 0.999996
vn -0.000405 -0.002730 0.999996
vn -0.000002 1.000000 0.000003
vn -0.000002 1.000000 0.000003
vn -0.000001 1.000000 0.000002
vn -0.000001 1.000000 0.000002
vn 0.000000 1.000000 0.000000
vn -0.000007 -0.000000 1.000000
vn -0.000005 -0.000003 1.000000
vn -0.000003 -0.000004 1.000000
vn -0.000002 -0.000004 1.000000
vn 0.000000 -0.000001 1.000000
vn 1.000000 0.000002 -0.000002
vn 1.000000 -0.000002 -0.000001
vn 1.000000 0.000001 -0.000002
vn 1.000000 -0.000003 -0.000001
vn -1.000000 -0.000160 0.000304
vn -1.000000 -0.000249 0.000126
vn -1.000000 -0.000278 0.000067
vn -1.000000 -0.000309 0.000004
vn -0.000085 1.000000 -0.000001
vn -0.000083 1.000000 -0.000007
vn -0.000085 1.000000 -0.000002
vn -0.000083 1.000000 -0.000009
vn 0.000392 0.368003 -0.929824
vn -0.005106 0.337491 -0.941315
vn -0.042081 0.121741 -0.991670
vn -0.046687 0.093521 -0.994522
vn 0.000000 1.000000 -0.000001
vn 0.000000 1.000000 -0.000000
vn 0.000000 1.000000 -0.000000
vn 0.000000 1.000000 -0.000000
vn 0.000000 1.000000 0.000000
vn 0.000018 0.001225 -0.999999
vn 0.000128 0.000061 -1.000000
vn 0.000028 0.001120 -0.999999
vn 0.000134 0.000000 -1.000000
vn -0.019177 -0.942378 -0.334000
vn -0.019177 -0.942378 -0.334000
vn -0.019177 -0.942378 -0.334000
vn -0.174072 -0.022467 -0.984477
vn -0.170881 -0.016479 -0.985154
vn -0.165614 -0.006627 -0.986168
vn -0.162745 -0.001277 -0.986667
vn 0.188326 0.727014 0.660290
vn 0.188326 0.727014 0.660290
vn 0.188326 0.727014 0.660290
vn 0.097326 0.369769 0.924012
vn 0.097326 0.369769 0.924012
vn 0.097326 0.369769 0.924012
vn 0.117419 0.917451 0.380127
vn 0.270814 0.734446 0.622293
vn 0.285408 0.709793 0.644000
vn 0.299365 0.684721 0.664483
vn 0.807571 0.578624 0.114119
vn 0.682018 0.728047 0.069275
vn 0.798249 0.592102 0.110520
vn 0.453622 0.891195 0.000000
vn -0.042242 0.939895 0.338842
vn -0.042242 0.939895 0.338842
vn -0.042242 0.939895 0.338842
vn 0.000001 1.000000 -0.000001
vn -0.000001 1.000000 0.000001
vn -0.000001 1.000000 0.000001
vn -0.000002 1.000000 0.000002
vn -1.000000 -0.000153 0.000144
vn -1.000000 -0.000071 0.000109
vn -1.000000 0.000081 0.000045
vn -1.000000 0.000180 0.000003
vn -0.364275 -0.930077 -0.047535
vn -0.364275 -0.930077 -0.047535
vn -0.364275 -0.930077 -0.047535
vn 0.000000 1.000000 0.000000
vn 0.000000 1.000000 0.000000
vn 0.000000 1.000000 0.000000
vn 0.000000 1.000000 0.000000
vn 0.000198 1.000000 0.000489
vn 0.000152 1.000000 0.000507
vn 0.000048 1.000000 0.000548
vn -0.000000 1.000000 0.000566
vn -0.042626 -0.003193 0.999086
vn -0.042606 -0.003189 0.999087
vn -0.042473 -0.003159 0.999093
vn -0.042447 -0.003154 0.999094
vn 0.999365 -0.033760 0.011392
vn 0.999239 -0.037670 0.010091
vn 0.998779 -0.049002 0.006318
vn 0.998587 -0.052912 0.005016
vn -0.033557 -0.037590 0.998730
vn -0.019564 -0.021983 0.999567
vn -0.019878 -0.022334 0.999553
vn -0.000358 -0.000561 1.000000
vn 0.000000 1.000000 0.000000
vn 0.000000 1.000000 -0.000000
vn 0.000000 1.000000 -0.000000
vn 0.000000 1.000000 -0.000000
vn -1.000000 -0.000083 -0.000323
vn -1.000000 -0.000073 -0.000284
vn -1.000000 -0.000014 -0.000057
vn -1.000000 0.000000 0.000000
vn -1.000000 0.000000 0.000000
vn -1.000000 0.000000 0.000000
vn -1.000000 0.000000 0.000000
vn -1.000000 0.000000 0.000000
vn -1.000000 0.000000 0.000000
vn -1.000000 0.000000 0.000000
vn -1.000000 0.000000 0.000000
vn -1.000000 0.000000 0.000000
vn -1.000000 0.000315 0.000086
vn -1.000000 0.000959 0.000366
vn -1.000000 0.000442 0.000142
vn -0.999999 0.001184 0.000464
vn -1.000000 0.000000 0.000067
vn -1.000000 0.000063 0.000014
vn -1.000000 0.000061 0.000016
vn -1.000000 0.000101 -0.000018
vn -0.000002 0.000171 1.000000
vn -0.000000 0.000172 1.000000
vn -0.000001 0.000172 1.000000
vn 0.000000 0.000173 1.000000
vn 1.000000 0.000003 0.000007
vn 1.000000 0.000002 0.000005
vn 1.000000 0.000001 0.000005
vn 1.000000 0.000000 0.000003
vn 0.000000 1.000000 0.000000
vn 0.000000 1.000000 0.000000
vn 0.000000 1.000000 0.000000
vn 0.999970 -0.007706 -0.000139
vn 0.999971 -0.007673 -0.000246
vn 0.999971 -0.007564 -0.000593
vn 0.999971 -0.007530 -0.000702
vn 0.000000 0.000000 -1.000000
vn 0.000000 -0.000000 -1.000000
vn 0.000000 -0.000000 -1.000000
vn 0.000000 -0.000000 -1.000000
vn 0.000000 0.000000 -1.000000
vn 0.000000 0.000000 -1.000000
vn 0.000000 0.000000 -1.000000
vn 0.000000 0.000000 -1.000000
vn 0.000000 1.000000 0.000000
vn 0.000000 1.000000 -0.000000
vn 0.000000 1.000000 -0.000000
vn 0.000000 1.000000 -0.000000
vn 0.999315 -0.033756 0.015144
vn 0.999520 -0.029009 0.010856
vn 0.999498 -0.029586 0.011377
vn 0.999666 -0.024840 0.007090
vn 0.000199 1.000000 0.000689
vn 0.000078 1.000000 0.000560
vn 0.000074 1.000000 0.000555
vn -0.000031 1.000000 0.000443
vn -1.000000 0.000000 0.000362
vn -1.000000 0.000000 0.000362
vn -1.000000 0.000000 0.000362
vn 0.000009 -0.006383 0.999980
vn 0.005446 -0.005477 0.999970
vn 0.024214 -0.002349 0.999704
vn 0.026009 -0.002050 0.999660
vn 0.000000 1.000000 0.000000
vn 0.000000 1.000000 0.000000
vn 0.000000 1.000000 0.000000
vn 0.000000 1.000000 0.000000
vn 0.000000 1.000000 -0.000000
vn 0.000000 1.000000 -0.000000
vn 0.000000 1.000000 -0.000000
vn 0.000000 1.000000 0.000000
vn 0.000161 1.000000 0.000120
vn 0.000067 1.000000 0.000050
vn 0.000097 1.000000 0.000072
vn 0.000000 1.000000 -0.000000
vn 0.000166 1.000000 -0.000158
vn 0.000096 1.000000 -0.000091
vn 0.000127 1.000000 -0.000122
vn 0.000000 1.000000 -0.000001
vn 0.010948 0.999872 0.011687
vn 0.010948 0.999872 0.011687
vn 0.010948 0.999872 0.011687
vn 0.999921 0.000029 -0.012605
vn 0.998399 -0.056484 -0.003149
vn 0.999911 -0.008856 -0.009969
vn 0.988047 -0.151330 0.029377
vn 0.996850 -0.079314 -0.000009
vn -0.000002 -0.000000 1.000000
vn -0.000002 -0.000000 1.000000
vn -0.000002 -0.000000 1.000000
vn 0.000000 0.000000 1.000000
vn 0.000000 0.000000 1.000000
vn 0.000000 0.000000 1.000000
vn 0.000000 0.000000 1.000000
vn 0.000000 1.000000 0.000000
vn 0.000000 1.000000 0.000000
vn 0.000000 1.000000 0.000000
vn 0.000000 1.000000 0.000000
vn 0.000000 1.000000 -0.000000
vn 0.000000 1.000000 -0.000000
vn 0.000000 1.000000 -0.000000
vn 0.000000 1.000000 0.000000
vn 0.000000 1.000000 0.000000
vn 0.000000 1.000000 0.000000
vn 0.000000 1.000000 0.000000
vn 0.000000 1.000000 0.000000
vn 0.000000 0.000000 1.000000
vn 0.000000 0.000000 1.000000
vn 0.000000 0.000000 1.000000
vn 0.000000 0.000000 1.000000
vn 0.000000 1.000000 -0.000000
vn 0.000000 1.000000 -0.000000
vn 0.000000 1.000000 -0.000000
vn 0.000000 1.000000 -0.000000
vn 0.000000 1.000000 0.000000
vn 0.000000 1.000000 0.000000
vn 0.000000 1.000000 0.000000
vn 0.000000 1.000000 0.000000
vn 0.999705 0.000488 0.024275
vn 0.999705 0.000475 0.024275
vn 0.999705 0.000475 0.024275
vn 0.999705 0.000475 0.024275
vn 0.033219 -0.984774 0.170635
vn 0.221797 -0.974936 0.017491
vn 0.191968 -0.980480 0.042514
vn 0.232621 -0.972532 0.008333
vn 0.000000 -0.000001 1.000000
vn 0.000000 -0.000001 1.000000
vn 0.000000 -0.000001 1.000000
vn 0.000000 -0.000000 1.000000
vn 0.000005 0.000003 1.000000
vn 0.000004 0.000002 1.000000
vn 0.000004 0.000002 1.000000
vn 0.000000 0.000001 1.000000
vn 0.000000 0.000001 1.000000
vn 0.999992 -0.001355 -0.003691
vn 0.999996 0.000329 -0.002633
vn 0.999997 0.001675 -0.001787
vn 0.999994 0.003394 -0.000707
vn 0.000000 0.000000 1.000000
vn 0.000016 0.000012 1.000000
vn -0.000000 0.000000 1.000000
vn 0.000012 0.000009 1.000000
vn 0.000080 0.000061 1.000000
vn 0.000012 0.000000 1.000000
vn 0.000012 0.000000 1.000000
vn 0.000012 0.000000 1.000000
vn 0.000013 0.000000 1.000000
vn 0.970579 0.000000 -0.240784
vn 0.970579 0.000000 -0.240784
vn 0.970579 0.000000 -0.240784
vn -0.864588 -0.086201 -0.495032
vn -0.864588 -0.086201 -0.495032
vn -0.864588 -0.086201 -0.495032
vn 0.475670 0.879566 -0.010078
vn 0.938732 0.344620 0.004476
vn 0.488399 0.872565 -0.009813
vn 0.940579 0.339543 0.004586
vn 0.957171 -0.044269 -0.286117
vn 0.957171 -0.044269 -0.286117
vn 0.957171 -0.044269 -0.286117
vn 0.999920 -0.000247 -0.012620
vn 0.999263 -0.038278 -0.002894
vn 0.999920 -0.000248 -0.012620
vn 0.998890 -0.047102 -0.000634
vn 0.999125 -0.041770 -0.002000
vn -0.001069 0.999895 -0.014444
vn -0.001069 0.999895 -0.014444
vn -0.001069 0.999895 -0.014444
vn -0.000714 0.999918 -0.012816
vn -0.000212 0.999902 -0.014035
vn -0.000559 0.999913 -0.013194
vn -0.000036 0.999895 -0.014461
vn 0.000007 -0.000001 1.000000
vn 0.000008 0.000001 1.000000
vn 0.000009 0.000001 1.000000
vn 0.000010 0.000002 1.000000
vn 0.999705 0.000448 0.024274
vn 0.999705 0.000448 0.024274
vn 0.999705 0.000448 0.024274
vn 0.940096 -0.042476 -0.338253
vn 0.949129 -0.069145 -0.307202
vn 0.947240 -0.063148 -0.314243
vn 0.956559 -0.095952 -0.275296
vn 0.202384 0.029248 0.978869
vn 0.156188 -0.002579 0.987724
vn 0.133966 -0.017764 0.990827
vn 0.022481 -0.092758 0.995435
vn 0.960395 -0.019260 0.277976
vn 0.960395 -0.019260 0.277976
vn 0.960395 -0.019260 0.277976
vn 0.955286 -0.036962 -0.293363
vn 0.955286 -0.036962 -0.293363
vn 0.955286 -0.036962 -0.293363
vn 0.120207 -0.992668 -0.012653
vn 0.120207 -0.992668 -0.012653
vn 0.120207 -0.992668 -0.012653
vn 0.011419 0.976035 0.217314
vn 0.003662 0.966418 0.256950
vn 0.010654 0.975160 0.221248
vn 0.002932 0.965428 0.260655
vn 0.960395 -0.019259 0.277975
vn 0.896492 0.000930 0.443058
vn 0.957970 -0.018282 0.286285
vn 0.889206 0.002781 0.457499
vn 0.001878 -0.001677 0.999997
vn -0.000759 -0.003500 0.999994
vn -0.003208 -0.005193 0.999981
vn -0.006544 -0.007499 0.999950
vn -0.119072 0.983665 0.134999
vn -0.119072 0.983665 0.134999
vn -0.119072 0.983665 0.134999
vn -0.196487 -0.009278 0.980463
vn -0.118099 0.033352 0.992442
vn -0.007614 0.092123 0.995718
vn 0.049680 0.122009 0.991285
vn 0.049684 0.122009 0.991285
vn 0.049684 0.122009 0.991285
vn 0.049684 0.122009 0.991285
vn -0.036657 0.000244 0.999328
vn -0.036657 0.000244 0.999328
vn -0.036657 0.000244 0.999328
vn -0.024416 -0.002034 0.999700
vn -0.025508 -0.000944 0.999674
vn -0.025193 -0.001258 0.999682
vn -0.026415 -0.000038 0.999651
vn 0.339343 -0.010705 0.940602
vn 0.339343 -0.010705 0.940602
vn 0.339343 -0.010705 0.940602
vn -0.999441 -0.011686 0.031332
vn -0.999518 -0.005349 0.030580
vn -0.993312 0.114325 0.016157
vn -0.952030 0.305902 -0.007870
vn -0.998878 -0.013833 0.045292
vn -0.998878 -0.013833 0.045292
vn -0.998878 -0.013833 0.045292
vn -0.013471 0.999221 -0.037108
vn -0.006597 0.999459 -0.032209
vn -0.008649 0.999396 -0.033671
vn -0.002454 0.999569 -0.029256
vn 0.999855 0.016528 -0.004144
vn 0.999855 0.016528 -0.004144
vn 0.999855 0.016528 -0.004144
vn 0.958672 -0.015716 0.284080
vn 0.958672 -0.015716 0.284080
vn 0.958672 -0.015716 0.284079
vn -0.000001 0.000004 1.000000
vn -0.000000 0.000004 1.000000
vn -0.000000 0.000004 1.000000
vn 0.000000 0.000005 1.000000
vn 0.428352 0.903572 -0.008547
vn 0.435993 0.899944 -0.003188
vn 0.432663 0.901539 -0.005527
vn 0.440525 0.897741 0.000005
vn 0.000000 1.000000 0.000000
vn 0.000010 1.000000 0.000001
vn 0.000003 1.000000 0.000002
vn 0.000011 1.000000 0.000002
vn 0.000024 1.000000 -0.000000
vn 0.000000 1.000000 0.000006
vn -0.000001 -0.000000 -1.000000
vn -0.000000 -0.000000 -1.000000
vn 0.000000 -0.000000 -1.000000
vn 0.000000 -0.000000 -1.000000
vn 0.999174 -0.037198 0.016359
vn 0.998787 -0.048111 0.010532
vn 0.998100 -0.061518 0.003365
vn 0.997766 -0.066806 0.000537
vn 0.126378 0.984646 0.120418
vn 0.299719 0.946325 0.120986
vn 0.983384 -0.181385 0.007491
vn 0.983169 -0.182551 0.007347
vn 0.809657 -0.257413 0.527442
vn 0.809657 -0.257413 0.527442
vn 0.809657 -0.257413 0.527442
vn 0.949862 0.008166 0.312564
vn 0.949056 0.008007 0.315005
vn 0.922224 0.003252 0.386643
vn 0.920556 0.002984 0.390600
vn 1.000000 0.000004 0.000529
vn 1.000000 0.000004 0.000529
vn 1.000000 0.000004 0.000529
vn 0.998364 -0.050023 0.027709
vn 0.998364 -0.050023 0.027709
vn 0.998364 -0.050023 0.027709
vn 0.997983 -0.063479 0.000614
vn 0.997983 -0.063479 0.000614
vn 0.997983 -0.063479 0.000614
vn 1.000000 -0.000196 0.000595
vn 1.000000 -0.000196 0.000595
vn 1.000000 -0.000196 0.000595
vn 0.999182 0.012628 -0.038411
vn 0.999182 0.012628 -0.038411
vn 0.999182 0.012628 -0.038411
vn 0.998847 0.011941 -0.046497
vn 0.998847 0.011941 -0.046497
vn 0.998847 0.011941 -0.046497
vn 0.992119 0.109221 0.061409
vn 0.992119 0.109221 0.061409
vn 0.992119 0.109221 0.061409
vn 0.992333 0.111937 0.052395
vn 0.992333 0.111937 0.052395
vn 0.992333 0.111937 0.052395
vn 0.998073 0.062005 -0.002369
vn 0.998073 0.062005 -0.002369
vn 0.998073 0.062005 -0.002369
f 144/169/1 147/171/2 145/168/3
f 145/168/3 147/171/2 146/170/4
f 144/169/5 119/145/6 147/171/7
f 119/145/6 148/172/8 147/171/7
f 148/172/9 149/173/10 147/171/11
f 147/171/11 149/173/10 146/170/12
f 184/53/13 50/54/14 171/55/15
f 171/55/15 50/54/14 170/52/16
f 151/175/17 150/174/18 149/173/19
f 149/173/19 150/174/18 146/170/20
f 50/54/21 184/53/22 258/57/23
f 258/57/23 184/53/22 201/58/24
f 377/205/25 376/56/26 173/59/27
f 173/59/27 376/56/26 86/103/28
f 376/56/26 54/60/29 86/103/28
f 50/54/30 258/57/31 170/52/32
f 258/57/31 51/737/33 170/52/32
f 170/52/32 51/737/33 172/206/34
f 133/156/35 135/159/36 131/155/37
f 131/155/37 135/159/36 134/158/38
f 20/21/39 260/271/40 76/88/41
f 76/88/41 260/271/40 177/215/42
f 206/191/43 24/26/44 31/33/45
f 31/33/45 24/26/44 30/32/46
f 24/26/44 28/30/47 30/32/46
f 30/32/48 28/30/49 27/27/50
f 253/265/51 223/62/52 254/264/53
f 254/264/53 223/62/52 221/232/54
f 254/264/55 220/199/56 253/265/57
f 253/265/57 220/199/56 219/61/58
f 253/265/59 219/61/60 252/266/61
f 252/266/61 219/61/60 169/220/62
f 223/62/63 253/265/64 255/267/65
f 255/267/65 253/265/64 252/266/66
f 131/155/67 134/158/68 209/192/69
f 209/192/69 134/158/68 125/149/70
f 209/192/71 125/149/72 259/270/73
f 259/270/73 125/149/72 68/83/74
f 131/155/75 209/192/76 73/79/77
f 181/213/78 182/214/79 20/21/80
f 20/21/80 182/214/79 260/271/81
f 181/216/82 20/21/83 79/91/84
f 79/91/84 20/21/83 77/89/85
f 182/279/86 181/280/87 158/278/88
f 158/278/88 181/280/87 79/281/89
f 106/129/90 264/276/91 45/48/92
f 28/30/93 25/29/94 27/27/95
f 27/27/95 25/29/94 26/28/96
f 277/316/97 278/317/98 92/110/99
f 92/110/99 278/317/98 211/96/100
f 277/316/101 92/110/102 275/314/103
f 275/314/103 92/110/102 84/97/104
f 276/315/105 275/314/106 84/97/107
f 275/314/108 276/315/109 195/98/110
f 195/98/110 276/315/109 193/207/111
f 275/314/112 195/98/113 277/316/114
f 277/316/114 195/98/113 196/111/115
f 278/317/116 277/316/117 212/195/118
f 212/195/118 277/316/117 196/111/119
f 223/62/120 255/267/121 32/34/122
f 32/34/122 255/267/121 168/221/123
f 279/318/124 49/231/125 282/321/126
f 282/321/127 49/231/128 280/319/129
f 49/231/130 58/229/131 53/230/132
f 49/231/133 281/320/134 58/229/135
f 49/231/136 279/318/137 281/320/138
f 287/339/139 288/340/140 218/35/141
f 218/35/141 288/340/140 64/75/142
f 282/321/143 218/233/144 279/318/145
f 64/75/146 279/318/147 218/233/148
f 218/233/149 280/319/150 32/234/151
f 218/233/152 282/321/153 280/319/154
f 288/340/155 287/339/156 63/74/157
f 63/74/157 287/339/156 187/73/158
f 94/113/159 93/112/160 213/193/161
f 213/193/161 93/112/160 214/194/162
f 93/112/163 94/113/164 90/108/165
f 90/108/165 94/113/164 95/114/166
f 198/219/167 95/114/168 212/84/169
f 95/114/168 94/113/170 212/84/169
f 213/193/171 212/84/169 94/113/170
f 198/346/172 96/347/173 95/345/174
f 95/345/174 96/347/173 90/348/175
f 211/350/176 278/353/177 214/351/178
f 214/351/178 278/353/177 213/354/179
f 212/355/180 213/354/181 278/353/182
f 285/332/183 283/330/184 56/323/185
f 187/326/186 285/332/183 63/327/187
f 63/327/187 285/332/183 56/323/185
f 55/63/188 287/339/189 33/36/190
f 33/36/190 287/339/189 218/35/191
f 287/339/192 55/63/193 187/73/194
f 84/97/195 60/70/196 61/71/197
f 189/187/198 61/71/199 60/70/200
f 257/269/201 256/268/202 55/63/203
f 256/268/202 82/93/204 55/63/203
f 55/63/203 82/93/204 227/237/205
f 226/236/206 227/237/205 82/93/204
f 328/448/207 62/68/208 189/187/209
f 189/187/209 62/68/208 61/71/210
f 187/341/211 55/342/212 285/329/213
f 285/329/213 55/342/212 227/328/214
f 285/329/213 227/328/214 283/343/215
f 283/343/215 227/328/214 189/344/216
f 189/187/217 227/237/218 328/448/219
f 328/448/219 227/237/218 226/236/220
f 259/370/221 68/371/222 334/373/223
f 334/373/223 68/371/222 330/372/224
f 274/308/225 273/309/226 85/99/227
f 273/309/228 276/315/229 85/99/230
f 85/99/230 276/315/229 84/97/231
f 273/309/232 194/101/233 276/315/234
f 276/315/234 194/101/233 193/207/235
f 272/307/236 274/308/237 62/68/238
f 62/68/238 274/308/237 85/99/239
f 62/68/240 85/99/241 61/71/242
f 61/71/242 85/99/241 84/97/243
f 330/485/244 193/486/245 334/484/246
f 334/484/246 193/486/245 194/487/247
f 195/488/248 193/486/249 330/485/250
f 173/59/251 86/103/252 174/102/253
f 174/102/253 86/103/252 87/104/254
f 152/176/255 175/200/256 88/106/257
f 175/200/256 174/102/258 88/106/257
f 174/102/258 87/104/259 88/106/257
f 89/105/260 152/176/261 88/106/262
f 88/106/263 87/104/264 89/105/265
f 89/105/265 87/104/264 54/60/266
f 54/60/266 87/104/264 86/103/267
f 257/269/268 55/63/269 35/38/270
f 35/38/270 55/63/269 33/36/271
f 305/384/272 229/385/273 304/387/274
f 304/387/274 229/385/273 163/386/275
f 309/396/276 162/397/277 308/399/278
f 308/399/278 162/397/277 228/398/279
f 228/398/280 240/414/281 308/399/282
f 308/399/282 240/414/281 310/415/283
f 240/414/284 297/416/285 310/415/286
f 310/415/286 297/416/285 311/417/287
f 242/419/288 162/397/289 312/418/290
f 312/418/290 162/397/289 309/396/291
f 313/420/292 251/421/293 312/418/294
f 312/418/294 251/421/293 242/419/295
f 337/699/296 304/700/297 336/698/298
f 336/698/298 304/700/297 303/701/299
f 256/268/300 257/269/301 80/92/302
f 80/92/302 257/269/301 188/186/303
f 80/92/304 38/204/305 256/268/306
f 338/702/307 305/703/308 337/699/309
f 337/699/309 305/703/308 304/700/310
f 342/705/311 312/706/312 341/704/313
f 341/704/313 312/706/312 309/707/314
f 343/708/315 341/704/316 308/709/317
f 308/709/317 341/704/316 309/707/318
f 343/708/319 308/709/320 340/710/321
f 340/710/321 308/709/320 310/711/322
f 344/712/323 313/713/324 342/705/325
f 342/705/325 313/713/324 312/706/326
f 345/714/327 320/715/328 344/712/329
f 344/712/329 320/715/328 313/713/330
f 345/453/331 346/454/332 320/431/333
f 36/455/334 190/425/335 317/424/336
f 348/721/337 318/722/338 346/720/339
f 346/720/339 318/722/338 320/715/340
f 35/38/341 36/39/342 257/269/343
f 37/226/344 188/186/345 36/39/342
f 36/39/342 188/186/345 257/269/343
f 337/443/346 336/442/347 80/459/348
f 80/459/348 336/442/347 38/458/349
f 338/444/350 337/443/351 80/459/352
f 339/445/353 338/444/354 80/459/355
f 340/446/356 339/445/357 188/460/358
f 188/460/358 339/445/357 80/459/359
f 343/451/360 340/446/361 188/460/362
f 341/447/363 343/451/364 188/460/365
f 342/450/366 341/447/367 37/461/368
f 37/461/368 341/447/367 188/460/369
f 344/452/370 342/450/371 37/461/372
f 345/453/373 344/452/374 37/461/375
f 37/461/376 36/455/377 345/453/378
f 346/454/379 345/453/378 36/455/377
f 348/457/380 346/454/381 36/455/382
f 347/456/383 348/457/384 36/455/385
f 317/424/386 347/456/387 36/455/388
f 107/130/389 267/302/390 106/129/391
f 106/129/391 267/302/390 266/300/392
f 266/462/393 267/463/394 326/464/395
f 82/93/396 81/94/397 226/236/398
f 226/236/398 81/94/397 327/440/399
f 326/464/400 349/465/401 81/467/402
f 81/467/402 349/465/401 327/466/403
f 327/440/404 329/449/405 226/236/406
f 226/236/406 329/449/405 328/448/407
f 336/429/408 325/430/409 38/439/410
f 38/204/411 81/94/412 256/268/413
f 256/268/413 81/94/412 82/93/414
f 326/464/415 81/467/416 325/477/417
f 325/477/417 81/467/416 38/458/418
f 349/465/419 326/464/420 267/463/421
f 168/494/422 255/495/423 167/496/424
f 171/501/425 170/502/426 352/504/427
f 352/504/427 170/502/426 172/503/428
f 299/480/429 362/481/430 298/479/431
f 298/479/431 362/481/430 361/482/432
f 104/127/433 216/197/434 103/126/435
f 216/197/434 78/90/436 103/126/435
f 103/126/435 78/90/436 101/124/437
f 108/283/438 216/284/439 105/282/440
f 105/282/440 216/284/439 104/285/441
f 102/125/442 215/196/443 105/128/444
f 105/128/444 215/196/443 108/132/445
f 105/128/446 104/127/447 102/125/448
f 104/127/447 103/126/449 102/125/448
f 103/126/449 101/124/450 102/125/448
f 329/449/451 192/69/452 328/448/453
f 328/448/453 192/69/452 62/68/454
f 327/466/455 349/465/456 329/469/457
f 329/469/457 349/465/456 350/468/458
f 192/69/459 272/307/460 62/68/461
f 108/132/462 215/196/463 106/129/464
f 106/129/464 215/196/463 107/130/465
f 215/196/463 6/6/466 107/130/465
f 365/519/467 207/25/468 22/24/469
f 22/24/469 207/25/468 366/520/470
f 21/23/471 23/22/472 206/191/473
f 206/191/473 23/22/472 24/26/474
f 22/24/475 13/14/476 23/22/477
f 23/22/477 13/14/476 24/26/478
f 24/26/479 13/14/480 28/30/481
f 28/30/481 13/14/480 29/31/482
f 167/223/483 166/224/484 168/222/485
f 166/224/484 14/15/486 168/222/485
f 168/222/485 14/15/486 32/34/487
f 14/15/488 33/36/489 32/34/490
f 32/34/490 33/36/489 218/35/491
f 39/42/492 40/41/493 15/20/494
f 15/20/494 40/41/493 34/37/495
f 33/36/496 14/15/497 35/38/498
f 35/38/498 14/15/497 200/188/499
f 40/41/500 190/43/501 34/37/502
f 200/188/503 190/498/504 35/38/505
f 35/38/505 190/498/504 36/39/506
f 190/498/507 200/188/508 34/37/509
f 22/24/510 23/22/511 365/519/512
f 365/519/512 23/22/511 21/23/513
f 182/528/514 158/529/515 260/530/516
f 177/531/517 260/530/518 359/532/519
f 359/532/520 260/530/521 158/529/522
f 217/533/523 44/534/524 371/536/525
f 371/536/525 44/534/524 372/535/526
f 158/529/527 374/543/528 359/532/529
f 359/532/529 374/543/528 375/544/530
f 171/558/531 352/559/532 184/561/533
f 184/561/533 352/559/532 201/560/534
f 172/562/535 51/563/536 352/559/537
f 352/559/537 51/563/536 201/560/538
f 51/563/536 258/564/539 201/560/538
f 268/303/540 26/28/541 159/184/542
f 159/184/542 26/28/541 25/29/543
f 28/30/544 29/31/545 25/29/546
f 25/29/546 29/31/545 159/184/547
f 206/572/548 31/573/549 383/575/550
f 383/575/550 31/573/549 382/574/551
f 383/575/552 365/576/553 206/572/554
f 206/572/554 365/576/553 21/577/555
f 383/575/556 382/574/557 387/579/558
f 387/579/558 382/574/557 386/578/559
f 387/579/560 207/580/561 383/575/562
f 383/575/562 207/580/561 365/576/563
f 1/592/564 4/595/565 390/593/566
f 390/593/566 4/595/565 392/596/567
f 390/593/568 392/596/569 393/597/570
f 393/597/570 392/596/569 395/599/571
f 8/600/572 367/601/573 4/595/574
f 4/595/574 367/601/573 392/596/575
f 205/602/576 395/599/577 367/601/578
f 367/601/578 395/599/577 392/596/579
f 252/606/580 169/607/581 397/609/582
f 397/609/582 169/607/581 396/608/583
f 255/610/584 252/606/585 398/611/586
f 398/611/586 252/606/585 397/609/587
f 399/656/588 269/363/589 400/655/590
f 400/655/590 269/363/589 208/364/591
f 379/589/592 268/201/593 378/590/594
f 378/590/594 268/201/593 159/304/595
f 166/613/596 167/614/597 159/612/598
f 159/612/598 167/614/597 378/615/599
f 381/616/600 30/617/601 380/619/602
f 380/619/602 30/617/601 27/618/603
f 31/573/604 30/617/605 382/574/606
f 382/574/606 30/617/605 381/616/607
f 268/621/608 380/619/609 26/620/610
f 26/620/610 380/619/609 27/618/611
f 385/622/612 381/616/613 384/623/614
f 384/623/614 381/616/613 380/619/615
f 382/574/616 381/616/617 386/578/618
f 386/578/618 381/616/617 385/622/619
f 379/624/620 400/625/621 380/619/622
f 380/619/622 400/625/621 384/623/623
f 384/635/624 400/637/625 208/648/626
f 379/624/627 380/619/628 268/621/629
f 400/655/630 379/589/631 399/656/632
f 399/656/632 379/589/631 378/590/633
f 398/649/634 397/650/635 378/652/636
f 378/652/636 397/650/635 399/651/637
f 397/650/638 396/653/639 399/651/640
f 399/651/640 396/653/639 269/654/641
f 398/646/642 378/645/643 255/647/644
f 255/647/644 378/645/643 167/644/645
f 53/660/646 219/661/647 49/663/648
f 219/661/647 220/662/649 49/663/648
f 149/173/650 148/172/651 151/175/652
f 151/175/652 148/172/651 118/144/653
f 118/144/654 148/172/655 157/182/656
f 157/182/656 148/172/655 156/181/657
f 152/176/658 150/174/659 175/200/660
f 175/200/660 150/174/659 176/177/661
f 354/506/662 173/505/663 355/509/664
f 355/509/664 173/505/663 174/508/665
f 355/509/666 174/508/667 176/511/668
f 176/511/668 174/508/667 175/510/669
f 355/509/670 358/500/671 354/506/672
f 354/506/672 358/500/671 357/512/673
f 407/668/674 408/669/675 115/139/676
f 411/672/677 117/143/678 410/671/679
f 410/671/679 117/143/678 409/670/680
f 117/143/681 118/144/682 409/670/683
f 409/670/683 118/144/682 157/182/684
f 412/673/685 176/511/686 117/499/687
f 411/674/688 412/675/689 117/555/690
f 409/670/691 157/182/692 123/148/693
f 410/671/694 409/670/695 413/676/696
f 413/676/696 409/670/695 123/148/697
f 407/668/698 124/147/699 408/669/700
f 408/669/700 124/147/699 165/185/701
f 118/144/702 117/143/703 151/175/704
f 176/177/705 150/174/706 117/143/703
f 117/143/703 150/174/706 151/175/704
f 410/671/707 413/676/708 407/668/709
f 407/668/709 413/676/708 124/147/710
f 411/672/711 410/671/712 115/139/713
f 115/139/713 410/671/712 407/668/714
f 411/674/715 115/556/716 412/675/717
f 412/675/717 115/556/716 358/557/718
f 176/511/719 412/673/720 355/509/721
f 355/509/721 412/673/720 358/500/722
f 155/180/723 154/179/724 137/161/725
f 137/161/725 154/179/724 120/142/726
f 137/161/727 120/142/728 138/162/729
f 138/162/729 120/142/728 141/165/730
f 137/161/731 116/141/732 155/180/733
f 155/180/733 116/141/732 67/82/734
f 138/162/735 130/154/736 137/161/737
f 137/161/737 130/154/736 116/141/738
f 135/159/739 136/160/740 134/158/741
f 134/158/741 136/160/740 130/154/742
f 136/160/740 116/141/743 130/154/742
f 136/160/744 135/159/745 121/140/746
f 133/156/747 180/203/748 135/159/745
f 135/159/745 180/203/748 121/140/746
f 116/141/749 136/160/750 67/82/751
f 136/160/750 121/140/752 67/82/751
f 121/140/752 421/685/753 67/82/751
f 67/82/751 421/685/753 423/686/754
f 415/677/755 113/137/756 414/678/757
f 414/678/757 113/137/756 122/146/758
f 416/679/759 414/678/760 122/146/761
f 423/686/762 421/685/763 419/683/764
f 132/157/765 426/689/766 121/140/767
f 121/140/767 426/689/766 421/685/768
f 418/681/769 5/5/770 417/680/771
f 417/680/771 5/5/770 113/137/772
f 415/677/773 417/680/774 113/137/775
f 424/687/776 417/680/777 415/677/778
f 425/688/779 424/687/780 414/678/781
f 414/678/781 424/687/780 415/677/782
f 67/82/783 423/686/784 416/679/785
f 423/686/784 425/688/786 416/679/785
f 416/679/785 425/688/786 414/678/787
f 425/688/788 423/686/789 419/683/790
f 426/689/791 132/157/792 422/684/793
f 422/684/794 71/77/795 65/76/796
f 428/692/797 422/684/798 429/691/799
f 429/691/799 422/684/798 65/76/800
f 428/692/801 420/682/802 422/684/803
f 426/689/804 422/684/805 427/690/806
f 427/690/806 422/684/805 420/682/807
f 420/682/808 424/687/809 427/690/810
f 427/690/810 424/687/809 425/688/811
f 417/680/812 424/687/813 420/682/814
f 427/690/815 425/688/816 419/683/817
f 427/690/818 419/683/819 426/689/820
f 426/689/820 419/683/819 421/685/821
f 71/77/822 422/684/823 132/157/824
f 428/692/825 429/691/826 417/680/827
f 417/680/827 429/691/826 418/681/828
f 420/682/829 428/692/830 417/680/831
f 430/694/832 295/248/833 294/239/834
f 294/239/834 295/248/833 401/696/835
f 305/384/836 306/392/837 229/385/838
f 229/385/838 306/392/837 239/393/839
f 430/695/840 307/395/841 295/394/842
f 311/723/843 307/724/844 310/711/845
f 310/711/845 307/724/844 306/725/846
f 339/726/847 306/725/848 338/702/849
f 338/702/849 306/725/848 305/703/850
f 340/710/851 310/711/852 339/726/853
f 339/726/853 310/711/852 306/725/854
f 307/627/855 402/628/856 295/626/857
f 295/626/857 402/628/856 401/629/858
f 307/627/859 311/630/860 402/628/861
f 402/628/861 311/630/860 403/633/862
f 307/395/863 430/695/864 306/392/865
f 306/392/865 430/695/864 239/393/866
f 241/433/867 250/428/868 318/432/869
f 318/432/869 250/428/868 320/431/870
f 314/422/871 299/423/872 313/420/873
f 313/420/873 299/423/872 251/421/874
f 299/634/875 314/636/876 362/639/877
f 362/639/877 314/636/876 404/638/878
f 320/431/879 250/428/880 319/437/881
f 319/437/881 250/428/880 249/436/882
f 320/715/883 319/727/884 313/713/885
f 313/713/885 319/727/884 314/728/886
f 406/643/887 319/640/888 405/642/889
f 405/642/889 319/640/888 249/641/890
f 404/638/891 314/636/892 431/697/893
f 431/697/893 314/636/892 319/640/894
f 431/697/895 319/640/896 406/643/897
f 154/179/898 153/178/899 120/142/900
f 120/142/900 153/178/899 140/164/901
f 153/178/899 143/167/902 140/164/901
f 126/374/903 331/375/904 68/371/905
f 68/371/905 331/375/904 330/372/906
f 331/489/907 195/488/908 330/485/909
f 212/376/910 333/379/911 198/380/912
f 96/115/913 198/116/914 199/107/915
f 54/60/916 90/108/917 89/105/918
f 90/108/917 96/115/919 89/105/918
f 199/107/920 89/105/918 96/115/919
f 198/380/921 333/379/922 199/382/923
f 156/181/924 148/172/925 153/178/926
f 143/167/927 153/178/926 144/169/928
f 119/145/929 144/169/928 148/172/925
f 148/172/925 144/169/928 153/178/926
f 139/163/930 140/164/931 142/166/932
f 142/166/932 140/164/931 143/167/933
f 143/167/934 144/169/935 142/166/936
f 142/166/936 144/169/935 128/152/937
f 144/169/935 145/168/938 128/152/937
f 142/166/939 434/732/940 432/729/941
f 141/165/942 120/142/943 129/153/944
f 120/142/943 140/164/945 129/153/944
f 129/153/944 140/164/945 139/163/946
f 127/151/947 125/149/948 129/153/949
f 129/153/949 125/149/948 141/165/950
f 141/165/950 125/149/948 138/162/951
f 125/149/948 134/158/952 138/162/951
f 134/158/952 130/154/953 138/162/951
f 435/733/954 433/730/955 434/732/956
f 434/732/956 433/730/955 432/729/957
f 125/149/958 127/151/959 68/83/960
f 68/83/960 127/151/959 126/150/961
f 332/490/962 196/491/963 331/489/964
f 331/489/964 196/491/963 195/488/965
f 196/377/966 332/378/967 212/376/968
f 212/376/968 332/378/967 333/379/969
f 150/174/970 152/176/971 146/170/972
f 152/176/971 114/138/973 146/170/972
f 146/170/972 114/138/973 145/168/974
f 114/138/973 128/152/975 145/168/974
f 91/109/976 435/733/977 114/138/978
f 114/138/978 435/733/977 434/732/979
f 435/734/980 332/378/981 433/731/982
f 199/382/983 91/381/984 89/383/985
f 91/381/986 199/382/987 332/378/988
f 332/378/988 199/382/987 333/379/989
f 152/176/990 89/105/991 114/138/992
f 114/138/992 89/105/991 91/109/993
f 332/378/994 331/375/995 433/731/996
f 433/731/996 331/375/995 126/374/997
f 433/730/998 126/150/999 432/729/1000
f 432/729/1000 126/150/999 127/151/1001
f 432/729/1002 127/151/1003 142/166/1004
f 142/166/1004 127/151/1003 139/163/1005
f 127/151/1003 129/153/1006 139/163/1005
f 142/166/1007 128/152/1008 434/732/1009
f 434/732/1009 128/152/1008 114/138/1010
f 435/734/1011 91/381/1012 332/378/1013
f 72/78/1014 179/202/1015 133/156/1016
f 133/156/1016 179/202/1015 180/203/1017
f 76/88/1018 177/210/1019 75/483/1020
f 75/483/1020 177/210/1019 359/209/1021
f 133/156/1022 131/155/1023 72/78/1024
f 72/78/1024 131/155/1023 73/79/1025
f 20/21/1026 76/88/1027 77/89/1028
f 77/89/1028 76/88/1027 75/483/1029
f 179/202/1030 359/735/1031 178/212/1032
f 75/294/1033 74/291/1034 77/293/1035
f 79/292/1036 77/293/1035 265/290/1037
f 74/291/1034 265/290/1037 77/293/1035
f 78/288/1038 216/289/1039 74/291/1040
f 74/291/1040 216/289/1039 265/290/1041
f 369/538/1042 178/539/1043 370/537/1044
f 178/539/1043 359/540/1045 370/537/1044
f 370/537/1044 359/540/1045 75/736/1046
f 369/548/1047 180/549/1048 178/547/1049
f 178/547/1049 180/549/1048 179/550/1050
f 180/549/1051 369/548/1052 121/551/1053
f 132/552/1054 121/551/1055 369/548/1056
f 132/552/1057 369/548/1058 71/554/1059
f 71/554/1059 369/548/1058 65/553/1060
f 179/202/1061 72/78/1062 359/735/1063
f 359/735/1063 72/78/1062 75/87/1064
f 72/78/1062 74/86/1065 75/87/1064
f 217/277/1066 158/739/1067 79/287/1068
f 360/541/1069 217/533/1070 373/542/1071
f 373/542/1071 217/533/1070 436/786/1072
f 158/739/1073 217/277/1074 360/286/1075
f 360/740/1076 373/741/1077 158/743/1078
f 158/743/1078 373/741/1077 374/742/1079
f 289/356/1080 240/251/1081 228/247/1082
f 240/251/1083 289/356/1084 297/250/1085
f 297/250/1085 289/356/1084 296/245/1086
f 299/262/1087 298/255/1088 251/263/1089
f 251/263/1089 298/255/1088 291/357/1090
f 251/263/1091 291/357/1092 242/254/1093
f 289/356/1094 228/247/1095 290/358/1096
f 290/358/1096 228/247/1095 162/120/1097
f 242/254/1098 291/357/1099 162/120/1100
f 162/120/1100 291/357/1099 290/358/1101
f 311/630/1102 297/631/1103 403/633/1104
f 403/633/1104 297/631/1103 296/632/1105
f 237/401/1106 321/402/1107 289/400/1108
f 289/400/1108 321/402/1107 296/403/1109
f 291/515/1110 298/516/1111 243/514/1112
f 243/514/1112 298/516/1111 363/517/1113
f 437/744/1114 237/246/1115 290/358/1116
f 290/358/1116 237/246/1115 289/356/1117
f 291/357/1118 243/526/1119 290/358/1120
f 290/358/1120 243/526/1119 437/744/1121
f 237/246/1122 437/744/1123 236/525/1124
f 236/525/1124 437/744/1123 438/745/1125
f 244/256/1126 438/745/1127 243/526/1128
f 243/526/1128 438/745/1127 437/744/1129
f 22/587/1130 366/588/1131 46/582/1132
f 46/582/1132 366/588/1131 388/583/1133
f 47/50/1134 39/42/1135 46/49/1136
f 46/49/1136 39/42/1135 22/24/1137
f 39/42/1135 15/20/1138 22/24/1137
f 166/225/1139 159/184/1140 14/15/1141
f 14/15/1141 159/184/1140 200/188/1142
f 200/188/1142 159/184/1140 34/37/1143
f 34/37/1143 159/184/1140 15/20/1138
f 159/184/1140 29/31/1144 15/20/1138
f 15/20/1138 29/31/1144 22/24/1137
f 22/24/1137 29/31/1144 13/14/1145
f 439/746/1146 46/582/1147 440/747/1148
f 440/747/1148 46/582/1147 388/583/1149
f 440/747/1150 389/584/1151 439/746/1152
f 439/746/1152 389/584/1151 202/581/1153
f 239/249/1154 293/360/1155 229/238/1156
f 293/404/1157 294/405/1158 230/407/1159
f 230/407/1159 294/405/1158 322/406/1160
f 294/239/1161 293/360/1162 430/694/1163
f 430/694/1163 293/360/1162 239/249/1164
f 98/119/1165 235/244/1166 438/745/1167
f 438/745/1167 235/244/1166 236/525/1168
f 245/257/1169 98/119/1170 244/256/1171
f 244/256/1171 98/119/1170 438/745/1172
f 441/748/1173 47/50/1174 439/749/1175
f 439/749/1175 47/50/1174 46/49/1176
f 439/749/1177 202/189/1178 441/748/1179
f 441/748/1179 202/189/1178 16/19/1180
f 98/119/1181 203/190/1182 235/244/1183
f 235/244/1183 203/190/1182 234/243/1184
f 246/258/1185 442/750/1186 245/257/1187
f 245/257/1187 442/750/1186 98/119/1188
f 203/190/1189 98/119/1190 16/19/1191
f 16/19/1191 98/119/1190 441/748/1192
f 98/119/1190 442/750/1193 441/748/1192
f 247/259/1194 442/750/1195 246/258/1196
f 249/527/1197 302/362/1198 405/693/1199
f 190/425/1200 191/426/1201 317/424/1202
f 317/424/1202 191/426/1201 315/427/1203
f 315/717/1204 316/718/1205 317/716/1206
f 317/716/1206 316/718/1205 347/719/1207
f 348/721/1208 347/719/1209 318/722/1210
f 318/722/1210 347/719/1209 316/718/1211
f 191/44/1212 190/43/1213 41/46/1214
f 41/46/1214 190/43/1213 39/42/1215
f 190/43/1213 40/41/1216 39/42/1215
f 47/50/1217 48/51/1218 39/42/1219
f 39/42/1219 48/51/1218 41/46/1220
f 191/388/1221 161/389/1222 315/391/1223
f 315/391/1223 161/389/1222 316/390/1224
f 316/434/1225 161/435/1226 318/432/1227
f 318/432/1227 161/435/1226 241/433/1228
f 300/361/1229 250/261/1230 241/253/1231
f 161/118/1232 300/361/1233 241/253/1234
f 250/261/1235 300/361/1236 249/527/1237
f 249/527/1237 300/361/1236 302/362/1238
f 300/409/1239 301/410/1240 302/408/1241
f 302/408/1241 301/410/1240 323/411/1242
f 191/44/1243 41/46/1244 450/760/1245
f 41/46/1244 48/51/1246 450/760/1245
f 450/760/1245 48/51/1246 97/117/1247
f 442/750/1248 97/117/1249 441/748/1250
f 441/748/1250 97/117/1249 47/50/1251
f 97/117/1249 48/51/1252 47/50/1251
f 442/750/1253 247/259/1254 97/117/1255
f 97/117/1255 247/259/1254 248/260/1256
f 248/260/1257 451/761/1258 97/117/1259
f 451/761/1260 450/760/1261 97/117/1262
f 451/761/1263 248/260/1264 301/252/1265
f 450/760/1266 451/761/1267 161/118/1268
f 451/761/1267 301/252/1269 161/118/1268
f 301/252/1269 300/361/1270 161/118/1268
f 191/44/1271 450/760/1272 161/118/1273
f 288/340/140 160/228/1274 64/75/142
f 281/320/1275 160/228/1276 58/229/1277
f 160/228/1278 281/320/1279 64/75/1280
f 64/75/1280 281/320/1279 279/318/1281
f 56/323/1282 283/330/1283 160/322/1284
f 160/322/1284 283/330/1283 284/331/1285
f 284/335/1286 324/336/1287 160/338/1288
f 160/228/1289 288/340/155 56/227/1290
f 56/227/1290 288/340/155 63/74/157
f 452/762/1291 324/336/1292 284/335/1293
f 353/507/1294 377/738/1295 354/506/1296
f 354/506/1296 377/738/1295 173/505/1297
f 353/507/1298 354/506/1299 356/513/1300
f 356/513/1300 354/506/1299 357/512/1301
f 83/95/1302 92/110/1303 210/72/1304
f 210/72/1304 92/110/1303 211/96/1305
f 60/70/1306 84/97/1307 83/95/1308
f 83/95/1308 84/97/1307 92/110/1309
f 59/67/1310 453/763/1311 210/72/1312
f 453/763/1311 57/64/1313 210/72/1312
f 57/64/1313 83/95/1314 210/72/1312
f 90/108/1315 54/60/1316 93/112/1317
f 54/60/1316 59/67/1318 93/112/1317
f 93/112/1317 59/67/1318 214/194/1319
f 211/350/1320 214/351/1321 210/349/1322
f 210/349/1322 214/351/1321 59/352/1323
f 452/765/1324 284/333/1325 453/764/1326
f 453/764/1326 284/333/1325 57/334/1327
f 57/64/1328 189/187/1329 83/95/1330
f 83/95/1330 189/187/1329 60/70/1331
f 57/325/1332 284/331/1333 189/324/1334
f 189/324/1334 284/331/1333 283/330/1335
f 185/66/1336 59/67/1337 52/310/1338
f 59/67/1337 54/60/1339 52/310/1338
f 54/60/1339 376/56/1340 52/310/1338
f 186/566/1341 377/567/1342 286/565/1343
f 286/565/1343 377/567/1342 353/568/1344
f 286/565/1345 353/568/1346 324/569/1347
f 160/570/1348 324/569/1349 356/571/1350
f 356/571/1350 324/569/1349 353/568/1351
f 58/657/1352 160/658/1353 356/659/1354
f 58/657/1355 356/659/1356 53/660/1357
f 219/661/1358 53/660/1359 169/664/1360
f 169/664/1360 53/660/1359 356/659/1361
f 356/659/1362 269/665/1363 169/664/1364
f 169/664/1364 269/665/1363 396/666/1365
f 208/667/1366 269/665/1367 356/659/1368
f 185/66/1369 186/65/1370 59/67/1371
f 59/67/1371 186/65/1370 453/763/1372
f 452/765/1373 453/764/1374 286/413/1375
f 286/413/1375 453/764/1374 186/337/1376
f 324/336/1377 452/762/1378 286/412/1379
f 3/4/1380 4/3/1381 2/2/1382
f 2/2/1382 4/3/1381 1/1/1383
f 455/766/1384 454/767/1385 9/9/1386
f 9/9/1386 454/767/1385 183/10/1387
f 11/12/1388 270/305/1389 271/306/1390
f 271/306/1390 270/305/1389 204/131/1391
f 456/768/1392 455/766/1393 11/12/1394
f 11/12/1394 455/766/1393 9/9/1395
f 270/305/1396 11/12/1397 183/10/1398
f 183/10/1398 11/12/1397 9/9/1399
f 7/8/1400 8/7/1401 3/4/1402
f 3/4/1402 8/7/1401 4/3/1403
f 271/546/1404 372/535/1405 11/545/1406
f 11/545/1406 372/535/1405 44/534/1407
f 391/594/1408 2/591/1409 390/593/1410
f 390/593/1410 2/591/1409 1/592/1411
f 394/598/1412 391/594/1413 393/597/1414
f 393/597/1414 391/594/1413 390/593/1415
f 391/594/1416 270/603/1417 454/769/1418
f 454/769/1418 270/603/1417 183/604/1419
f 391/594/1420 394/598/1421 270/603/1422
f 270/603/1422 394/598/1421 204/605/1423
f 10/11/1424 12/13/1425 3/4/1426
f 3/4/1426 12/13/1425 7/8/1427
f 367/521/1428 8/7/1429 12/13/1430
f 12/13/1430 8/7/1429 7/8/1431
f 222/235/1432 456/768/1433 11/12/1434
f 367/521/1435 12/13/1436 205/183/1437
f 205/183/1437 12/13/1436 368/522/1438
f 444/586/1439 368/781/1440 443/585/1441
f 443/585/1441 368/781/1440 12/782/1442
f 443/751/1443 202/581/1444 444/752/1445
f 444/752/1445 202/581/1444 389/584/1446
f 222/235/1447 12/13/1448 456/768/1449
f 456/768/1449 12/13/1448 10/11/1450
f 456/768/1451 10/11/1452 455/766/1453
f 455/766/1453 10/11/1452 3/4/1454
f 455/766/1455 3/4/1456 454/767/1457
f 454/767/1457 3/4/1456 2/2/1458
f 391/594/1459 454/769/1460 2/591/1461
f 18/18/1462 19/16/1463 43/47/1464
f 43/47/1464 19/16/1463 45/48/1465
f 265/298/1466 112/297/1467 79/287/1468
f 79/287/1468 112/297/1467 217/277/1469
f 217/198/1470 112/135/1471 44/218/1472
f 44/218/1472 112/135/1471 111/136/1473
f 261/272/1474 19/16/1475 112/135/1476
f 112/135/1476 19/16/1475 111/136/1477
f 261/296/1478 112/297/1479 216/295/1480
f 216/295/1480 112/297/1479 265/298/1481
f 261/296/1482 216/295/1483 108/299/1484
f 106/129/1485 45/48/1486 108/132/1487
f 108/132/1487 45/48/1486 261/272/1488
f 45/48/1486 19/16/1489 261/272/1488
f 446/755/1490 232/241/1491 233/242/1492
f 233/242/1493 234/243/1494 446/755/1495
f 446/755/1495 234/243/1494 203/190/1496
f 44/217/1497 111/136/1498 11/12/1499
f 11/12/1499 111/136/1498 222/235/1500
f 17/17/1501 19/16/1502 18/18/1503
f 445/753/1504 443/754/1505 17/17/1506
f 443/754/1505 12/13/1507 17/17/1506
f 17/17/1506 12/13/1507 222/235/1508
f 446/755/1509 203/190/1510 445/753/1511
f 445/753/1511 203/190/1510 16/19/1512
f 443/754/1513 445/753/1514 202/189/1515
f 202/189/1515 445/753/1514 16/19/1516
f 17/17/1517 222/235/1518 19/16/1519
f 19/16/1519 222/235/1518 111/136/1520
f 45/48/1521 264/275/1522 225/312/1523
f 225/312/1523 264/275/1522 263/273/1524
f 45/365/1525 225/366/1526 43/368/1527
f 43/368/1527 225/366/1526 42/367/1528
f 446/755/1529 99/121/1530 232/241/1531
f 232/241/1531 99/121/1530 231/240/1532
f 449/759/1533 230/523/1534 99/121/1535
f 230/523/1534 238/524/1536 99/121/1535
f 99/121/1535 238/524/1536 231/240/1537
f 42/45/1538 17/17/1539 43/47/1540
f 43/47/1540 17/17/1539 18/18/1541
f 445/753/1542 17/17/1543 446/755/1544
f 446/755/1544 17/17/1543 99/121/1545
f 17/17/1543 42/45/1546 99/121/1545
f 163/386/1547 164/438/1548 304/387/1549
f 304/387/1549 164/438/1548 303/441/1550
f 164/438/1551 336/442/1552 303/441/1553
f 336/429/1554 262/497/1555 325/430/1556
f 326/464/1557 325/477/1558 266/462/1559
f 266/462/1559 325/477/1558 262/476/1560
f 262/476/1561 336/442/1562 164/438/1563
f 264/276/1564 106/129/1565 263/274/1566
f 266/300/1567 262/211/1568 106/129/1565
f 106/129/1565 262/211/1568 263/274/1566
f 292/359/1569 164/40/1570 163/123/1571
f 293/360/1572 292/359/1573 229/238/1574
f 229/238/1574 292/359/1573 163/123/1575
f 230/523/1576 449/759/1577 293/360/1578
f 293/360/1578 449/759/1577 292/359/1579
f 225/313/1580 263/273/1581 262/208/1582
f 224/369/1583 225/366/1584 447/756/1585
f 447/756/1585 225/366/1584 262/476/1586
f 164/40/1587 292/359/1588 458/771/1589
f 458/771/1589 292/359/1588 448/757/1590
f 449/759/1591 448/757/1592 292/359/1593
f 447/756/1594 262/476/1595 164/438/1596
f 42/367/1597 225/366/1598 224/369/1599
f 457/770/1600 100/122/1601 42/45/1602
f 42/45/1602 100/122/1601 99/121/1603
f 449/759/1604 99/121/1605 448/757/1606
f 448/757/1606 99/121/1605 100/122/1607
f 458/771/1608 448/757/1609 457/770/1610
f 457/770/1610 448/757/1609 100/122/1611
f 224/311/1612 457/770/1613 42/45/1614
f 457/770/1615 224/311/1616 458/771/1617
f 458/771/1617 224/311/1616 447/758/1618
f 164/40/1619 458/771/1620 447/758/1621
f 197/100/1622 274/308/1623 272/307/1624
f 274/308/1625 197/100/1626 273/309/1627
f 273/309/1627 197/100/1626 194/101/1628
f 272/307/1629 192/69/1630 197/100/1631
f 351/772/1632 192/773/1633 350/474/1634
f 350/474/1634 192/773/1633 329/774/1635
f 351/470/1636 197/475/1637 192/471/1638
f 197/492/1639 335/493/1640 194/487/1641
f 194/487/1641 335/493/1640 334/484/1642
f 197/775/1643 351/772/1644 335/776/1645
f 70/85/1646 215/196/1647 102/125/1648
f 78/90/1649 70/85/1650 101/124/1651
f 101/124/1651 70/85/1650 102/125/1652
f 69/81/1653 73/79/1654 259/270/1655
f 259/270/1655 73/79/1654 209/192/1656
f 74/86/1657 72/78/1658 78/90/1659
f 72/78/1658 73/79/1660 78/90/1659
f 73/79/1660 69/81/1661 78/90/1659
f 78/90/1659 69/81/1661 70/85/1662
f 69/473/1663 259/370/1664 335/472/1665
f 335/472/1665 259/370/1664 334/373/1666
f 267/301/1667 107/130/1668 110/134/1669
f 110/134/1669 107/130/1668 6/6/1670
f 349/465/1671 267/463/1672 350/468/1673
f 350/468/1673 267/463/1672 110/478/1674
f 110/134/1675 6/6/1676 109/133/1677
f 215/196/1678 70/85/1679 6/6/1680
f 6/6/1680 70/85/1679 109/133/1681
f 69/81/1682 109/133/1683 70/85/1684
f 109/133/1685 364/518/1686 110/134/1687
f 66/80/1688 364/518/1689 109/133/1690
f 109/133/1691 69/81/1692 66/80/1693
f 66/777/1694 69/783/1695 335/776/1696
f 364/784/1697 66/777/1698 335/776/1699
f 335/776/1700 351/772/1701 364/784/1702
f 110/785/1703 364/784/1704 351/772/1705
f 351/778/1706 350/780/1707 110/779/1708
