# This file uses centimeters as units for non-parametric coordinates.

v 8.460747 5.693931 0.488342
v 7.296206 5.762832 0.707927
v 6.965133 7.627980 -6.662539
v 6.082285 5.883376 -3.044019
v 1.555840 5.614824 0.696893
v 2.689152 5.332584 0.749462
v 7.467407 5.063128 0.821395
v 4.611297 5.307044 0.779376
v 4.677840 4.910878 0.936095
v 3.098784 4.765706 0.924808
v 4.591357 -10.509117 0.630091
v 5.650216 -10.429447 0.672463
v 7.758805 4.442455 -1.951928
v 7.667849 -11.723071 -2.163407
v 2.791158 -11.495479 -0.114856
v 4.348015 -0.051105 -0.620384
v 5.534710 0.475466 -0.075500
v 1.673068 5.156016 0.164152
v 1.200082 5.547377 0.696193
v 6.885197 -0.530515 -2.957142
v 7.836181 5.129406 0.595936
v 8.286182 5.366462 0.605237
v 5.612287 -2.532836 -0.259813
v 4.461652 -2.596281 -0.304850
v 3.070606 -1.704015 -2.249297
v 2.962498 -4.161332 -2.198960
v 2.707350 -11.781537 -0.761590
v 2.703195 1.526749 -1.052886
v 3.632823 2.856484 0.656559
v 5.134964 2.947316 0.398889
v 6.794123 2.506576 -2.134499
v 7.223868 2.764670 -2.349166
v 7.735665 3.639443 -2.091804
v 1.528250 6.676390 -2.881952
v 6.781260 9.138044 -5.206685
v 6.882133 9.420293 -6.811690
v 5.824895 9.258823 -5.169606
v 6.789131 9.150249 -6.734160
v 6.750772 9.258823 -6.704486
v 2.468983 5.876330 -3.036689
v 2.806008 9.217266 -5.678249
v 2.696036 9.426003 -5.440587
v 3.099789 9.275333 -5.177803
v 6.694092 7.477188 -4.411957
v 3.086078 7.469686 -5.269110
v 6.913297 7.497838 -6.702405
v 7.273468 7.458926 -6.665960
v 7.363689 7.737398 -2.854012
v 2.421644 7.485169 -2.948159
v 2.427876 7.459265 -6.466308
v 1.360304 5.762492 -6.507837
v 1.605774 5.869474 -0.695895
v 0.655448 6.156773 -0.653179
v 1.215755 6.018236 -0.645003
v 1.605774 5.869472 0.398655
v 0.655447 6.257243 0.427962
v 1.598975 5.879495 0.569555
v 0.655448 6.154575 0.608045
v 3.365770 5.901967 -0.922463
v 6.985124 5.883523 -1.956229
v 6.118115 5.908135 -1.985353
v 2.922578 5.901999 0.610141
v 1.835881 5.157848 0.773235
v 2.181646 4.900502 0.738585
v 3.402303 1.960996 -0.669031
v 3.649302 -0.299268 -0.740070
v 3.729997 -2.580383 -0.425828
v 3.559412 -10.941872 0.241605
v 3.048573 9.258823 -6.655638
v 2.887336 9.731973 -5.951524
v 2.677366 9.805518 -5.947920
v 2.768180 9.822685 -5.944084
v 2.891541 9.682034 -5.632421
v 3.044113 9.521352 -6.703191
v 4.892344 9.258823 -6.703932
v 4.734707 9.503850 -6.809955
v 5.402493 9.258823 -6.759520
v 5.372683 9.549248 -6.717634
v 5.482606 9.686875 -6.784524
v 6.331932 9.258823 -6.704095
v 5.986287 9.632801 -6.783035
v 6.316335 9.360388 -6.903466
v 2.583902 9.719889 -5.923385
v 2.580672 9.358693 -6.060835
v 2.513399 9.444913 -6.156732
v 2.533695 9.640955 -5.944939
v 2.528008 9.582416 -6.017742
v 2.690323 9.145406 -6.220971
v 2.904673 8.864417 -5.787129
v 2.829530 8.820292 -6.211390
v 2.967239 8.581822 -5.974582
v 2.908977 8.655038 -6.391395
v 2.990465 8.382270 -6.368792
v 2.936061 8.492436 -6.445088
v 2.784896 7.599229 -6.492178
v 3.095748 7.459271 -6.466669
v 2.787062 7.767483 -6.597816
v 3.097003 7.760043 -6.439456
v 1.360603 5.759639 -4.249460
v 1.360603 5.714126 -2.818587
v 1.360330 5.620175 -0.842735
v 0.654863 6.034026 -0.748925
v 7.027657 5.883523 -2.696340
v 7.134815 7.401856 -2.944917
v 7.198652 7.455353 -2.945878
v 6.838620 7.450798 -6.797962
v 6.743351 7.689646 -6.674068
v 6.892908 7.589414 -6.810415
v 6.907018 7.518921 -4.630270
v 6.836056 7.487602 -4.624894
v 6.840209 7.860343 -4.501645
v 5.629684 8.580773 -4.112087
v 5.635296 7.527460 -4.121519
v 5.505057 8.489035 -4.110790
v 6.794449 8.440769 -4.572519
v 6.808140 8.136318 -4.552856
v 6.820889 8.017173 -4.546148
v 7.226432 7.622412 -6.660769
v 7.296446 7.732087 -6.734208
v 7.680477 7.627426 -6.653698
v 7.733833 7.706073 -6.730555
v 7.492070 7.760456 -6.765675
v 7.855744 7.770536 -6.760698
v 8.355138 7.773201 -6.747471
v 8.408071 7.645686 -6.666017
v 8.398831 7.730929 -6.707065
v 6.896967 7.771189 -6.779999
v 7.100563 7.781119 -6.778954
v 6.827810 7.759564 -6.771106
v 8.411084 7.458751 -6.664937
v 2.929520 3.620802 0.519394
v 2.106836 3.772454 -0.883192
v 2.184686 3.651269 -0.894537
v 3.060920 3.075330 0.460117
v 2.413804 3.004499 -0.792511
v 2.676136 2.380054 -0.849694
v 2.657798 1.905471 -0.890338
v 3.604982 -0.110324 -0.997705
v 2.913353 1.139932 -0.895390
v 2.853205 0.618746 -1.049565
v 2.967289 -1.031810 -2.145879
v 3.063091 -1.481103 -2.357566
v 6.889272 1.833745 -2.430484
v 6.846285 -0.143021 -3.108856
v 6.838514 1.110670 -2.603571
v 5.351626 1.875386 -0.103371
v 3.819347 1.790576 0.061167
v 7.001987 -3.703446 -3.047884
v 7.577134 -11.327379 -2.316306
v 7.245558 -10.488864 -2.956622
v 7.269461 -11.110321 -2.582274
v 5.579311 -0.785626 -0.334462
v 6.916696 -2.747985 -3.345972
v 6.926377 -1.237450 -2.949338
v 4.407879 -0.894858 -0.291044
v 3.688175 -1.180311 -0.516298
v 3.006764 -2.973793 -2.572672
v 3.594738 0.101921 -0.910784
v 2.417340 7.401853 -2.948217
v 2.415834 7.481665 -3.098518
v 2.444133 5.896612 -3.076505
v 2.415863 7.401855 -3.096661
v 2.425648 7.469714 -5.274900
v 2.424184 7.401855 -4.328678
v 2.294410 7.284670 -4.328580
v 2.166800 6.594901 -2.970449
v 3.334327 5.901967 -1.405959
v 2.162169 7.459252 -6.466410
v 2.164042 7.504107 -5.281712
v 1.444176 7.716715 -5.291761
v 1.360422 7.716908 -5.291033
v 1.360343 5.759661 -5.281514
v 5.500566 5.883377 -3.036781
v 5.948328 8.962612 -5.193549
v 3.826564 7.477188 -5.193549
v 3.099347 7.477190 -5.217196
v 3.097947 7.465729 -2.961897
v 3.826317 7.485048 -2.948153
v 3.826564 7.478621 -4.110788
v 4.029258 7.478622 -4.110788
v 7.170250 7.458930 -4.110689
v 6.999404 7.459149 -6.646268
v 3.097897 7.401770 -2.972909
v 3.826315 7.401492 -2.948207
v 5.512268 7.476213 -4.110788
v 5.635225 7.475698 -4.110787
v 6.337620 9.169933 -4.120318
v 6.784825 9.166871 -4.113554
v 5.947652 8.954041 -4.112087
v 6.032173 8.895082 -4.109940
v 5.833222 9.258823 -6.703301
v 3.007188 9.356299 -5.255867
v 3.103085 8.845405 -5.254143
v 3.084157 8.335107 -5.201935
v 5.223327 8.401491 -5.193789
v 8.441060 7.458927 -4.110843
v 7.358976 7.458939 -4.110695
v 7.287050 7.857049 -0.532244
v 7.251269 7.559752 -0.551176
v 8.445162 7.452098 0.418784
v 6.370130 6.624470 0.480829
v 5.969534 6.288831 0.465664
v 5.446307 5.907540 0.466474
v 5.631905 5.897023 0.455965
v 6.384475 5.908134 -0.903806
v 7.055175 7.054765 0.444467
v 8.444576 7.452098 -0.534470
v 7.129146 7.286460 -0.512774
v 8.418631 7.389848 0.415932
v 4.481435 5.883529 -3.036841
v 4.658326 5.908092 -1.896844
v 3.334968 5.876228 -2.675180
v 4.445804 5.908092 -2.673633
v 6.099722 5.908134 -2.679605
v 5.446232 5.901967 -0.513447
v 3.933919 5.901967 -0.407721
v 5.893829 5.787510 0.659335
v 5.786327 4.392184 0.469344
v 6.152721 5.319453 1.101802
v 6.181768 4.405613 0.959600
v 4.142344 5.908092 0.531596
v 7.055282 6.522985 0.410770
v 6.586577 5.877283 0.476549
v 6.387792 6.465770 0.444410
v 6.437202 5.877275 0.453514
v 7.056700 5.855085 -0.903313
v 7.069623 5.866246 0.470925
v 8.450163 5.784581 0.385683
v 6.506416 5.824112 0.758249
v 6.599179 5.211526 1.102511
v 6.471145 4.429989 0.941412
v 6.689786 5.822319 0.786150
v 6.904170 5.245895 1.134726
v 6.782901 4.474365 0.997763
v 2.216036 5.894012 -0.923005
v 2.298944 5.901967 -0.525703
v 3.982925 7.484242 -2.948159
v 3.982622 7.401492 -2.948217
v 5.454302 7.475982 -2.948329
v 5.577070 7.476039 -2.948344
v 5.453399 7.401492 -2.948376
v 5.576128 7.401489 -2.948392
v 7.135173 7.276338 0.469860
v 7.344574 7.452088 -0.538878
v 7.003672 7.627407 -6.649561
v 6.981941 7.778953 -6.778638
v 7.375313 7.765682 -2.594550
v 7.111222 7.644821 -2.613170
v 7.045396 7.533374 -2.810738
v 7.233753 7.366133 -0.536562
v 7.236009 7.853917 -1.999894
v 6.987172 7.764223 -1.888491
v 7.034142 7.639644 -1.893985
v 7.355294 7.777842 -2.308360
v 7.041821 7.786058 -1.720807
v 7.029342 7.683881 -1.601718
v 7.077418 7.163427 -2.617651
v 7.089524 7.277225 -1.644995
v 7.034796 7.185947 -2.075333
v 7.048310 7.705892 -2.358734
v 7.035849 7.589431 -2.210248
v 7.128026 7.759679 -2.571420
v 7.013756 7.837062 -1.956203
v 7.176100 7.783861 -2.250939
v 7.070915 7.737453 -2.184639
v 7.002521 7.629597 -2.016646
v 7.162640 7.843380 -1.720607
v 7.233263 7.825001 -1.727277
v 7.117893 7.760344 -1.662217
v 6.979563 7.676050 -1.556868
v 7.276155 7.816833 -1.904567
v 7.134078 7.755068 -1.917449
v 7.097817 7.716549 -2.839933
v 7.107663 7.858269 -0.537677
v 7.241554 7.870854 -1.120258
v 7.079449 7.883718 -1.003001
v 7.005705 7.792577 -0.847538
v 7.042784 7.356052 -0.698076
v 7.109198 7.664095 -0.546855
v 7.154964 7.230879 -0.581724
v 7.098998 7.408803 -0.555994
v 7.337082 7.452088 -0.458444
v 7.343026 7.452083 0.476838
v 7.797278 7.186844 0.350836
v 7.866851 5.836331 0.564028
v 7.876804 5.694437 0.546460
v 7.963673 5.280026 0.598421
v 7.373540 5.597178 0.796423
v 7.904075 5.576039 0.764161
v 2.446034 7.401399 -4.109044
v 6.074326 7.401323 -3.039848
v 7.152494 7.402315 -3.035564
v 6.357763 6.607400 -0.502684
v 5.963549 6.287390 -0.504680
v 5.624683 7.477250 -4.195044
v 5.624640 8.116685 -4.202468
v 5.622766 8.542011 -4.181037
v 6.019478 8.888600 -4.196288
v 6.769086 9.168523 -4.554125
v 6.066231 6.204482 0.488172
v 5.499447 7.401492 -3.036781
v 2.166033 7.068627 -4.246336
v 6.966241 5.883523 -1.468482
v 7.035201 6.971474 -0.483856
v 8.443048 7.455422 -2.651275
v 7.345644 7.455422 -2.604476
v 8.444560 7.452098 -1.714849
v 7.347598 7.452087 -1.831387
v 4.932196 9.449355 -5.369541
v 4.890187 8.912363 -5.075994
v 4.883007 8.386500 -5.193549
v 4.881143 8.180140 -5.193549
v 4.047310 9.275340 -5.169606
v 4.139957 8.872734 -5.075994
v 4.132890 8.361650 -5.193549
v 4.143828 7.705559 -5.193549
v 3.353096 5.883379 -3.036696
v 3.393595 7.401492 -3.036792
v 4.479828 7.401492 -3.036839
v 7.779454 6.354308 0.419403
v 8.420055 6.386971 0.327696
v 8.461864 7.112036 0.402384
v 8.513798 5.924602 0.203166
v 7.324492 7.817147 -0.531126
v 7.332135 7.815374 -1.434275
v 7.367550 7.820623 -1.695354
v 7.323208 7.800270 -1.888300
v 7.321028 7.825775 -1.983276
v 7.346084 7.739908 -2.262695
v 7.345654 7.744519 -2.503785
v 7.345847 7.585518 -2.734941
v 7.345892 7.454997 -2.937290
v 5.503312 8.618144 -4.112087
v 5.396812 8.553829 -4.110787
v 5.461929 8.588669 -5.193549
v 5.388400 8.531446 -5.190633
v 7.036807 7.066335 -0.496019
v 8.009532 7.458928 -4.110790
v 8.009018 7.455422 -2.678699
v 8.007812 7.452088 -1.812457
v 8.007838 7.452088 -0.523778
v 3.369014 3.843678 0.878514
v 4.865969 4.095078 0.745061
v 6.436736 6.525200 -0.524567
v 2.114129 5.860206 0.645980
v 1.957641 5.691874 0.692563
v 4.282505 5.768377 0.754538
v 3.967363 5.769526 0.783952
v 3.978355 5.269364 0.969435
v 5.377242 5.243164 0.697201
v 5.095485 5.822986 0.660478
v 3.649209 4.819997 1.012727
v 3.648187 5.037979 0.965810
v 4.475821 5.538083 0.866197
v 7.069465 6.459166 -0.622639
v 7.348343 7.452087 -1.269665
v 3.084199 7.682662 -5.269677
v 6.800803 9.129445 -6.116364
v 6.330145 9.258823 -5.193681
v 6.333069 9.258824 -4.128862
v 3.098892 7.480879 -4.110771
v 2.415628 7.481700 -4.110742
v 2.415626 7.401855 -4.110744
v 2.445984 7.401399 -3.062897
v 2.482589 7.401399 -3.036764
v 5.901919 2.702938 -0.346259
v 6.953815 -11.420354 -0.340085
v 6.729541 -10.993242 -0.781969
v 6.684860 -10.700508 -1.043741
v 6.412375 -3.404976 -1.173737
v 6.390588 -2.344008 -1.652014
v 6.318165 -0.286255 -1.062470
v 6.282817 0.296652 -1.131880
v 6.325856 1.243981 -0.598981
v 6.257908 2.581658 -0.716050
v 7.220526 4.453209 0.621256
v 6.892672 3.815776 0.342758
v 6.683885 3.409845 0.279795
v 6.221919 3.673836 0.757189
v 5.556285 3.839844 0.740921
v 2.876786 -6.922775 -1.646780
v 3.647182 -5.686865 -0.101806
v 4.524252 -5.204497 0.146385
v 5.630886 -5.145780 0.197326
v 6.520068 -5.878420 -1.102012
v 7.133056 -6.700964 -2.998775
v 2.803609 -10.955952 -1.190922
v 3.597984 -10.129082 0.090684
v 4.566473 -9.804893 0.450720
v 5.643558 -9.782500 0.508794
v 6.611104 -10.066504 -1.041381
v 7.174836 -10.248514 -2.983120
v 1.322985 7.776846 -6.495368
v 1.262514 7.688503 -6.485040
v 1.245845 7.622077 -6.488561
v 1.257926 7.503097 -6.485445
v 1.386258 7.809258 -6.517690
v 1.460399 7.774905 -6.540274
v 1.441960 7.785041 -6.519436
v 1.443797 7.687896 -6.168464
v 1.304015 7.762980 -6.440907
v 1.443860 7.678616 -6.421734
v 2.013308 7.621928 -6.480385
v 1.857850 7.812463 -6.499579
v 2.101826 7.803204 -6.529660
v 2.426100 7.776412 -6.547108
v 2.661168 7.792882 -6.561812
v 2.426315 7.635043 -6.513501
v 2.190845 7.620548 -6.484941
v 1.477778 7.228790 -4.261120
v 1.444154 7.783083 -5.516927
v 1.360603 7.784044 -5.517101
v 1.360603 5.757336 -5.476476
v 1.465558 5.313729 0.330369
v 1.429325 5.386243 0.548577
v 1.342624 5.431554 0.605278
v 1.540375 5.500999 0.712068
v 1.242332 5.491304 0.646520
v 1.290953 5.410321 0.581015
v 1.359984 5.400413 0.573050
v 1.004280 5.676523 0.714352
v 0.655448 5.696754 0.712342
v 1.160370 6.056632 0.597232
v 1.184490 6.138150 0.452991
v 0.864864 6.029624 -0.823845
v 0.936994 6.128555 -0.653105
v 0.745485 6.028730 -0.778078
v 0.963724 5.985220 -0.853409
v 1.215521 6.018301 -0.243791
v 1.605774 5.869474 -0.285253
v 0.968190 6.227993 0.427925
v 0.946332 6.128940 0.595523
v 0.853303 5.699958 0.706398
v 1.215531 6.018149 0.425958
v 0.936994 6.128503 0.425960
v 0.655448 6.163653 0.426444
v 1.308011 5.975457 0.625999
v 1.322048 6.061095 0.470749
v 1.387638 5.947167 0.440072
v 1.594485 5.757573 0.600001
v 6.954443 7.473270 -6.672751
v 7.507091 7.596684 -6.636244
v 7.356956 7.757660 -6.750592
v 7.627346 7.729651 -6.745781
v 8.106612 7.776131 -6.753888
v 8.081705 7.737104 -6.724962
v 8.072323 7.576342 -6.610304
v 8.045571 7.458751 -6.664740
v 8.408024 7.681893 -6.696149
v 8.376874 7.760240 -6.730072
v 6.707703 8.309557 -4.542877
v 5.623612 8.314320 -4.190708
v 6.714951 8.343230 -4.529943
v 6.595986 8.313643 -4.384424
v 6.805398 8.234604 -4.528575
v 5.624652 7.938380 -4.174800
v 6.816501 8.051068 -4.574524
v 6.688100 8.045394 -4.347084
v 6.792407 7.909912 -4.548163
v 1.954287 7.807388 -6.494954
v 4.151973 7.697269 -4.110790
v 4.253384 7.635228 -4.110788
v 5.225439 8.435909 -4.110788
v 5.316953 8.360722 -4.110790
v 4.876320 8.195685 -4.110788
v 4.956867 8.115096 -4.110790
v 1.489138 5.460863 0.638363
v 1.451099 5.488933 0.664980
v 1.344148 5.565614 0.743458
v 1.041568 5.750173 0.711671
v 0.871787 5.804420 0.711008
v 0.655448 5.813675 0.726184
v 0.986072 5.683143 0.715078
v 1.231778 5.510695 0.662552
v 8.422754 5.500363 0.520897
v 6.947428 7.718845 -6.679034
v 7.003191 7.730681 -6.670056
v 7.270607 7.696228 -6.710461
v 7.401402 7.701696 -6.718184
v 7.567517 7.697008 -6.723076
v 7.696766 7.675319 -6.711931
v 7.004606 7.593202 -6.685880
v 7.042440 7.569614 -6.671755
v 6.904335 7.725119 -4.495100
v 6.759417 7.692400 -4.350654
v 5.624668 7.695875 -4.197717
v 6.879408 7.663921 -4.505696
v 6.892560 7.624269 -4.634515
v 6.788804 7.570150 -4.391307
v 6.897916 7.565933 -4.634719
v 7.025511 6.134751 -1.503077
v 5.598363 5.908135 -0.544343
v 5.514328 5.908135 -1.933610
v 5.514396 5.908134 -2.678630
v 6.026052 6.237700 -0.490323
v 6.547546 5.877553 -0.578960
v 7.121414 7.030834 -0.622822
v 7.045761 6.800797 -0.717537
v 7.076186 6.313550 -0.862573
v 6.920493 7.108833 -0.508263
v 6.939844 7.104329 0.466228
v 3.124313 7.477190 -5.194104
v 3.124780 7.480673 -4.110775
v 3.125138 7.485693 -2.948148
v 3.086004 7.480929 -4.110771
v 3.086302 7.485540 -2.948154
v 7.347284 7.452096 -1.964069
v 7.346782 7.452096 -2.134420
v 8.008588 7.452091 -2.227934
v 8.443851 7.452096 -2.187722
v 7.346179 7.455385 -2.335973
v 5.633125 7.975906 -4.124511
v 5.508590 7.984136 -4.111303
v 6.035875 8.688694 -4.223747
v 6.738542 8.715530 -4.665719
v 8.007828 7.452098 0.443420
v 8.191326 7.298126 0.402800
v 8.346872 6.677221 0.394078
v 7.800249 6.691777 0.425396
v 8.251582 6.673232 0.412455
v 8.415499 6.608649 0.406520
v 8.412336 6.762654 0.405119
v 8.444260 6.139780 0.321395
v 8.271857 6.210470 0.303043
v 8.419396 6.216470 0.299806
v 8.418867 6.078995 0.277319
v 8.238017 5.886631 0.358397
v 8.445642 5.857112 0.291240
v 5.149193 7.477681 -2.948292
v 5.141377 7.401492 -2.948339
v 4.350892 7.478120 -4.110790
v 4.483914 7.481423 -2.948217
v 4.494707 7.401492 -2.948271
v 2.408459 3.084257 -0.854608
v 1.609150 5.887260 0.467096
v 3.084180 7.986971 -5.270452
v 3.050226 8.033242 -6.408430
v 3.065993 8.148540 -6.358660
v 3.074577 7.891022 -6.424581
v 2.631113 9.572757 -5.771761
v 2.841119 9.613400 -5.392708
v 4.527312 9.411445 -5.258595
v 3.445702 9.594034 -5.353916
v 3.929711 9.258823 -6.720474
v 3.453621 9.792342 -6.807050
v 4.180944 9.807023 -6.758670
v 3.881157 9.617770 -6.891559
v 3.471912 9.258823 -5.432825
v 3.746336 9.258823 -5.432790
v 4.000535 9.258823 -5.410424
v 4.896259 9.258823 -6.108669
v 2.968040 9.650771 -5.618956
v 3.001466 9.551104 -5.370356
v 3.089505 9.044899 -5.059783
v 2.849911 9.035263 -5.576670
v 2.941122 9.258823 -6.545013
v 2.923448 9.258823 -5.610345
v 2.981591 9.658846 -6.686619
v 2.971139 9.738082 -6.643011
v 2.820122 9.835052 -6.655725
v 4.960495 9.679298 -6.709908
v 5.225806 9.718524 -6.736938
v 6.776903 9.258745 -4.098524
v 6.333272 9.258823 -6.108263
v 5.623446 9.488490 -6.644807
v 5.939490 9.468344 -6.647759
v 5.546500 9.700499 -6.793077
v 5.085151 9.491459 -6.595124
v 5.024765 9.704922 -6.720040
v 4.839701 9.532100 -6.666520
v 4.884548 9.469357 -6.657472
v 5.157680 9.258823 -6.732844
v 4.039045 9.499742 -6.632985
v 3.683188 9.489360 -6.686388
v 2.965293 9.475764 -6.625143
v 4.279226 9.258823 -6.721397
v 4.352306 9.493728 -6.651555
v 4.492008 9.737782 -6.740594
v 3.411674 9.454234 -6.649227
v 4.438754 9.761163 -6.747006
v 3.240922 9.738777 -6.783812
v 5.939246 9.653795 -6.787831
v 2.932490 9.482961 -5.144806
v 4.513197 9.280357 -5.154570
v 4.731499 9.329996 -5.179099
v 4.718129 9.460255 -5.313090
v 4.093358 9.306008 -5.354516
v 5.787697 9.709781 -6.793628
v 6.732487 9.572481 -6.782433
v 3.033267 9.458163 -6.689407
v 2.913732 9.804224 -6.647596
v 2.983578 9.620726 -6.704463
v 2.859521 9.769586 -5.969414
v 7.064762 7.513651 -0.746560
v 1.360603 7.224419 -4.260072
v 0.655448 6.291849 -0.666756
v 0.907693 6.251691 -0.657079
v 0.977885 6.244130 -0.657079
v 1.151260 6.202487 -0.677334
v 1.334968 6.125302 -0.663772
v 1.360603 6.679666 -2.882223
v 1.360571 5.865029 -0.778297
v 0.655448 6.171321 -0.266987
v 0.936994 6.128060 -0.259843
v 3.087265 7.459265 -5.584329
v 2.425642 7.459264 -5.555515
v 2.163439 7.493727 -5.572286
v 2.783922 5.750280 0.795920
v 1.341869 5.777548 0.703189
v 7.414708 7.095372 0.499575
v 2.237510 5.876256 -2.595312
v 1.120790 5.899423 -0.845094
v 2.696837 5.652864 0.910608
v 2.012446 5.775754 0.742031
v 0.655455 5.833317 0.728924
v 0.875542 5.822752 0.711944
v 1.048138 5.768516 0.710767
v 1.341951 5.791751 0.702055
v 3.916430 5.502934 0.957057
v 7.094871 5.883382 -3.034255
v 6.776710 9.258823 -5.174059
v 6.783138 9.258823 -6.108589
v 3.853799 9.368788 -5.362668
v 3.890016 9.469758 -5.343938
v 3.190787 9.514088 -5.336655
v 3.193738 9.497750 -5.251454
v 3.538467 9.340917 -5.368445
v 3.712463 9.353147 -5.396287
v 3.857477 9.459898 -5.260868
v 4.795297 9.356985 -5.385715
v 4.460720 9.234235 -5.377815
v 4.435692 9.333069 -5.366373
v 4.738853 9.461270 -5.380553
v 3.489151 8.843103 -4.870281
v 3.448507 9.010839 -4.785406
v 3.329557 9.538026 -4.976641
v 3.344844 9.318790 -4.893022
v 2.932481 9.258823 -6.119103
v 2.937108 9.577622 -6.296248
v 2.947312 9.667030 -6.364408
v 2.919952 9.734351 -6.381712
v 2.880713 9.783127 -6.397627
v 2.790232 9.827936 -6.421746
v 2.738684 9.818203 -6.428920
v 3.042893 9.258823 -6.098520
v 3.406807 9.258823 -6.108955
v 3.820355 9.258823 -6.108852
v 4.378813 9.258823 -6.108749
v 4.117691 9.258823 -6.108797
v 5.826846 9.258823 -6.108720
v 3.037531 9.258823 -5.531792
v 5.465041 9.258823 -5.275346
v 4.931561 9.449357 -5.386603
v 4.928613 9.315612 -5.266463
v 4.316329 9.285458 -5.346488
v 4.292690 9.239129 -5.127217
v 4.314241 9.225245 -5.388842
v 2.923942 9.674995 -5.950819
v 2.919508 9.631964 -5.950762
v 2.838950 9.680140 -5.690498
v 7.036381 7.326666 -2.494026
v 7.122276 7.356957 -2.776567
v 1.605774 5.869475 -0.570947
v 0.936994 6.128346 -0.468806
v 0.655448 6.162090 -0.496041
v 1.215543 6.018270 -0.478857
v 7.364308 7.670913 -2.794876
v 7.368349 7.638235 -2.889974
v 7.213521 7.609452 -2.921537
v 7.261119 7.739581 -2.926388
v 7.321020 7.739896 -2.879321
v 7.373916 7.750084 -2.748076
v 7.285856 7.790328 -0.531613
v 7.335857 7.781227 -0.525196
v 1.605774 5.869474 -0.647777
v 0.655448 6.255223 -0.663075
v 0.909895 6.240600 -0.656778
v 0.973636 6.229768 -0.656668
v 1.166115 6.194943 -0.654678
v 1.309235 6.127282 -0.647875
v 2.169307 5.902035 0.531224
v 4.322967 9.258823 -5.411736
v 4.927844 9.258823 -5.406687
v 1.360391 7.745402 -6.180101
v 1.304390 7.728078 -6.321345
v 1.297027 7.744308 -6.405160
v 2.271711 5.876419 -3.021561
v 1.434298 6.053216 -0.711935
v 1.240127 5.835699 -0.838777
v 1.453838 6.037857 -0.660907
v 1.444387 6.033642 -0.630786
v 1.387643 5.946113 -0.627491
v 1.387637 5.946302 -0.489739
v 1.387623 5.946418 -0.242839
v 8.288466 6.380799 0.329749
v 3.125268 7.401849 -2.948204
v 3.085763 7.401853 -2.948205
v 1.534187 5.882967 0.575520
v 1.543204 5.915937 0.490764
v 1.427411 6.010030 0.495305
v 4.847697 5.901967 -1.407702
v 5.514357 5.908135 -1.451759
v 6.251952 5.908134 -1.347131
v 6.688179 9.125771 -4.202327
v 6.568521 8.716157 -4.392347
v 6.611914 8.462381 -4.365294
v 6.643291 8.135921 -4.351755
v 6.724698 7.866284 -4.359800
v 6.954599 7.458473 -4.110703
v 7.100396 7.457881 -2.946179
v 1.360331 7.406463 -6.445838
v 1.360315 6.561240 -5.287335
v 1.360603 6.330902 -4.248850
v 1.360603 6.586810 -5.485130
v 1.360322 6.701138 -6.466910
v 1.360321 6.706917 -6.492653
v 1.360205 6.121619 -5.281394
v 1.360603 5.949491 -4.211518
v 1.360603 6.153341 -5.484489
v 1.360268 6.308114 -6.504148
v 1.360295 6.317704 -6.584550
v 8.386803 7.523357 -6.671550
v 2.307934 5.901967 -0.237568
v 3.188044 5.901967 -0.335413
v 7.340317 7.816904 -1.173741
v 7.076063 7.802335 -1.485896
v 7.213343 7.849264 -1.423424
v 7.141282 7.868046 -0.824277
v 7.332025 7.817031 -0.837006
v 7.246606 7.895491 -0.861237
v 7.346298 7.452088 -0.873203
v 7.341363 7.634920 -0.853496
v 6.342779 9.128901 -4.190066
v 1.605774 5.896871 -0.908743
v 2.243183 5.902020 -0.739261
v 2.922092 7.401432 -3.036774
v 6.777924 9.258822 -4.154815
v 8.442381 7.455422 -2.962421
v 5.583997 7.475998 -2.962276
v 2.444917 6.517215 -3.502343
v 2.445069 6.657522 -3.069624
v 2.281380 6.476287 -3.578308
v 2.476075 6.671278 -3.036728
v 3.374293 6.677969 -3.036746
v 3.127251 6.678835 -3.036737
v 2.432706 6.394302 -3.130581
v 2.464459 6.380618 -3.098041
v 3.191125 6.453863 -3.036725
v 7.251052 7.780696 -2.806818
v 7.257764 7.776465 -2.868049
v 3.826564 7.477406 -5.122454
v 8.444960 7.452098 0.345799
v 6.753766 8.693380 -6.601981
v 6.711545 8.370881 -6.564494
v 6.790359 8.168712 -6.636289
v 6.783544 8.277838 -4.532261
v 6.778163 8.400086 -4.558482
v 6.899364 7.777465 -4.496748
v 6.788795 7.479873 -4.489653
v 6.153262 7.990054 -4.184477
v 6.164344 7.903987 -4.190427
v 6.127637 8.125900 -4.201052
v 6.109746 8.211981 -4.216844
v 6.096464 8.314001 -4.210248
v 6.072171 8.506942 -4.195137
v 6.193518 7.694180 -4.198056
v 6.254927 7.467607 -4.110748
v 6.216218 7.477216 -4.229800
v 6.196223 7.635763 -4.217486
v 6.116841 9.373682 -6.673219
v 6.289297 9.421196 -6.878423
v 6.465136 9.363167 -6.730146
v 6.370744 9.416411 -6.890520
v 3.396812 9.258823 -6.717961
v 5.409776 9.258823 -6.108697
v 2.777233 9.620020 -6.636562
v 2.843498 9.640483 -6.656560
v 2.825602 9.582643 -6.605670
v 2.904553 9.296340 -6.654114
v 3.900918 9.480890 -7.072006
v 4.270164 8.882201 -7.153275
v 4.903715 9.378732 -6.933997
v 4.827994 8.947997 -7.021900
v 6.299086 9.195878 -7.007922
v 5.874321 8.725744 -7.264747
v 6.480661 8.609003 -6.873410
v 6.145015 8.271701 -7.089469
v 6.686320 7.464829 -6.901747
v 6.352003 7.127513 -7.120032
v 7.271749 7.258317 -7.086417
v 7.184454 7.076227 -7.185396
v 8.394380 7.230380 -6.925865
v 8.354120 7.020505 -6.992543
v 8.474774 6.960464 -2.985028
v 8.434515 6.750589 -3.051705
v 8.495598 6.993140 -0.245656
v 8.453384 6.796098 -0.348131
v 8.296670 6.193291 -0.069827
v 8.364898 6.090843 -0.271775
v 8.295653 7.547392 -6.973236
v 8.093775 7.032907 -7.035468
v 7.814959 7.046190 -7.081439
v 7.793777 7.405699 -7.028713
v 5.490004 9.328027 -6.969096
v 5.301732 8.889736 -7.205997
v 4.608846 8.970323 -7.052060
v 4.534351 9.416360 -6.984830
v 3.318931 9.642925 -6.958005
v 8.237038 6.653465 -0.166244
v 8.267347 6.595830 -0.333627
v 8.232749 6.636220 -0.162452
v 6.713277 7.665810 -6.740881
v 3.696101 7.815300 -6.550090
v 3.877666 7.658309 -7.011679
v 1.467767 7.677106 -6.695687
v 1.961742 7.283333 -6.858299
v 1.360507 5.842716 -6.662232
v 1.932444 5.900417 -6.731488
v 0.844126 6.173598 -0.793546
v 0.957125 6.150895 -0.838161
v 0.655441 6.205591 -0.771628
v 1.063132 6.106584 -0.867162
v 1.343503 5.960486 -0.852139
v 1.223582 6.022371 -0.856928
v 1.360441 5.800020 -0.830999
v 1.761983 6.604418 -6.731726
v 1.360542 6.641220 -6.663813
v 1.360527 7.395249 -6.651021
v 1.822551 7.056640 -6.897253
v 2.253488 7.229770 -6.831573
v 2.115409 7.729386 -6.646855
v 2.926312 7.591316 -6.686974
v 3.178055 7.072487 -6.922699
v 3.194872 8.484564 -6.783486
v 3.996873 8.362989 -7.138223
v 3.026779 8.961300 -6.636594
v 4.071948 8.625327 -7.046244
v 2.928659 9.503058 -6.767859
v 3.360324 9.468545 -6.973656
v 3.025810 9.433434 -6.828198
v 3.337570 9.306913 -6.836534
v -6.566679 5.576039 0.764161
v -7.118720 5.693931 0.488342
v -6.539915 5.694437 0.546460
v -5.889401 4.453209 0.621256
v -6.133809 5.063128 0.821395
v -5.575291 5.245895 1.134726
v -5.455311 4.474365 0.997763
v -4.934887 2.581658 -0.374665
v -5.356836 3.409845 0.279795
v -4.899244 3.673836 0.757189
v -4.582253 2.702938 -0.004875
v -3.216343 -5.204497 0.146385
v -3.153932 -2.596281 -0.304850
v -2.428834 -2.580383 -0.425828
v -2.346936 -5.686865 -0.101806
v -4.313145 -5.145780 0.197326
v -4.294892 -2.532836 -0.259813
v -5.066216 -2.344008 -1.652014
v -4.994451 -0.286255 -1.062470
v -4.217874 0.475466 -0.075500
v -4.262043 -0.785626 -0.334462
v -3.100828 -0.894858 -0.291044
v -2.387488 -1.180311 -0.516298
v -3.041262 -0.051105 -0.620384
v -2.517173 1.790576 0.061167
v -2.304792 -0.110324 -0.997705
v -2.348961 -0.299268 -0.740070
v -4.036702 1.875386 -0.103371
v -4.960005 0.296652 -1.131880
v -5.002151 1.243981 -0.598981
v -1.618993 1.139932 -0.895390
v -2.104150 1.960996 -0.669031
v -1.411082 1.526749 -1.052886
v -1.668036 -4.161332 -2.198960
v -1.711816 -2.973793 -2.572672
v -1.582933 -6.922775 -1.646780
v -6.068156 7.701696 -6.718184
v -6.024367 7.757660 -6.750592
v -5.964394 7.732087 -6.734208
v -5.939234 7.696228 -6.710461
v -7.057141 7.730929 -6.707065
v -6.742998 7.737104 -6.724962
v -7.066458 7.681893 -6.696149
v -5.673379 7.730681 -6.670056
v -5.652312 7.778953 -6.778638
v -5.568765 7.771189 -6.779999
v -5.618263 7.718845 -6.679034
v -1.767744 -1.481103 -2.357566
v -1.775056 -1.704015 -2.249297
v -3.821487 2.947316 0.740273
v -2.332361 2.856484 0.656559
v -2.294659 0.101921 -0.910784
v -5.194310 -5.878420 -1.102012
v -5.087695 -3.404976 -1.173737
v -4.332565 -10.429447 0.672463
v -5.402212 -10.993242 -0.781969
v -5.358013 -10.700508 -1.043741
v -5.624723 -11.420354 -0.340085
v -1.559430 0.618746 -1.049565
v -1.672883 -1.031810 -2.145879
v -5.159430 6.538146 0.468145
v -5.725248 6.522985 0.410770
v -4.467559 4.392184 0.810728
v -4.859097 4.405613 0.959600
v -4.830709 5.319453 1.101802
v -4.061835 5.243164 0.697201
v -5.146056 4.429989 0.941412
v -5.272917 5.211526 1.102511
v -5.769830 7.781119 -6.778954
v -5.944111 7.816833 -1.904567
v -5.991103 7.800270 -1.888300
v -5.988726 7.825775 -1.983276
v -5.904413 7.853917 -1.999894
v -5.803100 7.755068 -1.917449
v -5.683905 7.837062 -1.956203
v -5.711876 7.786058 -1.720807
v -5.657572 7.764223 -1.888491
v -6.625874 5.280026 0.598421
v -6.040585 5.597178 0.796423
v -6.499393 5.129406 0.595936
v -7.081029 5.500363 0.520897
v -3.555189 4.095078 1.086445
v -2.070908 3.843678 0.878514
v -4.239356 3.839844 1.082305
v -3.368327 4.910878 0.936095
v -6.332418 -11.723071 -2.163407
v -6.242826 -11.327379 -2.316306
v -5.937618 -11.110321 -2.582274
v -5.914107 -10.488864 -2.956622
v -5.802681 -6.700964 -2.998775
v -5.672554 -3.703446 -3.047884
v -5.587866 -2.747985 -3.345972
v -5.597974 -1.237450 -2.949338
v -5.556659 -0.530515 -2.957142
v -5.518135 -0.143021 -3.108856
v -5.510405 1.110670 -3.301021
v -5.560688 1.833745 -2.430484
v -5.466614 2.506576 -2.134499
v -5.892254 2.764670 -2.349166
v -6.422786 4.442455 -1.951928
v -5.563949 3.815776 0.342758
v -6.399686 3.639443 -2.091804
v -2.297892 -10.129082 0.090684
v -1.510762 -10.955952 -1.190922
v -3.258105 -9.804893 0.450720
v -4.325692 -9.782500 0.508794
v -5.285083 -10.066504 -1.041381
v -5.843620 -10.248514 -2.983120
v -2.259804 -10.941872 0.241605
v -1.415111 -11.781537 -0.761590
v -1.498214 -11.495479 -0.114856
v -3.282816 -10.509117 0.630091
v -1.136274 7.635043 -6.513501
v -1.491720 7.599229 -6.492178
v -1.493775 7.767483 -6.597816
v -1.369328 7.792882 -6.561812
v -1.136274 7.776412 -6.547108
v -0.902825 7.620548 -6.484941
v -0.814467 7.803204 -6.529660
v 0.024986 5.410321 0.581015
v -0.043341 5.400413 0.573050
v -0.026252 5.431554 0.605278
v -0.111954 5.386243 0.548577
v -0.171082 5.460863 0.638363
v -0.133462 5.488933 0.664980
v -0.353847 5.156016 0.164152
v -0.147995 5.313729 0.330369
v 0.073658 5.491304 0.646520
v 0.366811 6.128940 0.595523
v 0.345312 6.227993 0.427925
v 0.459132 5.699958 0.706398
v 0.440800 5.804420 0.711008
v -7.035239 7.760240 -6.730072
v -7.013764 7.773201 -6.747471
v -6.767339 7.776131 -6.753888
v -6.518867 7.770536 -6.760698
v -6.398067 7.706073 -6.730555
v -0.221999 5.500999 0.712068
v 0.437009 5.822752 0.711944
v -6.945683 5.366462 0.605237
v -5.674178 7.627407 -6.649561
v -5.636067 7.627980 -6.662539
v -5.111997 6.525200 -0.524567
v -6.015049 7.452096 -1.964069
v -6.014249 7.452096 -2.134420
v -6.670446 7.452091 -2.227934
v -6.013836 7.455385 -2.335973
v -6.013813 7.739908 -2.262695
v -6.013025 7.455422 -2.604476
v -6.013018 7.744519 -2.503785
v -3.648819 9.679298 -6.709908
v -3.528832 9.532100 -6.666520
v -3.573412 9.469357 -6.657472
v -3.772410 9.491459 -6.595124
v -3.712466 9.704922 -6.720040
v -5.716312 6.800797 -0.717537
v -5.705765 6.971474 -0.483856
v -5.707410 7.066335 -0.496019
v -5.790900 7.030834 -0.622822
v -5.746321 6.313550 -0.862573
v -5.739035 6.459166 -0.622639
v -5.963979 5.762832 0.707927
v -5.362890 5.822319 0.786150
v -5.181318 5.824112 0.758249
v -4.573734 5.787510 0.659335
v -5.739440 6.425385 0.412654
v 0.375986 6.128503 0.425960
v -1.800155 7.459271 -6.466669
v -1.801385 7.760043 -6.439456
v -1.791663 7.459265 -5.584329
v -1.137887 7.459265 -6.466308
v -1.135473 7.459264 -5.555515
v -1.635593 3.620802 0.519394
v -1.803384 4.765706 0.924808
v -0.893892 4.900502 0.738585
v -0.897121 3.651269 -0.894537
v -0.550989 5.157848 0.773235
v -0.819321 3.772454 -0.883192
v -1.765332 3.075330 0.460117
v -1.124103 3.004499 -0.792511
v -1.383934 2.380054 -0.849694
v -1.365687 1.905471 -0.890338
v -2.348962 4.819997 1.012727
v -2.347758 5.037979 0.965810
v -1.118462 3.084257 -0.854608
v -0.027514 5.565614 0.743458
v 0.084085 5.510695 0.662552
v 0.115399 5.547377 0.696193
v -0.237494 5.614824 0.696893
v 0.272563 5.750173 0.711671
v 0.327589 5.683143 0.715078
v 0.309566 5.676523 0.714352
v 0.265936 5.768516 0.710767
v 0.154606 6.056632 0.597232
v -5.725881 7.013801 0.447214
v -5.704186 7.639644 -1.893985
v -5.699332 7.683881 -1.601718
v -2.146729 9.594034 -5.353916
v -2.031627 9.538026 -4.976641
v -2.554898 9.459898 -5.260868
v -2.551632 9.368788 -5.362668
v -2.411409 9.353147 -5.396287
v -2.587281 9.469758 -5.343938
v -3.421834 9.329996 -5.179099
v -3.616787 9.315612 -5.266463
v -3.620840 9.449355 -5.369541
v -3.408469 9.460255 -5.313090
v -2.149580 9.010839 -4.785406
v -2.190075 8.843103 -4.870281
v -2.835326 8.872734 -5.075994
v -2.743349 9.275340 -5.169606
v -2.046996 9.318790 -4.893022
v -2.789131 9.306008 -5.354516
v -3.219195 9.411445 -5.258595
v -3.205006 9.280357 -5.154570
v -2.986547 9.239129 -5.127217
v -3.010055 9.285458 -5.346488
v -1.642912 9.577622 -6.296248
v -1.638062 9.258823 -6.119103
v -1.646583 9.258823 -6.545013
v -1.670882 9.475764 -6.625143
v -1.653047 9.667030 -6.364408
v -1.625863 9.734351 -6.381712
v -1.593453 9.731973 -5.951524
v -1.629542 9.674995 -5.950819
v -1.547670 9.613400 -5.392708
v -1.638061 9.482961 -5.144806
v -1.706154 9.551104 -5.370356
v -1.673325 9.650771 -5.618956
v -1.597511 9.682034 -5.632421
v -1.625075 9.631964 -5.950762
v -1.565918 9.769586 -5.969414
v -1.586987 9.783127 -6.397627
v -1.478931 9.846954 -6.425706
v -1.475500 9.822685 -5.944084
v -1.545612 9.680140 -5.690498
v -5.672977 7.629597 -2.016646
v -5.740646 7.737453 -2.184639
v 0.375980 6.128060 -0.259843
v 0.375980 6.128346 -0.468806
v -5.705824 7.589431 -2.210248
v -5.718348 7.705892 -2.358734
v -6.022775 7.777842 -2.308360
v -5.844825 7.783861 -2.250939
v -6.042622 7.765682 -2.594550
v -6.669656 7.452088 -1.812457
v -7.101714 7.452096 -2.187722
v -7.102512 7.452098 -1.714849
v 0.402849 6.240600 -0.656778
v 0.375980 6.128555 -0.653105
v 0.339917 6.229768 -0.656668
v -3.579111 8.912363 -5.075994
v -0.572886 7.812463 -6.499579
v -0.726920 7.621928 -6.480385
v -0.668537 7.807388 -6.494954
v -0.183310 7.774905 -6.540274
v -0.874849 7.459252 -6.466410
v -0.876029 7.459240 -5.572286
v 0.012489 7.688503 -6.485040
v -0.065693 7.694543 -6.445139
v -0.047520 7.776846 -6.495368
v -0.167466 7.620595 -6.421734
v -0.165469 7.785041 -6.519436
v -0.110342 7.809258 -6.517690
v -0.158964 7.694027 -6.304616
v -0.167470 7.777607 -5.516927
v 0.029124 7.622077 -6.488561
v -0.060815 7.674233 -6.394331
v 0.099928 6.018301 -0.243791
v 0.099613 6.018270 -0.478857
v 0.007237 6.127282 -0.647875
v 0.148923 6.194943 -0.654678
v 0.099600 6.018236 -0.645003
v -0.070527 5.946302 -0.489739
v -0.070849 5.946113 -0.627491
v -0.126809 6.033642 -0.630786
v -7.108176 5.784581 0.385684
v -6.529428 5.836331 0.564028
v -7.119553 7.112036 0.402384
v -7.076967 7.389848 0.415932
v -6.851649 7.298126 0.402800
v -6.460891 7.186844 0.350836
v -6.081522 7.095372 0.499575
v -6.463752 6.691777 0.425396
v -6.443470 6.354308 0.419403
v -7.076967 6.078995 0.277319
v -7.102122 6.139780 0.321395
v -6.931477 6.210470 0.303043
v -7.103744 5.857112 0.291240
v -7.171000 5.924602 0.203166
v -6.897843 5.886631 0.358397
v -6.947667 6.380799 0.329749
v -4.744789 6.204482 0.457159
v -4.705060 6.237700 -0.490323
v -5.112818 5.877275 0.453514
v -4.370399 5.897023 0.455965
v -5.739440 5.866246 0.470925
v -5.260746 5.877283 0.476549
v -5.222251 5.877553 -0.578960
v -1.790454 7.480929 -4.110771
v -1.131793 7.485169 -2.948159
v -1.790460 7.485540 -2.948154
v -1.126131 7.481665 -3.098518
v -1.397274 5.332584 0.749462
v -0.671798 5.691874 0.692563
v -1.404558 5.652864 0.910608
v -0.726102 5.775754 0.742031
v 0.130579 6.138150 0.452991
v 0.099933 6.018149 0.425958
v 0.008203 5.975457 0.625999
v -0.005716 6.061095 0.470749
v -0.025003 5.777548 0.703189
v -0.025317 5.791751 0.702055
v -0.215995 5.882967 0.575520
v -0.224818 5.915937 0.490764
v -0.110047 6.010030 0.495305
v -0.826596 5.860206 0.645980
v -0.280481 5.879495 0.569555
v -0.275445 5.757573 0.600001
v -4.760599 5.883376 -3.044019
v -4.184225 5.883377 -3.036781
v -4.197624 5.908134 -2.678630
v -4.778022 5.908134 -2.679605
v -1.125748 7.481700 -4.110742
v -0.876086 7.468483 -5.281712
v -0.167883 7.711238 -5.291761
v -1.135452 7.469714 -5.274900
v -4.281108 5.908135 -0.544343
v -4.197619 5.908135 -1.451759
v -4.928804 5.908134 -1.347131
v -4.796275 5.908135 -1.985353
v -4.198004 5.908135 -1.933610
v -5.695276 6.134751 -1.503077
v -5.636887 5.883523 -1.468482
v -5.726870 5.855085 -0.903313
v -5.060510 5.908134 -0.903806
v -5.705008 7.185947 -2.075333
v -5.706593 7.326666 -2.494026
v -5.764567 5.883382 -3.034255
v -5.821722 7.402315 -3.035564
v -4.752899 7.401323 -3.039848
v -4.183023 7.401492 -3.036781
v -5.655550 5.883523 -1.956229
v -5.747145 7.163427 -2.617651
v -5.803886 7.401856 -2.944917
v -5.697685 5.883523 -2.696340
v -4.137208 7.401492 -2.948376
v -4.258810 7.401489 -2.948392
v -5.791718 7.356957 -2.776567
v -0.062899 7.676529 -6.320300
v 0.016927 7.503097 -6.485445
v -0.080426 7.711432 -5.291033
v -0.089514 7.224419 -4.260072
v -0.201094 7.228790 -4.261120
v -0.089514 7.778567 -5.517101
v -0.080428 7.699420 -6.239635
v -0.080446 7.389881 -6.495958
v -0.089514 5.949491 -4.211518
v -0.080494 6.121619 -5.281394
v -0.080470 5.759661 -5.281514
v -0.089514 5.759639 -4.249460
v -0.089514 6.153341 -5.484489
v -0.089514 5.757336 -5.476476
v -0.080493 6.308114 -6.504148
v -0.080503 5.762492 -6.507837
v -0.080481 6.317704 -6.584550
v -0.080472 6.561240 -5.287335
v -0.089514 6.330902 -4.248850
v -0.089514 6.586810 -5.485130
v -0.080469 6.701138 -6.466910
v -0.080470 6.706917 -6.492653
v -0.878492 7.068627 -4.246336
v -1.126129 7.401855 -3.096661
v -1.127367 7.401853 -2.948217
v -1.790049 7.401853 -2.948205
v -1.125748 7.401855 -4.110744
v -1.134239 7.401855 -4.328678
v -5.712293 7.569614 -6.671755
v -5.894663 7.622412 -6.660769
v -6.158144 7.760456 -6.765675
v -6.233130 7.697008 -6.723076
v -6.292311 7.729651 -6.745781
v -6.360815 7.675319 -6.711931
v -7.066458 7.645686 -6.666017
v -6.733692 7.576342 -6.610304
v -7.045382 7.523357 -6.671550
v -1.712229 9.356299 -5.255867
v -1.629124 9.258823 -5.610345
v -1.894191 9.514088 -5.336655
v -1.897421 9.497750 -5.251454
v -2.239120 9.340917 -5.368445
v -1.556157 9.035263 -5.576670
v -1.793690 9.044899 -5.059783
v -1.804209 9.275333 -5.177803
v -1.512410 9.217266 -5.678249
v -1.742207 9.258823 -5.531792
v -1.747493 9.258823 -6.098520
v -3.782171 5.822986 0.660478
v -3.302676 5.307044 0.779376
v -2.674851 5.269364 0.969435
v -3.168119 5.538083 0.866197
v -2.976406 5.768377 0.754538
v -2.613642 5.502934 0.957057
v -3.536940 5.901967 -1.407702
v -3.349281 5.908092 -1.896844
v -4.188313 8.489035 -4.110790
v -4.191927 7.984136 -4.111303
v -4.315578 7.975906 -4.124511
v -4.311907 8.580773 -4.112087
v -4.001855 8.360722 -4.110790
v -3.645166 8.115096 -4.110790
v -2.947642 7.635228 -4.110788
v -5.831481 7.843380 -1.720607
v -5.901979 7.825001 -1.727277
v -5.787282 7.760344 -1.662217
v -6.034884 7.820623 -1.695354
v -6.014671 7.452087 -1.831387
v -5.649872 7.676050 -1.556868
v -5.759276 7.277225 -1.644995
v -5.745524 7.802335 -1.485896
v -5.881725 7.849264 -1.423424
v -5.999651 7.815374 -1.434275
v -5.777112 7.858269 -0.537677
v -5.953844 7.790328 -0.531613
v -5.955073 7.857049 -0.532244
v -5.676206 7.792577 -0.847538
v -5.748786 7.883718 -1.003001
v -6.003331 7.781227 -0.525196
v -5.992338 7.817147 -0.531126
v -6.007730 7.816904 -1.173741
v -5.910059 7.870854 -1.120258
v -5.999650 7.817031 -0.837006
v -5.914938 7.895491 -0.861237
v -5.810789 7.868046 -0.824277
v -6.015841 7.452087 -1.269665
v -6.008971 7.634920 -0.853496
v -6.013836 7.452088 -0.873203
v -5.713079 7.356052 -0.698076
v -5.824169 7.230879 -0.581724
v -5.778727 7.664095 -0.546855
v -5.919401 7.559752 -0.551176
v -5.768624 7.408803 -0.555994
v -5.734978 7.513651 -0.746560
v -5.013525 9.169933 -4.120318
v -5.019193 9.128901 -4.190066
v -5.361685 9.125771 -4.202327
v -4.711143 8.895082 -4.109940
v -4.698186 8.888600 -4.196288
v -0.287129 5.869474 -0.647777
v -0.287129 5.869475 -0.570947
v -2.036476 5.901967 -1.405959
v -2.067685 5.901967 -0.922463
v -0.136323 6.037857 -0.660907
v -0.287129 5.869474 -0.695895
v -1.790426 7.469686 -5.269110
v -1.883422 7.648089 -5.279269
v -1.803416 7.477190 -5.217196
v -1.614554 8.655038 -6.391395
v -1.666720 8.522921 -6.499136
v -1.751413 8.413880 -6.381656
v -1.672501 8.581822 -5.974582
v -1.697540 8.885960 -5.799617
v -1.894513 8.866947 -5.266631
v -2.828448 8.361650 -5.193549
v -1.858398 8.459387 -5.233499
v -3.572203 8.386500 -5.193549
v -1.754781 8.033242 -6.408430
v -1.879367 7.986971 -5.282856
v -1.770185 8.148540 -6.358660
v -1.779083 7.891022 -6.424581
v -4.081288 8.553829 -4.110787
v -3.911055 8.435909 -4.110788
v -4.186690 8.618144 -4.112087
v -3.564920 8.195685 -4.110788
v -2.846702 7.697269 -4.110790
v -4.627252 8.954041 -4.112087
v -5.456927 9.166871 -4.113554
v -5.449638 9.258745 -4.098524
v -5.009470 9.258824 -4.128862
v -7.100888 7.455422 -2.651275
v -6.670855 7.455422 -2.678699
v -6.013024 7.454997 -2.937290
v -6.013813 7.585518 -2.734941
v -4.138031 7.475982 -2.948329
v -3.176202 7.481423 -2.948217
v -3.187162 7.401492 -2.948271
v -4.259632 7.476039 -2.948344
v -5.769830 7.457881 -2.946179
v -5.867101 7.455353 -2.945878
v -3.044087 7.478120 -4.110790
v -2.725102 7.478622 -4.110788
v -2.679695 7.484242 -2.948159
v -2.524456 7.485048 -2.948153
v -2.524484 7.401492 -2.948207
v -2.678905 7.401492 -2.948217
v -1.803416 7.480879 -4.110771
v -1.802212 7.465729 -2.961897
v -1.802212 7.401770 -2.972909
v -1.828955 7.401849 -2.948204
v -1.829362 7.485693 -2.948148
v -1.829362 7.485275 -2.962163
v -7.100479 7.455422 -2.962421
v -0.070525 5.946418 -0.242839
v -0.070527 5.947167 0.440072
v -0.290295 5.887260 0.467096
v -0.287130 5.869472 0.398655
v -0.881735 5.902035 0.531224
v -0.287130 5.869474 -0.285253
v -1.019518 5.901967 -0.237568
v -1.010207 5.901967 -0.525703
v -1.891778 5.901967 -0.335413
v -0.955077 5.902020 -0.739261
v -3.138121 5.908092 -2.673633
v -1.005735 7.284670 -4.328580
v -0.241161 6.676390 -2.881952
v -0.878909 6.594901 -2.970449
v -0.949023 5.876256 -2.595312
v -0.983048 5.876419 -3.021561
v -0.992748 6.476287 -3.578308
v -2.037295 5.876228 -2.675180
v -0.927929 5.894012 -0.923005
v -0.287129 5.896871 -0.908743
v -1.155726 7.401399 -4.109044
v -1.155726 7.401399 -3.062897
v -1.192214 7.401399 -3.036764
v -1.627921 7.401432 -3.036774
v -3.172149 7.401492 -3.036839
v -3.173798 5.883529 -3.036841
v -2.055517 5.883379 -3.036696
v -1.154899 6.517215 -3.502343
v -1.154899 6.657522 -3.069624
v -1.185694 6.671278 -3.036728
v -1.178409 5.876330 -3.036689
v -1.154137 5.896612 -3.076505
v -2.095252 7.401492 -3.036792
v -2.076204 6.677969 -3.036746
v -1.831363 6.678835 -3.036737
v -1.142767 6.394302 -3.130581
v -1.174350 6.380618 -3.098041
v -1.894628 6.453863 -3.036725
v -6.031657 7.670913 -2.794876
v -6.035709 7.638235 -2.889974
v -5.882106 7.609452 -2.921537
v -5.797384 7.759679 -2.571420
v -5.780761 7.644821 -2.613170
v -5.919786 7.780696 -2.806818
v -6.040998 7.750084 -2.748076
v -5.929507 7.739581 -2.926388
v -5.926276 7.776465 -2.868049
v -5.988693 7.739896 -2.879321
v -6.030860 7.737398 -2.854012
v -5.715516 7.533374 -2.810738
v -5.767408 7.716549 -2.839933
v -3.569798 8.180140 -5.193549
v -3.909405 8.401491 -5.193789
v -4.627663 8.962612 -5.193549
v -5.006238 9.258823 -5.193681
v -4.505268 9.258823 -5.169606
v -5.449638 9.258823 -5.174059
v -5.453692 9.138044 -5.206685
v -1.828129 7.477190 -5.194104
v -2.839381 7.705559 -5.193549
v -2.524456 7.477188 -5.193549
v -2.524456 7.478621 -4.110788
v -1.828955 7.480673 -4.110775
v -4.145729 8.588669 -5.193549
v -4.072793 8.531446 -5.190633
v -7.103320 7.452098 0.418784
v -6.669656 7.452098 0.443420
v -6.010618 7.452083 0.476838
v -5.804274 7.276338 0.469860
v -5.046350 6.624470 0.480829
v -5.033768 6.607400 -0.502684
v -4.643054 6.287390 -0.504680
v -5.591891 7.108833 -0.508263
v -5.610936 7.104329 0.466228
v -4.648731 6.288831 0.465664
v -1.490899 5.750280 0.795920
v -2.663918 5.769526 0.783952
v -4.130329 5.907540 0.466474
v -2.837767 5.908092 0.531596
v -4.129919 5.901967 -0.513447
v -1.628718 5.901999 0.610141
v -2.630685 5.901967 -0.407721
v -7.102918 7.452098 0.345799
v -7.102512 7.452098 -0.534470
v -6.669656 7.452088 -0.523778
v -5.441526 9.168523 -4.554125
v -5.411553 8.715530 -4.665719
v -5.426538 8.693380 -6.601981
v -5.473150 9.129445 -6.116364
v -5.461390 9.150249 -6.734160
v -5.564359 7.589414 -6.810415
v -5.675035 7.593202 -6.685880
v -5.570409 7.777465 -4.496748
v -5.510406 7.450798 -6.797962
v -5.512050 7.860343 -4.501645
v -5.563951 7.624269 -4.634515
v -5.550961 7.663921 -4.505696
v -5.575704 7.725119 -4.495100
v -5.625542 7.473270 -6.672751
v -5.670116 7.459149 -6.646268
v -5.584612 7.497838 -6.702405
v -5.569209 7.565933 -4.634719
v -5.578120 7.518921 -4.630270
v -5.507999 7.487602 -4.624894
v -4.305855 8.314320 -4.190708
v -4.305032 8.542011 -4.181037
v -4.306647 8.116685 -4.202468
v -4.307061 7.938380 -4.174800
v -4.307437 7.695875 -4.197717
v -4.317579 7.527460 -4.121519
v -4.714785 8.688694 -4.223747
v -4.195569 7.476213 -4.110788
v -5.361245 8.045394 -4.347084
v -5.465032 7.909912 -4.548163
v -5.492596 8.017173 -4.546148
v -5.488549 8.051068 -4.574524
v -4.842061 7.903987 -4.190427
v -4.831119 7.990054 -4.184477
v -4.266915 7.475998 -2.962276
v -4.307437 7.477250 -4.195044
v -4.317579 7.475698 -4.110787
v -4.805209 8.125900 -4.201052
v -5.480433 8.136318 -4.552856
v -5.316699 8.135921 -4.351755
v -5.242907 8.716157 -4.392347
v -4.788162 8.211981 -4.216844
v -4.774414 8.314001 -4.210248
v -5.270088 8.313643 -4.384424
v -5.456109 8.277838 -4.532261
v -5.380760 8.309557 -4.542877
v -5.477995 8.234604 -4.528575
v -4.750871 8.506942 -4.195137
v -5.285872 8.462381 -4.365294
v -5.388044 8.343230 -4.529943
v -5.450867 8.400086 -4.558482
v -5.466680 8.440769 -4.572519
v -5.397745 7.866284 -4.359800
v -4.870852 7.694180 -4.198056
v -5.431833 7.692400 -4.350654
v -5.839152 7.458930 -4.110689
v -5.625545 7.458473 -4.110703
v -4.931654 7.467607 -4.110748
v -5.460977 7.479873 -4.489653
v -4.893539 7.477216 -4.229800
v -4.874089 7.635763 -4.217486
v -5.460986 7.570150 -4.391307
v -5.366949 7.477188 -4.411957
v -4.618724 9.653795 -6.787831
v -4.619138 9.468344 -6.647759
v -4.665360 9.632801 -6.783035
v -4.794659 9.373682 -6.673219
v -4.965683 9.421196 -6.878423
v -5.455311 9.258823 -6.108589
v -5.553435 9.420293 -6.811690
v -5.405059 9.572481 -6.782433
v -5.423661 9.258823 -6.704486
v -5.139976 9.363167 -6.730146
v -5.046350 9.416411 -6.890520
v -4.992456 9.360388 -6.903466
v -5.008257 9.258823 -6.704095
v -5.009434 9.258823 -6.108263
v -3.424689 9.503850 -6.809955
v -3.184314 9.737782 -6.740594
v -3.045700 9.493728 -6.651555
v -3.131243 9.761163 -6.747006
v -3.581141 9.258823 -6.703932
v -1.753168 9.258823 -6.655638
v -1.738183 9.458163 -6.689407
v -2.444646 9.258823 -5.432790
v -2.173062 9.258823 -5.432825
v -2.108235 9.258823 -6.108955
v -2.098478 9.258823 -6.717961
v -2.697123 9.258823 -5.410424
v -3.008027 9.225245 -5.388842
v -3.429125 9.461270 -5.380553
v -3.128395 9.333069 -5.366373
v -3.153105 9.234235 -5.377815
v -3.484665 9.356985 -5.385715
v -2.973553 9.258823 -6.721397
v -3.071652 9.258823 -6.108749
v -2.813052 9.258823 -6.108797
v -2.518372 9.258823 -6.108852
v -2.735233 9.499742 -6.632985
v -2.627006 9.258823 -6.720474
v -3.016553 9.258823 -5.411736
v -4.166384 9.686875 -6.784524
v -4.056983 9.549248 -6.717634
v -4.305825 9.488490 -6.644807
v -4.229622 9.700499 -6.793077
v -4.468741 9.709781 -6.793628
v -3.911875 9.718524 -6.736938
v -3.844174 9.258823 -6.732844
v -4.086551 9.258823 -6.759520
v -4.148966 9.258823 -5.275346
v -4.513378 9.258823 -6.703301
v -4.507672 9.258823 -6.108720
v -3.620018 9.449357 -5.386603
v -4.094246 9.258823 -6.108697
v -3.585166 9.258823 -6.108669
v -3.616375 9.258823 -5.406687
v -6.172744 7.596684 -6.636244
v -6.344964 7.627426 -6.653698
v -5.941669 7.458926 -6.665960
v -6.706907 7.458751 -6.664740
v -7.069271 7.458751 -6.664937
v -6.671273 7.458928 -4.110790
v -7.098858 7.458927 -4.110843
v -6.026391 7.458939 -4.110695
v -6.012197 7.452088 -0.538878
v -5.902013 7.366133 -0.536562
v -6.004512 7.452088 -0.458444
v -5.798623 7.286460 -0.512774
v -1.619432 9.804224 -6.647596
v -1.508520 9.854070 -6.659685
v -1.676555 9.738082 -6.643011
v -1.550112 9.640483 -6.656560
v -1.484023 9.620020 -6.636562
v -7.132507 6.960464 -2.985028
v -7.092402 6.750589 -3.051705
v -7.012938 7.020505 -6.992543
v -7.052664 7.230380 -6.925865
v -6.754752 7.032907 -7.035468
v -6.954989 7.547392 -6.973236
v -6.478365 7.046190 -7.081439
v -6.457662 7.405699 -7.028713
v -5.853341 7.076227 -7.185396
v -5.940063 7.258317 -7.086417
v -4.975824 9.195878 -7.007922
v -3.986870 8.889736 -7.205997
v -4.173704 9.328027 -6.969096
v -4.554309 8.725744 -7.264747
v -3.592480 9.378732 -6.933997
v -3.517492 8.947997 -7.021900
v -3.299860 8.970323 -7.052060
v -3.226071 9.416360 -6.984830
v -2.875879 9.807023 -6.758670
v -2.578380 9.617770 -6.891559
v -2.154813 9.792342 -6.807050
v -2.382199 9.489360 -6.686388
v -2.113087 9.454234 -6.649227
v -6.911196 6.673232 0.412455
v -7.077385 6.216470 0.299806
v -7.078206 6.386971 0.327696
v -7.073738 6.608649 0.406520
v -7.005655 6.677221 0.394078
v -7.070507 6.762654 0.405119
v -7.111441 6.796098 -0.348131
v -7.153165 6.993140 -0.245656
v -6.896626 6.653465 -0.166244
v -6.927022 6.595830 -0.333627
v -6.892574 6.636220 -0.162452
v -6.955778 6.193291 -0.069827
v -7.023487 6.090843 -0.271775
v -5.499888 7.759564 -6.771106
v -5.416372 7.689646 -6.674068
v -5.462628 8.168712 -6.636289
v -5.384782 8.370881 -6.564494
v -4.823014 8.271701 -7.089469
v -5.155404 8.609003 -6.873410
v -5.359657 7.464829 -6.901747
v -5.028132 7.127513 -7.120032
v -5.385983 7.665810 -6.740881
v 0.356061 6.150895 -0.838161
v 0.467977 6.173598 -0.793546
v 0.405053 6.251691 -0.657079
v 0.335494 6.244130 -0.657079
v 0.251059 6.106584 -0.867162
v 0.163479 6.202487 -0.677334
v -0.026873 5.960486 -0.852139
v 0.092020 6.022371 -0.856928
v -0.018047 6.125302 -0.663772
v -0.116704 6.053216 -0.711935
v -0.089514 5.669412 -2.783463
v -0.089514 6.679666 -2.882224
v -0.080429 5.800020 -0.830999
v -0.080373 5.865029 -0.778297
v -0.080478 5.620175 -0.842735
v 0.075582 5.835699 -0.838777
v 0.193829 5.899423 -0.845094
v 0.349737 5.985220 -0.853409
v 0.447445 6.029624 -0.823845
v 0.566018 6.028730 -0.778078
v -0.080389 5.842716 -6.662232
v -0.080374 6.641220 -6.663813
v -0.379079 6.604418 -6.731726
v -0.647053 5.900417 -6.731488
v -0.080381 7.395249 -6.651021
v -0.538000 7.056640 -6.897253
v -0.675824 7.283333 -6.858299
v -0.191386 7.677106 -6.695687
v -0.828249 7.729386 -6.646855
v -0.965241 7.229770 -6.831573
v -1.602108 7.595698 -6.779111
v -1.881260 7.072487 -6.922699
v -2.281005 7.586948 -6.737352
v -2.575114 7.658309 -7.011679
v -1.898241 8.484564 -6.783486
v -2.693097 8.362989 -7.138223
v -1.466514 9.156678 -6.210392
v -1.686695 9.658846 -6.686619
v -1.561766 8.895948 -6.211172
v -1.289486 9.358693 -6.060835
v -1.944085 9.738777 -6.783812
v -2.021456 9.642925 -6.958005
v -1.689101 9.620726 -6.704463
v -1.532271 9.582643 -6.605670
v -1.634417 9.503058 -6.767859
v -1.731282 8.961300 -6.636594
v -2.767680 8.625327 -7.046244
v -2.598620 9.480890 -7.072006
v -2.964624 8.882201 -7.153275
v -1.749107 9.521352 -6.703191
v -2.062040 9.468545 -6.973656
v -1.610491 9.296340 -6.654114
v -1.730861 9.433434 -6.828198
v -2.040116 9.306913 -6.836534
v -1.403767 9.426003 -5.440587
v -1.253678 9.430619 -6.150961
v -1.339731 9.572757 -5.771761
v -1.213207 9.761558 -5.938576
v -1.367031 9.824536 -5.951880
v -1.194069 9.668329 -5.954360
v -1.268280 9.568121 -6.011972
v -1.427857 9.837221 -6.432880
v -1.772514 8.158590 -5.235511
v 7.066892 5.871794 -0.620234
v -5.735621 5.858590 -0.563172
v 1.475003 7.620685 -6.425661
v 1.495962 7.459259 -6.466708
v 1.478644 7.500401 -5.531649
v 1.472864 7.513455 -5.281598
v 1.475824 7.068729 -4.245658
v 1.550361 6.561031 -2.888489
v -0.197895 7.620683 -6.425606
v -0.203432 7.459259 -6.466717
v -0.195351 7.459244 -5.531203
v -0.197255 7.468236 -5.281598
v -0.189435 7.068730 -4.245647
v -0.225260 6.560558 -2.887343
vt 0.988091 0.578461
vt 0.920890 0.577926
vt 0.789184 0.815506
vt 0.773892 0.690932
vt 0.580032 0.573769
vt 0.677307 0.525887
vt 0.920088 0.541761
vt 0.748430 0.538519
vt 0.746755 0.504585
vt 0.682264 0.501558
vt 0.682979 0.263286
vt 0.728647 0.263550
vt 0.886341 0.513089
vt 0.791362 0.262369
vt 0.612451 0.263371
vt 0.680908 0.381666
vt 0.736458 0.382326
vt 0.581089 0.536887
vt 0.532008 0.574828
vt 0.774581 0.388112
vt 0.937945 0.543016
vt 0.985662 0.560161
vt 0.732687 0.324982
vt 0.681895 0.325250
vt 0.629705 0.384079
vt 0.624593 0.330395
vt 0.609538 0.278418
vt 0.614089 0.442412
vt 0.679833 0.443099
vt 0.740697 0.446783
vt 0.794991 0.450310
vt 0.815445 0.453681
vt 0.859989 0.487759
vt 0.560039 0.690835
vt 0.793448 0.936050
vt 0.782602 0.961600
vt 0.755872 0.923113
vt 0.786097 0.942485
vt 0.781634 0.944703
vt 0.627050 0.668598
vt 0.590593 0.910550
vt 0.580847 0.923059
vt 0.617942 0.905781
vt 0.768258 0.785147
vt 0.622376 0.772474
vt 0.791378 0.787812
vt 0.819737 0.796847
vt 0.840787 0.782437
vt 0.620208 0.753816
vt 0.578734 0.783758
vt 0.524187 0.770595
vt 0.577003 0.650280
vt 0.499030 0.658210
vt 0.532847 0.658556
vt 0.585326 0.611068
vt 0.500081 0.636058
vt 0.588449 0.592824
vt 0.500087 0.621668
vt 0.670568 0.632616
vt 0.839109 0.661472
vt 0.806552 0.659071
vt 0.644367 0.577081
vt 0.602052 0.539218
vt 0.627747 0.510822
vt 0.643946 0.443149
vt 0.649289 0.383810
vt 0.649848 0.329006
vt 0.638864 0.263031
vt 0.622349 0.926482
vt 0.587590 0.960120
vt 0.568107 0.962415
vt 0.577123 0.968291
vt 0.590318 0.952293
vt 0.619588 0.948683
vt 0.673326 0.929507
vt 0.667097 0.946908
vt 0.715056 0.933545
vt 0.712732 0.952043
vt 0.717534 0.968206
vt 0.756193 0.940141
vt 0.743466 0.960773
vt 0.753295 0.948299
vt 0.566329 0.948374
vt 0.573176 0.920333
vt 0.572841 0.921760
vt 0.567262 0.943009
vt 0.572374 0.940700
vt 0.576035 0.911116
vt 0.597830 0.881631
vt 0.593829 0.886537
vt 0.597924 0.868482
vt 0.594873 0.867475
vt 0.598104 0.843061
vt 0.593028 0.854889
vt 0.597931 0.794166
vt 0.601735 0.787683
vt 0.598338 0.810070
vt 0.605237 0.805648
vt 0.524431 0.721154
vt 0.528924 0.689360
vt 0.552439 0.668355
vt 0.500034 0.674691
vt 0.810461 0.694299
vt 0.810732 0.769466
vt 0.821366 0.777811
vt 0.783449 0.791193
vt 0.780977 0.821845
vt 0.785368 0.816328
vt 0.770513 0.790420
vt 0.771390 0.785332
vt 0.769215 0.806003
vt 0.742830 0.849322
vt 0.766373 0.860746
vt 0.735252 0.851773
vt 0.737808 0.781218
vt 0.730768 0.846732
vt 0.738053 0.816315
vt 0.768339 0.831402
vt 0.767554 0.818184
vt 0.769602 0.813198
vt 0.811690 0.818851
vt 0.811635 0.825004
vt 0.831686 0.822029
vt 0.831394 0.824654
vt 0.820372 0.830765
vt 0.835496 0.831916
vt 0.846563 0.834173
vt 0.852347 0.824638
vt 0.852291 0.829161
vt 0.787722 0.831976
vt 0.803545 0.832789
vt 0.782466 0.826267
vt 0.863686 0.806294
vt 0.633322 0.487530
vt 0.590777 0.514983
vt 0.595412 0.511965
vt 0.639000 0.463810
vt 0.606899 0.484121
vt 0.617329 0.461832
vt 0.613437 0.449277
vt 0.648176 0.396170
vt 0.621218 0.431141
vt 0.619477 0.420607
vt 0.625660 0.401859
vt 0.630036 0.394621
vt 0.790283 0.438203
vt 0.772376 0.399057
vt 0.779444 0.419582
vt 0.738441 0.412478
vt 0.680413 0.409930
vt 0.771707 0.335435
vt 0.789323 0.276722
vt 0.777607 0.310375
vt 0.778943 0.291288
vt 0.734604 0.354129
vt 0.770103 0.352974
vt 0.773258 0.370783
vt 0.681442 0.351113
vt 0.649575 0.355787
vt 0.625889 0.360008
vt 0.647855 0.399742
vt 0.620222 0.748866
vt 0.613372 0.751796
vt 0.625460 0.669652
vt 0.615146 0.747383
vt 0.593577 0.767326
vt 0.593498 0.763605
vt 0.583332 0.755387
vt 0.578488 0.601963
vt 0.604994 0.698869
vt 0.666469 0.646414
vt 0.564409 0.780843
vt 0.574661 0.760136
vt 0.541094 0.756798
vt 0.532225 0.753755
vt 0.521569 0.753330
vt 0.755398 0.687849
vt 0.757812 0.895701
vt 0.644809 0.776919
vt 0.626043 0.772544
vt 0.649773 0.757980
vt 0.661529 0.759528
vt 0.653943 0.772408
vt 0.661240 0.773605
vt 0.811700 0.783680
vt 0.804932 0.788629
vt 0.650048 0.754834
vt 0.662772 0.756456
vt 0.732859 0.777332
vt 0.738516 0.777727
vt 0.801619 0.921830
vt 0.811548 0.923223
vt 0.767559 0.891289
vt 0.769638 0.888153
vt 0.735931 0.937857
vt 0.611593 0.917234
vt 0.619001 0.872386
vt 0.619479 0.830273
vt 0.709961 0.845795
vt 0.873675 0.800834
vt 0.831352 0.791274
vt 0.849593 0.784990
vt 0.902843 0.745736
vt 0.905666 0.727027
vt 0.909495 0.744133
vt 0.989589 0.722617
vt 0.867720 0.633201
vt 0.843564 0.613585
vt 0.807240 0.587823
vt 0.819068 0.587085
vt 0.847196 0.609142
vt 0.916055 0.665495
vt 0.978373 0.744273
vt 0.916407 0.689994
vt 0.858781 0.643350
vt 0.834868 0.623924
vt 0.990366 0.710615
vt 0.709712 0.678392
vt 0.726978 0.656692
vt 0.655669 0.665656
vt 0.719026 0.669088
vt 0.785857 0.681426
vt 0.798656 0.595987
vt 0.693844 0.612157
vt 0.824392 0.571865
vt 0.797675 0.511621
vt 0.833175 0.540119
vt 0.818970 0.511721
vt 0.730550 0.564143
vt 0.917612 0.637289
vt 0.869193 0.583116
vt 0.865309 0.623984
vt 0.862897 0.583475
vt 0.857106 0.616140
vt 0.920393 0.586924
vt 0.987757 0.584167
vt 0.862161 0.571554
vt 0.859093 0.540609
vt 0.836268 0.511802
vt 0.873240 0.572900
vt 0.878934 0.540984
vt 0.856972 0.511900
vt 0.627069 0.648217
vt 0.630342 0.629665
vt 0.671161 0.760037
vt 0.671192 0.757222
vt 0.739952 0.765962
vt 0.745857 0.766601
vt 0.739846 0.763470
vt 0.745567 0.763704
vt 0.928945 0.681994
vt 0.912893 0.729768
vt 0.798218 0.816710
vt 0.796558 0.833956
vt 0.849531 0.777302
vt 0.836101 0.770974
vt 0.822060 0.770880
vt 0.910940 0.704551
vt 0.863867 0.768885
vt 0.858236 0.757881
vt 0.856015 0.749343
vt 0.853783 0.778245
vt 0.867985 0.769614
vt 0.864276 0.774572
vt 0.856463 0.773232
vt 0.866720 0.753260
vt 0.863495 0.745636
vt 0.823528 0.753131
vt 0.868636 0.721417
vt 0.850942 0.735326
vt 0.842253 0.767335
vt 0.843186 0.758454
vt 0.842532 0.774004
vt 0.858489 0.760825
vt 0.849543 0.769817
vt 0.847630 0.764155
vt 0.850202 0.752872
vt 0.878323 0.757714
vt 0.880070 0.764509
vt 0.886078 0.757637
vt 0.874012 0.751616
vt 0.871487 0.742594
vt 0.872488 0.763822
vt 0.867943 0.756389
vt 0.830808 0.778328
vt 0.839733 0.788569
vt 0.896775 0.739119
vt 0.896119 0.751902
vt 0.886293 0.744072
vt 0.886920 0.731525
vt 0.894987 0.703845
vt 0.898928 0.753846
vt 0.898703 0.724113
vt 0.904736 0.691256
vt 0.901791 0.704987
vt 0.931910 0.701486
vt 0.944170 0.693103
vt 0.960874 0.691880
vt 0.944592 0.585934
vt 0.949954 0.577312
vt 0.956213 0.547305
vt 0.919755 0.566320
vt 0.954522 0.566184
vt 0.582996 0.745034
vt 0.855394 0.646015
vt 0.892653 0.672221
vt 0.900439 0.784529
vt 0.854332 0.778053
vt 0.933179 0.767407
vt 0.889148 0.757108
vt 0.698500 0.922953
vt 0.698842 0.884638
vt 0.695456 0.843307
vt 0.695795 0.830611
vt 0.664105 0.910491
vt 0.674451 0.882945
vt 0.655064 0.836378
vt 0.657462 0.789676
vt 0.655557 0.670056
vt 0.651512 0.749337
vt 0.704748 0.756501
vt 0.952714 0.632439
vt 0.989983 0.637924
vt 0.988939 0.689803
vt 0.988123 0.606935
vt 0.735036 0.857972
vt 0.729962 0.852226
vt 0.726517 0.862984
vt 0.720409 0.856643
vt 0.902702 0.680670
vt 0.852322 0.796968
vt 0.880515 0.781730
vt 0.924065 0.759112
vt 0.947343 0.728489
vt 0.679218 0.478240
vt 0.743180 0.484538
vt 0.641440 0.564444
vt 0.623466 0.547244
vt 0.734991 0.556051
vt 0.725535 0.556014
vt 0.725103 0.524049
vt 0.791164 0.539326
vt 0.796229 0.570726
vt 0.707059 0.501674
vt 0.710273 0.512185
vt 0.740593 0.549750
vt 0.833927 0.625042
vt 0.858011 0.643955
vt 0.897177 0.627749
vt 0.914219 0.753662
vt 0.845812 0.784460
vt 0.619973 0.786809
vt 0.788455 0.938752
vt 0.789005 0.928088
vt 0.796261 0.923837
vt 0.633759 0.766820
vt 0.604773 0.759728
vt 0.604151 0.756290
vt 0.615188 0.746020
vt 0.620261 0.747199
vt 0.639277 0.757742
vt 0.638215 0.755221
vt 0.771672 0.448304
vt 0.780092 0.263847
vt 0.772893 0.287818
vt 0.772254 0.304373
vt 0.764680 0.333354
vt 0.765287 0.353419
vt 0.767899 0.387697
vt 0.767029 0.400549
vt 0.774455 0.417912
vt 0.787043 0.449059
vt 0.877136 0.511995
vt 0.846451 0.490559
vt 0.826910 0.476909
vt 0.807986 0.484001
vt 0.775894 0.486835
vt 0.622502 0.311536
vt 0.644516 0.296977
vt 0.682418 0.295344
vt 0.730706 0.294859
vt 0.767674 0.321900
vt 0.775445 0.323236
vt 0.616915 0.296330
vt 0.641348 0.277949
vt 0.682771 0.275174
vt 0.729356 0.274335
vt 0.770204 0.312218
vt 0.776636 0.319431
vt 0.524589 0.798362
vt 0.522313 0.788625
vt 0.522870 0.783860
vt 0.526951 0.777541
vt 0.527281 0.801313
vt 0.540294 0.801788
vt 0.534423 0.801574
vt 0.543239 0.778147
vt 0.527150 0.788875
vt 0.538625 0.790409
vt 0.550184 0.793199
vt 0.546475 0.806378
vt 0.557132 0.808331
vt 0.577865 0.808347
vt 0.590730 0.812868
vt 0.578935 0.794027
vt 0.566119 0.792473
vt 0.547667 0.736388
vt 0.540311 0.765568
vt 0.531757 0.761715
vt 0.522064 0.762027
vt 0.566191 0.547676
vt 0.560455 0.557232
vt 0.548695 0.566089
vt 0.576133 0.565654
vt 0.542991 0.567925
vt 0.545244 0.565481
vt 0.555650 0.564253
vt 0.519483 0.583050
vt 0.500102 0.583090
vt 0.541348 0.612874
vt 0.531693 0.634504
vt 0.515905 0.675813
vt 0.515724 0.657310
vt 0.511573 0.672035
vt 0.527442 0.673253
vt 0.531959 0.646777
vt 0.579185 0.634919
vt 0.517369 0.634449
vt 0.516601 0.617592
vt 0.507763 0.583069
vt 0.531706 0.636198
vt 0.517152 0.636664
vt 0.500081 0.636992
vt 0.554586 0.610245
vt 0.554681 0.621505
vt 0.557775 0.626380
vt 0.584219 0.582347
vt 0.795206 0.787089
vt 0.824062 0.819974
vt 0.814081 0.829089
vt 0.826317 0.830714
vt 0.840550 0.832947
vt 0.841256 0.826781
vt 0.845168 0.818662
vt 0.844270 0.802978
vt 0.852319 0.826939
vt 0.849102 0.831951
vt 0.839733 0.788569
vt 0.524851 0.771996
vt 0.526186 0.771508
vt 0.523476 0.761982
vt 0.982746 0.636823
vt 0.768090 0.825607
vt 0.738477 0.824060
vt 0.768459 0.827173
vt 0.763257 0.826253
vt 0.767883 0.823111
vt 0.738497 0.807133
vt 0.769087 0.814531
vt 0.763878 0.812072
vt 0.769811 0.810425
vt 0.547454 0.806557
vt 0.668878 0.787964
vt 0.670332 0.784310
vt 0.721985 0.843085
vt 0.723277 0.839582
vt 0.704771 0.825229
vt 0.706689 0.822133
vt 0.570464 0.559875
vt 0.559382 0.566796
vt 0.557311 0.573814
vt 0.523140 0.588039
vt 0.509519 0.589928
vt 0.500099 0.590916
vt 0.517155 0.583054
vt 0.539253 0.571477
vt 0.986098 0.563834
vt 0.788527 0.822908
vt 0.797373 0.825495
vt 0.811653 0.822992
vt 0.818086 0.825346
vt 0.825244 0.827366
vt 0.831527 0.823456
vt 0.789274 0.811735
vt 0.798769 0.812825
vt 0.769801 0.798506
vt 0.768718 0.797307
vt 0.739101 0.794645
vt 0.769951 0.796521
vt 0.770259 0.794031
vt 0.768485 0.791152
vt 0.770395 0.792102
vt 0.859311 0.668318
vt 0.872454 0.655740
vt 0.821854 0.589406
vt 0.804648 0.601177
vt 0.769371 0.662584
vt 0.761172 0.678184
vt 0.881369 0.603352
vt 0.632385 0.369823
vt 0.652368 0.369823
vt 0.654718 0.371323
vt 0.632297 0.371251
vt 0.885015 0.605475
vt 0.881157 0.603759
vt 0.884604 0.606106
vt 0.885155 0.602199
vt 0.889076 0.608962
vt 0.887721 0.607343
vt 0.891500 0.596051
vt 0.892492 0.599445
vt 0.902732 0.682270
vt 0.892810 0.674350
vt 0.871481 0.656671
vt 0.892097 0.599008
vt 0.896419 0.673733
vt 0.892639 0.598798
vt 0.910471 0.668525
vt 0.629797 0.772585
vt 0.637730 0.768057
vt 0.652950 0.758575
vt 0.628811 0.765500
vt 0.637468 0.757927
vt 0.636946 0.754773
vt 0.650979 0.754953
vt 0.772201 0.801188
vt 0.726238 0.801660
vt 0.833726 0.716992
vt 0.835533 0.718150
vt 0.834760 0.718793
vt 0.837110 0.717607
vt 0.835463 0.718870
vt 0.836554 0.718890
vt 0.837622 0.717427
vt 0.837416 0.718501
vt 0.838150 0.718338
vt 0.838368 0.717163
vt 0.882074 0.760431
vt 0.873946 0.765594
vt 0.901248 0.771423
vt 0.918004 0.775343
vt 0.839297 0.716836
vt 0.839373 0.717614
vt 0.840339 0.716469
vt 0.840325 0.717323
vt 0.841220 0.716623
vt 0.841653 0.716231
vt 0.864385 0.771667
vt 0.736918 0.808429
vt 0.731241 0.813376
vt 0.728015 0.828728
vt 0.728014 0.826916
vt 0.728939 0.827881
vt 0.728838 0.828843
vt 0.728914 0.826948
vt 0.728017 0.826617
vt 0.728985 0.829588
vt 0.728936 0.830416
vt 0.728017 0.831770
vt 0.728893 0.831119
vt 0.726675 0.829591
vt 0.725691 0.828016
vt 0.727330 0.830638
vt 0.727728 0.831275
vt 0.749462 0.841459
vt 0.767898 0.841333
vt 0.726655 0.812306
vt 0.727555 0.813254
vt 0.727059 0.813363
vt 0.726145 0.812347
vt 0.728130 0.813853
vt 0.728053 0.814561
vt 0.795659 0.764111
vt 0.765315 0.761294
vt 0.746165 0.760177
vt 0.972996 0.712663
vt 0.982112 0.702834
vt 0.986249 0.655811
vt 0.959130 0.650311
vt 0.977766 0.653732
vt 0.989211 0.651771
vt 0.989601 0.661293
vt 0.992481 0.625523
vt 0.976149 0.625379
vt 0.989367 0.628095
vt 0.988870 0.620170
vt 0.969397 0.598484
vt 0.988006 0.599338
vt 0.724197 0.764926
vt 0.724302 0.761721
vt 0.727289 0.801215
vt 0.727271 0.801222
vt 0.675252 0.774204
vt 0.685244 0.761820
vt 0.684330 0.758062
vt 0.727212 0.801247
vt 0.727117 0.801287
vt 0.727220 0.801215
vt 0.727295 0.801212
vt 0.727265 0.801202
vt 0.747584 0.801191
vt 0.747607 0.801190
vt 0.727009 0.801333
vt 0.727052 0.801257
vt 0.726929 0.801290
vt 0.726177 0.801686
vt 0.726866 0.801307
vt 0.725920 0.801795
vt 0.728746 0.800597
vt 0.725854 0.801612
vt 0.726966 0.801247
vt 0.729089 0.800489
vt 0.726719 0.801313
vt 0.613372 0.494149
vt 0.589519 0.604260
vt 0.619743 0.807081
vt 0.604228 0.821155
vt 0.603059 0.829122
vt 0.605778 0.813365
vt 0.575984 0.939090
vt 0.586447 0.940345
vt 0.680140 0.918879
vt 0.636821 0.920210
vt 0.643355 0.928609
vt 0.627109 0.957906
vt 0.651140 0.959170
vt 0.643671 0.953912
vt 0.627654 0.923682
vt 0.637905 0.924422
vt 0.664773 0.923043
vt 0.686981 0.927269
vt 0.599142 0.953155
vt 0.606954 0.946091
vt 0.619014 0.885750
vt 0.594179 0.896222
vt 0.619684 0.925230
vt 0.619563 0.924536
vt 0.709355 0.897485
vt 0.706784 0.902168
vt 0.710445 0.905202
vt 0.709076 0.909648
vt 0.706194 0.911818
vt 0.714484 0.905776
vt 0.720198 0.903036
vt 0.716145 0.909345
vt 0.706442 0.912453
vt 0.718025 0.913387
vt 0.716666 0.915406
vt 0.712115 0.919539
vt 0.702472 0.916363
vt 0.700023 0.916945
vt 0.721914 0.910200
vt 0.739922 0.962531
vt 0.636734 0.943704
vt 0.648063 0.944349
vt 0.691957 0.930788
vt 0.673447 0.944152
vt 0.625131 0.955481
vt 0.656993 0.954672
vt 0.628487 0.941558
vt 0.658734 0.953334
vt 0.656819 0.945526
vt 0.666437 0.928472
vt 0.679519 0.961034
vt 0.697681 0.963773
vt 0.807598 0.929539
vt 0.775778 0.934540
vt 0.724142 0.954686
vt 0.738812 0.950664
vt 0.723497 0.967799
vt 0.686937 0.948124
vt 0.685049 0.961658
vt 0.673174 0.950217
vt 0.597957 0.934658
vt 0.680543 0.912653
vt 0.689133 0.915797
vt 0.687546 0.920134
vt 0.662284 0.917900
vt 0.730118 0.965920
vt 0.768431 0.967354
vt 0.847196 0.609142
vt 0.837906 0.592347
vt 0.899839 0.755464
vt 0.905600 0.755464
vt 0.738020 0.782293
vt 0.738350 0.836279
vt 0.740374 0.783399
vt 0.600866 0.755865
vt 0.719214 0.908031
vt 0.618864 0.946680
vt 0.718119 0.909890
vt 0.717780 0.909667
vt 0.581930 0.966124
vt 0.717592 0.907727
vt 0.892658 0.713316
vt 0.537661 0.724355
vt 0.511835 0.671831
vt 0.500037 0.674558
vt 0.515794 0.675137
vt 0.534785 0.669882
vt 0.528937 0.672198
vt 0.545044 0.694188
vt 0.559354 0.661674
vt 0.516611 0.650061
vt 0.500320 0.651448
vt 0.616015 0.776936
vt 0.589174 0.771005
vt 0.571360 0.766805
vt 0.671920 0.551251
vt 0.554955 0.590271
vt 0.942967 0.674153
vt 0.625502 0.663593
vt 0.530088 0.672764
vt 0.675065 0.536401
vt 0.628835 0.552381
vt 0.500098 0.592465
vt 0.509876 0.591322
vt 0.524057 0.589289
vt 0.554768 0.591314
vt 0.725258 0.544502
vt 0.801606 0.701310
vt 0.726120 0.801710
vt 0.794341 0.933536
vt 0.786763 0.938324
vt 0.656147 0.918880
vt 0.655974 0.919803
vt 0.628555 0.918472
vt 0.626881 0.912862
vt 0.636920 0.922558
vt 0.628666 0.923068
vt 0.653977 0.916123
vt 0.688337 0.921533
vt 0.675634 0.922077
vt 0.678127 0.920308
vt 0.687836 0.920647
vt 0.640253 0.885783
vt 0.642387 0.874399
vt 0.635702 0.914018
vt 0.636970 0.904844
vt 0.711504 0.910498
vt 0.710720 0.904012
vt 0.710421 0.913602
vt 0.711968 0.912584
vt 0.717798 0.908573
vt 0.705217 0.918059
vt 0.706566 0.917711
vt 0.619351 0.924853
vt 0.618875 0.925140
vt 0.625368 0.925301
vt 0.641316 0.925431
vt 0.673017 0.926929
vt 0.666714 0.926804
vt 0.750237 0.931326
vt 0.619903 0.924574
vt 0.735050 0.924103
vt 0.698099 0.924294
vt 0.699528 0.917315
vt 0.670963 0.916220
vt 0.670889 0.908326
vt 0.671940 0.921666
vt 0.708903 0.912177
vt 0.708740 0.911185
vt 0.584608 0.950843
vt 0.829075 0.758008
vt 0.816566 0.764393
vt 0.577710 0.639884
vt 0.516347 0.654852
vt 0.499179 0.655431
vt 0.532788 0.651842
vt 0.845203 0.783718
vt 0.840373 0.784847
vt 0.824895 0.778023
vt 0.828099 0.778702
vt 0.837451 0.781259
vt 0.843204 0.781018
vt 0.905346 0.742868
vt 0.834658 0.718615
vt 0.909830 0.742714
vt 0.576415 0.643543
vt 0.512129 0.670732
vt 0.499764 0.670125
vt 0.515786 0.673294
vt 0.534015 0.665832
vt 0.529450 0.668992
vt 0.592960 0.731745
vt 0.619483 0.595338
vt 0.674554 0.924307
vt 0.697053 0.925571
vt 0.534045 0.775094
vt 0.531761 0.782404
vt 0.529210 0.785984
vt 0.624385 0.666710
vt 0.594714 0.733105
vt 0.548801 0.665200
vt 0.541101 0.670591
vt 0.551538 0.658184
vt 0.551269 0.662229
vt 0.550847 0.647034
vt 0.550394 0.655651
vt 0.553689 0.641320
vt 0.564767 0.616968
vt 0.577427 0.611273
vt 0.588943 0.733797
vt 0.593861 0.732450
vt 0.738197 0.642008
vt 0.775669 0.642729
vt 0.820307 0.641973
vt 0.763850 0.842120
vt 0.763351 0.859400
vt 0.764129 0.830475
vt 0.764749 0.818729
vt 0.767645 0.806452
vt 0.764192 0.830487
vt 0.728030 0.813749
vt 0.799894 0.783181
vt 0.808388 0.772464
vt 0.527386 0.777352
vt 0.528064 0.722033
vt 0.524720 0.753456
vt 0.525026 0.761932
vt 0.527642 0.772172
vt 0.525334 0.773017
vt 0.525676 0.721455
vt 0.522993 0.753387
vt 0.856434 0.816446
vt 0.632052 0.613507
vt 0.664818 0.610809
vt 0.901927 0.751090
vt 0.835264 0.718848
vt 0.880385 0.749537
vt 0.891546 0.754867
vt 0.892113 0.741251
vt 0.905892 0.747444
vt 0.899506 0.749029
vt 0.913500 0.740699
vt 0.835044 0.718410
vt 0.834553 0.717522
vt 0.835000 0.718819
vt 0.728105 0.814083
vt 0.751034 0.858890
vt 0.727803 0.813513
vt 0.576035 0.652594
vt 0.628630 0.641415
vt 0.726973 0.801278
vt 0.631462 0.747965
vt 0.805886 0.930055
vt 0.891264 0.789328
vt 0.744982 0.767926
vt 0.615317 0.705208
vt 0.620266 0.708268
vt 0.606897 0.704483
vt 0.589866 0.742596
vt 0.623511 0.709569
vt 0.653440 0.711553
vt 0.642932 0.710880
vt 0.622286 0.693254
vt 0.624955 0.692853
vt 0.646502 0.699334
vt 0.835648 0.779379
vt 0.834573 0.779989
vt 0.646198 0.776233
vt 0.985720 0.730088
vt 0.560599 0.262571
vt 0.559757 0.261963
vt 0.579349 0.264654
vt 0.771779 0.814664
vt 0.769066 0.785194
vt 0.768996 0.785232
vt 0.772761 0.798934
vt 0.771298 0.824038
vt 0.771120 0.785477
vt 0.772621 0.802595
vt 0.770738 0.831951
vt 0.768392 0.829814
vt 0.769620 0.800886
vt 0.772378 0.808708
vt 0.767962 0.824322
vt 0.769472 0.862420
vt 0.770202 0.844106
vt 0.767387 0.861469
vt 0.768718 0.861369
vt 0.752402 0.806808
vt 0.750753 0.809518
vt 0.750843 0.817471
vt 0.750248 0.821123
vt 0.750152 0.825093
vt 0.749731 0.833728
vt 0.749703 0.833723
vt 0.753550 0.795944
vt 0.767345 0.780288
vt 0.754271 0.783827
vt 0.753151 0.792975
vt 0.755360 0.784338
vt 0.743973 0.946736
vt 0.750858 0.953339
vt 0.759578 0.952473
vt 0.754364 0.954654
vt 0.630651 0.927323
vt 0.721887 0.929508
vt 0.532075 0.324396
vt 0.531011 0.322561
vt 0.531039 0.323217
vt 0.531047 0.323499
vt 0.531285 0.323890
vt 0.531746 0.324317
vt 0.531362 0.322129
vt 0.532312 0.323460
vt 0.532479 0.324483
vt 0.531969 0.321133
vt 0.532556 0.323281
vt 0.532967 0.321969
vt 0.532728 0.319589
vt 0.532632 0.323560
vt 0.532943 0.324337
vt 0.533236 0.324023
vt 0.533301 0.323651
vt 0.533317 0.323472
vt 0.548554 0.318785
vt 0.549404 0.319070
vt 0.549755 0.314698
vt 0.548925 0.314445
vt 0.564467 0.318667
vt 0.580058 0.319840
vt 0.552028 0.312810
vt 0.549084 0.338363
vt 0.552503 0.313510
vt 0.555938 0.312659
vt 0.556908 0.314762
vt 0.557329 0.313440
vt 0.557053 0.312616
vt 0.554741 0.312705
vt 0.554751 0.314149
vt 0.557696 0.315405
vt 0.557741 0.315195
vt 0.557775 0.315027
vt 0.557579 0.315537
vt 0.557468 0.315598
vt 0.556421 0.315588
vt 0.555357 0.315542
vt 0.554869 0.315242
vt 0.554404 0.315338
vt 0.553811 0.315464
vt 0.553252 0.315431
vt 0.553008 0.315308
vt 0.552128 0.315518
vt 0.551620 0.315496
vt 0.551252 0.315455
vt 0.550962 0.315394
vt 0.550953 0.317091
vt 0.550685 0.315036
vt 0.550689 0.317940
vt 0.550857 0.319376
vt 0.550912 0.321434
vt 0.548007 0.321156
vt 0.548167 0.321969
vt 0.551262 0.322650
vt 0.550640 0.323324
vt 0.548935 0.322629
vt 0.548584 0.322647
vt 0.548681 0.322380
vt 0.544758 0.321473
vt 0.535803 0.321425
vt 0.547611 0.323474
vt 0.547466 0.324906
vt 0.535581 0.322867
vt 0.549831 0.319461
vt 0.553073 0.317524
vt 0.552257 0.319520
vt 0.551077 0.319484
vt 0.553027 0.319535
vt 0.546098 0.316503
vt 0.553175 0.316743
vt 0.545730 0.317303
vt 0.545743 0.316106
vt 0.546198 0.315868
vt 0.543757 0.317779
vt 0.543910 0.316275
vt 0.543682 0.319069
vt 0.543851 0.319350
vt 0.546522 0.319400
vt 0.544039 0.315984
vt 0.545739 0.316040
vt 0.543946 0.315607
vt 0.544239 0.314676
vt 0.539012 0.326448
vt 0.535501 0.326407
vt 0.546718 0.326496
vt 0.547546 0.327173
vt 0.544368 0.313972
vt 0.545530 0.314161
vt 0.546067 0.313697
vt 0.575373 0.312530
vt 0.575153 0.312917
vt 0.576370 0.311795
vt 0.544948 0.322220
vt 0.542313 0.322426
vt 0.542134 0.321729
vt 0.540669 0.321870
vt 0.540595 0.322592
vt 0.547312 0.323583
vt 0.546408 0.323931
vt 0.547097 0.323678
vt 0.546723 0.326962
vt 0.546733 0.327817
vt 0.525260 0.326336
vt 0.525032 0.326335
vt 0.525085 0.325901
vt 0.527108 0.323019
vt 0.545314 0.323886
vt 0.545029 0.323822
vt 0.544574 0.323187
vt 0.543883 0.323961
vt 0.542967 0.323896
vt 0.542676 0.323776
vt 0.542148 0.323092
vt 0.541591 0.322975
vt 0.540477 0.324043
vt 0.533629 0.323006
vt 0.537506 0.322175
vt 0.537634 0.322880
vt 0.540223 0.324151
vt 0.539003 0.324362
vt 0.537573 0.323489
vt 0.535540 0.324290
vt 0.534902 0.323601
vt 0.534533 0.324036
vt 0.536654 0.300601
vt 0.536976 0.300103
vt 0.536630 0.300674
vt 0.570774 0.330974
vt 0.550380 0.335097
vt 0.584967 0.269404
vt 0.573695 0.318304
vt 0.550494 0.314967
vt 0.549658 0.320158
vt 0.548990 0.321251
vt 0.549577 0.316265
vt 0.549775 0.316410
vt 0.549951 0.312459
vt 0.550209 0.312587
vt 0.550171 0.307464
vt 0.550397 0.307510
vt 0.515894 0.675747
vt 0.511604 0.672010
vt 0.500034 0.674678
vt 0.527586 0.673152
vt 0.542089 0.669899
vt 0.530572 0.672467
vt 0.553255 0.667567
vt 0.550319 0.309619
vt 0.550073 0.309677
vt 0.550006 0.311204
vt 0.550258 0.311261
vt 0.549838 0.313612
vt 0.550069 0.313825
vt 0.549710 0.314920
vt 0.549923 0.315110
vt 0.549718 0.318238
vt 0.549333 0.318334
vt 0.549682 0.319365
vt 0.549187 0.319574
vt 0.563150 0.344752
vt 0.565259 0.339657
vt 0.563764 0.335129
vt 0.562502 0.337740
vt 0.562927 0.332546
vt 0.567974 0.332508
vt 0.565218 0.330991
vt 0.572601 0.321338
vt 0.566536 0.327478
vt 0.566317 0.325772
vt 0.566759 0.323673
vt 0.567163 0.321753
vt 0.562298 0.321909
vt 0.562312 0.321357
vt 0.551925 0.321377
vt 0.556714 0.321938
vt 0.560356 0.322235
vt 0.551586 0.322263
vt 0.543007 0.321742
vt 0.547672 0.322337
vt 0.543553 0.320591
vt 0.549220 0.322276
vt 0.539613 0.319348
vt 0.539815 0.320354
vt 0.544493 0.316390
vt 0.540728 0.321713
vt 0.541751 0.322231
vt 0.539924 0.317553
vt 0.542109 0.315857
vt 0.539678 0.305694
vt 0.545530 0.305601
vt 0.540175 0.292035
vt 0.539504 0.300183
vt 0.545385 0.294344
vt 0.553230 0.341010
vt 0.562257 0.305941
vt 0.559583 0.303848
vt 0.551978 0.303848
vt 0.533199 0.322966
vt 0.535209 0.322956
vt 0.533325 0.322530
vt 0.549362 0.320641
vt 0.534973 0.322060
vt 0.046237 0.566184
vt 0.012668 0.578461
vt 0.050805 0.577312
vt 0.123623 0.511995
vt 0.080671 0.541761
vt 0.121825 0.540984
vt 0.143787 0.511900
vt 0.213716 0.449059
vt 0.173849 0.476909
vt 0.192773 0.484001
vt 0.229087 0.448304
vt 0.318341 0.295344
vt 0.318864 0.325250
vt 0.350911 0.329006
vt 0.356243 0.296977
vt 0.270053 0.294859
vt 0.268072 0.324982
vt 0.235472 0.353419
vt 0.232860 0.387697
vt 0.264301 0.382326
vt 0.266155 0.354129
vt 0.319317 0.351113
vt 0.351184 0.355787
vt 0.319851 0.381666
vt 0.320346 0.409930
vt 0.352583 0.396170
vt 0.351470 0.383810
vt 0.262318 0.412478
vt 0.233730 0.400549
vt 0.226304 0.417912
vt 0.379541 0.431141
vt 0.356813 0.443149
vt 0.386670 0.442412
vt 0.376166 0.330395
vt 0.374870 0.360008
vt 0.378257 0.311536
vt 0.182673 0.825346
vt 0.186678 0.829089
vt 0.189124 0.825004
vt 0.189106 0.822992
vt 0.148468 0.829161
vt 0.159503 0.826781
vt 0.148440 0.826939
vt 0.203386 0.825495
vt 0.204201 0.833956
vt 0.213037 0.831976
vt 0.212232 0.822908
vt 0.370723 0.394621
vt 0.371054 0.384079
vt 0.260062 0.446783
vt 0.320926 0.443099
vt 0.352904 0.399742
vt 0.233085 0.321900
vt 0.236079 0.333354
vt 0.272112 0.263550
vt 0.227866 0.287818
vt 0.228505 0.304373
vt 0.220667 0.263847
vt 0.381282 0.420607
vt 0.375099 0.401859
vt 0.128945 0.629098
vt 0.083147 0.637289
vt 0.203084 0.511621
vt 0.181789 0.511721
vt 0.167584 0.540119
vt 0.209595 0.539326
vt 0.164491 0.511802
vt 0.141666 0.540609
vt 0.197214 0.832789
vt 0.128271 0.763822
vt 0.120689 0.764509
vt 0.132774 0.769614
vt 0.136892 0.768885
vt 0.132816 0.756389
vt 0.142270 0.760825
vt 0.134039 0.753260
vt 0.142523 0.757881
vt 0.044546 0.547305
vt 0.081004 0.566320
vt 0.062814 0.543016
vt 0.014661 0.563834
vt 0.257579 0.484538
vt 0.321541 0.478240
vt 0.224865 0.486835
vt 0.254004 0.504585
vt 0.209397 0.262369
vt 0.211436 0.276722
vt 0.221816 0.291288
vt 0.223152 0.310375
vt 0.225314 0.323236
vt 0.229052 0.335435
vt 0.230656 0.352974
vt 0.227501 0.370783
vt 0.226178 0.388112
vt 0.228383 0.399057
vt 0.221315 0.419582
vt 0.210476 0.438203
vt 0.205768 0.450310
vt 0.185314 0.453681
vt 0.114418 0.513089
vt 0.154308 0.490559
vt 0.140770 0.487759
vt 0.359411 0.277949
vt 0.383844 0.296330
vt 0.317988 0.275174
vt 0.271403 0.274335
vt 0.230555 0.312218
vt 0.224123 0.319431
vt 0.361895 0.263031
vt 0.391221 0.278418
vt 0.388308 0.263371
vt 0.317780 0.263286
vt 0.421824 0.794027
vt 0.402828 0.794166
vt 0.402421 0.810070
vt 0.410029 0.812868
vt 0.422894 0.808347
vt 0.434640 0.792473
vt 0.443627 0.808331
vt 0.455515 0.565481
vt 0.445109 0.564253
vt 0.452064 0.566089
vt 0.440304 0.557232
vt 0.430295 0.559875
vt 0.441377 0.566796
vt 0.419670 0.536887
vt 0.434568 0.547676
vt 0.457768 0.567925
vt 0.484158 0.617592
vt 0.483390 0.634449
vt 0.500081 0.636058
vt 0.500087 0.621668
vt 0.500099 0.590916
vt 0.500102 0.583090
vt 0.492996 0.583069
vt 0.491240 0.589928
vt 0.151657 0.831951
vt 0.154196 0.834173
vt 0.160209 0.832947
vt 0.165263 0.831916
vt 0.169365 0.824654
vt 0.424626 0.565654
vt 0.490883 0.591322
vt 0.500098 0.592465
vt 0.015097 0.560161
vt 0.202541 0.816710
vt 0.211575 0.815506
vt 0.162609 0.718338
vt 0.163343 0.718501
vt 0.163137 0.717427
vt 0.162391 0.717163
vt 0.099511 0.771423
vt 0.132200 0.773251
vt 0.120624 0.766458
vt 0.161462 0.716836
vt 0.161386 0.717614
vt 0.160420 0.716469
vt 0.160434 0.717323
vt 0.321240 0.961034
vt 0.327585 0.950217
vt 0.327312 0.944152
vt 0.313822 0.948124
vt 0.315710 0.961658
vt 0.107949 0.674350
vt 0.108106 0.672221
vt 0.098057 0.680670
vt 0.098027 0.682270
vt 0.129278 0.656671
vt 0.128305 0.655740
vt 0.079869 0.577926
vt 0.127519 0.572900
vt 0.138598 0.571554
vt 0.176367 0.571865
vt 0.082821 0.631387
vt 0.103583 0.627749
vt 0.483607 0.636664
vt 0.500081 0.636992
vt 0.399024 0.787683
vt 0.395522 0.805648
vt 0.384744 0.776936
vt 0.422025 0.783758
vt 0.411585 0.771005
vt 0.367437 0.487530
vt 0.318495 0.501558
vt 0.373012 0.510822
vt 0.405347 0.511965
vt 0.398707 0.539218
vt 0.409982 0.514983
vt 0.361759 0.463810
vt 0.393860 0.484121
vt 0.383430 0.461832
vt 0.387322 0.449277
vt 0.293700 0.501674
vt 0.290486 0.512185
vt 0.387387 0.494149
vt 0.443448 0.573814
vt 0.461506 0.571477
vt 0.468751 0.574828
vt 0.420727 0.573769
vt 0.477619 0.588039
vt 0.483604 0.583054
vt 0.481276 0.583050
vt 0.476702 0.589289
vt 0.459411 0.612874
vt 0.084704 0.665495
vt 0.113038 0.607343
vt 0.115744 0.605475
vt 0.144744 0.749343
vt 0.137264 0.745636
vt 0.363938 0.920210
vt 0.365057 0.914018
vt 0.346782 0.916123
vt 0.344785 0.919803
vt 0.363839 0.922558
vt 0.344612 0.918880
vt 0.311626 0.915797
vt 0.301231 0.917315
vt 0.302259 0.922953
vt 0.313213 0.920134
vt 0.360506 0.885783
vt 0.358372 0.874399
vt 0.326308 0.882945
vt 0.336654 0.910491
vt 0.363789 0.904844
vt 0.338475 0.917900
vt 0.320619 0.918879
vt 0.320216 0.912653
vt 0.329870 0.908326
vt 0.329796 0.916220
vt 0.391899 0.941201
vt 0.389812 0.935857
vt 0.388771 0.924251
vt 0.388333 0.922936
vt 0.392372 0.946111
vt 0.393360 0.947415
vt 0.396294 0.950426
vt 0.394640 0.949439
vt 0.414312 0.940345
vt 0.402802 0.934658
vt 0.393805 0.946091
vt 0.401617 0.953155
vt 0.410441 0.952293
vt 0.393132 0.944756
vt 0.395241 0.948503
vt 0.389638 0.947485
vt 0.398461 0.952295
vt 0.404782 0.954536
vt 0.402858 0.952980
vt 0.397351 0.951616
vt 0.416151 0.950843
vt 0.413169 0.960120
vt 0.418829 0.966124
vt 0.150557 0.752872
vt 0.153129 0.764155
vt 0.484148 0.650061
vt 0.500320 0.651448
vt 0.484412 0.654852
vt 0.499179 0.655431
vt 0.157573 0.758454
vt 0.158506 0.767335
vt 0.136483 0.774572
vt 0.144296 0.773232
vt 0.151216 0.769817
vt 0.147264 0.777957
vt 0.151228 0.777302
vt 0.109624 0.761227
vt 0.075925 0.757573
vt 0.082755 0.775343
vt 0.067580 0.767407
vt 0.488630 0.670732
vt 0.499764 0.670125
vt 0.499030 0.658210
vt 0.485035 0.657310
vt 0.484973 0.673294
vt 0.301917 0.884638
vt 0.454284 0.806378
vt 0.450575 0.793199
vt 0.453305 0.806557
vt 0.460465 0.801788
vt 0.436350 0.780843
vt 0.429399 0.766805
vt 0.478446 0.788625
vt 0.473609 0.788875
vt 0.476170 0.798362
vt 0.462134 0.790409
vt 0.466336 0.801574
vt 0.473478 0.801313
vt 0.457520 0.778147
vt 0.460448 0.765568
vt 0.477889 0.783860
vt 0.471549 0.785984
vt 0.468800 0.646777
vt 0.467971 0.651842
vt 0.466744 0.665832
vt 0.471309 0.668992
vt 0.467912 0.658556
vt 0.449912 0.647034
vt 0.450365 0.655651
vt 0.449221 0.658184
vt 0.013002 0.584167
vt 0.056167 0.585934
vt 0.011820 0.689803
vt 0.010393 0.710615
vt 0.018647 0.702834
vt 0.039885 0.691880
vt 0.057792 0.674153
vt 0.041629 0.650311
vt 0.048045 0.632439
vt 0.011889 0.620170
vt 0.008278 0.625523
vt 0.024610 0.625379
vt 0.012753 0.599338
vt 0.012636 0.606935
vt 0.031362 0.598484
vt 0.018013 0.636823
vt 0.119390 0.603352
vt 0.137862 0.583475
vt 0.181691 0.587085
vt 0.080366 0.586924
vt 0.131566 0.583116
vt 0.115604 0.602199
vt 0.371948 0.765500
vt 0.380551 0.753816
vt 0.363291 0.757927
vt 0.387387 0.751796
vt 0.323452 0.525887
vt 0.377293 0.547244
vt 0.325694 0.536401
vt 0.371924 0.552381
vt 0.469066 0.634504
vt 0.469053 0.636198
vt 0.446173 0.610245
vt 0.446078 0.621505
vt 0.445804 0.590271
vt 0.445991 0.591314
vt 0.422271 0.601963
vt 0.423332 0.611273
vt 0.435992 0.616968
vt 0.359319 0.564444
vt 0.412310 0.592824
vt 0.416540 0.582347
vt 0.226867 0.690932
vt 0.245361 0.687849
vt 0.239587 0.678184
vt 0.214902 0.681426
vt 0.395986 0.759728
vt 0.426098 0.760136
vt 0.459665 0.756798
vt 0.407182 0.767326
vt 0.225090 0.642729
vt 0.180452 0.641973
vt 0.194207 0.659071
vt 0.231388 0.662584
vt 0.141448 0.668318
vt 0.145365 0.646015
vt 0.142748 0.643955
vt 0.178905 0.589406
vt 0.153563 0.609142
vt 0.143653 0.616140
vt 0.196111 0.601177
vt 0.166832 0.625042
vt 0.149817 0.735326
vt 0.171684 0.758008
vt 0.199153 0.701310
vt 0.205100 0.764111
vt 0.235444 0.761294
vt 0.254594 0.760177
vt 0.161650 0.661472
vt 0.177231 0.753131
vt 0.190027 0.769466
vt 0.190298 0.694299
vt 0.273470 0.801215
vt 0.273494 0.801202
vt 0.273464 0.801212
vt 0.184193 0.764393
vt 0.253152 0.801190
vt 0.253175 0.801191
vt 0.228558 0.801188
vt 0.468998 0.782404
vt 0.473808 0.777541
vt 0.468534 0.753755
vt 0.463098 0.724355
vt 0.453092 0.736388
vt 0.469002 0.761715
vt 0.466714 0.775094
vt 0.473373 0.777352
vt 0.475083 0.721455
vt 0.477766 0.753387
vt 0.479190 0.753330
vt 0.476328 0.721154
vt 0.477283 0.761982
vt 0.478695 0.762027
vt 0.474573 0.771508
vt 0.476572 0.770595
vt 0.475908 0.771996
vt 0.476039 0.753456
vt 0.472695 0.722033
vt 0.475733 0.761932
vt 0.473117 0.772172
vt 0.475425 0.773017
vt 0.417763 0.745034
vt 0.385613 0.747383
vt 0.380537 0.748866
vt 0.363813 0.754773
vt 0.396608 0.756290
vt 0.407261 0.763605
vt 0.201990 0.812825
vt 0.189069 0.818851
vt 0.180387 0.830765
vt 0.175515 0.827366
vt 0.174442 0.830714
vt 0.169232 0.823456
vt 0.148412 0.824638
vt 0.155591 0.818662
vt 0.144325 0.816446
vt 0.389166 0.917234
vt 0.387586 0.920965
vt 0.385230 0.941749
vt 0.381528 0.927722
vt 0.372204 0.918472
vt 0.373878 0.912862
vt 0.372093 0.923068
vt 0.406580 0.896222
vt 0.381745 0.885750
vt 0.382817 0.905781
vt 0.410166 0.910550
vt 0.380856 0.924574
vt 0.381884 0.925140
vt 0.381408 0.924853
vt 0.381196 0.924536
vt 0.207901 0.570726
vt 0.252329 0.538519
vt 0.275656 0.524049
vt 0.260166 0.549750
vt 0.265768 0.556051
vt 0.275501 0.544502
vt 0.262562 0.642008
vt 0.273781 0.656692
vt 0.269991 0.846732
vt 0.269518 0.813376
vt 0.263841 0.808429
vt 0.265507 0.851773
vt 0.273429 0.830638
vt 0.274084 0.829591
vt 0.275068 0.828016
vt 0.122436 0.757714
vt 0.114681 0.757637
vt 0.126747 0.751616
vt 0.111611 0.757108
vt 0.163649 0.717607
vt 0.164205 0.718890
vt 0.129272 0.742594
vt 0.132123 0.721417
vt 0.096438 0.754571
vt 0.120374 0.749537
vt 0.109213 0.754867
vt 0.101831 0.753846
vt 0.103984 0.739119
vt 0.095413 0.742868
vt 0.097916 0.745736
vt 0.113839 0.731525
vt 0.114466 0.744072
vt 0.090929 0.742714
vt 0.091264 0.744133
vt 0.098832 0.751090
vt 0.104640 0.751902
vt 0.094867 0.747444
vt 0.101253 0.749029
vt 0.108646 0.741251
vt 0.088265 0.747561
vt 0.096578 0.754427
vt 0.165296 0.718870
vt 0.165226 0.718150
vt 0.165715 0.718410
vt 0.165759 0.718819
vt 0.165999 0.718793
vt 0.166101 0.718615
vt 0.165495 0.718848
vt 0.166206 0.717522
vt 0.105772 0.703845
vt 0.096023 0.691256
vt 0.102056 0.724113
vt 0.095093 0.727027
vt 0.098968 0.704987
vt 0.108101 0.713316
vt 0.272706 0.814561
vt 0.272956 0.813513
vt 0.272729 0.813749
vt 0.273700 0.813363
vt 0.273204 0.813254
vt 0.424344 0.643543
vt 0.423049 0.639884
vt 0.334290 0.646414
vt 0.330191 0.632616
vt 0.449490 0.662229
vt 0.423756 0.650280
vt 0.378383 0.772474
vt 0.380786 0.786809
vt 0.374716 0.772544
vt 0.405886 0.867475
vt 0.407731 0.854889
vt 0.402655 0.843061
vt 0.402835 0.868482
vt 0.402929 0.881631
vt 0.381758 0.872386
vt 0.345695 0.836378
vt 0.379515 0.841214
vt 0.305303 0.843307
vt 0.396531 0.821155
vt 0.381016 0.807081
vt 0.397700 0.829122
vt 0.394981 0.813365
vt 0.270797 0.852226
vt 0.278774 0.843085
vt 0.277482 0.839582
vt 0.265723 0.857972
vt 0.295988 0.825229
vt 0.294070 0.822133
vt 0.331881 0.787964
vt 0.330427 0.784310
vt 0.233200 0.891289
vt 0.231121 0.888153
vt 0.199140 0.921830
vt 0.189211 0.923223
vt 0.193161 0.929539
vt 0.204498 0.923837
vt 0.272654 0.814083
vt 0.100320 0.784529
vt 0.120244 0.781730
vt 0.144124 0.779348
vt 0.149478 0.785036
vt 0.159539 0.716623
vt 0.159106 0.716231
vt 0.260913 0.763470
vt 0.260807 0.765962
vt 0.315515 0.761820
vt 0.316429 0.758062
vt 0.255192 0.763704
vt 0.254902 0.766601
vt 0.192371 0.772464
vt 0.179393 0.777811
vt 0.325507 0.774204
vt 0.339519 0.773605
vt 0.275302 0.827535
vt 0.329598 0.760037
vt 0.339230 0.759528
vt 0.337987 0.756456
vt 0.329567 0.757222
vt 0.367000 0.766820
vt 0.361482 0.757742
vt 0.362544 0.755221
vt 0.349780 0.754953
vt 0.347809 0.758575
vt 0.350986 0.757980
vt 0.350711 0.754834
vt 0.349074 0.759363
vt 0.161026 0.788569
vt 0.109495 0.789328
vt 0.447070 0.641320
vt 0.442984 0.626380
vt 0.411240 0.604260
vt 0.415433 0.611068
vt 0.363937 0.576072
vt 0.421574 0.634919
vt 0.368707 0.613507
vt 0.370417 0.629665
vt 0.335941 0.610809
vt 0.372129 0.641415
vt 0.281733 0.669088
vt 0.417427 0.755387
vt 0.440720 0.690835
vt 0.395765 0.698869
vt 0.406898 0.732450
vt 0.406045 0.733105
vt 0.411816 0.733797
vt 0.410893 0.742596
vt 0.345090 0.665656
vt 0.375257 0.663593
vt 0.373690 0.648217
vt 0.424724 0.652594
vt 0.407799 0.731745
vt 0.273793 0.801247
vt 0.274905 0.801612
vt 0.274040 0.801313
vt 0.399893 0.755865
vt 0.273893 0.801307
vt 0.272013 0.800597
vt 0.271670 0.800489
vt 0.273830 0.801290
vt 0.274639 0.801710
vt 0.273786 0.801278
vt 0.274839 0.801795
vt 0.273547 0.801247
vt 0.273539 0.801215
vt 0.291047 0.678392
vt 0.296011 0.756501
vt 0.345202 0.670056
vt 0.385442 0.705208
vt 0.380493 0.708268
vt 0.385571 0.746020
vt 0.393862 0.704483
vt 0.377248 0.709569
vt 0.380498 0.747199
vt 0.373709 0.668598
vt 0.375299 0.669652
vt 0.376375 0.666710
vt 0.274521 0.801660
vt 0.274582 0.801686
vt 0.273707 0.801257
vt 0.273642 0.801287
vt 0.273750 0.801333
vt 0.347319 0.711553
vt 0.349247 0.749337
vt 0.357827 0.710880
vt 0.369297 0.747965
vt 0.378473 0.693254
vt 0.375804 0.692853
vt 0.354257 0.699334
vt 0.151166 0.784990
vt 0.155556 0.783718
vt 0.160386 0.784847
vt 0.161026 0.788569
vt 0.175864 0.778023
vt 0.158227 0.774004
vt 0.164658 0.770974
vt 0.165111 0.779379
vt 0.157555 0.781018
vt 0.172660 0.778702
vt 0.166186 0.779989
vt 0.163308 0.781259
vt 0.159972 0.782437
vt 0.178699 0.770880
vt 0.169951 0.778328
vt 0.304964 0.830611
vt 0.290798 0.845795
vt 0.242947 0.895701
vt 0.211755 0.928088
vt 0.244887 0.923113
vt 0.206418 0.933536
vt 0.207311 0.936050
vt 0.370962 0.772585
vt 0.343297 0.789676
vt 0.355950 0.776919
vt 0.346816 0.772408
vt 0.363029 0.768057
vt 0.274242 0.862984
vt 0.280350 0.856643
vt 0.011170 0.722617
vt 0.027763 0.712663
vt 0.056589 0.693103
vt 0.071814 0.681994
vt 0.133039 0.633201
vt 0.141979 0.643350
vt 0.165891 0.623924
vt 0.116155 0.606106
vt 0.119603 0.603759
vt 0.111683 0.608962
vt 0.104340 0.673733
vt 0.090288 0.668525
vt 0.109259 0.596051
vt 0.108120 0.598798
vt 0.108662 0.599008
vt 0.157195 0.613585
vt 0.153563 0.609142
vt 0.328839 0.551251
vt 0.275224 0.556014
vt 0.193519 0.587823
vt 0.269245 0.566551
vt 0.368462 0.371251
vt 0.368374 0.369823
vt 0.348391 0.369823
vt 0.346041 0.371323
vt 0.202103 0.595987
vt 0.332791 0.570338
vt 0.306915 0.612157
vt 0.015039 0.730088
vt 0.022386 0.744273
vt 0.053416 0.728489
vt 0.079183 0.732623
vt 0.272629 0.813853
vt 0.232861 0.841333
vt 0.230557 0.844106
vt 0.233372 0.861469
vt 0.234386 0.860746
vt 0.232041 0.861369
vt 0.231287 0.862420
vt 0.215391 0.816328
vt 0.211485 0.811735
vt 0.231139 0.800886
vt 0.228138 0.802595
vt 0.228381 0.808708
vt 0.231544 0.806003
vt 0.230500 0.794031
vt 0.230808 0.796521
vt 0.230958 0.798506
vt 0.205553 0.787089
vt 0.196484 0.790819
vt 0.217310 0.791193
vt 0.209381 0.787812
vt 0.227998 0.798934
vt 0.230364 0.792102
vt 0.230246 0.790420
vt 0.579349 0.264654
vt 0.560599 0.262571
vt 0.559757 0.261963
vt 0.271823 0.830416
vt 0.271866 0.831119
vt 0.272742 0.831770
vt 0.272744 0.828728
vt 0.271774 0.829588
vt 0.271921 0.828843
vt 0.271820 0.827881
vt 0.272745 0.826916
vt 0.262409 0.836279
vt 0.251297 0.841459
vt 0.257929 0.849322
vt 0.274614 0.812347
vt 0.274104 0.812306
vt 0.267900 0.777332
vt 0.236881 0.812072
vt 0.230948 0.810425
vt 0.231157 0.813198
vt 0.231672 0.814531
vt 0.248357 0.806808
vt 0.250006 0.809518
vt 0.262262 0.807133
vt 0.255777 0.767926
vt 0.271845 0.826948
vt 0.272742 0.826617
vt 0.262243 0.777727
vt 0.249916 0.817471
vt 0.262706 0.816315
vt 0.233205 0.818184
vt 0.236010 0.818729
vt 0.249725 0.858890
vt 0.236909 0.842120
vt 0.237408 0.859400
vt 0.250511 0.821123
vt 0.250607 0.825093
vt 0.262282 0.824060
vt 0.237502 0.826253
vt 0.232797 0.824322
vt 0.232669 0.825607
vt 0.232876 0.823111
vt 0.251028 0.833728
vt 0.236567 0.830487
vt 0.251056 0.833723
vt 0.236630 0.830475
vt 0.232300 0.827173
vt 0.232367 0.829814
vt 0.232420 0.831402
vt 0.233114 0.806452
vt 0.247209 0.795944
vt 0.261658 0.794645
vt 0.232041 0.797307
vt 0.188423 0.785059
vt 0.217439 0.780394
vt 0.233414 0.780288
vt 0.224012 0.786048
vt 0.219594 0.786598
vt 0.246488 0.783827
vt 0.262739 0.782293
vt 0.247608 0.792975
vt 0.232274 0.791152
vt 0.245399 0.784338
vt 0.260385 0.783399
vt 0.231693 0.785194
vt 0.229369 0.785332
vt 0.231634 0.784943
vt 0.262951 0.781218
vt 0.260837 0.962531
vt 0.261947 0.950664
vt 0.257293 0.960773
vt 0.256786 0.946736
vt 0.249901 0.953339
vt 0.212304 0.938752
vt 0.213996 0.938324
vt 0.218157 0.961600
vt 0.232328 0.967354
vt 0.219125 0.944703
vt 0.214662 0.942485
vt 0.241181 0.952473
vt 0.246395 0.954654
vt 0.247464 0.948299
vt 0.244566 0.940141
vt 0.224981 0.934540
vt 0.333662 0.946908
vt 0.342025 0.953334
vt 0.343940 0.945526
vt 0.343766 0.954672
vt 0.327433 0.929507
vt 0.383365 0.925638
vt 0.386221 0.935652
vt 0.362854 0.924422
vt 0.373105 0.923682
vt 0.378410 0.926482
vt 0.381075 0.925230
vt 0.375391 0.925301
vt 0.370108 0.927323
vt 0.335986 0.923043
vt 0.328819 0.921666
vt 0.312923 0.920647
vt 0.322632 0.920308
vt 0.325125 0.922077
vt 0.312422 0.921533
vt 0.334322 0.928472
vt 0.327742 0.926929
vt 0.334045 0.926804
vt 0.359443 0.925431
vt 0.352696 0.944349
vt 0.357404 0.928609
vt 0.326205 0.924307
vt 0.283225 0.968206
vt 0.288027 0.952043
vt 0.276617 0.954686
vt 0.277262 0.967799
vt 0.270641 0.965920
vt 0.303078 0.963773
vt 0.308802 0.930788
vt 0.285703 0.933545
vt 0.265709 0.924103
vt 0.264828 0.937857
vt 0.250522 0.931326
vt 0.302660 0.924294
vt 0.278872 0.929508
vt 0.313778 0.927269
vt 0.303706 0.925571
vt 0.176697 0.819974
vt 0.169073 0.822029
vt 0.181022 0.796847
vt 0.156489 0.802978
vt 0.137073 0.806294
vt 0.148437 0.796968
vt 0.127084 0.800834
vt 0.169407 0.791274
vt 0.167033 0.716992
vt 0.075205 0.703589
vt 0.074213 0.705924
vt 0.068849 0.701486
vt 0.084352 0.689994
vt 0.108267 0.599445
vt 0.401097 0.952764
vt 0.395863 0.952161
vt 0.392165 0.949366
vt 0.532632 0.323560
vt 0.532312 0.323460
vt 0.532479 0.324483
vt 0.532943 0.324337
vt 0.549831 0.319461
vt 0.553073 0.317524
vt 0.552257 0.319520
vt 0.551077 0.319484
vt 0.553027 0.319535
vt 0.535803 0.321425
vt 0.547611 0.323474
vt 0.547466 0.324906
vt 0.535581 0.322867
vt 0.539012 0.326448
vt 0.535501 0.326407
vt 0.546718 0.326496
vt 0.555938 0.312659
vt 0.556908 0.314762
vt 0.557329 0.313440
vt 0.557053 0.312616
vt 0.554741 0.312705
vt 0.554751 0.314149
vt 0.547546 0.327173
vt 0.546723 0.326962
vt 0.546733 0.327817
vt 0.557696 0.315405
vt 0.557741 0.315195
vt 0.557775 0.315027
vt 0.557579 0.315537
vt 0.557468 0.315598
vt 0.556421 0.315588
vt 0.552028 0.312810
vt 0.552503 0.313510
vt 0.555357 0.315542
vt 0.554869 0.315242
vt 0.554404 0.315338
vt 0.553811 0.315464
vt 0.553252 0.315431
vt 0.553008 0.315308
vt 0.550640 0.323324
vt 0.551262 0.322650
vt 0.548167 0.321969
vt 0.548935 0.322629
vt 0.575373 0.312530
vt 0.575153 0.312917
vt 0.576370 0.311795
vt 0.548584 0.322647
vt 0.548681 0.322380
vt 0.544758 0.321473
vt 0.544948 0.322220
vt 0.548007 0.321156
vt 0.542313 0.322426
vt 0.542134 0.321729
vt 0.540669 0.321870
vt 0.540595 0.322592
vt 0.547312 0.323583
vt 0.546408 0.323931
vt 0.547097 0.323678
vt 0.545314 0.323886
vt 0.545029 0.323822
vt 0.544574 0.323187
vt 0.543883 0.323961
vt 0.542967 0.323896
vt 0.542676 0.323776
vt 0.542148 0.323092
vt 0.541591 0.322975
vt 0.540477 0.324043
vt 0.349619 0.959170
vt 0.357088 0.953912
vt 0.373650 0.957906
vt 0.364025 0.943704
vt 0.372272 0.941558
vt 0.381895 0.946680
vt 0.022993 0.653732
vt 0.011392 0.628095
vt 0.010776 0.637924
vt 0.011548 0.651771
vt 0.014510 0.655811
vt 0.011158 0.661293
vt 0.546098 0.316503
vt 0.553175 0.316743
vt 0.545730 0.317303
vt 0.545743 0.316106
vt 0.546198 0.315868
vt 0.543757 0.317779
vt 0.543910 0.316275
vt 0.543682 0.319069
vt 0.525260 0.326336
vt 0.525032 0.326335
vt 0.525085 0.325901
vt 0.527108 0.323019
vt 0.543851 0.319350
vt 0.546522 0.319400
vt 0.544039 0.315984
vt 0.545739 0.316040
vt 0.536654 0.300601
vt 0.536976 0.300103
vt 0.536630 0.300674
vt 0.543946 0.315607
vt 0.544239 0.314676
vt 0.544368 0.313972
vt 0.545530 0.314161
vt 0.546067 0.313697
vt 0.218293 0.826267
vt 0.219782 0.821845
vt 0.228980 0.814664
vt 0.229461 0.824038
vt 0.230021 0.831951
vt 0.548554 0.318785
vt 0.549404 0.319070
vt 0.549755 0.314698
vt 0.548925 0.314445
vt 0.552128 0.315518
vt 0.551620 0.315496
vt 0.551252 0.315455
vt 0.550962 0.315394
vt 0.573695 0.318304
vt 0.550380 0.335097
vt 0.584967 0.269404
vt 0.550953 0.317091
vt 0.550494 0.314967
vt 0.550689 0.317940
vt 0.550857 0.319376
vt 0.550912 0.321434
vt 0.550685 0.315036
vt 0.570774 0.330974
vt 0.484865 0.675747
vt 0.489155 0.672010
vt 0.488924 0.671831
vt 0.484965 0.675137
vt 0.500034 0.674678
vt 0.500037 0.674558
vt 0.473173 0.673152
vt 0.471822 0.672198
vt 0.458670 0.669899
vt 0.470187 0.672467
vt 0.465974 0.669882
vt 0.451958 0.665200
vt 0.471835 0.689360
vt 0.455715 0.694188
vt 0.447504 0.667567
vt 0.441405 0.661674
vt 0.448320 0.668355
vt 0.459659 0.670591
vt 0.470671 0.672764
vt 0.473317 0.673253
vt 0.484854 0.675813
vt 0.489186 0.672035
vt 0.500034 0.674691
vt 0.550397 0.307510
vt 0.550319 0.309619
vt 0.550073 0.309677
vt 0.550171 0.307464
vt 0.550258 0.311261
vt 0.550006 0.311204
vt 0.549951 0.312459
vt 0.550209 0.312587
vt 0.550069 0.313825
vt 0.549838 0.313612
vt 0.549923 0.315110
vt 0.549710 0.314920
vt 0.549775 0.316410
vt 0.549577 0.316265
vt 0.549718 0.318238
vt 0.549333 0.318334
vt 0.565218 0.330991
vt 0.562927 0.332546
vt 0.567974 0.332508
vt 0.572601 0.321338
vt 0.566536 0.327478
vt 0.566317 0.325772
vt 0.566759 0.323673
vt 0.567163 0.321753
vt 0.562298 0.321909
vt 0.562312 0.321357
vt 0.551925 0.321377
vt 0.556714 0.321938
vt 0.560356 0.322235
vt 0.551586 0.322263
vt 0.543007 0.321742
vt 0.547672 0.322337
vt 0.543553 0.320591
vt 0.549220 0.322276
vt 0.551978 0.303848
vt 0.559583 0.303848
vt 0.562257 0.305941
vt 0.553230 0.341010
vt 0.539613 0.319348
vt 0.539815 0.320354
vt 0.544493 0.316390
vt 0.540728 0.321713
vt 0.541751 0.322231
vt 0.539924 0.317553
vt 0.542109 0.315857
vt 0.539678 0.305694
vt 0.545530 0.305601
vt 0.540175 0.292035
vt 0.539504 0.300183
vt 0.545385 0.294344
vt 0.424724 0.911116
vt 0.390900 0.945313
vt 0.406930 0.886537
vt 0.531362 0.322129
vt 0.531969 0.321133
vt 0.533236 0.324023
vt 0.533301 0.323651
vt 0.375628 0.955481
vt 0.534902 0.323601
vt 0.534533 0.324036
vt 0.535540 0.324290
vt 0.390425 0.943372
vt 0.532556 0.323281
vt 0.564467 0.318667
vt 0.580058 0.319840
vt 0.549084 0.338363
vt 0.533199 0.322966
vt 0.533317 0.323472
vt 0.549682 0.319365
vt 0.549187 0.319574
vt 0.563764 0.335129
vt 0.565259 0.339657
vt 0.540223 0.324151
vt 0.537634 0.322880
vt 0.539003 0.324362
vt 0.537573 0.323489
vt 0.537506 0.322175
vt 0.381171 0.948683
vt 0.386306 0.938958
vt 0.533629 0.323006
vt 0.535209 0.322956
vt 0.532967 0.321969
vt 0.532728 0.319589
vt 0.533325 0.322530
vt 0.548990 0.321251
vt 0.549362 0.320641
vt 0.562502 0.337740
vt 0.563150 0.344752
vt 0.534973 0.322060
vt 0.549658 0.320158
vt 0.419912 0.923059
vt 0.427583 0.920333
vt 0.427918 0.921760
vt 0.424775 0.939090
vt 0.434430 0.948374
vt 0.432652 0.962415
vt 0.433497 0.943009
vt 0.428385 0.940700
vt 0.423636 0.968291
vt 0.405601 0.951877
vt 0.410258 0.952382
vt 0.532075 0.324396
vt 0.531039 0.323217
vt 0.531047 0.323499
vt 0.531011 0.322561
vt 0.531285 0.323890
vt 0.531746 0.324317
vt 0.381150 0.818863
vt 0.884125 0.623260
vt 0.117991 0.618776
vt 0.539399 0.790596
vt 0.545026 0.778375
vt 0.541778 0.765627
vt 0.542409 0.756929
vt 0.549478 0.736832
vt 0.561743 0.691140
vt 0.461371 0.790593
vt 0.456269 0.778307
vt 0.459029 0.765625
vt 0.458048 0.756959
vt 0.451825 0.736698
vt 0.439621 0.691032
vn 0.047798 0.879982 0.472596
vn 0.047798 0.879982 0.472596
vn 0.047798 0.879982 0.472596
vn 0.568038 -0.454971 0.685809
vn 0.500242 -0.343489 0.794842
vn 0.500242 -0.343489 0.794842
vn 0.417982 -0.222075 0.880894
vn 0.287356 -0.793268 0.536798
vn 0.243372 -0.779904 0.576645
vn 0.243372 -0.779904 0.576645
vn 0.198487 -0.763653 0.614359
vn -0.157421 0.164678 0.973704
vn -0.242003 0.136233 0.960664
vn -0.242003 0.136233 0.960664
vn -0.324617 0.106681 0.939810
vn -0.047987 0.171804 0.983962
vn -0.051127 0.170382 0.984051
vn -0.051127 0.170382 0.984051
vn -0.054266 0.168957 0.984128
vn 0.745415 -0.159218 0.647307
vn 0.740317 -0.135374 0.658487
vn 0.740317 -0.135374 0.658487
vn 0.734685 -0.111433 0.669194
vn -0.038596 -0.009328 0.999211
vn -0.002815 0.016995 0.999852
vn -0.002815 0.016995 0.999852
vn 0.032973 0.043284 0.998519
vn -0.161606 0.058828 0.985101
vn -0.227730 0.020975 0.973498
vn -0.227730 0.020975 0.973498
vn -0.292501 -0.017003 0.956114
vn -0.385294 -0.415520 0.823949
vn -0.456560 0.188594 0.869474
vn -0.456560 0.188594 0.869474
vn -0.357938 0.722531 0.591464
vn 0.104874 0.033504 0.993921
vn -0.066412 -0.188449 0.979835
vn -0.066412 -0.188449 0.979835
vn -0.232464 -0.395552 0.888538
vn 0.120813 -0.490852 0.862826
vn 0.120813 -0.490852 0.862826
vn 0.120813 -0.490852 0.862826
vn -0.513006 0.069631 0.855556
vn -0.513006 0.069631 0.855556
vn -0.513006 0.069631 0.855556
vn -0.946716 0.128259 0.295428
vn -0.949236 0.060481 0.308697
vn -0.949236 0.060481 0.308697
vn -0.947221 -0.007585 0.320492
vn -0.934785 0.061413 0.349864
vn -0.928077 0.082627 0.363106
vn -0.928077 0.082627 0.363106
vn -0.920747 0.103785 0.376104
vn 0.016750 0.510985 0.859426
vn 0.021996 0.524684 0.851013
vn 0.021996 0.524684 0.851013
vn 0.027236 0.538233 0.842356
vn -0.051079 0.207869 0.976822
vn -0.051079 0.207869 0.976822
vn -0.051079 0.207869 0.976822
vn -0.253379 0.864577 0.433942
vn -0.170859 0.868665 0.465003
vn -0.170859 0.868665 0.465003
vn -0.087007 0.865986 0.492441
vn -0.958524 0.124653 0.256309
vn -0.957700 0.112582 0.264831
vn -0.957700 0.112582 0.264831
vn -0.956667 0.100486 0.273295
vn 0.819721 0.116486 0.560792
vn 0.819704 0.117422 0.560622
vn 0.819704 0.117422 0.560622
vn 0.819687 0.118358 0.560451
vn 0.502180 0.100675 0.858883
vn 0.593847 -0.066445 0.801830
vn 0.593847 -0.066445 0.801830
vn 0.662005 -0.230934 0.713035
vn 0.119723 -0.401293 0.908092
vn 0.148591 -0.429119 0.890942
vn 0.148591 -0.429119 0.890942
vn 0.177177 -0.456130 0.872098
vn -0.640556 -0.317296 0.699294
vn -0.799806 -0.283811 0.528925
vn -0.770214 -0.238106 0.591672
vn -0.863225 -0.261018 0.432102
vn -0.841826 -0.367911 0.394932
vn 0.837616 0.052237 0.543756
vn 0.818231 0.080949 0.569161
vn 0.818231 0.080949 0.569161
vn 0.797336 0.109512 0.593517
vn 0.784566 0.475548 0.397882
vn 0.784566 0.475548 0.397882
vn 0.784566 0.475548 0.397882
vn 0.707236 0.652622 0.271851
vn 0.707236 0.652622 0.271851
vn 0.707236 0.652622 0.271851
vn 0.832647 0.241715 0.498271
vn 0.855996 0.140327 0.497573
vn 0.855996 0.140327 0.497573
vn 0.870080 0.037420 0.491488
vn 0.000617 0.363647 0.931536
vn -0.176319 0.086128 0.980558
vn -0.176319 0.086128 0.980558
vn -0.333731 -0.200929 0.921005
vn -0.367963 0.213614 0.904971
vn -0.321352 0.274081 0.906429
vn -0.321352 0.274081 0.906429
vn -0.272866 0.332949 0.902601
vn -0.937189 -0.041096 0.346394
vn -0.941958 -0.000192 0.335732
vn -0.941958 -0.000192 0.335732
vn -0.945022 0.040712 0.324463
vn -0.201773 -0.146811 0.968367
vn -0.201773 -0.146811 0.968367
vn -0.201773 -0.146811 0.968367
vn -0.582408 -0.444772 0.680426
vn -0.509905 -0.437049 0.740936
vn -0.555426 -0.470213 0.685859
vn -0.429015 -0.368121 0.824884
vn -0.332752 -0.231984 0.914035
vn -0.372428 -0.298377 0.878788
vn -0.770929 -0.121787 0.625170
vn -0.601021 -0.274488 0.750620
vn -0.601021 -0.274488 0.750620
vn -0.390290 -0.408545 0.825085
vn 0.079198 -0.213682 0.973688
vn 0.020142 -0.184674 0.982593
vn 0.020142 -0.184674 0.982593
vn -0.039003 -0.154852 0.987167
vn -0.085700 -0.161071 0.983215
vn -0.118323 -0.168541 0.978567
vn -0.118323 -0.168541 0.978567
vn -0.150811 -0.175819 0.972802
vn -0.043442 0.573186 0.818273
vn 0.044239 0.791505 0.609560
vn 0.073870 0.711652 0.698637
vn 0.086815 0.872106 0.481554
vn -0.015574 0.912525 0.408725
vn 0.244979 0.937750 0.246193
vn 0.251973 0.934922 0.249860
vn 0.251973 0.934922 0.249860
vn 0.258949 0.932029 0.253510
vn -0.387219 0.792405 0.471334
vn -0.142231 0.716372 0.683068
vn -0.142231 0.716372 0.683068
vn 0.118492 0.561085 0.819233
vn 0.034076 0.989569 -0.139970
vn 0.126958 0.927831 0.350730
vn 0.126958 0.927831 0.350730
vn 0.187691 0.631143 0.752616
vn 0.062885 0.057641 0.996355
vn 0.316146 -0.164901 0.934269
vn 0.357335 -0.239613 0.902717
vn 0.480429 -0.372152 0.794160
vn 0.426822 -0.374859 0.822985
vn 0.431631 0.066582 0.899590
vn 0.431631 0.066582 0.899590
vn 0.431631 0.066582 0.899590
vn 0.178295 -0.245594 0.952835
vn 0.148502 -0.216791 0.964857
vn 0.148502 -0.216791 0.964857
vn 0.118431 -0.187583 0.975083
vn -0.109096 -0.310384 0.944330
vn -0.109096 -0.310384 0.944330
vn -0.109096 -0.310384 0.944330
vn 0.315306 -0.101079 0.943591
vn 0.345225 -0.114909 0.931459
vn 0.345225 -0.114909 0.931459
vn 0.374718 -0.128596 0.918177
vn 0.316206 -0.755837 0.573344
vn 0.114954 -0.572385 0.811887
vn 0.114954 -0.572385 0.811887
vn -0.101363 -0.313917 0.944024
vn 0.644932 -0.213479 0.733819
vn 0.644932 -0.213479 0.733819
vn 0.644932 -0.213479 0.733819
vn 0.767471 0.609286 0.199395
vn 0.820853 0.485285 0.301162
vn 0.740460 0.627608 0.240473
vn 0.515017 0.851434 0.099086
vn 0.725288 0.636635 0.262018
vn 0.900480 0.358108 0.246769
vn 0.918329 0.287121 0.272460
vn 0.918329 0.287121 0.272460
vn 0.930651 0.214405 0.296512
vn 0.954966 0.050060 0.292463
vn 0.955607 0.048303 0.290657
vn 0.955607 0.048303 0.290657
vn 0.956242 0.046545 0.288850
vn 0.952371 0.165017 0.256433
vn 0.951437 0.154501 0.266266
vn 0.951437 0.154501 0.266266
vn 0.950304 0.143952 0.276043
vn 0.945052 -0.088680 0.314662
vn 0.928826 -0.015731 0.370183
vn 0.938411 -0.027253 0.344443
vn 0.955019 -0.050125 0.292278
vn 0.933414 0.003629 0.358782
vn 0.957216 0.090764 0.274772
vn 0.957440 0.138702 0.253121
vn 0.957440 0.138702 0.253121
vn 0.955015 0.186256 0.230771
vn 0.948593 -0.113237 0.295547
vn 0.949509 -0.150036 0.275538
vn 0.949509 -0.150036 0.275538
vn 0.948759 -0.186572 0.255045
vn 0.958768 -0.128037 0.253712
vn 0.950640 -0.025511 0.309247
vn 0.957818 -0.026344 0.286166
vn 0.941694 0.025957 0.335468
vn 0.934712 -0.023812 0.354608
vn 0.589971 -0.763243 0.263426
vn 0.619261 -0.731923 0.284261
vn 0.619261 -0.731923 0.284261
vn 0.647144 -0.698939 0.304449
vn 0.939634 -0.084820 0.331502
vn 0.915303 -0.305969 0.261922
vn 0.915303 -0.305969 0.261922
vn 0.841234 -0.510492 0.178109
vn 0.784342 -0.545685 0.295019
vn 0.803841 -0.509391 0.307180
vn 0.803841 -0.509391 0.307180
vn 0.821858 -0.472157 0.318775
vn 0.518430 -0.558019 0.647955
vn 0.523134 -0.555567 0.646278
vn 0.523134 -0.555567 0.646278
vn 0.527823 -0.553098 0.644582
vn 0.542012 -0.393919 0.742328
vn 0.542012 -0.393919 0.742328
vn 0.542012 -0.393919 0.742328
vn 0.082469 -0.261479 0.961680
vn 0.082469 -0.261479 0.961680
vn 0.082469 -0.261479 0.961680
vn 0.148171 0.385982 0.910529
vn 0.148171 0.385982 0.910529
vn 0.148171 0.385982 0.910529
vn -0.090793 -0.270114 0.958538
vn -0.449195 0.156627 0.879598
vn -0.449195 0.156627 0.879598
vn -0.665295 0.533750 0.522008
vn -0.148809 -0.187501 0.970927
vn -0.148809 -0.187501 0.970927
vn -0.148809 -0.187501 0.970927
vn -0.903477 0.028538 0.427686
vn -0.886419 0.049982 0.460178
vn -0.886419 0.049982 0.460178
vn -0.867760 0.071335 0.491838
vn -0.302288 0.060159 0.951317
vn -0.331875 0.052287 0.941873
vn -0.331875 0.052287 0.941873
vn -0.361121 0.044362 0.931463
vn -0.049418 0.066807 0.996541
vn -0.052249 0.066107 0.996444
vn -0.052249 0.066107 0.996444
vn -0.055080 0.065406 0.996337
vn 0.850173 0.026093 0.525857
vn 0.842578 0.032637 0.537584
vn 0.842578 0.032637 0.537584
vn 0.834783 0.039172 0.549184
vn 0.954373 0.025053 0.297566
vn 0.957549 0.018797 0.287657
vn 0.957549 0.018797 0.287657
vn 0.960585 0.012538 0.277705
vn -0.877757 0.127414 0.461854
vn -0.889959 0.339519 0.304467
vn -0.801827 0.426183 0.418857
vn -0.871170 0.442867 0.211969
vn -0.987057 0.147642 0.062606
vn -0.402217 0.212608 0.890516
vn -0.407799 0.198908 0.891143
vn -0.407799 0.198908 0.891143
vn -0.413292 0.185163 0.891574
vn -0.057272 0.244304 0.968006
vn -0.057203 0.244416 0.967982
vn -0.057203 0.244416 0.967982
vn -0.057133 0.244527 0.967958
vn 0.859052 0.098066 0.502406
vn 0.855399 0.117485 0.504471
vn 0.855399 0.117485 0.504471
vn 0.851407 0.136857 0.506336
vn 0.957202 0.110360 0.267554
vn 0.936273 0.205973 0.284550
vn 0.936273 0.205973 0.284550
vn 0.906104 0.299553 0.298738
vn 0.002745 0.531710 0.846922
vn 0.138291 0.235702 0.961936
vn 0.105878 0.234345 0.966371
vn 0.153841 0.072705 0.985417
vn 0.044608 0.231111 0.971904
vn 0.103192 0.230190 0.967659
vn 0.088640 0.250697 0.963999
vn 0.088640 0.250697 0.963999
vn 0.074031 0.271041 0.959717
vn -0.024794 -0.725555 0.687718
vn -0.024794 -0.725555 0.687718
vn -0.024794 -0.725555 0.687718
vn 0.056627 -0.786064 0.615546
vn 0.008252 -0.738381 0.674333
vn 0.022508 -0.755516 0.654744
vn -0.015963 -0.712304 0.701690
vn -0.020230 -0.702229 0.711664
vn -0.302528 -0.850829 0.429612
vn 0.097716 -0.900897 0.422890
vn 0.097716 -0.900897 0.422890
vn 0.482057 -0.804347 0.347343
vn -0.082535 -0.656238 0.750027
vn -0.082535 -0.656238 0.750027
vn -0.082535 -0.656238 0.750027
vn 0.079889 0.853539 0.514867
vn 0.088663 0.859168 0.503953
vn 0.088663 0.859168 0.503953
vn 0.097416 0.864601 0.492925
vn 0.031718 -0.117512 0.992565
vn 0.049635 -0.086760 0.994992
vn 0.049635 -0.086760 0.994992
vn 0.067489 -0.055897 0.996153
vn -0.006145 0.798230 0.602321
vn -0.020266 0.710114 0.703795
vn -0.020266 0.710114 0.703795
vn -0.034017 0.609029 0.792418
vn -0.035093 0.609452 0.792046
vn -0.047393 0.562214 0.825633
vn -0.047393 0.562214 0.825633
vn -0.059527 0.513002 0.856321
vn -0.033333 0.601558 0.798133
vn -0.033333 0.601558 0.798133
vn -0.033333 0.601558 0.798133
vn -0.191998 -0.799663 0.568925
vn -0.191998 -0.799663 0.568925
vn -0.191998 -0.799663 0.568925
vn 0.070354 0.340270 0.937692
vn 0.079564 0.345543 0.935024
vn 0.079115 0.212513 0.973950
vn 0.063441 -0.137907 0.988411
vn 0.068572 -0.101973 0.992421
vn 0.077118 0.050190 0.995758
vn 0.107227 -0.469204 0.876556
vn 0.107227 -0.469204 0.876556
vn 0.107227 -0.469204 0.876556
vn 0.435695 0.117686 0.892367
vn 0.435695 0.117686 0.892367
vn 0.435695 0.117686 0.892367
vn -0.311263 0.183594 0.932421
vn -0.249380 0.162301 0.954708
vn -0.249380 0.162301 0.954708
vn -0.186305 0.140231 0.972433
vn 0.997547 0.069881 -0.004138
vn 0.997547 0.069911 -0.003540
vn 0.997547 0.069911 -0.003540
vn 0.997547 0.069942 -0.002943
vn 0.002313 0.999864 0.016306
vn 0.002313 0.999864 0.016306
vn 0.002313 0.999864 0.016306
vn 0.999995 0.001101 -0.002972
vn 0.999113 0.019142 0.037512
vn 0.999113 0.019142 0.037512
vn 0.996267 0.037146 0.077922
vn 0.999998 0.000654 -0.001994
vn 0.999998 0.000721 -0.001880
vn 0.999998 0.000721 -0.001880
vn 0.999998 0.000789 -0.001765
vn 0.095432 0.208583 0.973337
vn -0.111518 0.278598 0.953911
vn -0.111518 0.278598 0.953911
vn -0.313104 0.335211 0.888595
vn -0.059067 0.491680 0.868770
vn -0.059067 0.491680 0.868770
vn -0.059067 0.491680 0.868770
vn 0.001679 0.019218 -0.999814
vn 0.000992 0.017715 -0.999843
vn 0.000992 0.017715 -0.999843
vn 0.000304 0.016212 -0.999869
vn -0.121175 -0.088946 0.988638
vn -0.269416 0.215130 0.938688
vn -0.269416 0.215130 0.938688
vn -0.386152 0.494050 0.778974
vn -0.000010 1.000000 0.000008
vn -0.000006 1.000000 0.000004
vn -0.000006 1.000000 0.000004
vn -0.000002 1.000000 0.000000
vn 0.100587 0.258819 0.960674
vn 0.100587 0.258819 0.960674
vn 0.100587 0.258819 0.960674
vn -0.031547 0.258907 0.965387
vn -0.015524 0.219883 0.975403
vn -0.015524 0.219883 0.975403
vn 0.000528 0.180446 0.983585
vn -0.555636 -0.203325 0.806181
vn -0.400028 -0.252806 0.880947
vn -0.400028 -0.252806 0.880947
vn -0.231517 -0.294133 0.927300
vn -0.754508 -0.521947 0.397855
vn -0.702183 -0.632154 0.327598
vn -0.744651 -0.531348 0.403937
vn -0.579436 -0.799695 0.157293
vn -0.670146 -0.683539 0.289272
vn -0.812232 -0.381624 0.441184
vn -0.812232 -0.381624 0.441184
vn -0.812232 -0.381624 0.441184
vn -0.521015 -0.681011 0.514555
vn -0.435748 -0.409551 0.801493
vn -0.366024 -0.410915 0.834970
vn -0.259725 -0.242790 0.934664
vn -0.232244 -0.406998 0.883411
vn -0.548047 -0.219727 0.807072
vn -0.548047 -0.219727 0.807072
vn -0.548047 -0.219727 0.807072
vn -0.174153 0.206420 0.962840
vn -0.174153 0.206420 0.962840
vn -0.174153 0.206420 0.962840
vn -0.622868 -0.418576 0.660931
vn -0.681730 -0.583934 0.440755
vn -0.681730 -0.583934 0.440755
vn -0.686541 -0.702994 0.185634
vn -0.411281 -0.303177 0.859612
vn -0.448358 -0.517436 0.728859
vn -0.448358 -0.517436 0.728859
vn -0.456570 -0.698384 0.551183
vn -0.860174 0.276171 0.428753
vn -0.860174 0.276171 0.428753
vn -0.860174 0.276171 0.428753
vn -0.148112 -0.092846 0.984603
vn -0.016487 -0.131525 0.991176
vn 0.019563 -0.157198 0.987373
vn 0.103188 -0.187485 0.976833
vn 0.090870 -0.207144 0.974081
vn -0.763770 -0.513377 0.391278
vn -0.810234 -0.410888 0.417963
vn -0.831708 -0.359913 0.422758
vn -0.856607 -0.279224 0.433887
vn -0.866753 -0.255349 0.428411
vn -0.003618 -0.717698 0.696345
vn -0.106869 -0.705466 0.700640
vn -0.071522 -0.715492 0.694950
vn -0.176958 -0.682545 0.709097
vn -0.158077 -0.696484 0.699944
vn -0.128606 -0.728355 0.673023
vn -0.128606 -0.728355 0.673023
vn -0.128606 -0.728355 0.673023
vn -0.044582 0.137973 0.989432
vn -0.044582 0.137973 0.989432
vn -0.044582 0.137973 0.989432
vn 0.290939 -0.455357 0.841430
vn -0.107801 -0.159079 0.981363
vn -0.107801 -0.159079 0.981363
vn -0.477827 0.179570 0.859904
vn 0.044768 0.013697 0.998904
vn 0.044768 0.013697 0.998904
vn 0.044768 0.013697 0.998904
vn -0.267229 -0.279273 0.922277
vn -0.092415 -0.147399 0.984750
vn -0.092415 -0.147399 0.984750
vn 0.087191 -0.007881 0.996161
vn 0.104740 0.332199 0.937376
vn 0.069698 0.207155 0.975822
vn 0.106995 0.329753 0.937984
vn 0.010614 0.045442 0.998911
vn 0.037617 0.109438 0.993282
vn 0.000977 -0.001900 0.999998
vn -0.069205 -0.031752 0.997097
vn -0.029777 0.005485 0.999542
vn -0.029777 0.005485 0.999542
vn 0.009739 0.042705 0.999040
vn -0.995755 0.087174 -0.029548
vn -0.978263 -0.134933 0.157465
vn -0.978263 -0.134933 0.157465
vn -0.877998 -0.345624 0.331155
vn 0.257150 0.941254 0.218894
vn 0.257150 0.941254 0.218894
vn 0.257150 0.941254 0.218894
vn 0.219619 0.101222 -0.970320
vn 0.160326 0.190661 -0.968475
vn 0.160326 0.190661 -0.968475
vn 0.099187 0.277904 -0.955474
vn 0.258733 0.942128 0.213195
vn 0.258733 0.942128 0.213195
vn 0.258733 0.942128 0.213195
vn 0.334031 0.692272 0.639673
vn 0.285331 0.644021 0.709805
vn 0.285331 0.644021 0.709805
vn 0.233886 0.589575 0.773110
vn 0.294996 -0.373535 0.879459
vn 0.294996 -0.373535 0.879459
vn 0.294996 -0.373535 0.879459
vn 0.355684 0.412756 0.838523
vn 0.388581 0.355224 0.850189
vn 0.388581 0.355224 0.850189
vn 0.419719 0.296083 0.858004
vn 0.484260 0.341071 0.805706
vn 0.404871 0.509114 0.759528
vn 0.404871 0.509114 0.759528
vn 0.310633 0.658486 0.685495
vn 0.603728 0.728831 0.322982
vn 0.601802 0.740719 0.298611
vn 0.601802 0.740719 0.298611
vn 0.599432 0.752060 0.274020
vn 0.015236 0.717695 0.696191
vn -0.019627 0.672713 0.739643
vn -0.019627 0.672713 0.739643
vn -0.054389 0.624281 0.779304
vn 0.081983 0.973283 0.214473
vn 0.096624 0.974602 0.202026
vn 0.096624 0.974602 0.202026
vn 0.111230 0.975559 0.189504
vn -0.139159 0.193777 0.971126
vn -0.139159 0.193777 0.971126
vn -0.139159 0.193777 0.971126
vn 0.999789 -0.003242 0.020283
vn 0.997275 -0.037169 0.063723
vn 0.997275 -0.037169 0.063723
vn 0.991725 -0.070983 0.106969
vn 0.917462 0.391303 0.071723
vn 0.882250 0.467604 0.054607
vn 0.882250 0.467604 0.054607
vn 0.840548 0.540465 0.037089
vn 0.294417 0.886183 0.357769
vn 0.299408 0.892087 0.338431
vn 0.302696 0.893118 0.332741
vn 0.306750 0.896336 0.320134
vn 0.309230 0.895060 0.321318
vn 0.995901 -0.069732 0.057618
vn 0.994358 -0.085970 0.062135
vn 0.994358 -0.085970 0.062135
vn 0.992531 -0.102183 0.066635
vn 0.838648 0.539704 0.073412
vn 0.838648 0.539704 0.073412
vn 0.838648 0.539704 0.073412
vn 0.989462 -0.101825 0.102936
vn 0.862320 0.506348 -0.003889
vn 0.862320 0.506348 -0.003889
vn 0.392449 0.913272 -0.109168
vn 0.432535 0.900237 0.049872
vn 0.471288 0.881004 0.041457
vn 0.471288 0.881004 0.041457
vn 0.509126 0.860060 0.032962
vn 0.768483 0.637220 0.058184
vn 0.778257 0.625009 0.060661
vn 0.778257 0.625009 0.060661
vn 0.787836 0.612642 0.063122
vn -0.268529 0.939535 0.212521
vn -0.268529 0.939535 0.212521
vn -0.268529 0.939535 0.212521
vn -0.204844 0.966608 0.153973
vn 0.290781 0.926735 0.237925
vn 0.290781 0.926735 0.237925
vn 0.712465 0.651211 0.261378
vn -0.899519 -0.350642 0.260608
vn -0.994673 -0.102434 -0.011523
vn -0.994673 -0.102434 -0.011523
vn -0.945882 0.160597 -0.281987
vn 0.151593 0.988383 0.010928
vn 0.137755 0.990453 0.005145
vn 0.137755 0.990453 0.005145
vn 0.123885 0.992296 -0.000640
vn 0.122715 0.991637 -0.039964
vn 0.137321 0.990338 -0.019311
vn 0.137321 0.990338 -0.019311
vn 0.151839 0.988404 0.001354
vn -0.941057 0.260295 -0.216006
vn -0.968416 0.240676 -0.065155
vn -0.968416 0.240676 -0.065155
vn -0.972641 0.215307 0.087254
vn 0.933287 0.160269 0.321386
vn 0.768226 0.638614 0.044732
vn 0.768226 0.638614 0.044732
vn 0.347655 0.904558 -0.246800
vn -0.050050 0.965022 -0.257348
vn -0.085207 0.964776 -0.248891
vn -0.085207 0.964776 -0.248891
vn -0.120252 0.963269 -0.240109
vn -0.580646 0.683006 -0.443118
vn -0.823800 0.414390 -0.386825
vn -0.823800 0.414390 -0.386825
vn -0.956197 0.090061 -0.278525
vn 0.729318 -0.679496 0.079884
vn 0.878177 -0.476825 0.037988
vn 0.878177 -0.476825 0.037988
vn 0.969964 -0.243165 -0.006378
vn 0.000010 1.000000 0.000007
vn 0.000010 1.000000 0.000006
vn 0.000010 1.000000 0.000006
vn 0.000009 1.000000 0.000004
vn -0.000012 1.000000 0.000008
vn -0.000017 1.000000 0.000000
vn -0.000017 1.000000 0.000000
vn -0.000023 1.000000 -0.000008
vn -0.018870 0.099992 0.994809
vn -0.007891 0.066793 0.997736
vn -0.007891 0.066793 0.997736
vn 0.003097 0.033512 0.999434
vn 0.004008 0.033732 0.999423
vn 0.004008 0.033732 0.999423
vn 0.004008 0.033732 0.999423
vn 0.118893 0.992907 0.001122
vn 0.109306 0.993875 -0.016264
vn 0.109306 0.993875 -0.016264
vn 0.099677 0.994451 -0.033644
vn 0.049947 0.257231 0.965058
vn 0.049947 0.257231 0.965058
vn 0.049947 0.257231 0.965058
vn -0.010486 0.198520 0.980041
vn 0.047457 0.146996 0.987998
vn 0.047457 0.146996 0.987998
vn 0.105111 0.094580 0.989953
vn 0.399863 0.360029 0.842905
vn 0.399863 0.360029 0.842905
vn 0.399863 0.360029 0.842905
vn -0.824108 0.546805 -0.147821
vn -0.824108 0.546805 -0.147821
vn -0.824108 0.546805 -0.147821
vn -0.887532 0.456170 0.064768
vn -0.925425 0.343592 0.159791
vn -0.925425 0.343592 0.159791
vn -0.941904 0.223063 0.251117
vn 0.366634 0.930365 -0.000085
vn 0.367096 0.930183 0.000594
vn 0.367096 0.930183 0.000594
vn 0.367559 0.929999 0.001272
vn -0.024933 0.047668 0.998552
vn -0.024933 0.047668 0.998552
vn -0.024933 0.047668 0.998552
vn -0.003723 0.036527 0.999326
vn -0.006017 0.044435 0.998994
vn -0.006017 0.044435 0.998994
vn -0.008310 0.052340 0.998595
vn 0.367552 0.930002 0.001058
vn 0.367763 0.929919 0.000666
vn 0.367763 0.929919 0.000666
vn 0.367973 0.929836 0.000273
vn 0.385744 0.922605 -0.001262
vn 0.386316 0.922366 -0.000479
vn 0.386316 0.922366 -0.000479
vn 0.386888 0.922127 0.000305
vn -0.068849 0.082067 0.994246
vn -0.067637 0.082597 0.994285
vn -0.067637 0.082597 0.994285
vn -0.066425 0.083126 0.994323
vn -0.035769 -0.054232 0.997888
vn -0.035769 -0.054232 0.997888
vn -0.035769 -0.054232 0.997888
vn -0.091785 -0.135641 0.986497
vn -0.091785 -0.135641 0.986497
vn -0.091785 -0.135641 0.986497
vn 0.328864 0.142572 0.933553
vn 0.328864 0.142572 0.933553
vn 0.328864 0.142572 0.933553
vn -0.285630 -0.481499 0.828598
vn -0.285630 -0.481499 0.828598
vn -0.285630 -0.481499 0.828598
vn 0.320383 0.615808 0.719816
vn 0.320383 0.615808 0.719816
vn 0.320383 0.615808 0.719816
vn 0.294149 0.764763 0.573249
vn 0.294149 0.764763 0.573249
vn 0.294149 0.764763 0.573249
vn 0.284664 0.132537 0.949421
vn 0.397285 0.013246 0.917600
vn 0.397285 0.013246 0.917600
vn 0.498812 -0.106414 0.860153
vn -0.000558 0.999992 -0.003965
vn -0.000558 0.999992 -0.003965
vn -0.000558 0.999992 -0.003965
vn -0.032195 0.999238 -0.022048
vn -0.032195 0.999238 -0.022048
vn -0.032195 0.999238 -0.022048
vn -0.170912 0.176343 0.969377
vn -0.114425 0.109543 0.987374
vn -0.114425 0.109543 0.987374
vn -0.057025 0.041868 0.997495
vn 0.177833 0.107225 0.978202
vn 0.177833 0.107225 0.978202
vn 0.177833 0.107225 0.978202
vn -0.282328 -0.343732 0.895622
vn -0.279709 -0.385570 0.879260
vn -0.279709 -0.385570 0.879260
vn -0.276524 -0.426627 0.861118
vn 0.272130 0.817530 0.507533
vn 0.274616 0.814236 0.511475
vn 0.274616 0.814236 0.511475
vn 0.277094 0.810914 0.515400
vn 0.095999 0.242326 -0.965434
vn 0.103432 0.114834 -0.987985
vn 0.103432 0.114834 -0.987985
vn 0.109126 -0.014588 -0.993921
vn 0.368335 0.929693 0.000204
vn 0.367498 0.930025 -0.000199
vn 0.367498 0.930025 -0.000199
vn 0.366660 0.930355 -0.000601
vn 0.350487 0.806315 0.476461
vn 0.361342 0.793379 0.489879
vn 0.361342 0.793379 0.489879
vn 0.372028 0.780075 0.503070
vn 0.024528 0.040463 0.998880
vn 0.023901 0.059981 0.997913
vn 0.015637 0.218575 0.975695
vn 0.016754 0.360914 0.932448
vn 0.006972 0.371537 0.928392
vn 0.010354 0.233641 0.972268
vn 0.010721 0.186765 0.982346
vn 0.010721 0.186765 0.982346
vn 0.010721 0.186765 0.982346
vn 0.416903 0.709228 0.568496
vn 0.513915 0.723166 0.461435
vn 0.513915 0.723166 0.461435
vn 0.600101 0.721869 0.344652
vn -0.062814 0.781554 0.620667
vn -0.203968 0.542226 0.815100
vn -0.203968 0.542226 0.815100
vn -0.321664 0.240538 0.915791
vn 0.367703 0.452061 0.812672
vn 0.273335 0.324377 0.905576
vn 0.273335 0.324377 0.905576
vn 0.169717 0.185717 0.967835
vn -0.101999 0.577430 0.810044
vn -0.062115 0.375880 0.924584
vn -0.062115 0.375880 0.924584
vn -0.018794 0.153531 0.987965
vn -0.289472 -0.338826 0.895211
vn -0.289472 -0.338826 0.895211
vn -0.289472 -0.338826 0.895211
vn 0.101672 0.237496 0.966053
vn 0.101672 0.237496 0.966053
vn 0.101672 0.237496 0.966053
vn 0.288459 0.827131 0.482335
vn 0.288459 0.827131 0.482335
vn 0.288459 0.827131 0.482335
vn 0.355939 0.412853 0.838367
vn 0.450055 0.243367 0.859199
vn 0.426471 0.279585 0.860206
vn 0.377882 0.349126 0.857506
vn 0.458429 0.209601 0.863661
vn -0.000856 0.997622 -0.068924
vn -0.000484 0.997661 -0.068352
vn -0.000484 0.997661 -0.068352
vn -0.000113 0.997700 -0.067780
vn 0.001150 0.999999 0.000034
vn 0.001150 0.999999 0.000034
vn 0.001150 0.999999 0.000034
vn 0.000001 1.000000 0.000000
vn 0.000001 1.000000 0.000000
vn 0.000001 1.000000 0.000000
vn 0.000000 1.000000 0.000000
vn -0.000000 1.000000 -0.000002
vn -0.000000 1.000000 -0.000002
vn -0.000000 1.000000 -0.000002
vn -0.000000 1.000000 -0.000001
vn -0.961021 -0.103808 0.256248
vn -0.961021 -0.103808 0.256248
vn -0.961021 -0.103808 0.256248
vn -0.999993 0.001517 -0.003278
vn -0.999993 0.001517 -0.003278
vn -0.999993 0.001517 -0.003278
vn -0.985942 -0.050664 -0.159219
vn -0.985942 -0.050664 -0.159219
vn -0.985942 -0.050664 -0.159219
vn -0.003973 0.001013 0.999992
vn -0.006808 -0.000893 0.999976
vn -0.006808 -0.000893 0.999976
vn -0.009642 -0.002798 0.999950
vn 0.012442 -0.002683 0.999919
vn 0.008888 -0.001339 0.999960
vn 0.008888 -0.001339 0.999960
vn 0.005335 0.000004 0.999986
vn -0.973737 0.224532 -0.037698
vn -0.973737 0.224532 -0.037698
vn -0.973737 0.224532 -0.037698
vn 0.034664 0.999398 0.001341
vn 0.031621 0.999497 -0.002324
vn 0.031621 0.999497 -0.002324
vn 0.028577 0.999574 -0.005988
vn -0.978608 -0.193869 -0.068862
vn -0.978608 -0.193869 -0.068862
vn -0.978608 -0.193869 -0.068862
vn -0.980868 0.037048 -0.191118
vn -0.980487 0.037150 -0.193042
vn -0.980487 0.037150 -0.193042
vn -0.980102 0.037253 -0.194965
vn 0.025208 0.997301 -0.068963
vn 0.012611 0.999318 -0.034713
vn 0.012611 0.999318 -0.034713
vn -0.000002 1.000000 -0.000417
vn -0.000027 -1.000000 -0.000022
vn -0.000027 -1.000000 -0.000022
vn -0.000027 -1.000000 -0.000022
vn 0.028402 0.999596 -0.000757
vn 0.027472 0.999623 0.000385
vn 0.027472 0.999623 0.000385
vn 0.026541 0.999647 0.001526
vn -0.995833 0.043641 -0.080078
vn -0.996904 0.038229 -0.068716
vn -0.996904 0.038229 -0.068716
vn -0.997815 0.032811 -0.057342
vn -0.956037 -0.018713 -0.292648
vn -0.956037 -0.018713 -0.292648
vn -0.956037 -0.018713 -0.292648
vn -0.976832 0.213422 -0.015836
vn -0.976832 0.213422 -0.015836
vn -0.976832 0.213422 -0.015836
vn -0.000293 -1.000000 0.000224
vn 0.000292 -1.000000 -0.000539
vn -0.000032 -0.999999 0.001639
vn 0.000584 -0.999999 -0.000920
vn 0.000940 -0.999988 -0.004893
vn -0.989144 0.047016 -0.139224
vn -0.989144 0.047016 -0.139224
vn -0.989144 0.047016 -0.139224
vn -0.943773 0.299098 0.140827
vn -0.957812 0.110461 0.265321
vn -0.957812 0.110461 0.265321
vn -0.922733 -0.083840 0.376210
vn -0.873514 -0.300259 0.383169
vn -0.762561 -0.344574 0.547512
vn -0.762561 -0.344574 0.547512
vn -0.620127 -0.374665 0.689252
vn -1.000000 -0.000379 0.000311
vn -1.000000 -0.000215 0.000281
vn -1.000000 -0.000215 0.000281
vn -1.000000 -0.000050 0.000252
vn -0.999998 -0.000039 -0.001965
vn -0.999999 -0.000209 -0.001648
vn -0.999999 -0.000209 -0.001648
vn -0.999999 -0.000379 -0.001330
vn -1.000000 -0.000068 0.000318
vn -1.000000 -0.000031 0.000304
vn -1.000000 -0.000031 0.000304
vn -1.000000 0.000006 0.000290
vn -1.000000 -0.000063 -0.000346
vn -1.000000 -0.000063 -0.000346
vn -1.000000 -0.000063 -0.000346
vn -1.000000 0.000004 0.000278
vn -1.000000 0.000048 0.000249
vn -1.000000 0.000048 0.000249
vn -1.000000 0.000093 0.000220
vn -0.999999 0.000088 -0.001444
vn -0.999999 0.000033 -0.001125
vn -0.999999 0.000033 -0.001125
vn -1.000000 -0.000021 -0.000807
vn -1.000000 -0.000012 0.000285
vn -1.000000 -0.000002 0.000302
vn -1.000000 -0.000002 0.000302
vn -1.000000 0.000009 0.000319
vn -1.000000 0.000050 0.000062
vn -1.000000 0.000024 0.000147
vn -1.000000 0.000024 0.000147
vn -1.000000 -0.000001 0.000231
vn -1.000000 0.000036 0.000378
vn -1.000000 0.000146 0.000356
vn -1.000000 0.000146 0.000356
vn -1.000000 0.000255 0.000334
vn -0.999998 0.000223 -0.001924
vn -0.999999 0.000111 -0.001689
vn -0.999999 0.000111 -0.001689
vn -0.999999 -0.000002 -0.001455
vn -1.000000 0.000000 0.000329
vn -1.000000 0.000055 0.000314
vn -1.000000 0.000055 0.000314
vn -1.000000 0.000110 0.000299
vn -1.000000 0.000142 -0.000321
vn -1.000000 0.000136 -0.000120
vn -1.000000 0.000136 -0.000120
vn -1.000000 0.000131 0.000080
vn -0.999951 -0.000126 0.009950
vn -0.999389 0.025711 0.023667
vn -0.999389 0.025711 0.023667
vn -0.997973 0.051525 0.037363
vn -0.000019 -0.000700 1.000000
vn -0.000013 -0.000656 1.000000
vn -0.000013 -0.000656 1.000000
vn -0.000008 -0.000612 1.000000
vn -1.000000 -0.000354 0.000233
vn -1.000000 -0.000165 0.000218
vn -1.000000 -0.000165 0.000218
vn -1.000000 0.000024 0.000203
vn -0.996286 -0.085758 -0.007691
vn -0.998803 -0.042913 -0.023490
vn -0.998803 -0.042913 -0.023490
vn -0.999230 0.000021 -0.039238
vn 0.039863 -0.334799 0.941446
vn 0.039863 -0.334799 0.941446
vn 0.039863 -0.334799 0.941446
vn 0.006608 0.562808 0.826562
vn 0.042919 0.566948 0.822635
vn 0.023511 0.576385 0.816840
vn 0.061062 0.568732 0.820253
vn 0.081659 0.547230 0.832989
vn -0.005993 0.523257 0.852154
vn 0.006765 0.534988 0.844833
vn 0.006765 0.534988 0.844833
vn 0.019520 0.546529 0.837212
vn -0.064200 0.572397 0.817459
vn -0.064200 0.572397 0.817459
vn -0.064200 0.572397 0.817459
vn 0.190635 0.467133 0.863392
vn 0.123799 0.335370 0.933917
vn 0.123799 0.335370 0.933917
vn 0.053646 0.194619 0.979411
vn 0.040336 0.639194 0.767987
vn 0.027868 0.610079 0.791851
vn 0.027868 0.610079 0.791851
vn 0.015357 0.580005 0.814469
vn 0.178365 -0.075386 0.981072
vn 0.178365 -0.075386 0.981072
vn 0.178365 -0.075386 0.981072
vn 0.908699 0.231033 0.347693
vn 0.908699 0.231033 0.347693
vn 0.908699 0.231033 0.347693
vn 0.977357 -0.115094 -0.177558
vn 0.977357 -0.115094 -0.177558
vn 0.977357 -0.115094 -0.177558
vn 0.999485 0.026743 0.017746
vn 0.999250 0.019708 0.033322
vn 0.999250 0.019708 0.033322
vn 0.998724 0.012667 0.048888
vn 0.974456 -0.091830 -0.204948
vn 0.974456 -0.091830 -0.204948
vn 0.974456 -0.091830 -0.204948
vn 0.983825 -0.114948 -0.137385
vn 0.983825 -0.114948 -0.137385
vn 0.983825 -0.114948 -0.137385
vn -0.282048 0.940383 0.190076
vn -0.282048 0.940383 0.190076
vn -0.282048 0.940383 0.190076
vn -0.076624 0.029127 -0.996635
vn -0.117384 0.013979 -0.992988
vn -0.117384 0.013979 -0.992988
vn -0.157921 -0.001196 -0.987451
vn -0.345013 0.938016 0.033046
vn -0.345013 0.938016 0.033046
vn -0.345013 0.938016 0.033046
vn -0.881098 0.246148 0.403828
vn -0.876878 0.158929 0.453681
vn -0.876878 0.158929 0.453681
vn -0.863793 0.070103 0.498947
vn -0.758675 0.185313 0.624556
vn -0.806357 0.328860 0.491569
vn -0.806357 0.328860 0.491569
vn -0.821328 0.459067 0.338640
vn -0.600941 0.075770 0.795694
vn -0.681234 0.207676 0.701991
vn -0.681234 0.207676 0.701991
vn -0.739299 0.332807 0.585385
vn 0.722226 0.673270 -0.158423
vn 0.722226 0.673270 -0.158423
vn 0.722226 0.673270 -0.158423
vn 0.000000 1.000000 0.000000
vn 0.000000 1.000000 0.000000
vn 0.000000 1.000000 0.000000
vn 0.000000 1.000000 0.000000
vn 0.210045 0.928883 -0.305054
vn 0.210045 0.928883 -0.305054
vn 0.210045 0.928883 -0.305054
vn -0.891947 0.430955 0.136774
vn -0.896933 0.424402 0.124072
vn -0.896933 0.424402 0.124072
vn -0.901713 0.417752 0.111340
vn 0.243116 0.391852 0.887326
vn 0.243116 0.391852 0.887326
vn 0.243116 0.391852 0.887326
vn -0.155779 0.207151 0.965827
vn -0.043161 0.127083 0.990953
vn -0.043161 0.127083 0.990953
vn 0.070309 0.044508 0.996532
vn 0.130081 0.383543 0.914316
vn 0.130081 0.383543 0.914316
vn 0.130081 0.383543 0.914316
vn 0.068762 0.481389 0.873806
vn 0.068762 0.481389 0.873806
vn 0.068762 0.481389 0.873806
vn 0.292711 -0.181176 0.938880
vn 0.226067 -0.044658 0.973088
vn 0.226067 -0.044658 0.973088
vn 0.153940 0.092944 0.983699
vn -0.154787 0.205729 0.966290
vn -0.158772 0.194053 0.968057
vn -0.158772 0.194053 0.968057
vn -0.162733 0.182346 0.969674
vn -0.088747 -0.445982 0.890631
vn -0.131985 -0.225438 0.965276
vn -0.131985 -0.225438 0.965276
vn -0.167822 0.007749 0.985787
vn 0.115700 0.118682 0.986168
vn 0.244970 -0.006471 0.969509
vn 0.244970 -0.006471 0.969509
vn 0.366241 -0.131413 0.921194
vn -0.009252 0.999957 0.000000
vn -0.004387 0.999971 0.006167
vn -0.004387 0.999971 0.006167
vn 0.000479 0.999924 0.012334
vn -0.404982 0.854724 -0.324709
vn -0.404982 0.854724 -0.324709
vn -0.404982 0.854724 -0.324709
vn -0.348591 0.873006 -0.341093
vn -0.050931 0.983540 -0.173365
vn -0.050931 0.983540 -0.173365
vn 0.253295 0.967245 0.016719
vn -0.311009 0.653114 0.690446
vn -0.311009 0.653114 0.690446
vn -0.311009 0.653114 0.690446
vn 0.060472 0.991117 -0.118446
vn 0.193157 0.980240 -0.042651
vn 0.193157 0.980240 -0.042651
vn 0.321309 0.946359 0.034144
vn 0.997579 0.069496 -0.002355
vn 0.992025 0.050623 -0.115428
vn 0.992025 0.050623 -0.115428
vn 0.973403 0.031083 -0.226982
vn -0.671960 0.218214 -0.707709
vn -0.677458 0.732630 -0.065601
vn -0.677458 0.732630 -0.065601
vn -0.224346 0.751087 0.620916
vn -0.667534 -0.019580 -0.744322
vn -0.667534 -0.019580 -0.744322
vn -0.667534 -0.019580 -0.744322
vn -0.000002 1.000000 0.000065
vn -0.000002 1.000000 0.000065
vn -0.000002 1.000000 0.000065
vn -0.988857 -0.056481 0.137739
vn -0.992160 -0.102078 0.072105
vn -0.992160 -0.102078 0.072105
vn -0.989115 -0.147023 0.006009
vn -0.996951 0.043919 0.064503
vn -0.994510 0.056670 0.087963
vn -0.994510 0.056670 0.087963
vn -0.991355 0.069380 0.111360
vn -0.658253 0.682053 -0.318600
vn -0.658253 0.682053 -0.318600
vn -0.658253 0.682053 -0.318600
vn 0.268865 0.961360 -0.059140
vn 0.149153 0.988653 -0.017846
vn 0.149153 0.988653 -0.017846
vn 0.026938 0.999355 0.023747
vn -0.283131 0.954387 -0.094774
vn -0.009001 0.996109 0.087673
vn -0.392893 0.918181 -0.050785
vn -0.468663 0.883185 -0.018431
vn -0.913015 0.290972 -0.285900
vn -0.030201 0.009998 0.999494
vn -0.030201 0.009998 0.999494
vn -0.030201 0.009998 0.999494
vn -0.824911 0.561863 -0.061899
vn -0.794505 0.601654 -0.082303
vn -0.794505 0.601654 -0.082303
vn -0.761776 0.639686 -0.102466
vn -0.102844 0.130285 0.986128
vn -0.061285 0.070236 0.995646
vn -0.061285 0.070236 0.995646
vn -0.019393 0.009807 0.999764
vn 0.273116 0.961876 -0.014227
vn 0.354653 0.933108 -0.059417
vn 0.354653 0.933108 -0.059417
vn 0.432814 0.895459 -0.104041
vn 0.676006 0.736890 0.002999
vn 0.702942 0.711171 0.010351
vn 0.702942 0.711171 0.010351
vn 0.728866 0.684428 0.017687
vn -0.203997 0.969151 0.138317
vn -0.099823 0.991182 0.087147
vn -0.099823 0.991182 0.087147
vn 0.005745 0.999379 0.034761
vn -0.000001 1.000000 0.000002
vn -0.000001 1.000000 0.000002
vn -0.000001 1.000000 0.000002
vn 0.999032 0.043969 -0.001325
vn 0.997426 -0.029156 0.065512
vn 0.997426 -0.029156 0.065512
vn 0.986028 -0.101994 0.131705
vn 0.998638 0.051781 -0.006329
vn 0.983641 0.179937 0.008572
vn 0.983641 0.179937 0.008572
vn 0.952049 0.305056 0.023329
vn -0.307234 0.950830 -0.039123
vn -0.176418 0.978850 -0.103582
vn -0.176418 0.978850 -0.103582
vn -0.041711 0.985284 -0.165757
vn 0.999043 0.030276 -0.031553
vn 0.999043 0.030276 -0.031553
vn 0.999043 0.030276 -0.031553
vn 0.999638 0.026422 0.005155
vn 0.999638 0.026422 0.005155
vn 0.999638 0.026422 0.005155
vn 0.999770 0.019887 0.008033
vn 0.999274 0.034436 0.016304
vn 0.999274 0.034436 0.016304
vn 0.998498 0.048976 0.024570
vn 0.686721 0.722271 -0.082091
vn 0.590880 0.805975 -0.035578
vn 0.590880 0.805975 -0.035578
vn 0.484193 0.874885 0.011588
vn -0.198374 0.968028 0.153522
vn -0.095277 0.995007 0.029715
vn -0.095277 0.995007 0.029715
vn 0.010362 0.995434 -0.094885
vn -0.503311 0.828127 0.246747
vn -0.503311 0.828127 0.246747
vn -0.503311 0.828127 0.246747
vn -0.747725 -0.027264 0.663449
vn -0.738665 -0.022703 0.673690
vn -0.738665 -0.022703 0.673690
vn -0.729452 -0.018138 0.683792
vn -0.052081 -0.047564 0.997510
vn -0.040365 -0.063916 0.997139
vn -0.040365 -0.063916 0.997139
vn -0.028633 -0.080242 0.996364
vn -0.932430 0.218553 0.287765
vn -0.921050 -0.056389 0.385341
vn -0.921050 -0.056389 0.385341
vn -0.831156 -0.326524 0.450070
vn -0.991016 0.120073 -0.058912
vn -0.991016 0.120073 -0.058912
vn -0.991016 0.120073 -0.058912
vn -0.960372 -0.274922 0.045877
vn -0.971676 -0.229546 0.056160
vn -0.971676 -0.229546 0.056160
vn -0.980754 -0.183644 0.066314
vn -0.948235 -0.022470 0.316773
vn -0.846254 0.504418 0.171513
vn -0.846254 0.504418 0.171513
vn -0.482687 0.875384 -0.026763
vn -0.980494 0.032237 0.193886
vn -0.970015 -0.033110 0.240780
vn -0.970015 -0.033110 0.240780
vn -0.953153 -0.098239 0.286091
vn 0.010208 -0.861539 0.507588
vn 0.010208 -0.861539 0.507588
vn 0.010208 -0.861539 0.507588
vn 0.610524 -0.662068 0.434657
vn 0.622006 -0.754387 0.209782
vn 0.622006 -0.754387 0.209782
vn 0.596651 -0.802029 -0.027518
vn 0.086184 -0.018369 0.996110
vn 0.086184 -0.018369 0.996110
vn 0.086184 -0.018369 0.996110
vn 0.331771 0.943359 -0.001276
vn 0.331624 0.943412 -0.000651
vn 0.331624 0.943412 -0.000651
vn 0.331476 0.943464 -0.000027
vn 0.000014 0.999922 0.012514
vn 0.000007 0.999980 0.006258
vn 0.000007 0.999980 0.006258
vn 0.000000 1.000000 0.000003
vn -0.001441 0.999453 -0.033044
vn -0.000536 0.999383 -0.035130
vn -0.000536 0.999383 -0.035130
vn 0.000369 0.999307 -0.037215
vn 0.000128 0.999953 -0.009705
vn 0.000639 0.999950 -0.009995
vn 0.000639 0.999950 -0.009995
vn 0.001150 0.999947 -0.010285
vn -0.999940 0.001548 -0.010843
vn -0.999942 0.003295 -0.010229
vn -0.999942 0.003295 -0.010229
vn -0.999941 0.005043 -0.009615
vn -0.999955 -0.008833 -0.003473
vn -0.999955 -0.008833 -0.003473
vn -0.999955 -0.008833 -0.003473
vn -0.968551 -0.007884 0.248690
vn -0.968551 -0.007884 0.248690
vn -0.968551 -0.007884 0.248690
vn -0.921939 -0.250986 0.295017
vn -0.944746 -0.266417 0.190989
vn -0.944746 -0.266417 0.190989
vn -0.956613 -0.278764 0.084749
vn -0.772332 -0.576403 0.266953
vn -0.797535 -0.506323 0.327988
vn -0.797535 -0.506323 0.327988
vn -0.815343 -0.431548 0.385982
vn -0.561587 -0.477872 0.675469
vn -0.567242 -0.537205 0.624218
vn -0.567242 -0.537205 0.624218
vn -0.569393 -0.593218 0.569109
vn 0.303165 -0.217589 0.927764
vn 0.303165 -0.217589 0.927764
vn 0.303165 -0.217589 0.927764
vn -0.701376 0.098244 0.705989
vn -0.396789 -0.258654 0.880714
vn -0.396789 -0.258654 0.880714
vn 0.007264 -0.550713 0.834663
vn -0.966845 -0.246231 0.067680
vn -0.966845 -0.246231 0.067680
vn -0.966845 -0.246231 0.067680
vn 0.007429 -0.224248 0.974504
vn 0.009480 -0.221274 0.975166
vn 0.009480 -0.221274 0.975166
vn 0.011532 -0.218297 0.975814
vn -0.992081 0.120763 0.034511
vn -0.992081 0.120763 0.034511
vn -0.992081 0.120763 0.034511
vn -0.984982 -0.171193 0.022428
vn -0.984982 -0.171193 0.022428
vn -0.984982 -0.171193 0.022428
vn -0.950747 -0.308522 -0.029918
vn -0.986114 -0.164167 0.025054
vn -0.986114 -0.164167 0.025054
vn -0.996720 -0.015690 0.079397
vn -0.985831 -0.166318 -0.021793
vn -0.996487 -0.083480 -0.006759
vn -0.996487 -0.083480 -0.006759
vn -0.999965 -0.000041 0.008323
vn -0.984658 0.053515 0.166088
vn -0.953501 -0.176442 0.244345
vn -0.953501 -0.176442 0.244345
vn -0.865157 -0.395817 0.307948
vn 0.000000 0.000000 1.000000
vn -0.007968 0.006786 0.999945
vn -0.007968 0.006786 0.999945
vn -0.015936 0.013572 0.999781
vn -0.016034 -0.162768 0.986534
vn -0.042322 -0.035682 0.998467
vn -0.042322 -0.035682 0.998467
vn -0.067891 0.092011 0.993441
vn 0.000528 0.037148 0.999310
vn -0.015281 0.065636 0.997727
vn -0.015281 0.065636 0.997727
vn -0.031074 0.094055 0.995082
vn -0.012702 -0.902048 0.431450
vn -0.012702 -0.902048 0.431450
vn -0.012702 -0.902048 0.431450
vn -0.000467 0.999973 0.007394
vn -0.000571 0.999973 0.007285
vn -0.000571 0.999973 0.007285
vn -0.000674 0.999974 0.007176
vn 0.003767 0.999966 0.007393
vn 0.001891 0.999991 0.003767
vn 0.001891 0.999991 0.003767
vn 0.000016 1.000000 0.000142
vn -0.000143 0.999999 -0.001279
vn -0.000143 0.999999 -0.001279
vn -0.000143 0.999999 -0.001279
vn 0.999999 -0.000436 0.001128
vn 0.999999 -0.000622 0.000938
vn 0.999999 -0.000622 0.000938
vn 0.999999 -0.000808 0.000747
vn 0.000119 -0.000638 1.000000
vn 0.000119 -0.000640 1.000000
vn 0.000119 -0.000640 1.000000
vn 0.000119 -0.000642 1.000000
vn 0.000108 -0.000651 1.000000
vn 0.000107 -0.000644 1.000000
vn 0.000107 -0.000644 1.000000
vn 0.000106 -0.000637 1.000000
vn 0.000130 -0.000642 1.000000
vn 0.000131 -0.000643 1.000000
vn 0.000131 -0.000643 1.000000
vn 0.000132 -0.000644 1.000000
vn -0.002234 0.021155 0.999774
vn -0.001832 0.010266 0.999946
vn -0.001832 0.010266 0.999946
vn -0.001429 -0.000625 0.999999
vn -0.002526 0.020976 0.999777
vn -0.002526 0.020976 0.999777
vn -0.002526 0.020976 0.999777
vn 0.000033 -0.000636 1.000000
vn 0.000050 -0.000670 1.000000
vn 0.000050 -0.000670 1.000000
vn 0.000067 -0.000703 1.000000
vn 0.000112 -0.000703 1.000000
vn 0.000108 -0.000677 1.000000
vn 0.000108 -0.000677 1.000000
vn 0.000104 -0.000651 1.000000
vn 0.003885 0.999987 -0.003332
vn -0.238417 0.971143 -0.006157
vn -0.238417 0.971143 -0.006157
vn -0.466522 0.884468 -0.008616
vn 0.861404 0.507915 -0.002235
vn 0.497722 0.867314 0.006301
vn 0.497722 0.867314 0.006301
vn 0.003884 0.999906 0.013190
vn 0.759167 -0.005281 0.650875
vn 0.834135 -0.041198 0.550020
vn 0.834135 -0.041198 0.550020
vn 0.894854 -0.076411 0.439770
vn -0.450481 -0.001291 0.892785
vn -0.563543 -0.064492 0.823565
vn -0.563543 -0.064492 0.823565
vn -0.664450 -0.126302 0.736582
vn 0.000006 -0.000665 1.000000
vn 0.000005 -0.000651 1.000000
vn 0.000005 -0.000651 1.000000
vn 0.000004 -0.000636 1.000000
vn 0.000919 0.999990 -0.004319
vn 0.001921 0.999986 -0.004923
vn 0.001921 0.999986 -0.004923
vn 0.002923 0.999981 -0.005527
vn 0.005145 0.999972 -0.005527
vn 0.002571 0.999983 -0.005180
vn 0.002571 0.999983 -0.005180
vn -0.000002 0.999988 -0.004834
vn 0.002225 0.999992 0.003383
vn 0.001089 0.999994 0.003227
vn 0.001089 0.999994 0.003227
vn -0.000048 0.999995 0.003072
vn -0.001596 0.999996 0.002448
vn -0.000790 0.999996 0.002903
vn -0.000790 0.999996 0.002903
vn 0.000017 0.999994 0.003359
vn 0.385410 0.922745 -0.000085
vn 0.385600 0.922666 -0.000247
vn 0.385600 0.922666 -0.000247
vn 0.385790 0.922587 -0.000409
vn 0.227695 0.373253 -0.899354
vn 0.251594 0.326305 -0.911167
vn 0.251594 0.326305 -0.911167
vn 0.274760 0.278406 -0.920325
vn 0.381345 0.924432 -0.001024
vn 0.383378 0.923591 -0.000410
vn 0.383378 0.923591 -0.000410
vn 0.385409 0.922746 0.000203
vn 0.402784 0.446967 -0.798740
vn 0.402784 0.446967 -0.798740
vn 0.402784 0.446967 -0.798740
vn 0.429447 0.896298 0.110568
vn 0.262737 0.933088 0.245593
vn 0.262737 0.933088 0.245593
vn 0.083578 0.925671 0.368982
vn 0.275189 0.920494 -0.277418
vn 0.337047 0.745406 -0.575125
vn 0.337047 0.745406 -0.575125
vn 0.357409 0.478550 -0.802028
vn 0.307793 0.917052 -0.253532
vn 0.307793 0.917052 -0.253532
vn 0.307793 0.917052 -0.253532
vn -0.061123 0.946871 0.315754
vn -0.017844 0.979922 0.198579
vn -0.017844 0.979922 0.198579
vn 0.025733 0.996614 0.078089
vn 0.332552 0.943085 -0.000418
vn 0.332375 0.943147 -0.000209
vn 0.332375 0.943147 -0.000209
vn 0.332198 0.943210 0.000000
vn 0.335357 0.942091 -0.001042
vn 0.333992 0.942576 -0.000520
vn 0.333992 0.942576 -0.000520
vn 0.332626 0.943059 0.000003
vn -0.046324 0.998925 0.001444
vn -0.046324 0.998925 0.001444
vn -0.046324 0.998925 0.001444
vn 0.000000 1.000000 -0.000000
vn 0.000000 1.000000 -0.000000
vn 0.000000 1.000000 -0.000000
vn 0.000000 1.000000 0.000000
vn -0.046227 0.998931 0.000004
vn -0.046227 0.998931 0.000004
vn -0.046227 0.998931 0.000004
vn 0.000047 1.000000 -0.000002
vn 0.000066 1.000000 0.000113
vn 0.000066 1.000000 0.000113
vn 0.000085 1.000000 0.000229
vn 0.003289 0.967800 -0.251698
vn -0.026225 0.990913 -0.131921
vn -0.026225 0.990913 -0.131921
vn -0.055326 0.998418 -0.010066
vn -0.000040 1.000000 0.000010
vn -0.000045 1.000000 0.000004
vn -0.000045 1.000000 0.000004
vn -0.000051 1.000000 -0.000001
vn -0.028683 0.999558 0.007848
vn -0.020416 0.999772 -0.006217
vn -0.020416 0.999772 -0.006217
vn -0.012143 0.999721 -0.020280
vn -0.014973 -0.999888 -0.000588
vn -0.014973 -0.999888 -0.000588
vn -0.014973 -0.999888 -0.000588
vn -0.668613 0.740490 0.068052
vn -0.668613 0.740490 0.068052
vn -0.668613 0.740490 0.068052
vn -0.015297 -0.999883 0.000128
vn -0.015150 -0.999885 0.000044
vn -0.015222 -0.999884 0.000064
vn -0.015076 -0.999886 0.000002
vn -0.015005 -0.999887 0.000004
vn -0.002396 -0.999992 0.003350
vn -0.001198 -0.999990 0.004237
vn -0.001198 -0.999990 0.004237
vn -0.000000 -0.999987 0.005124
vn 0.000594 -0.999993 0.003634
vn 0.000335 -0.999991 0.004107
vn 0.000335 -0.999991 0.004107
vn 0.000075 -0.999990 0.004581
vn 0.000000 -1.000000 -0.000017
vn 0.000000 -1.000000 -0.000017
vn 0.000000 -1.000000 -0.000017
vn 0.000000 -1.000000 0.000000
vn 0.000000 -1.000000 0.000000
vn 0.000000 -1.000000 0.000000
vn 0.000000 -1.000000 0.000000
vn 0.000153 0.997619 -0.068965
vn -0.000101 0.997669 -0.068234
vn -0.000101 0.997669 -0.068234
vn -0.000355 0.997719 -0.067503
vn -0.000057 -0.000002 1.000000
vn -0.000058 -0.000001 1.000000
vn -0.000058 -0.000001 1.000000
vn -0.000059 -0.000000 1.000000
vn -0.028693 0.999420 0.018335
vn -0.014432 0.999593 -0.024602
vn -0.014432 0.999593 -0.024602
vn -0.000141 0.997720 -0.067489
vn -0.999999 0.001231 -0.000048
vn -0.999999 0.001231 -0.000048
vn -0.999999 0.001231 -0.000048
vn -0.999999 0.001231 -0.000048
vn -0.844498 0.371575 0.385688
vn -0.678681 0.452615 0.578387
vn -0.678681 0.452615 0.578387
vn -0.464545 0.501430 0.729908
vn -0.726578 -0.005319 0.687063
vn -0.656884 -0.000048 0.753991
vn -0.656884 -0.000048 0.753991
vn -0.581040 0.005223 0.813859
vn -0.007972 0.999780 0.019377
vn -0.003966 0.999944 0.009784
vn -0.003966 0.999944 0.009784
vn 0.000039 1.000000 0.000190
vn 0.033899 0.898935 0.436769
vn 0.017641 0.974355 0.224324
vn 0.017641 0.974355 0.224324
vn 0.000482 1.000000 0.000419
vn -0.000199 -0.999994 0.003450
vn -0.000036 -0.999991 0.004187
vn -0.000036 -0.999991 0.004187
vn 0.000128 -0.999988 0.004924
vn 0.000000 -1.000000 0.000003
vn 0.000000 -1.000000 -0.000008
vn 0.000000 -1.000000 -0.000008
vn 0.000000 -1.000000 -0.000020
vn 0.000000 -1.000000 0.000034
vn 0.000000 -1.000000 0.000034
vn 0.000000 -1.000000 0.000034
vn 0.000085 -0.000001 1.000000
vn 0.000064 0.000030 1.000000
vn 0.000064 0.000030 1.000000
vn 0.000043 0.000062 1.000000
vn 0.000013 0.000055 1.000000
vn 0.000019 0.000052 1.000000
vn 0.000019 0.000052 1.000000
vn 0.000024 0.000049 1.000000
vn -0.000509 -0.999997 0.002488
vn -0.000509 -0.999997 0.002488
vn -0.000509 -0.999997 0.002488
vn 0.000039 0.000063 1.000000
vn 0.000039 0.000063 1.000000
vn 0.000039 0.000063 1.000000
vn 0.000039 0.000063 1.000000
vn -0.464542 0.501428 0.729911
vn -0.164611 0.618744 0.768153
vn -0.164611 0.618744 0.768153
vn 0.152634 0.670978 0.725597
vn -0.081740 -0.023157 0.996385
vn -0.039870 -0.115418 0.992517
vn -0.039870 -0.115418 0.992517
vn 0.002409 -0.206493 0.978445
vn 0.000039 0.000062 1.000000
vn 0.000039 0.000062 1.000000
vn 0.000039 0.000062 1.000000
vn 0.000128 0.000060 1.000000
vn 0.000128 0.000060 1.000000
vn 0.000128 0.000060 1.000000
vn -0.696491 -0.121348 0.707230
vn -0.716170 -0.120693 0.687411
vn -0.716170 -0.120693 0.687411
vn -0.735289 -0.119945 0.667056
vn -0.998589 0.050620 -0.016063
vn -0.998589 0.050620 -0.016063
vn -0.998589 0.050620 -0.016063
vn -0.998744 -0.027483 -0.041891
vn -0.998744 -0.027483 -0.041891
vn -0.998744 -0.027483 -0.041891
vn -0.701425 0.061053 0.710124
vn -0.771332 0.060582 0.633544
vn -0.771332 0.060582 0.633544
vn -0.832945 0.059459 0.550151
vn -0.095421 0.119375 0.988253
vn -0.047847 0.059890 0.997058
vn -0.047847 0.059890 0.997058
vn 0.000008 0.000054 1.000000
vn 0.000037 0.000062 1.000000
vn 0.000037 0.000062 1.000000
vn 0.000037 0.000062 1.000000
vn 0.981601 -0.187728 0.034885
vn 0.957192 -0.258318 0.130598
vn 0.957192 -0.258318 0.130598
vn 0.918674 -0.325101 0.224385
vn 0.984659 -0.147863 0.092644
vn 0.984830 -0.146391 0.093169
vn 0.984830 -0.146391 0.093169
vn 0.984998 -0.144917 0.093694
vn 0.153297 0.229414 -0.961181
vn 0.105824 0.190241 -0.976017
vn 0.105824 0.190241 -0.976017
vn 0.057928 0.150305 -0.986941
vn 0.008953 0.997024 -0.076573
vn -0.009724 0.998120 -0.060512
vn -0.009724 0.998120 -0.060512
vn -0.028396 0.998610 -0.044415
vn -0.927412 0.239976 -0.286912
vn -0.927412 0.239976 -0.286912
vn -0.927412 0.239976 -0.286912
vn -0.454403 0.885002 -0.101438
vn -0.493658 0.868591 -0.043035
vn -0.493658 0.868591 -0.043035
vn -0.530335 0.847645 0.015593
vn 0.160590 0.972146 0.170714
vn 0.160590 0.972146 0.170714
vn 0.160590 0.972146 0.170714
vn -0.033559 0.994349 -0.100716
vn -0.033559 0.994349 -0.100716
vn -0.033559 0.994349 -0.100716
vn 0.992467 -0.122466 0.003406
vn 0.992467 -0.122466 0.003406
vn 0.992467 -0.122466 0.003406
vn 0.373252 0.793692 -0.480350
vn 0.373252 0.793692 -0.480350
vn 0.373252 0.793692 -0.480350
vn 0.998898 0.036048 0.030060
vn 0.999447 -0.016404 -0.028908
vn 0.999447 -0.016404 -0.028908
vn 0.993772 -0.068754 -0.087696
vn 0.497593 0.316288 -0.807690
vn 0.497593 0.316288 -0.807690
vn 0.497593 0.316288 -0.807690
vn -0.999706 0.016840 -0.017465
vn -0.962228 -0.214636 -0.167477
vn -0.962228 -0.214636 -0.167477
vn -0.850188 -0.429480 -0.304510
vn -0.801373 0.594262 -0.068217
vn -0.959908 0.238846 -0.146732
vn -0.959908 0.238846 -0.146732
vn -0.967143 -0.154217 -0.202120
vn 0.578391 0.346650 -0.738442
vn 0.420107 0.121367 -0.899322
vn 0.420107 0.121367 -0.899322
vn 0.219103 -0.116258 -0.968751
vn -0.944178 0.293921 0.148788
vn -0.971513 0.203325 0.121746
vn -0.971513 0.203325 0.121746
vn -0.989437 0.110760 0.093525
vn -0.478751 0.142820 -0.866256
vn -0.520151 0.085546 -0.849779
vn -0.520151 0.085546 -0.849779
vn -0.558812 0.027821 -0.828827
vn -0.596991 0.181059 -0.781550
vn -0.596991 0.181059 -0.781550
vn -0.596991 0.181059 -0.781550
vn -0.888819 -0.421964 -0.178735
vn -0.811730 0.042380 -0.582494
vn -0.811730 0.042380 -0.582494
vn -0.422465 0.490425 -0.762238
vn 0.302740 0.942423 -0.142080
vn 0.267907 0.937767 -0.220951
vn 0.349529 0.924746 -0.150581
vn 0.373065 0.914805 -0.154771
vn 0.499813 0.866119 -0.005043
vn -0.378923 0.772213 -0.510005
vn -0.378923 0.772213 -0.510005
vn -0.378923 0.772213 -0.510005
vn -0.364865 0.925242 -0.103925
vn -0.364865 0.925242 -0.103925
vn -0.364865 0.925242 -0.103925
vn -0.364020 0.925150 -0.107644
vn -0.364020 0.925150 -0.107644
vn -0.364020 0.925150 -0.107644
vn 0.000705 -0.000006 1.000000
vn 0.000705 -0.000006 1.000000
vn 0.000705 -0.000006 1.000000
vn 0.047506 -0.060795 0.997019
vn 0.047506 -0.060795 0.997019
vn 0.047506 -0.060795 0.997019
vn 0.997351 0.072551 -0.005166
vn 0.998467 0.055266 -0.003179
vn 0.998467 0.055266 -0.003179
vn 0.999278 0.037964 -0.001190
vn -0.672666 0.136181 0.727307
vn -0.672666 0.136181 0.727307
vn -0.672666 0.136181 0.727307
vn 0.000001 0.000000 1.000000
vn 0.000000 0.000000 1.000000
vn 0.000000 0.000000 1.000000
vn 0.000000 0.000000 1.000000
vn -0.071713 0.002535 0.997422
vn -0.071713 0.002535 0.997422
vn -0.071713 0.002535 0.997422
vn -0.073480 0.102080 0.992059
vn -0.037425 0.225475 0.973530
vn -0.037425 0.225475 0.973530
vn -0.000740 0.345066 0.938578
vn -0.072704 -0.001212 0.997353
vn -0.038031 -0.097672 0.994492
vn -0.038031 -0.097672 0.994492
vn -0.002958 -0.193104 0.981174
vn -0.566813 0.823749 -0.012659
vn -0.592777 0.805161 -0.018222
vn -0.592777 0.805161 -0.018222
vn -0.618118 0.785726 -0.023766
vn 0.000084 0.999999 0.001372
vn 0.000030 1.000000 0.000457
vn 0.000044 1.000000 0.000685
vn 0.000002 1.000000 -0.000001
vn -0.000000 1.000000 0.000000
vn 0.996389 0.082941 0.018186
vn 0.996389 0.082941 0.018186
vn 0.996389 0.082941 0.018186
vn 0.007975 0.999963 -0.003219
vn 0.005538 0.999979 -0.003276
vn 0.005538 0.999979 -0.003276
vn 0.003102 0.999990 -0.003332
vn 0.000021 0.999995 -0.003216
vn 0.001472 0.999996 -0.002208
vn 0.001472 0.999996 -0.002208
vn 0.002923 0.999995 -0.001201
vn -0.590727 0.806865 -0.003302
vn -0.306965 0.951707 0.005210
vn -0.306965 0.951707 0.005210
vn 0.007977 0.999881 0.013192
vn -0.612962 0.790111 0.001683
vn -0.616546 0.787310 0.003757
vn -0.616546 0.787310 0.003757
vn -0.620114 0.784490 0.005830
vn -0.603020 0.797704 0.005945
vn -0.606264 0.795255 0.003830
vn -0.606264 0.795255 0.003830
vn -0.609495 0.792788 0.001715
vn -0.516974 0.855994 -0.003548
vn -0.566684 0.823901 -0.007570
vn -0.566684 0.823901 -0.007570
vn -0.614400 0.788910 -0.011566
vn 0.000005 0.999995 -0.003056
vn 0.000005 0.999995 -0.003056
vn 0.000005 0.999995 -0.003056
vn -0.047376 -0.025562 0.998550
vn 0.003926 -0.109662 0.993961
vn 0.003926 -0.109662 0.993961
vn 0.055189 -0.192694 0.979706
vn 0.333038 0.126482 0.934392
vn 0.132225 0.089492 0.987172
vn 0.132225 0.089492 0.987172
vn -0.074468 0.048522 0.996042
vn -0.040904 -0.300170 0.953008
vn 0.002955 -0.331632 0.943404
vn 0.002955 -0.331632 0.943404
vn 0.046806 -0.362098 0.930964
vn -0.022379 0.762442 0.646670
vn -0.019738 0.765441 0.643203
vn -0.019738 0.765441 0.643203
vn -0.017096 0.768419 0.639718
vn 0.107333 0.505261 0.856266
vn 0.093993 0.518703 0.849772
vn 0.093993 0.518703 0.849772
vn 0.080616 0.531938 0.842937
vn -0.000376 0.544640 0.838670
vn 0.032476 0.645695 0.762905
vn 0.032476 0.645695 0.762905
vn 0.064774 0.735752 0.674146
vn 0.050491 0.860252 0.507362
vn 0.050491 0.860252 0.507362
vn 0.050491 0.860252 0.507362
vn 0.004220 0.848538 0.529117
vn 0.013123 0.876292 0.481602
vn 0.013123 0.876292 0.481602
vn 0.021985 0.901322 0.432591
vn 0.027588 0.868026 0.495752
vn 0.010698 0.825248 0.564670
vn 0.010698 0.825248 0.564670
vn -0.006265 0.776804 0.629711
vn -0.000619 0.999979 -0.006382
vn -0.002854 0.999988 -0.003923
vn -0.002854 0.999988 -0.003923
vn -0.005089 0.999986 -0.001463
vn -0.000024 1.000000 0.000000
vn -0.000023 1.000000 -0.000000
vn -0.000023 1.000000 -0.000000
vn -0.000023 1.000000 -0.000000
vn -0.000001 1.000000 -0.000001
vn -0.000000 1.000000 -0.000000
vn -0.000000 1.000000 -0.000000
vn 0.000001 1.000000 0.000000
vn 0.000000 1.000000 -0.000001
vn 0.000000 1.000000 -0.000001
vn 0.000000 1.000000 -0.000001
vn 0.068999 0.926155 0.370778
vn 0.002985 0.870505 0.492150
vn 0.002985 0.870505 0.492150
vn -0.063094 0.795542 0.602604
vn 0.000056 1.000000 -0.000080
vn 0.000026 1.000000 -0.000058
vn 0.000026 1.000000 -0.000058
vn -0.000004 1.000000 -0.000035
vn -0.000001 1.000000 -0.000010
vn -0.000012 1.000000 -0.000005
vn -0.000016 1.000000 -0.000003
vn -0.000024 1.000000 0.000000
vn -0.000023 1.000000 0.000000
vn 0.405168 -0.914067 -0.017902
vn 0.405168 -0.914067 -0.017902
vn 0.405168 -0.914067 -0.017902
vn 0.025710 0.999666 0.002442
vn 0.011797 0.999929 0.001608
vn 0.011797 0.999929 0.001608
vn -0.002118 0.999997 0.000775
vn 0.995960 -0.089359 0.008853
vn 0.996594 -0.081011 0.015425
vn 0.996594 -0.081011 0.015425
vn 0.997115 -0.072653 0.021995
vn 0.990994 -0.131996 0.022537
vn 0.990994 -0.131996 0.022537
vn 0.990994 -0.131996 0.022537
vn 0.996283 -0.083378 -0.021630
vn 0.996283 -0.083378 -0.021630
vn 0.996283 -0.083378 -0.021630
vn -0.445076 -0.789185 0.423194
vn -0.445076 -0.789185 0.423194
vn -0.445076 -0.789185 0.423194
vn -0.233962 -0.710775 0.663371
vn -0.414491 -0.667798 0.618258
vn -0.414491 -0.667798 0.618258
vn -0.579903 -0.600464 0.550596
vn 0.931617 -0.362448 0.026859
vn 0.992362 0.122700 -0.012742
vn 0.992362 0.122700 -0.012742
vn 0.814318 0.578323 -0.049277
vn 0.871621 0.486404 -0.060734
vn 0.871621 0.486404 -0.060734
vn 0.871621 0.486404 -0.060734
vn 0.924809 -0.379964 0.018872
vn 0.924809 -0.379964 0.018872
vn 0.924809 -0.379964 0.018872
vn -0.391800 0.349051 0.851268
vn -0.313401 0.276852 0.908368
vn -0.313401 0.276852 0.908368
vn -0.230421 0.200606 0.952189
vn 0.994862 0.093217 -0.039494
vn 0.994862 0.093217 -0.039494
vn 0.994862 0.093217 -0.039494
vn -0.643991 0.519258 0.561825
vn -0.734397 0.442987 0.514222
vn -0.734397 0.442987 0.514222
vn -0.812864 0.359514 0.458260
vn -0.445882 0.279571 0.850312
vn -0.445882 0.279571 0.850312
vn -0.445882 0.279571 0.850312
vn 0.995287 0.091494 -0.032150
vn 0.457352 0.887276 -0.059759
vn 0.457352 0.887276 -0.059759
vn -0.502903 0.863743 -0.032187
vn 0.981750 0.190175 0.001040
vn 0.981750 0.190175 0.001040
vn 0.981750 0.190175 0.001040
vn 0.404419 -0.914513 0.010531
vn 0.404419 -0.914513 0.010531
vn 0.404419 -0.914513 0.010531
vn 0.994508 0.008119 -0.104345
vn 0.994508 0.008119 -0.104345
vn 0.994508 0.008119 -0.104345
vn 0.145155 -0.122946 0.981740
vn 0.145155 -0.122946 0.981740
vn 0.145155 -0.122946 0.981740
vn 0.627669 -0.703807 0.332699
vn 0.632622 -0.759118 0.153396
vn 0.632622 -0.759118 0.153396
vn 0.615285 -0.787683 -0.031312
vn 0.796310 -0.222024 0.562668
vn 0.796310 -0.222024 0.562668
vn 0.796310 -0.222024 0.562668
vn 0.763737 0.469638 0.442885
vn 0.763737 0.469638 0.442885
vn 0.763737 0.469638 0.442885
vn 0.024691 -0.065775 0.997529
vn 0.024691 -0.065775 0.997529
vn 0.024691 -0.065775 0.997529
vn -0.000466 1.000000 0.000175
vn 0.002533 0.999997 0.000008
vn 0.003085 0.999995 -0.000020
vn 0.004860 0.999988 -0.000117
vn 0.004188 0.999991 -0.000075
vn 0.011915 0.999924 0.003035
vn 0.012307 0.999924 0.000528
vn 0.011933 0.999928 0.001355
vn 0.012503 0.999922 -0.000725
vn 0.013055 0.999914 -0.001126
vn 0.006218 0.122266 0.992478
vn 0.000314 0.137821 0.990457
vn 0.000314 0.137821 0.990457
vn -0.005590 0.153337 0.988158
vn 0.713841 0.383569 0.585923
vn 0.814116 0.176901 0.553101
vn 0.814116 0.176901 0.553101
vn 0.870556 -0.039293 0.490498
vn 0.028202 -0.427423 0.903612
vn 0.028202 -0.427423 0.903612
vn 0.028202 -0.427423 0.903612
vn 0.302765 -0.280766 0.910771
vn 0.191908 -0.207191 0.959293
vn 0.191908 -0.207191 0.959293
vn 0.077202 -0.129460 0.988575
vn 0.041175 -0.059131 0.997401
vn 0.041175 -0.059133 0.997401
vn 0.041175 -0.059133 0.997401
vn 0.041174 -0.059134 0.997401
vn 0.349418 0.910069 0.222895
vn 0.349418 0.910069 0.222895
vn 0.349418 0.910069 0.222895
vn -0.006051 0.179217 0.983791
vn -0.006051 0.179217 0.983791
vn -0.006051 0.179217 0.983791
vn 0.615001 0.297902 0.730088
vn 0.710565 0.084409 0.698550
vn 0.710565 0.084409 0.698550
vn 0.766546 -0.133786 0.628099
vn 0.617494 0.371260 0.693446
vn 0.617494 0.371260 0.693446
vn 0.617494 0.371260 0.693446
vn 0.043709 0.163864 0.985514
vn 0.043709 0.163864 0.985514
vn 0.043709 0.163864 0.985514
vn 0.291277 0.150516 0.944724
vn 0.291277 0.150516 0.944724
vn 0.291277 0.150516 0.944724
vn 0.041127 -0.072866 0.996493
vn 0.034585 -0.057599 0.997741
vn 0.034585 -0.057599 0.997741
vn 0.028032 -0.042316 0.998711
vn 0.779890 -0.161300 0.604776
vn 0.716065 -0.270168 0.643630
vn 0.716065 -0.270168 0.643630
vn 0.639754 -0.374326 0.671263
vn 0.754606 -0.370464 0.541597
vn 0.754606 -0.370464 0.541597
vn 0.754606 -0.370464 0.541597
vn 0.834441 -0.184216 0.519396
vn 0.895940 -0.271518 0.351523
vn 0.895940 -0.271518 0.351523
vn 0.921973 -0.348073 0.169736
vn 0.801381 0.331865 0.497649
vn 0.777663 0.265004 0.570099
vn 0.777663 0.265004 0.570099
vn 0.745949 0.195419 0.636688
vn 0.744998 -0.069309 0.663456
vn 0.744998 -0.069309 0.663456
vn 0.744998 -0.069309 0.663456
vn 0.916269 0.161191 0.366700
vn 0.757567 0.521174 0.393027
vn 0.757567 0.521174 0.393027
vn 0.481088 0.800131 0.358252
vn 0.000488 -0.036270 0.999342
vn 0.011662 -0.065194 0.997805
vn 0.011662 -0.065194 0.997805
vn 0.022826 -0.094056 0.995305
vn 0.693196 -0.387568 0.607677
vn 0.693196 -0.387568 0.607677
vn 0.693196 -0.387568 0.607677
vn 0.522719 0.417024 0.743543
vn 0.522719 0.417024 0.743543
vn 0.522719 0.417024 0.743543
vn 0.765766 0.185295 0.615847
vn 0.765766 0.185295 0.615847
vn 0.765766 0.185295 0.615847
vn 0.693112 0.088341 0.715396
vn 0.693112 0.088341 0.715396
vn 0.693112 0.088341 0.715396
vn 0.296691 0.954958 0.005497
vn 0.148998 0.988833 0.002897
vn 0.148998 0.988833 0.002897
vn -0.002118 0.999998 0.000229
vn -0.000865 0.998387 0.056762
vn -0.000865 0.998387 0.056762
vn -0.000865 0.998387 0.056762
vn -0.000376 -0.315633 0.948881
vn -0.000376 -0.315633 0.948881
vn -0.000376 -0.315633 0.948881
vn 0.827945 -0.506630 0.240484
vn 0.850463 -0.273903 0.449098
vn 0.850463 -0.273903 0.449098
vn 0.789476 -0.014281 0.613616
vn 0.909959 0.082128 0.406484
vn 0.909959 0.082128 0.406484
vn 0.909959 0.082128 0.406484
vn 0.058506 -0.069962 0.995833
vn 0.047221 -0.028898 0.998466
vn 0.047221 -0.028898 0.998466
vn 0.035849 0.012219 0.999283
vn 0.723350 -0.508699 0.466895
vn 0.596280 -0.747054 0.293871
vn 0.596280 -0.747054 0.293871
vn 0.407854 -0.908540 0.090608
vn 0.215544 0.976478 0.005626
vn 0.362202 0.931988 0.014416
vn 0.362202 0.931988 0.014416
vn 0.500324 0.865536 0.022867
vn 0.893417 0.210535 0.396838
vn 0.893417 0.210535 0.396838
vn 0.893417 0.210535 0.396838
vn 0.498905 -0.638472 0.586044
vn 0.498905 -0.638472 0.586044
vn 0.498905 -0.638472 0.586044
vn 0.013215 0.998631 0.050607
vn 0.013215 0.998631 0.050607
vn 0.013215 0.998631 0.050607
vn 0.027345 0.997059 0.071587
vn 0.020191 0.997922 0.061182
vn 0.020191 0.997922 0.061182
vn 0.013035 0.998626 0.050767
vn 0.356047 -0.027642 0.934059
vn 0.291187 -0.225839 0.929627
vn 0.291187 -0.225839 0.929627
vn 0.213657 -0.414210 0.884749
vn 0.247868 -0.295410 0.922656
vn 0.247301 -0.273734 0.929469
vn 0.247301 -0.273734 0.929469
vn 0.246606 -0.251918 0.935801
vn 0.289665 0.005476 0.957112
vn 0.274833 0.053950 0.959977
vn 0.274833 0.053950 0.959977
vn 0.259292 0.102284 0.960368
vn 0.293443 -0.028270 0.955558
vn 0.291122 -0.018616 0.956505
vn 0.291122 -0.018616 0.956505
vn 0.288771 -0.008961 0.957356
vn 0.273577 0.167174 0.947211
vn 0.271179 0.174513 0.946577
vn 0.271179 0.174513 0.946577
vn 0.268764 0.181841 0.945886
vn 0.274212 0.228374 0.934159
vn 0.271011 0.235531 0.933316
vn 0.271011 0.235531 0.933316
vn 0.267792 0.242674 0.932414
vn 0.329172 -0.018190 0.944095
vn 0.329172 -0.018190 0.944095
vn 0.329172 -0.018190 0.944095
vn 0.297663 -0.037233 0.953945
vn 0.312007 -0.096200 0.945197
vn 0.312007 -0.096200 0.945197
vn 0.325178 -0.154806 0.932896
vn 0.309668 0.207897 0.927839
vn 0.309668 0.207897 0.927839
vn 0.309668 0.207897 0.927839
vn 0.184480 0.592511 0.784154
vn 0.184480 0.592511 0.784154
vn 0.184480 0.592511 0.784154
vn 0.573967 0.547324 0.609096
vn 0.483650 0.536701 0.691400
vn 0.483650 0.536701 0.691400
vn 0.386058 0.518004 0.763303
vn 0.990769 0.134076 0.020017
vn 0.996287 0.085035 0.013462
vn 0.996287 0.085035 0.013462
vn 0.999336 0.035783 0.006874
vn 0.417366 0.242003 0.875922
vn 0.528952 0.126798 0.839126
vn 0.528952 0.126798 0.839126
vn 0.626215 0.008160 0.779607
vn 0.988939 0.138258 -0.053716
vn 0.970853 0.237756 -0.030287
vn 0.970853 0.237756 -0.030287
vn 0.942305 0.334692 -0.006531
vn -0.656880 0.509519 0.555787
vn -0.588901 0.638605 0.495357
vn -0.588901 0.638605 0.495357
vn -0.506238 0.751768 0.422574
vn 0.000000 1.000000 0.000000
vn 0.000000 1.000000 0.000000
vn 0.000000 1.000000 0.000000
vn 0.000000 1.000000 0.000001
vn 0.000000 1.000000 0.000002
vn 0.000000 1.000000 0.000001
vn 0.000000 1.000000 0.000001
vn 0.000000 1.000000 -0.000000
vn 0.000905 0.241143 0.970489
vn 0.000905 0.241143 0.970489
vn 0.000905 0.241143 0.970489
vn 0.454465 0.704533 0.545063
vn 0.739430 0.573225 0.353067
vn 0.739430 0.573225 0.353067
vn 0.924343 0.364354 0.113298
vn 0.000942 0.241225 0.970469
vn 0.000942 0.241225 0.970469
vn 0.000942 0.241225 0.970469
vn -0.464669 0.721677 0.513094
vn -0.464669 0.721677 0.513094
vn -0.464669 0.721677 0.513094
vn -0.694843 -0.411624 0.589710
vn -0.694843 -0.411624 0.589710
vn -0.694843 -0.411624 0.589710
vn 0.377274 0.119106 0.918411
vn 0.377274 0.119106 0.918411
vn 0.377274 0.119106 0.918411
vn 0.030016 0.327378 0.944417
vn 0.030016 0.327378 0.944417
vn 0.030016 0.327378 0.944417
vn -0.721763 -0.174531 0.669774
vn -0.721763 -0.174531 0.669774
vn -0.721763 -0.174531 0.669774
vn 0.699897 0.171208 0.693421
vn 0.703102 0.172955 0.689735
vn 0.703102 0.172955 0.689735
vn 0.706288 0.174697 0.686031
vn -0.171279 0.301477 -0.937963
vn -0.087262 0.468232 -0.879286
vn -0.087262 0.468232 -0.879286
vn 0.000098 0.617050 -0.786924
vn 0.000000 1.000000 0.000001
vn 0.000000 1.000000 0.000000
vn 0.000000 1.000000 0.000000
vn 0.000000 1.000000 0.000000
vn 0.189475 0.521991 -0.831639
vn 0.184188 0.517636 -0.835540
vn 0.184188 0.517636 -0.835540
vn 0.178889 0.513248 -0.839390
vn 0.000000 1.000000 0.000000
vn 0.000000 1.000000 0.000001
vn 0.000000 1.000000 0.000001
vn 0.000000 1.000000 0.000001
vn 0.000000 1.000000 0.000000
vn 0.000000 1.000000 0.000000
vn 0.000000 1.000000 0.000000
vn 0.000000 1.000000 0.000000
vn -0.141507 0.229391 -0.962993
vn 0.080875 0.337932 -0.937689
vn 0.080875 0.337932 -0.937689
vn 0.298253 0.425563 -0.854366
vn 0.082071 0.571504 -0.816485
vn 0.101789 0.611803 -0.784434
vn 0.101789 0.611803 -0.784434
vn 0.121198 0.650242 -0.749998
vn 0.168347 0.407747 -0.897442
vn 0.122801 0.445494 -0.886823
vn 0.122801 0.445494 -0.886823
vn 0.076811 0.481632 -0.873001
vn 0.059585 0.997668 0.033300
vn 0.059585 0.997668 0.033300
vn 0.059585 0.997668 0.033300
vn -0.820462 0.406972 0.401518
vn -0.820462 0.406972 0.401518
vn -0.820462 0.406972 0.401518
vn -0.157957 0.969423 0.187801
vn -0.230884 0.937113 0.261746
vn -0.230884 0.937113 0.261746
vn -0.301080 0.893718 0.332594
vn -0.382736 0.870992 -0.308035
vn -0.327248 0.925758 -0.189424
vn -0.327248 0.925758 -0.189424
vn -0.265167 0.961872 -0.066997
vn 0.026321 0.574524 -0.818064
vn -0.085111 0.334163 -0.938665
vn -0.085111 0.334163 -0.938665
vn -0.189331 0.065486 -0.979727
vn -0.034811 0.030598 -0.998925
vn -0.060345 0.061911 -0.996256
vn -0.060345 0.061911 -0.996256
vn -0.085781 0.093123 -0.991952
vn 0.364172 -0.367705 0.855670
vn 0.186559 0.008267 0.982409
vn 0.186559 0.008267 0.982409
vn -0.026307 0.382678 0.923507
vn 0.000000 1.000000 0.000000
vn 0.000000 1.000000 0.000000
vn 0.000000 1.000000 0.000000
vn 0.000000 1.000000 -0.000000
vn 0.000000 1.000000 -0.000000
vn 0.000000 1.000000 -0.000000
vn 0.000000 1.000000 0.000000
vn 0.002482 -0.342333 0.939575
vn 0.026627 -0.320889 0.946742
vn 0.026627 -0.320889 0.946742
vn 0.050743 -0.299094 0.952874
vn 0.000000 1.000000 0.000000
vn 0.000000 1.000000 0.000000
vn 0.000000 1.000000 0.000000
vn 0.000000 1.000000 0.000000
vn 0.000000 1.000000 -0.000000
vn 0.000000 1.000000 -0.000000
vn 0.000000 1.000000 -0.000000
vn 0.000000 1.000000 0.000000
vn 0.000000 1.000000 -0.000001
vn 0.000000 1.000000 -0.000000
vn 0.000000 1.000000 -0.000000
vn 0.000000 1.000000 0.000000
vn 0.003361 0.562729 0.826635
vn 0.003361 0.562729 0.826635
vn 0.003361 0.562729 0.826635
vn 0.000000 1.000000 0.000001
vn 0.000000 1.000000 0.000001
vn 0.000000 1.000000 0.000001
vn 0.000000 1.000000 0.000000
vn -0.096469 0.577700 0.810529
vn -0.096469 0.577700 0.810529
vn -0.096469 0.577700 0.810529
vn -0.123026 0.511566 0.850391
vn -0.123026 0.511566 0.850391
vn -0.123026 0.511566 0.850391
vn -0.011622 0.570235 0.821399
vn -0.011622 0.570235 0.821399
vn -0.011622 0.570235 0.821399
vn -0.019988 0.568117 0.822705
vn -0.019988 0.568117 0.822705
vn -0.019988 0.568117 0.822705
vn 0.037422 0.512574 0.857827
vn 0.171997 0.442983 0.879877
vn 0.171997 0.442983 0.879877
vn 0.302542 0.363009 0.881302
vn 0.425982 -0.358855 0.830519
vn 0.272804 -0.250605 0.928857
vn 0.272804 -0.250605 0.928857
vn 0.107390 -0.131114 0.985534
vn 0.077384 0.607317 0.790682
vn 0.077384 0.607317 0.790682
vn 0.077384 0.607317 0.790682
vn 0.059624 0.421679 0.904783
vn 0.059624 0.421679 0.904783
vn 0.059624 0.421679 0.904783
vn 0.083414 0.389398 0.917285
vn -0.102845 0.105336 0.989104
vn -0.102845 0.105336 0.989104
vn -0.276707 -0.191424 0.941695
vn 0.042039 0.535886 0.843243
vn 0.115800 0.565959 0.816260
vn 0.115800 0.565959 0.816260
vn 0.188742 0.592030 0.783503
vn -0.312066 -0.166921 0.935282
vn -0.218603 -0.259529 0.940669
vn -0.218603 -0.259529 0.940669
vn -0.121350 -0.347636 0.929744
vn -0.007083 -0.252876 0.967473
vn -0.007083 -0.252876 0.967473
vn -0.007083 -0.252876 0.967473
vn 0.001566 -0.256982 0.966415
vn 0.001566 -0.256982 0.966415
vn 0.001566 -0.256982 0.966415
vn 0.000000 1.000000 -0.000001
vn 0.000000 1.000000 -0.000000
vn 0.000000 1.000000 -0.000000
vn 0.000000 1.000000 0.000000
vn 0.000000 1.000000 0.000000
vn 0.000000 1.000000 0.000000
vn 0.000000 1.000000 0.000000
vn 0.000000 1.000000 0.000000
vn 0.001537 -0.256916 0.966432
vn 0.001537 -0.256916 0.966432
vn 0.001537 -0.256916 0.966432
vn 0.094725 -0.485102 0.869312
vn -0.088898 -0.360590 0.928478
vn -0.088898 -0.360590 0.928478
vn -0.267834 -0.217067 0.938694
vn 0.061749 0.082649 -0.994664
vn -0.350714 0.639526 -0.684110
vn -0.350714 0.639526 -0.684110
vn -0.560927 0.827600 0.020957
vn 0.338661 0.940824 -0.012617
vn 0.338661 0.940824 -0.012617
vn 0.338661 0.940824 -0.012617
vn 0.000000 1.000000 0.000000
vn 0.000000 1.000000 -0.000000
vn 0.000000 1.000000 -0.000000
vn 0.000000 1.000000 -0.000001
vn 0.000000 1.000000 0.000000
vn 0.000000 1.000000 -0.000000
vn 0.000000 1.000000 -0.000000
vn 0.000000 1.000000 -0.000000
vn 0.000000 1.000000 0.000000
vn 0.000000 1.000000 0.000000
vn 0.000000 1.000000 0.000000
vn 0.000000 1.000000 -0.000003
vn 0.000000 1.000000 -0.000002
vn 0.000000 1.000000 -0.000002
vn 0.000000 1.000000 0.000000
vn 0.236373 0.097298 -0.966779
vn 0.236373 0.097298 -0.966779
vn 0.236373 0.097298 -0.966779
vn 0.000000 1.000000 -0.000000
vn 0.000000 1.000000 0.000001
vn 0.000000 1.000000 0.000001
vn 0.000000 1.000000 0.000003
vn -0.005010 0.799857 0.600170
vn -0.072402 0.918221 -0.389395
vn -0.072402 0.918221 -0.389395
vn -0.067552 0.120392 -0.990426
vn -0.078329 0.106019 -0.991274
vn -0.078329 0.106019 -0.991274
vn -0.078329 0.106019 -0.991274
vn 0.000000 1.000000 -0.000001
vn 0.000000 1.000000 -0.000001
vn 0.000000 1.000000 -0.000001
vn 0.000000 1.000000 0.000000
vn 0.000000 1.000000 0.000000
vn 0.000000 1.000000 0.000000
vn 0.000000 1.000000 0.000000
vn 0.000000 1.000000 0.000001
vn -0.013890 0.606387 0.795049
vn 0.006319 0.577317 0.816496
vn 0.006319 0.577317 0.816496
vn 0.026516 0.547258 0.836544
vn 0.040664 0.639776 0.767485
vn 0.040664 0.639776 0.767485
vn 0.040664 0.639776 0.767485
vn 0.071933 0.760373 0.645491
vn 0.014089 0.717373 0.696547
vn 0.014089 0.717373 0.696547
vn -0.043864 0.668776 0.742168
vn 0.070410 0.198138 0.977642
vn 0.011997 0.077229 0.996941
vn 0.011997 0.077229 0.996941
vn -0.046637 -0.045102 0.997893
vn -0.065965 0.581948 0.810547
vn -0.018520 0.681194 0.731869
vn -0.018520 0.681194 0.731869
vn 0.029265 0.767980 0.639805
vn -0.151166 -0.386742 0.909714
vn -0.151166 -0.386742 0.909714
vn -0.151166 -0.386742 0.909714
vn 0.080388 0.109134 0.990771
vn 0.080388 0.109134 0.990771
vn 0.080388 0.109134 0.990771
vn -0.001593 -0.208278 0.978068
vn -0.001593 -0.208278 0.978068
vn -0.001593 -0.208278 0.978068
vn 0.100524 -0.436706 0.893970
vn 0.052613 -0.174237 0.983297
vn 0.052613 -0.174237 0.983297
vn 0.000537 0.102025 0.994782
vn 0.000000 1.000000 -0.000004
vn 0.000536 0.999998 0.001832
vn 0.000802 0.999999 0.001223
vn 0.000803 0.999996 0.002750
vn 0.000004 0.999995 0.003051
vn -0.000048 1.000000 -0.000003
vn 0.000383 1.000000 0.000014
vn 0.000383 1.000000 0.000014
vn 0.000815 1.000000 0.000032
vn -0.000000 1.000000 -0.000069
vn 0.000002 1.000000 -0.000069
vn 0.000002 1.000000 -0.000069
vn 0.000003 1.000000 -0.000069
vn 0.000016 1.000000 -0.000069
vn 0.000121 1.000000 -0.000041
vn 0.000121 1.000000 -0.000041
vn 0.000227 1.000000 -0.000013
vn -0.092192 -0.058086 0.994046
vn -0.092192 -0.058086 0.994046
vn -0.092192 -0.058086 0.994046
vn 0.999638 0.026420 0.005154
vn 0.999640 0.026343 0.005107
vn 0.999640 0.026343 0.005107
vn 0.999642 0.026266 0.005059
vn -0.115736 0.085161 0.989623
vn -0.056072 0.024704 0.998121
vn -0.056072 0.024704 0.998121
vn 0.004001 -0.035932 0.999346
vn -0.040322 0.078826 0.996073
vn -0.040322 0.078826 0.996073
vn -0.040322 0.078826 0.996073
vn -0.138335 -0.063106 0.988373
vn -0.160281 -0.054396 0.985571
vn -0.160281 -0.054396 0.985571
vn -0.182137 -0.045656 0.982213
vn -0.202199 -0.202180 0.958248
vn -0.202199 -0.202180 0.958248
vn -0.202199 -0.202180 0.958248
vn 0.000000 1.000000 -0.000018
vn 0.000000 1.000000 -0.000018
vn 0.000000 1.000000 -0.000018
vn 0.000000 1.000000 0.000000
vn 0.000000 1.000000 0.000000
vn 0.000000 1.000000 0.000000
vn -0.762358 0.275213 -0.585720
vn -0.762358 0.275213 -0.585720
vn -0.762358 0.275213 -0.585720
vn -0.827877 0.242736 -0.505667
vn -0.827877 0.242736 -0.505667
vn -0.827877 0.242736 -0.505667
vn -0.552909 0.535291 -0.638557
vn -0.552909 0.535291 -0.638557
vn -0.552909 0.535291 -0.638557
vn -0.612622 0.788313 -0.057072
vn -0.612622 0.788313 -0.057072
vn -0.612622 0.788313 -0.057072
vn -0.624887 0.780625 0.011874
vn -0.635376 0.772162 0.007992
vn -0.635376 0.772162 0.007992
vn -0.645739 0.763547 0.004108
vn -0.000023 1.000000 0.000006
vn -0.000012 1.000000 -0.000002
vn -0.000012 1.000000 -0.000002
vn -0.000001 1.000000 -0.000010
vn -0.613016 0.788065 -0.056262
vn -0.613016 0.788065 -0.056262
vn -0.613016 0.788065 -0.056262
vn 0.411839 0.901861 0.130520
vn 0.360064 0.927607 0.099499
vn 0.360064 0.927607 0.099499
vn 0.306738 0.949358 0.068050
vn 0.744400 0.649471 0.155103
vn 0.742722 0.651631 0.154080
vn 0.742722 0.651631 0.154080
vn 0.741038 0.653786 0.153056
vn -0.280387 -0.029571 -0.959432
vn -0.096164 -0.007283 -0.995339
vn -0.096164 -0.007283 -0.995339
vn 0.091494 0.015264 -0.995689
vn 0.997872 0.065189 -0.001496
vn 0.997884 0.065004 -0.001381
vn 0.997884 0.065004 -0.001381
vn 0.997896 0.064819 -0.001265
vn 0.997857 0.065404 -0.002138
vn 0.997857 0.065404 -0.002138
vn 0.997857 0.065404 -0.002138
vn 0.983428 -0.178402 -0.032281
vn 0.983429 -0.178395 -0.032281
vn 0.983429 -0.178395 -0.032281
vn 0.983431 -0.178387 -0.032281
vn 0.999501 0.025497 -0.018644
vn 0.998919 0.045433 -0.009798
vn 0.998919 0.045433 -0.009798
vn 0.997862 0.065348 -0.000948
vn 0.998152 -0.059631 -0.011711
vn 0.998152 -0.059631 -0.011711
vn 0.998152 -0.059631 -0.011711
vn 0.358482 -0.027793 -0.933123
vn 0.268004 0.122419 -0.955609
vn 0.268004 0.122419 -0.955609
vn 0.169149 0.268804 -0.948226
vn 0.167854 0.152725 -0.973910
vn 0.126744 0.119838 -0.984670
vn 0.126744 0.119838 -0.984670
vn 0.085268 0.086605 -0.992587
vn 0.928530 0.247875 -0.276388
vn 0.922083 0.283112 -0.263839
vn 0.922083 0.283112 -0.263839
vn 0.914307 0.317941 -0.250910
vn 0.942976 -0.150501 -0.296895
vn 0.942976 -0.150501 -0.296895
vn 0.942976 -0.150501 -0.296895
vn 0.936152 -0.224207 -0.270833
vn 0.936080 -0.073246 -0.344077
vn 0.936080 -0.073246 -0.344077
vn 0.909654 0.079778 -0.407634
vn 0.836981 0.241565 -0.491030
vn 0.836981 0.241565 -0.491030
vn 0.836981 0.241565 -0.491030
vn 0.706131 0.398913 -0.585019
vn 0.395661 0.595130 -0.699481
vn 0.395661 0.595130 -0.699481
vn 0.026635 0.703270 -0.710424
vn 0.067092 0.148652 -0.986611
vn 0.118525 0.281166 -0.952312
vn 0.118525 0.281166 -0.952312
vn 0.167424 0.407668 -0.897650
vn -0.081050 0.598990 -0.796644
vn -0.038595 0.648230 -0.760466
vn -0.038595 0.648230 -0.760466
vn 0.004075 0.693882 -0.720077
vn -0.469194 0.573199 -0.671789
vn -0.469194 0.573199 -0.671789
vn -0.469194 0.573199 -0.671789
vn -0.091825 0.627853 -0.772896
vn 0.081005 0.678936 -0.729715
vn 0.081005 0.678936 -0.729715
vn 0.251053 0.706702 -0.661472
vn 0.229460 0.450446 -0.862813
vn 0.229460 0.450446 -0.862813
vn 0.229460 0.450446 -0.862813
vn -0.102951 0.567139 -0.817162
vn -0.102951 0.567139 -0.817162
vn -0.102951 0.567139 -0.817162
vn -0.427492 0.553592 -0.714693
vn -0.427492 0.553592 -0.714693
vn -0.427492 0.553592 -0.714693
vn 0.175322 0.349346 -0.920445
vn 0.175322 0.349346 -0.920445
vn 0.175322 0.349346 -0.920445
vn 0.071531 0.450506 -0.889903
vn 0.071531 0.450506 -0.889903
vn 0.071531 0.450506 -0.889903
vn -0.359124 0.526816 -0.770386
vn -0.359124 0.526816 -0.770386
vn -0.359124 0.526816 -0.770386
vn 0.329778 0.481157 -0.812241
vn 0.329778 0.481157 -0.812241
vn 0.329778 0.481157 -0.812241
vn 0.041195 0.461339 -0.886267
vn 0.036571 0.459068 -0.887648
vn 0.036571 0.459068 -0.887648
vn 0.031946 0.456784 -0.889004
vn -0.011104 0.479154 -0.877660
vn -0.171479 0.368623 -0.913626
vn -0.171479 0.368623 -0.913626
vn -0.325127 0.243630 -0.913749
vn 0.151484 0.172014 -0.973378
vn 0.151486 0.172014 -0.973377
vn 0.151486 0.172014 -0.973377
vn 0.151489 0.172013 -0.973377
vn 0.035868 0.477531 -0.877882
vn 0.056470 0.488578 -0.870691
vn 0.056470 0.488578 -0.870691
vn 0.077038 0.499333 -0.862978
vn 0.205514 0.243934 -0.947766
vn 0.178656 0.278678 -0.943621
vn 0.178656 0.278678 -0.943621
vn 0.151451 0.312879 -0.937640
vn -0.018592 0.429495 -0.902878
vn -0.018592 0.429495 -0.902878
vn -0.018592 0.429495 -0.902878
vn -0.211183 0.443629 -0.870974
vn -0.211183 0.443629 -0.870974
vn -0.211183 0.443629 -0.870974
vn -0.738959 0.296058 -0.605219
vn -0.738959 0.296058 -0.605219
vn -0.738959 0.296058 -0.605219
vn -0.007736 0.507139 -0.861830
vn 0.430910 0.658412 -0.617098
vn 0.430910 0.658412 -0.617098
vn 0.750975 0.628498 -0.202548
vn -0.107058 0.572791 -0.812680
vn -0.107058 0.572791 -0.812680
vn -0.107058 0.572791 -0.812680
vn -0.352712 0.601220 -0.717028
vn -0.352712 0.601220 -0.717028
vn -0.352712 0.601220 -0.717028
vn -0.749443 0.480866 -0.455085
vn -0.749443 0.480866 -0.455085
vn -0.749443 0.480866 -0.455085
vn 0.329759 0.850886 -0.408964
vn 0.329759 0.850886 -0.408964
vn 0.329759 0.850886 -0.408964
vn 0.161366 0.796148 -0.583189
vn 0.161366 0.796148 -0.583189
vn 0.161366 0.796148 -0.583189
vn 0.366722 0.593009 -0.716837
vn 0.366722 0.593009 -0.716837
vn 0.366722 0.593009 -0.716837
vn -0.599172 0.524209 0.605143
vn -0.599172 0.524209 0.605143
vn -0.599172 0.524209 0.605143
vn 0.062113 0.353140 0.933506
vn 0.039208 0.342398 0.938737
vn 0.039208 0.342398 0.938737
vn 0.016277 0.331427 0.943340
vn 0.378282 0.575402 0.725131
vn 0.378282 0.575402 0.725131
vn 0.378282 0.575402 0.725131
vn 0.070515 0.414723 0.907211
vn 0.070515 0.414723 0.907211
vn 0.070515 0.414723 0.907211
vn -0.102626 0.158478 0.982015
vn 0.032925 -0.093825 0.995044
vn 0.032925 -0.093825 0.995044
vn 0.165770 -0.338416 0.926280
vn 0.502727 0.426410 0.751957
vn 0.502727 0.426410 0.751957
vn 0.502727 0.426410 0.751957
vn -0.808000 0.160855 0.566799
vn -0.808000 0.160855 0.566799
vn -0.808000 0.160855 0.566799
vn 0.135764 -0.001300 0.990740
vn 0.135764 -0.001300 0.990740
vn 0.135764 -0.001300 0.990740
vn 0.004451 -0.332106 0.943232
vn 0.004451 -0.332106 0.943232
vn 0.004451 -0.332106 0.943232
vn -0.070848 0.056808 0.995868
vn -0.018239 0.103178 0.994496
vn -0.018239 0.103178 0.994496
vn 0.034460 0.149040 0.988231
vn 0.028063 -0.157505 0.987119
vn 0.025516 -0.159488 0.986870
vn 0.025516 -0.159488 0.986870
vn 0.022969 -0.161470 0.986610
vn 0.009960 0.273954 0.961691
vn 0.009960 0.273954 0.961691
vn 0.009960 0.273954 0.961691
vn 0.165032 0.333578 0.928165
vn 0.165032 0.333578 0.928165
vn 0.165032 0.333578 0.928165
vn 0.193216 -0.269960 0.943286
vn 0.193216 -0.269960 0.943286
vn 0.193216 -0.269960 0.943286
vn 0.044769 0.001474 0.998996
vn 0.044769 0.001474 0.998996
vn 0.044769 0.001474 0.998996
vn 0.030381 -0.334324 0.941969
vn -0.022726 -0.307816 0.951174
vn -0.022726 -0.307816 0.951174
vn -0.075752 -0.280199 0.956949
vn 0.982305 -0.187254 -0.003704
vn 0.980366 -0.197141 -0.004336
vn 0.980366 -0.197141 -0.004336
vn 0.978327 -0.207008 -0.004968
vn 0.700603 -0.626020 0.342424
vn 0.721991 -0.533878 0.440118
vn 0.721991 -0.533878 0.440118
vn 0.730028 -0.431863 0.529673
vn 0.987248 -0.139351 0.076958
vn 0.918448 -0.394910 -0.022357
vn 0.918448 -0.394910 -0.022357
vn 0.776256 -0.618913 -0.119885
vn 0.988008 0.152613 0.023432
vn 0.988008 0.152613 0.023432
vn 0.988008 0.152613 0.023432
vn 0.919969 -0.391983 -0.002547
vn 0.953108 -0.283340 0.106317
vn 0.953108 -0.283340 0.106317
vn 0.962655 -0.167684 0.212550
vn 0.993908 0.110216 -0.000433
vn 0.993908 0.110216 -0.000433
vn 0.993908 0.110216 -0.000433
vn 0.996481 0.083378 -0.008569
vn 0.995281 0.096939 -0.004292
vn 0.995281 0.096939 -0.004292
vn 0.993878 0.110480 -0.000014
vn 0.795028 -0.592318 -0.130728
vn 0.884612 -0.439903 -0.154750
vn 0.884612 -0.439903 -0.154750
vn 0.946036 -0.273485 -0.173845
vn 0.953818 -0.185219 0.236484
vn 0.953818 -0.185219 0.236484
vn 0.953818 -0.185219 0.236484
vn 0.973538 0.097252 -0.206800
vn 0.844663 0.322179 -0.427487
vn 0.899269 0.208220 -0.384655
vn 0.798959 0.340174 -0.495930
vn 0.936113 0.097310 -0.337969
vn 0.947041 0.048274 -0.317465
vn 0.972538 0.172932 0.155770
vn 0.963694 0.191881 0.185676
vn 0.963694 0.191881 0.185676
vn 0.953567 0.210575 0.215335
vn 0.116236 -0.151192 0.981647
vn 0.091511 -0.162431 0.982467
vn 0.124881 -0.136324 0.982762
vn 0.119460 -0.139587 0.982978
vn 0.057927 -0.188284 0.980405
vn 0.010302 -0.218284 0.975831
vn -0.108902 0.849047 0.516972
vn -0.095799 0.858342 0.504055
vn -0.095799 0.858342 0.504055
vn -0.082656 0.867272 0.490924
vn 0.994952 0.087193 -0.049677
vn 0.994952 0.087193 -0.049677
vn 0.994952 0.087193 -0.049677
vn 0.966478 -0.256714 0.004297
vn 0.966478 -0.256714 0.004297
vn 0.966478 -0.256714 0.004297
vn 0.995195 -0.096223 -0.018109
vn 0.999920 0.001573 -0.012589
vn 0.999920 0.001573 -0.012589
vn 0.995028 0.099353 -0.006947
vn 0.999521 0.029882 -0.008066
vn 0.999521 0.029882 -0.008066
vn 0.999521 0.029882 -0.008066
vn 0.665877 -0.745977 -0.011253
vn 0.665877 -0.745977 -0.011253
vn 0.665877 -0.745977 -0.011253
vn 0.977950 -0.208790 -0.004475
vn 0.977950 -0.208790 -0.004475
vn 0.977950 -0.208790 -0.004475
vn 0.929353 0.368747 -0.018159
vn 0.911984 0.409966 -0.014601
vn 0.911984 0.409966 -0.014601
vn 0.892780 0.450359 -0.011013
vn 0.991634 -0.128745 0.009270
vn 0.999427 0.027846 -0.019265
vn 0.999427 0.027846 -0.019265
vn 0.981838 0.183730 -0.047310
vn 0.382257 0.923609 0.028743
vn 0.382257 0.923609 0.028743
vn 0.382257 0.923609 0.028743
vn 0.925058 -0.378989 -0.025202
vn 0.925058 -0.378989 -0.025202
vn 0.925058 -0.378989 -0.025202
vn -0.885493 -0.089770 0.455899
vn -0.480751 -0.516649 0.708486
vn -0.480751 -0.516649 0.708486
vn 0.121023 -0.731784 0.670705
vn 0.496566 0.863323 -0.089974
vn 0.635205 0.767244 -0.088606
vn 0.635205 0.767244 -0.088606
vn 0.755771 0.649333 -0.084718
vn 0.461686 0.104800 -0.880831
vn 0.463410 0.106208 -0.879756
vn 0.463410 0.106208 -0.879756
vn 0.465132 0.107615 -0.878676
vn -0.030063 0.563876 -0.825312
vn -0.060380 0.536844 -0.841518
vn -0.060380 0.536844 -0.841518
vn -0.090581 0.508785 -0.856115
vn 0.314859 0.555647 -0.769494
vn 0.106826 0.529797 -0.841370
vn 0.106826 0.529797 -0.841370
vn -0.106453 0.477927 -0.871925
vn -0.009268 0.372429 -0.928014
vn -0.009268 0.372429 -0.928014
vn -0.009268 0.372429 -0.928014
vn -0.020017 0.381084 -0.924324
vn -0.020017 0.381084 -0.924324
vn -0.020017 0.381084 -0.924324
vn -0.190113 0.472670 -0.860488
vn -0.190113 0.472670 -0.860488
vn -0.190113 0.472670 -0.860488
vn -0.601374 0.546880 -0.582470
vn -0.601374 0.546880 -0.582470
vn -0.601374 0.546880 -0.582470
vn 0.986939 -0.157905 0.031899
vn 0.936352 -0.006020 -0.351010
vn 0.936352 -0.006020 -0.351010
vn 0.724482 0.146901 -0.673458
vn 0.848877 0.436694 -0.297837
vn 0.848877 0.436694 -0.297837
vn 0.848877 0.436694 -0.297837
vn 0.720662 -0.172405 -0.671508
vn 0.720662 -0.172405 -0.671508
vn 0.720662 -0.172405 -0.671508
vn 0.720517 -0.243608 -0.649238
vn 0.720517 -0.243608 -0.649238
vn 0.720517 -0.243608 -0.649238
vn 0.538485 -0.026433 -0.842220
vn 0.540342 -0.013813 -0.841332
vn 0.540342 -0.013813 -0.841332
vn 0.542109 -0.001190 -0.840307
vn 0.423434 -0.381707 -0.821586
vn 0.460170 -0.219412 -0.860292
vn 0.460170 -0.219412 -0.860292
vn 0.483474 -0.050712 -0.873888
vn 0.918010 -0.059158 -0.392120
vn 0.918010 -0.059158 -0.392120
vn 0.918010 -0.059158 -0.392120
vn -0.632115 0.774832 0.008103
vn -0.632115 0.774832 0.008103
vn -0.632115 0.774832 0.008103
vn -0.002015 0.889167 -0.457578
vn 0.044612 0.868973 -0.492844
vn 0.044612 0.868973 -0.492844
vn 0.091068 0.845455 -0.526224
vn 0.057066 0.771059 -0.634202
vn 0.104938 0.800349 -0.590280
vn 0.104938 0.800349 -0.590280
vn 0.152278 0.825574 -0.543360
vn 0.206404 0.831428 -0.515874
vn 0.180726 0.851945 -0.491455
vn 0.180726 0.851945 -0.491455
vn 0.154745 0.871034 -0.466212
vn 0.172070 0.962922 0.207784
vn 0.183539 0.612702 0.768707
vn 0.183539 0.612702 0.768707
vn 0.114724 -0.005525 0.993382
vn 0.002984 0.027709 0.999612
vn 0.002984 0.027704 0.999612
vn 0.002984 0.027704 0.999612
vn 0.002984 0.027699 0.999612
vn -0.023444 0.022449 0.999473
vn -0.022861 0.061266 0.997860
vn -0.022861 0.061266 0.997860
vn -0.022245 0.099991 0.994740
vn 0.386490 0.702714 -0.597342
vn 0.308056 0.722861 -0.618526
vn 0.308056 0.722861 -0.618526
vn 0.227463 0.737942 -0.635376
vn 0.413753 0.720726 -0.556203
vn 0.381869 0.724941 -0.573269
vn 0.381869 0.724941 -0.573269
vn 0.349477 0.728195 -0.589575
vn 0.563478 0.775314 0.285272
vn 0.495311 0.749400 0.439393
vn 0.495311 0.749400 0.439393
vn 0.412745 0.701700 0.580739
vn 0.592253 0.805600 0.015677
vn 0.592253 0.805600 0.015677
vn 0.592253 0.805600 0.015677
vn 0.426463 0.904251 0.021455
vn 0.384067 0.895253 0.225862
vn 0.384067 0.895253 0.225862
vn 0.324903 0.847169 0.420408
vn -1.000000 -0.000001 0.000000
vn -1.000000 -0.000001 0.000000
vn -1.000000 -0.000001 0.000000
vn -1.000000 0.000000 0.000000
vn -1.000000 0.000000 0.000000
vn -1.000000 0.000000 0.000000
vn -1.000000 0.000000 0.000000
vn -1.000000 0.000000 0.000000
vn -1.000000 0.000000 0.000000
vn -1.000000 0.000000 0.000000
vn -1.000000 0.000626 -0.000109
vn -1.000000 0.000626 -0.000109
vn -1.000000 0.000626 -0.000109
vn 0.026180 -0.127850 -0.991448
vn 0.055126 -0.031665 -0.997977
vn 0.055126 -0.031665 -0.997977
vn 0.083514 0.064840 -0.994395
vn -0.010679 -0.097711 -0.995158
vn -0.004810 -0.097200 -0.995253
vn -0.004810 -0.097200 -0.995253
vn 0.001059 -0.096686 -0.995314
vn 0.009171 -0.103398 -0.994598
vn 0.001506 -0.105512 -0.994417
vn 0.001506 -0.105512 -0.994417
vn -0.006158 -0.107619 -0.994173
vn -0.231791 0.079993 -0.969471
vn -0.242424 0.079334 -0.966921
vn -0.242424 0.079334 -0.966921
vn -0.253028 0.078666 -0.964255
vn -0.337543 0.147039 -0.929755
vn -0.346395 0.145142 -0.926793
vn -0.346395 0.145142 -0.926793
vn -0.355215 0.143231 -0.923746
vn -0.119474 -0.024629 -0.992532
vn -0.216275 -0.074608 -0.973478
vn -0.216275 -0.074608 -0.973478
vn -0.310431 -0.123675 -0.942516
vn -0.166973 -0.001945 -0.985960
vn -0.142197 -0.015348 -0.989720
vn -0.142197 -0.015348 -0.989720
vn -0.117305 -0.028739 -0.992680
vn -0.461660 0.015038 -0.886929
vn -0.331848 -0.153925 -0.930690
vn -0.331848 -0.153925 -0.930690
vn -0.186335 -0.315605 -0.930416
vn -0.256534 0.314556 -0.913918
vn -0.297723 0.147495 -0.943189
vn -0.297723 0.147495 -0.943189
vn -0.329844 -0.024058 -0.943729
vn 0.153281 0.379670 -0.912335
vn 0.094159 0.399769 -0.911767
vn 0.094159 0.399769 -0.911767
vn 0.034669 0.418309 -0.907643
vn -0.021192 0.405015 -0.914064
vn -0.003975 0.377714 -0.925914
vn -0.003975 0.377714 -0.925914
vn 0.013246 0.349967 -0.936668
vn 0.036104 0.427848 -0.903129
vn -0.310553 0.590311 -0.745043
vn -0.310553 0.590311 -0.745043
vn -0.603933 0.651503 -0.459140
vn -0.405201 -0.556435 -0.725391
vn -0.737561 -0.262893 -0.622005
vn -0.737561 -0.262893 -0.622005
vn -0.917011 0.085152 -0.389666
vn -0.624478 -0.629025 -0.462986
vn -0.624449 -0.629062 -0.462974
vn -0.624449 -0.629062 -0.462974
vn -0.624421 -0.629098 -0.462961
vn -0.362099 -0.156840 -0.918850
vn -0.362099 -0.156840 -0.918850
vn -0.362099 -0.156840 -0.918850
vn -0.064292 0.402892 -0.912987
vn -0.064292 0.402892 -0.912987
vn -0.064292 0.402892 -0.912987
vn -0.188072 0.078974 -0.978975
vn -0.188072 0.078974 -0.978975
vn -0.188072 0.078974 -0.978975
vn -0.188069 0.078977 -0.978975
vn -0.188069 0.078977 -0.978975
vn -0.188069 0.078977 -0.978975
vn 0.364093 0.633379 -0.682837
vn 0.103442 0.787208 -0.607950
vn 0.103442 0.787208 -0.607950
vn -0.167265 0.864512 -0.473963
vn 0.095710 0.751711 -0.652511
vn 0.004581 0.610722 -0.791832
vn 0.004581 0.610722 -0.791832
vn -0.086766 0.440666 -0.893468
vn -0.203220 0.309494 -0.928932
vn -0.203220 0.309494 -0.928932
vn -0.203220 0.309494 -0.928932
vn 0.041566 0.847574 -0.529046
vn 0.041566 0.847574 -0.529046
vn 0.041566 0.847574 -0.529046
vn 0.067253 0.914749 -0.398387
vn -0.017996 0.881541 -0.471764
vn -0.017996 0.881541 -0.471764
vn -0.102998 0.836208 -0.538653
vn -0.694411 0.210726 -0.688032
vn -0.694661 0.181797 -0.695985
vn -0.694661 0.181797 -0.695985
vn -0.694287 0.152705 -0.703312
vn -0.654890 0.371325 -0.658207
vn -0.654890 0.371325 -0.658207
vn -0.654890 0.371325 -0.658207
vn -0.515329 0.558110 -0.650345
vn -0.515329 0.558110 -0.650345
vn -0.515329 0.558110 -0.650345
vn -0.873837 -0.101184 -0.475573
vn -0.873837 -0.101184 -0.475573
vn -0.873837 -0.101184 -0.475573
vn -0.693671 -0.719255 0.038647
vn -0.693671 -0.719255 0.038647
vn -0.693671 -0.719255 0.038647
vn -1.000000 0.000078 -0.000962
vn -0.999999 0.000041 -0.001126
vn -0.999999 0.000041 -0.001126
vn -0.999999 0.000003 -0.001290
vn -0.999999 -0.000214 -0.001430
vn -0.999998 -0.000089 -0.002195
vn -0.999998 -0.000089 -0.002195
vn -0.999996 0.000037 -0.002960
vn -0.999999 0.000408 -0.001446
vn -0.999999 0.000408 -0.001446
vn -0.999999 0.000408 -0.001446
vn -0.968980 -0.110312 0.221152
vn -0.968980 -0.110312 0.221152
vn -0.968980 -0.110312 0.221152
vn 0.894013 0.409862 0.180982
vn 0.958465 0.245805 0.144657
vn 0.958465 0.245805 0.144657
vn 0.991874 0.073786 0.103646
vn 0.994472 -0.039264 0.097381
vn 0.993709 -0.045868 0.102174
vn 0.993709 -0.045868 0.102174
vn 0.992878 -0.052468 0.106960
vn -0.882338 -0.468828 0.040982
vn -0.906710 -0.404278 0.120155
vn -0.906710 -0.404278 0.120155
vn -0.921080 -0.335269 0.198004
vn -0.902907 -0.380726 0.199514
vn -0.892318 -0.418159 0.170038
vn -0.892318 -0.418159 0.170038
vn -0.879602 -0.454595 0.140157
vn -0.905088 -0.174004 -0.387992
vn -0.905088 -0.174004 -0.387992
vn -0.905088 -0.174004 -0.387992
vn -0.246514 0.442116 -0.862418
vn -0.078845 0.237517 -0.968178
vn -0.078845 0.237517 -0.968178
vn 0.095223 0.013642 -0.995362
vn -0.007755 0.423748 0.905747
vn -0.007755 0.423748 0.905747
vn -0.007755 0.423748 0.905747
vn -0.259827 0.792154 -0.552252
vn -0.259827 0.792154 -0.552252
vn -0.259827 0.792154 -0.552252
vn 0.984500 -0.029599 0.172869
vn 0.984500 -0.029599 0.172869
vn 0.984500 -0.029599 0.172869
vn -0.025106 -0.655963 -0.754376
vn -0.025106 -0.655963 -0.754376
vn -0.025106 -0.655963 -0.754376
vn -0.025086 -0.655971 -0.754369
vn -0.025086 -0.655971 -0.754369
vn -0.025086 -0.655971 -0.754369
vn -0.079851 -0.644411 -0.760499
vn -0.079851 -0.644411 -0.760499
vn -0.079851 -0.644411 -0.760499
vn -0.527747 0.580429 -0.620149
vn -0.527747 0.580429 -0.620149
vn -0.527747 0.580429 -0.620149
vn -0.556466 0.328279 -0.763268
vn -0.556466 0.328279 -0.763268
vn -0.556466 0.328279 -0.763268
vn -0.308600 0.179032 -0.934191
vn -0.316963 0.288321 -0.903552
vn -0.316963 0.288321 -0.903552
vn -0.321219 0.393875 -0.861209
vn -0.791901 -0.093272 -0.603484
vn -0.850359 -0.049444 -0.523875
vn -0.850359 -0.049444 -0.523875
vn -0.898888 -0.005039 -0.438149
vn 0.348671 0.595734 -0.723554
vn 0.259913 0.596062 -0.759708
vn 0.259913 0.596062 -0.759708
vn 0.168768 0.590915 -0.788883
vn 0.144891 0.617992 -0.772718
vn 0.144891 0.617992 -0.772718
vn 0.144891 0.617992 -0.772718
vn -0.215664 0.766451 -0.605013
vn -0.215664 0.766451 -0.605013
vn -0.215664 0.766451 -0.605013
vn 0.117739 0.651257 -0.749668
vn 0.112440 0.728721 -0.675517
vn 0.112440 0.728721 -0.675517
vn 0.105845 0.797785 -0.593579
vn 0.237361 0.183428 -0.953947
vn 0.196591 0.205120 -0.958790
vn 0.196591 0.205120 -0.958790
vn 0.155396 0.226369 -0.961566
vn -0.100449 0.228470 0.968355
vn -0.081653 0.313503 0.946070
vn -0.081653 0.313503 0.946070
vn -0.062197 0.396002 0.916141
vn 0.551629 0.345755 0.759051
vn 0.630856 0.194999 0.750997
vn 0.630856 0.194999 0.750997
vn 0.691744 0.038574 0.721112
vn -0.708161 0.434723 -0.556349
vn -0.708161 0.434723 -0.556349
vn -0.708161 0.434723 -0.556349
vn -0.655939 -0.088425 -0.749616
vn -0.655939 -0.088425 -0.749616
vn -0.655939 -0.088425 -0.749616
vn -0.862570 -0.156452 -0.481141
vn -0.828381 -0.255219 -0.498646
vn -0.828381 -0.255219 -0.498646
vn -0.784889 -0.351121 -0.510552
vn -0.308464 0.798739 -0.516590
vn -0.308464 0.798739 -0.516590
vn -0.308464 0.798739 -0.516590
vn -0.360718 -0.100557 -0.927238
vn -0.383563 -0.132041 -0.914027
vn -0.323443 -0.256318 -0.910871
vn -0.403949 -0.158005 -0.901032
vn -0.813516 -0.322094 -0.484198
vn -0.875459 -0.155364 -0.457640
vn -0.875459 -0.155364 -0.457640
vn -0.909088 0.016391 -0.416281
vn 0.440836 0.257523 -0.859852
vn 0.440836 0.257523 -0.859852
vn 0.440836 0.257523 -0.859852
vn 0.201874 0.786969 -0.583032
vn 0.201874 0.786969 -0.583032
vn 0.201874 0.786969 -0.583032
vn -0.866748 -0.159031 -0.472712
vn -0.866748 -0.159031 -0.472712
vn -0.866748 -0.159031 -0.472712
vn -0.179813 0.045511 -0.982648
vn -0.179813 0.045511 -0.982648
vn -0.179813 0.045511 -0.982648
vn -0.264443 -0.601977 -0.753455
vn -0.316585 -0.491790 -0.811121
vn -0.273404 -0.625558 -0.730704
vn -0.341303 -0.431279 -0.835171
vn -0.650923 -0.306293 -0.694611
vn -0.650923 -0.306293 -0.694611
vn -0.650923 -0.306293 -0.694611
vn -0.377669 -0.185219 -0.907227
vn -0.124789 -0.631594 -0.765190
vn -0.253752 -0.381424 -0.888890
vn -0.739792 0.443463 0.506012
vn -0.739792 0.443463 0.506012
vn -0.739792 0.443463 0.506012
vn -0.465334 -0.722622 0.511158
vn -0.465334 -0.722622 0.511158
vn -0.465334 -0.722622 0.511158
vn -0.447033 -0.764434 0.464545
vn -0.627194 -0.600250 0.496314
vn -0.627194 -0.600250 0.496314
vn -0.769457 -0.399797 0.498094
vn -0.776654 -0.581369 0.242526
vn -0.762762 -0.606216 0.225159
vn -0.762762 -0.606216 0.225159
vn -0.748021 -0.630390 0.207541
vn -0.870359 -0.445295 0.210209
vn -0.870359 -0.445295 0.210209
vn -0.870359 -0.445295 0.210209
vn -0.776703 0.505219 0.376145
vn -0.776703 0.505219 0.376145
vn -0.776703 0.505219 0.376145
vn -0.370666 0.606200 0.703653
vn -0.370666 0.606200 0.703653
vn -0.370666 0.606200 0.703653
vn -0.508655 0.839333 0.191808
vn -0.508655 0.839333 0.191808
vn -0.508655 0.839333 0.191808
vn -0.760587 0.331319 0.558332
vn -0.760587 0.331319 0.558332
vn -0.760587 0.331319 0.558332
vn -0.959148 0.135774 0.248194
vn -0.947244 -0.069794 0.312822
vn -0.947244 -0.069794 0.312822
vn -0.891221 -0.272111 0.362879
vn -0.537959 0.574074 0.617283
vn -0.067660 0.836368 0.543977
vn -0.368512 0.723520 0.583710
vn 0.194491 0.877261 0.438846
vn 0.539953 0.789098 0.292874
vn -0.868363 -0.351165 0.350185
vn -0.868363 -0.351165 0.350185
vn -0.868363 -0.351165 0.350185
vn -0.186352 0.982464 0.006077
vn -0.186352 0.982464 0.006077
vn -0.186352 0.982464 0.006077
vn -0.185837 0.982578 0.002220
vn -0.185837 0.982578 0.002221
vn -0.185837 0.982578 0.002221
vn -0.185838 0.982578 0.002222
vn -0.892716 0.382671 -0.237954
vn -0.892716 0.382671 -0.237954
vn -0.892716 0.382671 -0.237954
vn 0.201901 -0.653671 -0.729349
vn 0.201901 -0.653671 -0.729349
vn 0.201901 -0.653671 -0.729349
vn -0.954750 0.105595 -0.278032
vn -0.944544 0.131533 -0.300893
vn -0.944544 0.131533 -0.300893
vn -0.933109 0.157300 -0.323363
vn -0.817309 0.558525 -0.141618
vn -0.817309 0.558525 -0.141618
vn -0.817309 0.558525 -0.141618
vn -0.683605 0.726679 -0.067982
vn -0.683605 0.726679 -0.067982
vn -0.683605 0.726679 -0.067982
vn -0.898822 0.355151 -0.256879
vn -0.898822 0.355151 -0.256879
vn -0.898822 0.355151 -0.256879
vn -0.048226 0.879940 0.472631
vn -0.048226 0.879940 0.472631
vn -0.048226 0.879940 0.472631
vn -0.571287 -0.453420 0.684136
vn -0.503374 -0.342452 0.793310
vn -0.503374 -0.342452 0.793310
vn -0.420942 -0.221607 0.879601
vn -0.401765 -0.684977 0.607775
vn -0.371062 -0.666832 0.646257
vn -0.371062 -0.666832 0.646257
vn -0.339338 -0.646851 0.682960
vn 0.327164 0.106561 0.938940
vn 0.243993 0.136151 0.960172
vn 0.243993 0.136151 0.960172
vn 0.158810 0.164619 0.973489
vn 0.054751 0.168945 0.984104
vn 0.051572 0.170376 0.984029
vn 0.051572 0.170376 0.984029
vn 0.048393 0.171804 0.983942
vn -0.748311 -0.158449 0.644146
vn -0.743243 -0.134737 0.655313
vn -0.743243 -0.134737 0.655313
vn -0.737646 -0.110929 0.666013
vn 0.038923 -0.009323 0.999199
vn 0.002833 0.016999 0.999852
vn 0.002833 0.016999 0.999852
vn -0.033262 0.043286 0.998509
vn 0.163028 0.058826 0.984866
vn 0.229653 0.020998 0.973046
vn 0.229653 0.020998 0.973046
vn 0.294898 -0.016957 0.955378
vn 0.360800 0.721497 0.590986
vn 0.459774 0.188151 0.867875
vn 0.459774 0.188151 0.867875
vn 0.388208 -0.414985 0.822850
vn 0.234352 -0.395359 0.888127
vn 0.066957 -0.188410 0.979805
vn 0.066957 -0.188410 0.979805
vn -0.105746 0.033471 0.993830
vn -0.121940 -0.490737 0.862733
vn -0.121940 -0.490737 0.862733
vn -0.121940 -0.490737 0.862733
vn 0.516471 0.069890 0.853448
vn 0.516471 0.069890 0.853448
vn 0.516471 0.069890 0.853448
vn 0.947563 0.127191 0.293166
vn 0.950040 0.060012 0.306304
vn 0.950040 0.060012 0.306304
vn 0.948060 -0.007449 0.318004
vn 0.921913 0.103083 0.373432
vn 0.929165 0.082014 0.360453
vn 0.929165 0.082014 0.360453
vn 0.935800 0.060889 0.347234
vn -0.027617 0.538398 0.842238
vn -0.022275 0.524750 0.850965
vn -0.022275 0.524750 0.850965
vn -0.016926 0.510948 0.859445
vn 0.051570 0.207650 0.976843
vn 0.051570 0.207650 0.976843
vn 0.051570 0.207650 0.976843
vn 0.256170 0.863852 0.433747
vn 0.173010 0.868317 0.464858
vn 0.173010 0.868317 0.464858
vn 0.088483 0.865919 0.492296
vn 0.957398 0.100147 0.270850
vn 0.958369 0.111632 0.262807
vn 0.958369 0.111632 0.262807
vn 0.959150 0.123095 0.254713
vn -0.821840 0.117458 0.557479
vn -0.821863 0.116230 0.557703
vn -0.821863 0.116230 0.557703
vn -0.821884 0.115002 0.557926
vn -0.381713 -0.134158 0.914493
vn -0.485053 -0.301549 0.820848
vn -0.485053 -0.301549 0.820848
vn -0.565368 -0.454626 0.688240
vn 0.019097 -0.490090 0.871463
vn -0.050271 -0.547193 0.835496
vn -0.050271 -0.547193 0.835496
vn -0.119169 -0.599170 0.791703
vn 0.644240 -0.315994 0.696493
vn 0.773051 -0.236844 0.588470
vn 0.802444 -0.282110 0.525830
vn 0.865338 -0.259176 0.428973
vn 0.844175 -0.365440 0.392201
vn -0.799965 0.108826 0.590095
vn -0.820664 0.080421 0.565724
vn -0.820664 0.080421 0.565724
vn -0.839861 0.051869 0.540317
vn -0.787313 0.472772 0.395758
vn -0.787313 0.472772 0.395758
vn -0.787313 0.472772 0.395758
vn -0.710298 0.649865 0.270466
vn -0.710298 0.649865 0.270466
vn -0.710298 0.649865 0.270466
vn -0.834960 0.240118 0.495162
vn -0.858041 0.139428 0.494293
vn -0.858041 0.139428 0.494293
vn -0.871965 0.037250 0.488149
vn -0.000623 0.363648 0.931536
vn 0.177700 0.086255 0.980297
vn 0.177700 0.086255 0.980297
vn 0.336276 -0.200723 0.920124
vn 0.370797 0.213357 0.903874
vn 0.323938 0.273805 0.905591
vn 0.323938 0.273805 0.905591
vn 0.275184 0.332651 0.902007
vn 0.938127 -0.040852 0.343874
vn 0.942836 -0.000210 0.333256
vn 0.942836 -0.000210 0.333256
vn 0.945861 0.040433 0.322043
vn 0.203352 -0.146723 0.968050
vn 0.203352 -0.146723 0.968050
vn 0.203352 -0.146723 0.968050
vn 0.586001 -0.443306 0.678294
vn 0.558888 -0.468920 0.683929
vn 0.513212 -0.436006 0.739265
vn 0.431985 -0.367496 0.823611
vn 0.335309 -0.231802 0.913146
vn 0.375165 -0.298006 0.877749
vn 0.455656 -0.099231 0.884608
vn 0.401904 -0.127248 0.906797
vn 0.401904 -0.127248 0.906797
vn 0.346477 -0.154734 0.925209
vn -0.079860 -0.213660 0.973638
vn -0.020289 -0.184660 0.982593
vn -0.020289 -0.184660 0.982593
vn 0.039374 -0.154834 0.987156
vn 0.151998 -0.175815 0.972618
vn 0.119284 -0.168549 0.978449
vn 0.119284 -0.168549 0.978449
vn 0.086433 -0.161088 0.983148
vn 0.043881 0.572825 0.818503
vn -0.074186 0.711675 0.698581
vn -0.044398 0.791529 0.609516
vn -0.087264 0.872212 0.481281
vn 0.015720 0.912517 0.408736
vn -0.260892 0.931435 0.253703
vn -0.253193 0.934635 0.249702
vn -0.253193 0.934635 0.249702
vn -0.245473 0.937755 0.245678
vn -0.119450 0.560858 0.819249
vn 0.143154 0.716320 0.682930
vn 0.143154 0.716320 0.682930
vn 0.389767 0.791759 0.470318
vn -0.034392 0.989555 -0.139994
vn -0.128123 0.927728 0.350578
vn -0.128123 0.927728 0.350578
vn -0.189405 0.630937 0.752359
vn -0.063414 0.057656 0.996320
vn -0.359727 -0.239137 0.901893
vn -0.318312 -0.164462 0.933611
vn -0.483466 -0.371395 0.792670
vn -0.429540 -0.374257 0.821844
vn -0.434577 0.066447 0.898180
vn -0.434577 0.066447 0.898180
vn -0.434577 0.066447 0.898180
vn 0.035595 -0.296136 0.954482
vn 0.064988 -0.269328 0.960853
vn 0.064988 -0.269328 0.960853
vn 0.094276 -0.242083 0.965665
vn 0.110055 -0.310322 0.944239
vn 0.110055 -0.310322 0.944239
vn 0.110055 -0.310322 0.944239
vn -0.214257 0.224283 0.950679
vn -0.215472 0.227086 0.949739
vn -0.215472 0.227086 0.949739
vn -0.216685 0.229886 0.948789
vn -0.296745 -0.459696 0.837032
vn -0.363361 -0.556427 0.747233
vn -0.363361 -0.556427 0.747233
vn -0.422035 -0.640995 0.641101
vn -0.549025 -0.446063 0.706823
vn -0.549025 -0.446063 0.706823
vn -0.549025 -0.446063 0.706823
vn -0.770119 0.606312 0.198249
vn -0.743119 0.624933 0.239233
vn -0.823198 0.482342 0.299484
vn -0.518094 0.849595 0.098828
vn -0.727951 0.634121 0.260726
vn -0.931743 0.212581 0.294387
vn -0.919599 0.284836 0.270566
vn -0.919599 0.284836 0.270566
vn -0.901997 0.355400 0.245138
vn -0.955642 0.049611 0.290324
vn -0.956253 0.047925 0.288589
vn -0.956253 0.047925 0.288589
vn -0.956858 0.046238 0.286853
vn -0.951055 0.142794 0.274052
vn -0.952181 0.153342 0.264269
vn -0.952181 0.153342 0.264269
vn -0.953108 0.163859 0.254430
vn -0.945853 -0.088345 0.312341
vn -0.943579 -0.075399 0.322450
vn -0.950898 -0.030629 0.307986
vn -0.952219 -0.001667 0.305412
vn -0.959061 0.059107 0.276963
vn -0.955813 0.184603 0.228786
vn -0.958206 0.137035 0.251124
vn -0.958206 0.137035 0.251124
vn -0.957946 0.089087 0.272768
vn -0.963994 0.046087 0.261900
vn -0.972458 -0.052241 0.227148
vn -0.972458 -0.052241 0.227148
vn -0.970276 -0.149996 0.189910
vn -0.936382 -0.294673 0.190672
vn -0.960491 -0.097845 0.260543
vn -0.958347 -0.146822 0.244980
vn -0.957255 -0.000369 0.289247
vn -0.956669 0.002186 0.291171
vn -0.582046 -0.785735 0.209386
vn -0.662980 -0.703412 0.256258
vn -0.662980 -0.703412 0.256258
vn -0.733622 -0.610170 0.299153
vn -0.889423 -0.417480 0.186110
vn -0.651107 -0.723381 0.229738
vn -0.651107 -0.723381 0.229738
vn -0.313644 -0.919130 0.238383
vn -0.843139 -0.507765 0.176893
vn -0.916453 -0.304231 0.259917
vn -0.916453 -0.304231 0.259917
vn -0.940559 -0.084362 0.328986
vn -0.824052 -0.469592 0.316894
vn -0.806217 -0.506663 0.305462
vn -0.806217 -0.506663 0.305462
vn -0.786912 -0.542809 0.293474
vn -0.521851 -0.556723 0.646321
vn -0.526357 -0.554362 0.644695
vn -0.526357 -0.554362 0.644695
vn -0.530847 -0.551985 0.643051
vn -0.545462 -0.393116 0.740224
vn -0.545462 -0.393116 0.740224
vn -0.545462 -0.393116 0.740224
vn -0.083156 -0.261427 0.961635
vn -0.083156 -0.261427 0.961635
vn -0.083156 -0.261427 0.961635
vn -0.149458 0.385864 0.910369
vn -0.149458 0.385864 0.910369
vn -0.149458 0.385864 0.910369
vn -0.475316 0.222189 0.851297
vn -0.080064 -0.026153 0.996447
vn -0.080064 -0.026153 0.996447
vn 0.334321 -0.268244 0.903479
vn 0.149970 -0.187551 0.970739
vn 0.149970 -0.187551 0.970739
vn 0.149970 -0.187551 0.970739
vn 0.869698 0.070775 0.488484
vn 0.888070 0.049629 0.457022
vn 0.888070 0.049629 0.457022
vn 0.904866 0.028395 0.424749
vn 0.363829 0.044333 0.930410
vn 0.334442 0.052252 0.940967
vn 0.334442 0.052252 0.940967
vn 0.304708 0.060116 0.950547
vn 0.055569 0.065405 0.996310
vn 0.052714 0.066106 0.996419
vn 0.052714 0.066106 0.996419
vn 0.049860 0.066805 0.996520
vn -0.837063 0.038924 0.545719
vn -0.844712 0.032484 0.534235
vn -0.844712 0.032484 0.534235
vn -0.852164 0.026036 0.522627
vn -0.961265 0.012308 0.275352
vn -0.958215 0.018644 0.285440
vn -0.958215 0.018644 0.285440
vn -0.955021 0.024977 0.295484
vn 0.879573 0.126385 0.458670
vn 0.804195 0.424193 0.416329
vn 0.891315 0.337731 0.302482
vn 0.872514 0.440766 0.210820
vn 0.987247 0.146625 0.062003
vn 0.416257 0.184813 0.890267
vn 0.410730 0.198574 0.889871
vn 0.410730 0.198574 0.889871
vn 0.405112 0.212291 0.889279
vn 0.057627 0.244517 0.967931
vn 0.057703 0.244395 0.967957
vn 0.057703 0.244395 0.967957
vn 0.057780 0.244273 0.967984
vn -0.853367 0.136359 0.503161
vn -0.857384 0.116798 0.501250
vn -0.857384 0.116798 0.501250
vn -0.861055 0.097189 0.499137
vn -0.907036 0.298718 0.296737
vn -0.937134 0.204978 0.282425
vn -0.937134 0.204978 0.282425
vn -0.957956 0.109210 0.265318
vn -0.002769 0.531707 0.846924
vn -0.106932 0.234006 0.966337
vn -0.139704 0.235213 0.961851
vn -0.155368 0.072141 0.985219
vn -0.044998 0.231043 0.971902
vn -0.074596 0.271038 0.959674
vn -0.089373 0.250612 0.963954
vn -0.089373 0.250612 0.963954
vn -0.104090 0.230021 0.967603
vn 0.025038 -0.725504 0.687762
vn 0.025038 -0.725504 0.687762
vn 0.025038 -0.725504 0.687762
vn -0.057234 -0.786014 0.615553
vn -0.022742 -0.755496 0.654759
vn -0.008330 -0.738375 0.674340
vn 0.016150 -0.712305 0.701684
vn 0.020463 -0.702241 0.711645
vn 0.304985 -0.850244 0.429033
vn -0.098557 -0.900787 0.422930
vn -0.098557 -0.900787 0.422930
vn -0.485795 -0.802304 0.346859
vn 0.083051 -0.656423 0.749808
vn 0.083051 -0.656423 0.749808
vn 0.083051 -0.656423 0.749808
vn -0.098167 0.864538 0.492887
vn -0.089374 0.859132 0.503890
vn -0.089374 0.859132 0.503890
vn -0.080560 0.853531 0.514777
vn -0.068020 -0.055891 0.996117
vn -0.050025 -0.086756 0.994973
vn -0.050025 -0.086756 0.994973
vn -0.031966 -0.117510 0.992557
vn 0.034340 0.608833 0.792555
vn 0.020456 0.710043 0.703861
vn 0.020456 0.710043 0.703861
vn 0.006197 0.798258 0.602284
vn 0.060027 0.512916 0.856337
vn 0.047813 0.562070 0.825707
vn 0.047813 0.562070 0.825707
vn 0.035430 0.609254 0.792183
vn 0.033654 0.601410 0.798232
vn 0.033654 0.601410 0.798232
vn 0.033654 0.601410 0.798232
vn 0.193711 -0.799180 0.569023
vn 0.193711 -0.799180 0.569023
vn 0.193711 -0.799180 0.569023
vn -0.070900 0.340266 0.937652
vn -0.079707 0.212423 0.973922
vn -0.080167 0.345529 0.934977
vn -0.063941 -0.137859 0.988386
vn -0.077696 0.050113 0.995717
vn -0.069087 -0.102073 0.992375
vn -0.108115 -0.469132 0.876485
vn -0.108115 -0.469132 0.876485
vn -0.108115 -0.469132 0.876485
vn -0.438676 0.117731 0.890900
vn -0.438676 0.117731 0.890900
vn -0.438676 0.117731 0.890900
vn 0.314489 0.182436 0.931565
vn 0.252014 0.161403 0.954169
vn 0.252014 0.161403 0.954169
vn 0.188315 0.139586 0.972139
vn -0.997534 0.070028 -0.004685
vn -0.997533 0.069992 -0.005435
vn -0.997533 0.069992 -0.005435
vn -0.997531 0.069955 -0.006185
vn -0.002333 0.999864 0.016304
vn -0.002333 0.999864 0.016304
vn -0.002333 0.999864 0.016304
vn -0.996268 0.036391 0.078266
vn -0.999100 0.018516 0.038151
vn -0.999100 0.018516 0.038151
vn -0.999998 0.000604 -0.002039
vn -0.999994 0.000926 -0.003279
vn -0.999995 0.001002 -0.003150
vn -0.999995 0.001002 -0.003150
vn -0.999995 0.001078 -0.003021
vn 0.315378 0.335037 0.887855
vn 0.112410 0.278605 0.953804
vn 0.112410 0.278605 0.953804
vn -0.096035 0.208597 0.973275
vn 0.059636 0.491637 0.868756
vn 0.059636 0.491637 0.868756
vn 0.059636 0.491637 0.868756
vn -0.000307 0.016212 -0.999869
vn -0.001000 0.017717 -0.999843
vn -0.001000 0.017717 -0.999843
vn -0.001694 0.019222 -0.999814
vn 0.388685 0.493324 0.778174
vn 0.271270 0.214755 0.938239
vn 0.271270 0.214755 0.938239
vn 0.122114 -0.088942 0.988523
vn 0.000002 1.000000 0.000000
vn 0.000006 1.000000 0.000004
vn 0.000006 1.000000 0.000004
vn 0.000010 1.000000 0.000007
vn -0.101445 0.258828 0.960582
vn -0.101445 0.258828 0.960582
vn -0.101445 0.258828 0.960582
vn -0.000533 0.180446 0.983585
vn 0.015661 0.219878 0.975402
vn 0.015661 0.219878 0.975402
vn 0.031826 0.258895 0.965381
vn 0.233358 -0.294011 0.926877
vn 0.402939 -0.252459 0.879719
vn 0.402939 -0.252459 0.879719
vn 0.559341 -0.202649 0.803786
vn 0.754753 -0.521768 0.397626
vn 0.734450 -0.540845 0.409962
vn 0.692679 -0.635210 0.341620
vn 0.577113 -0.794450 0.189185
vn 0.655868 -0.688033 0.310561
vn 0.814796 -0.379195 0.438542
vn 0.814796 -0.379195 0.438542
vn 0.814796 -0.379195 0.438542
vn 0.524149 -0.679527 0.513333
vn 0.368504 -0.410362 0.834151
vn 0.438558 -0.408659 0.800415
vn 0.234003 -0.407007 0.882943
vn 0.261691 -0.242756 0.934124
vn 0.551889 -0.218716 0.804724
vn 0.551889 -0.218716 0.804724
vn 0.551889 -0.218716 0.804724
vn 0.175644 0.206219 0.962613
vn 0.175644 0.206219 0.962613
vn 0.175644 0.206219 0.962613
vn 0.654411 -0.725226 0.213997
vn 0.648624 -0.611546 0.453099
vn 0.648624 -0.611546 0.453099
vn 0.597352 -0.454980 0.660427
vn 0.459666 -0.697194 0.550117
vn 0.451427 -0.516526 0.727608
vn 0.451427 -0.516526 0.727608
vn 0.414202 -0.302692 0.858379
vn 0.862971 0.270986 0.426437
vn 0.862971 0.270986 0.426437
vn 0.862971 0.270986 0.426437
vn 0.149405 -0.092776 0.984414
vn 0.072386 -0.000194 0.997377
vn 0.135310 -0.097014 0.986042
vn 0.032888 0.046799 0.998363
vn -0.056389 0.193433 0.979492
vn 0.766442 -0.510901 0.389291
vn 0.834028 -0.357391 0.420321
vn 0.812700 -0.408344 0.415661
vn 0.858745 -0.276716 0.431261
vn 0.868783 -0.252903 0.425741
vn 0.003657 -0.717702 0.696340
vn 0.071868 -0.715539 0.694866
vn 0.107579 -0.705396 0.700602
vn 0.178381 -0.682180 0.709092
vn 0.159115 -0.696340 0.699852
vn 0.129714 -0.728053 0.673137
vn 0.129714 -0.728053 0.673137
vn 0.129714 -0.728053 0.673137
vn 0.040608 0.137476 0.989672
vn 0.040608 0.137476 0.989672
vn 0.040608 0.137476 0.989672
vn -0.293142 -0.455345 0.840671
vn 0.108459 -0.159122 0.981283
vn 0.108459 -0.159122 0.981283
vn 0.480906 0.179875 0.858123
vn -0.045213 0.013649 0.998884
vn -0.045213 0.013649 0.998884
vn -0.045213 0.013649 0.998884
vn -0.087903 -0.007904 0.996098
vn 0.093108 -0.147316 0.984697
vn 0.093108 -0.147316 0.984697
vn 0.269247 -0.279019 0.921767
vn -0.105634 0.332164 0.937288
vn -0.107919 0.329704 0.937896
vn -0.070304 0.207136 0.975783
vn -0.010691 0.045382 0.998913
vn -0.000981 -0.001915 0.999998
vn -0.037943 0.109408 0.993273
vn -0.009827 0.042701 0.999040
vn 0.030054 0.005490 0.999533
vn 0.030054 0.005490 0.999533
vn 0.069845 -0.031738 0.997053
vn 0.879407 -0.343581 0.329539
vn 0.978605 -0.133637 0.156439
vn 0.978605 -0.133637 0.156439
vn 0.995718 0.087516 -0.029784
vn -0.259275 0.940704 0.218752
vn -0.259275 0.940704 0.218752
vn -0.259275 0.940704 0.218752
vn -0.221192 0.101826 -0.969900
vn -0.161552 0.191002 -0.968204
vn -0.161552 0.191002 -0.968204
vn -0.100053 0.277980 -0.955362
vn -0.260765 0.941520 0.213406
vn -0.260765 0.941520 0.213406
vn -0.260765 0.941520 0.213406
vn -0.337252 0.691604 0.638706
vn -0.287896 0.643318 0.709406
vn -0.287896 0.643318 0.709406
vn -0.235729 0.588750 0.773179
vn -0.297336 -0.372957 0.878917
vn -0.297336 -0.372957 0.878917
vn -0.297336 -0.372957 0.878917
vn -0.422593 0.295740 0.856710
vn -0.391393 0.354733 0.849103
vn -0.391393 0.354733 0.849103
vn -0.358426 0.412124 0.837666
vn -0.313020 0.658197 0.684686
vn -0.407750 0.508821 0.758183
vn -0.407750 0.508821 0.758183
vn -0.487519 0.340778 0.803863
vn -0.602141 0.750082 0.273502
vn -0.604522 0.738672 0.298190
vn -0.604522 0.738672 0.298190
vn -0.606452 0.726712 0.322656
vn 0.054772 0.624312 0.779253
vn 0.019758 0.672736 0.739619
vn 0.019758 0.672736 0.739619
vn -0.015357 0.717701 0.696182
vn -0.112199 0.975438 0.189558
vn -0.097485 0.974509 0.202061
vn -0.097485 0.974509 0.202061
vn -0.082736 0.973216 0.214488
vn 0.140392 0.193688 0.970966
vn 0.140392 0.193688 0.970966
vn 0.140392 0.193688 0.970966
vn -0.991717 -0.071725 0.106551
vn -0.997267 -0.037967 0.063373
vn -0.997267 -0.037967 0.063373
vn -0.999792 -0.004095 0.020003
vn -0.843987 0.535040 0.037663
vn -0.884285 0.463734 0.054696
vn -0.884285 0.463734 0.054696
vn -0.918394 0.389182 0.071346
vn -0.297597 0.885302 0.357317
vn -0.305671 0.892227 0.332409
vn -0.302587 0.891120 0.338150
vn -0.309624 0.895444 0.319864
vn -0.311798 0.894323 0.320887
vn -0.995952 -0.068738 0.057927
vn -0.994335 -0.085842 0.062686
vn -0.994335 -0.085842 0.062686
vn -0.992402 -0.102919 0.067424
vn -0.842142 0.534304 0.072904
vn -0.842142 0.534304 0.072904
vn -0.842142 0.534304 0.072904
vn -0.395464 0.911967 -0.109200
vn -0.863364 0.504561 -0.004608
vn -0.863364 0.504561 -0.004608
vn -0.989502 -0.102575 0.101808
vn -0.516584 0.854629 0.052446
vn -0.507776 0.860048 0.049807
vn -0.507776 0.860048 0.049807
vn -0.498910 0.865370 0.047161
vn -0.790793 0.608838 0.062948
vn -0.781181 0.621368 0.060477
vn -0.781181 0.621368 0.060477
vn -0.771370 0.633739 0.057991
vn 0.271772 0.938665 0.212245
vn 0.271772 0.938665 0.212245
vn 0.271772 0.938665 0.212245
vn -0.716090 0.647823 0.259885
vn -0.292015 0.926458 0.237491
vn -0.292015 0.926458 0.237491
vn 0.207394 0.966087 0.153830
vn 0.946914 0.158111 -0.279919
vn 0.994662 -0.102497 -0.011892
vn 0.994662 -0.102497 -0.011892
vn 0.901134 -0.348548 0.257823
vn -0.124795 0.992182 -0.000639
vn -0.138761 0.990313 0.005145
vn -0.138761 0.990313 0.005145
vn -0.152694 0.988213 0.010927
vn -0.152942 0.988234 0.001352
vn -0.138323 0.990199 -0.019311
vn -0.138323 0.990199 -0.019311
vn -0.123614 0.991525 -0.039962
vn 0.973043 0.214062 0.085819
vn 0.968846 0.239093 -0.064583
vn 0.968846 0.239093 -0.064583
vn 0.942110 0.258562 -0.213484
vn -0.350187 0.903723 -0.246282
vn -0.768651 0.638214 0.043108
vn -0.768651 0.638214 0.043108
vn -0.933957 0.162508 0.318301
vn 0.121178 0.963176 -0.240017
vn 0.085843 0.964733 -0.248839
vn 0.085843 0.964733 -0.248839
vn 0.050394 0.965009 -0.257330
vn 0.956902 0.088927 -0.276462
vn 0.825773 0.412267 -0.384882
vn 0.825773 0.412267 -0.384882
vn 0.584406 0.680570 -0.441922
vn -0.971039 -0.238796 -0.007768
vn -0.879283 -0.474854 0.037068
vn -0.879283 -0.474854 0.037068
vn -0.729361 -0.679500 0.079452
vn -0.000010 1.000000 0.000003
vn -0.000010 1.000000 0.000007
vn -0.000010 1.000000 0.000007
vn -0.000010 1.000000 0.000011
vn 0.000023 1.000000 -0.000008
vn 0.000017 1.000000 0.000000
vn 0.000017 1.000000 0.000000
vn 0.000012 1.000000 0.000008
vn -0.003120 0.033511 0.999433
vn 0.007949 0.066793 0.997735
vn 0.007949 0.066793 0.997735
vn 0.019008 0.099992 0.994807
vn -0.004060 0.033736 0.999422
vn -0.004060 0.033736 0.999422
vn -0.004060 0.033736 0.999422
vn -0.100411 0.994377 -0.033644
vn -0.110110 0.993786 -0.016262
vn -0.110110 0.993786 -0.016262
vn -0.119765 0.992802 0.001126
vn -0.050295 0.257190 0.965051
vn -0.050295 0.257190 0.965051
vn -0.050295 0.257190 0.965051
vn -0.106080 0.094600 0.989847
vn -0.047899 0.147006 0.987975
vn -0.047899 0.147006 0.987975
vn 0.010576 0.198510 0.980042
vn -0.403547 0.359672 0.841300
vn -0.403547 0.359672 0.841300
vn -0.403547 0.359672 0.841300
vn 0.441737 0.394264 0.805868
vn 0.441737 0.394264 0.805868
vn 0.441737 0.394264 0.805868
vn 0.243582 0.908429 0.339743
vn 0.569385 0.606029 0.555455
vn 0.569385 0.606029 0.555455
vn 0.756187 0.155682 0.635566
vn -0.369450 0.929251 0.000372
vn -0.369757 0.929128 0.000823
vn -0.369757 0.929128 0.000823
vn -0.370063 0.929006 0.001273
vn 0.025199 0.047638 0.998547
vn 0.025199 0.047638 0.998547
vn 0.025199 0.047638 0.998547
vn 0.008384 0.052334 0.998595
vn 0.006069 0.044427 0.998994
vn 0.006069 0.044427 0.998994
vn 0.003754 0.036517 0.999326
vn -0.370720 0.928745 -0.000174
vn -0.370388 0.928877 0.000445
vn -0.370388 0.928877 0.000445
vn -0.370057 0.929009 0.001063
vn -0.389555 0.921003 -0.000362
vn -0.389628 0.920972 -0.000266
vn -0.389628 0.920972 -0.000266
vn -0.389701 0.920942 -0.000171
vn 0.067047 0.082972 0.994294
vn 0.068293 0.082431 0.994254
vn 0.068293 0.082431 0.994254
vn 0.069538 0.081889 0.994213
vn -0.285173 -0.096987 0.953557
vn -0.198369 0.368996 0.908015
vn -0.198369 0.368996 0.908015
vn -0.066585 0.751309 0.656583
vn 0.036098 -0.054199 0.997878
vn 0.036098 -0.054199 0.997878
vn 0.036098 -0.054199 0.997878
vn 0.092589 -0.135500 0.986442
vn 0.092589 -0.135500 0.986442
vn 0.092589 -0.135500 0.986442
vn -0.331351 0.142385 0.932702
vn -0.331351 0.142385 0.932702
vn -0.331351 0.142385 0.932702
vn 0.288310 -0.481035 0.827939
vn 0.288310 -0.481035 0.827939
vn 0.288310 -0.481035 0.827939
vn -0.322688 0.616103 0.718533
vn -0.322688 0.616103 0.718533
vn -0.322688 0.616103 0.718533
vn -0.474454 0.100212 0.874558
vn -0.392993 0.203261 0.896795
vn -0.392993 0.203261 0.896795
vn -0.304557 0.302702 0.903115
vn -0.296420 0.764131 0.572922
vn -0.296420 0.764131 0.572922
vn -0.296420 0.764131 0.572922
vn -0.502396 -0.106148 0.858097
vn -0.400460 0.013270 0.916218
vn -0.400460 0.013270 0.916218
vn -0.287300 0.132315 0.948658
vn -0.263331 0.715702 0.646860
vn -0.263331 0.715702 0.646860
vn -0.263331 0.715702 0.646860
vn -0.181153 -0.169117 0.968805
vn -0.181153 -0.169117 0.968805
vn -0.181153 -0.169117 0.968805
vn 0.000563 0.999992 -0.003965
vn 0.000563 0.999992 -0.003965
vn 0.000563 0.999992 -0.003965
vn 0.032508 0.999228 -0.022060
vn 0.032508 0.999228 -0.022060
vn 0.032508 0.999228 -0.022060
vn 0.057495 0.041872 0.997467
vn 0.115361 0.109544 0.987265
vn 0.115361 0.109544 0.987265
vn 0.172300 0.176336 0.969133
vn -0.179258 0.107181 0.977946
vn -0.179258 0.107181 0.977946
vn -0.179258 0.107181 0.977946
vn 0.278744 -0.426575 0.860428
vn 0.281960 -0.385458 0.878590
vn 0.281960 -0.385458 0.878590
vn 0.284604 -0.343559 0.894968
vn -0.279043 0.810589 0.514860
vn -0.276663 0.813764 0.511122
vn -0.276663 0.813764 0.511122
vn -0.274274 0.816915 0.507369
vn -0.110034 -0.014298 -0.993825
vn -0.104299 0.114918 -0.987885
vn -0.104299 0.114918 -0.987885
vn -0.096815 0.242208 -0.965382
vn -0.369499 0.929231 -0.000598
vn -0.370347 0.928894 -0.000193
vn -0.370347 0.928894 -0.000193
vn -0.371194 0.928555 0.000213
vn -0.374896 0.778956 0.502673
vn -0.364076 0.792403 0.489434
vn -0.364076 0.792403 0.489434
vn -0.353084 0.805475 0.475964
vn -0.024767 0.040299 0.998881
vn -0.015787 0.218441 0.975722
vn -0.024139 0.059708 0.997924
vn -0.016894 0.360912 0.932447
vn -0.007029 0.371536 0.928392
vn -0.010461 0.233455 0.972311
vn -0.010819 0.186777 0.982343
vn -0.010819 0.186777 0.982343
vn -0.010819 0.186777 0.982343
vn -0.419954 0.708334 0.567363
vn -0.517284 0.721694 0.459972
vn -0.517284 0.721694 0.459972
vn -0.603655 0.719766 0.342837
vn 0.300490 0.242745 0.922378
vn 0.190774 0.541636 0.818679
vn 0.190774 0.541636 0.818679
vn 0.059668 0.779795 0.623185
vn -0.370368 0.452245 0.811358
vn -0.275379 0.324586 0.904882
vn -0.275379 0.324586 0.904882
vn -0.171008 0.185869 0.967579
vn 0.017324 0.153178 0.988047
vn 0.057285 0.374900 0.925294
vn 0.057285 0.374900 0.925294
vn 0.094113 0.576117 0.811931
vn 0.267991 -0.354767 0.895724
vn 0.267991 -0.354767 0.895724
vn 0.267991 -0.354767 0.895724
vn -0.102131 0.237039 0.966117
vn -0.102131 0.237039 0.966117
vn -0.102131 0.237039 0.966117
vn -0.291054 0.826435 0.481968
vn -0.291054 0.826435 0.481968
vn -0.291054 0.826435 0.481968
vn -0.358623 0.412192 0.837548
vn -0.430819 0.276069 0.859175
vn -0.455088 0.238665 0.857866
vn -0.380757 0.347792 0.856776
vn -0.463440 0.204513 0.862205
vn -0.001160 0.999999 0.000033
vn -0.001160 0.999999 0.000033
vn -0.001160 0.999999 0.000033
vn 0.000000 1.000000 -0.000003
vn 0.000000 1.000000 -0.000002
vn 0.000000 1.000000 -0.000002
vn 0.000000 1.000000 -0.000001
vn 0.961928 -0.102939 0.253177
vn 0.961928 -0.102939 0.253177
vn 0.961928 -0.102939 0.253177
vn 0.999994 0.000852 -0.003498
vn 0.999994 0.000852 -0.003498
vn 0.999994 0.000852 -0.003498
vn 0.986329 -0.050458 -0.156874
vn 0.986329 -0.050458 -0.156874
vn 0.986329 -0.050458 -0.156874
vn 0.974482 0.221349 -0.037288
vn 0.974482 0.221349 -0.037288
vn 0.974482 0.221349 -0.037288
vn -0.028834 0.999566 -0.005984
vn -0.031901 0.999488 -0.002323
vn -0.031901 0.999488 -0.002323
vn -0.034967 0.999388 0.001339
vn 0.979097 -0.191646 -0.068116
vn 0.979097 -0.191646 -0.068116
vn 0.979097 -0.191646 -0.068116
vn 0.000002 1.000000 -0.000418
vn -0.012725 0.999316 -0.034717
vn -0.012725 0.999316 -0.034717
vn -0.025434 0.997295 -0.068970
vn -0.026780 0.999640 0.001524
vn -0.027719 0.999616 0.000384
vn -0.027719 0.999616 0.000384
vn -0.028658 0.999589 -0.000756
vn 0.995917 0.043354 -0.079181
vn 0.996960 0.038028 -0.068000
vn 0.996960 0.038028 -0.068000
vn 0.997850 0.032697 -0.056808
vn 0.956800 -0.017926 -0.290193
vn 0.956800 -0.017926 -0.290193
vn 0.956800 -0.017926 -0.290193
vn 0.491234 0.870928 -0.013175
vn 0.824306 0.483631 0.294314
vn 0.824306 0.483631 0.294314
vn 0.864349 -0.075589 0.497179
vn 0.549933 -0.532710 0.643268
vn 0.885144 -0.122960 0.448778
vn 0.885144 -0.122960 0.448778
vn 0.938801 0.325901 0.111537
vn 0.999960 -0.001751 0.008763
vn 0.999963 -0.000843 0.008602
vn 0.999963 -0.000843 0.008602
vn 0.999964 0.000065 0.008441
vn 0.998926 0.000083 -0.046341
vn 0.998968 -0.000409 -0.045425
vn 0.998968 -0.000409 -0.045425
vn 0.999009 -0.000901 -0.044509
vn 0.999962 0.000177 0.008738
vn 0.999961 0.000049 0.008786
vn 0.999961 0.000049 0.008786
vn 0.999961 -0.000078 0.008835
vn 1.000000 -0.000020 0.000145
vn 1.000000 -0.000020 0.000145
vn 1.000000 -0.000020 0.000145
vn 0.999961 -0.000012 0.008809
vn 0.999962 0.000049 0.008770
vn 0.999962 0.000049 0.008770
vn 0.999962 0.000110 0.008731
vn 0.999179 -0.001086 -0.040491
vn 0.999071 -0.000637 -0.043091
vn 0.999071 -0.000637 -0.043091
vn 0.998956 -0.000187 -0.045690
vn 0.999958 -0.002083 0.008970
vn 0.999942 -0.000873 0.010753
vn 0.999942 -0.000873 0.010753
vn 0.999921 0.000336 0.012537
vn 1.000000 -0.000034 -0.000030
vn 1.000000 -0.000034 -0.000029
vn 1.000000 -0.000034 -0.000029
vn 1.000000 -0.000035 -0.000028
vn 0.999962 0.000068 0.008722
vn 0.999963 0.000453 0.008643
vn 0.999963 0.000453 0.008643
vn 0.999963 0.000838 0.008565
vn 0.998956 -0.000067 -0.045675
vn 0.998984 -0.000359 -0.045072
vn 0.998984 -0.000359 -0.045072
vn 0.999011 -0.000651 -0.044470
vn 0.999958 -0.000923 0.009105
vn 0.999960 -0.000455 0.008977
vn 0.999960 -0.000455 0.008977
vn 0.999961 0.000013 0.008849
vn 1.000000 -0.000062 0.000140
vn 1.000000 -0.000059 0.000053
vn 1.000000 -0.000059 0.000053
vn 1.000000 -0.000057 -0.000035
vn 0.997934 0.052980 0.036343
vn 0.999396 0.026612 0.022351
vn 0.999396 0.026612 0.022351
vn 0.999965 0.000219 0.008340
vn 0.000019 -0.000700 1.000000
vn 0.000014 -0.000656 1.000000
vn 0.000014 -0.000656 1.000000
vn 0.000008 -0.000612 1.000000
vn 1.000000 -0.000006 0.000378
vn 1.000000 0.000012 0.000377
vn 1.000000 0.000012 0.000377
vn 1.000000 0.000029 0.000376
vn 0.999242 -0.000000 -0.038930
vn 0.998810 -0.042887 -0.023200
vn 0.998810 -0.042887 -0.023200
vn 0.996295 -0.085685 -0.007423
vn -0.040268 -0.334962 0.941371
vn -0.040268 -0.334962 0.941371
vn -0.040268 -0.334962 0.941371
vn -0.006668 0.562826 0.826549
vn -0.023681 0.576398 0.816826
vn -0.043310 0.566877 0.822663
vn -0.061619 0.568611 0.820296
vn -0.082492 0.546973 0.833076
vn -0.019754 0.546514 0.837217
vn -0.006869 0.535001 0.844824
vn -0.006869 0.535001 0.844824
vn 0.006019 0.523297 0.852129
vn 0.064808 0.573172 0.816868
vn 0.064808 0.573172 0.816868
vn 0.064808 0.573172 0.816868
vn -0.054201 0.194778 0.979349
vn -0.124586 0.334751 0.934034
vn -0.124586 0.334751 0.934034
vn -0.191658 0.465819 0.863875
vn -0.015495 0.579998 0.814470
vn -0.028111 0.610053 0.791862
vn -0.028111 0.610053 0.791862
vn -0.040683 0.639148 0.768007
vn -0.179911 -0.075360 0.980792
vn -0.179911 -0.075360 0.980792
vn -0.179911 -0.075360 0.980792
vn -0.909984 0.230821 0.344459
vn -0.909984 0.230821 0.344459
vn -0.909984 0.230821 0.344459
vn -0.977949 -0.114128 -0.174901
vn -0.977949 -0.114128 -0.174901
vn -0.977949 -0.114128 -0.174901
vn -0.998692 0.012374 0.049615
vn -0.999243 0.019622 0.033593
vn -0.999243 0.019622 0.033593
vn -0.999485 0.026865 0.017559
vn -0.974885 -0.089466 -0.203951
vn -0.974885 -0.089466 -0.203951
vn -0.974885 -0.089466 -0.203951
vn -0.984043 -0.113975 -0.136634
vn -0.984043 -0.113975 -0.136634
vn -0.984043 -0.113975 -0.136634
vn 0.284370 0.939510 0.190931
vn 0.284370 0.939510 0.190931
vn 0.284370 0.939510 0.190931
vn 0.159425 -0.001525 -0.987209
vn 0.118477 0.013746 -0.992862
vn 0.118477 0.013746 -0.992862
vn 0.077299 0.028991 -0.996586
vn 0.348316 0.936803 0.032806
vn 0.348316 0.936803 0.032806
vn 0.348316 0.936803 0.032806
vn 0.865277 0.069125 0.496505
vn 0.878373 0.158196 0.451038
vn 0.878373 0.158196 0.451038
vn 0.882534 0.245657 0.400983
vn 0.761709 0.183602 0.621361
vn 0.809233 0.326630 0.488318
vn 0.809233 0.326630 0.488318
vn 0.824051 0.456457 0.335539
vn 0.742231 0.332020 0.582113
vn 0.684379 0.207334 0.699026
vn 0.684379 0.207334 0.699026
vn 0.604243 0.075896 0.793178
vn -0.724657 0.670703 -0.158209
vn -0.724657 0.670703 -0.158209
vn -0.724657 0.670703 -0.158209
vn 0.000000 1.000000 -0.000003
vn 0.000000 1.000000 -0.000001
vn 0.000000 1.000000 -0.000001
vn 0.000000 1.000000 0.000000
vn -0.211862 0.928491 -0.304989
vn -0.211862 0.928491 -0.304989
vn -0.211862 0.928491 -0.304989
vn 0.902265 0.415855 0.113946
vn 0.898002 0.421783 0.125269
vn 0.898002 0.421783 0.125269
vn 0.893576 0.427635 0.136569
vn -0.004368 0.065306 0.997856
vn 0.233943 0.284667 0.929643
vn 0.233943 0.284667 0.929643
vn 0.446623 0.472838 0.759574
vn -0.245013 0.391478 0.886969
vn -0.245013 0.391478 0.886969
vn -0.245013 0.391478 0.886969
vn 0.157117 0.206975 0.965648
vn 0.043522 0.127031 0.990943
vn 0.043522 0.127031 0.990943
vn -0.070940 0.044555 0.996485
vn -0.131221 0.383397 0.914214
vn -0.131221 0.383397 0.914214
vn -0.131221 0.383397 0.914214
vn -0.069372 0.481393 0.873755
vn -0.069372 0.481393 0.873755
vn -0.069372 0.481393 0.873755
vn -0.155280 0.092814 0.983501
vn -0.227848 -0.044553 0.972677
vn -0.227848 -0.044553 0.972677
vn -0.294891 -0.180840 0.938262
vn 0.156166 0.205625 0.966091
vn 0.160182 0.193955 0.967845
vn 0.160182 0.193955 0.967845
vn 0.164174 0.182255 0.969448
vn 0.169299 0.007862 0.985533
vn 0.133147 -0.225409 0.965123
vn 0.133147 -0.225409 0.965123
vn 0.089520 -0.446026 0.890532
vn -0.368997 -0.130879 0.920169
vn -0.246917 -0.006165 0.969017
vn -0.246917 -0.006165 0.969017
vn -0.116727 0.118751 0.986039
vn 0.408435 0.853361 -0.323969
vn 0.408435 0.853361 -0.323969
vn 0.408435 0.853361 -0.323969
vn 0.350918 0.872218 -0.340724
vn 0.052017 0.983413 -0.173764
vn 0.052017 0.983413 -0.173764
vn -0.253623 0.967175 0.015712
vn 0.313742 0.652229 0.690045
vn 0.313742 0.652229 0.690045
vn 0.313742 0.652229 0.690045
vn -0.322076 0.946140 0.032950
vn -0.193851 0.980078 -0.043231
vn -0.193851 0.980078 -0.043231
vn -0.061090 0.991085 -0.118400
vn -0.974120 0.029298 -0.224126
vn -0.992570 0.048977 -0.111388
vn -0.992570 0.048977 -0.111388
vn -0.997681 0.067997 0.002847
vn 0.674368 0.217241 -0.705715
vn 0.679606 0.730751 -0.064332
vn 0.679606 0.730751 -0.064332
vn 0.226047 0.750937 0.620481
vn 0.669887 -0.019757 -0.742200
vn 0.669887 -0.019757 -0.742200
vn 0.669887 -0.019757 -0.742200
vn 0.000002 1.000000 0.000066
vn 0.000002 1.000000 0.000066
vn 0.000002 1.000000 0.000066
vn 0.989205 -0.146423 0.005735
vn 0.992242 -0.101747 0.071437
vn 0.992242 -0.101747 0.071437
vn 0.989006 -0.056428 0.136688
vn 0.991478 0.069248 0.110343
vn 0.994623 0.056466 0.086808
vn 0.994623 0.056466 0.086808
vn 0.997046 0.043642 0.063211
vn 0.660951 0.679545 -0.318374
vn 0.660951 0.679545 -0.318374
vn 0.660951 0.679545 -0.318374
vn -0.027214 0.999347 0.023764
vn -0.150251 0.988491 -0.017608
vn -0.150251 0.988491 -0.017608
vn -0.270739 0.960862 -0.058682
vn 0.284988 0.953796 -0.095154
vn 0.394771 0.917373 -0.050816
vn 0.009760 0.996142 0.087213
vn 0.470701 0.882107 -0.018128
vn 0.914721 0.286578 -0.284881
vn 0.030443 0.010018 0.999486
vn 0.030443 0.010018 0.999486
vn 0.030443 0.010018 0.999486
vn 0.764527 0.636455 -0.102100
vn 0.797815 0.597368 -0.081498
vn 0.797815 0.597368 -0.081498
vn 0.828662 0.556454 -0.060647
vn 0.019472 0.009819 0.999762
vn 0.061782 0.070624 0.995588
vn 0.061782 0.070624 0.995588
vn 0.103752 0.131041 0.985933
vn -0.436439 0.893654 -0.104427
vn -0.357444 0.932032 -0.059588
vn -0.357444 0.932032 -0.059588
vn -0.274974 0.961347 -0.014170
vn -0.730500 0.682696 0.017202
vn -0.705266 0.708871 0.010075
vn -0.705266 0.708871 0.010075
vn -0.679063 0.734074 0.002935
vn 0.206167 0.968690 0.138333
vn 0.100904 0.991070 0.087172
vn 0.100904 0.991070 0.087172
vn -0.005791 0.999379 0.034772
vn 0.000001 1.000000 0.000000
vn 0.000001 1.000000 0.000000
vn 0.000001 1.000000 0.000000
vn -0.986074 -0.102438 0.131012
vn -0.997461 -0.029576 0.064783
vn -0.997461 -0.029576 0.064783
vn -0.999048 0.043577 -0.002082
vn -0.998648 0.051644 -0.005860
vn -0.984497 0.175198 0.008494
vn -0.984497 0.175198 0.008494
vn -0.954916 0.296006 0.022714
vn 0.041933 0.985273 -0.165767
vn 0.177752 0.978628 -0.103402
vn 0.177752 0.978628 -0.103402
vn 0.309594 0.950080 -0.038723
vn -0.999052 0.030406 -0.031161
vn -0.999052 0.030406 -0.031161
vn -0.999052 0.030406 -0.031161
vn -0.999648 0.026051 0.005057
vn -0.999648 0.026051 0.005057
vn -0.999648 0.026051 0.005057
vn -0.998515 0.048937 0.023942
vn -0.999277 0.034587 0.015784
vn -0.999277 0.034587 0.015784
vn -0.999766 0.020228 0.007621
vn -0.689695 0.719508 -0.081425
vn -0.594392 0.803399 -0.035342
vn -0.594392 0.803399 -0.035342
vn -0.488245 0.872633 0.011385
vn 0.200200 0.967528 0.154301
vn 0.096189 0.994907 0.030119
vn 0.096189 0.994907 0.030119
vn -0.010419 0.995435 -0.094876
vn 0.506087 0.826056 0.248008
vn 0.506087 0.826056 0.248008
vn 0.506087 0.826056 0.248008
vn 0.732708 -0.017909 0.680307
vn 0.742357 -0.022691 0.669620
vn 0.742357 -0.022691 0.669620
vn 0.751835 -0.027468 0.658779
vn 0.028900 -0.080219 0.996358
vn 0.040718 -0.063917 0.997124
vn 0.040718 -0.063917 0.997124
vn 0.052520 -0.047588 0.997485
vn 0.833715 -0.324846 0.446536
vn 0.922640 -0.056165 0.381550
vn 0.922640 -0.056165 0.381550
vn 0.933768 0.217252 0.284392
vn 0.991086 0.119777 -0.058323
vn 0.991086 0.119777 -0.058323
vn 0.991086 0.119777 -0.058323
vn 0.980932 -0.182647 0.066421
vn 0.971929 -0.228440 0.056298
vn 0.971929 -0.228440 0.056298
vn 0.960709 -0.273712 0.046046
vn 0.485345 0.873899 -0.027223
vn 0.847581 0.502904 0.169393
vn 0.847581 0.502904 0.169393
vn 0.949177 -0.022739 0.313919
vn 0.953994 -0.098491 0.283187
vn 0.970744 -0.033362 0.237789
vn 0.970744 -0.033362 0.237789
vn 0.981103 0.031988 0.190824
vn -0.010297 -0.861508 0.507640
vn -0.010297 -0.861508 0.507640
vn -0.010297 -0.861508 0.507640
vn -0.599375 -0.799910 -0.029893
vn -0.625178 -0.751731 0.209887
vn -0.625178 -0.751731 0.209887
vn -0.613170 -0.658087 0.436972
vn -0.087002 -0.018123 0.996043
vn -0.087002 -0.018123 0.996043
vn -0.087002 -0.018123 0.996043
vn -0.333998 0.942574 -0.000014
vn -0.334057 0.942553 -0.000265
vn -0.334057 0.942553 -0.000265
vn -0.334117 0.942532 -0.000516
vn -0.744917 0.667157 0.000000
vn -0.729535 0.665636 0.157184
vn -0.729535 0.665636 0.157184
vn -0.695955 0.647511 0.310446
vn -0.000372 0.999307 -0.037214
vn 0.000541 0.999383 -0.035130
vn 0.000541 0.999383 -0.035130
vn 0.001453 0.999453 -0.033045
vn -0.000129 0.999953 -0.009707
vn -0.000644 0.999950 -0.009996
vn -0.000644 0.999950 -0.009996
vn -0.001159 0.999946 -0.010284
vn 0.999941 0.004960 -0.009623
vn 0.986638 0.156885 0.043965
vn 0.986638 0.156885 0.043965
vn 0.947554 0.304710 0.096405
vn 0.887037 0.461319 -0.018734
vn 0.887037 0.461319 -0.018734
vn 0.887037 0.461319 -0.018734
vn 0.872972 0.463673 0.151419
vn 0.872972 0.463673 0.151419
vn 0.872972 0.463673 0.151419
vn 0.632860 -0.712047 0.304102
vn 0.601344 -0.761120 0.243066
vn 0.601344 -0.761120 0.243066
vn 0.565543 -0.804770 0.180298
vn 0.555799 -0.744601 0.369671
vn 0.572137 -0.623750 0.532537
vn 0.572137 -0.623750 0.532537
vn 0.564790 -0.477077 0.673357
vn 0.016060 0.013565 0.999779
vn 0.008030 0.006783 0.999945
vn 0.008030 0.006783 0.999945
vn 0.000000 0.000000 1.000000
vn 0.068451 0.092356 0.993370
vn 0.042674 -0.035460 0.998460
vn 0.042674 -0.035460 0.998460
vn 0.016172 -0.162673 0.986548
vn 0.031458 0.094209 0.995055
vn 0.015471 0.065714 0.997719
vn 0.015471 0.065714 0.997719
vn -0.000532 0.037149 0.999310
vn 0.012810 -0.902076 0.431387
vn 0.012810 -0.902076 0.431387
vn 0.012810 -0.902076 0.431387
vn 0.000680 0.999974 0.007175
vn 0.000576 0.999973 0.007285
vn 0.000576 0.999973 0.007285
vn 0.000471 0.999973 0.007394
vn -0.000016 1.000000 0.000142
vn -0.001908 0.999991 0.003768
vn -0.001908 0.999991 0.003768
vn -0.003800 0.999965 0.007393
vn 0.000144 0.999999 -0.001278
vn 0.000144 0.999999 -0.001278
vn 0.000144 0.999999 -0.001278
vn -0.999982 -0.006055 0.000006
vn -0.999990 -0.003799 0.002254
vn -0.999990 -0.003799 0.002254
vn -0.999989 -0.001544 0.004501
vn 0.474412 0.880262 -0.008533
vn 0.242768 0.970065 -0.006122
vn 0.242768 0.970065 -0.006122
vn -0.003862 0.999987 -0.003334
vn -0.859433 0.511245 -0.002033
vn -0.496033 0.868280 0.006411
vn -0.496033 0.868280 0.006411
vn -0.003861 0.999906 0.013190
vn -0.894474 -0.075867 0.440637
vn -0.833018 -0.040342 0.551773
vn -0.833018 -0.040342 0.551773
vn -0.757076 -0.004116 0.653313
vn 0.673002 -0.125492 0.728917
vn 0.569387 -0.062661 0.819678
vn 0.569387 -0.062661 0.819678
vn 0.452720 0.001607 0.891651
vn -0.000006 -0.000665 1.000000
vn -0.000005 -0.000651 1.000000
vn -0.000005 -0.000651 1.000000
vn -0.000004 -0.000636 1.000000
vn 0.584266 0.811203 -0.024145
vn 0.584266 0.811203 -0.024145
vn 0.584266 0.811203 -0.024145
vn 0.000000 1.000000 -0.000002
vn -0.000808 0.999999 0.001223
vn -0.000540 0.999998 0.001833
vn -0.000810 0.999996 0.002750
vn -0.000004 0.999995 0.003051
vn -0.389551 0.921005 -0.000423
vn -0.389064 0.921211 -0.000011
vn -0.389064 0.921211 -0.000011
vn -0.388576 0.921417 0.000401
vn -0.276981 0.277951 -0.919796
vn -0.253690 0.325821 -0.910759
vn -0.253690 0.325821 -0.910759
vn -0.229660 0.372741 -0.899067
vn -0.388577 0.921416 0.000211
vn -0.386533 0.922275 -0.000402
vn -0.386533 0.922275 -0.000402
vn -0.384487 0.923130 -0.001015
vn -0.405951 0.445763 -0.797809
vn -0.405951 0.445763 -0.797809
vn -0.405951 0.445763 -0.797809
vn -0.083958 0.925696 0.368834
vn -0.264120 0.932885 0.244881
vn -0.264120 0.932885 0.244881
vn -0.431638 0.895412 0.109205
vn -0.359979 0.477765 -0.801346
vn -0.339484 0.744847 -0.574416
vn -0.339484 0.744847 -0.574416
vn -0.277147 0.920127 -0.276689
vn -0.310122 0.916536 -0.252559
vn -0.310122 0.916536 -0.252559
vn -0.310122 0.916536 -0.252559
vn -0.024307 0.996667 0.077878
vn 0.017006 0.979816 0.199179
vn 0.017006 0.979816 0.199179
vn 0.058035 0.946597 0.317152
vn -0.334290 0.942470 0.000000
vn -0.334475 0.942405 -0.000214
vn -0.334475 0.942405 -0.000214
vn -0.334659 0.942339 -0.000428
vn -0.334735 0.942312 0.000003
vn -0.336099 0.941826 -0.000516
vn -0.336099 0.941826 -0.000516
vn -0.337463 0.941338 -0.001035
vn 0.044416 0.999012 0.001434
vn 0.044416 0.999012 0.001434
vn 0.044416 0.999012 0.001434
vn 0.000000 1.000000 0.000000
vn 0.000000 1.000000 0.000000
vn 0.000000 1.000000 0.000000
vn 0.000000 1.000000 0.000000
vn 0.044891 0.998992 0.000005
vn 0.046401 0.998915 0.004003
vn 0.045266 0.998957 0.006019
vn 0.047660 0.998856 0.004002
vn 0.048669 0.998815 -0.000014
vn 0.048668 0.998815 0.000000
vn 0.044323 0.999017 0.000002
vn 0.044323 0.999017 0.000002
vn 0.044323 0.999017 0.000002
vn -0.000086 1.000000 0.000227
vn -0.000067 1.000000 0.000112
vn -0.000067 1.000000 0.000112
vn -0.000047 1.000000 -0.000004
vn -0.003113 0.967806 -0.251678
vn 0.024923 0.990986 -0.131630
vn 0.024923 0.990986 -0.131630
vn 0.052567 0.998572 -0.009511
vn 0.000052 1.000000 -0.000002
vn 0.000046 1.000000 0.000004
vn 0.000046 1.000000 0.000004
vn 0.000040 1.000000 0.000010
vn 0.012248 0.999719 -0.020282
vn 0.020598 0.999769 -0.006208
vn 0.020598 0.999769 -0.006208
vn 0.028943 0.999550 0.007867
vn 0.015187 -0.999884 -0.000592
vn 0.015187 -0.999884 -0.000592
vn 0.015187 -0.999884 -0.000592
vn 0.672261 0.737249 0.067299
vn 0.672261 0.737249 0.067299
vn 0.672261 0.737249 0.067299
vn 0.015542 -0.999879 0.000103
vn 0.015479 -0.999880 0.000052
vn 0.015393 -0.999882 0.000036
vn 0.015319 -0.999883 0.000002
vn 0.015221 -0.999884 0.000005
vn 0.002406 -0.999991 0.003364
vn 0.001203 -0.999990 0.004249
vn 0.001203 -0.999990 0.004249
vn 0.000000 -0.999987 0.005134
vn -0.000598 -0.999993 0.003650
vn -0.000337 -0.999991 0.004123
vn -0.000337 -0.999991 0.004123
vn -0.000076 -0.999990 0.004596
vn 1.000000 0.000935 -0.000000
vn 1.000000 0.001025 -0.000181
vn 1.000000 0.001025 -0.000181
vn 0.999999 0.001114 -0.000361
vn 0.847094 0.368773 0.382673
vn 0.681755 0.450705 0.576260
vn 0.681755 0.450705 0.576260
vn 0.467653 0.500400 0.728629
vn 0.582275 0.005239 0.812975
vn 0.658737 -0.000071 0.752373
vn 0.658737 -0.000071 0.752373
vn 0.728910 -0.005381 0.684588
vn -0.000040 1.000000 0.000190
vn 0.003998 0.999944 0.009781
vn 0.003998 0.999944 0.009781
vn 0.008035 0.999780 0.019372
vn -0.034247 0.898822 0.436975
vn -0.017823 0.974326 0.224437
vn -0.017823 0.974326 0.224437
vn -0.000487 1.000000 0.000421
vn -0.000024 0.000049 1.000000
vn -0.000019 0.000052 1.000000
vn -0.000019 0.000052 1.000000
vn -0.000014 0.000055 1.000000
vn -0.153801 0.670840 0.725479
vn 0.165762 0.618658 0.767975
vn 0.165762 0.618658 0.767975
vn 0.467647 0.500496 0.728567
vn 0.998631 0.049768 -0.016137
vn 0.998631 0.049768 -0.016137
vn 0.998631 0.049768 -0.016137
vn 0.737147 -0.120022 0.664988
vn 0.718249 -0.120771 0.685225
vn 0.718249 -0.120771 0.685225
vn 0.698800 -0.121427 0.704936
vn -0.000039 0.000062 1.000000
vn -0.000039 0.000062 1.000000
vn -0.000039 0.000062 1.000000
vn -0.002430 -0.206491 0.978445
vn 0.040223 -0.115410 0.992503
vn 0.040223 -0.115410 0.992503
vn 0.082461 -0.023138 0.996326
vn 0.998759 -0.027341 -0.041635
vn 0.998759 -0.027341 -0.041635
vn 0.998759 -0.027341 -0.041635
vn 0.838691 0.059115 0.541390
vn 0.775501 0.060349 0.628455
vn 0.775501 0.060349 0.628455
vn 0.703335 0.060885 0.708246
vn -0.000009 0.000054 1.000000
vn 0.048272 0.059927 0.997035
vn 0.048272 0.059927 0.997035
vn 0.096266 0.119445 0.988163
vn -0.000039 0.000062 1.000000
vn -0.000039 0.000062 1.000000
vn -0.000039 0.000062 1.000000
vn -0.919585 -0.322223 0.224801
vn -0.958398 -0.254290 0.129656
vn -0.958398 -0.254290 0.129656
vn -0.982668 -0.182498 0.032544
vn -0.985323 -0.145172 0.089798
vn -0.985494 -0.143673 0.090328
vn -0.985494 -0.143673 0.090328
vn -0.985663 -0.142174 0.090858
vn -0.058449 0.150203 -0.986926
vn -0.106724 0.190003 -0.975966
vn -0.106724 0.190003 -0.975966
vn -0.154568 0.229036 -0.961068
vn 0.028633 0.998603 -0.044414
vn 0.009810 0.998119 -0.060508
vn 0.009810 0.998119 -0.060508
vn -0.009018 0.997024 -0.076566
vn 0.928562 0.237933 -0.284888
vn 0.928562 0.237933 -0.284888
vn 0.928562 0.237933 -0.284888
vn 0.534114 0.845275 0.015283
vn 0.497343 0.866478 -0.043194
vn 0.497343 0.866478 -0.043194
vn 0.457976 0.883158 -0.101445
vn -0.162439 0.971749 0.171223
vn -0.162439 0.971749 0.171223
vn -0.162439 0.971749 0.171223
vn 0.033834 0.994344 -0.100670
vn 0.033834 0.994344 -0.100670
vn 0.033834 0.994344 -0.100670
vn -0.993008 -0.118041 0.001484
vn -0.993008 -0.118041 0.001484
vn -0.993008 -0.118041 0.001484
vn -0.377384 0.792038 -0.479852
vn -0.377384 0.792038 -0.479852
vn -0.377384 0.792038 -0.479852
vn -0.994018 -0.065692 -0.087256
vn -0.999484 -0.013805 -0.028992
vn -0.999484 -0.013805 -0.028992
vn -0.998837 0.038166 0.029448
vn -0.501885 0.316456 -0.804964
vn -0.501885 0.316456 -0.804964
vn -0.501885 0.316456 -0.804964
vn 0.852278 -0.426730 -0.302530
vn 0.962677 -0.213435 -0.166427
vn 0.962677 -0.213435 -0.166427
vn 0.999714 0.016126 -0.017641
vn 0.967741 -0.152059 -0.200886
vn 0.960225 0.238106 -0.145854
vn 0.960225 0.238106 -0.145854
vn 0.803573 0.591289 -0.068170
vn -0.220815 -0.116532 -0.968329
vn -0.423488 0.121211 -0.897756
vn -0.423488 0.121211 -0.897756
vn -0.582720 0.346521 -0.735092
vn 0.989640 0.109466 0.092897
vn 0.972027 0.201346 0.120926
vn 0.972027 0.201346 0.120926
vn 0.945143 0.291306 0.147801
vn 0.562284 0.027568 -0.826484
vn 0.523295 0.085589 -0.847843
vn 0.523295 0.085589 -0.847843
vn 0.481509 0.143153 -0.864671
vn 0.600718 0.181478 -0.778591
vn 0.600718 0.181478 -0.778591
vn 0.600718 0.181478 -0.778591
vn -0.306539 0.941199 -0.142053
vn -0.353449 0.923181 -0.151031
vn -0.271252 0.936783 -0.221044
vn -0.377041 0.913056 -0.155462
vn -0.504673 0.863288 -0.006167
vn 0.381152 0.771750 -0.509043
vn 0.381152 0.771750 -0.509043
vn 0.381152 0.771750 -0.509043
vn 0.366884 0.924573 -0.102767
vn 0.366884 0.924573 -0.102767
vn 0.366884 0.924573 -0.102767
vn 0.365772 0.924458 -0.107651
vn 0.365772 0.924458 -0.107651
vn 0.365772 0.924458 -0.107651
vn -0.000713 -0.000008 1.000000
vn -0.000713 -0.000008 1.000000
vn -0.000713 -0.000008 1.000000
vn -0.047911 -0.060792 0.997000
vn -0.047911 -0.060792 0.997000
vn -0.047911 -0.060792 0.997000
vn -0.999394 0.034598 -0.003869
vn -0.998381 0.056850 -0.001932
vn -0.998381 0.056850 -0.001932
vn -0.996869 0.079074 0.000006
vn 0.589302 0.504950 0.630673
vn 0.589302 0.504950 0.630673
vn 0.589302 0.504950 0.630673
vn 0.520904 0.853608 -0.003536
vn 0.570195 0.821475 -0.007503
vn 0.570195 0.821475 -0.007503
vn 0.617503 0.786485 -0.011443
vn 0.606294 0.795217 0.006072
vn 0.609667 0.792648 0.003878
vn 0.609667 0.792648 0.003878
vn 0.613026 0.790061 0.001684
vn 0.616222 0.787571 0.001870
vn 0.619763 0.784780 0.003915
vn 0.619763 0.784780 0.003915
vn 0.623288 0.781969 0.005961
vn -0.005191 0.999971 -0.005528
vn -0.002594 0.999983 -0.005181
vn -0.002594 0.999983 -0.005181
vn 0.000002 0.999988 -0.004835
vn -0.003135 0.999990 -0.003334
vn -0.005609 0.999979 -0.003278
vn -0.005609 0.999979 -0.003278
vn -0.008084 0.999962 -0.003222
vn -0.002949 0.999995 -0.001325
vn -0.001477 0.999996 -0.002270
vn -0.001477 0.999996 -0.002270
vn -0.000005 0.999995 -0.003215
vn -0.008086 0.999880 0.013194
vn 0.303129 0.952935 0.005339
vn 0.303129 0.952935 0.005339
vn 0.584297 0.811535 -0.003045
vn -0.002949 0.999988 -0.004008
vn 0.011903 0.999843 -0.013090
vn 0.018319 0.999690 -0.016871
vn -0.000927 0.999984 -0.005528
vn 0.019330 0.999658 -0.017631
vn -0.000000 1.000000 -0.000000
vn -0.000087 1.000000 0.000035
vn -0.000087 1.000000 0.000035
vn -0.000175 1.000000 0.000071
vn -0.055655 -0.192677 0.979683
vn -0.003940 -0.109630 0.993965
vn -0.003940 -0.109630 0.993965
vn 0.047813 -0.025512 0.998530
vn 0.075049 0.048566 0.995996
vn -0.133271 0.089403 0.987039
vn -0.133271 0.089403 0.987039
vn -0.335574 0.126205 0.933522
vn -0.047215 -0.362099 0.930943
vn -0.002989 -0.331638 0.943402
vn -0.002989 -0.331638 0.943402
vn 0.041246 -0.300169 0.952994
vn 0.017238 0.768415 0.639719
vn 0.019914 0.765424 0.643219
vn 0.019914 0.765424 0.643219
vn 0.022588 0.762410 0.646700
vn -0.081294 0.531957 0.842860
vn -0.094800 0.518704 0.849682
vn -0.094800 0.518704 0.849682
vn -0.108268 0.505241 0.856160
vn -0.065334 0.735725 0.674122
vn -0.032757 0.645687 0.762899
vn -0.032757 0.645687 0.762899
vn 0.000379 0.544641 0.838669
vn -0.050924 0.860201 0.507406
vn -0.050924 0.860201 0.507406
vn -0.050924 0.860201 0.507406
vn -0.022181 0.901298 0.432631
vn -0.013240 0.876278 0.481624
vn -0.013240 0.876278 0.481624
vn -0.004259 0.848536 0.529121
vn 0.006320 0.776808 0.629705
vn -0.010794 0.825237 0.564683
vn -0.010794 0.825237 0.564683
vn -0.027835 0.868000 0.495783
vn 0.005134 0.999986 -0.001462
vn 0.002879 0.999988 -0.003922
vn 0.002879 0.999988 -0.003922
vn 0.000625 0.999979 -0.006382
vn 0.000001 1.000000 -0.000011
vn 0.000016 1.000000 -0.000003
vn 0.000013 1.000000 -0.000004
vn 0.000024 1.000000 0.000002
vn 0.000023 1.000000 0.000000
vn 0.000023 1.000000 -0.000000
vn 0.000024 1.000000 -0.000000
vn 0.000024 1.000000 -0.000000
vn 0.000024 1.000000 0.000000
vn -0.000001 1.000000 -0.000004
vn 0.000000 1.000000 -0.000002
vn 0.000000 1.000000 -0.000002
vn 0.000001 1.000000 0.000000
vn 0.000000 1.000000 -0.000001
vn 0.000000 1.000000 -0.000001
vn 0.000000 1.000000 -0.000001
vn 0.063617 0.795564 0.602521
vn -0.002980 0.870474 0.492205
vn -0.002980 0.870474 0.492205
vn -0.069510 0.926046 0.370955
vn 0.000004 1.000000 -0.000036
vn -0.000026 1.000000 -0.000058
vn -0.000026 1.000000 -0.000058
vn -0.000056 1.000000 -0.000080
vn -0.000140 0.999984 -0.005687
vn 0.000156 0.999982 -0.006054
vn 0.000156 0.999982 -0.006054
vn 0.000453 0.999979 -0.006420
vn -0.410062 -0.911885 -0.017752
vn -0.410062 -0.911885 -0.017752
vn -0.410062 -0.911885 -0.017752
vn -0.997208 -0.071382 0.021926
vn -0.996694 -0.079786 0.015323
vn -0.996694 -0.079786 0.015323
vn -0.996066 -0.088181 0.008717
vn -0.991138 -0.130931 0.022437
vn -0.991138 -0.130931 0.022437
vn -0.991138 -0.130931 0.022437
vn -0.996371 -0.082297 -0.021736
vn -0.996371 -0.082297 -0.021736
vn -0.996371 -0.082297 -0.021736
vn 0.449044 -0.787031 0.423015
vn 0.449044 -0.787031 0.423015
vn 0.449044 -0.787031 0.423015
vn 0.585741 -0.596868 0.548321
vn 0.418953 -0.665915 0.617281
vn 0.418953 -0.665915 0.617281
vn 0.236520 -0.710096 0.663190
vn -0.818012 0.573133 -0.048722
vn -0.992625 0.120589 -0.012397
vn -0.992625 0.120589 -0.012397
vn -0.932378 -0.360487 0.026862
vn -0.873996 0.482178 -0.060294
vn -0.873996 0.482178 -0.060294
vn -0.873996 0.482178 -0.060294
vn -0.925793 -0.377567 0.018725
vn -0.925793 -0.377567 0.018725
vn -0.925793 -0.377567 0.018725
vn 0.233696 0.200582 0.951395
vn 0.316796 0.275863 0.907491
vn 0.316796 0.275863 0.907491
vn 0.395303 0.347143 0.850428
vn -0.994251 0.099319 -0.040023
vn -0.994251 0.099319 -0.040023
vn -0.994251 0.099319 -0.040023
vn 0.647570 0.517008 0.559783
vn 0.736991 0.441069 0.512155
vn 0.736991 0.441069 0.512155
vn 0.814597 0.358060 0.456317
vn 0.448506 0.278070 0.849423
vn 0.448506 0.278070 0.849423
vn 0.448506 0.278070 0.849423
vn -0.995447 0.089839 -0.031840
vn -0.456892 0.887520 -0.059656
vn -0.456892 0.887520 -0.059656
vn 0.505253 0.862372 -0.032164
vn -0.982481 0.186358 0.001182
vn -0.982481 0.186358 0.001182
vn -0.982481 0.186358 0.001182
vn -0.408466 -0.912712 0.010566
vn -0.408466 -0.912712 0.010566
vn -0.408466 -0.912712 0.010566
vn -0.994581 0.007992 -0.103660
vn -0.994581 0.007992 -0.103660
vn -0.994581 0.007992 -0.103660
vn -0.146239 -0.122691 0.981611
vn -0.146239 -0.122691 0.981611
vn -0.146239 -0.122691 0.981611
vn -0.618343 -0.785180 -0.033826
vn -0.636008 -0.756674 0.151452
vn -0.636008 -0.756674 0.151452
vn -0.631125 -0.701343 0.331360
vn -0.800548 -0.216232 0.558897
vn -0.800548 -0.216232 0.558897
vn -0.800548 -0.216232 0.558897
vn -0.769031 0.461816 0.441947
vn -0.769031 0.461816 0.441947
vn -0.769031 0.461816 0.441947
vn -0.024906 -0.065788 0.997523
vn -0.024906 -0.065788 0.997523
vn -0.024906 -0.065788 0.997523
vn -0.006270 0.122289 0.992475
vn -0.000316 0.137826 0.990456
vn -0.000316 0.137826 0.990456
vn 0.005639 0.153324 0.988160
vn -0.872312 -0.040802 0.487244
vn -0.816239 0.175599 0.550380
vn -0.816239 0.175599 0.550380
vn -0.716122 0.382525 0.583818
vn -0.028442 -0.427428 0.903602
vn -0.028442 -0.427428 0.903602
vn -0.028442 -0.427428 0.903602
vn -0.077664 -0.129339 0.988554
vn -0.193352 -0.207081 0.959027
vn -0.193352 -0.207081 0.959027
vn -0.305115 -0.280619 0.910032
vn -0.041490 -0.059181 0.997385
vn -0.041521 -0.059037 0.997392
vn -0.041521 -0.059037 0.997392
vn -0.041552 -0.058892 0.997399
vn -0.351552 0.909441 0.222098
vn -0.351552 0.909441 0.222098
vn -0.351552 0.909441 0.222098
vn 0.006107 0.179266 0.983782
vn 0.006107 0.179266 0.983782
vn 0.006107 0.179266 0.983782
vn -0.768457 -0.135436 0.625404
vn -0.712904 0.082543 0.696387
vn -0.712904 0.082543 0.696387
vn -0.617685 0.295930 0.728622
vn -0.620270 0.372838 0.690114
vn -0.620270 0.372838 0.690114
vn -0.620270 0.372838 0.690114
vn -0.044059 0.163881 0.985496
vn -0.044059 0.163881 0.985496
vn -0.044059 0.163881 0.985496
vn -0.293564 0.150340 0.944043
vn -0.293564 0.150340 0.944043
vn -0.293564 0.150340 0.944043
vn -0.041504 -0.072978 0.996470
vn -0.034885 -0.057656 0.997727
vn -0.034885 -0.057656 0.997727
vn -0.028256 -0.042318 0.998705
vn -0.642283 -0.373838 0.669117
vn -0.718678 -0.269486 0.640999
vn -0.718678 -0.269486 0.640999
vn -0.782484 -0.160414 0.601653
vn -0.756961 -0.370492 0.538281
vn -0.756961 -0.370492 0.538281
vn -0.756961 -0.370492 0.538281
vn -0.923343 -0.345483 0.167569
vn -0.897619 -0.269339 0.348907
vn -0.897619 -0.269339 0.348907
vn -0.836581 -0.182598 0.516518
vn -0.749089 0.194337 0.633323
vn -0.780461 0.263138 0.567132
vn -0.780461 0.263138 0.567132
vn -0.803951 0.329280 0.495214
vn -0.748716 -0.063319 0.659860
vn -0.748716 -0.063319 0.659860
vn -0.748716 -0.063319 0.659860
vn -0.486003 0.797162 0.358237
vn -0.759850 0.518906 0.391617
vn -0.759850 0.518906 0.391617
vn -0.917036 0.160981 0.364871
vn -0.000493 -0.036270 0.999342
vn -0.011766 -0.065177 0.997804
vn -0.011766 -0.065177 0.997804
vn -0.023027 -0.094021 0.995304
vn -0.695815 -0.386188 0.605557
vn -0.695815 -0.386188 0.605557
vn -0.695815 -0.386188 0.605557
vn -0.527099 0.414975 0.741595
vn -0.527099 0.414975 0.741595
vn -0.527099 0.414975 0.741595
vn -0.769227 0.182997 0.612210
vn -0.769227 0.182997 0.612210
vn -0.769227 0.182997 0.612210
vn -0.694880 0.092743 0.713120
vn -0.694880 0.092743 0.713120
vn -0.694880 0.092743 0.713120
vn 0.002139 0.999997 0.000773
vn -0.011917 0.999928 0.001610
vn -0.011917 0.999928 0.001610
vn -0.025970 0.999660 0.002446
vn 0.002139 0.999998 0.000229
vn -0.150196 0.988652 0.002904
vn -0.150196 0.988652 0.002904
vn -0.299025 0.954229 0.005511
vn 0.000870 0.998388 0.056760
vn 0.000870 0.998388 0.056760
vn 0.000870 0.998388 0.056760
vn 0.000379 -0.315641 0.948879
vn 0.000379 -0.315641 0.948879
vn 0.000379 -0.315641 0.948879
vn -0.791598 -0.014367 0.610873
vn -0.852115 -0.272736 0.446672
vn -0.852115 -0.272736 0.446672
vn -0.829654 -0.504545 0.238975
vn -0.911296 0.080734 0.403760
vn -0.911296 0.080734 0.403760
vn -0.911296 0.080734 0.403760
vn -0.059046 -0.070093 0.995791
vn -0.047646 -0.028965 0.998444
vn -0.047646 -0.028965 0.998444
vn -0.036159 0.012216 0.999271
vn -0.411936 -0.906616 0.091409
vn -0.599893 -0.744496 0.293010
vn -0.599893 -0.744496 0.293010
vn -0.726508 -0.506248 0.464649
vn -0.502337 0.864372 0.022783
vn -0.364091 0.931252 0.014380
vn -0.364091 0.931252 0.014380
vn -0.217233 0.976104 0.005637
vn -0.895286 0.207028 0.394465
vn -0.895286 0.207028 0.394465
vn -0.895286 0.207028 0.394465
vn -0.501581 -0.637335 0.584996
vn -0.501581 -0.637335 0.584996
vn -0.501581 -0.637335 0.584996
vn -0.013310 0.998630 0.050615
vn -0.013310 0.998630 0.050615
vn -0.013310 0.998630 0.050615
vn -0.027621 0.997048 0.071636
vn -0.020384 0.997917 0.061201
vn -0.020384 0.997917 0.061201
vn -0.013143 0.998625 0.050756
vn -0.215537 -0.414439 0.884186
vn -0.293632 -0.226346 0.928735
vn -0.293632 -0.226346 0.928735
vn -0.358965 -0.028415 0.932918
vn -0.250083 -0.293076 0.922803
vn -0.249532 -0.272437 0.929253
vn -0.249532 -0.272437 0.929253
vn -0.248863 -0.251671 0.935269
vn -0.291882 0.005277 0.956440
vn -0.277006 0.053574 0.959373
vn -0.277006 0.053574 0.959373
vn -0.261421 0.101733 0.959849
vn -0.295837 -0.028392 0.954817
vn -0.293439 -0.018505 0.955799
vn -0.293439 -0.018505 0.955799
vn -0.291011 -0.008617 0.956681
vn -0.275572 0.168042 0.946479
vn -0.273256 0.175071 0.945876
vn -0.273256 0.175071 0.945876
vn -0.270926 0.182091 0.945221
vn -0.277024 0.226182 0.933863
vn -0.273448 0.234143 0.932954
vn -0.273448 0.234143 0.932954
vn -0.269851 0.242086 0.931973
vn -0.331465 -0.016327 0.943326
vn -0.331465 -0.016327 0.943326
vn -0.331465 -0.016327 0.943326
vn -0.299992 -0.038046 0.953183
vn -0.314294 -0.096517 0.944407
vn -0.314294 -0.096517 0.944407
vn -0.327433 -0.154631 0.932136
vn -0.312146 0.207900 0.927007
vn -0.312146 0.207900 0.927007
vn -0.312146 0.207900 0.927007
vn -0.186077 0.592448 0.783824
vn -0.186077 0.592448 0.783824
vn -0.186077 0.592448 0.783824
vn -0.389527 0.517314 0.762007
vn -0.487099 0.535459 0.689941
vn -0.487099 0.535459 0.689941
vn -0.577343 0.545549 0.607495
vn -0.999472 0.031908 0.006067
vn -0.996401 0.083762 0.013005
vn -0.996401 0.083762 0.013005
vn -0.990593 0.135386 0.019908
vn -0.631344 0.007450 0.775467
vn -0.533406 0.126568 0.836337
vn -0.533406 0.126568 0.836337
vn -0.420806 0.242206 0.874219
vn -0.943989 0.329906 -0.006858
vn -0.971320 0.235897 -0.029840
vn -0.971320 0.235897 -0.029840
vn -0.988828 0.139503 -0.052520
vn 0.510122 0.749360 0.422179
vn 0.592546 0.636170 0.494143
vn 0.592546 0.636170 0.494143
vn 0.660284 0.507213 0.553859
vn 0.000000 1.000000 -0.000001
vn 0.000000 1.000000 -0.000001
vn 0.000000 1.000000 -0.000001
vn 0.000000 1.000000 0.000000
vn 0.000000 1.000000 -0.000001
vn 0.000000 1.000000 -0.000000
vn 0.000000 1.000000 -0.000000
vn 0.000000 1.000000 0.000000
vn -0.000913 0.241146 0.970488
vn -0.000913 0.241146 0.970488
vn -0.000913 0.241146 0.970488
vn -0.925613 0.361837 0.110971
vn -0.741602 0.571543 0.351233
vn -0.741602 0.571543 0.351233
vn -0.457058 0.703769 0.543881
vn -0.000948 0.241226 0.970468
vn -0.000948 0.241226 0.970468
vn -0.000948 0.241226 0.970468
vn 0.467743 0.720316 0.512213
vn 0.467743 0.720316 0.512213
vn 0.467743 0.720316 0.512213
vn 0.697388 -0.410805 0.587273
vn 0.697388 -0.410805 0.587273
vn 0.697388 -0.410805 0.587273
vn -0.380199 0.118706 0.917256
vn -0.380199 0.118706 0.917256
vn -0.380199 0.118706 0.917256
vn -0.030145 0.327427 0.944396
vn -0.030145 0.327427 0.944396
vn -0.030145 0.327427 0.944396
vn 0.724347 -0.173823 0.667163
vn 0.724347 -0.173823 0.667163
vn 0.724347 -0.173823 0.667163
vn -0.709278 0.172969 0.683379
vn -0.706367 0.171387 0.686784
vn -0.706367 0.171387 0.686784
vn -0.703440 0.169801 0.690173
vn -0.000099 0.617048 -0.786925
vn 0.088107 0.468445 -0.879089
vn 0.088107 0.468445 -0.879089
vn 0.172932 0.301874 -0.937532
vn 0.000000 1.000000 0.000000
vn 0.000000 1.000000 0.000001
vn 0.000000 1.000000 0.000001
vn 0.000000 1.000000 0.000002
vn -0.180251 0.513084 -0.839199
vn -0.185615 0.517484 -0.835319
vn -0.185615 0.517484 -0.835319
vn -0.190967 0.521852 -0.831386
vn 0.000000 1.000000 -0.000000
vn 0.000000 1.000000 -0.000000
vn 0.000000 1.000000 -0.000000
vn 0.000000 1.000000 0.000000
vn 0.000000 1.000000 0.000002
vn 0.000000 1.000000 0.000001
vn 0.000000 1.000000 0.000001
vn 0.000000 1.000000 -0.000001
vn -0.181474 0.583789 -0.791365
vn -0.132164 0.381184 -0.915003
vn -0.132164 0.381184 -0.915003
vn -0.075087 0.156179 -0.984871
vn -0.122274 0.650145 -0.749907
vn -0.102706 0.611749 -0.784356
vn -0.102706 0.611749 -0.784356
vn -0.082826 0.571491 -0.816418
vn -0.077337 0.481469 -0.873045
vn -0.123775 0.445111 -0.886880
vn -0.123775 0.445111 -0.886880
vn -0.169758 0.407121 -0.897460
vn -0.060085 0.997635 0.033380
vn -0.060085 0.997635 0.033380
vn -0.060085 0.997635 0.033380
vn 0.822790 0.405263 0.398470
vn 0.822790 0.405263 0.398470
vn 0.822790 0.405263 0.398470
vn 0.303521 0.893093 0.332055
vn 0.232849 0.936716 0.261427
vn 0.232849 0.936716 0.261427
vn 0.159411 0.969206 0.187693
vn 0.267283 0.961260 -0.067379
vn 0.329635 0.924882 -0.189565
vn 0.329635 0.924882 -0.189565
vn 0.385348 0.869876 -0.307934
vn 0.190977 0.065644 -0.979397
vn 0.085845 0.334272 -0.938559
vn 0.085845 0.334272 -0.938559
vn -0.026574 0.574527 -0.818054
vn 0.086508 0.093210 -0.991881
vn 0.060888 0.062010 -0.996217
vn 0.060888 0.062010 -0.996217
vn 0.035168 0.030709 -0.998910
vn 0.026546 0.382653 0.923511
vn -0.188058 0.008709 0.982119
vn -0.188058 0.008709 0.982119
vn -0.367059 -0.366883 0.854789
vn 0.000000 1.000000 0.000000
vn 0.000000 1.000000 0.000000
vn 0.000000 1.000000 0.000000
vn 0.000000 1.000000 0.000000
vn 0.000000 1.000000 -0.000000
vn 0.000000 1.000000 -0.000000
vn 0.000000 1.000000 -0.000001
vn -0.051201 -0.299035 0.952868
vn -0.026867 -0.320860 0.946745
vn -0.026867 -0.320860 0.946745
vn -0.002503 -0.342330 0.939576
vn 0.000000 1.000000 0.000002
vn 0.000000 1.000000 0.000001
vn 0.000000 1.000000 0.000001
vn 0.000000 1.000000 0.000000
vn 0.000000 1.000000 0.000000
vn 0.000000 1.000000 0.000000
vn 0.000000 1.000000 0.000000
vn 0.000000 1.000000 0.000001
vn 0.000000 1.000000 0.000000
vn 0.000000 1.000000 0.000000
vn 0.000000 1.000000 0.000000
vn 0.000000 1.000000 0.000001
vn -0.003393 0.562746 0.826623
vn -0.003393 0.562746 0.826623
vn -0.003393 0.562746 0.826623
vn 0.000000 1.000000 0.000003
vn 0.000000 1.000000 0.000001
vn 0.000000 1.000000 0.000001
vn 0.000000 1.000000 0.000000
vn 0.097391 0.577428 0.810612
vn 0.097391 0.577428 0.810612
vn 0.097391 0.577428 0.810612
vn 0.123888 0.511689 0.850192
vn 0.123888 0.511689 0.850192
vn 0.123888 0.511689 0.850192
vn 0.011741 0.570224 0.821405
vn 0.011741 0.570224 0.821405
vn 0.011741 0.570224 0.821405
vn 0.020163 0.568119 0.822699
vn 0.020163 0.568119 0.822699
vn 0.020163 0.568119 0.822699
vn -0.305510 0.362310 0.880565
vn -0.173689 0.442720 0.879677
vn -0.173689 0.442720 0.879677
vn -0.037727 0.512574 0.857814
vn -0.108457 -0.131079 0.985422
vn -0.275265 -0.250313 0.928209
vn -0.275265 -0.250313 0.928209
vn -0.429599 -0.358205 0.828935
vn -0.077981 0.607107 0.790784
vn -0.077981 0.607107 0.790784
vn -0.077981 0.607107 0.790784
vn -0.060104 0.421720 0.904732
vn -0.060104 0.421720 0.904732
vn -0.060104 0.421720 0.904732
vn 0.279245 -0.191444 0.940942
vn 0.103824 0.105320 0.989004
vn 0.103824 0.105320 0.989004
vn -0.084176 0.389325 0.917246
vn -0.190687 0.591915 0.783119
vn -0.116967 0.565928 0.816115
vn -0.116967 0.565928 0.816115
vn -0.042404 0.535867 0.843237
vn 0.122450 -0.347439 0.929673
vn 0.220264 -0.259371 0.940325
vn 0.220264 -0.259371 0.940325
vn 0.314237 -0.166780 0.934580
vn 0.007144 -0.252865 0.967475
vn 0.007144 -0.252865 0.967475
vn 0.007144 -0.252865 0.967475
vn -0.001583 -0.256983 0.966415
vn -0.001583 -0.256983 0.966415
vn -0.001583 -0.256983 0.966415
vn 0.000000 1.000000 0.000000
vn 0.000000 1.000000 0.000000
vn 0.000000 1.000000 0.000000
vn 0.000000 1.000000 0.000000
vn 0.000000 1.000000 0.000000
vn 0.000000 1.000000 -0.000001
vn 0.000000 1.000000 -0.000001
vn 0.000000 1.000000 -0.000001
vn -0.001548 -0.256913 0.966433
vn -0.001548 -0.256913 0.966433
vn -0.001548 -0.256913 0.966433
vn 0.269839 -0.216937 0.938150
vn 0.089531 -0.360621 0.928406
vn 0.089531 -0.360621 0.928406
vn -0.095544 -0.485101 0.869223
vn -0.062258 0.082384 -0.994654
vn 0.353326 0.640277 -0.682060
vn 0.353326 0.640277 -0.682060
vn 0.563391 0.825740 0.027267
vn -0.341928 0.939582 -0.016449
vn -0.341928 0.939582 -0.016449
vn -0.341928 0.939582 -0.016449
vn 0.000000 1.000000 0.000000
vn 0.000000 1.000000 0.000000
vn 0.000000 1.000000 0.000000
vn 0.000000 1.000000 0.000000
vn 0.000000 1.000000 0.000001
vn 0.000000 1.000000 0.000001
vn 0.000000 1.000000 0.000001
vn 0.000000 1.000000 0.000000
vn 0.000000 1.000000 0.000001
vn 0.000000 1.000000 0.000001
vn 0.000000 1.000000 0.000001
vn 0.000000 1.000000 -0.000001
vn 0.000000 1.000000 -0.000000
vn 0.000000 1.000000 -0.000000
vn 0.000000 1.000000 0.000000
vn -0.238300 0.097305 -0.966305
vn -0.238300 0.097305 -0.966305
vn -0.238300 0.097305 -0.966305
vn 0.000000 1.000000 0.000000
vn 0.000000 1.000000 -0.000000
vn 0.000000 1.000000 -0.000000
vn 0.000000 1.000000 -0.000000
vn 0.005052 0.799854 0.600173
vn 0.073005 0.918161 -0.389423
vn 0.073005 0.918161 -0.389423
vn 0.068105 0.120223 -0.990408
vn 0.078839 0.105994 -0.991237
vn 0.078839 0.105994 -0.991237
vn 0.078839 0.105994 -0.991237
vn 0.000000 1.000000 0.000000
vn 0.000000 1.000000 -0.000000
vn 0.000000 1.000000 -0.000000
vn 0.000000 1.000000 -0.000001
vn 0.000000 1.000000 -0.000001
vn 0.000000 1.000000 -0.000001
vn 0.000000 1.000000 -0.000001
vn 0.000000 1.000000 0.000000
vn -0.026924 0.546996 0.836702
vn -0.006459 0.577197 0.816580
vn -0.006459 0.577197 0.816580
vn 0.014016 0.606395 0.795040
vn -0.040945 0.639679 0.767551
vn -0.040945 0.639679 0.767551
vn -0.040945 0.639679 0.767551
vn 0.044188 0.668867 0.742067
vn -0.014387 0.717494 0.696416
vn -0.014387 0.717494 0.696416
vn -0.072849 0.760466 0.645278
vn 0.047021 -0.045203 0.997871
vn -0.012129 0.077322 0.996932
vn -0.012129 0.077322 0.996932
vn -0.071054 0.198416 0.977539
vn -0.029519 0.768048 0.639712
vn 0.018631 0.681234 0.731829
vn 0.018631 0.681234 0.731829
vn 0.066438 0.581926 0.810523
vn 0.152325 -0.386405 0.909664
vn 0.152325 -0.386405 0.909664
vn 0.152325 -0.386405 0.909664
vn -0.080976 0.108893 0.990750
vn -0.080976 0.108893 0.990750
vn -0.080976 0.108893 0.990750
vn 0.001608 -0.208283 0.978067
vn 0.001608 -0.208283 0.978067
vn 0.001608 -0.208283 0.978067
vn -0.000542 0.102021 0.994782
vn -0.053058 -0.174326 0.983258
vn -0.053058 -0.174326 0.983258
vn -0.101368 -0.436856 0.893802
vn -0.000017 0.999994 0.003360
vn 0.000796 0.999995 0.002904
vn 0.000796 0.999995 0.002904
vn 0.001609 0.999996 0.002447
vn 0.000048 0.999995 0.003071
vn -0.001098 0.999994 0.003228
vn -0.001098 0.999994 0.003228
vn -0.002245 0.999992 0.003384
vn -0.000822 1.000000 0.000032
vn -0.000387 1.000000 0.000014
vn -0.000387 1.000000 0.000014
vn 0.000048 1.000000 -0.000003
vn 0.000000 1.000000 -0.000069
vn -0.000002 1.000000 -0.000069
vn -0.000002 1.000000 -0.000069
vn -0.000003 1.000000 -0.000069
vn -0.000229 1.000000 -0.000013
vn -0.000122 1.000000 -0.000041
vn -0.000122 1.000000 -0.000041
vn -0.000016 1.000000 -0.000069
vn 0.093058 -0.058316 0.993951
vn 0.093058 -0.058316 0.993951
vn 0.093058 -0.058316 0.993951
vn -0.999629 0.026707 0.005270
vn -0.999639 0.026388 0.005085
vn -0.999639 0.026388 0.005085
vn -0.999648 0.026070 0.004900
vn -0.004040 -0.035933 0.999346
vn 0.056637 0.024714 0.998089
vn 0.056637 0.024714 0.998089
vn 0.116897 0.085179 0.989485
vn 0.040551 0.078820 0.996064
vn 0.040551 0.078820 0.996064
vn 0.040551 0.078820 0.996064
vn 0.183229 -0.045759 0.982005
vn 0.161520 -0.054379 0.985370
vn 0.161520 -0.054379 0.985370
vn 0.139721 -0.062969 0.988187
vn 0.204233 -0.202270 0.957797
vn 0.204233 -0.202270 0.957797
vn 0.204233 -0.202270 0.957797
vn 0.000001 1.000000 -0.000012
vn 0.000012 1.000000 -0.000002
vn 0.000012 1.000000 -0.000002
vn 0.000024 1.000000 0.000007
vn 0.000000 1.000000 0.000005
vn 0.000000 1.000000 0.000005
vn 0.000000 1.000000 0.000005
vn 0.000000 1.000000 0.000000
vn 0.000000 1.000000 0.000000
vn 0.000000 1.000000 0.000000
vn 0.766474 0.273366 -0.581196
vn 0.766474 0.273366 -0.581196
vn 0.766474 0.273366 -0.581196
vn 0.830438 0.241264 -0.502161
vn 0.830438 0.241264 -0.502161
vn 0.830438 0.241264 -0.502161
vn 0.628624 0.777622 0.011625
vn 0.638609 0.769490 0.007933
vn 0.638609 0.769490 0.007933
vn 0.648480 0.761220 0.004239
vn 0.557358 0.533273 -0.636374
vn 0.557358 0.533273 -0.636374
vn 0.557358 0.533273 -0.636374
vn 0.614791 0.786500 -0.058737
vn 0.614791 0.786500 -0.058737
vn 0.614791 0.786500 -0.058737
vn 0.617246 0.784929 -0.053794
vn 0.617246 0.784929 -0.053794
vn 0.617246 0.784929 -0.053794
vn -0.401525 0.912475 0.078526
vn -0.440179 0.891508 0.107038
vn -0.440179 0.891508 0.107038
vn -0.477623 0.868091 0.135256
vn -0.742876 0.652073 0.151451
vn -0.745191 0.649098 0.152849
vn -0.745191 0.649098 0.152849
vn -0.747494 0.646112 0.154244
vn -0.111535 0.007181 -0.993735
vn 0.080788 -0.030308 -0.996270
vn 0.080788 -0.030308 -0.996270
vn 0.270009 -0.066633 -0.960549
vn -0.997869 0.065234 -0.001684
vn -0.997889 0.064934 -0.001499
vn -0.997889 0.064934 -0.001499
vn -0.997908 0.064634 -0.001314
vn -0.997908 0.064632 -0.001312
vn -0.997908 0.064632 -0.001312
vn -0.997908 0.064632 -0.001312
vn -0.983554 -0.177742 -0.032101
vn -0.983705 -0.176918 -0.032001
vn -0.983705 -0.176918 -0.032001
vn -0.983856 -0.176095 -0.031900
vn -0.997909 0.064628 -0.001212
vn -0.998930 0.045180 -0.009853
vn -0.998930 0.045180 -0.009853
vn -0.999498 0.025713 -0.018489
vn -0.998169 -0.059378 -0.011559
vn -0.998169 -0.059378 -0.011559
vn -0.998169 -0.059378 -0.011559
vn -0.170523 0.268890 -0.947956
vn -0.270204 0.122410 -0.954990
vn -0.270204 0.122410 -0.954990
vn -0.361389 -0.027918 -0.931997
vn -0.169287 0.152552 -0.973689
vn -0.127856 0.119732 -0.984539
vn -0.127856 0.119732 -0.984539
vn -0.086053 0.086564 -0.992523
vn -0.916287 0.313252 -0.249582
vn -0.923681 0.279582 -0.262007
vn -0.923681 0.279582 -0.262007
vn -0.929834 0.245537 -0.274081
vn -0.943858 -0.149283 -0.294698
vn -0.943858 -0.149283 -0.294698
vn -0.943858 -0.149283 -0.294698
vn -0.937011 -0.223442 -0.268485
vn -0.936902 -0.071486 -0.342205
vn -0.936902 -0.071486 -0.342205
vn -0.910068 0.082509 -0.406163
vn -0.838010 0.242480 -0.488818
vn -0.838010 0.242480 -0.488818
vn -0.838010 0.242480 -0.488818
vn -0.710401 0.396487 -0.581488
vn -0.398547 0.594508 -0.698370
vn -0.398547 0.594508 -0.698370
vn -0.026861 0.703276 -0.710409
vn -0.067681 0.148592 -0.986580
vn -0.119547 0.281018 -0.952228
vn -0.119547 0.281018 -0.952228
vn -0.168854 0.407428 -0.897491
vn -0.004114 0.693888 -0.720071
vn 0.038940 0.648213 -0.760463
vn 0.038940 0.648213 -0.760463
vn 0.081776 0.598925 -0.796619
vn 0.472512 0.571885 -0.670582
vn 0.472512 0.571885 -0.670582
vn 0.472512 0.571885 -0.670582
vn -0.252678 0.706415 -0.661159
vn -0.081462 0.678890 -0.729707
vn -0.081462 0.678890 -0.729707
vn 0.092585 0.627760 -0.772881
vn -0.231278 0.450386 -0.862359
vn -0.231278 0.450386 -0.862359
vn -0.231278 0.450386 -0.862359
vn 0.103971 0.567074 -0.817079
vn 0.103971 0.567074 -0.817079
vn 0.103971 0.567074 -0.817079
vn 0.430592 0.552601 -0.713598
vn 0.430592 0.552601 -0.713598
vn 0.430592 0.552601 -0.713598
vn -0.176874 0.349339 -0.920151
vn -0.176874 0.349339 -0.920151
vn -0.176874 0.349339 -0.920151
vn -0.072039 0.450649 -0.889790
vn -0.072039 0.450649 -0.889790
vn -0.072039 0.450649 -0.889790
vn 0.361310 0.525586 -0.770204
vn 0.361310 0.525586 -0.770204
vn 0.361310 0.525586 -0.770204
vn -0.334042 0.480948 -0.810620
vn -0.334042 0.480948 -0.810620
vn -0.334042 0.480948 -0.810620
vn -0.041562 0.461317 -0.886261
vn -0.036891 0.459045 -0.887647
vn -0.036891 0.459045 -0.887647
vn -0.032219 0.456760 -0.889006
vn 0.327829 0.243366 -0.912853
vn 0.172945 0.368571 -0.913370
vn 0.172945 0.368571 -0.913370
vn 0.011200 0.479157 -0.877658
vn -0.152525 0.172056 -0.973207
vn -0.152599 0.172001 -0.973206
vn -0.152599 0.172001 -0.973206
vn -0.152673 0.171945 -0.973204
vn -0.077827 0.499417 -0.862859
vn -0.057023 0.488633 -0.870624
vn -0.057023 0.488633 -0.870624
vn -0.036184 0.477552 -0.877858
vn -0.207274 0.243986 -0.947369
vn -0.180289 0.278606 -0.943332
vn -0.180289 0.278606 -0.943332
vn -0.152953 0.312685 -0.937461
vn 0.018754 0.429488 -0.902878
vn 0.018754 0.429488 -0.902878
vn 0.018754 0.429488 -0.902878
vn 0.213272 0.443422 -0.870570
vn 0.213272 0.443422 -0.870570
vn 0.213272 0.443422 -0.870570
vn 0.740583 0.295344 -0.603579
vn 0.740583 0.295344 -0.603579
vn 0.740583 0.295344 -0.603579
vn -0.755141 0.624628 -0.199002
vn -0.434032 0.657297 -0.616098
vn -0.434032 0.657297 -0.616098
vn 0.007804 0.507141 -0.861828
vn 0.107925 0.572718 -0.812617
vn 0.107925 0.572718 -0.812617
vn 0.107925 0.572718 -0.812617
vn 0.355748 0.600560 -0.716080
vn 0.355748 0.600560 -0.716080
vn 0.355748 0.600560 -0.716080
vn 0.751607 0.478985 -0.453498
vn 0.751607 0.478985 -0.453498
vn 0.751607 0.478985 -0.453498
vn -0.332001 0.850233 -0.408509
vn -0.332001 0.850233 -0.408509
vn -0.332001 0.850233 -0.408509
vn -0.162626 0.796050 -0.582973
vn -0.162626 0.796050 -0.582973
vn -0.162626 0.796050 -0.582973
vn -0.369640 0.592130 -0.716064
vn -0.369640 0.592130 -0.716064
vn -0.369640 0.592130 -0.716064
vn 0.602073 0.522513 0.603728
vn 0.602073 0.522513 0.603728
vn 0.602073 0.522513 0.603728
vn -0.016434 0.331434 0.943336
vn -0.039565 0.342395 0.938723
vn -0.039565 0.342395 0.938723
vn -0.062670 0.353125 0.933475
vn -0.381300 0.574575 0.724205
vn -0.381300 0.574575 0.724205
vn -0.381300 0.574575 0.724205
vn -0.071147 0.414679 0.907182
vn -0.071147 0.414679 0.907182
vn -0.071147 0.414679 0.907182
vn -0.167142 -0.338239 0.926098
vn -0.033153 -0.093708 0.995048
vn -0.033153 -0.093708 0.995048
vn 0.103572 0.158554 0.981903
vn -0.505674 0.426062 0.750177
vn -0.505674 0.426062 0.750177
vn -0.505674 0.426062 0.750177
vn 0.810218 0.159116 0.564118
vn 0.810218 0.159116 0.564118
vn 0.810218 0.159116 0.564118
vn -0.136923 -0.001057 0.990581
vn -0.136923 -0.001057 0.990581
vn -0.136923 -0.001057 0.990581
vn -0.004488 -0.332106 0.943231
vn -0.004488 -0.332106 0.943231
vn -0.004488 -0.332106 0.943231
vn -0.034759 0.149033 0.988221
vn 0.018408 0.103172 0.994493
vn 0.018408 0.103172 0.994493
vn 0.071483 0.056798 0.995823
vn -0.028100 -0.019437 0.999416
vn -0.106188 -0.134268 0.985239
vn -0.106188 -0.134268 0.985239
vn -0.182207 -0.246482 0.951865
vn -0.023155 -0.161492 0.986602
vn -0.025765 -0.159480 0.986865
vn -0.025765 -0.159480 0.986865
vn -0.028375 -0.157466 0.987117
vn -0.010070 0.273975 0.961684
vn -0.010070 0.273975 0.961684
vn -0.010070 0.273975 0.961684
vn -0.166435 0.333620 0.927899
vn -0.166435 0.333620 0.927899
vn -0.166435 0.333620 0.927899
vn -0.194854 -0.269783 0.943000
vn -0.194854 -0.269783 0.943000
vn -0.194854 -0.269783 0.943000
vn -0.045171 0.001479 0.998978
vn -0.045171 0.001479 0.998978
vn -0.045171 0.001479 0.998978
vn 0.076378 -0.280156 0.956911
vn 0.022918 -0.307803 0.951174
vn 0.022918 -0.307803 0.951174
vn -0.030626 -0.334326 0.941960
vn -0.978812 -0.204702 -0.004940
vn -0.980669 -0.195627 -0.004359
vn -0.980669 -0.195627 -0.004359
vn -0.982441 -0.186536 -0.003778
vn -0.732451 -0.429730 0.528060
vn -0.724547 -0.531195 0.439163
vn -0.724547 -0.531195 0.439163
vn -0.703412 -0.622960 0.342246
vn -0.778680 -0.615983 -0.119258
vn -0.919467 -0.392538 -0.022239
vn -0.919467 -0.392538 -0.022239
vn -0.987468 -0.138020 0.076540
vn -0.988350 0.150347 0.023680
vn -0.988350 0.150347 0.023680
vn -0.988350 0.150347 0.023680
vn -0.920961 -0.389621 -0.005075
vn -0.954127 -0.280853 0.103751
vn -0.954127 -0.280853 0.103751
vn -0.963655 -0.165127 0.210006
vn -0.993997 0.109411 -0.000458
vn -0.993997 0.109411 -0.000458
vn -0.993997 0.109411 -0.000458
vn -0.993965 0.109697 -0.000000
vn -0.995349 0.096241 -0.004252
vn -0.995349 0.096241 -0.004252
vn -0.996533 0.082765 -0.008502
vn -0.949523 -0.261217 -0.173698
vn -0.888445 -0.432178 -0.154560
vn -0.888445 -0.432178 -0.154560
vn -0.797759 -0.588736 -0.130270
vn -0.956772 -0.173444 0.233463
vn -0.956772 -0.173444 0.233463
vn -0.956772 -0.173444 0.233463
vn -0.974032 0.096119 -0.204995
vn -0.900580 0.206817 -0.382339
vn -0.846270 0.320637 -0.425464
vn -0.800999 0.338671 -0.493662
vn -0.937164 0.096034 -0.335412
vn -0.947989 0.046938 -0.314824
vn -0.954281 0.208522 0.214166
vn -0.964210 0.190043 0.184886
vn -0.964210 0.190043 0.184886
vn -0.972888 0.171318 0.155367
vn -0.117283 -0.151154 0.981528
vn -0.125972 -0.136339 0.982620
vn -0.092337 -0.162418 0.982392
vn -0.120535 -0.139575 0.982848
vn -0.058485 -0.188240 0.980380
vn -0.010398 -0.218280 0.975831
vn 0.083088 0.867487 0.490472
vn 0.096597 0.858393 0.503816
vn 0.096597 0.858393 0.503816
vn 0.110063 0.848919 0.516936
vn -0.995738 0.078865 -0.047805
vn -0.995738 0.078865 -0.047805
vn -0.995738 0.078865 -0.047805
vn -0.968508 -0.248956 0.003626
vn -0.968508 -0.248956 0.003626
vn -0.968508 -0.248956 0.003626
vn -0.995305 0.096532 -0.007005
vn -0.999921 0.000922 -0.012518
vn -0.999921 0.000922 -0.012518
vn -0.995345 -0.094695 -0.017917
vn -0.999607 0.026815 -0.008126
vn -0.999607 0.026815 -0.008126
vn -0.999607 0.026815 -0.008126
vn -0.668183 -0.743913 -0.011182
vn -0.668183 -0.743913 -0.011182
vn -0.668183 -0.743913 -0.011182
vn -0.977732 -0.209809 -0.004419
vn -0.977732 -0.209809 -0.004419
vn -0.977732 -0.209809 -0.004419
vn -0.892505 0.450910 -0.010684
vn -0.912707 0.408359 -0.014455
vn -0.912707 0.408359 -0.014455
vn -0.930871 0.364896 -0.018194
vn -0.982329 0.181230 -0.046746
vn -0.999447 0.027276 -0.019043
vn -0.999447 0.027276 -0.019043
vn -0.991815 -0.127355 0.009132
vn -0.384385 0.922725 0.028755
vn -0.384385 0.922725 0.028755
vn -0.384385 0.922725 0.028755
vn -0.928812 -0.369692 -0.025214
vn -0.928812 -0.369692 -0.025214
vn -0.928812 -0.369692 -0.025214
vn -0.122312 -0.731655 0.670613
vn 0.480873 -0.517891 0.707496
vn 0.480873 -0.517891 0.707496
vn 0.886473 -0.091333 0.453678
vn -0.761163 0.643091 -0.084054
vn -0.640161 0.763166 -0.088159
vn -0.640161 0.763166 -0.088159
vn -0.500545 0.861051 -0.089701
vn -0.468235 0.107367 -0.877056
vn -0.466650 0.106080 -0.878057
vn -0.466650 0.106080 -0.878057
vn -0.465062 0.104792 -0.879054
vn 0.091328 0.508807 -0.856023
vn 0.060886 0.536859 -0.841472
vn 0.060886 0.536859 -0.841472
vn 0.030326 0.563878 -0.825301
vn 0.107412 0.477787 -0.871885
vn -0.107359 0.529751 -0.841331
vn -0.107359 0.529751 -0.841331
vn -0.316788 0.555355 -0.768912
vn 0.009353 0.372424 -0.928016
vn 0.009353 0.372424 -0.928016
vn 0.009353 0.372424 -0.928016
vn 0.020376 0.381202 -0.924267
vn 0.020376 0.381202 -0.924267
vn 0.020376 0.381202 -0.924267
vn 0.190814 0.472240 -0.860569
vn 0.190814 0.472240 -0.860569
vn 0.190814 0.472240 -0.860569
vn 0.603168 0.545087 -0.582297
vn 0.603168 0.545087 -0.582297
vn 0.603168 0.545087 -0.582297
vn -0.727350 0.146449 -0.670459
vn -0.937747 -0.006219 -0.347264
vn -0.937747 -0.006219 -0.347264
vn -0.986824 -0.157818 0.035671
vn -0.850683 0.433271 -0.297682
vn -0.850683 0.433271 -0.297682
vn -0.850683 0.433271 -0.297682
vn -0.723155 -0.171404 -0.669080
vn -0.723155 -0.171404 -0.669080
vn -0.723155 -0.171404 -0.669080
vn -0.723035 -0.242321 -0.646917
vn -0.723035 -0.242321 -0.646917
vn -0.723035 -0.242321 -0.646917
vn -0.545501 -0.000709 -0.838110
vn -0.543671 -0.013748 -0.839186
vn -0.543671 -0.013748 -0.839186
vn -0.541746 -0.026785 -0.840115
vn -0.486851 -0.050890 -0.872001
vn -0.463485 -0.219090 -0.858592
vn -0.463485 -0.219090 -0.858592
vn -0.426670 -0.380934 -0.820269
vn -0.916313 -0.057217 -0.396354
vn -0.916313 -0.057217 -0.396354
vn -0.916313 -0.057217 -0.396354
vn 0.633532 0.773621 0.012154
vn 0.633532 0.773621 0.012154
vn 0.633532 0.773621 0.012154
vn 0.002034 0.889168 -0.457577
vn -0.045016 0.868967 -0.492817
vn -0.045016 0.868967 -0.492817
vn -0.091893 0.845410 -0.526154
vn -0.153386 0.825522 -0.543126
vn -0.105682 0.800335 -0.590166
vn -0.105682 0.800335 -0.590166
vn -0.057438 0.771047 -0.634183
vn -0.208190 0.830985 -0.515869
vn -0.182222 0.851654 -0.491406
vn -0.182222 0.851654 -0.491406
vn -0.155945 0.870876 -0.466108
vn -0.115250 -0.007086 0.993311
vn -0.184661 0.611369 0.769499
vn -0.184661 0.611369 0.769499
vn -0.173301 0.962414 0.209110
vn -0.003012 0.027706 0.999612
vn -0.003013 0.027685 0.999612
vn -0.003013 0.027685 0.999612
vn -0.003015 0.027665 0.999613
vn 0.022409 0.099990 0.994736
vn 0.023030 0.061248 0.997857
vn 0.023030 0.061248 0.997857
vn 0.023617 0.022413 0.999470
vn -0.229197 0.737850 -0.634859
vn -0.310443 0.722565 -0.617677
vn -0.310443 0.722565 -0.617677
vn -0.389476 0.702128 -0.596092
vn -0.353155 0.727120 -0.588709
vn -0.385176 0.723737 -0.572577
vn -0.385176 0.723737 -0.572577
vn -0.416698 0.719415 -0.555702
vn -0.417358 0.702620 0.576314
vn -0.498140 0.748564 0.437617
vn -0.498140 0.748564 0.437617
vn -0.565037 0.773643 0.286722
vn -0.594230 0.804181 0.013592
vn -0.594230 0.804181 0.013592
vn -0.594230 0.804181 0.013592
vn -0.328935 0.846992 0.417619
vn -0.387614 0.893748 0.225766
vn -0.387614 0.893748 0.225766
vn -0.429844 0.902575 0.024331
vn 1.000000 -0.000000 0.000000
vn 1.000000 -0.000000 0.000000
vn 1.000000 -0.000000 0.000000
vn 1.000000 0.000000 0.000000
vn 1.000000 0.000000 0.000000
vn 1.000000 0.000000 0.000000
vn 0.999989 0.000033 -0.004655
vn 0.999989 0.000033 -0.004655
vn 0.999989 0.000033 -0.004655
vn -0.021187 -0.123628 -0.992103
vn -0.043052 -0.029452 -0.998639
vn -0.043052 -0.029452 -0.998639
vn -0.064512 0.065001 -0.995798
vn -0.001069 -0.096686 -0.995314
vn 0.004851 -0.097201 -0.995253
vn 0.004851 -0.097201 -0.995253
vn 0.010772 -0.097713 -0.995156
vn 0.006204 -0.107619 -0.994173
vn -0.001525 -0.105510 -0.994417
vn -0.001525 -0.105510 -0.994417
vn -0.009254 -0.103394 -0.994597
vn 0.255681 0.078918 -0.963535
vn 0.244735 0.079592 -0.966318
vn 0.244735 0.079592 -0.966318
vn 0.233758 0.080255 -0.968977
vn 0.357314 0.143268 -0.922931
vn 0.348887 0.145087 -0.925866
vn 0.348887 0.145087 -0.925866
vn 0.340431 0.146894 -0.928724
vn 0.316056 -0.125505 -0.940403
vn 0.219557 -0.075537 -0.972671
vn 0.219557 -0.075537 -0.972671
vn 0.120237 -0.024598 -0.992440
vn 0.116702 -0.044757 -0.992158
vn 0.169593 -0.023385 -0.985237
vn 0.169593 -0.023385 -0.985237
vn 0.221923 -0.001935 -0.975062
vn 0.465139 0.015020 -0.885110
vn 0.360358 -0.122663 -0.924714
vn 0.360358 -0.122663 -0.924714
vn 0.244224 -0.256482 -0.935185
vn 0.105813 0.319178 -0.941769
vn 0.080966 0.278135 -0.957124
vn 0.080966 0.278135 -0.957124
vn 0.055914 0.236386 -0.970049
vn 0.093998 0.685092 -0.722367
vn 0.022028 0.766801 -0.641507
vn 0.022028 0.766801 -0.641507
vn -0.050348 0.834405 -0.548847
vn 0.059813 0.706499 -0.705182
vn 0.059813 0.706499 -0.705182
vn 0.059813 0.706499 -0.705182
vn -0.041892 0.847615 -0.528956
vn -0.041892 0.847615 -0.528956
vn -0.041892 0.847615 -0.528956
vn 0.104178 0.835961 -0.538809
vn 0.018315 0.881465 -0.471893
vn 0.018315 0.881465 -0.471893
vn -0.067804 0.914699 -0.398408
vn 0.885350 -0.102638 -0.453455
vn 0.885350 -0.102638 -0.453455
vn 0.885350 -0.102638 -0.453455
vn 0.758994 -0.650719 -0.022204
vn 0.758994 -0.650719 -0.022204
vn 0.758994 -0.650719 -0.022204
vn 1.000000 -0.000001 0.000558
vn 1.000000 -0.000017 0.000490
vn 1.000000 -0.000017 0.000490
vn 1.000000 -0.000032 0.000423
vn 1.000000 0.000067 0.000772
vn 1.000000 0.000026 0.001026
vn 1.000000 0.000026 0.001026
vn 0.999999 -0.000016 0.001280
vn 1.000000 -0.000176 0.000625
vn 1.000000 -0.000176 0.000625
vn 1.000000 -0.000176 0.000625
vn 0.978663 -0.176887 0.104547
vn 0.978663 -0.176887 0.104547
vn 0.978663 -0.176887 0.104547
vn -0.992270 0.070946 0.101818
vn -0.959366 0.243255 0.142982
vn -0.959366 0.243255 0.142982
vn -0.895314 0.407666 0.179503
vn -0.993188 -0.050522 0.105000
vn -0.993895 -0.044783 0.100838
vn -0.993895 -0.044783 0.100838
vn -0.994550 -0.039041 0.096671
vn 0.945596 -0.100216 0.309524
vn 0.961564 -0.188828 0.199346
vn 0.961564 -0.188828 0.199346
vn 0.958064 -0.273617 0.085132
vn 0.742897 -0.669007 -0.023087
vn 0.846417 -0.514630 0.136871
vn 0.846417 -0.514630 0.136871
vn 0.899037 -0.329306 0.288599
vn 0.810350 -0.379784 -0.446204
vn 0.810350 -0.379784 -0.446204
vn 0.810350 -0.379784 -0.446204
vn -0.095947 0.013863 -0.995290
vn 0.079832 0.237809 -0.968026
vn 0.079832 0.237809 -0.968026
vn 0.249082 0.442304 -0.861583
vn 0.007828 0.423753 0.905744
vn 0.007828 0.423753 0.905744
vn 0.007828 0.423753 0.905744
vn 0.262083 0.791589 -0.551996
vn 0.262083 0.791589 -0.551996
vn 0.262083 0.791589 -0.551996
vn -0.982874 -0.023521 0.182773
vn -0.982874 -0.023521 0.182773
vn -0.982874 -0.023521 0.182773
vn 0.051669 -0.675004 -0.736003
vn 0.051669 -0.675004 -0.736003
vn 0.051669 -0.675004 -0.736003
vn 0.025158 -0.655970 -0.754367
vn 0.025158 -0.655970 -0.754367
vn 0.025158 -0.655970 -0.754367
vn 0.080771 -0.644254 -0.760534
vn 0.080771 -0.644254 -0.760534
vn 0.080771 -0.644254 -0.760534
vn 0.530407 0.579738 -0.618525
vn 0.530407 0.579738 -0.618525
vn 0.530407 0.579738 -0.618525
vn 0.559358 0.322210 -0.763740
vn 0.559358 0.322210 -0.763740
vn 0.559358 0.322210 -0.763740
vn -0.349633 0.595204 -0.723525
vn -0.261173 0.595718 -0.759545
vn -0.261173 0.595718 -0.759545
vn -0.170331 0.590797 -0.788635
vn -0.146253 0.617893 -0.772540
vn -0.146253 0.617893 -0.772540
vn -0.146253 0.617893 -0.772540
vn 0.216844 0.765895 -0.605296
vn 0.216844 0.765895 -0.605296
vn 0.216844 0.765895 -0.605296
vn -0.106819 0.797886 -0.593269
vn -0.113486 0.728751 -0.675309
vn -0.113486 0.728751 -0.675309
vn -0.118842 0.651196 -0.749547
vn -0.156846 0.226381 -0.961328
vn -0.198467 0.205089 -0.958410
vn -0.198467 0.205089 -0.958410
vn -0.239653 0.183347 -0.953389
vn 0.101367 0.228721 0.968200
vn 0.082417 0.313626 0.945963
vn 0.082417 0.313626 0.945963
vn 0.062802 0.396003 0.916099
vn -0.695105 0.036433 0.717985
vn -0.634195 0.193380 0.748599
vn -0.634195 0.193380 0.748599
vn -0.554716 0.344665 0.757295
vn 0.711371 0.432515 -0.553970
vn 0.711371 0.432515 -0.553970
vn 0.711371 0.432515 -0.553970
vn 0.659771 -0.086552 -0.746466
vn 0.659771 -0.086552 -0.746466
vn 0.659771 -0.086552 -0.746466
vn 0.868656 -0.316203 -0.381383
vn 0.893849 -0.253505 -0.369823
vn 0.893849 -0.253505 -0.369823
vn 0.914842 -0.189615 -0.356526
vn 0.311203 0.798129 -0.515890
vn 0.311203 0.798129 -0.515890
vn 0.311203 0.798129 -0.515890
vn 0.363366 -0.100198 -0.926243
vn 0.325790 -0.256025 -0.910116
vn 0.386220 -0.131359 -0.913006
vn 0.406681 -0.157219 -0.899940
vn 0.930388 0.065900 -0.360603
vn 0.913189 -0.134831 -0.384586
vn 0.913189 -0.134831 -0.384586
vn 0.858400 -0.330012 -0.392737
vn -0.443320 0.256695 -0.858822
vn -0.443320 0.256695 -0.858822
vn -0.443320 0.256695 -0.858822
vn -0.203212 0.786696 -0.582936
vn -0.203212 0.786696 -0.582936
vn -0.203212 0.786696 -0.582936
vn 0.868646 -0.157859 -0.469610
vn 0.868646 -0.157859 -0.469610
vn 0.868646 -0.157859 -0.469610
vn 0.181121 0.046017 -0.982384
vn 0.181121 0.046017 -0.982384
vn 0.181121 0.046017 -0.982384
vn 0.266657 -0.602212 -0.752486
vn 0.275546 -0.625424 -0.730013
vn 0.318962 -0.491480 -0.810377
vn 0.343728 -0.430657 -0.834497
vn 0.653664 -0.305354 -0.692447
vn 0.653664 -0.305354 -0.692447
vn 0.653664 -0.305354 -0.692447
vn 0.380269 -0.184490 -0.906288
vn 0.255668 -0.381527 -0.888297
vn 0.125655 -0.631828 -0.764856
vn 0.742703 0.441747 0.503241
vn 0.742703 0.441747 0.503241
vn 0.742703 0.441747 0.503241
vn 0.468424 -0.721457 0.509979
vn 0.468424 -0.721457 0.509979
vn 0.468424 -0.721457 0.509979
vn 0.771565 -0.398220 0.496094
vn 0.629887 -0.598515 0.494997
vn 0.629887 -0.598515 0.494997
vn 0.450295 -0.762785 0.464106
vn 0.751715 -0.626333 0.206474
vn 0.722622 -0.669055 0.173732
vn 0.722622 -0.669055 0.173732
vn 0.690824 -0.709273 0.140338
vn 0.953798 -0.224152 0.200061
vn 0.953798 -0.224152 0.200061
vn 0.953798 -0.224152 0.200061
vn 0.779358 0.503016 0.373598
vn 0.779358 0.503016 0.373598
vn 0.779358 0.503016 0.373598
vn 0.171159 0.585451 0.792434
vn 0.171159 0.585451 0.792434
vn 0.171159 0.585451 0.792434
vn 0.512195 0.837317 0.191197
vn 0.512195 0.837317 0.191197
vn 0.512195 0.837317 0.191197
vn 0.767980 0.049539 0.638555
vn 0.767980 0.049539 0.638555
vn 0.767980 0.049539 0.638555
vn 0.940674 -0.186583 0.283406
vn 0.966224 -0.073773 0.246920
vn 0.966224 -0.073773 0.246920
vn 0.977560 0.040122 0.206803
vn 0.535693 0.528954 0.658210
vn 0.293556 0.737628 0.608054
vn 0.004792 0.834184 0.551466
vn -0.274442 0.868675 0.412414
vn -0.543828 0.786793 0.291905
vn 0.716280 -0.660270 0.225801
vn 0.716280 -0.660270 0.225801
vn 0.716280 -0.660270 0.225801
vn 0.188025 0.982145 0.006103
vn 0.188025 0.982145 0.006103
vn 0.188025 0.982145 0.006103
vn -0.013419 0.998638 0.050418
vn 0.087511 0.995812 0.026449
vn 0.087511 0.995812 0.026449
vn 0.187498 0.982263 0.002196
vn 0.807215 -0.308463 -0.503245
vn 0.807215 -0.308463 -0.503245
vn 0.807215 -0.308463 -0.503245
vn -0.400900 -0.631749 -0.663455
vn -0.400900 -0.631749 -0.663455
vn -0.400900 -0.631749 -0.663455
vn 0.941672 0.065959 -0.330006
vn 0.946957 0.052445 -0.317052
vn 0.946957 0.052445 -0.317052
vn 0.951884 0.038911 -0.303977
vn 0.902395 0.245232 -0.354323
vn 0.902395 0.245232 -0.354323
vn 0.902395 0.245232 -0.354323
vn 0.380546 0.924457 -0.023751
vn 0.380546 0.924457 -0.023751
vn 0.380546 0.924457 -0.023751
vn 0.943176 0.280399 -0.178313
vn 0.943176 0.280399 -0.178313
vn 0.943176 0.280399 -0.178313
vn 0.869787 -0.492223 0.034459
vn 0.866776 -0.487695 0.104183
vn 0.866776 -0.487695 0.104183
vn 0.859525 -0.480782 0.173396
vn -0.305533 -0.217342 0.927045
vn -0.305533 -0.217342 0.927045
vn -0.305533 -0.217342 0.927045
vn 0.095836 -0.639336 0.762932
vn 0.520534 -0.304974 0.797518
vn 0.520534 -0.304974 0.797518
vn 0.792526 0.118855 0.598144
vn 0.788674 -0.607023 0.097547
vn 0.788674 -0.607023 0.097547
vn 0.788674 -0.607023 0.097547
vn -0.011632 -0.218292 0.975814
vn -0.009562 -0.221271 0.975166
vn -0.009562 -0.221271 0.975166
vn -0.007492 -0.224246 0.974504
vn 0.990079 0.083484 0.113019
vn 0.990079 0.083484 0.113019
vn 0.990079 0.083484 0.113019
vn 0.978707 -0.178704 0.100983
vn 0.978707 -0.178704 0.100983
vn 0.978707 -0.178704 0.100983
vn 0.848083 -0.529824 0.006499
vn 0.950972 -0.309240 0.004739
vn 0.950972 -0.309240 0.004739
vn 0.997520 -0.070335 0.002698
vn 0.996024 -0.010981 0.088409
vn 0.993186 -0.092535 0.070852
vn 0.993186 -0.092535 0.070852
vn 0.983427 -0.173444 0.052801
vn 0.970589 -0.054936 0.234390
vn 0.955783 0.028071 0.292730
vn 0.955783 0.028071 0.292730
vn 0.930929 0.110783 0.347993
vn 0.000000 0.000000 1.000000
vn -0.000000 0.000000 1.000000
vn -0.000000 0.000000 1.000000
vn -0.000001 0.000000 1.000000
vn 0.089871 0.009465 0.995908
vn 0.089871 0.009465 0.995908
vn 0.089871 0.009465 0.995908
vn 0.096447 0.133000 0.986412
vn 0.049297 0.293883 0.954569
vn 0.049297 0.293883 0.954569
vn 0.000712 0.446208 0.894929
vn 0.040652 0.004923 0.999161
vn 0.040652 0.004923 0.999161
vn 0.040652 0.004923 0.999161
vn 0.601498 0.639750 -0.478456
vn 0.300649 0.521337 -0.798635
vn 0.300649 0.521337 -0.798635
vn -0.062449 0.294984 -0.953459
vn 0.679654 -0.017893 -0.733315
vn 0.561736 -0.124221 -0.817937
vn 0.561736 -0.124221 -0.817937
vn 0.425635 -0.226528 -0.876082
vn 0.845350 -0.379787 -0.375693
vn 0.714121 -0.596774 -0.365911
vn 0.714121 -0.596774 -0.365911
vn 0.536904 -0.775329 -0.332564
vn 0.667740 -0.111032 -0.736067
vn 0.667740 -0.111032 -0.736067
vn 0.667740 -0.111032 -0.736067
vn 0.206555 0.410902 -0.887972
vn 0.206555 0.410902 -0.887972
vn 0.206555 0.410902 -0.887972
vn 0.525922 0.006717 -0.850506
vn 0.525922 0.006717 -0.850506
vn 0.525922 0.006717 -0.850506
vn 0.525757 0.007081 -0.850605
vn 0.525757 0.007081 -0.850605
vn 0.525757 0.007081 -0.850605
vn -0.303665 0.775568 -0.553427
vn -0.173554 0.842733 -0.509589
vn -0.173554 0.842733 -0.509589
vn -0.039389 0.890210 -0.453845
vn 0.323750 0.393690 -0.860346
vn 0.319463 0.288057 -0.902755
vn 0.319463 0.288057 -0.902755
vn 0.311031 0.178687 -0.933451
vn 0.778236 -0.080661 -0.622770
vn 0.845931 -0.042114 -0.531626
vn 0.845931 -0.042114 -0.531626
vn 0.901466 -0.002961 -0.432841
vn 0.958744 0.273216 0.078506
vn 0.958744 0.273216 0.078506
vn 0.958744 0.273216 0.078506
vn -0.011481 -0.259272 0.965736
vn 0.041203 -0.131706 0.990432
vn 0.041203 -0.131706 0.990432
vn 0.093077 -0.001551 0.995658
vn -0.566800 0.823730 -0.014351
vn -0.554111 0.832440 -0.001922
vn -0.554111 0.832440 -0.001922
vn -0.541206 0.840824 0.010509
vn -0.566679 0.823557 -0.025069
vn -0.554951 0.831648 -0.019773
vn -0.554951 0.831648 -0.019773
vn -0.543094 0.839547 -0.014471
vn -0.557683 0.829987 0.010549
vn -0.575364 0.817894 0.002368
vn -0.570915 0.820995 0.004787
vn -0.584198 0.811607 -0.002471
vn -0.584090 0.811687 -0.001723
vn 0.005627 0.999978 -0.003485
vn 0.003594 0.999985 -0.004128
vn 0.003594 0.999985 -0.004128
vn 0.001560 0.999987 -0.004771
vn 0.000000 0.000011 1.000000
vn -0.000007 0.000014 1.000000
vn -0.000007 0.000014 1.000000
vn -0.000014 0.000018 1.000000
vn 0.000009 -0.000011 1.000000
vn 0.000009 -0.000011 1.000000
vn 0.000009 -0.000011 1.000000
vn 0.105446 -0.000273 0.994425
vn 0.065483 -0.010337 0.997800
vn 0.065483 -0.010337 0.997800
vn 0.025408 -0.020384 0.999469
vn 0.000015 -0.000019 1.000000
vn 0.000013 -0.000020 1.000000
vn 0.000013 -0.000020 1.000000
vn 0.000011 -0.000021 1.000000
vn 0.006088 0.010127 0.999930
vn 0.004535 0.010106 0.999939
vn 0.004535 0.010106 0.999939
vn 0.002982 0.010085 0.999945
vn 0.995938 0.010504 -0.089429
vn 0.995310 0.009141 -0.096301
vn 0.995310 0.009141 -0.096301
vn 0.994634 0.007778 -0.103168
vn 0.988522 -0.023100 -0.149303
vn 0.988522 -0.023100 -0.149303
vn 0.988522 -0.023100 -0.149303
vn 0.983817 0.016922 -0.178375
vn 0.988010 0.010431 -0.154038
vn 0.988010 0.010431 -0.154038
vn 0.991559 0.003934 -0.129600
vn 0.989902 -0.001664 -0.141743
vn 0.990986 -0.014427 -0.133184
vn 0.990986 -0.014427 -0.133184
vn 0.991835 -0.027187 -0.124594
vn 0.013054 0.999915 0.000321
vn 0.013054 0.999915 0.000321
vn 0.013054 0.999915 0.000321
vn 0.013011 0.997004 0.076246
vn 0.007074 0.998857 0.047280
vn 0.007074 0.998857 0.047280
vn 0.001130 0.999833 0.018272
vn 0.000018 -0.000018 1.000000
vn 0.000011 -0.000017 1.000000
vn 0.000011 -0.000017 1.000000
vn 0.000005 -0.000017 1.000000
vn -0.000020 0.000016 1.000000
vn -0.000001 -0.000000 1.000000
vn -0.000001 -0.000000 1.000000
vn 0.000018 -0.000016 1.000000
vn 0.005568 0.999984 0.000476
vn 0.005568 0.999984 0.000476
vn 0.005568 0.999984 0.000476
vn 0.001642 0.999998 -0.000750
vn 0.003633 0.999991 -0.002117
vn 0.003633 0.999991 -0.002117
vn 0.005625 0.999978 -0.003483
vn 0.001173 0.001023 0.999999
vn 0.000931 0.000006 1.000000
vn 0.000931 0.000006 1.000000
vn 0.000689 -0.001011 0.999999
vn 0.000009 -0.000009 1.000000
vn 0.000004 -0.000004 1.000000
vn 0.000004 -0.000004 1.000000
vn -0.000001 0.000002 1.000000
vn 0.000692 -0.001011 0.999999
vn 0.000692 -0.001011 0.999999
vn 0.000692 -0.001011 0.999999
vn 0.105581 0.001773 0.994409
vn 0.063813 0.070998 0.995433
vn 0.094782 0.004415 0.995488
vn 0.000845 0.203003 0.979178
vn 0.042651 0.105633 0.993490
vn -0.005678 0.999978 -0.003487
vn -0.003625 0.999985 -0.004130
vn -0.003625 0.999985 -0.004130
vn -0.001573 0.999987 -0.004773
vn -0.003009 0.010083 0.999945
vn -0.004581 0.010103 0.999938
vn -0.004581 0.010103 0.999938
vn -0.006154 0.010122 0.999930
vn -0.012018 0.999922 0.003442
vn -0.012038 0.999926 0.001557
vn -0.012413 0.999923 0.000664
vn -0.012610 0.999920 -0.000725
vn -0.013164 0.999913 -0.001122
vn 0.000000 0.000011 1.000000
vn 0.000006 0.000014 1.000000
vn 0.000006 0.000014 1.000000
vn 0.000012 0.000018 1.000000
vn -0.000010 -0.000011 1.000000
vn -0.000010 -0.000011 1.000000
vn -0.000010 -0.000011 1.000000
vn 0.587051 0.809549 -0.001072
vn 0.574324 0.818615 0.004530
vn 0.574324 0.818615 0.004530
vn 0.561439 0.827456 0.010131
vn -0.005657 0.999984 0.000478
vn -0.003657 0.999992 -0.001275
vn -0.003657 0.999992 -0.001275
vn -0.001656 0.999994 -0.003028
vn 0.000471 1.000000 0.000175
vn -0.003014 0.999996 -0.000011
vn -0.002411 0.999997 0.000021
vn -0.004757 0.999989 -0.000105
vn -0.004221 0.999991 -0.000076
vn 0.622027 0.782630 -0.023926
vn 0.596036 0.802750 -0.018252
vn 0.596036 0.802750 -0.018252
vn 0.569382 0.821977 -0.012559
vn -0.994515 0.008179 -0.104272
vn -0.994910 0.008956 -0.100365
vn -0.994910 0.008956 -0.100365
vn -0.995290 0.009732 -0.096456
vn -0.988224 -0.021224 -0.151534
vn -0.988224 -0.021224 -0.151534
vn -0.988224 -0.021224 -0.151534
vn -0.992261 0.003598 -0.124121
vn -0.988267 0.011092 -0.152335
vn -0.988267 0.011092 -0.152335
vn -0.983415 0.018576 -0.180417
vn -0.025612 -0.020374 0.999464
vn -0.065959 -0.010321 0.997769
vn -0.065959 -0.010321 0.997769
vn -0.106192 -0.000250 0.994346
vn -0.000012 -0.000021 1.000000
vn -0.000013 -0.000020 1.000000
vn -0.000013 -0.000020 1.000000
vn -0.000015 -0.000019 1.000000
vn -0.992472 -0.024863 -0.119925
vn -0.991719 -0.013262 -0.127744
vn -0.991719 -0.013262 -0.127744
vn -0.990771 -0.001658 -0.135538
vn -0.013174 0.999913 0.000320
vn -0.013174 0.999913 0.000320
vn -0.013174 0.999913 0.000320
vn -0.013131 0.997001 0.076266
vn -0.007139 0.998856 0.047289
vn -0.007139 0.998856 0.047289
vn -0.001141 0.999833 0.018271
vn -0.000005 -0.000017 1.000000
vn -0.000011 -0.000017 1.000000
vn -0.000011 -0.000017 1.000000
vn -0.000018 -0.000017 1.000000
vn -0.000018 -0.000016 1.000000
vn 0.000001 -0.000000 1.000000
vn 0.000001 -0.000000 1.000000
vn 0.000020 0.000016 1.000000
vn 0.545990 0.837666 -0.014486
vn 0.558051 0.829569 -0.019862
vn 0.558051 0.829569 -0.019862
vn 0.569979 0.821272 -0.025234
vn 0.544807 0.838501 0.010103
vn 0.557544 0.830144 -0.002130
vn 0.557544 0.830144 -0.002130
vn 0.570069 0.821471 -0.014363
vn 0.000001 0.000002 1.000000
vn -0.000004 -0.000004 1.000000
vn -0.000004 -0.000004 1.000000
vn -0.000009 -0.000009 1.000000
vn -0.001183 0.001023 0.999999
vn -0.000939 0.000006 1.000000
vn -0.000939 0.000006 1.000000
vn -0.000695 -0.001011 0.999999
vn -0.106329 0.001772 0.994329
vn -0.095510 0.004400 0.995419
vn -0.064304 0.070988 0.995402
vn -0.000850 0.203003 0.979178
vn -0.043011 0.105620 0.993476
vn -0.000696 -0.001011 0.999999
vn -0.000696 -0.001011 0.999999
vn -0.000696 -0.001011 0.999999
vn 0.000114 0.997701 -0.067777
vn 0.000489 0.997661 -0.068351
vn 0.000489 0.997661 -0.068351
vn 0.000864 0.997621 -0.068926
vn 0.009725 -0.002797 0.999949
vn 0.006866 -0.000892 0.999976
vn 0.006866 -0.000892 0.999976
vn 0.004008 0.001013 0.999991
vn -0.005382 0.000004 0.999986
vn -0.008969 -0.001340 0.999959
vn -0.008969 -0.001340 0.999959
vn -0.012557 -0.002684 0.999918
vn 0.980303 0.036800 -0.194042
vn 0.980431 0.036766 -0.193397
vn 0.980431 0.036766 -0.193397
vn 0.980560 0.036731 -0.192752
vn 0.000027 -1.000000 -0.000017
vn 0.000027 -1.000000 -0.000017
vn 0.000027 -1.000000 -0.000017
vn 0.976779 0.213821 -0.013568
vn 0.976779 0.213821 -0.013568
vn 0.976779 0.213821 -0.013568
vn 0.000296 -1.000000 0.000207
vn 0.000033 -0.999999 0.001632
vn -0.000294 -1.000000 -0.000541
vn -0.000589 -0.999999 -0.000915
vn -0.000948 -0.999988 -0.004888
vn 0.989397 0.046689 -0.137524
vn 0.989397 0.046689 -0.137524
vn 0.989397 0.046689 -0.137524
vn -0.000112 -0.000650 1.000000
vn -0.000112 -0.000646 1.000000
vn -0.000112 -0.000646 1.000000
vn -0.000112 -0.000641 1.000000
vn -0.000133 -0.000644 1.000000
vn -0.000132 -0.000643 1.000000
vn -0.000132 -0.000643 1.000000
vn -0.000132 -0.000642 1.000000
vn 0.001442 -0.000627 0.999999
vn 0.001848 0.010266 0.999946
vn 0.001848 0.010266 0.999946
vn 0.002254 0.021158 0.999774
vn 0.002550 0.020977 0.999777
vn 0.002550 0.020977 0.999777
vn 0.002550 0.020977 0.999777
vn -0.000033 -0.000703 1.000000
vn -0.000050 -0.000670 1.000000
vn -0.000050 -0.000670 1.000000
vn -0.000067 -0.000636 1.000000
vn -0.000105 -0.000651 1.000000
vn -0.000109 -0.000677 1.000000
vn -0.000109 -0.000677 1.000000
vn -0.000113 -0.000704 1.000000
vn 0.000358 0.997719 -0.067505
vn 0.000102 0.997669 -0.068235
vn 0.000102 0.997669 -0.068235
vn -0.000154 0.997619 -0.068965
vn 0.000142 0.997720 -0.067487
vn 0.014563 0.999591 -0.024612
vn 0.014563 0.999591 -0.024612
vn 0.028954 0.999413 0.018314
vn 0.000201 -0.999994 0.003441
vn 0.000036 -0.999991 0.004184
vn 0.000036 -0.999991 0.004184
vn -0.000129 -0.999988 0.004928
vn 0.000000 -1.000000 0.000000
vn 0.000000 -1.000000 -0.000002
vn 0.000000 -1.000000 -0.000002
vn 0.000000 -1.000000 -0.000004
vn 0.000000 -1.000000 0.000000
vn 0.000000 -1.000000 0.000000
vn 0.000000 -1.000000 0.000000
vn -0.000043 0.000062 1.000000
vn -0.000065 0.000030 1.000000
vn -0.000065 0.000030 1.000000
vn -0.000086 -0.000001 1.000000
vn 0.000513 -0.999997 0.002488
vn 0.000513 -0.999997 0.002488
vn 0.000513 -0.999997 0.002488
vn -0.000040 0.000063 1.000000
vn -0.000039 0.000063 1.000000
vn -0.000039 0.000063 1.000000
vn -0.000039 0.000063 1.000000
vn -0.000129 0.000060 1.000000
vn -0.000129 0.000060 1.000000
vn -0.000129 0.000060 1.000000
vn 0.890799 -0.418886 -0.176102
vn 0.814074 0.043824 -0.579105
vn 0.814074 0.043824 -0.579105
vn 0.426049 0.489777 -0.760659
vn 0.000000 -1.000000 0.000002
vn 0.000000 -1.000000 0.000007
vn 0.000000 -1.000000 0.000007
vn 0.000000 -1.000000 0.000011
vn 0.000058 -0.000002 1.000000
vn 0.000059 -0.000001 1.000000
vn 0.000059 -0.000001 1.000000
vn 0.000060 -0.000000 1.000000
vn -0.647931 0.761523 0.016386
vn -0.654475 0.755953 0.014086
vn -0.654475 0.755953 0.014086
vn -0.660967 0.750323 0.011784
vn 0.066656 -0.103500 -0.992393
vn 0.066656 -0.103500 -0.992393
vn 0.066656 -0.103500 -0.992393
vn -0.643883 0.764949 0.016322
vn -0.654689 0.755876 0.005866
vn -0.654689 0.755876 0.005866
vn -0.665292 0.746569 -0.004592
vn -0.954572 0.247954 0.165262
vn -0.982666 0.143114 0.117835
vn -0.982666 0.143114 0.117835
vn -0.996974 0.036267 0.068755
vn -0.996115 0.063404 0.061111
vn -0.999935 0.010819 -0.003721
vn -0.999804 0.005990 -0.018853
vn -0.998012 -0.022745 -0.058776
vn -0.998792 -0.003638 -0.048998
vn 0.032772 0.999415 -0.009796
vn 0.055710 0.998351 0.013882
vn 0.055710 0.998351 0.013882
vn 0.078587 0.996200 0.037546
vn -0.841110 0.417959 -0.343284
vn -0.868557 0.187539 -0.458735
vn -0.868557 0.187539 -0.458735
vn -0.837658 -0.055480 -0.543371
vn 0.057494 -0.127919 -0.990117
vn 0.057494 -0.127919 -0.990117
vn 0.057494 -0.127919 -0.990117
vn -0.997755 -0.065881 0.012037
vn -0.997724 -0.066920 0.008294
vn -0.997724 -0.066920 0.008294
vn -0.997678 -0.067959 0.004551
vn 0.000139 0.999984 -0.005688
vn -0.000155 0.999982 -0.006054
vn -0.000155 0.999982 -0.006054
vn -0.000449 0.999979 -0.006421
vn 0.000000 1.000000 0.000000
vn 0.000000 1.000000 0.000000
vn 0.000000 1.000000 0.000000
vn 0.000000 1.000000 0.000000
vn -0.630256 0.776382 0.002735
vn -0.636202 0.771521 -0.001248
vn -0.636202 0.771521 -0.001248
vn -0.642101 0.766603 -0.005232
vn -0.122509 0.251862 -0.959978
vn -0.122509 0.251862 -0.959978
vn -0.122509 0.251862 -0.959978
vn 0.034889 0.996475 0.076292
vn 0.034889 0.996475 0.076292
vn 0.034889 0.996475 0.076292
vn 0.000001 1.000000 0.000002
vn 0.000001 1.000000 0.000001
vn 0.000001 1.000000 0.000001
vn 0.000002 1.000000 0.000000
vn -0.158270 0.109194 -0.981340
vn -0.021191 -0.014411 -0.999672
vn -0.021191 -0.014411 -0.999672
vn 0.116616 -0.137520 -0.983610
vn 0.174116 -0.064899 -0.982584
vn -0.014287 0.117602 -0.992958
vn -0.014287 0.117602 -0.992958
vn -0.201707 0.291998 -0.934907
vn -0.008860 0.999943 0.005931
vn -0.024316 0.999693 0.004806
vn -0.024316 0.999693 0.004806
vn -0.039766 0.999202 0.003681
vn -0.999523 0.004252 -0.030580
vn -0.999760 0.021869 0.001524
vn -0.999760 0.021869 0.001524
vn -0.998655 0.039456 0.033626
vn 0.006369 0.998229 -0.059148
vn 0.042538 0.999092 -0.002431
vn 0.042538 0.999092 -0.002431
vn 0.078515 0.995433 0.054298
vn -0.029328 0.198636 -0.979635
vn -0.029328 0.198636 -0.979635
vn -0.029328 0.198636 -0.979635
vn -0.078255 0.070132 -0.994464
vn -0.078255 0.070132 -0.994464
vn -0.078255 0.070132 -0.994464
vn -0.130761 0.135818 -0.982067
vn -0.004284 0.031472 -0.999496
vn -0.004284 0.031472 -0.999496
vn 0.122309 -0.073730 -0.989750
vn -0.153512 -0.003373 -0.988141
vn -0.153512 -0.003373 -0.988141
vn -0.153512 -0.003373 -0.988141
vn -0.125719 0.061649 -0.990149
vn -0.125719 0.061649 -0.990149
vn -0.125719 0.061649 -0.990149
vn 0.063684 0.880031 0.470628
vn 0.179238 0.739666 0.648667
vn 0.179238 0.739666 0.648667
vn 0.283185 0.551405 0.784703
vn -0.144488 -0.061019 0.987623
vn -0.013180 -0.109151 0.993938
vn -0.013180 -0.109151 0.993938
vn 0.118387 -0.155143 0.980773
vn -0.443535 0.473838 0.760759
vn -0.232247 0.285093 0.929937
vn -0.232247 0.285093 0.929937
vn 0.004331 0.065304 0.997856
vn -0.588937 0.808175 0.002434
vn -0.593179 0.805070 -0.001041
vn -0.593179 0.805070 -0.001041
vn -0.597397 0.801933 -0.004515
vn 0.040091 0.887396 0.459261
vn 0.057244 0.901772 0.428405
vn 0.057244 0.901772 0.428405
vn 0.074314 0.914837 0.396927
vn 0.159292 0.522007 0.837935
vn 0.159292 0.522007 0.837935
vn 0.159292 0.522007 0.837935
vn 0.513893 0.129971 0.847951
vn 0.355913 0.356407 0.863886
vn 0.355913 0.356407 0.863886
vn 0.170711 0.555583 0.813748
vn 0.119532 0.500100 0.857679
vn -0.020683 0.572485 0.819654
vn -0.020683 0.572485 0.819654
vn -0.160352 0.629789 0.760035
vn -0.145036 0.471935 0.869622
vn -0.136617 0.471513 0.871213
vn -0.136617 0.471513 0.871213
vn -0.128188 0.471055 0.872740
vn -0.089219 0.977565 0.190808
vn -0.033347 0.945376 0.324271
vn -0.033347 0.945376 0.324271
vn 0.023257 0.892418 0.450611
vn 0.052447 -0.069854 0.996178
vn -0.045658 0.014619 0.998850
vn -0.045658 0.014619 0.998850
vn -0.142997 0.098846 0.984775
vn 0.000457 -0.104819 0.994491
vn 0.000457 -0.104819 0.994491
vn 0.000457 -0.104819 0.994491
vn 0.066004 0.751323 0.656626
vn 0.196863 0.368382 0.908592
vn 0.196863 0.368382 0.908592
vn 0.282985 -0.098276 0.954076
vn 0.302158 0.303309 0.903717
vn 0.390399 0.203685 0.897831
vn 0.390399 0.203685 0.897831
vn 0.471712 0.100445 0.876013
vn 0.261361 0.716319 0.646975
vn 0.261361 0.716319 0.646975
vn 0.261361 0.716319 0.646975
vn 0.179500 -0.169439 0.969056
vn 0.179500 -0.169439 0.969056
vn 0.179500 -0.169439 0.969056
vn 0.180540 -0.246523 0.952172
vn 0.105218 -0.134295 0.985340
vn 0.105218 -0.134295 0.985340
vn 0.027857 -0.019465 0.999422
vn -0.144298 -0.062606 0.987552
vn -0.063518 -0.113936 0.991456
vn -0.063518 -0.113936 0.991456
vn 0.017846 -0.164222 0.986262
vn -0.015826 -0.016779 0.999734
vn -0.015826 -0.016779 0.999734
vn -0.015826 -0.016779 0.999734
vn 0.130333 0.948354 0.289202
vn 0.077667 0.970368 0.228809
vn 0.077667 0.970368 0.228809
vn 0.024465 0.985681 0.166835
vn 0.255488 -0.101124 0.961509
vn 0.149932 0.502726 0.851344
vn 0.149932 0.502726 0.851344
vn -0.013785 0.911562 0.410932
vn 0.136824 -0.207071 0.968711
vn 0.049317 0.003395 0.998777
vn 0.049317 0.003395 0.998777
vn -0.040797 0.213682 0.976051
vn -0.017853 0.983406 0.180537
vn -0.022668 0.983552 0.179195
vn -0.022668 0.983552 0.179195
vn -0.027482 0.983674 0.177849
vn 0.012966 0.058892 0.998180
vn 0.012966 0.058892 0.998180
vn 0.012966 0.058892 0.998180
vn -0.102962 0.251343 0.962406
vn -0.047001 0.172228 0.983935
vn -0.047001 0.172228 0.983935
vn 0.009422 0.091415 0.995768
vn 0.177571 -0.201295 0.963301
vn 0.154627 -0.163839 0.974293
vn 0.154627 -0.163839 0.974293
vn 0.131367 -0.126048 0.983288
vn 0.042249 0.092048 0.994858
vn 0.042249 0.092048 0.994858
vn 0.042249 0.092048 0.994858
vn -0.152405 0.002493 0.988315
vn -0.018958 0.013873 0.999724
vn -0.018958 0.013873 0.999724
vn 0.114831 0.025003 0.993070
vn 0.055630 -0.063129 0.996454
vn 0.055630 -0.063129 0.996454
vn 0.055630 -0.063129 0.996454
vn 0.000000 1.000000 -0.000000
vn -0.000001 1.000000 -0.000000
vn -0.000001 1.000000 -0.000000
vn -0.000001 1.000000 0.000000
vn -0.000483 0.999924 0.012335
vn 0.004427 0.999971 0.006163
vn 0.004427 0.999971 0.006163
vn 0.009337 0.999956 -0.000009
vn -0.000015 0.999922 0.012513
vn -0.000007 0.999981 0.006258
vn -0.000007 0.999981 0.006258
vn 0.000000 1.000000 0.000002
vn 0.000000 1.000000 0.000000
vn 0.000000 1.000000 0.000000
vn 0.000000 1.000000 0.000000
vn 0.000000 1.000000 0.000000
vn 0.996077 0.063460 0.061668
vn 0.999818 0.006018 -0.018089
vn 0.999934 0.011103 -0.002881
vn 0.998063 -0.022731 -0.057910
vn 0.998820 -0.004121 -0.048386
vn -0.067161 -0.103366 -0.992373
vn -0.067161 -0.103366 -0.992373
vn -0.067161 -0.103366 -0.992373
vn 0.844267 0.413916 -0.340423
vn 0.871219 0.185836 -0.454359
vn 0.871219 0.185836 -0.454359
vn 0.840909 -0.054458 -0.538430
vn 0.996937 0.036133 0.069365
vn 0.982931 0.141394 0.117708
vn 0.982931 0.141394 0.117708
vn 0.955543 0.244731 0.164450
vn -0.079275 0.996147 0.037500
vn -0.056196 0.998324 0.013846
vn -0.056196 0.998324 0.013846
vn -0.033055 0.999405 -0.009823
vn -0.057876 -0.127947 -0.990091
vn -0.057876 -0.127947 -0.990091
vn -0.057876 -0.127947 -0.990091
vn 0.997844 -0.065575 0.002856
vn 0.997883 -0.064788 0.005696
vn 0.997883 -0.064788 0.005696
vn 0.997913 -0.064000 0.008537
vn 0.998874 0.040133 0.025286
vn 0.999767 0.021341 -0.003301
vn 0.999767 0.021341 -0.003301
vn 0.999488 0.002524 -0.031885
vn 0.600518 0.799599 -0.004297
vn 0.596520 0.802598 -0.001013
vn 0.596520 0.802598 -0.001013
vn 0.592501 0.805567 0.002271
vn -0.000001 1.000000 0.000003
vn -0.000001 1.000000 0.000001
vn -0.000001 1.000000 0.000001
vn -0.000002 1.000000 -0.000001
vn 0.202922 0.291426 -0.934823
vn 0.014183 0.117383 -0.992985
vn 0.014183 0.117383 -0.992985
vn -0.175539 -0.064793 -0.982338
vn 0.040014 0.999192 0.003681
vn 0.024480 0.999689 0.004805
vn 0.024480 0.999689 0.004805
vn 0.008941 0.999943 0.005929
vn -0.035186 0.996465 0.076290
vn -0.035186 0.996465 0.076290
vn -0.035186 0.996465 0.076290
vn -0.117592 -0.137437 -0.983505
vn 0.021430 -0.014370 -0.999667
vn 0.021430 -0.014370 -0.999667
vn 0.159709 0.109197 -0.981106
vn -0.123233 -0.073684 -0.989639
vn 0.004391 0.031531 -0.999493
vn 0.004391 0.031531 -0.999493
vn 0.131895 0.135880 -0.981907
vn -0.079202 0.995380 0.054274
vn -0.058274 0.998069 0.021525
vn -0.058274 0.998069 0.021525
vn -0.037257 0.999242 -0.011257
vn 0.029579 0.198625 -0.979629
vn 0.029579 0.198625 -0.979629
vn 0.029579 0.198625 -0.979629
vn 0.123582 0.251984 -0.959808
vn 0.123582 0.251984 -0.959808
vn 0.123582 0.251984 -0.959808
vn 0.163698 -0.096284 -0.981800
vn 0.163698 -0.096284 -0.981800
vn 0.163698 -0.096284 -0.981800
vn -0.033914 0.089375 -0.995421
vn -0.033914 0.089375 -0.995421
vn -0.033914 0.089375 -0.995421
vn 0.126804 0.061560 -0.990016
vn 0.126804 0.061560 -0.990016
vn 0.126804 0.061560 -0.990016
vn 0.644917 0.764236 -0.005014
vn 0.639300 0.768956 -0.001228
vn 0.639300 0.768956 -0.001228
vn 0.633639 0.773625 0.002559
vn 0.647290 0.762072 0.016173
vn 0.657911 0.753072 0.005907
vn 0.657911 0.753072 0.005907
vn 0.668336 0.743847 -0.004360
vn 0.664773 0.746956 0.011517
vn 0.658118 0.752787 0.013878
vn 0.658118 0.752787 0.013878
vn 0.651407 0.758555 0.016238
vn -0.078212 -0.108831 0.990979
vn 0.028781 -0.077368 0.996587
vn 0.028781 -0.077368 0.996587
vn 0.135414 -0.044940 0.989769
vn -0.064222 0.879966 0.470676
vn -0.180626 0.739446 0.648532
vn -0.180626 0.739446 0.648532
vn -0.285301 0.550916 0.784280
vn -0.018002 -0.164220 0.986259
vn 0.055606 -0.119189 0.991313
vn 0.055606 -0.119189 0.991313
vn 0.128798 -0.073267 0.988961
vn 0.015961 -0.016795 0.999732
vn 0.015961 -0.016795 0.999732
vn 0.015961 -0.016795 0.999732
vn 0.013911 0.911560 0.410932
vn -0.151099 0.503289 0.850805
vn -0.151099 0.503289 0.850805
vn -0.257573 -0.099958 0.961075
vn 0.007750 0.018169 0.999805
vn 0.037122 0.125163 0.991441
vn 0.003413 0.060968 0.998134
vn 0.103887 0.251440 0.962281
vn 0.051698 0.178304 0.982616
vn 0.161641 0.629615 0.759906
vn 0.020771 0.572441 0.819683
vn 0.020771 0.572441 0.819683
vn -0.120654 0.499989 0.857586
vn -0.025187 0.890474 0.454337
vn 0.032749 0.944718 0.326246
vn 0.032749 0.944718 0.326246
vn 0.089941 0.977510 0.190748
vn -0.041046 -0.053856 0.997705
vn -0.041176 -0.053948 0.997694
vn -0.041176 -0.053948 0.997694
vn -0.041305 -0.054039 0.997684
vn -0.058236 0.902113 0.427553
vn -0.049344 0.894907 0.443516
vn -0.049344 0.894907 0.443516
vn -0.040432 0.887357 0.459307
vn -0.160668 0.521852 0.837769
vn -0.160668 0.521852 0.837769
vn -0.160668 0.521852 0.837769
vn 0.146266 0.471877 0.869447
vn 0.137854 0.471465 0.871044
vn 0.137854 0.471465 0.871044
vn 0.129432 0.471018 0.872576
vn -0.172186 0.555418 0.813549
vn -0.358401 0.356297 0.862903
vn -0.358401 0.356297 0.862903
vn -0.517104 0.129826 0.846019
vn -0.044448 -0.087999 0.995128
vn -0.034167 -0.080674 0.996155
vn -0.034167 -0.080674 0.996155
vn -0.023879 -0.073336 0.997021
vn -0.071049 -0.053287 0.996048
vn -0.086733 -0.065801 0.994056
vn -0.086733 -0.065801 0.994056
vn -0.102381 -0.078287 0.991660
vn 0.018029 0.983403 0.180537
vn 0.022890 0.983547 0.179194
vn 0.022890 0.983547 0.179194
vn 0.027750 0.983667 0.177847
vn -0.024687 0.985675 0.166840
vn -0.078351 0.970313 0.228808
vn -0.078351 0.970313 0.228808
vn -0.131471 0.948202 0.289185
vn -0.114549 0.102972 0.988066
vn -0.108205 0.068519 0.991765
vn -0.108205 0.068519 0.991765
vn -0.101726 0.033980 0.994232
vn -0.003098 -0.007655 0.999966
vn -0.003098 -0.007655 0.999966
vn -0.003098 -0.007655 0.999966
vn -0.098650 -0.073813 0.992381
vn -0.098650 -0.073813 0.992381
vn -0.098650 -0.073813 0.992381
vn -0.012081 0.014567 0.999821
vn -0.012081 0.014567 0.999821
vn -0.012081 0.014567 0.999821
vn 0.032675 0.007700 0.999436
vn 0.092579 -0.087209 0.991879
vn 0.092579 -0.087209 0.991879
vn 0.151311 -0.181014 0.971771
vn -0.044419 0.064177 0.996949
vn -0.044419 0.064177 0.996949
vn -0.044419 0.064177 0.996949
vn -0.103331 0.015879 0.994520
vn -0.103331 0.015879 0.994520
vn -0.103331 0.015879 0.994520
vn 0.230431 0.148875 0.961633
vn 0.129448 0.200746 0.971053
vn 0.129448 0.200746 0.971053
vn 0.026787 0.250013 0.967872
vn 0.026357 0.109478 0.993640
vn 0.012986 0.111854 0.993640
vn 0.012986 0.111854 0.993640
vn -0.000387 0.114209 0.993457
vn -0.000034 0.999258 -0.038529
vn 0.065282 0.997683 -0.019149
vn 0.065282 0.997683 -0.019149
vn 0.130295 0.991475 0.000320
vn 0.770387 0.425696 0.474644
vn 0.461705 0.556858 0.690462
vn 0.461705 0.556858 0.690462
vn 0.079582 0.599444 0.796451
vn 0.295369 0.648959 0.701149
vn 0.162610 0.708728 0.686486
vn 0.146387 0.855105 0.497359
vn 0.085137 0.736093 0.671505
vn 0.167036 0.316907 0.933632
vn 0.098883 -0.233150 0.967400
vn 0.049923 -0.075039 0.995930
vn 0.049923 -0.075039 0.995930
vn -0.000445 0.085188 0.996365
vn 0.007137 0.999014 -0.043825
vn 0.003582 0.999146 -0.041177
vn 0.003582 0.999146 -0.041177
vn 0.000027 0.999258 -0.038528
vn 0.402236 0.776857 0.484457
vn 0.402236 0.776857 0.484457
vn 0.402236 0.776857 0.484457
vn 0.013497 0.998566 -0.051815
vn 0.010559 0.998986 -0.043767
vn 0.010559 0.998986 -0.043767
vn 0.007621 0.999333 -0.035716
vn 0.132475 0.990545 -0.035664
vn 0.131838 0.990607 -0.036280
vn 0.131838 0.990607 -0.036280
vn 0.131202 0.990669 -0.036897
vn 0.311753 0.949529 -0.034710
vn 0.366562 0.928964 0.051561
vn 0.366562 0.928964 0.051561
vn 0.417386 0.898301 0.137273
vn 0.005805 0.903888 0.427729
vn -0.011999 0.903053 0.429361
vn -0.011999 0.903053 0.429361
vn -0.029799 0.901929 0.430856
vn 0.010436 0.959150 0.282707
vn 0.007561 0.958885 0.283696
vn 0.007561 0.958885 0.283696
vn 0.004686 0.958610 0.284682
vn 0.571503 0.819199 -0.047928
vn 0.305321 0.946902 -0.100776
vn 0.305321 0.946902 -0.100776
vn 0.011674 0.989428 -0.144558
vn 0.567812 0.759149 -0.318249
vn 0.567812 0.759149 -0.318249
vn 0.567812 0.759149 -0.318249
vn 0.012492 0.918844 0.394422
vn 0.006504 0.920337 0.391072
vn 0.006504 0.920337 0.391072
vn 0.000515 0.921785 0.387702
vn 0.694054 0.650339 0.308785
vn 0.727215 0.668373 0.156321
vn 0.727215 0.668373 0.156321
vn 0.742435 0.669918 0.000000
vn -0.046824 0.998903 0.000005
vn -0.047236 0.998864 0.006349
vn -0.048489 0.998815 0.004223
vn -0.049880 0.998746 0.004221
vn -0.050995 0.998699 -0.000015
vn -0.050994 0.998699 0.000000
vn -0.669261 0.741197 0.052121
vn -0.301268 0.942819 0.142580
vn -0.301268 0.942819 0.142580
vn 0.122235 0.970724 0.206768
vn -0.792623 0.561477 0.237681
vn -0.792623 0.561477 0.237681
vn -0.792623 0.561477 0.237681
vn -0.004841 0.936512 0.350601
vn -0.002180 0.936994 0.349339
vn -0.002180 0.936994 0.349339
vn 0.000480 0.937467 0.348074
vn 0.987184 0.138509 0.079263
vn 0.987184 0.138509 0.079263
vn 0.987184 0.138509 0.079263
vn -0.567259 0.565123 0.599044
vn 0.313918 0.736658 0.598991
vn 0.313918 0.736658 0.598991
vn 0.942110 0.314522 0.116213
vn -0.011762 0.999873 -0.010768
vn -0.006606 0.999858 -0.015522
vn -0.006606 0.999858 -0.015522
vn -0.001450 0.999793 -0.020276
vn 0.011866 0.948105 0.317736
vn 0.001487 0.947108 0.320913
vn 0.001487 0.947108 0.320913
vn -0.008892 0.945998 0.324051
vn 0.994515 0.103944 0.011667
vn 0.994515 0.103944 0.011667
vn 0.994515 0.103944 0.011667
vn -0.024353 0.998905 -0.039937
vn -0.024353 0.998905 -0.039937
vn -0.024353 0.998905 -0.039937
vn -0.053378 0.997940 -0.035599
vn -0.022962 0.998668 0.046204
vn -0.022962 0.998668 0.046204
vn 0.007628 0.991789 0.127656
vn 0.978508 0.131585 0.158771
vn 0.978508 0.131585 0.158771
vn 0.978508 0.131585 0.158771
vn -0.031390 0.929498 0.367490
vn -0.006927 0.929221 0.369459
vn -0.006927 0.929221 0.369459
vn 0.017539 0.928385 0.371205
vn -0.999999 0.001530 0.000575
vn -1.000000 0.000762 0.000247
vn -1.000000 0.000762 0.000247
vn -1.000000 -0.000005 -0.000081
vn 0.989557 0.089576 -0.112926
vn 0.957038 -0.049848 -0.285646
vn 0.957038 -0.049848 -0.285646
vn 0.876352 -0.186765 -0.443989
vn 0.070816 0.930195 0.360171
vn 0.044213 0.930506 0.363599
vn 0.044213 0.930506 0.363599
vn 0.017579 0.930147 0.366766
vn 0.891261 -0.206863 -0.403561
vn 0.674922 0.129223 -0.726486
vn 0.674922 0.129223 -0.726486
vn 0.280379 0.431189 -0.857592
vn -0.060767 0.989985 0.127429
vn -0.060767 0.989985 0.127429
vn -0.060767 0.989985 0.127429
vn -0.025300 0.845556 -0.533287
vn -0.026963 0.846970 -0.530957
vn -0.026963 0.846970 -0.530957
vn -0.028625 0.848375 -0.528621
vn 0.228441 0.828832 -0.510737
vn 0.319802 0.894876 -0.311326
vn 0.319802 0.894876 -0.311326
vn 0.394382 0.913963 -0.095578
vn 0.808511 0.405744 0.426242
vn 0.808511 0.405744 0.426242
vn 0.808511 0.405744 0.426242
vn 0.990144 0.104987 0.092700
vn 0.954517 0.295653 0.038552
vn 0.954517 0.295653 0.038552
vn 0.880181 0.474328 -0.017159
vn 0.977336 0.211512 0.008794
vn 0.985952 0.166960 -0.004795
vn 0.985952 0.166960 -0.004795
vn 0.992356 0.122034 -0.018373
vn 0.989959 0.140500 0.015548
vn 0.991207 0.129882 0.025302
vn 0.991207 0.129882 0.025302
vn 0.992247 0.119237 0.035050
vn 0.999879 -0.013024 -0.008448
vn 0.997839 0.064381 0.013154
vn 0.997839 0.064381 0.013154
vn 0.989350 0.141370 0.034671
vn 0.982164 0.187332 0.016137
vn 0.996205 0.085975 -0.013563
vn 0.996205 0.085975 -0.013563
vn 0.998936 -0.016359 -0.043110
vn 0.981887 0.186210 0.034986
vn 0.981887 0.186210 0.034986
vn 0.981887 0.186210 0.034986
vn 0.044776 0.064215 0.996931
vn 0.044776 0.064215 0.996931
vn 0.044776 0.064215 0.996931
vn 0.105317 0.015026 0.994325
vn 0.105317 0.015026 0.994325
vn 0.105317 0.015026 0.994325
vn -0.027035 0.250033 0.967860
vn -0.130799 0.200739 0.970874
vn -0.130799 0.200739 0.970874
vn -0.232835 0.148794 0.961066
vn 0.000391 0.114209 0.993457
vn -0.013107 0.111889 0.993634
vn -0.013107 0.111889 0.993634
vn -0.026602 0.109548 0.993626
vn 0.000092 1.000000 0.000001
vn 0.000070 1.000000 0.000007
vn 0.000070 1.000000 0.000007
vn 0.000049 1.000000 0.000013
vn -0.107238 0.508799 0.854180
vn -0.107238 0.508799 0.854180
vn -0.107238 0.508799 0.854180
vn -0.172166 0.504699 0.845954
vn -0.144056 0.497289 0.855542
vn -0.199947 0.480554 0.853867
vn -0.129873 0.493387 0.860059
vn -0.030882 0.525650 0.850141
vn -0.968114 0.237790 -0.078810
vn -0.777083 -0.002248 0.629395
vn -0.777083 -0.002248 0.629395
vn -0.123170 -0.240946 0.962691
vn -0.983551 0.180430 0.008499
vn -0.990906 0.134434 -0.005810
vn -0.990906 0.134434 -0.005810
vn -0.995907 0.088119 -0.020105
vn -0.491422 0.791415 0.363548
vn -0.491422 0.791415 0.363548
vn -0.491422 0.791415 0.363548
vn -0.992763 0.119501 -0.011876
vn -0.994678 0.102865 0.005851
vn -0.994678 0.102865 0.005851
vn -0.996002 0.086169 0.023574
vn 0.003766 0.999300 -0.037217
vn 0.000901 0.999404 -0.034505
vn 0.000901 0.999404 -0.034505
vn -0.001963 0.999493 -0.031793
vn 0.175091 0.984219 -0.025607
vn -0.058931 0.959311 -0.276132
vn -0.058931 0.959311 -0.276132
vn -0.285991 0.821061 -0.494033
vn 0.031391 0.903638 0.427144
vn 0.012929 0.904844 0.425547
vn 0.012929 0.904844 0.425547
vn -0.005537 0.905738 0.423803
vn -0.004493 0.958563 0.284845
vn -0.007835 0.958861 0.283769
vn -0.007835 0.958861 0.283769
vn -0.011178 0.959146 0.282690
vn 0.018846 0.994263 -0.105295
vn 0.003183 0.994235 -0.107179
vn 0.003183 0.994235 -0.107179
vn -0.012481 0.993959 -0.109036
vn 0.135249 0.960504 -0.243186
vn 0.135249 0.960504 -0.243186
vn 0.135249 0.960504 -0.243186
vn -0.996981 -0.074672 -0.021272
vn -0.999728 0.023271 0.001700
vn -0.999728 0.023271 0.001700
vn -0.992349 0.120979 0.024653
vn 0.009666 0.981616 0.190621
vn 0.365801 0.921561 0.130061
vn 0.365801 0.921561 0.130061
vn 0.672879 0.737918 0.052059
vn 0.803019 0.555306 0.216321
vn 0.803019 0.555306 0.216321
vn 0.803019 0.555306 0.216321
vn -0.988348 -0.132162 -0.075512
vn -0.992121 -0.105276 -0.067920
vn -0.992121 -0.105276 -0.067920
vn -0.995106 -0.078306 -0.060274
vn -0.987357 0.137500 0.078867
vn -0.987357 0.137500 0.078867
vn -0.987357 0.137500 0.078867
vn 0.570716 0.563510 0.597278
vn -0.313023 0.736565 0.599574
vn -0.313023 0.736565 0.599574
vn -0.942917 0.312305 0.115648
vn 0.001462 0.999793 -0.020277
vn 0.006664 0.999857 -0.015522
vn 0.006664 0.999857 -0.015522
vn 0.011865 0.999872 -0.010766
vn -0.988366 -0.132176 -0.075242
vn -0.988366 -0.132176 -0.075242
vn -0.988366 -0.132176 -0.075242
vn -0.994614 0.103016 0.011452
vn -0.994614 0.103016 0.011452
vn -0.994614 0.103016 0.011452
vn 0.024554 0.998902 -0.039902
vn 0.024554 0.998902 -0.039902
vn 0.024554 0.998902 -0.039902
vn -0.007265 0.991792 0.127654
vn 0.021934 0.998700 0.046021
vn 0.021934 0.998700 0.046021
vn 0.050966 0.998053 -0.035961
vn -0.978789 0.130642 0.157815
vn -0.978789 0.130642 0.157815
vn -0.978789 0.130642 0.157815
vn 0.032962 0.929451 0.367471
vn 0.006790 0.929209 0.369493
vn 0.006790 0.929209 0.369493
vn -0.019387 0.928326 0.371261
vn 0.999992 0.002025 -0.003560
vn 0.999991 0.000787 -0.004092
vn 0.999991 0.000787 -0.004092
vn 0.999989 -0.000452 -0.004623
vn -0.910121 0.261400 -0.321481
vn -0.882826 0.150638 -0.444890
vn -0.882826 0.150638 -0.444890
vn -0.830597 0.035621 -0.555733
vn 1.000000 -0.000000 0.000000
vn 1.000000 -0.000000 0.000000
vn 1.000000 -0.000000 0.000000
vn 1.000000 0.000000 0.000000
vn -0.019430 0.930034 0.366960
vn -0.051800 0.930063 0.363729
vn -0.051800 0.930063 0.363729
vn -0.084116 0.929108 0.360114
vn -0.320368 0.459100 -0.828608
vn -0.701361 0.230981 -0.674345
vn -0.701361 0.230981 -0.674345
vn -0.927359 -0.048183 -0.371058
vn 0.072012 0.989242 0.127334
vn 0.072012 0.989242 0.127334
vn 0.072012 0.989242 0.127334
vn 0.331845 -0.018771 -0.943147
vn 0.299776 0.149990 -0.942145
vn 0.299776 0.149990 -0.942145
vn 0.258861 0.314325 -0.913340
vn -0.035265 0.418213 -0.907664
vn -0.095063 0.399695 -0.911706
vn -0.095063 0.399695 -0.911706
vn -0.154486 0.379603 -0.912160
vn 0.025794 0.845481 -0.533382
vn 0.027435 0.846845 -0.531132
vn 0.027435 0.846845 -0.531132
vn 0.029076 0.848200 -0.528878
vn -0.232433 0.828587 -0.509332
vn -0.323008 0.892691 -0.314274
vn -0.323008 0.892691 -0.314274
vn -0.397316 0.911839 -0.103390
vn 0.696803 0.163762 -0.698318
vn 0.696951 0.187340 -0.692216
vn 0.696951 0.187340 -0.692216
vn 0.696685 0.210807 -0.685704
vn 0.657515 0.369899 -0.656391
vn 0.657515 0.369899 -0.656391
vn 0.657515 0.369899 -0.656391
vn 0.518009 0.556865 -0.649283
vn 0.518009 0.556865 -0.649283
vn 0.518009 0.556865 -0.649283
vn -0.780307 0.419002 0.464283
vn -0.469322 0.555028 0.686790
vn -0.469322 0.555028 0.686790
vn -0.081028 0.599628 0.796166
vn -0.100493 -0.242308 0.964981
vn -0.050776 -0.079752 0.995521
vn -0.050776 -0.079752 0.995521
vn 0.000455 0.085183 0.996365
vn -0.000007 1.000000 0.000016
vn -0.000009 1.000000 0.000016
vn -0.000009 1.000000 0.000016
vn -0.000010 1.000000 0.000015
vn 0.000370 0.999352 -0.036004
vn 0.001141 0.999425 -0.033899
vn 0.001141 0.999425 -0.033899
vn 0.001913 0.999493 -0.031794
vn -0.000500 0.933023 0.359816
vn -0.000110 0.932937 0.360039
vn -0.000110 0.932937 0.360039
vn 0.000279 0.932851 0.360262
vn 0.004643 0.936549 0.350506
vn 0.002077 0.937012 0.349291
vn 0.002077 0.937012 0.349291
vn -0.000488 0.937467 0.348074
vn -0.011299 0.948130 0.317681
vn -0.001398 0.947119 0.320880
vn -0.001398 0.947119 0.320880
vn 0.008504 0.946004 0.324043
f 289/303/1 1/1/2 286/300/3
f 376/373/4 7/7/5 234/242/6
f 234/242/6 7/7/5 233/241/7
f 375/372/8 378/375/9 366/363/10
f 366/363/10 378/375/9 379/376/11
f 24/24/12 67/67/13 383/380/14
f 383/380/14 67/67/13 382/379/15
f 23/23/16 24/24/17 384/381/18
f 384/381/18 24/24/17 383/380/19
f 371/368/20 372/369/21 152/155/22
f 152/155/22 372/369/21 17/17/23
f 24/24/24 23/23/25 155/158/26
f 155/158/26 23/23/25 152/155/27
f 67/67/28 24/24/29 156/159/30
f 156/159/30 24/24/29 155/158/31
f 147/150/32 138/141/33 16/16/34
f 16/16/34 138/141/33 66/66/35
f 146/149/36 147/150/37 17/17/38
f 17/17/38 147/150/37 16/16/39
f 373/370/40 374/371/41 146/149/42
f 139/142/43 65/65/44 28/28/45
f 26/26/46 67/67/47 157/160/48
f 157/160/48 67/67/47 156/159/49
f 67/67/50 26/26/51 382/379/52
f 382/379/52 26/26/51 381/378/53
f 443/440/54 119/122/55 479/481/56
f 479/481/56 119/122/55 478/480/57
f 126/129/58 446/443/59 449/446/60
f 477/479/61 246/254/62 476/478/63
f 476/478/63 246/254/62 127/130/64
f 138/141/65 142/145/66 66/66/67
f 66/66/67 142/145/66 25/25/68
f 372/369/69 373/370/70 17/17/71
f 17/17/71 373/370/70 146/149/72
f 374/371/73 375/372/74 146/149/75
f 146/149/75 375/372/74 366/363/76
f 146/149/77 30/30/78 147/150/79
f 147/150/79 30/30/78 29/29/80
f 138/141/81 147/150/82 158/161/83
f 158/161/83 147/150/82 65/65/84
f 147/150/82 29/29/85 65/65/84
f 385/382/86 370/367/87 384/381/88
f 384/381/88 370/367/87 23/23/89
f 12/12/90 368/365/91 369/366/92
f 367/364/93 368/365/94 12/12/95
f 370/367/96 371/368/97 23/23/98
f 23/23/98 371/368/97 152/155/99
f 155/158/100 152/155/101 16/16/102
f 16/16/102 152/155/101 17/17/103
f 156/159/104 155/158/105 66/66/106
f 66/66/106 155/158/105 16/16/107
f 157/160/108 156/159/109 25/25/110
f 25/25/110 156/159/109 66/66/111
f 158/161/112 65/65/113 139/142/114
f 142/145/115 138/141/116 141/144/117
f 141/144/117 138/141/116 140/143/118
f 139/142/119 140/143/118 158/161/120
f 138/141/116 158/161/120 140/143/118
f 220/228/121 219/227/122 218/226/123
f 218/226/123 219/227/122 350/342/124
f 231/239/125 230/238/126 220/228/127
f 220/228/127 230/238/126 219/227/128
f 233/241/129 230/238/130 234/242/131
f 234/242/131 230/238/130 231/239/132
f 119/122/133 128/131/134 478/480/135
f 478/480/135 128/131/134 477/479/136
f 128/131/134 246/254/137 477/479/136
f 327/279/138 328/263/139 271/283/140
f 271/283/140 328/263/139 251/259/141
f 271/283/142 251/259/143 272/284/144
f 272/284/144 251/259/143 263/274/145
f 255/266/146 272/284/147 252/260/148
f 252/260/148 272/284/147 263/274/149
f 288/302/150 7/7/151 289/303/152
f 7/7/151 21/21/153 289/303/152
f 287/301/154 289/303/152 21/21/153
f 475/477/155 1/1/156 289/303/157
f 30/30/158 343/336/159 29/29/160
f 29/29/160 343/336/159 342/335/161
f 30/30/162 380/377/163 343/336/164
f 218/226/165 350/342/166 343/336/167
f 343/336/167 350/342/166 9/9/168
f 366/363/169 379/376/170 30/30/171
f 30/30/171 379/376/170 380/377/172
f 146/149/173 366/363/174 30/30/175
f 367/364/176 14/14/177 368/365/178
f 151/154/179 368/365/178 149/152/180
f 14/14/177 149/152/180 368/365/178
f 368/365/181 151/154/182 369/366/183
f 369/366/183 151/154/182 150/153/184
f 370/367/185 385/382/186 148/151/187
f 148/151/187 385/382/186 386/383/188
f 153/156/189 371/368/190 148/151/191
f 148/151/191 371/368/190 370/367/192
f 153/156/193 154/157/194 371/368/195
f 372/369/196 371/368/195 20/20/197
f 154/157/194 20/20/197 371/368/195
f 372/369/198 20/20/199 373/370/200
f 373/370/200 20/20/199 144/147/201
f 144/147/202 145/148/203 373/370/204
f 373/370/204 145/148/203 374/371/205
f 145/148/206 143/146/207 374/371/208
f 374/371/208 143/146/207 375/372/209
f 143/146/207 31/31/210 375/372/209
f 31/31/211 32/32/212 375/372/213
f 375/372/213 32/32/212 378/375/214
f 33/33/215 13/13/216 377/374/217
f 377/374/217 13/13/216 376/373/218
f 32/32/219 33/33/220 378/375/221
f 378/375/221 33/33/220 377/374/222
f 379/376/223 377/374/224 234/242/225
f 234/242/225 377/374/224 376/373/226
f 379/376/227 378/375/228 377/374/229
f 379/376/230 231/239/231 220/228/232
f 343/336/233 380/377/234 218/226/235
f 379/376/236 220/228/237 380/377/238
f 380/377/238 220/228/237 218/226/239
f 379/376/240 234/242/241 231/239/242
f 382/379/243 381/378/244 388/385/245
f 388/385/245 381/378/244 387/384/246
f 383/380/247 382/379/248 389/386/249
f 389/386/249 382/379/248 388/385/250
f 384/381/251 383/380/252 390/387/253
f 390/387/253 383/380/252 389/386/254
f 391/388/255 385/382/256 390/387/257
f 390/387/257 385/382/256 384/381/258
f 385/382/259 391/388/260 386/383/261
f 386/383/261 391/388/260 392/389/262
f 388/385/263 387/384/264 68/68/265
f 68/68/265 387/384/264 15/15/266
f 387/384/264 27/27/267 15/15/266
f 389/386/268 388/385/269 11/11/270
f 11/11/270 388/385/269 68/68/271
f 390/387/272 389/386/273 12/12/274
f 12/12/274 389/386/273 11/11/275
f 369/366/276 391/388/277 12/12/278
f 12/12/278 391/388/277 390/387/279
f 391/388/280 369/366/281 392/389/282
f 392/389/282 369/366/281 150/153/283
f 95/95/284 97/97/285 408/405/286
f 97/97/285 407/404/287 408/405/286
f 408/405/286 407/404/287 406/403/288
f 408/405/289 406/403/290 409/406/291
f 409/406/291 406/403/290 405/402/292
f 419/416/293 420/417/294 416/413/295
f 415/412/296 467/469/297 420/417/298
f 420/417/298 467/469/297 416/413/299
f 416/413/299 467/469/297 468/470/300
f 18/18/301 467/469/302 414/411/303
f 414/411/303 467/469/302 415/412/304
f 419/416/305 416/413/306 418/415/307
f 431/428/308 56/56/309 432/429/310
f 432/429/310 56/56/309 58/58/311
f 422/419/312 433/430/313 472/474/314
f 472/474/314 433/430/313 471/473/315
f 124/127/316 445/442/317 450/447/318
f 450/447/318 445/442/317 446/443/319
f 445/442/320 123/126/321 446/443/322
f 446/443/322 123/126/321 121/124/323
f 126/129/324 450/447/325 446/443/326
f 468/470/327 467/469/328 417/414/329
f 432/429/330 58/58/331 616/717/332
f 472/474/333 471/473/334 615/716/335
f 471/473/334 616/717/332 615/716/335
f 616/717/332 58/58/331 615/716/335
f 22/22/336 289/303/337 287/301/338
f 22/22/339 475/477/340 289/303/341
f 245/253/342 477/479/343 3/3/344
f 3/3/344 477/479/343 476/478/345
f 327/535/346 507/534/347 328/536/348
f 328/536/348 507/534/347 508/537/349
f 509/540/350 511/548/351 508/539/352
f 511/542/353 329/543/354 508/537/355
f 508/537/355 329/543/354 328/536/356
f 306/544/357 330/545/358 511/542/359
f 511/542/359 330/545/358 329/543/360
f 570/673/361 571/657/362 561/664/363
f 561/664/363 571/657/362 568/671/364
f 561/664/365 568/671/366 569/672/367
f 431/428/368 435/432/369 56/56/370
f 56/56/370 435/432/369 436/433/371
f 96/96/372 98/98/373 95/95/374
f 95/95/374 98/98/373 97/97/375
f 96/96/376 50/50/377 605/706/378
f 605/706/378 50/50/377 606/707/379
f 50/50/380 408/405/381 409/406/382
f 408/405/383 50/50/384 95/95/385
f 95/95/385 50/50/384 96/96/386
f 342/335/387 10/10/388 131/134/389
f 131/134/389 10/10/388 64/64/390
f 133/136/391 64/64/392 132/135/393
f 63/63/394 18/18/395 64/64/392
f 64/64/392 18/18/395 132/135/393
f 134/137/396 135/138/397 136/139/398
f 134/137/399 136/139/400 65/65/401
f 136/139/400 137/140/402 65/65/401
f 65/65/401 137/140/402 28/28/403
f 134/137/404 342/335/405 131/134/406
f 352/344/407 353/345/408 10/10/409
f 417/414/410 467/469/411 63/63/412
f 63/63/412 467/469/411 18/18/413
f 342/335/414 134/137/415 29/29/416
f 29/29/416 134/137/415 65/65/417
f 134/137/418 534/614/419 135/138/420
f 10/10/421 342/335/422 352/344/423
f 342/335/422 343/336/424 352/344/423
f 343/336/424 9/9/425 352/344/423
f 64/64/426 133/136/427 131/134/428
f 133/136/427 534/614/429 131/134/428
f 131/134/428 534/614/429 134/137/430
f 468/470/431 469/471/432 416/413/433
f 474/476/434 418/415/435 469/471/432
f 416/413/433 469/471/432 418/415/435
f 19/19/436 474/476/437 469/471/438
f 63/63/439 5/5/440 417/414/441
f 469/471/442 468/470/443 5/5/444
f 5/5/444 468/470/443 417/414/445
f 470/472/446 473/475/447 421/418/448
f 469/471/449 470/472/450 19/19/451
f 19/19/451 470/472/450 421/418/452
f 432/429/453 616/717/454 423/420/455
f 470/472/456 617/718/457 471/473/458
f 471/473/458 617/718/457 616/717/454
f 617/718/457 423/420/455 616/717/454
f 433/430/459 473/475/460 471/473/461
f 471/473/461 473/475/460 470/472/462
f 256/267/463 255/266/464 253/261/465
f 253/261/465 255/266/464 252/260/466
f 543/623/467 636/738/468 629/731/469
f 623/726/470 628/729/471 624/725/472
f 624/725/472 628/729/471 543/623/473
f 629/731/474 624/725/475 543/623/476
f 585/676/477 654/757/478 586/677/479
f 586/677/479 654/757/478 309/311/480
f 635/736/481 634/737/482 314/316/483
f 637/739/484 635/736/485 313/315/486
f 313/315/486 635/736/485 314/316/487
f 636/738/488 637/739/489 629/731/490
f 629/731/490 637/739/489 313/315/491
f 624/725/492 629/731/493 587/678/494
f 587/678/494 629/731/493 313/315/495
f 586/677/496 542/622/497 585/676/498
f 585/676/498 542/622/497 584/675/499
f 655/758/500 587/678/501 656/759/502
f 656/759/502 587/678/501 313/315/503
f 314/316/504 656/759/505 313/315/506
f 638/741/507 556/643/508 639/740/509
f 639/740/509 556/643/508 575/645/510
f 641/742/511 70/646/512 640/743/513
f 640/743/513 70/646/512 658/761/514
f 583/674/515 553/633/516 541/621/517
f 553/633/516 552/632/518 541/621/517
f 541/621/517 552/632/518 73/73/519
f 640/743/520 658/761/521 639/740/522
f 639/740/522 658/761/521 659/762/523
f 658/761/524 70/646/525 73/642/526
f 658/761/527 73/642/528 659/762/529
f 659/762/529 73/642/528 552/641/530
f 642/744/531 643/746/532 593/694/533
f 593/694/533 643/746/532 72/650/534
f 642/744/535 593/694/536 641/742/537
f 641/742/537 593/694/536 70/646/538
f 73/73/539 660/763/540 541/621/541
f 73/73/542 70/70/543 660/763/544
f 660/763/544 70/70/543 593/693/545
f 253/261/546 252/260/547 266/277/548
f 266/277/548 252/260/547 265/276/549
f 603/705/550 436/433/551 604/704/552
f 604/704/552 436/433/551 435/432/553
f 665/768/554 603/705/555 664/767/556
f 664/767/556 603/705/555 604/704/557
f 266/277/558 265/276/559 261/272/560
f 261/272/560 265/276/559 260/271/561
f 254/265/562 251/259/563 329/264/564
f 329/264/564 251/259/563 328/263/565
f 254/265/566 264/275/567 251/259/568
f 251/259/568 264/275/567 263/274/569
f 264/275/570 265/276/571 263/274/572
f 263/274/572 265/276/571 252/260/573
f 247/255/574 254/265/575 330/262/576
f 330/262/576 254/265/575 329/264/577
f 340/333/578 509/540/579 507/538/580
f 507/538/580 509/540/579 508/539/581
f 509/540/582 340/333/583 510/541/584
f 510/541/584 340/333/583 307/309/585
f 676/781/586 53/53/587 677/780/588
f 677/780/588 53/53/587 426/423/589
f 678/782/590 677/780/591 426/423/592
f 664/767/593 426/423/594 665/768/595
f 665/768/595 426/423/594 53/53/596
f 584/675/597 310/312/598 585/676/599
f 310/312/600 584/675/601 314/316/602
f 314/316/602 584/675/601 656/759/603
f 654/757/604 585/676/605 310/312/606
f 394/391/607 401/398/608 393/390/609
f 401/398/610 394/391/611 686/791/612
f 686/791/612 394/391/611 395/392/613
f 429/426/614 666/769/615 604/704/616
f 604/704/616 666/769/615 664/767/617
f 680/783/618 679/784/619 54/54/620
f 678/782/621 426/423/622 679/784/623
f 679/784/623 426/423/622 54/54/624
f 664/767/625 666/769/626 426/423/627
f 426/423/627 666/769/626 54/54/628
f 693/798/629 692/799/630 666/769/631
f 666/769/631 692/799/630 54/54/632
f 691/796/633 680/783/634 692/799/635
f 692/799/635 680/783/634 54/54/636
f 322/324/637 209/217/638 517/577/639
f 322/324/640 517/577/641 284/298/642
f 610/711/643 519/579/644 284/298/645
f 526/586/646 523/583/647 524/584/648
f 528/588/649 323/325/650 527/587/651
f 527/587/652 228/236/653 528/588/654
f 524/584/655 527/587/656 526/586/657
f 526/586/657 527/587/656 323/325/658
f 505/522/659 49/49/660 506/523/661
f 49/49/662 505/522/663 160/163/664
f 10/10/665 6/6/666 64/64/667
f 64/64/667 6/6/666 346/338/668
f 64/64/669 346/338/670 63/63/671
f 614/715/672 346/338/673 613/714/674
f 613/714/674 346/338/673 6/6/675
f 423/420/676 424/421/677 432/429/678
f 432/429/678 424/421/677 431/428/679
f 434/431/680 435/432/681 424/421/682
f 424/421/682 435/432/681 431/428/683
f 434/431/684 429/426/685 435/432/686
f 435/432/686 429/426/685 604/704/687
f 437/434/688 438/435/689 423/420/690
f 423/420/690 438/435/689 424/421/691
f 470/472/692 609/710/693 617/718/694
f 423/420/695 617/718/694 437/434/696
f 609/710/693 618/719/697 617/718/694
f 617/718/694 618/719/697 437/434/696
f 469/471/698 609/710/699 470/472/700
f 437/434/701 698/169/702 700/801/703
f 700/801/703 698/169/702 699/802/704
f 345/337/705 57/57/706 614/715/707
f 614/715/707 57/57/706 440/437/708
f 440/437/709 609/710/710 5/5/711
f 5/5/711 609/710/710 469/471/712
f 440/437/713 5/5/714 346/338/715
f 346/338/715 5/5/714 63/63/716
f 614/715/717 440/437/718 346/338/719
f 698/169/720 440/437/721 57/57/722
f 437/434/723 700/801/724 438/435/725
f 437/434/726 618/719/727 698/169/728
f 440/437/729 698/169/728 609/710/730
f 609/710/730 698/169/728 618/719/727
f 173/177/731 494/498/732 4/4/733
f 4/4/733 494/498/732 214/222/734
f 160/163/735 505/522/736 362/357/737
f 703/807/738 61/61/739 702/806/740
f 702/806/740 61/61/739 493/497/741
f 493/497/742 61/61/743 494/498/744
f 494/498/744 61/61/743 214/222/745
f 266/277/746 259/270/747 253/261/748
f 261/272/749 661/764/750 259/270/751
f 261/272/752 259/270/753 266/277/754
f 292/573/755 291/574/756 620/721/757
f 620/721/757 291/574/756 4/4/758
f 4/4/759 291/574/760 173/177/761
f 173/177/761 291/574/760 301/575/762
f 491/493/763 60/60/764 303/305/765
f 303/305/766 60/60/767 703/807/768
f 703/807/768 60/60/767 61/61/769
f 661/764/770 257/268/771 259/270/772
f 292/573/773 620/721/774 104/104/775
f 104/104/775 620/721/774 103/103/776
f 214/222/777 103/103/778 4/4/779
f 4/4/779 103/103/778 620/721/780
f 241/591/781 301/600/782 242/599/783
f 61/61/784 60/60/785 214/222/786
f 214/222/786 60/60/785 103/103/787
f 257/268/788 103/103/789 259/270/790
f 259/270/790 103/103/789 60/60/791
f 662/765/792 257/268/793 661/764/794
f 257/268/795 662/765/796 104/104/797
f 301/600/798 291/601/799 242/599/800
f 242/599/800 291/601/799 104/602/801
f 104/602/801 291/601/799 292/526/802
f 104/104/803 103/103/804 257/268/805
f 686/791/806 395/392/807 685/790/808
f 685/790/808 395/392/807 396/393/809
f 684/789/810 685/790/811 711/817/812
f 711/817/812 685/790/811 396/393/813
f 717/824/814 172/176/815 718/823/816
f 718/823/816 172/176/815 99/99/817
f 719/451/818 413/410/819 717/824/820
f 717/824/820 413/410/819 172/176/821
f 720/450/822 51/51/823 719/451/824
f 719/451/824 51/51/823 413/410/825
f 720/450/826 721/449/827 51/51/828
f 713/818/829 595/696/830 712/819/831
f 712/819/831 595/696/830 171/175/832
f 712/819/833 171/175/834 714/820/835
f 714/820/835 171/175/834 412/409/836
f 715/821/837 714/820/838 684/789/839
f 684/789/839 714/820/838 412/409/840
f 715/821/841 684/789/842 716/822/843
f 711/817/844 716/822/843 684/789/842
f 718/823/845 713/818/846 717/824/847
f 717/824/847 713/818/846 712/819/848
f 717/824/849 712/819/850 719/451/851
f 719/451/851 712/819/850 714/820/852
f 719/451/853 714/820/854 720/450/855
f 720/450/855 714/820/854 715/821/856
f 721/449/857 720/450/858 716/822/859
f 716/822/859 720/450/858 715/821/860
f 162/165/861 159/162/862 160/163/863
f 160/163/863 159/162/862 49/49/864
f 159/162/865 697/524/866 49/49/867
f 49/49/867 697/524/866 506/523/868
f 162/165/869 160/163/870 363/358/871
f 363/358/871 160/163/870 362/357/872
f 163/166/873 164/167/874 362/357/875
f 362/357/875 164/167/874 363/358/876
f 483/485/877 118/121/878 245/253/879
f 444/441/880 122/125/881 480/482/882
f 480/482/882 122/125/881 479/481/883
f 122/125/881 443/440/884 479/481/883
f 121/124/885 444/441/886 481/483/887
f 481/483/887 444/441/886 480/482/888
f 481/483/889 446/443/890 121/124/891
f 478/480/892 477/479/893 118/121/894
f 118/121/894 477/479/893 245/253/895
f 449/446/896 446/443/897 125/128/898
f 125/128/898 446/443/897 447/444/899
f 447/444/900 722/825/901 125/128/902
f 553/633/903 583/674/904 192/196/905
f 552/641/906 553/640/907 557/639/908
f 557/639/909 638/741/910 659/762/911
f 659/762/911 638/741/910 639/740/912
f 192/638/913 557/639/914 553/640/915
f 552/641/916 557/639/917 659/762/918
f 625/727/919 626/728/920 543/623/921
f 625/727/922 543/623/923 627/730/924
f 627/730/924 543/623/923 628/729/925
f 636/738/926 543/623/927 626/728/928
f 554/634/929 43/43/930 555/635/931
f 555/635/931 43/43/930 41/41/932
f 637/739/933 636/738/934 43/43/935
f 43/43/935 636/738/934 626/728/936
f 635/736/937 637/739/938 554/634/939
f 554/634/939 637/739/938 43/43/940
f 43/43/941 651/754/942 192/196/943
f 638/747/944 557/637/945 645/748/946
f 645/748/946 557/637/945 651/754/947
f 651/754/948 557/637/949 192/196/950
f 651/754/951 43/43/952 625/727/953
f 625/727/953 43/43/952 626/728/954
f 9/9/955 8/8/956 349/341/957
f 353/345/958 352/344/959 349/341/960
f 349/341/960 352/344/959 9/9/961
f 9/9/962 350/342/963 8/8/964
f 354/346/965 351/343/966 347/339/967
f 8/8/968 354/346/969 349/341/970
f 349/341/970 354/346/969 619/720/971
f 349/341/972 6/6/973 353/345/974
f 10/10/975 353/345/974 6/6/973
f 613/714/976 6/6/977 619/720/978
f 619/720/978 6/6/977 349/341/979
f 350/342/980 351/343/981 8/8/982
f 8/8/982 351/343/981 354/346/983
f 702/806/984 493/497/985 701/805/986
f 701/805/986 493/497/985 211/219/987
f 267/278/988 272/284/989 255/266/990
f 272/284/991 267/278/992 271/283/993
f 271/283/993 267/278/992 268/280/994
f 269/281/995 267/278/996 255/266/997
f 326/310/998 327/279/999 268/280/1000
f 268/280/1000 327/279/999 271/283/1001
f 507/534/1002 327/535/1003 308/531/1004
f 308/531/1004 327/535/1003 326/533/1005
f 270/282/1006 269/281/1007 256/267/1008
f 256/267/1008 269/281/1007 255/266/1009
f 256/267/1010 258/269/1011 270/282/1012
f 340/333/1013 507/538/1014 308/683/1015
f 259/270/1016 258/269/1017 253/261/1018
f 253/261/1018 258/269/1017 256/267/1019
f 60/60/1020 491/493/1021 259/270/1022
f 259/270/1022 491/493/1021 258/269/1023
f 270/282/1024 726/830/1025 269/281/1026
f 727/831/1027 325/292/1028 268/280/1029
f 268/280/1029 325/292/1028 326/310/1030
f 727/831/1031 268/280/1032 726/830/1033
f 268/280/1032 267/278/1034 726/830/1033
f 726/830/1033 267/278/1034 269/281/1035
f 274/287/1036 673/776/1037 198/203/1038
f 277/290/1039 276/289/1040 270/282/1041
f 270/282/1041 276/289/1040 726/830/1042
f 674/778/1043 324/205/1044 673/776/1045
f 673/776/1045 324/205/1044 198/203/1046
f 325/292/1047 727/831/1048 725/828/1049
f 725/828/1049 727/831/1048 275/288/1050
f 730/834/1051 198/203/1052 729/833/1053
f 729/833/1053 198/203/1052 324/205/1054
f 730/834/1055 728/832/1056 198/203/1057
f 198/203/1057 728/832/1056 274/287/1058
f 356/350/1059 340/333/1060 308/684/1061
f 356/529/1062 308/531/1063 325/532/1064
f 325/532/1064 308/531/1063 326/533/1065
f 732/836/1066 729/838/1067 674/777/1068
f 674/777/1068 729/838/1067 324/530/1069
f 727/831/1070 726/830/1071 275/288/1072
f 275/288/1072 726/830/1071 276/289/1073
f 356/529/1074 325/532/1075 725/829/1076
f 732/836/1077 731/837/1078 356/529/1079
f 356/529/1080 725/829/1081 732/836/1082
f 732/836/1082 725/829/1081 729/838/1083
f 730/834/1084 729/833/1085 275/288/1086
f 275/288/1086 729/833/1085 725/828/1087
f 728/832/1088 730/834/1089 276/289/1090
f 276/289/1090 730/834/1089 275/288/1091
f 277/290/1092 728/832/1093 276/289/1094
f 498/513/1095 497/512/1096 278/291/1097
f 278/291/1097 497/512/1096 280/294/1098
f 274/287/1099 279/293/1100 673/776/1101
f 673/776/1101 279/293/1100 199/204/1102
f 594/695/1103 278/291/1104 281/295/1105
f 281/295/1105 278/291/1104 280/294/1106
f 594/695/1107 258/269/1108 278/291/1109
f 258/269/1110 594/695/1111 270/282/1112
f 270/282/1112 594/695/1111 277/290/1113
f 279/293/1114 274/287/1115 277/290/1116
f 277/290/1116 274/287/1115 728/832/1117
f 281/295/1118 279/293/1119 594/695/1120
f 594/695/1120 279/293/1119 277/290/1121
f 187/572/1122 733/841/1123 704/814/1124
f 187/572/1125 190/569/1126 733/841/1127
f 733/841/1127 190/569/1126 298/568/1128
f 691/796/1129 692/799/1130 675/779/1131
f 693/798/1132 663/766/1133 692/799/1134
f 692/799/1134 663/766/1133 675/779/1135
f 211/219/1136 167/171/1137 701/805/1138
f 701/805/1138 167/171/1137 59/59/1139
f 605/706/1140 606/707/1141 45/45/1142
f 45/45/1142 606/707/1141 163/166/1143
f 45/45/1144 163/166/1145 505/522/1146
f 505/522/1146 163/166/1145 362/357/1147
f 357/352/1148 98/98/1149 605/706/1150
f 605/706/1150 98/98/1149 96/96/1151
f 357/352/1152 605/706/1153 45/45/1154
f 176/180/1155 357/352/1156 45/45/1157
f 94/94/1158 93/93/1159 92/92/1160
f 92/92/1160 93/93/1159 91/91/1161
f 89/89/1162 193/197/1163 555/635/1164
f 555/635/1164 193/197/1163 554/634/1165
f 635/736/1166 554/634/1167 634/737/1168
f 634/737/1168 554/634/1167 193/197/1169
f 634/737/1170 315/317/1171 314/316/1172
f 193/197/1173 194/198/1174 634/737/1175
f 634/737/1175 194/198/1174 315/317/1176
f 194/198/1177 91/91/1178 93/93/1179
f 315/317/1180 311/313/1181 314/316/1182
f 314/316/1182 311/313/1181 310/312/1183
f 537/617/1184 536/616/1185 538/618/1186
f 539/619/1187 536/616/1188 537/617/1189
f 538/618/1190 536/616/1191 93/93/1192
f 93/93/1192 536/616/1191 194/198/1193
f 98/98/1194 357/352/1195 539/619/1196
f 539/619/1196 357/352/1195 536/616/1197
f 194/198/1198 193/197/1199 91/91/1200
f 91/91/1200 193/197/1199 89/89/1201
f 333/326/1202 112/114/1203 189/193/1204
f 189/193/1204 112/114/1203 190/194/1205
f 188/192/1206 563/666/1207 187/191/1208
f 187/191/1208 563/666/1207 360/355/1209
f 190/194/1210 187/191/1211 189/193/1212
f 189/193/1212 187/191/1211 360/355/1213
f 704/814/1214 188/839/1215 187/572/1216
f 339/332/1217 509/540/1218 305/307/1219
f 305/307/1219 509/540/1218 510/541/1220
f 509/540/1221 339/332/1222 511/548/1223
f 511/548/1223 339/332/1222 306/308/1224
f 332/351/1225 306/308/1226 339/332/1227
f 330/545/1228 306/544/1229 331/546/1230
f 331/546/1230 306/544/1229 332/547/1231
f 530/590/1232 241/249/1233 529/589/1234
f 529/589/1234 241/249/1233 239/247/1235
f 532/594/1236 533/595/1237 529/589/1238
f 529/589/1238 533/595/1237 530/590/1239
f 241/249/1240 242/250/1241 239/247/1242
f 239/247/1242 242/250/1241 240/248/1243
f 104/104/1244 710/816/1245 242/250/1246
f 242/250/1246 710/816/1245 240/248/1247
f 710/816/1248 104/104/1249 105/105/1250
f 178/182/1251 184/188/1252 237/245/1253
f 237/245/1253 184/188/1252 238/246/1254
f 237/245/1255 238/246/1256 532/594/1257
f 532/594/1257 238/246/1256 533/595/1258
f 361/356/1259 176/180/1260 505/522/1261
f 505/522/1261 176/180/1260 45/45/1262
f 506/523/1263 177/361/1264 505/522/1265
f 505/522/1265 177/361/1264 361/356/1266
f 506/523/1267 697/524/1268 177/361/1269
f 177/361/1269 697/524/1268 183/362/1270
f 504/521/1271 177/181/1272 696/525/1273
f 696/525/1273 177/181/1272 183/187/1274
f 504/521/1275 696/525/1276 178/182/1277
f 178/182/1277 696/525/1276 184/188/1278
f 504/521/1279 178/182/1280 503/520/1281
f 503/520/1281 178/182/1280 179/183/1282
f 178/182/1283 237/245/1284 179/183/1285
f 179/183/1285 237/245/1284 180/184/1286
f 332/448/1287 197/201/1288 105/105/1289
f 105/105/1289 197/201/1288 181/185/1290
f 339/332/1291 338/331/1292 332/351/1293
f 332/351/1293 338/331/1292 197/201/1294
f 429/426/1295 694/800/1296 666/769/1297
f 666/769/1297 694/800/1296 693/798/1298
f 439/436/1299 434/431/1300 438/435/1301
f 438/435/1301 434/431/1300 424/421/1302
f 439/436/1303 694/800/1304 434/431/1305
f 434/431/1305 694/800/1304 429/426/1306
f 700/801/1307 439/436/1308 438/435/1309
f 535/615/1310 699/802/1311 57/57/1312
f 57/57/1312 699/802/1311 698/169/1313
f 55/55/1314 439/436/1315 699/802/1316
f 699/802/1316 439/436/1315 700/801/1317
f 55/55/1318 699/802/1319 535/615/1320
f 681/786/1321 535/615/1322 345/337/1323
f 345/337/1323 535/615/1322 57/57/1324
f 694/800/1325 430/427/1326 693/798/1327
f 693/798/1327 430/427/1326 663/766/1328
f 439/436/1329 55/55/1330 694/800/1331
f 694/800/1331 55/55/1330 430/427/1332
f 430/427/1333 723/826/1334 236/244/1335
f 59/59/1336 236/244/1337 724/827/1338
f 724/827/1338 236/244/1337 723/826/1339
f 55/55/1340 723/826/1341 430/427/1342
f 167/171/1343 735/843/1344 59/59/1345
f 59/59/1345 735/843/1344 236/244/1346
f 535/615/1347 681/786/1348 55/55/1349
f 723/826/1350 55/55/1349 681/786/1348
f 213/221/1351 211/219/1352 494/498/1353
f 494/498/1353 211/219/1352 493/497/1354
f 213/221/1355 212/220/1356 211/219/1357
f 211/219/1357 212/220/1356 167/171/1358
f 290/611/1359 363/610/1360 164/613/1361
f 165/168/1362 290/688/1363 164/167/1364
f 159/609/1365 162/612/1366 364/607/1367
f 364/607/1367 162/612/1366 290/611/1368
f 162/612/1366 363/610/1369 290/611/1368
f 364/607/1370 365/605/1371 159/609/1372
f 159/609/1372 365/605/1371 697/722/1373
f 183/608/1374 697/722/1375 736/844/1376
f 365/605/1377 736/844/1376 697/722/1375
f 533/596/1378 319/598/1379 530/592/1380
f 319/598/1381 301/600/1382 530/592/1383
f 530/592/1383 301/600/1382 241/591/1384
f 173/177/1385 210/218/1386 494/498/1387
f 494/498/1387 210/218/1386 213/221/1388
f 319/321/1389 210/218/1390 301/575/1391
f 301/575/1391 210/218/1390 173/177/1392
f 212/220/1393 213/221/1394 317/319/1395
f 317/319/1395 213/221/1394 210/218/1396
f 741/850/1397 364/359/1398 740/849/1399
f 740/849/1399 364/359/1398 290/688/1400
f 165/168/1401 742/851/1402 290/688/1403
f 290/688/1403 742/851/1402 740/849/1404
f 741/850/1405 743/853/1406 364/359/1407
f 364/359/1407 743/853/1406 365/360/1408
f 317/319/1409 40/40/1410 212/220/1411
f 212/220/1411 40/40/1410 611/712/1412
f 161/164/1413 687/792/1414 40/40/1415
f 40/40/1415 687/792/1414 611/712/1416
f 696/527/1417 183/606/1418 318/604/1419
f 183/606/1418 736/844/1420 318/604/1419
f 533/596/1421 238/597/1422 319/598/1423
f 319/598/1423 238/597/1422 318/604/1424
f 318/604/1425 238/597/1426 184/603/1427
f 210/218/1428 319/321/1429 744/854/1430
f 744/854/1430 319/321/1429 318/320/1431
f 745/855/1432 736/845/1433 743/853/1434
f 743/853/1434 736/845/1433 365/360/1435
f 696/527/1436 318/604/1437 184/603/1438
f 744/854/1439 318/320/1440 745/855/1441
f 745/855/1441 318/320/1440 736/845/1442
f 740/849/1443 742/851/1444 161/164/1445
f 161/164/1445 742/851/1444 687/792/1446
f 748/858/1447 745/855/1448 747/857/1449
f 747/857/1449 745/855/1448 743/853/1450
f 748/858/1451 744/854/1452 745/855/1453
f 210/218/1454 744/854/1455 317/319/1456
f 743/853/1457 741/850/1458 747/857/1459
f 747/857/1459 741/850/1458 746/856/1460
f 746/856/1461 741/850/1462 740/849/1463
f 746/856/1464 740/849/1465 161/164/1466
f 746/856/1467 161/164/1468 747/857/1469
f 747/857/1469 161/164/1468 40/40/1470
f 747/857/1471 40/40/1472 748/858/1473
f 748/858/1473 40/40/1472 317/319/1474
f 744/854/1475 748/858/1476 317/319/1477
f 667/770/1478 247/255/1479 331/202/1480
f 331/202/1480 247/255/1479 330/262/1481
f 667/770/1482 331/202/1483 668/771/1484
f 668/771/1484 331/202/1483 332/286/1485
f 668/771/1486 332/286/1487 669/772/1488
f 669/772/1488 332/286/1487 105/105/1489
f 264/275/1490 254/265/1491 262/273/1492
f 262/273/1492 254/265/1491 247/255/1493
f 260/271/1494 262/273/1495 248/256/1496
f 265/276/1497 264/275/1498 260/271/1499
f 260/271/1499 264/275/1498 262/273/1500
f 749/859/1501 262/273/1502 672/775/1503
f 672/775/1504 262/273/1505 247/255/1506
f 667/770/1507 672/775/1508 247/255/1509
f 670/773/1510 750/860/1511 671/774/1512
f 668/771/1513 48/48/1514 667/770/1515
f 667/770/1515 48/48/1514 672/775/1516
f 668/771/1517 671/774/1518 48/48/1519
f 261/272/1520 249/257/1521 661/764/1522
f 661/764/1522 249/257/1521 662/765/1523
f 249/257/1524 261/272/1525 248/256/1526
f 248/256/1526 261/272/1525 260/271/1527
f 671/774/1528 668/771/1529 670/773/1530
f 670/773/1530 668/771/1529 669/772/1531
f 249/257/1532 248/256/1533 273/285/1534
f 273/285/1534 248/256/1533 262/273/1535
f 670/773/1536 669/772/1537 273/285/1538
f 273/285/1538 669/772/1537 249/257/1539
f 105/105/1540 249/257/1541 669/772/1542
f 662/765/1543 249/257/1544 104/104/1545
f 104/104/1545 249/257/1544 105/105/1546
f 672/775/1547 48/48/1548 749/859/1549
f 48/48/1548 671/774/1550 749/859/1549
f 750/860/1551 749/859/1549 671/774/1550
f 750/860/1552 670/773/1553 273/285/1554
f 749/859/1555 750/860/1556 273/285/1557
f 262/273/1558 749/859/1559 273/285/1560
f 311/313/1561 312/314/1562 195/199/1563
f 174/178/1564 359/354/1565 37/37/1566
f 188/192/1567 35/35/1568 737/846/1569
f 737/846/1569 35/35/1568 621/723/1570
f 357/352/1571 176/180/1572 502/519/1573
f 316/318/1574 312/314/1575 315/317/1576
f 315/317/1576 312/314/1575 311/313/1577
f 316/318/1578 536/616/1579 357/352/1580
f 316/318/1581 357/352/1582 175/179/1583
f 175/179/1583 357/352/1582 502/519/1584
f 316/318/1585 315/317/1586 536/616/1587
f 536/616/1587 315/317/1586 194/198/1588
f 334/327/1589 336/329/1590 463/465/1591
f 463/465/1591 336/329/1590 195/199/1592
f 563/666/1593 737/846/1594 360/355/1595
f 360/355/1595 737/846/1594 359/354/1596
f 737/846/1594 621/723/1597 359/354/1596
f 188/192/1598 737/846/1599 563/666/1600
f 503/520/1601 502/519/1602 361/356/1603
f 361/356/1603 502/519/1602 176/180/1604
f 502/519/1605 503/520/1606 751/861/1607
f 751/861/1607 503/520/1606 179/183/1608
f 504/521/1609 503/520/1610 177/181/1611
f 177/181/1611 503/520/1610 361/356/1612
f 359/354/1613 174/178/1614 360/355/1615
f 360/355/1615 174/178/1614 189/193/1616
f 189/193/1617 174/178/1618 333/326/1619
f 333/326/1619 174/178/1618 335/328/1620
f 333/326/1621 335/328/1622 334/327/1623
f 334/327/1623 335/328/1622 336/329/1624
f 502/519/1625 751/861/1626 175/179/1627
f 209/217/1628 200/206/1629 517/577/1630
f 517/577/1630 200/206/1629 516/576/1631
f 284/298/1632 283/297/1633 610/711/1634
f 610/711/1634 283/297/1633 243/251/1635
f 517/577/1636 516/576/1637 284/298/1638
f 284/298/1638 516/576/1637 283/297/1639
f 614/715/1640 613/714/1641 345/337/1642
f 345/337/1642 613/714/1641 608/709/1643
f 354/346/1644 347/339/1645 619/720/1646
f 619/720/1646 347/339/1645 348/340/1647
f 348/340/1648 608/709/1649 619/720/1650
f 619/720/1650 608/709/1649 613/714/1651
f 221/229/1652 348/340/1653 347/339/1654
f 347/339/1655 351/343/1656 221/229/1657
f 221/229/1657 351/343/1656 203/209/1658
f 221/229/1659 62/62/1660 348/340/1661
f 348/340/1661 62/62/1660 608/709/1662
f 216/224/1663 724/827/1664 221/229/1665
f 221/229/1665 724/827/1664 62/62/1666
f 340/333/1667 341/334/1668 307/309/1669
f 307/309/1669 341/334/1668 207/213/1670
f 340/333/1671 356/350/1672 341/334/1673
f 341/334/1673 356/350/1672 731/835/1674
f 59/59/1675 724/827/1676 216/224/1677
f 345/337/1678 608/709/1679 681/786/1680
f 681/786/1680 608/709/1679 62/62/1681
f 681/786/1682 62/62/1683 723/826/1684
f 723/826/1684 62/62/1683 724/827/1685
f 516/576/1686 200/206/1687 341/334/1688
f 200/206/1687 752/862/1689 341/334/1688
f 752/862/1689 207/213/1690 341/334/1688
f 188/839/1691 704/814/1692 299/571/1693
f 105/105/1694 181/185/1695 710/816/1696
f 710/816/1696 181/185/1695 709/815/1697
f 753/879/1698 35/880/1699 515/566/1700
f 515/566/1700 35/880/1699 299/113/1701
f 35/880/1702 753/879/1703 358/881/1704
f 38/878/1705 358/881/1706 753/879/1707
f 3/3/1708 108/108/1709 482/484/1710
f 3/3/1711 482/484/1712 245/253/1713
f 245/253/1713 482/484/1712 483/485/1714
f 106/872/1715 108/876/1716 758/875/1717
f 758/875/1717 108/876/1716 111/111/1718
f 488/490/1719 106/872/1720 487/489/1721
f 106/872/1722 484/486/1723 487/489/1724
f 182/186/1725 483/485/1726 441/438/1727
f 441/438/1727 483/485/1726 482/484/1728
f 106/872/1729 758/875/1730 484/486/1731
f 482/484/1732 108/108/1733 46/46/1734
f 46/46/1734 108/108/1733 106/106/1735
f 441/438/1736 482/484/1737 46/46/1738
f 488/490/1739 490/492/1740 106/872/1741
f 46/869/1742 106/872/1741 490/492/1740
f 46/869/1743 490/492/1744 109/109/1745
f 46/865/1746 109/863/1747 110/864/1748
f 452/558/1749 297/560/1750 112/559/1751
f 297/686/1752 514/565/1753 298/112/1754
f 297/567/1755 298/568/1756 112/570/1757
f 112/570/1757 298/568/1756 190/569/1758
f 458/460/1759 459/461/1760 117/120/1761
f 458/460/1762 117/120/1763 457/459/1764
f 761/882/1765 760/883/1766 456/458/1767
f 239/247/1768 240/248/1769 185/189/1770
f 240/248/1769 739/848/1771 185/189/1770
f 739/848/1771 186/190/1772 185/189/1770
f 240/248/1773 710/816/1774 739/848/1775
f 739/848/1775 710/816/1774 767/890/1776
f 710/816/1774 709/815/1777 767/890/1776
f 760/883/1778 762/884/1779 456/458/1780
f 456/458/1780 762/884/1779 296/117/1781
f 707/811/1782 458/460/1783 116/119/1784
f 116/119/1784 458/460/1783 457/459/1785
f 733/840/1786 705/808/1787 704/809/1788
f 705/808/1789 733/840/1790 514/565/1791
f 514/565/1791 733/840/1790 298/112/1792
f 764/886/1793 452/454/1794 763/885/1795
f 763/885/1795 452/454/1794 296/117/1796
f 454/456/1797 756/877/1798 451/453/1799
f 762/884/1800 763/885/1801 296/117/1802
f 454/456/1803 707/811/1804 455/457/1805
f 455/457/1805 707/811/1804 116/119/1806
f 756/877/1807 454/456/1808 455/457/1809
f 765/887/1810 514/565/1811 297/686/1812
f 706/813/1813 705/808/1814 514/565/1815
f 764/886/1816 765/888/1817 452/454/1818
f 452/454/1818 765/888/1817 297/686/1819
f 454/456/1820 453/455/1821 706/810/1822
f 706/810/1822 453/455/1821 757/874/1823
f 454/456/1824 451/453/1825 453/455/1826
f 515/566/1827 299/113/1828 705/808/1829
f 705/808/1829 299/113/1828 704/809/1830
f 515/566/1831 705/808/1832 115/118/1833
f 115/118/1833 705/808/1832 706/813/1834
f 706/810/1835 757/874/1836 115/118/1837
f 458/460/1838 708/812/1839 459/461/1840
f 459/461/1840 708/812/1839 111/111/1841
f 766/889/1842 761/882/1843 486/488/1844
f 486/488/1844 761/882/1843 456/458/1845
f 485/487/1846 487/489/1847 484/486/1848
f 485/487/1849 758/875/1850 111/111/1851
f 708/812/1852 485/487/1853 111/111/1854
f 758/875/1855 485/487/1856 484/486/1857
f 441/438/1858 709/815/1859 182/186/1860
f 182/186/1860 709/815/1859 181/185/1861
f 759/868/1862 709/815/1863 110/871/1864
f 769/892/1865 766/889/1866 486/488/1867
f 488/490/1868 487/489/1869 489/491/1870
f 489/491/1870 487/489/1869 485/487/1871
f 489/491/1872 490/492/1873 488/490/1874
f 768/893/1875 769/892/1876 295/687/1877
f 295/687/1877 769/892/1876 486/488/1878
f 489/491/1879 759/867/1880 109/109/1881
f 109/109/1881 759/867/1880 110/110/1882
f 709/815/1883 441/438/1884 110/871/1885
f 110/871/1885 441/438/1884 46/46/1886
f 489/491/1887 109/109/1888 490/492/1889
f 759/867/1890 489/491/1891 44/44/1892
f 709/815/1893 759/868/1894 44/44/1895
f 768/891/1896 767/890/1897 44/44/1898
f 44/44/1898 767/890/1897 709/815/1899
f 768/893/1900 44/44/1901 769/892/1902
f 769/892/1902 44/44/1901 489/491/1903
f 766/889/1904 769/892/1905 485/487/1906
f 485/487/1906 769/892/1905 489/491/1907
f 761/882/1908 766/889/1909 708/812/1910
f 708/812/1910 766/889/1909 485/487/1911
f 760/883/1912 761/882/1913 458/460/1914
f 458/460/1914 761/882/1913 708/812/1915
f 762/884/1916 760/883/1917 707/811/1918
f 707/811/1918 760/883/1917 458/460/1919
f 763/885/1920 762/884/1921 454/456/1922
f 454/456/1922 762/884/1921 707/811/1923
f 764/886/1924 763/885/1925 454/456/1926
f 765/888/1927 764/886/1928 706/810/1929
f 706/810/1929 764/886/1928 454/456/1930
f 514/565/1931 765/887/1932 706/813/1933
f 582/653/1934 566/669/1935 81/81/1936
f 771/895/1937 81/81/1938 770/894/1939
f 770/894/1939 81/81/1938 566/669/1940
f 358/353/1941 622/724/1942 35/35/1943
f 35/35/1943 622/724/1942 621/723/1944
f 589/680/1945 39/39/1946 36/36/1947
f 36/36/1947 39/39/1946 38/38/1948
f 622/724/1949 358/353/1950 39/39/1951
f 39/39/1951 358/353/1950 38/38/1952
f 773/897/1953 82/82/1954 772/896/1955
f 772/896/1955 82/82/1954 80/80/1956
f 622/724/1957 39/39/1958 564/667/1959
f 564/667/1959 39/39/1958 80/80/1960
f 621/723/1961 622/724/1962 359/354/1963
f 359/354/1963 622/724/1962 564/667/1964
f 39/39/1965 772/896/1966 80/80/1967
f 770/894/1968 80/80/1969 771/895/1970
f 771/895/1970 80/80/1969 82/82/1971
f 772/896/1972 39/39/1973 589/680/1974
f 773/897/1975 772/896/1976 589/680/1977
f 570/673/1978 76/76/1979 571/657/1980
f 76/76/1981 578/661/1982 577/662/1983
f 578/661/1984 580/659/1985 577/662/1986
f 75/75/1987 571/657/1988 76/76/1989
f 590/689/1990 575/645/1991 69/644/1992
f 69/644/1992 575/645/1991 556/643/1993
f 628/729/1994 549/629/1995 627/730/1996
f 627/730/1996 549/629/1995 548/628/1997
f 69/69/1998 556/636/1999 645/748/2000
f 645/748/2000 556/636/1999 638/747/2001
f 651/754/2002 625/727/2003 548/628/2004
f 548/628/2004 625/727/2003 627/730/2005
f 548/628/2006 646/749/2007 651/754/2008
f 651/754/2008 646/749/2007 645/748/2009
f 774/898/2010 69/69/2011 646/749/2012
f 646/749/2012 69/69/2011 645/748/2013
f 623/726/2014 624/725/2015 550/630/2016
f 550/630/2016 624/725/2015 587/678/2017
f 655/758/2018 657/760/2019 587/678/2020
f 587/678/2020 657/760/2019 550/630/2021
f 628/729/2022 623/726/2023 549/629/2024
f 549/629/2024 623/726/2023 550/630/2025
f 309/311/2026 633/735/2027 586/677/2028
f 632/734/2029 584/675/2030 542/622/2031
f 656/759/2032 584/675/2033 655/758/2034
f 655/758/2034 584/675/2033 632/734/2035
f 632/734/2036 542/622/2037 633/735/2038
f 633/735/2038 542/622/2037 586/677/2039
f 657/760/2040 655/758/2041 631/733/2042
f 631/733/2042 655/758/2041 632/734/2043
f 630/732/2044 631/733/2045 633/735/2046
f 633/735/2046 631/733/2045 632/734/2047
f 577/662/2048 576/663/2049 76/76/2050
f 76/76/2050 576/663/2049 75/75/2051
f 648/751/2052 576/663/2053 649/752/2054
f 647/750/2055 646/749/2056 549/629/2057
f 549/629/2057 646/749/2056 548/628/2058
f 544/624/2059 576/663/2060 573/655/2061
f 573/655/2061 576/663/2060 577/662/2062
f 647/750/2063 649/752/2064 544/624/2065
f 544/624/2065 649/752/2064 576/663/2066
f 646/749/2067 647/750/2068 774/898/2069
f 774/898/2069 647/750/2068 544/624/2070
f 648/751/2071 649/752/2072 682/787/2073
f 682/787/2073 649/752/2072 550/630/2074
f 682/787/2075 550/630/2076 657/760/2077
f 649/752/2078 647/750/2079 550/630/2080
f 550/630/2080 647/750/2079 549/629/2081
f 631/733/2082 682/787/2083 657/760/2084
f 79/79/2085 78/78/2086 565/668/2087
f 79/79/2088 565/668/2089 567/670/2090
f 567/670/2091 565/668/2092 588/679/2093
f 569/672/2094 568/671/2095 562/665/2096
f 562/665/2096 568/671/2095 78/78/2097
f 568/671/2098 572/656/2099 78/78/2100
f 78/78/2100 572/656/2099 77/77/2101
f 654/757/2102 652/755/2103 309/311/2104
f 652/755/2105 654/757/2106 310/312/2107
f 310/312/2108 174/178/2109 652/755/2110
f 652/755/2110 174/178/2109 37/37/2111
f 565/668/2112 566/669/2113 588/679/2114
f 588/679/2114 566/669/2113 582/653/2115
f 78/78/2116 77/77/2117 565/668/2118
f 565/668/2118 77/77/2117 191/195/2119
f 566/669/2120 565/668/2121 191/195/2122
f 191/195/2123 770/894/2124 566/669/2125
f 650/753/2126 564/667/2127 191/195/2128
f 191/195/2128 564/667/2127 80/80/2129
f 564/667/2130 650/753/2131 359/354/2132
f 359/354/2132 650/753/2131 37/37/2133
f 770/894/2134 191/195/2135 80/80/2136
f 572/656/2137 568/671/2138 75/75/2139
f 75/75/2139 568/671/2138 571/657/2140
f 633/735/2141 309/311/2142 630/732/2143
f 630/732/2143 309/311/2142 653/756/2144
f 652/755/2145 653/756/2146 309/311/2147
f 77/77/2148 775/899/2149 191/195/2150
f 191/195/2150 775/899/2149 650/753/2151
f 775/899/2152 652/755/2153 650/753/2154
f 650/753/2154 652/755/2153 37/37/2155
f 75/75/2156 551/631/2157 572/656/2158
f 551/631/2159 75/75/2160 648/751/2161
f 648/751/2161 75/75/2160 576/663/2162
f 652/755/2163 683/788/2164 653/756/2165
f 682/787/2166 683/788/2167 648/751/2168
f 648/751/2168 683/788/2167 551/631/2169
f 682/787/2170 631/733/2171 683/788/2172
f 683/788/2172 631/733/2171 630/732/2173
f 683/788/2174 630/732/2175 653/756/2176
f 77/77/2177 572/656/2178 775/899/2179
f 775/899/2179 572/656/2178 551/631/2180
f 652/755/2181 775/899/2182 683/788/2183
f 683/788/2183 775/899/2182 551/631/2184
f 442/439/2185 479/481/2186 118/121/2187
f 118/121/2187 479/481/2186 478/480/2188
f 442/439/2189 480/482/2190 479/481/2191
f 481/483/2192 480/482/2193 120/123/2194
f 120/123/2194 480/482/2193 442/439/2195
f 182/186/2196 47/47/2197 483/485/2198
f 483/485/2198 47/47/2197 118/121/2199
f 446/443/2200 481/483/2201 447/444/2202
f 447/444/2202 481/483/2201 120/123/2203
f 120/123/2204 448/445/2205 447/444/2206
f 442/439/2207 448/445/2208 120/123/2209
f 442/439/2210 47/47/2211 448/445/2212
f 447/444/2213 448/445/2214 722/825/2215
f 722/825/2215 448/445/2214 130/133/2216
f 305/307/2217 738/847/2218 339/332/2219
f 339/332/2219 738/847/2218 338/331/2220
f 738/847/2218 196/200/2221 338/331/2220
f 197/201/2222 47/47/2223 181/185/2224
f 181/185/2224 47/47/2223 182/186/2225
f 448/445/2226 338/331/2227 130/133/2228
f 130/133/2228 338/331/2227 196/200/2229
f 338/331/2230 448/445/2231 197/201/2232
f 197/201/2232 448/445/2231 47/47/2233
f 47/47/2234 442/439/2235 118/121/2236
f 731/837/2237 732/836/2238 244/528/2239
f 244/528/2239 732/836/2238 674/777/2240
f 250/258/2241 199/204/2242 281/295/2243
f 281/295/2243 199/204/2242 279/293/2244
f 250/258/2245 244/252/2246 199/204/2247
f 673/776/2248 199/204/2249 674/778/2250
f 674/778/2250 199/204/2249 244/252/2251
f 280/294/2252 250/258/2253 281/295/2254
f 244/252/2255 282/296/2256 341/334/2257
f 341/334/2258 731/835/2259 244/252/2260
f 497/512/2261 337/330/2262 208/214/2263
f 280/294/2264 497/512/2265 208/214/2266
f 250/258/2267 280/294/2268 208/214/2269
f 250/258/2270 282/296/2271 244/252/2272
f 208/214/2273 243/251/2274 282/296/2275
f 282/296/2275 243/251/2274 283/297/2276
f 283/297/2277 516/576/2278 282/296/2279
f 282/296/2279 516/576/2278 341/334/2280
f 282/296/2281 250/258/2282 208/214/2283
f 642/744/2284 591/691/2285 643/746/2286
f 643/746/2286 591/691/2285 560/649/2287
f 641/742/2288 559/648/2289 642/744/2290
f 642/744/2290 559/648/2289 591/691/2291
f 776/907/2292 560/908/2293 777/913/2294
f 777/913/2294 560/908/2293 591/914/2295
f 307/966/2296 794/967/2297 510/969/2298
f 794/967/2297 305/968/2299 510/969/2298
f 738/970/2300 305/968/2301 794/967/2302
f 793/963/2303 792/964/2304 795/962/2305
f 795/962/2305 792/964/2304 794/965/2306
f 792/964/2307 196/985/2308 794/965/2309
f 794/965/2309 196/985/2308 738/986/2310
f 196/985/2311 792/964/2312 130/987/2313
f 800/928/2314 792/929/2315 801/927/2316
f 801/927/2316 792/929/2315 793/930/2317
f 802/931/2318 803/932/2319 801/927/2320
f 801/927/2320 803/932/2319 800/928/2321
f 792/964/2322 800/988/2323 130/987/2324
f 130/987/2324 800/988/2323 722/1003/2325
f 125/1004/2326 722/1003/2327 800/988/2328
f 125/935/2329 800/928/2330 449/934/2331
f 800/928/2330 126/933/2332 449/934/2331
f 450/936/2333 126/933/2334 800/928/2335
f 450/936/2336 800/928/2337 124/937/2338
f 124/937/2338 800/928/2337 445/938/2339
f 803/932/2340 802/931/2341 790/926/2342
f 790/926/2342 802/931/2341 791/924/2343
f 803/932/2344 123/939/2345 800/928/2346
f 800/928/2346 123/939/2345 445/938/2347
f 121/940/2348 123/939/2349 803/932/2350
f 790/926/2351 444/941/2352 803/932/2353
f 803/932/2353 444/941/2352 121/940/2354
f 122/942/2355 444/941/2356 790/926/2357
f 443/943/2358 122/942/2359 790/926/2360
f 119/944/2361 443/943/2362 790/926/2363
f 589/957/2364 36/956/2365 784/955/2366
f 773/958/2367 589/957/2368 784/955/2369
f 82/992/2370 773/993/2371 784/994/2372
f 771/959/2373 82/960/2374 784/955/2375
f 805/961/2376 804/995/2377 785/954/2378
f 785/954/2378 804/995/2377 784/955/2379
f 804/995/2380 805/961/2381 782/996/2382
f 782/996/2382 805/961/2381 783/997/2383
f 807/999/2384 782/996/2385 806/998/2386
f 806/998/2386 782/996/2385 783/997/2387
f 804/995/2388 81/1000/2389 784/955/2390
f 784/955/2390 81/1000/2389 771/959/2391
f 81/1000/2392 804/995/2393 582/1002/2394
f 588/1001/2395 582/1002/2394 804/995/2393
f 567/1009/2396 588/1001/2397 804/995/2398
f 79/1010/2399 567/1009/2400 804/995/2401
f 78/1011/2402 79/1010/2403 804/995/2404
f 782/996/2405 562/1012/2406 804/995/2407
f 804/995/2407 562/1012/2406 78/1011/2408
f 569/1013/2409 562/1012/2410 782/996/2411
f 561/1014/2412 569/1013/2413 782/996/2414
f 570/1015/2415 561/1014/2416 782/996/2417
f 76/1016/2418 570/1015/2419 782/996/2420
f 76/1016/2421 782/996/2422 807/999/2423
f 578/1017/2424 76/1016/2425 807/999/2426
f 546/626/2427 547/627/2428 573/655/2429
f 573/655/2430 577/662/2431 546/626/2432
f 546/626/2432 577/662/2431 580/659/2433
f 547/627/2434 545/625/2435 574/654/2436
f 545/625/2437 579/660/2438 574/654/2439
f 590/690/2440 69/69/2441 579/660/2442
f 579/660/2442 69/69/2441 774/898/2443
f 547/627/2444 574/654/2445 544/624/2446
f 573/655/2447 547/627/2448 544/624/2449
f 574/654/2450 579/660/2451 544/624/2452
f 579/660/2453 774/898/2454 544/624/2455
f 322/324/2456 284/298/2457 520/580/2458
f 520/580/2458 284/298/2457 519/579/2459
f 524/584/2460 525/585/2461 695/452/2462
f 695/452/2462 525/585/2461 321/323/2463
f 523/583/2464 525/585/2465 524/584/2466
f 521/581/2467 518/578/2468 520/580/2469
f 518/578/2470 522/582/2471 520/580/2472
f 322/324/2473 520/580/2474 522/582/2475
f 321/323/2476 521/581/2477 695/452/2478
f 695/452/2478 521/581/2477 520/580/2479
f 795/972/2480 794/967/2481 797/971/2482
f 797/971/2482 794/967/2481 796/973/2483
f 810/975/2484 797/971/2485 809/974/2486
f 809/974/2486 797/971/2485 796/973/2487
f 322/976/2488 522/977/2489 796/973/2490
f 796/973/2490 522/977/2489 809/974/2491
f 322/976/2492 796/973/2493 209/978/2494
f 200/1006/2495 209/1007/2496 752/1005/2497
f 752/1005/2497 209/1007/2496 796/1008/2498
f 752/979/2499 796/973/2500 207/980/2501
f 794/967/2502 307/966/2503 796/973/2504
f 796/973/2504 307/966/2503 207/980/2505
f 522/977/2506 518/981/2507 809/974/2508
f 809/974/2508 518/981/2507 811/982/2509
f 811/1027/2510 810/1028/2511 809/1029/2512
f 811/982/2513 518/981/2514 798/990/2515
f 518/981/2514 521/983/2516 798/990/2515
f 521/983/2516 321/984/2517 798/990/2515
f 321/984/2517 525/989/2518 798/990/2515
f 811/982/2519 798/990/2520 810/975/2521
f 810/975/2521 798/990/2520 799/991/2522
f 174/178/2523 310/312/2524 335/328/2525
f 335/328/2525 310/312/2524 336/329/2526
f 336/329/2526 310/312/2524 195/199/2527
f 310/312/2524 311/313/2528 195/199/2527
f 107/107/2529 476/478/2530 129/132/2531
f 129/132/2531 476/478/2530 127/130/2532
f 107/866/2533 457/459/2534 117/120/2535
f 459/461/2536 107/866/2537 117/120/2538
f 107/866/2539 755/870/2540 457/459/2541
f 457/459/2541 755/870/2540 116/119/2542
f 755/870/2543 455/457/2544 116/119/2545
f 754/873/2546 757/874/2547 453/455/2548
f 451/453/2549 754/873/2550 453/455/2551
f 755/870/2552 754/873/2553 455/457/2554
f 455/457/2554 754/873/2553 756/877/2555
f 753/879/2556 515/566/2557 754/873/2558
f 754/873/2558 515/566/2557 115/118/2559
f 756/877/2560 754/873/2561 451/453/2562
f 757/874/2563 754/873/2564 115/118/2565
f 3/3/2566 476/478/2567 108/108/2568
f 108/108/2568 476/478/2567 107/107/2569
f 108/876/2570 107/866/2571 111/111/2572
f 111/111/2572 107/866/2571 459/461/2573
f 786/919/2574 788/920/2575 787/918/2576
f 787/918/2576 788/920/2575 789/921/2577
f 789/921/2578 788/920/2579 791/924/2580
f 791/924/2580 788/920/2579 790/926/2581
f 119/944/2582 790/926/2583 128/945/2584
f 128/945/2584 790/926/2583 788/920/2585
f 246/946/2586 128/945/2587 788/920/2588
f 127/947/2589 246/946/2590 788/920/2591
f 129/948/2592 127/947/2593 788/920/2594
f 812/1033/2595 129/1031/2596 788/1032/2597
f 812/1034/2598 788/920/2599 755/949/2600
f 755/949/2600 788/920/2599 786/919/2601
f 754/951/2602 755/949/2603 786/919/2604
f 753/952/2605 754/951/2606 786/919/2607
f 38/953/2608 753/952/2609 786/919/2610
f 784/955/2611 786/919/2612 785/954/2613
f 785/954/2613 786/919/2612 787/918/2614
f 36/956/2615 38/953/2616 784/955/2617
f 784/955/2617 38/953/2616 786/919/2618
f 812/1034/2619 755/949/2620 107/950/2621
f 129/1031/2622 812/1033/2623 107/1030/2624
f 820/1043/2625 819/1044/2626 598/699/2627
f 598/699/2627 819/1044/2626 597/697/2628
f 821/1045/2629 596/698/2630 819/1044/2631
f 819/1044/2631 596/698/2630 597/697/2632
f 822/1046/2633 820/1043/2634 599/701/2635
f 599/701/2635 820/1043/2634 598/699/2636
f 679/784/2637 599/701/2638 678/782/2639
f 678/782/2639 599/701/2638 598/699/2640
f 678/782/2641 598/699/2642 677/780/2643
f 677/780/2643 598/699/2642 597/697/2644
f 677/780/2645 597/697/2646 676/781/2647
f 676/781/2647 597/697/2646 596/698/2648
f 824/1048/2649 600/700/2650 823/1047/2651
f 823/1047/2651 600/700/2650 688/794/2652
f 822/1046/2653 599/701/2654 824/1048/2655
f 824/1048/2655 599/701/2654 600/700/2656
f 690/797/2657 600/700/2658 691/796/2659
f 691/796/2659 600/700/2658 680/783/2660
f 690/797/2661 688/794/2662 600/700/2663
f 679/784/2664 680/783/2665 599/701/2666
f 599/701/2666 680/783/2665 600/700/2667
f 100/100/2668 718/823/2669 99/99/2670
f 718/823/2671 100/100/2672 713/818/2673
f 100/100/2674 601/702/2675 713/818/2676
f 713/818/2676 601/702/2675 595/696/2677
f 825/1049/2678 100/100/2679 101/101/2680
f 823/1047/2681 825/1049/2682 689/795/2683
f 689/795/2683 825/1049/2682 101/101/2684
f 823/1047/2685 689/795/2686 824/1048/2687
f 824/1048/2687 689/795/2686 612/713/2688
f 824/1048/2689 612/713/2690 822/1046/2691
f 822/1046/2691 612/713/2690 428/425/2692
f 822/1046/2693 428/425/2694 820/1043/2695
f 820/1043/2695 428/425/2694 425/422/2696
f 820/1043/2697 425/422/2698 819/1044/2699
f 819/1044/2699 425/422/2698 427/424/2700
f 819/1044/2701 427/424/2702 821/1045/2703
f 821/1045/2703 427/424/2702 102/102/2704
f 827/1050/2705 826/1051/2706 817/1042/2707
f 817/1042/2707 826/1051/2706 818/1041/2708
f 828/1053/2709 829/1052/2710 827/1050/2711
f 827/1050/2711 829/1052/2710 826/1051/2712
f 829/1052/2713 828/1053/2714 816/1039/2715
f 816/1039/2715 828/1053/2714 815/1040/2716
f 830/1054/2717 816/1039/2718 831/1055/2719
f 831/1055/2719 816/1039/2718 815/1040/2720
f 833/1056/2721 830/1054/2722 832/1057/2723
f 832/1057/2723 830/1054/2722 831/1055/2724
f 832/1057/2725 813/1038/2726 833/1056/2727
f 833/1056/2727 813/1038/2726 814/1037/2728
f 834/1058/2729 835/1059/2730 813/1038/2731
f 813/1038/2731 835/1059/2730 814/1037/2732
f 94/1066/2733 834/1067/2734 93/1068/2735
f 93/1068/2735 834/1067/2734 813/1069/2736
f 93/1068/2737 813/1069/2738 538/1070/2739
f 537/1071/2740 538/1070/2741 813/1069/2742
f 539/1072/2743 537/1071/2744 813/1069/2745
f 98/1073/2746 539/1072/2747 813/1069/2748
f 97/1074/2749 98/1073/2750 832/1075/2751
f 832/1075/2751 98/1073/2750 813/1069/2752
f 831/1076/2753 406/1077/2754 832/1075/2755
f 832/1075/2755 406/1077/2754 407/1078/2756
f 407/1078/2757 97/1074/2758 832/1075/2759
f 405/1079/2760 406/1077/2761 831/1076/2762
f 404/1081/2763 460/1083/2764 831/1076/2765
f 831/1076/2765 460/1083/2764 405/1079/2766
f 394/1085/2767 815/1082/2768 395/1084/2769
f 395/1084/2769 815/1082/2768 828/1086/2770
f 394/1085/2771 393/1087/2772 815/1082/2773
f 393/1087/2774 397/1088/2775 815/1082/2776
f 396/1089/2777 395/1084/2778 828/1086/2779
f 711/1090/2780 396/1089/2781 828/1086/2782
f 711/1090/2783 828/1086/2784 716/1091/2785
f 716/1091/2785 828/1086/2784 827/1092/2786
f 51/1093/2787 721/1094/2788 817/1095/2789
f 817/1095/2789 721/1094/2788 827/1092/2790
f 721/1094/2791 716/1091/2792 827/1092/2793
f 88/88/2794 555/635/2795 41/41/2796
f 641/742/2797 640/743/2798 559/648/2799
f 559/648/2799 640/743/2798 558/647/2800
f 639/740/2801 575/645/2802 640/743/2803
f 640/743/2803 575/645/2802 558/647/2804
f 92/92/2805 91/91/2806 90/90/2807
f 90/90/2807 91/91/2806 89/89/2808
f 90/90/2809 89/89/2810 88/88/2811
f 88/88/2811 89/89/2810 555/635/2812
f 84/906/2813 776/907/2814 88/909/2815
f 558/916/2816 777/913/2817 559/915/2818
f 559/915/2818 777/913/2817 591/914/2819
f 545/625/2820 581/658/2821 579/660/2822
f 808/1025/2823 581/1026/2824 545/1024/2825
f 575/645/2826 592/692/2827 558/647/2828
f 776/907/2829 778/910/2830 88/909/2831
f 778/922/2832 776/923/2833 777/925/2834
f 558/916/2835 778/910/2836 777/913/2837
f 838/1100/2838 778/910/2839 592/917/2840
f 592/917/2841 778/910/2842 558/916/2843
f 836/1060/2844 837/1061/2845 834/1058/2846
f 834/1058/2846 837/1061/2845 835/1059/2847
f 834/1067/2848 94/1066/2849 836/1063/2850
f 836/1063/2850 94/1066/2849 92/1064/2851
f 578/1017/2852 807/999/2853 580/1021/2854
f 580/1021/2854 807/999/2853 780/1020/2855
f 546/1022/2856 580/1021/2857 780/1020/2858
f 547/1023/2859 546/1022/2860 780/1020/2861
f 545/1024/2862 547/1023/2863 808/1025/2864
f 808/1025/2864 547/1023/2863 780/1020/2865
f 806/998/2866 781/1019/2867 807/999/2868
f 807/999/2868 781/1019/2867 780/1020/2869
f 590/690/2870 579/660/2871 74/74/2872
f 74/74/2872 579/660/2871 581/658/2873
f 592/692/2874 575/645/2875 74/652/2876
f 74/652/2876 575/645/2875 590/689/2877
f 581/1026/2878 808/1025/2879 74/1018/2880
f 808/1025/2881 839/1101/2882 74/1018/2883
f 778/910/2884 779/911/2885 88/909/2886
f 88/909/2886 779/911/2885 90/912/2887
f 839/1101/2888 840/1102/2889 74/1018/2890
f 781/1036/2891 837/1061/2892 841/1103/2893
f 841/1103/2893 837/1061/2892 836/1060/2894
f 779/1062/2895 836/1063/2896 90/1065/2897
f 90/1065/2897 836/1063/2896 92/1064/2898
f 74/1018/2899 838/1100/2900 592/917/2901
f 840/1102/2902 838/1100/2903 74/1018/2904
f 778/910/2905 838/1100/2906 779/911/2907
f 839/1101/2908 808/1025/2909 780/1020/2910
f 839/1101/2911 841/1104/2912 840/1102/2913
f 840/1102/2913 841/1104/2912 779/911/2914
f 838/1100/2915 840/1102/2916 779/911/2917
f 841/1103/2912 836/1060/2918 779/1035/2914
f 839/1101/2919 780/1020/2920 841/1104/2893
f 841/1104/2893 780/1020/2920 781/1019/2891
f 42/42/2921 583/674/2922 541/621/2923
f 192/196/2924 583/674/2925 42/42/2926
f 42/42/2927 41/41/2928 192/196/2929
f 192/196/2929 41/41/2928 43/43/2930
f 88/88/2931 41/41/2932 84/84/2933
f 84/84/2933 41/41/2932 42/42/2934
f 42/42/2935 85/85/2936 84/84/2937
f 541/621/2938 540/620/2939 42/42/2940
f 83/83/2941 540/620/2942 71/71/2943
f 660/763/2944 540/620/2945 541/621/2946
f 86/86/2947 540/620/2948 83/83/2949
f 42/42/2950 540/620/2951 85/85/2952
f 85/85/2952 540/620/2951 87/87/2953
f 540/620/2954 660/763/2955 71/71/2956
f 71/71/2956 660/763/2955 72/72/2957
f 660/763/2955 593/693/2958 72/72/2957
f 540/620/2959 86/86/2960 87/87/2961
f 644/745/2962 643/746/2963 560/649/2964
f 643/746/2965 644/745/2966 72/650/2967
f 72/650/2967 644/745/2966 71/651/2968
f 644/900/2969 87/902/2970 86/903/2971
f 644/900/2972 84/906/2973 85/901/2974
f 84/906/2975 644/900/2976 776/907/2977
f 776/907/2977 644/900/2976 560/908/2978
f 83/904/2979 644/900/2980 86/903/2981
f 644/900/2982 83/904/2983 71/905/2984
f 87/902/2985 644/900/2986 85/901/2987
f 842/1105/2988 844/1107/2989 843/1106/2990
f 845/1108/2991 848/1111/2992 846/1109/2993
f 846/1109/2993 848/1111/2992 847/1110/2994
f 849/1112/2995 852/1115/2996 850/1113/2997
f 850/1113/2997 852/1115/2996 851/1114/2998
f 856/1119/2999 855/1118/3000 853/1116/3001
f 853/1116/3001 855/1118/3000 854/1117/3002
f 853/1116/3003 854/1117/3004 857/1120/3005
f 857/1120/3005 854/1117/3004 858/1121/3006
f 859/1122/3007 862/1125/3008 860/1123/3009
f 860/1123/3009 862/1125/3008 861/1124/3010
f 854/1117/3011 863/1126/3012 858/1121/3013
f 858/1121/3013 863/1126/3012 862/1125/3014
f 855/1118/3015 864/1127/3016 854/1117/3017
f 854/1117/3017 864/1127/3016 863/1126/3018
f 868/1131/3019 867/1130/3020 865/1128/3021
f 865/1128/3021 867/1130/3020 866/1129/3022
f 865/1128/3023 866/1129/3024 861/1124/3025
f 861/1124/3025 866/1129/3024 869/1132/3026
f 870/1133/3027 869/1132/3028 871/1134/3029
f 872/1135/3030 874/1137/3031 873/1136/3032
f 875/1138/3033 876/1139/3034 855/1118/3035
f 855/1118/3035 876/1139/3034 864/1127/3036
f 877/1140/3037 875/1138/3038 856/1119/3039
f 856/1119/3039 875/1138/3038 855/1118/3040
f 881/1144/3041 880/1143/3042 878/1141/3043
f 878/1141/3043 880/1143/3042 879/1142/3044
f 882/1145/3045 884/1147/3046 883/1146/3047
f 885/1148/3048 888/1151/3049 886/1149/3050
f 886/1149/3050 888/1151/3049 887/1150/3051
f 890/1153/3052 889/1152/3053 868/1131/3054
f 868/1131/3054 889/1152/3053 867/1130/3055
f 869/1132/3056 870/1133/3057 861/1124/3058
f 861/1124/3058 870/1133/3057 860/1123/3059
f 871/1134/3060 869/1132/3061 849/1112/3062
f 849/1112/3062 869/1132/3061 852/1115/3063
f 892/1155/3064 891/1154/3065 866/1129/3066
f 866/1129/3066 891/1154/3065 869/1132/3067
f 867/1130/3068 893/1156/3069 866/1129/3070
f 893/1156/3069 873/1136/3071 866/1129/3070
f 873/1136/3071 892/1155/3072 866/1129/3070
f 858/1121/3073 895/1158/3074 857/1120/3075
f 857/1120/3075 895/1158/3074 894/1157/3076
f 896/1159/3077 898/1161/3078 897/1160/3079
f 899/1162/3080 896/1159/3081 897/1160/3082
f 895/1158/3083 858/1121/3084 859/1122/3085
f 859/1122/3085 858/1121/3084 862/1125/3086
f 863/1126/3087 865/1128/3088 862/1125/3089
f 862/1125/3089 865/1128/3088 861/1124/3090
f 864/1127/3091 868/1131/3092 863/1126/3093
f 863/1126/3093 868/1131/3092 865/1128/3094
f 876/1139/3095 890/1153/3096 864/1127/3097
f 864/1127/3097 890/1153/3096 868/1131/3098
f 893/1156/3099 872/1135/3100 873/1136/3101
f 889/1152/3102 901/1164/3103 867/1130/3104
f 901/1164/3103 900/1163/3105 867/1130/3104
f 872/1135/3106 893/1156/3107 900/1163/3105
f 900/1163/3105 893/1156/3107 867/1130/3104
f 907/1170/3108 906/1169/3109 904/1167/3110
f 904/1167/3110 906/1169/3109 905/1168/3111
f 908/1171/3112 905/1168/3113 909/1172/3114
f 909/1172/3114 905/1168/3113 906/1169/3115
f 908/1171/3116 909/1172/3117 848/1111/3118
f 848/1111/3118 909/1172/3117 847/1110/3119
f 880/1143/3120 881/1144/3121 910/1173/3122
f 881/1144/3121 885/1148/3123 910/1173/3122
f 885/1148/3123 886/1149/3124 910/1173/3122
f 914/1177/3125 913/1176/3126 911/1174/3127
f 911/1174/3127 913/1176/3126 912/1175/3128
f 916/1179/3129 914/1177/3130 915/1178/3131
f 915/1178/3131 914/1177/3130 911/1174/3132
f 917/1180/3133 918/1181/3134 915/1178/3135
f 915/1178/3135 918/1181/3134 916/1179/3136
f 920/1183/3137 842/1105/3138 846/1109/3139
f 846/1109/3139 842/1105/3138 921/1184/3140
f 919/1182/3141 921/1184/3140 842/1105/3138
f 922/1185/3142 842/1105/3143 843/1106/3144
f 891/1154/3145 892/1155/3146 923/1186/3147
f 923/1186/3147 892/1155/3146 924/1187/3148
f 891/1154/3149 923/1186/3150 925/1188/3151
f 923/1186/3152 926/1189/3153 904/1167/3154
f 904/1167/3154 926/1189/3153 907/1170/3155
f 925/1188/3156 851/1114/3157 891/1154/3158
f 891/1154/3158 851/1114/3157 852/1115/3159
f 869/1132/3160 891/1154/3161 852/1115/3162
f 899/1162/3163 897/1160/3164 927/1190/3165
f 929/1192/3166 928/1191/3167 897/1160/3164
f 927/1190/3165 897/1160/3164 928/1191/3167
f 930/1193/3168 929/1192/3169 898/1161/3170
f 898/1161/3170 929/1192/3169 897/1160/3171
f 895/1158/3172 932/1195/3173 894/1157/3174
f 894/1157/3174 932/1195/3173 931/1194/3175
f 895/1158/3176 859/1122/3177 932/1195/3178
f 932/1195/3178 859/1122/3177 933/1196/3179
f 933/1196/3180 859/1122/3181 934/1197/3182
f 859/1122/3181 860/1123/3183 934/1197/3182
f 934/1197/3182 860/1123/3183 935/1198/3184
f 936/1199/3185 935/1198/3186 870/1133/3187
f 870/1133/3187 935/1198/3186 860/1123/3188
f 936/1199/3189 870/1133/3190 937/1200/3191
f 937/1200/3191 870/1133/3190 871/1134/3192
f 937/1200/3193 871/1134/3194 938/1201/3195
f 849/1112/3196 939/1202/3197 871/1134/3194
f 938/1201/3195 871/1134/3194 939/1202/3197
f 939/1202/3198 849/1112/3199 940/1203/3200
f 940/1203/3200 849/1112/3199 850/1113/3201
f 845/1108/3202 846/1109/3203 941/1204/3204
f 941/1204/3204 846/1109/3203 921/1184/3205
f 845/1108/3206 941/1204/3207 942/1205/3208
f 942/1205/3208 941/1204/3207 943/1206/3209
f 942/1205/3210 943/1206/3211 850/1113/3212
f 850/1113/3212 943/1206/3211 940/1203/3213
f 851/1114/3214 848/1111/3215 942/1205/3216
f 942/1205/3216 848/1111/3215 845/1108/3217
f 851/1114/3218 942/1205/3219 850/1113/3220
f 851/1114/3221 905/1168/3222 908/1171/3223
f 923/1186/3224 904/1167/3225 925/1188/3226
f 925/1188/3227 904/1167/3228 851/1114/3229
f 851/1114/3229 904/1167/3228 905/1168/3230
f 851/1114/3231 908/1171/3232 848/1111/3233
f 945/1208/3234 877/1140/3235 944/1207/3236
f 944/1207/3236 877/1140/3235 856/1119/3237
f 944/1207/3238 856/1119/3239 946/1209/3240
f 946/1209/3240 856/1119/3239 853/1116/3241
f 946/1209/3242 853/1116/3243 947/1210/3244
f 947/1210/3244 853/1116/3243 857/1120/3245
f 857/1120/3246 894/1157/3247 947/1210/3248
f 947/1210/3248 894/1157/3247 948/1211/3249
f 949/1212/3250 948/1211/3251 931/1194/3252
f 931/1194/3252 948/1211/3251 894/1157/3253
f 944/1207/3254 950/1213/3255 945/1208/3256
f 950/1213/3255 952/1215/3257 945/1208/3256
f 952/1215/3257 951/1214/3258 945/1208/3256
f 950/1213/3259 944/1207/3260 953/1216/3261
f 953/1216/3261 944/1207/3260 946/1209/3262
f 953/1216/3263 946/1209/3264 896/1159/3265
f 896/1159/3265 946/1209/3264 947/1210/3266
f 947/1210/3267 948/1211/3268 896/1159/3269
f 896/1159/3269 948/1211/3268 898/1161/3270
f 930/1193/3271 898/1161/3272 949/1212/3273
f 949/1212/3273 898/1161/3272 948/1211/3274
f 955/1218/3275 954/1217/3276 956/1219/3277
f 956/1219/3277 954/1217/3276 957/1220/3278
f 954/1217/3276 958/1221/3279 957/1220/3278
f 960/1223/3280 958/1221/3281 959/1222/3282
f 959/1222/3282 958/1221/3281 954/1217/3283
f 961/1224/3284 963/1226/3285 962/1225/3286
f 964/1227/3287 962/1225/3288 965/1228/3289
f 962/1225/3288 963/1226/3290 965/1228/3289
f 963/1226/3290 966/1229/3291 965/1228/3289
f 967/1230/3292 968/1231/3293 965/1228/3294
f 965/1228/3294 968/1231/3293 964/1227/3295
f 961/1224/3296 969/1232/3297 963/1226/3298
f 58/1236/3299 56/1235/3300 970/1233/3301
f 970/1233/3301 56/1235/3300 971/1234/3302
f 973/1240/3303 972/1239/3304 472/1237/3305
f 472/1237/3305 972/1239/3304 422/1238/3306
f 883/1146/3307 976/1243/3308 974/1241/3309
f 974/1241/3309 976/1243/3308 975/1242/3310
f 978/1245/3311 977/1244/3312 883/1146/3313
f 883/1146/3313 977/1244/3312 976/1243/3314
f 882/1145/3315 883/1146/3316 974/1241/3317
f 966/1229/3318 979/1246/3319 965/1228/3320
f 970/1233/3321 980/1247/3322 58/1236/3323
f 472/1237/3324 615/1248/3325 973/1240/3326
f 973/1240/3326 615/1248/3325 980/1247/3322
f 980/1247/3322 615/1248/3325 58/1236/3323
f 981/1249/3327 919/1182/3328 842/1105/3329
f 981/1249/3330 842/1105/3331 922/1185/3332
f 982/1250/3333 983/1251/3334 885/1148/3335
f 885/1148/3335 983/1251/3334 888/1151/3336
f 986/1255/3337 985/1254/3338 913/1252/3339
f 913/1252/3339 985/1254/3338 912/1253/3340
f 987/1256/3341 986/1258/3342 988/1257/3343
f 913/1252/3344 989/1260/3345 986/1255/3346
f 986/1255/3346 989/1260/3345 988/1259/3347
f 989/1260/3348 991/1262/3349 988/1259/3350
f 988/1259/3350 991/1262/3349 990/1261/3351
f 995/1266/3352 994/1265/3353 992/1263/3354
f 992/1263/3354 994/1265/3353 993/1264/3355
f 992/1263/3356 996/1267/3357 995/1266/3358
f 436/1281/3359 1008/1280/3360 56/1235/3361
f 56/1235/3361 1008/1280/3360 971/1234/3362
f 956/1219/3363 1010/1283/3364 955/1218/3365
f 955/1218/3365 1010/1283/3364 1009/1282/3366
f 1013/1286/3367 1012/1285/3368 1011/1284/3369
f 1011/1284/3369 1012/1285/3368 1009/1282/3370
f 1012/1285/3371 959/1222/3372 954/1217/3373
f 1009/1282/3374 1012/1285/3375 955/1218/3376
f 955/1218/3376 1012/1285/3375 954/1217/3377
f 1016/1289/3378 1015/1288/3379 1014/1287/3380
f 1014/1287/3380 1015/1288/3379 924/1187/3381
f 1017/1290/3382 1019/1292/3383 1016/1289/3384
f 1018/1291/3385 1016/1289/3384 967/1230/3386
f 1019/1292/3383 967/1230/3386 1016/1289/3384
f 1020/1293/3387 1022/1295/3388 1021/1294/3389
f 1020/1293/3390 873/1136/3391 1022/1295/3392
f 874/1137/3393 1023/1296/3394 873/1136/3391
f 873/1136/3391 1023/1296/3394 1022/1295/3392
f 1020/1293/3395 1014/1287/3396 924/1187/3397
f 1024/1297/3398 1015/1288/3399 1025/1298/3400
f 967/1230/3401 965/1228/3402 1018/1291/3403
f 1018/1291/3403 965/1228/3402 979/1246/3404
f 873/1136/3405 1020/1293/3406 892/1155/3407
f 892/1155/3407 1020/1293/3406 924/1187/3408
f 1020/1293/3409 1021/1294/3410 1026/1299/3411
f 1015/1288/3412 1024/1297/3413 924/1187/3414
f 924/1187/3414 1024/1297/3413 923/1186/3415
f 1024/1297/3413 926/1189/3416 923/1186/3415
f 1016/1289/3417 1014/1287/3418 1017/1290/3419
f 1017/1290/3419 1014/1287/3418 1026/1299/3420
f 1014/1287/3418 1020/1293/3421 1026/1299/3420
f 966/1229/3422 963/1226/3423 1027/1300/3424
f 1028/1301/3425 1027/1300/3424 969/1232/3426
f 963/1226/3423 969/1232/3426 1027/1300/3424
f 1029/1302/3427 1027/1300/3428 1028/1301/3429
f 1018/1291/3430 979/1246/3431 1030/1303/3432
f 1027/1300/3433 1030/1303/3434 966/1229/3435
f 966/1229/3435 1030/1303/3434 979/1246/3436
f 1031/1304/3437 1033/1306/3438 1032/1305/3439
f 1033/1306/3440 1031/1304/3441 1029/1302/3442
f 1029/1302/3442 1031/1304/3441 1027/1300/3443
f 970/1233/3444 1035/1308/3445 980/1247/3446
f 1031/1304/3447 973/1240/3448 1034/1307/3449
f 973/1240/3448 980/1247/3446 1034/1307/3449
f 1034/1307/3449 980/1247/3446 1035/1308/3445
f 1031/1304/3450 1032/1305/3451 973/1240/3452
f 973/1240/3452 1032/1305/3451 972/1239/3453
f 918/1181/3454 917/1180/3455 1037/1312/3456
f 1037/1312/3456 917/1180/3455 1038/1313/3457
f 1039/1314/3458 1041/1316/3459 1040/1315/3460
f 1042/1317/3461 1044/1319/3462 1043/1318/3463
f 1043/1318/3463 1044/1319/3462 1039/1314/3464
f 1041/1316/3465 1039/1314/3466 1044/1319/3467
f 1045/1320/3468 1048/1323/3469 1046/1321/3470
f 1046/1321/3470 1048/1323/3469 1047/1322/3471
f 1049/1324/3472 1051/1326/3473 1050/1325/3474
f 1051/1326/3475 1049/1324/3476 1052/1327/3477
f 1052/1327/3477 1049/1324/3476 1053/1328/3478
f 1052/1327/3479 1053/1328/3480 1041/1316/3481
f 1041/1316/3481 1053/1328/3480 1040/1315/3482
f 1052/1327/3483 1041/1316/3484 1054/1329/3485
f 1054/1329/3485 1041/1316/3484 1044/1319/3486
f 1056/1331/3487 1055/1330/3488 1045/1320/3489
f 1045/1320/3489 1055/1330/3488 1048/1323/3490
f 1052/1327/3491 1054/1329/3492 1057/1332/3493
f 1057/1332/3493 1054/1329/3492 1058/1333/3494
f 1051/1326/3495 1052/1327/3496 1057/1332/3497
f 1062/1335/3498 1061/1336/3499 1059/1334/3500
f 1059/1334/3500 1061/1336/3499 1060/1337/3501
f 1066/1339/3502 1065/1340/3503 1063/1338/3504
f 1063/1338/3504 1065/1340/3503 1064/1341/3505
f 1068/1343/3506 1067/1342/3507 1069/1344/3508
f 1069/1344/3508 1067/1342/3507 1070/1345/3509
f 1067/1342/3507 1071/1346/3510 1070/1345/3509
f 1063/1338/3511 1059/1334/3512 1066/1339/3513
f 1066/1339/3513 1059/1334/3512 1072/1347/3514
f 1066/1339/3515 1071/1348/3516 1065/1340/3517
f 1070/1349/3518 1071/1348/3519 1072/1347/3520
f 1072/1347/3520 1071/1348/3519 1066/1339/3521
f 1073/1350/3522 1076/1351/3523 1074/1353/3524
f 1074/1353/3524 1076/1351/3523 1075/1352/3525
f 1065/1340/3526 1073/1350/3527 1064/1341/3528
f 1064/1341/3528 1073/1350/3527 1074/1353/3529
f 1071/1346/3530 1067/1342/3531 1077/1354/3532
f 1073/1356/3533 1065/1355/3534 1077/1354/3535
f 1077/1354/3535 1065/1355/3534 1071/1346/3536
f 1079/1358/3537 918/1181/3538 1078/1357/3539
f 1078/1357/3539 918/1181/3538 1037/1312/3540
f 1008/1280/3541 436/1281/3542 1080/1359/3543
f 1080/1359/3543 436/1281/3542 603/1360/3544
f 1080/1359/3545 603/1360/3546 1081/1361/3547
f 1081/1361/3547 603/1360/3546 665/1362/3548
f 1083/1364/3549 1079/1358/3550 1082/1363/3551
f 1082/1363/3551 1079/1358/3550 1078/1357/3552
f 913/1176/3553 914/1177/3554 989/1365/3555
f 989/1365/3555 914/1177/3554 1084/1366/3556
f 916/1179/3557 1085/1367/3558 914/1177/3559
f 914/1177/3559 1085/1367/3558 1084/1366/3560
f 918/1181/3561 1079/1358/3562 916/1179/3563
f 916/1179/3563 1079/1358/3562 1085/1367/3564
f 989/1365/3565 1084/1366/3566 991/1368/3567
f 991/1368/3567 1084/1366/3566 1086/1369/3568
f 986/1258/3569 987/1256/3570 985/1370/3571
f 985/1370/3571 987/1256/3570 1087/1371/3572
f 1089/1373/3573 1087/1371/3574 1088/1372/3575
f 1088/1372/3575 1087/1371/3574 987/1256/3576
f 1091/1377/3577 53/1376/3578 1090/1374/3579
f 1090/1374/3579 53/1376/3578 676/1375/3580
f 1092/1378/3581 1091/1377/3582 1090/1374/3583
f 53/1376/3584 1091/1377/3585 665/1362/3586
f 665/1362/3586 1091/1377/3585 1081/1361/3587
f 1056/1331/3588 1045/1320/3589 1093/1379/3590
f 1057/1332/3591 1056/1331/3592 1051/1326/3593
f 1051/1326/3593 1056/1331/3592 1093/1379/3594
f 1046/1321/3595 1093/1379/3596 1045/1320/3597
f 1100/1386/3598 1102/1388/3599 1101/1387/3600
f 1101/1387/3601 1109/1395/3602 1100/1386/3603
f 1100/1386/3603 1109/1395/3602 1108/1394/3604
f 1110/1396/3605 1080/1359/3606 1111/1397/3607
f 1111/1397/3607 1080/1359/3606 1081/1361/3608
f 1112/1398/3609 1114/1400/3610 1113/1399/3611
f 1114/1400/3612 1091/1377/3613 1113/1399/3614
f 1113/1399/3614 1091/1377/3613 1092/1378/3615
f 1114/1400/3616 1111/1397/3617 1091/1377/3618
f 1091/1377/3618 1111/1397/3617 1081/1361/3619
f 1115/1401/3620 1111/1397/3621 1116/1402/3622
f 1116/1402/3622 1111/1397/3621 1114/1400/3623
f 1114/1400/3624 1112/1398/3625 1116/1402/3626
f 1116/1402/3626 1112/1398/3625 1117/1403/3627
f 1119/1405/3628 1118/1404/3629 844/1107/3630
f 844/1107/3630 1118/1404/3629 843/1106/3631
f 1120/1406/3632 1122/1408/3633 1121/1407/3634
f 1120/1406/3635 1123/1409/3636 1122/1408/3637
f 1124/1410/3638 1123/1409/3639 1125/1411/3640
f 1127/1413/3641 1129/1415/3642 1128/1414/3643
f 1130/1416/3644 1132/1418/3645 1131/1417/3646
f 1132/1418/3647 1119/1405/3648 1129/1415/3649
f 1129/1415/3649 1119/1405/3648 1126/1412/3650
f 1132/1418/3651 1130/1416/3652 1118/1404/3653
f 1131/1417/3654 1132/1418/3655 1127/1413/3656
f 1127/1413/3656 1132/1418/3655 1129/1415/3657
f 1118/1404/3658 1119/1405/3659 1132/1418/3660
f 1129/1415/3661 1126/1412/3662 1133/1419/3663
f 1141/1426/3664 1143/1428/3665 1142/1427/3666
f 1142/1427/3667 1144/1429/3668 1141/1426/3669
f 1146/1431/3670 1145/1430/3671 1016/1289/3672
f 1016/1289/3672 1145/1430/3671 1015/1288/3673
f 1016/1289/3674 1018/1291/3675 1146/1431/3676
f 1145/1430/3677 1146/1431/3678 1147/1432/3679
f 1147/1432/3679 1146/1431/3678 1148/1433/3680
f 971/1234/3681 1149/1434/3682 970/1233/3683
f 970/1233/3683 1149/1434/3682 1035/1308/3684
f 971/1234/3685 1008/1280/3686 1149/1434/3687
f 1149/1434/3687 1008/1280/3686 1150/1435/3688
f 1080/1359/3689 1110/1396/3690 1008/1280/3691
f 1008/1280/3691 1110/1396/3690 1150/1435/3692
f 1149/1434/3693 1152/1437/3694 1035/1308/3695
f 1035/1308/3695 1152/1437/3694 1151/1436/3696
f 1031/1304/3697 1034/1307/3698 1153/1438/3699
f 1035/1308/3700 1151/1436/3701 1034/1307/3698
f 1153/1438/3699 1034/1307/3698 1154/1439/3702
f 1034/1307/3698 1151/1436/3701 1154/1439/3702
f 1027/1300/3703 1031/1304/3704 1153/1438/3705
f 1151/1436/3706 1157/1442/3707 1155/1440/3708
f 1155/1440/3708 1157/1442/3707 1156/1441/3709
f 1160/1445/3710 1159/1444/3711 1148/1433/3712
f 1148/1433/3712 1159/1444/3711 1158/1443/3713
f 1160/1445/3714 1030/1303/3715 1153/1438/3716
f 1153/1438/3716 1030/1303/3715 1027/1300/3717
f 1018/1291/3718 1030/1303/3719 1146/1431/3720
f 1146/1431/3720 1030/1303/3719 1160/1445/3721
f 1148/1433/3722 1146/1431/3723 1160/1445/3724
f 1155/1440/3725 1159/1444/3726 1160/1445/3727
f 1151/1436/3728 1152/1437/3729 1157/1442/3730
f 1151/1436/3731 1155/1440/3732 1154/1439/3733
f 1160/1445/3734 1153/1438/3735 1155/1440/3732
f 1153/1438/3735 1154/1439/3733 1155/1440/3732
f 1144/1429/3736 1165/1450/3737 1141/1426/3738
f 1173/1457/3739 1163/1448/3740 1172/1456/3741
f 1172/1456/3741 1163/1448/3740 1164/1449/3742
f 1078/1357/3743 1037/1312/3744 1178/1466/3745
f 1082/1363/3746 1178/1466/3747 1179/1467/3748
f 1082/1363/3749 1078/1357/3750 1178/1466/3751
f 1174/1458/3752 1175/1459/3753 1184/1472/3754
f 1172/1456/3755 1184/1472/3756 1171/1455/3757
f 1171/1455/3757 1184/1472/3756 1175/1459/3758
f 1179/1467/3759 1178/1466/3760 1185/1473/3761
f 1180/1468/3762 1187/1475/3763 1161/1446/3764
f 1161/1446/3764 1187/1475/3763 1164/1449/3765
f 1187/1475/3766 1184/1472/3767 1164/1449/3768
f 1164/1449/3768 1184/1472/3767 1172/1456/3769
f 1185/1473/3770 1178/1466/3771 1187/1475/3772
f 1187/1475/3772 1178/1466/3771 1184/1472/3773
f 1190/1479/3774 1179/1467/3775 1185/1473/3776
f 1109/1395/3777 1191/1483/3778 1108/1394/3779
f 1108/1394/3779 1191/1483/3778 1192/1484/3780
f 1198/1490/3781 1192/1484/3782 1197/1489/3783
f 1197/1489/3783 1192/1484/3782 1191/1483/3784
f 1202/1494/3785 1201/1493/3786 1199/1491/3787
f 1199/1491/3787 1201/1493/3786 1200/1492/3788
f 1201/1493/3789 1204/1496/3790 1200/1492/3791
f 1200/1492/3791 1204/1496/3790 1203/1495/3792
f 1204/1496/3793 1206/1498/3794 1203/1495/3795
f 1203/1495/3795 1206/1498/3794 1205/1497/3796
f 1205/1497/3797 1206/1498/3798 1207/1499/3799
f 1193/1485/3800 1194/1486/3801 1208/1500/3802
f 1208/1500/3802 1194/1486/3801 1209/1501/3803
f 1196/1488/3804 1193/1485/3805 1210/1502/3806
f 1210/1502/3806 1193/1485/3805 1208/1500/3807
f 1211/1503/3808 1197/1489/3809 1210/1502/3810
f 1210/1502/3810 1197/1489/3809 1196/1488/3811
f 1211/1503/3812 1212/1504/3813 1197/1489/3814
f 1198/1490/3815 1197/1489/3814 1212/1504/3813
f 1208/1500/3816 1209/1501/3817 1200/1492/3818
f 1200/1492/3818 1209/1501/3817 1199/1491/3819
f 1210/1502/3820 1208/1500/3821 1203/1495/3822
f 1203/1495/3822 1208/1500/3821 1200/1492/3823
f 1211/1503/3824 1210/1502/3825 1205/1497/3826
f 1205/1497/3826 1210/1502/3825 1203/1495/3827
f 1207/1499/3828 1212/1504/3829 1205/1497/3830
f 1205/1497/3830 1212/1504/3829 1211/1503/3831
f 1142/1427/3832 1215/1507/3833 1144/1429/3834
f 1144/1429/3834 1215/1507/3833 1214/1506/3835
f 1215/1507/3836 1142/1427/3837 1216/1508/3838
f 1216/1508/3838 1142/1427/3837 1143/1428/3839
f 1165/1450/3840 1144/1429/3841 1217/1509/3842
f 1217/1509/3842 1144/1429/3841 1214/1506/3843
f 1217/1509/3844 1218/1510/3845 1165/1450/3846
f 1165/1450/3846 1218/1510/3845 1168/1453/3847
f 1219/1511/3848 982/1250/3849 1220/1512/3850
f 1223/1515/3851 1222/1514/3852 1221/1513/3853
f 1222/1514/3852 878/1141/3854 1221/1513/3853
f 1221/1513/3853 878/1141/3854 879/1142/3855
f 1222/1514/3856 1223/1515/3857 1224/1516/3858
f 1224/1516/3858 1223/1515/3857 978/1245/3859
f 1224/1516/3860 978/1245/3861 883/1146/3862
f 982/1250/3863 885/1148/3864 1220/1512/3865
f 1220/1512/3865 885/1148/3864 881/1144/3866
f 1226/1518/3867 883/1146/3868 1225/1517/3869
f 1225/1517/3869 883/1146/3868 884/1147/3870
f 1226/1518/3871 1225/1517/3872 1227/1519/3873
f 1069/1344/3874 1228/1520/3875 1068/1343/3876
f 1070/1349/3877 1229/1521/3878 1069/1522/3879
f 1059/1334/3880 1060/1337/3881 1072/1347/3882
f 1072/1347/3882 1060/1337/3881 1229/1521/3883
f 1228/1523/3884 1069/1522/3885 1229/1521/3886
f 1070/1349/3887 1072/1347/3888 1229/1521/3889
f 1230/1524/3890 1039/1314/3891 1231/1525/3892
f 1043/1318/3893 1039/1314/3894 1232/1526/3895
f 1232/1526/3895 1039/1314/3894 1230/1524/3896
f 1040/1315/3897 1231/1525/3898 1039/1314/3899
f 1236/1530/3900 1235/1529/3901 1233/1527/3902
f 1233/1527/3902 1235/1529/3901 1234/1528/3903
f 1053/1328/3904 1235/1529/3905 1040/1315/3906
f 1040/1315/3906 1235/1529/3905 1231/1525/3907
f 1235/1529/3908 1053/1328/3909 1234/1528/3910
f 1234/1528/3910 1053/1328/3909 1049/1324/3911
f 1235/1529/3912 1228/1520/3913 1237/1531/3914
f 1237/1531/3915 1229/1534/3916 1238/1532/3917
f 1238/1532/3917 1229/1534/3916 1060/1533/3918
f 1237/1531/3919 1228/1520/3920 1229/1534/3921
f 1231/1525/3922 1235/1529/3923 1230/1524/3924
f 1230/1524/3924 1235/1529/3923 1237/1531/3925
f 1239/1535/3926 1006/1277/3927 907/1170/3928
f 907/1170/3928 1006/1277/3927 906/1169/3929
f 926/1189/3930 1241/1537/3931 1240/1536/3932
f 1025/1298/3933 1241/1537/3934 1024/1297/3935
f 1024/1297/3935 1241/1537/3934 926/1189/3936
f 926/1189/3937 1240/1536/3938 907/1170/3939
f 1242/1538/3940 1243/1539/3941 1239/1535/3942
f 1244/1540/3943 1242/1538/3944 1241/1537/3945
f 1241/1537/3945 1242/1538/3944 1240/1536/3946
f 1241/1537/3947 1025/1298/3948 1145/1430/3949
f 1015/1288/3950 1145/1430/3949 1025/1298/3948
f 1241/1537/3951 1145/1430/3952 1244/1540/3953
f 1244/1540/3953 1145/1430/3952 1147/1432/3954
f 1242/1538/3955 1239/1535/3956 1240/1536/3957
f 1240/1536/3957 1239/1535/3956 907/1170/3958
f 1254/1550/3959 917/1180/3960 915/1178/3961
f 915/1178/3962 911/1174/3963 1254/1550/3964
f 1254/1550/3964 911/1174/3963 1255/1551/3965
f 1256/1552/3966 917/1180/3967 1254/1550/3968
f 911/1174/3969 912/1175/3970 1255/1551/3971
f 1255/1551/3971 912/1175/3970 1257/1553/3972
f 1257/1555/3973 912/1253/3974 1258/1554/3975
f 1258/1554/3975 912/1253/3974 985/1254/3976
f 1259/1556/3977 1038/1313/3978 1256/1552/3979
f 1038/1313/3978 917/1180/3980 1256/1552/3979
f 1038/1313/3981 1259/1556/3982 1260/1557/3983
f 1087/1371/3984 1258/1558/3985 985/1370/3986
f 1038/1313/3987 1260/1557/3988 1037/1312/3989
f 1037/1312/3989 1260/1557/3988 1178/1466/3990
f 1260/1557/3991 1174/1458/3992 1178/1466/3993
f 1178/1466/3993 1174/1458/3992 1184/1472/3994
f 1259/1556/3995 1256/1552/3996 1261/1559/3997
f 1257/1553/3998 1263/1561/3999 1255/1551/4000
f 1255/1551/4000 1263/1561/3999 1262/1560/4001
f 1262/1560/4002 1261/1559/4003 1255/1551/4004
f 1255/1551/4004 1261/1559/4003 1254/1550/4005
f 1261/1559/4003 1256/1552/4006 1254/1550/4005
f 1264/1562/4007 1266/1564/4008 1265/1563/4009
f 1261/1559/4010 1268/1566/4011 1259/1556/4012
f 1259/1556/4012 1268/1566/4011 1267/1565/4013
f 1266/1564/4014 1270/1568/4015 1265/1563/4016
f 1265/1563/4016 1270/1568/4015 1269/1567/4017
f 1272/1570/4018 1262/1560/4019 1271/1569/4020
f 1271/1569/4020 1262/1560/4019 1263/1561/4021
f 1270/1568/4022 1266/1564/4023 1273/1571/4024
f 1273/1571/4024 1266/1564/4023 1274/1572/4025
f 1274/1572/4026 1266/1564/4027 1275/1573/4028
f 1275/1573/4028 1266/1564/4027 1264/1562/4029
f 1276/1574/4030 1258/1575/4031 1087/1371/4032
f 1257/1555/4033 1258/1554/4034 1263/1576/4035
f 1263/1576/4035 1258/1554/4034 1276/1577/4036
f 1277/1578/4037 1269/1581/4038 1273/1579/4039
f 1273/1579/4039 1269/1581/4038 1270/1580/4040
f 1268/1566/4041 1261/1559/4042 1272/1570/4043
f 1272/1570/4043 1261/1559/4042 1262/1560/4044
f 1276/1577/4045 1271/1582/4046 1263/1576/4047
f 1277/1578/4048 1276/1577/4049 1278/1583/4050
f 1273/1579/4051 1271/1582/4052 1277/1578/4053
f 1277/1578/4053 1271/1582/4052 1276/1577/4054
f 1274/1572/4055 1272/1570/4056 1273/1571/4057
f 1273/1571/4057 1272/1570/4056 1271/1569/4058
f 1275/1573/4059 1268/1566/4060 1274/1572/4061
f 1274/1572/4061 1268/1566/4060 1272/1570/4062
f 1267/1565/4063 1268/1566/4064 1275/1573/4065
f 1280/1585/4066 1000/1271/4067 1279/1584/4068
f 1279/1584/4068 1000/1271/4067 997/1268/4069
f 1282/1587/4070 1281/1586/4071 1265/1563/4072
f 1265/1563/4072 1281/1586/4071 1264/1562/4073
f 1280/1585/4074 1279/1584/4075 1283/1588/4076
f 1283/1588/4076 1279/1584/4075 1284/1589/4077
f 1284/1589/4078 1279/1584/4079 1260/1557/4080
f 1267/1565/4081 1284/1589/4082 1259/1556/4083
f 1259/1556/4083 1284/1589/4082 1260/1557/4084
f 1275/1573/4085 1264/1562/4086 1267/1565/4087
f 1267/1565/4087 1264/1562/4086 1281/1586/4088
f 1267/1565/4089 1281/1586/4090 1284/1589/4091
f 1284/1589/4091 1281/1586/4090 1283/1588/4092
f 1285/1590/4093 1287/1592/4094 1286/1591/4095
f 1289/1594/4096 1288/1593/4097 1286/1591/4098
f 1286/1591/4098 1288/1593/4097 1285/1590/4099
f 1117/1403/4100 1290/1595/4101 1116/1402/4102
f 1290/1595/4103 1291/1596/4104 1116/1402/4105
f 1116/1402/4105 1291/1596/4104 1115/1401/4106
f 1295/1600/4107 1290/1595/4108 1294/1599/4109
f 1294/1599/4109 1290/1595/4108 1117/1403/4110
f 1168/1453/4111 1013/1286/4112 1296/1601/4113
f 1296/1601/4113 1013/1286/4112 1011/1284/4114
f 1296/1601/4115 1141/1426/4116 1168/1453/4117
f 1168/1453/4117 1141/1426/4116 1165/1450/4118
f 1009/1282/4119 1010/1283/4120 1011/1284/4121
f 1011/1284/4121 1010/1283/4120 1297/1602/4122
f 1297/1602/4123 1296/1601/4124 1011/1284/4125
f 1298/1603/4126 1296/1601/4127 1297/1602/4128
f 1234/1528/4129 1304/1609/4130 1233/1527/4131
f 1233/1527/4131 1304/1609/4130 1303/1608/4132
f 1304/1609/4133 1234/1528/4134 1050/1325/4135
f 1050/1325/4135 1234/1528/4134 1049/1324/4136
f 1288/1626/4137 1250/1546/4138 1317/1625/4139
f 1317/1625/4139 1250/1546/4138 1314/1620/4140
f 1320/1630/4141 1319/1629/4142 1285/1627/4143
f 1285/1627/4143 1319/1629/4142 1318/1628/4144
f 1320/1630/4145 1285/1627/4146 1317/1625/4147
f 1317/1625/4147 1285/1627/4146 1288/1626/4148
f 1287/1592/4149 1285/1590/4150 1318/1631/4151
f 1088/1372/4152 987/1256/4153 1321/1632/4154
f 1321/1632/4154 987/1256/4153 1322/1633/4155
f 990/1634/4156 1322/1633/4157 988/1257/4158
f 988/1257/4158 1322/1633/4157 987/1256/4159
f 1323/1635/4160 1322/1633/4161 990/1634/4162
f 1323/1637/4163 990/1261/4164 1324/1636/4165
f 1324/1636/4165 990/1261/4164 991/1262/4166
f 1296/1601/4167 1298/1603/4168 1141/1426/4169
f 1141/1426/4169 1298/1603/4168 1337/1653/4170
f 1143/1428/4171 1141/1426/4172 1338/1654/4173
f 1338/1654/4173 1141/1426/4172 1337/1653/4174
f 1339/1655/4175 1216/1508/4176 1338/1654/4177
f 1338/1654/4177 1216/1508/4176 1143/1428/4178
f 1339/1659/4179 1338/1658/4180 1340/1656/4181
f 1340/1656/4181 1338/1658/4180 1341/1657/4182
f 1341/1657/4183 1334/1650/4184 1340/1656/4185
f 1340/1656/4185 1334/1650/4184 1335/1651/4186
f 1342/1660/4187 1341/1657/4188 1338/1658/4189
f 1321/1632/4190 1322/1633/4191 1343/1662/4192
f 1322/1633/4191 1549/1937/4193 1343/1662/4192
f 1343/1662/4192 1549/1937/4193 1550/1938/4194
f 1115/1401/4195 1344/1663/4196 1111/1397/4197
f 1111/1397/4197 1344/1663/4196 1110/1396/4198
f 1149/1434/4199 1150/1435/4200 1152/1437/4201
f 1152/1437/4201 1150/1435/4200 1345/1664/4202
f 1110/1396/4203 1344/1663/4204 1150/1435/4205
f 1150/1435/4205 1344/1663/4204 1345/1664/4206
f 1157/1442/4207 1152/1437/4208 1345/1664/4209
f 1155/1440/4210 1156/1441/4211 1159/1444/4212
f 1159/1444/4212 1156/1441/4211 1346/1665/4213
f 1157/1442/4214 1345/1664/4215 1156/1441/4216
f 1156/1441/4216 1345/1664/4215 1347/1666/4217
f 1347/1666/4218 1346/1665/4219 1156/1441/4220
f 1159/1444/4221 1346/1665/4222 1158/1443/4223
f 1158/1443/4223 1346/1665/4222 1348/1667/4224
f 1291/1596/4225 1349/1668/4226 1115/1401/4227
f 1115/1401/4227 1349/1668/4226 1344/1663/4228
f 1349/1668/4229 1347/1666/4230 1344/1663/4231
f 1344/1663/4231 1347/1666/4230 1345/1664/4232
f 1349/1668/4233 1351/1670/4234 1350/1669/4235
f 1350/1669/4236 1351/1670/4237 1352/1671/4238
f 1352/1671/4238 1351/1670/4237 1293/1598/4239
f 1349/1668/4240 1291/1596/4241 1351/1670/4242
f 1351/1670/4242 1291/1596/4241 1353/1672/4243
f 1291/1596/4241 1290/1595/4244 1353/1672/4243
f 1290/1595/4244 1295/1600/4245 1353/1672/4243
f 1347/1666/4246 1349/1668/4247 1350/1669/4248
f 1351/1670/4249 1353/1672/4250 1293/1598/4251
f 1293/1598/4251 1353/1672/4250 1292/1597/4252
f 1346/1665/4253 1347/1666/4254 1348/1667/4255
f 1350/1669/4256 1348/1667/4255 1347/1666/4254
f 1173/1457/4257 1246/1542/4258 1163/1448/4259
f 1163/1448/4259 1246/1542/4258 1354/1673/4260
f 1292/1597/4261 1361/1681/4262 1246/1542/4263
f 1246/1542/4263 1361/1681/4262 1354/1673/4264
f 1364/1686/4265 1218/1688/4266 1217/1687/4267
f 1355/1674/4268 1218/1510/4269 1364/1689/4270
f 1215/1691/4271 1365/1690/4272 1214/1692/4273
f 1365/1690/4272 1364/1686/4274 1214/1692/4273
f 1364/1686/4274 1217/1687/4275 1214/1692/4273
f 1365/1690/4276 1215/1691/4277 1366/1693/4278
f 1215/1691/4277 1216/1694/4279 1366/1693/4278
f 1339/1696/4280 1367/1695/4281 1216/1694/4282
f 1366/1693/4283 1216/1694/4282 1367/1695/4281
f 1364/1689/4284 1365/1704/4285 1371/1702/4286
f 1371/1702/4286 1365/1704/4285 1372/1703/4287
f 1355/1674/4288 1364/1689/4289 1360/1705/4290
f 1360/1705/4290 1364/1689/4289 1371/1702/4291
f 1366/1707/4292 1373/1706/4293 1365/1704/4294
f 1365/1704/4294 1373/1706/4293 1372/1703/4295
f 1358/1682/4296 1374/1708/4297 1361/1681/4298
f 1361/1681/4298 1374/1708/4297 1370/1701/4299
f 1375/1709/4300 1374/1708/4301 1359/1710/4302
f 1374/1708/4301 1358/1682/4303 1359/1710/4302
f 1366/1707/4304 1367/1719/4305 1373/1706/4306
f 1373/1706/4306 1367/1719/4305 1378/1718/4307
f 1359/1710/4308 1360/1705/4309 1375/1709/4310
f 1375/1709/4310 1360/1705/4309 1371/1702/4311
f 1379/1720/4312 1371/1702/4313 1372/1703/4314
f 1379/1720/4315 1372/1703/4316 1380/1721/4317
f 1380/1721/4317 1372/1703/4316 1373/1706/4318
f 1381/1722/4319 1378/1718/4320 1377/1716/4321
f 1373/1706/4322 1378/1718/4323 1380/1721/4324
f 1380/1721/4324 1378/1718/4323 1381/1722/4325
f 1379/1720/4326 1375/1709/4327 1371/1702/4328
f 1374/1708/4329 1375/1709/4330 1380/1721/4331
f 1380/1721/4331 1375/1709/4330 1379/1720/4332
f 1370/1701/4333 1374/1708/4334 1381/1722/4335
f 1381/1722/4335 1374/1708/4334 1380/1721/4336
f 1377/1716/4337 1370/1701/4338 1381/1722/4339
f 991/1368/4340 1086/1369/4341 1324/1723/4342
f 1324/1723/4342 1086/1369/4341 1382/1724/4343
f 1323/1726/4344 1324/1723/4345 1383/1725/4346
f 1383/1725/4346 1324/1723/4345 1382/1724/4347
f 1330/1645/4348 1323/1726/4349 1384/1727/4350
f 1384/1727/4350 1323/1726/4349 1383/1725/4351
f 1086/1369/4352 1084/1366/4353 1385/1728/4354
f 1385/1728/4354 1084/1366/4353 1085/1367/4355
f 1083/1364/4356 1386/1729/4357 1385/1728/4358
f 1385/1728/4359 1085/1367/4360 1083/1364/4361
f 1083/1364/4361 1085/1367/4360 1079/1358/4362
f 1387/1730/4363 1388/1731/4364 1385/1728/4365
f 1388/1731/4366 1086/1369/4367 1385/1728/4368
f 1382/1724/4369 1086/1369/4370 1388/1731/4371
f 1389/1732/4372 1391/1734/4373 1390/1733/4374
f 1388/1731/4375 1392/1735/4376 1382/1724/4377
f 1382/1724/4377 1392/1735/4376 1383/1725/4378
f 1383/1725/4379 1392/1735/4380 1391/1734/4381
f 1190/1479/4382 1393/1736/4383 1179/1467/4384
f 1179/1467/4384 1393/1736/4383 1082/1363/4385
f 1083/1364/4386 1082/1363/4387 1386/1729/4388
f 1386/1729/4388 1082/1363/4387 1393/1736/4389
f 1384/1727/4390 1383/1725/4391 1389/1732/4392
f 1389/1732/4392 1383/1725/4391 1391/1734/4393
f 1385/1728/4394 1386/1729/4395 1394/1737/4396
f 1394/1737/4396 1386/1729/4395 1393/1736/4397
f 1393/1736/4398 1384/1727/4399 1394/1737/4400
f 1394/1737/4400 1384/1727/4399 1389/1732/4401
f 1330/1645/4402 1384/1727/4403 1393/1736/4404
f 1388/1731/4405 1387/1730/4406 1392/1735/4407
f 1392/1735/4407 1387/1730/4406 1391/1734/4408
f 1390/1733/4409 1391/1734/4408 1387/1730/4406
f 1390/1733/4410 1394/1737/4411 1389/1732/4412
f 1387/1730/4413 1394/1737/4414 1390/1733/4415
f 1385/1728/4416 1394/1737/4417 1387/1730/4418
f 1307/1612/4419 1396/1739/4420 1395/1738/4421
f 1397/1740/4422 1399/1742/4423 1398/1741/4424
f 1401/1744/4425 1318/1628/4426 1400/1743/4427
f 1400/1743/4427 1318/1628/4426 1319/1629/4428
f 1297/1602/4429 1402/1745/4430 1298/1603/4431
f 1314/1620/4432 1312/1617/4433 1407/1750/4434
f 1407/1750/4434 1312/1617/4433 1408/1751/4435
f 1317/1625/4436 1314/1620/4437 1397/1740/4438
f 1397/1740/4438 1314/1620/4437 1407/1750/4439
f 1398/1741/4440 1320/1630/4441 1397/1740/4442
f 1397/1740/4442 1320/1630/4441 1317/1625/4443
f 1334/1650/4444 1405/1748/4445 1333/1649/4446
f 1333/1649/4446 1405/1748/4445 1332/1647/4447
f 1298/1603/4448 1402/1745/4449 1337/1653/4450
f 1337/1653/4450 1402/1745/4449 1406/1749/4451
f 1405/1748/4452 1406/1749/4453 1404/1747/4454
f 1404/1747/4454 1406/1749/4453 1402/1745/4455
f 1337/1653/4456 1406/1749/4457 1338/1658/4458
f 1338/1658/4458 1406/1749/4457 1342/1660/4459
f 1406/1749/4460 1405/1748/4461 1342/1660/4462
f 1334/1650/4463 1341/1657/4464 1405/1748/4461
f 1342/1660/4462 1405/1748/4461 1341/1657/4464
f 1398/1741/4465 1400/1743/4466 1320/1630/4467
f 1320/1630/4467 1400/1743/4466 1319/1629/4468
f 1410/1753/4469 1409/1752/4470 1122/1408/4471
f 1122/1408/4471 1409/1752/4470 1121/1407/4472
f 1412/1755/4473 1411/1754/4474 1124/1410/4475
f 1124/1410/4475 1411/1754/4474 1123/1409/4476
f 1411/1754/4477 1410/1753/4478 1123/1409/4479
f 1123/1409/4479 1410/1753/4478 1122/1408/4480
f 1419/1769/4481 1147/1432/4482 1158/1443/4483
f 1158/1443/4483 1147/1432/4482 1148/1433/4484
f 1420/1770/4485 1243/1539/4486 1244/1540/4487
f 1244/1540/4487 1243/1539/4486 1242/1538/4488
f 1147/1432/4489 1419/1769/4490 1244/1540/4491
f 1244/1540/4491 1419/1769/4490 1420/1770/4492
f 1422/1772/4493 1243/1539/4494 1420/1770/4495
f 1421/1771/4496 1239/1535/4497 1422/1772/4498
f 1422/1772/4498 1239/1535/4497 1243/1539/4499
f 1419/1769/4500 1424/1778/4501 1420/1770/4502
f 1420/1770/4502 1424/1778/4501 1422/1772/4503
f 1424/1778/4504 1352/1671/4505 1422/1772/4506
f 1422/1772/4506 1352/1671/4505 1425/1779/4507
f 1410/1753/4508 1428/1782/4509 1409/1752/4510
f 1409/1752/4510 1428/1782/4509 1426/1780/4511
f 1428/1782/4509 1427/1781/4512 1426/1780/4511
f 1427/1781/4513 1428/1782/4514 1089/1373/4515
f 1089/1373/4515 1428/1782/4514 1087/1371/4516
f 1278/1783/4517 1276/1574/4518 1428/1782/4519
f 1428/1782/4519 1276/1574/4518 1087/1371/4520
f 1293/1598/4521 1425/1779/4522 1352/1671/4523
f 1424/1778/4524 1419/1769/4525 1348/1667/4526
f 1348/1667/4526 1419/1769/4525 1158/1443/4527
f 1352/1671/4528 1424/1778/4529 1350/1669/4530
f 1350/1669/4530 1424/1778/4529 1348/1667/4531
f 1421/1771/4532 1422/1772/4533 1423/1777/4534
f 1423/1777/4534 1422/1772/4533 1425/1779/4535
f 1318/1631/4536 1429/1784/4537 1287/1592/4538
f 1429/1788/4539 1401/1787/4540 1430/1785/4541
f 1430/1785/4541 1401/1787/4540 1431/1786/4542
f 1401/1787/4543 1432/1789/4544 1431/1786/4545
f 1433/1790/4546 1431/1786/4547 1432/1789/4548
f 983/1251/4549 1435/1792/4550 1434/1791/4551
f 1219/1511/4552 1435/1792/4553 982/1250/4554
f 982/1250/4554 1435/1792/4553 983/1251/4555
f 1438/1796/4556 1434/1795/4557 1436/1793/4558
f 1436/1793/4558 1434/1795/4557 1437/1794/4559
f 1439/1797/4560 1440/1798/4561 1437/1794/4562
f 1437/1794/4563 1440/1798/4564 1441/1799/4565
f 1435/1792/4566 1219/1511/4567 1442/1800/4568
f 1442/1800/4568 1219/1511/4567 1443/1801/4569
f 1437/1794/4570 1441/1799/4571 1436/1793/4572
f 1435/1792/4573 1444/1803/4574 1434/1791/4575
f 1434/1791/4575 1444/1803/4574 1437/1802/4576
f 1442/1800/4577 1444/1803/4578 1435/1792/4579
f 1439/1797/4580 1437/1794/4581 1445/1805/4582
f 1444/1804/4583 1445/1805/4582 1437/1794/4581
f 1444/1804/4584 1446/1806/4585 1445/1805/4586
f 1444/1807/4587 1447/1809/4588 1446/1808/4589
f 1448/1810/4590 1250/1812/4591 1449/1811/4592
f 1449/1818/4593 1289/1820/4594 1454/1819/4595
f 1288/1593/4596 1289/1594/4597 1250/1821/4598
f 1250/1821/4598 1289/1594/4597 1449/1822/4599
f 1456/1824/4600 1458/1826/4601 1457/1825/4602
f 1456/1824/4603 1459/1827/4604 1458/1826/4605
f 1460/1828/4606 1451/1830/4607 1461/1829/4608
f 1461/1829/4609 1451/1830/4610 1465/1835/4611
f 1465/1835/4611 1451/1830/4610 1450/1836/4612
f 1459/1827/4613 1456/1824/4614 1466/1837/4615
f 1466/1837/4615 1456/1824/4614 1467/1838/4616
f 1286/1839/4617 1287/1841/4618 1468/1840/4619
f 1289/1820/4620 1286/1839/4621 1454/1819/4622
f 1454/1819/4622 1286/1839/4621 1468/1840/4623
f 1450/1836/4624 1448/1844/4625 1469/1842/4626
f 1469/1842/4626 1448/1844/4625 1470/1843/4627
f 1471/1845/4628 1473/1847/4629 1472/1846/4630
f 1465/1835/4631 1450/1836/4632 1469/1842/4633
f 1466/1837/4634 1467/1838/4635 1474/1848/4636
f 1474/1848/4636 1467/1838/4635 1471/1845/4637
f 1472/1846/4638 1474/1848/4639 1471/1845/4640
f 1475/1849/4641 1449/1818/4642 1454/1819/4643
f 1476/1850/4644 1454/1819/4645 1468/1840/4646
f 1470/1843/4647 1448/1844/4648 1475/1851/4649
f 1475/1851/4649 1448/1844/4648 1449/1818/4650
f 1478/1854/4651 1477/1853/4652 1476/1852/4653
f 1476/1852/4653 1477/1853/4652 1471/1845/4654
f 1471/1845/4655 1477/1853/4656 1473/1847/4657
f 1287/1841/4658 1429/1788/4659 1468/1840/4660
f 1468/1840/4660 1429/1788/4659 1430/1785/4661
f 1476/1850/4662 1468/1840/4663 1479/1855/4664
f 1479/1855/4664 1468/1840/4663 1430/1785/4665
f 1476/1852/4666 1479/1855/4667 1478/1854/4668
f 1438/1796/4669 1480/1856/4670 1457/1825/4671
f 1457/1825/4671 1480/1856/4670 1456/1824/4672
f 1481/1857/4673 1452/1858/4674 1460/1828/4675
f 1460/1828/4675 1452/1858/4674 1451/1830/4676
f 1482/1859/4677 1441/1799/4678 1440/1798/4679
f 1482/1859/4680 1438/1796/4681 1436/1793/4682
f 1480/1856/4683 1438/1796/4684 1482/1859/4685
f 1436/1793/4686 1441/1799/4687 1482/1859/4688
f 1484/1861/4689 1483/1860/4690 1329/1644/4691
f 1329/1644/4691 1483/1860/4690 1330/1645/4692
f 1483/1860/4693 1484/1861/4694 1443/1801/4695
f 1443/1801/4695 1484/1861/4694 1442/1800/4696
f 1486/1863/4697 1447/1864/4698 1484/1861/4699
f 1488/1867/4700 1452/1858/4701 1481/1857/4702
f 1482/1859/4703 1440/1798/4704 1489/1868/4705
f 1489/1868/4705 1440/1798/4704 1439/1797/4706
f 1489/1868/4707 1439/1797/4708 1445/1805/4709
f 1487/1869/4710 1463/1870/4711 1488/1867/4712
f 1488/1867/4712 1463/1870/4711 1452/1858/4713
f 1447/1872/4714 1486/1871/4715 1446/1806/4716
f 1446/1806/4716 1486/1871/4715 1489/1868/4717
f 1444/1803/4718 1442/1800/4719 1447/1864/4720
f 1447/1864/4720 1442/1800/4719 1484/1861/4721
f 1489/1868/4722 1445/1805/4723 1446/1806/4724
f 1486/1871/4725 1490/1873/4726 1489/1868/4727
f 1484/1861/4728 1490/1873/4729 1486/1863/4730
f 1487/1865/4731 1490/1873/4732 1485/1862/4733
f 1485/1862/4733 1490/1873/4732 1484/1861/4734
f 1489/1868/4735 1490/1873/4736 1488/1867/4737
f 1488/1867/4737 1490/1873/4736 1487/1869/4738
f 1481/1857/4739 1482/1859/4740 1488/1867/4741
f 1488/1867/4741 1482/1859/4740 1489/1868/4742
f 1460/1828/4743 1480/1856/4744 1481/1857/4745
f 1481/1857/4745 1480/1856/4744 1482/1859/4746
f 1461/1829/4747 1456/1824/4748 1460/1828/4749
f 1460/1828/4749 1456/1824/4748 1480/1856/4750
f 1465/1835/4751 1467/1838/4752 1461/1829/4753
f 1461/1829/4753 1467/1838/4752 1456/1824/4754
f 1469/1842/4755 1471/1845/4756 1465/1835/4757
f 1465/1835/4757 1471/1845/4756 1467/1838/4758
f 1470/1843/4759 1471/1845/4760 1469/1842/4761
f 1475/1851/4762 1476/1852/4763 1470/1843/4764
f 1470/1843/4764 1476/1852/4763 1471/1845/4765
f 1454/1819/4766 1476/1850/4767 1475/1849/4768
f 1491/1875/4769 1493/1877/4770 1492/1876/4771
f 1492/1876/4772 1493/1877/4773 1494/1878/4774
f 1494/1878/4774 1493/1877/4773 1495/1879/4775
f 1400/1743/4776 1496/1881/4777 1401/1744/4778
f 1401/1744/4778 1496/1881/4777 1432/1880/4779
f 1433/1885/4780 1499/1884/4781 1497/1882/4782
f 1497/1882/4782 1499/1884/4781 1498/1883/4783
f 1433/1885/4784 1432/1880/4785 1499/1884/4786
f 1499/1884/4786 1432/1880/4785 1496/1881/4787
f 1503/1889/4788 1502/1888/4789 1500/1886/4790
f 1500/1886/4790 1502/1888/4789 1501/1887/4791
f 1503/1889/4792 1499/1884/4793 1504/1890/4794
f 1504/1890/4794 1499/1884/4793 1496/1881/4795
f 1504/1890/4796 1496/1881/4797 1398/1741/4798
f 1398/1741/4798 1496/1881/4797 1400/1743/4799
f 1499/1884/4800 1503/1889/4801 1500/1886/4802
f 1502/1888/4803 1503/1889/4804 1495/1879/4805
f 1495/1879/4805 1503/1889/4804 1494/1878/4806
f 1500/1886/4807 1498/1883/4808 1499/1884/4809
f 1501/1887/4810 1498/1883/4811 1500/1886/4812
f 993/1264/4813 994/1265/4814 1505/1891/4815
f 1505/1891/4816 1507/1893/4817 1506/1892/4818
f 1506/1892/4819 1507/1893/4820 1508/1894/4821
f 1509/1895/4822 1505/1891/4823 994/1265/4824
f 1061/1336/4825 1062/1335/4826 1510/1896/4827
f 1510/1896/4827 1062/1335/4826 1511/1897/4828
f 1513/1899/4829 1512/1898/4830 1232/1526/4831
f 1232/1526/4831 1512/1898/4830 1043/1318/4832
f 1510/1900/4833 1238/1532/4834 1061/1901/4835
f 1061/1901/4835 1238/1532/4834 1060/1533/4836
f 1232/1526/4837 1230/1524/4838 1513/1899/4839
f 1513/1899/4839 1230/1524/4838 1237/1531/4840
f 1238/1532/4841 1514/1902/4842 1237/1531/4843
f 1237/1531/4843 1514/1902/4842 1513/1899/4844
f 1238/1532/4845 1510/1900/4846 1514/1902/4847
f 1514/1902/4847 1510/1900/4846 1515/1903/4848
f 1516/1904/4849 1054/1329/4850 1042/1317/4851
f 1042/1317/4851 1054/1329/4850 1044/1319/4852
f 1516/1904/4853 1517/1905/4854 1054/1329/4855
f 1054/1329/4855 1517/1905/4854 1058/1333/4856
f 1516/1904/4857 1042/1317/4858 1512/1898/4859
f 1512/1898/4859 1042/1317/4858 1043/1318/4860
f 1047/1322/4861 1048/1323/4862 1518/1906/4863
f 1519/1907/4864 1055/1330/4865 1056/1331/4866
f 1519/1907/4867 1056/1331/4868 1058/1333/4869
f 1058/1333/4869 1056/1331/4868 1057/1332/4870
f 1048/1323/4871 1055/1330/4872 1518/1906/4873
f 1518/1906/4873 1055/1330/4872 1519/1907/4874
f 1519/1907/4875 1058/1333/4876 1520/1908/4877
f 1520/1908/4877 1058/1333/4876 1517/1905/4878
f 1519/1907/4879 1520/1908/4880 1518/1906/4881
f 1518/1906/4881 1520/1908/4880 1521/1909/4882
f 1509/1895/4883 1522/1910/4884 1505/1891/4885
f 1505/1891/4885 1522/1910/4884 1507/1893/4886
f 1523/1911/4887 1524/1912/4888 1522/1910/4889
f 1513/1899/4890 1514/1902/4891 1512/1898/4892
f 1512/1898/4892 1514/1902/4891 1525/1913/4893
f 1507/1893/4894 1522/1910/4895 1526/1914/4896
f 1526/1914/4896 1522/1910/4895 1527/1915/4897
f 1522/1910/4898 1524/1912/4899 1527/1915/4900
f 1527/1915/4900 1524/1912/4899 1525/1913/4901
f 1527/1915/4902 1525/1913/4903 1515/1903/4904
f 1515/1903/4904 1525/1913/4903 1514/1902/4905
f 1516/1904/4906 1524/1912/4907 1528/1916/4908
f 1528/1916/4908 1524/1912/4907 1523/1911/4909
f 1528/1916/4910 1517/1905/4911 1516/1904/4912
f 1512/1898/4913 1525/1913/4914 1516/1904/4915
f 1516/1904/4915 1525/1913/4914 1524/1912/4916
f 1520/1908/4917 1517/1905/4918 1528/1916/4919
f 1529/1917/4920 1531/1919/4921 1530/1918/4922
f 1529/1917/4923 1532/1920/4924 1531/1919/4925
f 1532/1920/4926 1533/1921/4927 1531/1919/4928
f 1530/1918/4929 995/1266/4930 1534/1922/4931
f 1534/1922/4931 995/1266/4930 996/1267/4932
f 1536/1924/4933 1535/1923/4934 1530/1918/4935
f 1530/1918/4935 1535/1923/4934 995/1266/4936
f 1046/1321/4937 1047/1322/4938 1537/1925/4939
f 1537/1925/4940 1093/1379/4941 1046/1321/4942
f 1399/1742/4943 1397/1740/4944 1537/1925/4945
f 1537/1925/4945 1397/1740/4944 1093/1379/4946
f 1491/1875/4947 1492/1876/4948 1533/1921/4949
f 1533/1921/4949 1492/1876/4948 1531/1919/4950
f 1538/1926/4951 1536/1924/4952 1531/1919/4953
f 1531/1919/4953 1536/1924/4952 1530/1918/4954
f 1492/1876/4955 1538/1926/4956 1531/1919/4957
f 1538/1926/4958 1492/1876/4959 1494/1878/4960
f 1503/1889/4961 1504/1890/4962 1538/1926/4963
f 1538/1926/4963 1504/1890/4962 1539/1927/4964
f 1399/1742/4965 1539/1927/4966 1398/1741/4967
f 1398/1741/4967 1539/1927/4966 1504/1890/4968
f 1494/1878/4969 1503/1889/4970 1538/1926/4971
f 994/1265/4972 995/1266/4973 1509/1895/4974
f 1509/1895/4974 995/1266/4973 1535/1923/4975
f 1518/1906/4976 1521/1909/4977 1047/1322/4978
f 1047/1322/4978 1521/1909/4977 1540/1928/4979
f 1537/1925/4980 1047/1322/4981 1540/1928/4982
f 1536/1924/4983 1538/1926/4984 1541/1929/4985
f 1541/1929/4985 1538/1926/4984 1539/1927/4986
f 1541/1929/4987 1539/1927/4988 1537/1925/4989
f 1537/1925/4989 1539/1927/4988 1399/1742/4990
f 1509/1895/4991 1535/1923/4992 1542/1930/4993
f 1522/1910/4994 1509/1895/4995 1523/1911/4996
f 1523/1911/4996 1509/1895/4995 1542/1930/4997
f 1537/1925/4998 1540/1928/4999 1543/1931/5000
f 1528/1916/5001 1523/1911/5002 1543/1931/5003
f 1543/1931/5003 1523/1911/5002 1542/1930/5004
f 1528/1916/5005 1543/1931/5006 1520/1908/5007
f 1543/1931/5006 1521/1909/5008 1520/1908/5007
f 1543/1931/5009 1540/1928/5010 1521/1909/5011
f 1542/1930/5012 1535/1923/5013 1541/1929/5014
f 1541/1929/5014 1535/1923/5013 1536/1924/5015
f 1537/1925/5016 1543/1931/5017 1541/1929/5018
f 1541/1929/5018 1543/1931/5017 1542/1930/5019
f 881/1144/5020 878/1141/5021 1220/1512/5022
f 1220/1512/5022 878/1141/5021 1544/1932/5023
f 1544/1932/5024 878/1141/5025 1222/1514/5026
f 1544/1932/5027 1222/1514/5028 1545/1933/5029
f 1545/1933/5029 1222/1514/5028 1224/1516/5030
f 1220/1512/5031 1546/1934/5032 1219/1511/5033
f 1219/1511/5033 1546/1934/5032 1443/1801/5034
f 1545/1933/5035 1224/1516/5036 1226/1518/5037
f 1226/1518/5037 1224/1516/5036 883/1146/5038
f 1545/1933/5039 1226/1518/5040 1547/1935/5041
f 1544/1932/5042 1545/1933/5043 1547/1935/5044
f 1544/1932/5045 1547/1935/5046 1546/1934/5047
f 1548/1936/5048 1547/1935/5049 1227/1519/5050
f 1227/1519/5050 1547/1935/5049 1226/1518/5051
f 1551/1939/5052 1549/1937/5053 1323/1635/5054
f 1323/1635/5054 1549/1937/5053 1322/1633/5055
f 1483/1860/5056 1551/1939/5057 1330/1645/5058
f 1330/1645/5058 1551/1939/5057 1323/1661/5059
f 1443/1801/5060 1546/1934/5061 1483/1860/5062
f 1483/1860/5062 1546/1934/5061 1551/1939/5063
f 1547/1935/5064 1548/1936/5065 1549/1937/5066
f 1549/1937/5066 1548/1936/5065 1550/1938/5067
f 1546/1934/5068 1547/1935/5069 1551/1939/5070
f 1551/1939/5070 1547/1935/5069 1549/1937/5071
f 1546/1934/5072 1220/1512/5073 1544/1932/5074
f 1269/1581/5075 1277/1578/5076 1552/1940/5077
f 1552/1940/5077 1277/1578/5076 1278/1583/5078
f 1281/1586/5079 1282/1587/5080 1283/1588/5081
f 1283/1588/5081 1282/1587/5080 1553/1941/5082
f 1553/1941/5083 1282/1587/5084 1552/1942/5085
f 1552/1942/5086 1282/1587/5087 1269/1567/5088
f 1269/1567/5088 1282/1587/5087 1265/1563/5089
f 1280/1585/5090 1283/1588/5091 1553/1941/5092
f 1428/1782/5093 1410/1753/5094 1554/1943/5095
f 1554/1943/5095 1410/1753/5094 1411/1754/5096
f 1552/1942/5097 1428/1782/5098 1554/1943/5099
f 1428/1782/5100 1552/1942/5101 1278/1783/5102
f 1000/1271/5103 1555/1944/5104 999/1270/5105
f 1280/1585/5106 1555/1944/5107 1000/1271/5108
f 1555/1944/5109 1554/1943/5110 1412/1755/5111
f 1412/1755/5111 1554/1943/5110 1411/1754/5112
f 1553/1941/5113 1555/1944/5114 1280/1585/5115
f 1553/1941/5116 1552/1942/5117 1554/1943/5118
f 1554/1943/5119 1555/1944/5120 1553/1941/5121
f 1557/1946/5122 1556/1947/5123 1075/1352/5124
f 1075/1352/5124 1556/1947/5123 1074/1353/5125
f 1556/1947/5126 1558/1948/5127 1074/1353/5128
f 1074/1353/5128 1558/1948/5127 1064/1341/5129
f 1556/1952/5130 1557/1951/5131 1559/1949/5132
f 1559/1949/5132 1557/1951/5131 1560/1950/5133
f 1089/1953/5134 1088/1956/5135 1561/1954/5136
f 1088/1956/5135 1321/1955/5137 1561/1954/5136
f 1343/1957/5138 1561/1954/5139 1321/1955/5140
f 1561/1961/5141 1564/1960/5142 1562/1958/5143
f 1562/1958/5143 1564/1960/5142 1563/1959/5144
f 1343/1963/5145 1550/1962/5146 1561/1961/5147
f 1561/1961/5147 1550/1962/5146 1564/1960/5148
f 1550/1962/5149 1548/1964/5150 1564/1960/5151
f 1563/1968/5152 1564/1967/5153 1565/1965/5154
f 1565/1965/5154 1564/1967/5153 1566/1966/5155
f 1567/1969/5156 1565/1965/5157 1568/1970/5158
f 1568/1970/5158 1565/1965/5157 1566/1966/5159
f 1227/1972/5160 1566/1971/5161 1548/1964/5162
f 1548/1964/5162 1566/1971/5161 1564/1960/5163
f 1225/1973/5164 1566/1971/5165 1227/1972/5166
f 1225/1976/5167 884/1975/5168 1566/1966/5169
f 1566/1966/5169 884/1975/5168 882/1974/5170
f 974/1977/5171 1566/1966/5172 882/1974/5173
f 974/1977/5174 975/1978/5175 1566/1966/5176
f 975/1978/5175 976/1979/5177 1566/1966/5176
f 1568/1970/5178 1570/1981/5179 1567/1969/5180
f 1567/1969/5180 1570/1981/5179 1569/1980/5181
f 976/1979/5182 977/1982/5183 1566/1966/5184
f 1566/1966/5184 977/1982/5183 1568/1970/5185
f 978/1983/5186 1568/1970/5187 977/1982/5188
f 978/1983/5189 1223/1984/5190 1568/1970/5191
f 1568/1970/5191 1223/1984/5190 1570/1981/5192
f 1221/1985/5193 1570/1981/5194 1223/1984/5195
f 879/1986/5196 1570/1981/5197 1221/1985/5198
f 880/1987/5199 1570/1981/5200 879/1986/5201
f 1498/1988/5202 1571/1990/5203 1497/1989/5204
f 1501/1991/5205 1571/1990/5206 1498/1988/5207
f 1502/1992/5208 1571/1994/5209 1501/1993/5210
f 1495/1995/5211 1571/1990/5212 1502/1996/5213
f 1572/1997/5214 1574/1999/5215 1573/1998/5216
f 1573/1998/5216 1574/1999/5215 1571/1990/5217
f 1576/2001/5218 1572/1997/5219 1575/2000/5220
f 1575/2000/5220 1572/1997/5219 1573/1998/5221
f 1576/2001/5222 1575/2000/5223 1577/2002/5224
f 1577/2002/5224 1575/2000/5223 1578/2003/5225
f 1495/1995/5226 1493/2004/5227 1571/1990/5228
f 1571/1990/5228 1493/2004/5227 1573/1998/5229
f 1493/2004/5230 1491/2006/5231 1573/1998/5232
f 1533/2005/5233 1573/1998/5232 1491/2006/5231
f 1532/2007/5234 1573/1998/5235 1533/2005/5236
f 1529/2008/5237 1573/1998/5238 1532/2007/5239
f 1530/2009/5240 1573/1998/5241 1529/2008/5242
f 1530/2009/5243 1534/2010/5244 1573/1998/5245
f 1573/1998/5245 1534/2010/5244 1575/2000/5246
f 996/2011/5247 1575/2000/5248 1534/2010/5249
f 992/2012/5250 1575/2000/5251 996/2011/5252
f 993/2013/5253 1575/2000/5254 992/2012/5255
f 1505/2014/5256 1575/2000/5257 993/2013/5258
f 1505/2014/5259 1578/2003/5260 1575/2000/5261
f 1506/2015/5262 1578/2003/5263 1505/2014/5264
f 1579/2016/5265 1526/1914/5266 1580/2017/5267
f 1508/1894/5268 1507/1893/5269 1579/2016/5270
f 1579/2016/5270 1507/1893/5269 1526/1914/5271
f 1580/2017/5272 1582/2019/5273 1581/2018/5274
f 1581/2018/5275 1582/2019/5276 1583/2020/5277
f 1515/1903/5278 1510/1900/5279 1583/2020/5280
f 1583/2020/5280 1510/1900/5279 1511/2021/5281
f 1580/2017/5282 1527/1915/5283 1582/2019/5284
f 1526/1914/5285 1527/1915/5286 1580/2017/5287
f 1582/2019/5288 1527/1915/5289 1583/2020/5290
f 1583/2020/5291 1527/1915/5292 1515/1903/5293
f 1125/1411/5294 1123/1409/5295 1584/2022/5296
f 1584/2022/5296 1123/1409/5295 1120/1406/5297
f 1125/1411/5298 1584/2022/5299 1126/1412/5300
f 1126/1412/5300 1584/2022/5299 1133/1419/5301
f 1586/2024/5302 1585/2023/5303 1133/1419/5304
f 1133/1419/5304 1585/2023/5303 1129/1415/5305
f 1128/1414/5306 1129/1415/5307 1585/2023/5308
f 1587/2025/5309 1584/2022/5310 1588/2026/5311
f 1588/2026/5312 1584/2022/5313 1589/2027/5314
f 1120/1406/5315 1589/2027/5316 1584/2022/5317
f 1584/2022/5318 1587/2025/5319 1133/1419/5320
f 1133/1419/5320 1587/2025/5319 1586/2024/5321
f 1591/2030/5322 1561/1954/5323 1590/2028/5324
f 1590/2028/5324 1561/1954/5323 1562/2029/5325
f 1591/2030/5326 1590/2028/5327 1592/2031/5328
f 1592/2031/5328 1590/2028/5327 1593/2032/5329
f 1592/2031/5330 1589/2034/5331 1591/2030/5332
f 1591/2030/5332 1589/2034/5331 1120/2033/5333
f 1120/2033/5334 1121/2035/5335 1591/2030/5336
f 1409/2037/5337 1426/2036/5338 1121/2038/5339
f 1426/2036/5338 1591/2039/5340 1121/2038/5339
f 1426/2040/5341 1427/2041/5342 1591/2030/5343
f 1427/2041/5344 1089/1953/5345 1591/2030/5346
f 1591/2030/5346 1089/1953/5345 1561/1954/5347
f 1594/2043/5348 1588/2042/5349 1592/2031/5350
f 1592/2031/5350 1588/2042/5349 1589/2034/5351
f 1594/2044/5352 1592/2046/5353 1593/2045/5354
f 1594/2043/5355 1595/2050/5356 1588/2042/5357
f 1588/2042/5357 1595/2050/5356 1587/2047/5358
f 1587/2047/5358 1595/2050/5356 1586/2048/5359
f 1595/2050/5356 1585/2049/5360 1586/2048/5359
f 1596/2051/5361 1595/2050/5362 1593/2032/5363
f 1593/2032/5363 1595/2050/5362 1594/2043/5364
f 1397/1740/5365 1407/1750/5366 1093/1379/5367
f 1407/1750/5366 1408/1751/5368 1093/1379/5367
f 1408/1751/5368 1396/1739/5369 1093/1379/5367
f 1093/1379/5367 1396/1739/5369 1307/1612/5370
f 887/1150/5371 888/1151/5372 1597/2052/5373
f 1597/2052/5373 888/1151/5372 1598/2053/5374
f 1598/2054/5375 1458/1826/5376 1459/1827/5377
f 1457/1825/5378 1458/1826/5379 1598/2054/5380
f 1466/1837/5381 1599/2055/5382 1459/1827/5383
f 1459/1827/5383 1599/2055/5382 1598/2054/5384
f 1599/2055/5385 1466/1837/5386 1474/1848/5387
f 1600/2056/5388 1477/1853/5389 1478/1854/5390
f 1473/1847/5391 1477/1853/5392 1600/2056/5393
f 1472/1846/5394 1600/2056/5395 1474/1848/5396
f 1474/1848/5396 1600/2056/5395 1599/2055/5397
f 1479/1855/5398 1430/1785/5399 1600/2056/5400
f 1600/2056/5400 1430/1785/5399 1431/1786/5401
f 1472/1846/5402 1473/1847/5403 1600/2056/5404
f 1478/1854/5405 1479/1855/5406 1600/2056/5407
f 1598/2053/5408 888/1151/5409 1434/1791/5410
f 1434/1791/5410 888/1151/5409 983/1251/5411
f 1457/1825/5412 1598/2054/5413 1438/1796/5414
f 1438/1796/5414 1598/2054/5413 1434/1795/5415
f 1604/2060/5416 1603/2059/5417 1601/2057/5418
f 1601/2057/5418 1603/2059/5417 1602/2058/5419
f 1570/1981/5420 1603/2059/5421 1569/1980/5422
f 1569/1980/5422 1603/2059/5421 1604/2060/5423
f 1603/2059/5424 1570/1981/5425 910/2061/5426
f 910/2061/5426 1570/1981/5425 880/1987/5427
f 886/2062/5428 1603/2059/5429 910/2061/5430
f 887/2063/5431 1603/2059/5432 886/2062/5433
f 1597/2064/5434 1603/2059/5435 887/2063/5436
f 1605/2065/5437 1603/2067/5438 1597/2066/5439
f 1602/2058/5440 1603/2059/5441 1599/2068/5442
f 1599/2068/5442 1603/2059/5441 1605/2069/5443
f 1600/2070/5444 1602/2058/5445 1599/2068/5446
f 1431/2071/5447 1602/2058/5448 1600/2070/5449
f 1433/2072/5450 1602/2058/5451 1431/2071/5452
f 1601/2057/5453 1602/2058/5454 1574/1999/5455
f 1574/1999/5455 1602/2058/5454 1571/1990/5456
f 1602/2058/5457 1433/2072/5458 1571/1990/5459
f 1571/1990/5459 1433/2072/5458 1497/1989/5460
f 1605/2069/5461 1598/2073/5462 1599/2068/5463
f 1597/2066/5464 1598/2074/5465 1605/2065/5466
f 1606/2075/5467 1609/2078/5468 1607/2076/5469
f 1607/2076/5469 1609/2078/5468 1608/2077/5470
f 1608/2077/5471 596/2080/5472 1607/2076/5473
f 1607/2076/5473 596/2080/5472 821/2079/5474
f 1610/2081/5475 1611/2082/5476 1606/2075/5477
f 1606/2075/5477 1611/2082/5476 1609/2078/5478
f 1609/2078/5479 1611/2082/5480 1092/1378/5481
f 1092/1378/5481 1611/2082/5480 1113/1399/5482
f 1608/2077/5483 1609/2078/5484 1090/1374/5485
f 1090/1374/5485 1609/2078/5484 1092/1378/5486
f 596/2080/5487 1608/2077/5488 676/1375/5489
f 676/1375/5489 1608/2077/5488 1090/1374/5490
f 1615/2086/5491 1614/2085/5492 1612/2083/5493
f 1612/2083/5493 1614/2085/5492 1613/2084/5494
f 1614/2085/5495 1611/2082/5496 1613/2084/5497
f 1613/2084/5497 1611/2082/5496 1610/2081/5498
f 1112/1398/5499 1614/2085/5500 1117/1403/5501
f 1117/1403/5501 1614/2085/5500 1294/1599/5502
f 1294/1599/5503 1614/2085/5504 1615/2086/5505
f 1614/2085/5506 1112/1398/5507 1611/2082/5508
f 1611/2082/5508 1112/1398/5507 1113/1399/5509
f 1616/2087/5510 1202/1494/5511 1199/1491/5512
f 1199/1491/5513 1209/1501/5514 1616/2087/5515
f 1618/2089/5516 1620/2091/5517 1616/2087/5518
f 1612/2083/5519 1621/2092/5520 1618/2089/5521
f 1618/2089/5521 1621/2092/5520 1620/2091/5522
f 1622/2093/5523 1621/2092/5524 1613/2084/5525
f 1613/2084/5525 1621/2092/5524 1612/2083/5526
f 1623/2094/5527 1622/2093/5528 1610/2081/5529
f 1610/2081/5529 1622/2093/5528 1613/2084/5530
f 1624/2095/5531 1623/2094/5532 1606/2075/5533
f 1606/2075/5533 1623/2094/5532 1610/2081/5534
f 1625/2096/5535 1624/2095/5536 1607/2076/5537
f 1607/2076/5537 1624/2095/5536 1606/2075/5538
f 102/2097/5539 1625/2096/5540 821/2079/5541
f 821/2079/5541 1625/2096/5540 1607/2076/5542
f 1629/2101/5543 1628/2100/5544 1626/2098/5545
f 1626/2098/5545 1628/2100/5544 1627/2099/5546
f 1630/2102/5547 1627/2099/5548 1631/2103/5549
f 1631/2103/5549 1627/2099/5548 1628/2100/5550
f 1634/2106/5551 1635/2107/5552 1636/2108/5553
f 1636/2108/5553 1635/2107/5552 1637/2109/5554
f 957/2126/5555 958/2125/5556 1636/2123/5557
f 1636/2123/5557 958/2125/5556 1634/2124/5558
f 957/2126/5559 1636/2123/5560 956/2122/5561
f 960/2127/5562 1634/2124/5563 958/2125/5564
f 960/2127/5565 1096/2131/5566 1634/2124/5567
f 1634/2124/5567 1096/2131/5566 1094/2129/5568
f 1192/2141/5569 1630/2138/5570 1108/2136/5571
f 1198/2142/5572 1630/2138/5573 1192/2141/5574
f 1627/2144/5575 1630/2138/5576 1212/2143/5577
f 1212/2143/5577 1630/2138/5576 1198/2142/5578
f 1206/2145/5579 1626/2147/5580 1207/2146/5581
f 1207/2146/5581 1626/2147/5580 1627/2144/5582
f 1207/2146/5583 1627/2144/5584 1212/2143/5585
f 1642/2148/5586 1236/1530/5587 1233/1527/5588
f 1643/2149/5589 1063/1338/5590 1558/1948/5591
f 1558/1948/5591 1063/1338/5590 1064/1341/5592
f 1643/2149/5593 1062/1335/5594 1063/1338/5595
f 1063/1338/5595 1062/1335/5594 1059/1334/5596
f 1303/1608/5597 1302/1607/5598 1644/2150/5599
f 1644/2150/5599 1302/1607/5598 1299/1604/5600
f 1233/1527/5601 1303/1608/5602 1642/2148/5603
f 1642/2148/5603 1303/1608/5602 1644/2150/5604
f 1645/2151/5605 1642/2152/5606 1560/1950/5607
f 1556/1952/5608 1559/1949/5609 1558/2153/5610
f 1558/2153/5610 1559/1949/5609 1643/2154/5611
f 1581/2018/5612 1583/2020/5613 1646/2155/5614
f 1647/2156/5615 1581/2158/5616 1646/2157/5617
f 1062/1335/5618 1643/2149/5619 1648/2159/5620
f 1560/1950/5621 1642/2152/5622 1649/2160/5623
f 1649/2161/5624 1559/2163/5625 1560/2162/5626
f 1643/2154/5627 1559/1949/5628 1649/2160/5629
f 1650/2164/5630 1648/2165/5631 1649/2160/5632
f 1648/2165/5633 1643/2154/5634 1649/2160/5635
f 1506/2015/5636 1508/2170/5637 1578/2003/5638
f 1508/2170/5637 1653/2171/5639 1578/2003/5638
f 1579/2172/5640 1653/2171/5641 1508/2170/5642
f 1580/2173/5643 1653/2171/5644 1579/2172/5645
f 1653/2171/5646 1580/2173/5647 1647/2156/5648
f 1647/2156/5648 1580/2173/5647 1581/2158/5649
f 1653/2171/5650 1654/2174/5651 1578/2003/5652
f 1578/2003/5652 1654/2174/5651 1577/2002/5653
f 1511/2021/5654 1655/2175/5655 1583/2020/5656
f 1655/2175/5655 1646/2155/5657 1583/2020/5656
f 1511/1897/5658 1062/1335/5659 1655/2176/5660
f 1655/2176/5660 1062/1335/5659 1648/2159/5661
f 1646/2157/5662 1655/2177/5663 1647/2156/5664
f 1647/2156/5665 1655/2177/5666 1656/2178/5667
f 1644/2180/5668 1657/2179/5669 1642/2152/5670
f 1642/2152/5670 1657/2179/5669 1649/2160/5671
f 1656/2178/5672 1655/2177/5673 1658/2181/5674
f 1654/2182/5675 1659/2183/5676 1652/2167/5677
f 1652/2167/5677 1659/2183/5676 1651/2166/5678
f 1299/2168/5679 1651/2169/5680 1644/2184/5681
f 1644/2184/5681 1651/2169/5680 1657/2185/5682
f 1655/2177/5683 1648/2165/5684 1650/2164/5685
f 1658/2181/5686 1655/2177/5687 1650/2164/5688
f 1649/2160/5689 1657/2179/5690 1650/2164/5691
f 1656/2178/5692 1653/2171/5693 1647/2156/5694
f 1656/2178/5695 1658/2181/5696 1659/2186/5697
f 1659/2186/5697 1658/2181/5696 1657/2179/5698
f 1650/2164/5699 1657/2179/5700 1658/2181/5701
f 1659/2183/5697 1657/2187/5698 1651/2166/5702
f 1654/2174/5675 1653/2171/5703 1659/2186/5676
f 1659/2186/5676 1653/2171/5703 1656/2178/5704
f 1660/2188/5705 1067/1342/5706 1068/1343/5707
f 1228/1520/5708 1660/2188/5709 1068/1343/5710
f 1235/1529/5711 1236/1530/5712 1228/1520/5713
f 1228/1520/5713 1236/1530/5712 1660/2188/5714
f 1660/2188/5715 1236/1530/5716 1645/2189/5717
f 1645/2189/5717 1236/1530/5716 1642/2148/5718
f 1660/2188/5719 1645/2189/5720 1661/2190/5721
f 1067/1342/5722 1660/2188/5723 1662/2191/5724
f 1663/2192/5725 1664/2193/5726 1662/2191/5727
f 1077/1354/5728 1067/1342/5729 1662/2191/5730
f 1665/2194/5731 1663/2192/5732 1662/2191/5733
f 1666/2195/5734 1662/2191/5735 1661/2190/5736
f 1661/2190/5736 1662/2191/5735 1660/2188/5737
f 1662/2191/5738 1664/2193/5739 1077/1354/5740
f 1664/2193/5739 1076/2196/5741 1077/1354/5740
f 1076/2196/5741 1073/1356/5742 1077/1354/5740
f 1662/2191/5743 1666/2195/5744 1665/2194/5745
f 1667/2197/5746 1557/1946/5747 1075/1352/5748
f 1076/1351/5749 1664/2198/5750 1075/1352/5751
f 1075/1352/5751 1664/2198/5750 1667/2197/5752
f 1667/2199/5753 1665/2201/5754 1666/2200/5755
f 1667/2199/5756 1661/2202/5757 1645/2151/5758
f 1557/1951/5759 1667/2199/5760 1560/1950/5761
f 1560/1950/5761 1667/2199/5760 1645/2151/5762
f 1663/2203/5763 1665/2201/5764 1667/2199/5765
f 1667/2199/5766 1664/2204/5767 1663/2203/5768
f 1666/2200/5769 1661/2202/5770 1667/2199/5771
f 1302/1607/5772 1301/1606/5773 1299/1604/5774
f 1299/1604/5774 1301/1606/5773 1300/1605/5775
f 1050/1325/5776 1051/1326/5777 1305/1610/5778
f 1305/1610/5779 1306/1611/5780 1050/1325/5781
f 1050/1325/5781 1306/1611/5780 1304/1609/5782
f 1306/1611/5783 1301/1606/5784 1302/1607/5785
f 1093/1379/5786 1307/1612/5787 1051/1326/5788
f 1051/1326/5788 1307/1612/5787 1305/1610/5789
f 1308/1613/5790 1310/1615/5791 1309/1614/5792
f 1311/1616/5793 1308/1613/5794 1309/1614/5795
f 1309/1614/5796 1310/1615/5797 1668/2205/5798
f 1668/2205/5798 1310/1615/5797 1301/1606/5799
f 1309/1614/5800 1297/1602/5801 1311/1616/5802
f 1311/1616/5802 1297/1602/5801 1010/1283/5803
f 1302/1607/5804 1303/1608/5805 1306/1611/5806
f 1306/1611/5806 1303/1608/5805 1304/1609/5807
f 1307/1612/5808 1395/1738/5809 1305/1610/5810
f 1305/1610/5810 1395/1738/5809 1403/1746/5811
f 1403/1746/5812 1297/1602/5813 1309/1614/5814
f 1403/1746/5815 1404/1747/5816 1297/1602/5817
f 1297/1602/5817 1404/1747/5816 1402/1745/5818
f 1305/1610/5819 1668/2205/5820 1306/1611/5821
f 1639/2111/5822 1638/2110/5823 1637/2109/5824
f 1637/2109/5824 1638/2110/5823 1636/2108/5825
f 1639/2111/5826 1641/2113/5827 1638/2110/5828
f 1638/2110/5828 1641/2113/5827 1640/2112/5829
f 1638/2117/5830 1640/2116/5831 1301/2114/5832
f 1301/2114/5832 1640/2116/5831 1300/2115/5833
f 1301/2114/5834 1310/2118/5835 1638/2117/5836
f 1308/2119/5837 1638/2117/5838 1310/2118/5839
f 1311/2120/5840 1638/2117/5841 1308/2119/5842
f 1010/2121/5843 1638/2117/5844 1311/2120/5845
f 956/2122/5846 1636/2123/5847 1010/2121/5848
f 1010/2121/5848 1636/2123/5847 1638/2117/5849
f 1641/2113/5850 1652/2167/5851 1640/2112/5852
f 1640/2112/5852 1652/2167/5851 1651/2166/5853
f 1640/2116/5854 1651/2169/5855 1300/2115/5856
f 1300/2115/5856 1651/2169/5855 1299/2168/5857
f 1668/2205/5858 1301/1606/5859 1306/1611/5860
f 1668/2205/5861 1305/1610/5862 1309/1614/5863
f 1309/1614/5863 1305/1610/5862 1403/1746/5864
f 465/467/5865 312/314/5866 461/463/5867
f 461/463/5867 312/314/5866 316/318/5868
f 463/465/5869 195/199/5870 465/467/5871
f 465/467/5871 195/199/5870 312/314/5872
f 461/463/5873 316/318/5874 179/183/5875
f 175/179/5876 751/861/5877 316/318/5874
f 751/861/5877 179/183/5875 316/318/5874
f 532/594/5878 531/593/5879 237/245/5880
f 237/245/5880 531/593/5879 180/184/5881
f 179/183/5882 180/184/5883 461/463/5884
f 461/463/5884 180/184/5883 462/464/5885
f 462/562/5886 180/184/5887 531/593/5888
f 513/550/5889 512/549/5890 114/116/5891
f 114/116/5891 512/549/5890 112/114/5892
f 463/465/5893 464/466/5894 334/327/5895
f 334/327/5895 464/466/5894 114/116/5896
f 334/327/5897 114/116/5898 333/326/5899
f 333/326/5899 114/116/5898 112/114/5900
f 296/557/5901 452/558/5902 512/551/5903
f 512/551/5903 452/558/5902 112/559/5904
f 296/557/5905 512/551/5906 456/554/5907
f 456/554/5908 512/551/5909 486/553/5910
f 486/553/5910 512/551/5909 113/552/5911
f 486/553/5912 113/552/5913 295/555/5914
f 295/555/5914 113/552/5913 186/556/5915
f 739/848/5916 767/890/5917 186/190/5918
f 767/890/5919 768/891/5920 186/190/5921
f 186/190/5921 768/891/5920 295/685/5922
f 465/467/5923 466/468/5924 463/465/5925
f 463/465/5925 466/468/5924 464/466/5926
f 461/463/5927 462/464/5928 465/467/5929
f 465/467/5929 462/464/5928 466/468/5930
f 239/247/5931 185/189/5932 529/589/5933
f 185/189/5934 531/593/5935 529/589/5936
f 529/589/5936 531/593/5935 532/594/5937
f 185/189/5938 513/550/5939 466/561/5940
f 466/561/5940 513/550/5939 464/563/5941
f 462/562/5942 531/593/5943 466/561/5944
f 466/561/5944 531/593/5943 185/189/5945
f 464/563/5946 513/550/5947 114/564/5948
f 513/550/5949 185/189/5950 512/549/5951
f 186/190/5952 113/115/5953 185/189/5950
f 185/189/5950 113/115/5953 512/549/5951
f 1326/1640/5954 1333/1649/5955 1331/1646/5956
f 1331/1646/5956 1333/1649/5955 1332/1647/5957
f 1250/1546/5958 1247/1543/5959 1314/1620/5960
f 1314/1620/5960 1247/1543/5959 1312/1617/5961
f 1328/1643/5962 1462/1831/5963 1329/1644/5964
f 1462/1831/5963 1485/1862/5965 1329/1644/5964
f 1485/1862/5965 1484/1861/5966 1329/1644/5964
f 1405/1748/5967 1316/1623/5968 1332/1647/5969
f 1332/1647/5969 1316/1623/5968 1253/1624/5970
f 1331/1646/5971 1332/1648/5972 1253/1549/5973
f 1404/1747/5974 1403/1746/5975 1405/1748/5976
f 1405/1748/5976 1403/1746/5975 1316/1623/5977
f 1325/1639/5978 1326/1640/5979 1455/1823/5980
f 1455/1823/5980 1326/1640/5979 1331/1646/5981
f 1325/1639/5982 1455/1823/5983 1328/1643/5984
f 1328/1643/5984 1455/1823/5983 1462/1831/5985
f 1462/1831/5985 1455/1823/5983 1464/1834/5986
f 1396/1739/5987 1408/1751/5988 1313/1618/5989
f 1313/1618/5989 1408/1751/5988 1312/1617/5990
f 1250/1812/5991 1448/1810/5992 1249/1813/5993
f 1249/1813/5993 1448/1810/5992 1450/1814/5994
f 1450/1814/5995 1451/1815/5996 1249/1813/5997
f 1453/1817/5998 1249/1813/5999 1452/1816/6000
f 1452/1816/6000 1249/1813/5999 1451/1815/6001
f 1250/1546/6002 1249/1545/6003 1247/1543/6004
f 1247/1543/6004 1249/1545/6003 1248/1544/6005
f 1247/1543/6006 1251/1619/6007 1312/1617/6008
f 1312/1617/6008 1251/1619/6007 1313/1618/6009
f 1464/1833/6010 1453/1817/6011 1463/1832/6012
f 1463/1832/6012 1453/1817/6011 1452/1816/6013
f 1462/1831/6014 1464/1834/6015 1485/1862/6016
f 1485/1862/6017 1464/1834/6018 1487/1865/6019
f 1487/1865/6019 1464/1834/6018 1463/1866/6020
f 1251/1619/6021 1252/1622/6022 1313/1618/6023
f 1313/1618/6023 1252/1622/6022 1315/1621/6024
f 1252/1622/6025 1253/1624/6026 1315/1621/6027
f 1315/1621/6027 1253/1624/6026 1316/1623/6028
f 1395/1738/6029 1396/1739/6030 1315/1621/6031
f 1315/1621/6031 1396/1739/6030 1313/1618/6032
f 1403/1746/6033 1395/1738/6034 1316/1623/6035
f 1316/1623/6035 1395/1738/6034 1315/1621/6036
f 1455/1823/6037 1331/1646/6038 1252/1548/6039
f 1252/1548/6039 1331/1646/6038 1253/1549/6040
f 1455/1823/6041 1252/1548/6042 1248/1544/6043
f 1248/1544/6043 1252/1548/6042 1251/1547/6044
f 1248/1544/6045 1249/1545/6046 1455/1823/6047
f 1464/1834/6048 1455/1823/6047 1453/1874/6049
f 1453/1874/6049 1455/1823/6047 1249/1545/6046
f 1248/1544/6050 1251/1547/6051 1247/1543/6052
f 1164/1449/6053 1163/1448/6054 1161/1446/6055
f 1161/1446/6055 1163/1448/6054 1162/1447/6056
f 1161/1446/6057 1182/1470/6058 1180/1468/6059
f 1180/1468/6059 1182/1470/6058 1181/1469/6060
f 1183/1471/6061 1182/1470/6062 1162/1447/6063
f 1162/1447/6063 1182/1470/6062 1161/1446/6064
f 1187/1475/6065 1180/1468/6066 1186/1474/6067
f 1186/1474/6067 1180/1468/6066 1181/1469/6068
f 1188/1476/6069 1189/1478/6070 1183/1477/6071
f 1185/1473/6072 1186/1474/6073 1190/1479/6074
f 1183/1477/6075 1189/1478/6076 1182/1481/6077
f 1189/1478/6076 1186/1480/6078 1182/1481/6077
f 1182/1481/6077 1186/1480/6078 1181/1482/6079
f 1186/1474/6080 1185/1473/6081 1187/1475/6082
f 1326/1640/6083 1325/1639/6084 1327/1641/6085
f 1327/1641/6085 1325/1639/6084 1188/1638/6086
f 1328/1643/6087 1189/1642/6088 1325/1639/6089
f 1325/1639/6089 1189/1642/6088 1188/1638/6090
f 1328/1643/6091 1329/1644/6092 1189/1642/6093
f 1189/1642/6093 1329/1644/6092 1186/1474/6094
f 1329/1644/6095 1330/1645/6096 1186/1474/6097
f 1333/1649/6098 1336/1652/6099 1334/1650/6100
f 1334/1650/6100 1336/1652/6099 1335/1651/6101
f 1327/1641/6102 1336/1652/6103 1326/1640/6104
f 1326/1640/6104 1336/1652/6103 1333/1649/6105
f 1354/1673/6106 1369/1699/6107 1163/1448/6108
f 1163/1448/6108 1369/1699/6107 1162/1447/6109
f 1369/1699/6110 1354/1673/6111 1370/1701/6112
f 1370/1701/6112 1354/1673/6111 1361/1681/6113
f 1340/1711/6114 1376/1713/6115 1339/1712/6116
f 1339/1712/6116 1376/1713/6115 1367/1695/6117
f 1376/1713/6118 1336/1714/6119 1368/1698/6120
f 1368/1698/6120 1336/1714/6119 1327/1697/6121
f 1376/1713/6122 1335/1715/6123 1336/1714/6124
f 1376/1717/6125 1368/1700/6126 1377/1716/6127
f 1377/1716/6127 1368/1700/6126 1369/1699/6128
f 1340/1711/6129 1335/1715/6130 1376/1713/6131
f 1367/1719/6132 1376/1717/6133 1378/1718/6134
f 1378/1718/6134 1376/1717/6133 1377/1716/6135
f 1369/1699/6136 1370/1701/6137 1377/1716/6138
f 1190/1479/6139 1186/1474/6140 1393/1736/6141
f 1393/1736/6141 1186/1474/6140 1330/1645/6142
f 1183/1471/6143 1368/1698/6144 1188/1476/6145
f 1188/1476/6145 1368/1698/6144 1327/1697/6146
f 1368/1698/6147 1183/1471/6148 1369/1699/6149
f 1369/1699/6149 1183/1471/6148 1162/1447/6150
f 500/516/6151 501/518/6152 208/214/6153
f 208/214/6153 501/518/6152 243/251/6154
f 337/515/6155 500/517/6156 208/511/6157
f 501/518/6158 500/516/6159 201/207/6160
f 201/207/6160 500/516/6159 293/215/6161
f 303/305/6162 226/348/6163 491/493/6164
f 491/493/6164 226/348/6163 499/514/6165
f 491/493/6166 499/514/6167 258/269/6168
f 499/514/6167 498/513/6169 258/269/6168
f 258/269/6168 498/513/6169 278/291/6170
f 703/807/6171 205/347/6172 303/305/6173
f 303/305/6173 205/347/6172 226/348/6174
f 498/513/6175 304/306/6176 497/512/6177
f 497/512/6177 304/306/6176 337/330/6178
f 304/510/6179 500/517/6180 337/515/6181
f 499/514/6182 355/494/6183 498/513/6184
f 498/513/6184 355/494/6183 304/306/6185
f 203/209/6186 215/223/6187 221/229/6188
f 221/229/6188 215/223/6187 216/224/6189
f 59/59/6190 216/224/6191 701/805/6192
f 701/805/6192 216/224/6191 215/223/6193
f 294/216/6194 202/208/6195 293/215/6196
f 293/215/6196 202/208/6195 201/207/6197
f 355/349/6198 344/504/6199 304/306/6200
f 205/682/6201 492/495/6202 496/507/6203
f 703/807/6204 702/806/6205 205/347/6206
f 205/347/6206 702/806/6205 492/496/6207
f 344/504/6208 495/499/6209 293/506/6210
f 293/506/6210 495/499/6209 294/505/6211
f 495/500/6212 492/501/6213 294/503/6214
f 294/503/6214 492/501/6213 215/502/6215
f 701/805/6216 215/223/6217 702/806/6218
f 702/806/6218 215/223/6217 492/496/6219
f 355/494/6220 499/514/6221 1669/2206/6222
f 1669/2206/6222 499/514/6221 226/348/6223
f 1669/2206/6224 226/234/6225 496/507/6226
f 496/507/6226 226/234/6225 205/681/6227
f 495/499/6228 496/507/6229 492/501/6230
f 496/507/6231 344/504/6232 1669/2206/6233
f 293/506/6234 500/508/6235 344/504/6236
f 344/504/6236 500/508/6235 304/509/6237
f 344/504/6238 355/349/6239 1669/2206/6240
f 496/507/6241 495/499/6242 344/504/6243
f 289/303/6244 286/300/6245 288/302/6246
f 288/302/6246 286/300/6245 2/2/6247
f 610/711/6248 243/251/6249 206/212/6250
f 206/212/6250 243/251/6249 501/518/6251
f 219/227/6252 217/225/6253 350/342/6254
f 350/342/6254 217/225/6253 351/343/6255
f 202/208/6256 294/216/6257 203/209/6258
f 203/209/6258 294/216/6257 215/223/6259
f 351/343/6260 217/225/6261 203/209/6262
f 203/209/6262 217/225/6261 204/210/6263
f 288/302/6264 2/2/6265 232/240/6266
f 7/7/6267 288/302/6268 233/241/6269
f 233/241/6269 288/302/6268 232/240/6270
f 230/238/6271 229/237/6272 219/227/6273
f 219/227/6273 229/237/6272 217/225/6274
f 233/241/6275 232/240/6276 230/238/6277
f 230/238/6277 232/240/6276 229/237/6278
f 229/237/6279 225/233/6280 217/225/6281
f 217/225/6281 225/233/6280 204/210/6282
f 203/209/6283 204/210/6284 202/208/6285
f 202/208/6285 204/210/6284 300/211/6286
f 225/233/6287 300/211/6288 204/210/6289
f 1/1/6290 228/236/6291 286/300/6292
f 286/300/6292 228/236/6291 285/299/6293
f 320/322/6294 285/299/6295 524/584/6296
f 524/584/6296 285/299/6295 527/587/6297
f 228/236/6298 527/587/6299 285/299/6300
f 524/584/6301 695/452/6302 320/322/6303
f 695/452/6304 520/580/6305 320/322/6306
f 320/322/6306 520/580/6305 519/579/6307
f 206/212/6308 222/230/6309 610/711/6310
f 610/711/6310 222/230/6309 519/579/6311
f 320/322/6312 519/579/6313 222/230/6314
f 2/2/6315 227/235/6316 232/240/6317
f 232/240/6317 227/235/6316 223/231/6318
f 286/300/6319 285/299/6320 2/2/6321
f 2/2/6321 285/299/6320 227/235/6322
f 201/207/6323 202/208/6324 224/232/6325
f 224/232/6325 202/208/6324 300/211/6326
f 232/240/6327 223/231/6328 229/237/6329
f 229/237/6329 223/231/6328 225/233/6330
f 224/232/6331 223/231/6332 227/235/6333
f 285/299/6334 320/322/6335 227/235/6336
f 227/235/6336 320/322/6335 222/230/6337
f 224/232/6338 206/212/6339 201/207/6340
f 201/207/6340 206/212/6339 501/518/6341
f 222/230/6342 224/232/6343 227/235/6344
f 223/231/6345 224/232/6346 225/233/6347
f 225/233/6347 224/232/6346 300/211/6348
f 224/232/6349 222/230/6350 206/212/6351
f 1173/1457/6352 1172/1456/6353 1170/1454/6354
f 1170/1454/6354 1172/1456/6353 1171/1455/6355
f 1246/1542/6356 1173/1457/6357 1245/1541/6358
f 1245/1541/6358 1173/1457/6357 1170/1454/6359
f 1246/1542/6360 1245/1541/6361 1292/1597/6362
f 1292/1597/6362 1245/1541/6361 1293/1598/6363
f 1423/1777/6364 1425/1779/6365 1245/1541/6366
f 1245/1541/6366 1425/1779/6365 1293/1598/6367
f 1174/1458/6368 1260/1557/6369 1001/1272/6370
f 1001/1272/6370 1260/1557/6369 997/1268/6371
f 1260/1557/6369 1279/1584/6372 997/1268/6371
f 999/1766/6373 1555/1945/6374 1416/1765/6375
f 997/1268/6376 1000/1271/6377 998/1269/6378
f 998/1269/6378 1000/1271/6377 999/1270/6379
f 1001/1272/6380 1176/1460/6381 1174/1458/6382
f 1174/1458/6382 1176/1460/6381 1175/1459/6383
f 1176/1460/6384 1177/1465/6385 1175/1459/6386
f 1175/1459/6386 1177/1465/6385 1171/1455/6387
f 998/1764/6388 999/1766/6389 1416/1765/6390
f 998/1269/6391 1002/1273/6392 997/1268/6393
f 997/1268/6393 1002/1273/6392 1001/1272/6394
f 1176/1460/6395 1001/1272/6396 1670/2207/6397
f 1670/2207/6397 1001/1272/6396 1002/1279/6398
f 1423/1777/6399 1415/1758/6400 1421/1771/6401
f 1421/1771/6401 1415/1758/6400 1418/1767/6402
f 1171/1455/6403 1177/1465/6404 1170/1454/6405
f 1170/1454/6405 1177/1465/6404 1169/1464/6406
f 1423/1776/6407 1169/1775/6408 1415/1773/6409
f 1415/1773/6409 1169/1775/6408 1135/1774/6410
f 1169/1464/6411 1423/1777/6412 1170/1454/6413
f 1170/1454/6413 1423/1777/6412 1245/1541/6414
f 1177/1462/6415 1140/1425/6416 1169/1461/6417
f 1415/1760/6418 1135/1420/6419 1414/1759/6420
f 1414/1759/6420 1135/1420/6419 984/1311/6421
f 998/1310/6422 1416/1761/6423 984/1311/6424
f 984/1311/6424 1416/1761/6423 1414/1759/6425
f 1177/1462/6426 1176/1463/6427 1140/1425/6428
f 1140/1425/6428 1176/1463/6427 1670/2207/6429
f 1140/1425/6430 1135/1774/6431 1169/1461/6432
f 984/1311/6433 1002/1273/6434 998/1310/6435
f 984/1311/6436 1670/2207/6437 1002/1273/6438
f 984/1311/6439 1140/1425/6440 1670/2207/6441
f 1135/1774/6442 1140/1425/6443 984/1311/6444
f 1413/1756/6445 1418/1767/6446 1414/1757/6447
f 1414/1757/6447 1418/1767/6446 1415/1758/6448
f 1417/1763/6449 1413/1756/6450 1416/1762/6451
f 1416/1762/6451 1413/1756/6450 1414/1757/6452
f 1412/1755/6453 1417/1763/6454 1555/1944/6455
f 1555/1944/6455 1417/1763/6454 1416/1762/6456
f 1417/1763/6457 1412/1755/6458 1036/1309/6459
f 1036/1309/6459 1412/1755/6458 1124/1410/6460
f 842/1105/6461 920/1183/6462 844/1107/6463
f 844/1107/6463 920/1183/6462 1003/1274/6464
f 1125/1411/6465 903/1166/6466 1124/1410/6467
f 1124/1410/6467 903/1166/6466 1036/1309/6468
f 1126/1412/6469 903/1166/6470 1125/1411/6471
f 1138/1423/6472 1119/1405/6473 1003/1274/6474
f 1003/1274/6474 1119/1405/6473 844/1107/6475
f 903/1166/6476 1126/1412/6477 1007/1278/6478
f 1119/1405/6479 1138/1423/6480 1126/1412/6477
f 1126/1412/6477 1138/1423/6480 1007/1278/6478
f 1006/1277/6481 1005/1276/6482 906/1169/6483
f 906/1169/6483 1005/1276/6482 909/1172/6484
f 1137/1422/6485 1136/1421/6486 1006/1277/6487
f 1006/1277/6487 1136/1421/6486 1005/1276/6488
f 1134/1768/6489 1137/1422/6490 1418/1767/6491
f 1418/1767/6491 1137/1422/6490 1421/1771/6492
f 1137/1422/6493 1006/1277/6494 1421/1771/6495
f 1421/1771/6495 1006/1277/6494 1239/1535/6496
f 920/1183/6497 1004/1275/6498 1003/1274/6499
f 847/1110/6500 909/1172/6501 1004/1275/6502
f 1004/1275/6502 909/1172/6501 1005/1276/6503
f 1004/1275/6504 920/1183/6505 847/1110/6506
f 847/1110/6506 920/1183/6505 846/1109/6507
f 902/1165/6508 1134/1768/6509 1413/1756/6510
f 1413/1756/6510 1134/1768/6509 1418/1767/6511
f 1413/1756/6512 1417/1763/6513 902/1165/6514
f 902/1165/6514 1417/1763/6513 1036/1309/6515
f 1004/1275/6516 1005/1276/6517 1139/1424/6518
f 1139/1424/6518 1005/1276/6517 1136/1421/6519
f 1139/1424/6520 1138/1423/6521 1004/1275/6522
f 1004/1275/6522 1138/1423/6521 1003/1274/6523
f 1138/1423/6524 902/1165/6525 1007/1278/6526
f 1007/1278/6526 902/1165/6525 903/1166/6527
f 1134/1768/6528 1136/1421/6529 1137/1422/6530
f 903/1166/6531 902/1165/6532 1036/1309/6533
f 1139/1424/6534 902/1165/6535 1138/1423/6536
f 902/1165/6537 1139/1424/6538 1134/1768/6539
f 1134/1768/6539 1139/1424/6538 1136/1421/6540
f 404/401/6541 403/400/6542 460/462/6543
f 404/401/6544 398/395/6545 403/400/6546
f 460/462/6547 403/400/6548 405/402/6549
f 405/402/6549 403/400/6548 409/406/6550
f 403/400/6551 168/172/6552 409/406/6553
f 409/406/6553 168/172/6552 50/50/6554
f 168/172/6555 607/708/6556 50/50/6557
f 50/50/6557 607/708/6556 606/707/6558
f 399/396/6559 1671/2208/6560 398/395/6561
f 1671/2208/6560 403/400/6562 398/395/6561
f 402/399/6563 399/396/6564 401/398/6565
f 401/398/6565 399/396/6564 393/390/6566
f 399/396/6564 397/394/6567 393/390/6566
f 1671/2208/6568 1672/2209/6569 403/400/6570
f 403/400/6570 1672/2209/6569 168/172/6571
f 1673/2210/6572 607/708/6573 1672/2209/6574
f 1672/2209/6574 607/708/6573 168/172/6575
f 686/791/6576 402/399/6577 401/398/6578
f 1674/2211/6579 169/173/6580 1673/2210/6581
f 1673/2210/6581 169/173/6580 607/708/6582
f 607/708/6583 169/173/6584 606/707/6585
f 606/707/6585 169/173/6584 163/166/6586
f 400/397/6587 402/399/6588 685/790/6589
f 685/790/6589 402/399/6588 686/791/6590
f 170/174/6591 171/175/6592 410/407/6593
f 410/407/6593 171/175/6592 595/696/6594
f 411/408/6595 412/409/6596 170/174/6597
f 170/174/6597 412/409/6596 171/175/6598
f 684/789/6599 412/409/6600 400/397/6601
f 400/397/6601 412/409/6600 411/408/6602
f 400/397/6603 685/790/6604 684/789/6605
f 1674/2211/6606 1675/2212/6607 169/173/6608
f 169/173/6608 1675/2212/6607 302/304/6609
f 691/796/6610 675/779/6611 690/797/6612
f 690/797/6612 675/779/6611 52/52/6613
f 430/427/6614 236/244/6615 663/766/6616
f 236/244/6615 735/843/6617 663/766/6616
f 663/766/6616 735/843/6617 675/779/6618
f 735/843/6617 52/52/6619 675/779/6618
f 164/167/6620 163/166/6621 165/168/6622
f 165/168/6622 163/166/6621 169/173/6623
f 302/304/6624 165/168/6625 169/173/6626
f 1676/2213/6627 166/170/6628 1675/2212/6629
f 1675/2212/6629 166/170/6628 302/304/6630
f 611/804/6631 687/793/6632 166/803/6633
f 165/168/6634 302/304/6635 742/852/6636
f 742/852/6636 302/304/6635 166/803/6637
f 235/243/6638 167/171/6639 611/712/6640
f 611/712/6640 167/171/6639 212/220/6641
f 734/842/6642 235/243/6643 1676/2213/6644
f 1676/2213/6644 235/243/6643 166/170/6645
f 611/804/6646 166/803/6647 235/785/6648
f 735/843/6649 167/171/6650 235/243/6651
f 735/843/6652 235/243/6653 52/52/6654
f 52/52/6654 235/243/6653 734/842/6655
f 742/852/6656 166/803/6657 687/793/6658
f 595/696/6659 601/702/6660 410/407/6661
f 410/407/6661 601/702/6660 34/34/6662
f 602/703/6663 601/702/6664 825/1049/6665
f 100/100/6666 825/1049/6665 601/702/6664
f 825/1049/6667 823/1047/6668 602/703/6669
f 602/703/6669 823/1047/6668 688/794/6670
f 602/703/6671 734/842/6672 601/702/6673
f 601/702/6673 734/842/6672 34/34/6674
f 688/794/6675 690/797/6676 602/703/6677
f 602/703/6677 690/797/6676 52/52/6678
f 734/842/6679 602/703/6680 52/52/6681
f 398/1080/6682 404/1081/6683 815/1082/6684
f 815/1082/6684 404/1081/6683 831/1076/6685
f 815/1096/6686 397/1099/6687 398/1097/6688
f 398/1097/6688 397/1099/6687 399/1098/6689
f 1671/2208/6690 399/396/6691 402/399/6692
f 1672/2209/6693 1671/2208/6694 400/397/6695
f 1671/2208/6694 402/399/6696 400/397/6695
f 1672/2209/6697 400/397/6698 1673/2210/6699
f 1673/2210/6699 400/397/6698 411/408/6700
f 1674/2211/6701 1673/2210/6702 170/174/6703
f 170/174/6703 1673/2210/6702 411/408/6704
f 1675/2212/6705 1674/2211/6706 410/407/6707
f 410/407/6707 1674/2211/6706 170/174/6708
f 1676/2213/6709 1675/2212/6710 34/34/6711
f 34/34/6711 1675/2212/6710 410/407/6712
f 734/842/6713 1676/2213/6714 34/34/6715
f 1094/1380/6716 1096/1382/6717 1095/1381/6718
f 1094/1380/6719 1095/1381/6720 1097/1383/6721
f 959/1222/6722 1095/1381/6723 960/1223/6724
f 960/1223/6724 1095/1381/6723 1096/1382/6725
f 1012/1285/6726 1098/1384/6727 959/1222/6728
f 959/1222/6728 1098/1384/6727 1095/1381/6729
f 1013/1286/6730 1099/1385/6731 1012/1285/6732
f 1012/1285/6732 1099/1385/6731 1098/1384/6733
f 1104/1390/6734 1677/2214/6735 1103/1389/6736
f 1103/1389/6737 1101/1387/6738 1104/1390/6739
f 1104/1390/6739 1101/1387/6738 1105/1391/6740
f 1101/1387/6738 1102/1388/6741 1105/1391/6740
f 1106/1392/6742 1103/1389/6743 1678/2215/6744
f 1677/2214/6745 1678/2215/6744 1103/1389/6743
f 1678/2215/6746 1679/2216/6747 1106/1392/6748
f 1106/1392/6748 1679/2216/6747 1107/1393/6749
f 1109/1395/6750 1101/1387/6751 1103/1389/6752
f 1680/2217/6753 1167/1452/6754 1679/2216/6755
f 1679/2216/6755 1167/1452/6754 1107/1393/6756
f 1168/1453/6757 1166/1451/6758 1013/1286/6759
f 1013/1286/6759 1166/1451/6758 1099/1385/6760
f 1191/1483/6761 1109/1395/6762 1106/1392/6763
f 1106/1392/6763 1109/1395/6762 1103/1389/6764
f 1194/1486/6765 1193/1485/6766 1195/1487/6767
f 1195/1487/6767 1193/1485/6766 1167/1452/6768
f 1193/1485/6769 1196/1488/6770 1167/1452/6771
f 1167/1452/6771 1196/1488/6770 1107/1393/6772
f 1106/1392/6773 1107/1393/6774 1197/1489/6775
f 1197/1489/6775 1107/1393/6774 1196/1488/6776
f 1106/1392/6777 1197/1489/6778 1191/1483/6779
f 1681/2218/6780 1195/1487/6781 1680/2217/6782
f 1680/2217/6782 1195/1487/6781 1167/1452/6783
f 1166/1451/6784 1168/1453/6785 1355/1674/6786
f 1355/1674/6786 1168/1453/6785 1218/1510/6787
f 1213/1505/6788 1166/1451/6789 1355/1674/6790
f 1682/2219/6791 1356/1675/6792 1681/2218/6793
f 1681/2218/6793 1356/1675/6792 1195/1487/6794
f 1358/1677/6795 1357/1679/6796 1359/1678/6797
f 1355/1674/6798 1360/1680/6799 1213/1505/6800
f 1213/1505/6800 1360/1680/6799 1357/1679/6801
f 1361/1681/6802 1292/1597/6803 1358/1682/6804
f 1358/1682/6804 1292/1597/6803 1362/1683/6805
f 1682/2219/6806 1363/1684/6807 1356/1675/6808
f 1358/1677/6809 1362/1685/6810 1357/1679/6811
f 1353/1672/6812 1362/1683/6813 1292/1597/6814
f 1363/1684/6815 1362/1683/6816 1295/1600/6817
f 1295/1600/6817 1362/1683/6816 1353/1672/6818
f 1360/1680/6819 1359/1678/6820 1357/1679/6821
f 1194/1486/6822 1195/1487/6823 1617/2088/6824
f 1617/2088/6824 1195/1487/6823 1356/1675/6825
f 1619/2090/6826 1618/2089/6827 1617/2088/6828
f 1616/2087/6829 1617/2088/6828 1618/2089/6827
f 1618/2089/6830 1619/2090/6831 1612/2083/6832
f 1612/2083/6832 1619/2090/6831 1615/2086/6833
f 1194/1486/6834 1617/2088/6835 1209/1501/6836
f 1209/1501/6836 1617/2088/6835 1616/2087/6837
f 1356/1675/6838 1363/1684/6839 1617/2088/6840
f 1617/2088/6840 1363/1684/6839 1619/2090/6841
f 1295/1600/6842 1294/1599/6843 1619/2090/6844
f 1619/2090/6844 1294/1599/6843 1615/2086/6845
f 1363/1684/6846 1295/1600/6847 1619/2090/6848
f 1633/2105/6849 1630/2102/6850 1632/2104/6851
f 1632/2104/6851 1630/2102/6850 1631/2103/6852
f 1633/2105/6853 1632/2104/6854 1634/2106/6855
f 1634/2106/6855 1632/2104/6854 1635/2107/6856
f 1097/2128/6857 1633/2130/6858 1094/2129/6859
f 1094/2129/6859 1633/2130/6858 1634/2124/6860
f 1633/2135/6861 1097/2134/6862 1105/2132/6863
f 1105/2132/6863 1097/2134/6862 1104/2133/6864
f 1630/2138/6865 1633/2130/6866 1108/2136/6867
f 1108/2136/6867 1633/2130/6866 1100/2137/6868
f 1100/2137/6869 1633/2130/6870 1102/2139/6871
f 1102/2139/6872 1633/2130/6873 1105/2140/6874
f 1104/1390/6875 1097/1383/6876 1677/2214/6877
f 1677/2214/6877 1097/1383/6876 1095/1381/6878
f 1677/2214/6879 1095/1381/6880 1678/2215/6881
f 1678/2215/6881 1095/1381/6880 1098/1384/6882
f 1679/2216/6883 1678/2215/6884 1099/1385/6885
f 1099/1385/6885 1678/2215/6884 1098/1384/6886
f 1680/2217/6887 1679/2216/6888 1166/1451/6889
f 1166/1451/6889 1679/2216/6888 1099/1385/6890
f 1681/2218/6891 1680/2217/6892 1213/1505/6893
f 1213/1505/6893 1680/2217/6892 1166/1451/6894
f 1682/2219/6895 1681/2218/6896 1357/1676/6897
f 1357/1676/6897 1681/2218/6896 1213/1505/6898
f 1363/1684/6899 1682/2219/6900 1362/1683/6901
f 1362/1683/6901 1682/2219/6900 1357/1676/6902
