# This file uses centimeters as units for non-parametric coordinates.

v 6.687898 4.003044 -17.266647
v 5.993225 7.240992 -17.675926
v 1.439952 6.958089 -18.654701
v 1.382862 4.115089 -18.126837
v 1.439952 9.815662 -18.654701
v 5.993225 10.098565 -17.675926
v 1.186649 12.646643 -18.703148
v 5.739923 12.929545 -17.724373
v 6.829641 -0.127443 -15.452404
v 1.524605 -0.015398 -16.312593
v -4.994094 6.846162 -20.245834
v -5.051184 4.003162 -19.717970
v -4.994094 9.703735 -20.245834
v -5.247396 12.534716 -20.294281
v -4.909441 -0.127324 -17.903727
v -11.607900 6.782841 -20.416847
v -11.664989 3.939840 -19.888983
v -11.607900 9.640413 -20.416847
v -11.861202 12.471394 -20.465294
v -11.523247 -0.190646 -18.074739
v -18.812515 6.369792 -19.934172
v -18.869604 3.526791 -19.406307
v -18.812515 9.227364 -19.934172
v -19.065817 12.058344 -19.982618
v -18.727861 -0.603696 -17.592064
v -27.911942 5.068432 -13.712075
v -26.194237 0.680912 -12.692464
v -27.911942 9.169735 -13.712075
v -28.165241 13.232872 -13.760522
v -20.723423 -4.167465 -9.363240
v 12.995934 7.270687 -16.741240
v 13.690607 4.032740 -16.331961
v 12.995934 10.128261 -16.741240
v 12.742632 12.959241 -16.789686
v 13.832350 -0.097747 -14.517718
v 20.274223 7.694325 -15.266800
v 20.968128 4.029846 -14.257233
v 19.343174 10.413349 -13.711959
v 19.089872 13.244329 -13.760406
v 21.109871 -0.100641 -12.442990
v 23.331285 6.283224 -6.245827
v 22.865379 1.855732 -5.725048
v 22.170706 10.525443 -6.134327
v 21.917404 14.551970 -6.182774
v 20.181625 -4.179634 -3.431552
v -5.753726 -2.968145 -4.116595
v -2.942549 -2.953267 -4.043082
v -3.888136 -2.812053 -10.131042
v -7.067930 -2.950637 -9.138401
v -0.704551 -2.929104 -4.317645
v -1.577019 -2.968454 -10.196339
v 1.200820 -2.788975 -4.565001
v 1.055308 -2.536269 -8.430780
v 1.898464 -2.807466 -4.417463
v 3.224883 -3.197253 -8.051699
v 3.463502 -2.915632 -3.722530
v 5.481059 -3.185271 -7.208848
v 5.008601 -2.992187 -2.612567
v 6.680748 -3.131376 -6.216076
v 5.264792 -3.572381 -1.946009
v 6.733068 -3.135138 -4.965640
v 5.746402 -3.543204 -1.259871
v 8.154076 -2.865825 -4.919273
v 5.295771 -3.440915 -0.529150
v 9.140210 -2.634477 -3.677662
v 5.466289 -3.171403 0.458736
v 8.469660 -2.977739 -0.851507
v 4.721498 -3.127519 0.784855
v 6.704576 -2.783262 1.231725
v 3.567626 -3.221644 0.897593
v 4.573368 -2.425129 2.262528
v 2.115535 -3.272584 0.819682
v 2.496454 -3.010566 2.261218
v 1.371733 -3.197249 0.686699
v 1.365849 -3.005562 2.218163
v -1.026940 -3.193445 0.914361
v -1.573970 -3.001197 2.736024
v -3.755448 -3.114877 0.721452
v -4.056222 -3.082604 2.495091
v -5.056456 -3.295438 0.497487
v -6.011735 -2.103927 2.835696
v -6.817139 -3.551672 0.113650
v -7.975513 -2.258201 2.238225
v -7.835547 -3.282682 0.459076
v -9.845798 -1.822184 2.376740
v -8.371482 -3.283086 -0.458467
v -11.464500 -1.829016 1.690140
v -11.196453 -3.083546 -1.449448
v -12.735238 -3.265892 -0.702440
v -11.469530 -2.848680 -1.706117
v -13.415064 -3.265348 -2.258107
v -13.416124 -3.267409 -1.495085
v -10.846046 -3.079457 -2.269999
v -13.143846 -3.259939 -3.726558
v -9.670349 -2.805136 -3.416467
v -12.126287 -2.349789 -5.679109
v -9.485528 -2.802468 -4.039158
v -11.549946 -2.343480 -6.453385
v -8.622486 -2.781348 -4.236480
v -8.992588 -3.277262 -8.009574
v -7.190270 -2.687769 -3.971582
v -7.990998 -2.207005 -8.983040
v -4.615369 -0.531637 -11.613705
v -6.633336 0.320713 -10.179214
v -7.808258 -0.301626 -10.201200
v -15.111010 -1.393188 -9.696918
v -16.935724 0.200047 -7.921543
v -1.845002 -1.559631 -11.147697
v 0.943917 -0.365730 -10.667532
v 3.881222 -1.127602 -9.258965
v 7.160510 -2.791395 -9.724646
v 7.841061 -2.010752 -7.352305
v 8.527015 -1.676819 -6.664021
v 9.176298 -3.208914 -6.513083
v 10.650740 -3.157346 -5.420240
v 10.057549 -3.143002 -0.943906
v 8.343941 -2.514402 1.435091
v -11.286706 1.511230 -14.350155
v -16.237328 -0.093874 -10.372465
v -17.453781 0.379647 -9.004828
v -17.661369 -0.045744 -5.740361
v -18.097361 -0.888927 -2.671218
v -17.562372 -0.502755 -0.811897
v -15.492929 -2.539227 1.950757
v -13.389124 -3.276943 2.364168
v -10.626843 -1.831200 4.169371
v -8.338194 -2.264578 3.883705
v -6.440719 -2.255193 4.177480
v -8.387362 1.530164 -14.344107
v -7.328198 1.627051 -13.479521
v -5.681132 1.542985 -12.860126
v -1.688658 1.566516 -12.077564
v 0.374552 1.510934 -11.913988
v 3.477733 1.597456 -11.482184
v 6.854116 1.476700 -9.632968
v 8.541353 -1.301919 -9.844051
v -22.363617 -2.355983 -9.954586
v -19.721552 -1.017909 -3.734566
v -18.730171 -1.020650 -0.982572
v -16.980661 -1.465290 2.683926
v -16.285162 -4.580803 5.970621
v -12.180798 3.054347 -14.324425
v -16.087347 2.563691 -16.532831
v -20.668015 2.383685 -11.869396
v -23.317398 0.566420 -10.451160
v 12.571287 -3.473648 -0.787501
v 14.123704 -3.529507 -5.496964
v 11.336095 -2.498091 -7.357665
v 10.120104 -2.503245 -8.209325
v 9.467124 -1.721865 -8.877453
v 13.471113 -1.352377 -7.146260
v 10.361566 -2.782716 2.906974
v 14.984038 -1.643694 1.223308
v 16.594540 -1.499019 -2.916826
v 17.260309 -2.047142 -5.692547
v 12.116615 -1.070833 -10.084312
v 9.624712 -0.229274 -10.409466
v 8.138411 -0.018597 -10.969026
v -8.576479 3.473149 -15.022779
v -11.010978 3.647781 -17.965097
v -13.117654 3.859819 -16.183239
v -15.410954 4.145708 -15.977339
v -10.886599 5.147134 -18.816851
v -13.121839 6.261977 -16.376329
v -11.411366 5.877251 -18.531525
v -13.228895 6.780985 -16.783749
v -11.092264 7.328602 -19.341391
v -13.344896 7.792116 -17.540037
v -11.782273 7.328153 -20.578596
v -12.634464 8.561729 -18.354864
v -13.518905 8.555243 -18.140175
v -13.451484 9.208459 -19.183487
v -13.937918 9.202325 -18.283453
v -14.091704 9.869699 -18.413939
v -14.494439 9.198642 -18.269823
v -14.887131 9.222244 -16.952326
v -14.068180 8.548328 -17.128027
v -14.957901 8.153440 -16.061638
v -14.960419 6.477229 -15.957243
v -14.295400 6.147687 -16.333408
v -15.799896 5.551536 -16.867409
v -16.429390 4.218772 -16.875034
v -15.469465 8.824269 -15.824366
v -15.811302 8.308727 -15.648066
v -17.493267 4.400577 -16.486563
v -18.454796 3.605408 -18.390760
v -18.525251 4.100012 -14.607416
v -19.560478 5.280723 -15.357182
v -21.497578 4.291536 -12.682486
v -22.466902 4.323885 -10.902935
v -19.076063 5.255561 -16.492950
v -17.989449 5.103189 -18.197050
v -18.663984 5.563756 -18.186350
v -18.833263 6.551395 -17.918327
v -18.583935 6.848448 -15.002883
v -19.537046 6.683735 -14.905344
v -22.789120 5.256307 -13.568050
v -18.369169 7.848805 -16.782314
v -19.138710 7.647729 -15.536731
v -18.915285 9.047729 -16.025034
v -19.961330 8.845229 -15.925756
v -21.005812 11.496161 -16.523726
v -22.267399 12.107677 -15.928300
v -22.333023 8.830633 -15.628954
v -21.656967 6.671576 -14.909479
v -6.395319 3.504223 -14.081026
v -9.781466 3.649939 -16.173872
v -8.107635 5.845455 -14.254955
v -3.875191 3.111365 -12.769377
v -0.943821 1.907873 -12.976562
v 1.027776 1.591204 -14.188370
v 4.141979 1.748599 -13.230628
v 1.742378 2.598584 -13.770342
v 3.561809 2.559375 -13.780835
v 2.561135 3.723593 -14.034413
v 1.570740 3.719874 -14.870337
v 0.743218 3.056496 -14.522274
v -0.990148 1.793106 -14.481068
v -1.118418 2.892176 -15.071657
v -0.792595 4.382742 -14.755819
v -0.944458 4.665895 -14.983490
v -1.553597 4.277151 -15.554375
v -1.767500 7.375366 -15.016731
v -4.707828 6.333076 -14.876162
v -2.017147 9.027205 -15.026546
v -3.049333 8.745237 -15.012129
v -2.102024 9.473073 -14.980196
v -2.564016 9.469135 -14.700056
v -5.408651 6.932617 -15.685396
v -4.883813 7.722893 -16.377396
v -6.720071 7.593335 -15.252512
v -5.842916 8.242130 -16.566948
v -7.526466 8.227384 -15.427591
v -6.251708 9.752525 -16.442221
v -7.620118 9.310057 -15.809624
v -6.025383 10.626830 -16.853035
v -7.258296 10.614826 -15.651487
v -5.959884 11.439251 -17.152594
v -7.211640 11.427178 -15.967777
v -6.745992 12.276084 -16.824593
v -7.527129 12.268644 -16.113771
v -8.752157 11.416761 -15.862715
v -8.829524 10.849488 -15.860100
v -8.581038 10.017284 -15.934660
v -8.538965 9.734931 -15.637381
v -8.341008 9.131496 -15.856997
v -8.647749 8.664108 -15.746067
v -8.198005 7.963122 -14.942764
v -9.335498 8.394667 -15.524736
v -9.756809 7.626682 -15.303566
v -9.811481 6.110429 -14.935377
v -9.360333 4.313132 -16.629223
v 1.121641 5.738738 -14.898849
v 0.232762 4.541887 -14.404100
v 0.162506 5.734031 -15.375338
v -0.579010 5.729211 -15.383543
v 1.000120 7.392406 -14.696194
v 2.741282 3.730608 -15.808878
v 2.499989 5.750714 -15.802576
v 2.368954 7.404226 -15.570671
v 2.058946 8.880261 -15.332182
v 0.858928 8.871849 -15.159691
v 1.833277 9.764942 -15.595726
v 0.944478 9.472157 -15.424936
v 1.966789 10.473318 -15.530151
v 0.902043 10.302653 -15.367695
v 1.630958 10.599562 -15.421379
v 0.941657 10.705590 -15.150311
v 1.159557 12.086565 -15.336382
v 0.426505 12.080269 -14.877825
v 0.887722 12.514362 -14.925039
v 0.582223 12.511689 -14.719431
v 0.582961 10.703339 -15.178658
v 0.494941 10.300098 -15.399870
v 0.308293 9.467450 -15.258295
v 0.088957 8.867366 -15.327168
v -0.152206 7.388225 -15.717337
v -3.406619 6.062178 -13.676434
v -20.018702 -1.022290 -2.627801
v -19.963757 -1.025689 -1.269543
v -19.581413 -1.025901 -0.521775
v -18.933113 -1.023558 -0.257656
v -19.424850 -1.027201 0.234680
v -19.545273 -1.029192 0.763312
v -18.446838 -0.459924 2.152356
v -18.262718 -1.113615 3.603340
v -17.999483 -1.374636 4.400819
v -23.201288 -2.368184 -7.703372
v -20.287432 -1.021224 -3.493809
v -7.010993 -3.285895 -2.550704
v -6.579700 -3.229638 -1.905815
v -4.801597 -3.220263 -1.846292
v 7.028027 1.531765 -12.691432
v 6.272480 3.746739 -13.758979
v 4.182876 3.733775 -13.952498
v 5.907002 4.613359 -13.815009
v 4.489714 4.604931 -14.047315
v 5.924621 5.858675 -13.623105
v 5.210032 5.855144 -13.953064
v 5.672896 6.164362 -13.882291
v 5.341826 6.162605 -14.003808
v 5.783303 6.663576 -14.028399
v 5.510102 6.661536 -13.951019
v 8.325004 2.733663 -11.663404
v 7.055739 3.752739 -13.977780
v 11.428486 1.652531 -12.157547
v 10.868026 3.771676 -12.135107
v 9.356033 3.764166 -12.859415
v 8.836292 5.260691 -13.133757
v 7.313776 5.051709 -13.481439
v 8.210147 5.851545 -13.350149
v 7.430044 5.845396 -13.060035
v 12.343976 2.345948 -11.431207
v 12.629879 3.277117 -13.006590
v 11.947267 4.437605 -12.692781
v 10.589359 4.886572 -12.014837
v 9.562319 4.882539 -12.831451
v 10.919827 5.729423 -12.252499
v 10.358473 5.725747 -12.250534
v 9.643289 5.722020 -12.539551
v 10.727987 6.617817 -12.489664
v 10.266377 6.371004 -12.469496
v 10.486398 6.968579 -12.539864
v 10.061998 7.027353 -12.622080
v 9.604282 6.722415 -12.502733
v 9.629289 6.367003 -12.519848
v 13.663792 -0.308981 -9.767412
v 14.399911 -1.005629 -8.903456
v 18.453949 -0.537469 -8.537121
v 20.481133 -2.029562 -2.684139
v 21.158710 -0.677928 -6.988134
v 21.473967 -0.128794 -8.610046
v 18.213118 -1.756591 3.309574
v 11.971274 -0.248627 5.648259
v 16.591887 -1.569245 7.285700
v 5.806376 -2.740114 4.268780
v 8.357033 -1.886748 5.366683
v 11.560047 -1.632847 6.268074
v -4.380705 -3.232106 3.389862
v -1.475955 -3.217030 3.576512
v 1.071563 -2.202644 4.564806
v 2.757278 -2.826119 4.456584
v 4.878962 -3.487478 -0.526544
v 4.134498 -3.437288 -0.439614
v 2.710179 -3.387783 -1.195792
v -3.320610 -3.643857 -1.892503
v -0.841375 -3.198536 -2.027277
v 1.632244 -3.392079 -1.747159
v 6.417964 -2.885594 -1.144750
v 6.119117 -2.932947 -1.814568
v 5.424429 -2.849074 -2.180770
v 14.510829 1.666302 -10.214060
v 13.703560 3.596308 -11.857710
v 17.092020 0.136649 -10.976743
v 18.224804 1.213769 -9.302357
v 16.983242 1.478580 -10.599308
v 14.570844 3.279395 -9.834881
v 16.413465 3.293723 -10.530113
v 15.889318 3.293282 -11.439520
v 18.225657 2.269196 -9.794744
v 18.084028 3.925256 -10.274590
v 17.033236 4.559284 -11.932470
v 14.954577 3.698122 -12.773651
v 15.276383 5.594548 -12.619461
v 16.778080 5.311956 -12.934944
v 15.294444 6.105830 -12.858812
v 16.135302 6.311642 -12.972271
v 15.486768 6.589619 -12.978268
v 18.657547 4.893098 -10.897356
v 17.982353 5.319202 -12.743866
v 17.652115 6.732003 -12.802485
v 17.249426 7.519841 -13.268219
v 15.652337 7.489541 -12.873875
v 17.380648 8.553171 -13.428986
v 15.655326 8.541828 -13.410074
v 17.214804 9.796750 -13.894106
v 15.604421 9.784878 -13.484594
v 16.719553 11.217991 -13.658117
v 15.266480 11.207244 -13.277931
v 16.185081 12.023608 -13.494461
v 15.508647 12.017715 -13.046396
v 14.842582 9.511661 -13.978386
v 15.010949 9.189547 -13.955116
v 14.820647 8.808823 -13.318773
v 14.862733 7.293020 -13.701862
v 13.778740 8.352356 -13.915419
v 13.907746 9.973711 -13.362446
v 12.971037 9.651320 -13.691214
v 13.313540 10.837276 -13.461060
v 12.938607 10.937346 -13.679365
v 12.210896 8.558994 -13.102688
v 12.261626 7.596530 -13.233561
v 13.559505 5.930351 -13.345081
v 11.487562 6.713179 -12.964581
v 11.995193 5.281458 -13.169268
v 13.548893 4.775683 -12.895065
v 20.930912 0.650761 -8.997471
v 19.875074 0.740810 -9.982724
v 19.407839 2.773881 -9.626076
v 19.328293 3.866570 -10.177759
v 20.644833 2.642987 -9.659304
v 20.657974 3.891557 -10.440378
v 20.194798 5.326580 -10.585197
v 19.775118 6.909499 -11.273836
v 18.770967 8.663272 -11.385689
v 17.739674 6.532383 -12.181543
v 21.421230 6.922167 -11.854351
v 19.411638 9.379075 -10.644567
v 18.878815 9.507055 -11.189129
v 21.278488 5.333383 -10.499542
v 21.558683 3.896643 -10.196083
v 21.604395 2.649148 -9.625026
v 21.846312 0.656900 -9.044550
v -21.469616 -0.698428 -3.277990
v -20.626249 0.121492 -1.492099
v -20.864145 -1.030439 -1.080700
v -20.344898 -1.029684 -0.452793
v -19.624762 -0.314827 1.644183
v -19.540361 -1.686193 2.685255
v -9.707419 -1.214996 -9.630316
v -13.063234 1.492507 -12.184336
v -13.343868 -1.232442 -11.557894
v -12.809256 -1.198535 -10.389429
v -10.353119 -1.218676 -9.795401
v -10.396894 -1.328748 -11.323494
v -11.371383 1.434812 -10.522799
v -11.236544 0.256799 -10.586969
v -11.894928 0.394623 -10.506701
v -11.841801 -0.472664 -10.497404
v -11.473652 -0.246742 -10.403242
v -12.002988 1.747947 -11.459142
v -12.177371 1.808926 -11.689282
v -12.000277 2.173822 -12.017378
v -15.469044 2.597620 -13.823532
v -3.302723 -1.617020 -11.232967
v -14.204843 -2.325476 -4.559835
v -14.065732 -2.829558 -2.986160
v -14.629377 -3.271999 -1.641906
v -13.884507 -3.272187 -0.268750
v -11.843815 -2.116755 2.213312
v -23.104923 6.977421 -14.714933
v -5.539278 0.199999 -11.101398
v -5.215999 -2.418805 -8.049812
v -9.549990 1.522572 -14.346533
v -9.380595 -1.001987 -11.820429
v -9.530754 1.360680 -11.886417
v -8.073239 0.124143 -10.928688
v -8.291097 1.402572 -13.390757
v -4.062334 1.552526 -12.542828
v -6.964699 0.527240 -11.091080
v -4.202672 1.379504 -11.534652
v -1.737156 -0.164097 -11.967501
v 0.111243 -1.005429 -10.594025
v -0.293587 0.238971 -11.051222
v 0.741883 0.891109 -11.065540
v 0.066366 1.591471 -13.342653
v -0.455058 1.724621 -13.188101
v -0.718111 2.209192 -11.178402
v -0.935188 -0.026530 -11.425726
v -0.923435 -0.942977 -10.614530
v -0.692013 -1.916161 -10.383026
v 4.130488 -3.163164 -9.564415
v 6.735244 -3.555282 -9.418421
v 12.465454 -1.949403 0.697405
v 15.071248 -2.174433 -2.861413
v 10.739093 -1.731897 4.840260
v 12.263309 -2.220570 2.049826
v 13.077774 -0.645149 2.968576
v 16.021685 -2.497493 -5.794938
v 13.157285 -2.189441 -1.091799
v 12.496104 -4.138386 -2.850208
v 10.313139 -3.167916 -2.872634
v 15.073976 -1.929745 -6.416191
v 17.496519 -0.543994 -8.456257
v 15.674184 3.293861 -12.044605
v 16.527935 4.512228 -12.551594
v 14.233891 3.281183 -11.050722
v 13.750468 3.276690 -10.644670
v 16.502821 3.300347 -12.370066
v 4.800771 2.490307 -12.578898
v 6.366743 3.265917 -12.457816
v 7.782116 1.630170 -12.670355
v 6.928762 1.526381 -10.496052
v 5.448290 2.465029 -12.389006
v 6.192579 1.766433 -10.493158
v 4.405437 1.522938 -11.457017
v 1.087274 -2.012905 -10.448751
v 7.513094 -3.463752 -7.494951
v 7.213456 -1.487774 -7.639804
v 6.592055 -3.898572 -8.025227
v 10.783634 -2.523069 -7.701284
v 9.928123 -2.896754 -6.143577
v 8.442399 -2.963233 -4.183168
v 11.263237 -1.078189 -9.542917
v 11.164250 -1.469804 -8.173250
v 11.753311 0.090675 -10.406086
v 10.657516 -1.454409 -10.906433
v 8.730986 -0.655292 -10.572809
v 8.085198 3.145499 -11.962199
v 9.200597 3.751977 -12.136901
v 10.208360 2.827988 -10.981050
v 10.375129 1.383107 -10.869968
v -5.669240 1.105711 -11.321447
v -8.136765 1.198016 -11.862347
v -7.449625 1.315536 -11.616096
v -5.405745 1.554895 -11.932302
v -6.335520 0.574057 -11.492130
v -6.127424 -0.146287 -10.802383
v -5.730015 -0.130262 -10.471350
v -4.979170 1.628458 -11.130178
v -4.188365 0.916898 -11.320524
v 12.387221 -3.343426 -5.458602
v 13.442508 -2.109139 1.092083
v 12.016690 -1.835127 2.770152
v 11.358994 -1.200491 4.001020
v 12.429162 -1.193463 3.522602
v 14.105060 -2.195493 -0.516150
v 15.577411 -1.516319 -0.379519
v 19.353617 -2.396286 -0.701524
v -15.329114 1.835506 -13.879604
v -14.036371 3.124589 -15.112524
v -12.702206 2.860251 -15.694462
v -11.393691 3.705675 -15.145952
v -9.673349 2.857670 -14.758837
v -14.435183 0.837778 -12.400106
v -13.526999 2.298908 -14.510431
v -6.809023 3.618565 -16.053921
v -10.421814 3.744141 -15.546085
v -10.212437 3.559307 -14.724401
v -21.075081 3.064805 -12.332300
v -20.180904 5.270593 -13.356565
v -19.356634 5.092007 -17.182665
v -19.136339 4.823151 -15.034607
v -19.047455 5.284786 -15.697557
v -18.189899 1.725456 -14.117083
v -17.643995 -0.298306 -12.482172
v -18.589825 0.162114 -12.837873
v -21.673504 4.289534 -12.380178
v -20.764475 2.688177 -10.761429
v -20.742620 1.202822 -9.560183
v -18.898417 -0.470874 -10.892313
v -18.494328 -0.387804 -11.888283
v -19.768061 1.598008 -11.079476
v -18.659266 0.172568 -9.632294
v -21.969650 -1.126480 -9.693069
v -20.880821 -0.447501 -9.778282
v -19.735483 0.515810 -8.208527
v -14.171226 -1.560084 -9.955623
v -14.469578 -1.712631 -7.370952
v -5.948346 -2.657000 -10.031906
v -4.515395 -0.938217 -10.353378
v -5.659799 -0.447904 -9.798367
v -6.626021 -0.832196 -9.715040
v -8.047842 -0.987317 -9.359971
v -1.760241 1.574633 -14.692940
v 7.176644 -0.635256 -8.884935
v 4.186841 0.718185 -10.564867
v 6.745618 -0.449428 -9.096529
v 15.329083 -0.473519 2.306849
v 14.408322 -1.572861 6.919887
v 14.503458 -0.584858 4.354162
v -19.765944 2.139559 -12.309929
v -18.487703 3.152133 -14.623232
v -16.057533 2.341796 -15.943026
v -17.189390 3.297235 -14.524235
v -16.525064 2.519141 -13.691864
v 2.660635 0.803035 -10.718639
v 2.492192 -0.767318 -9.925297
v 2.637688 -2.803362 -10.231047
v 2.246431 -2.899157 -8.222660
v 15.924727 -1.445415 -7.834742
v 16.697603 -1.970203 -6.983904
v 16.092049 -0.612071 -8.394282
v 16.321819 -0.151666 -10.675728
v 16.469473 -0.597181 -9.443226
v 18.033752 0.122647 -9.145185
v 17.375216 0.120728 -8.995452
v 17.949520 -0.538937 -9.094450
v 15.332637 -1.610520 -7.270365
v 9.693102 -2.771007 2.411832
v 11.573476 -3.322276 0.905204
v -1.392905 -2.171788 -10.698549
v -10.470757 1.239902 -10.850554
v -3.674761 -1.932642 -10.957870
v -2.607638 -2.196793 -11.431404
v -2.736315 -1.999816 -10.201881
v 5.063857 3.498867 -12.448456
v 7.253989 3.131705 -12.467850
v 7.596184 4.018109 -12.261429
v -17.062151 4.144552 -14.406210
v -14.500798 2.507291 -15.106344
v -12.461309 2.629502 -13.303011
v -19.886730 -0.905477 -4.242634
v -18.161047 -1.252228 -4.813340
v -15.797902 -2.782899 -3.492370
v -16.417179 -1.091500 -4.322020
v -16.571482 -2.037354 -2.312044
v -14.517469 -2.852129 0.763583
v -12.243452 -1.836087 2.764516
v -17.922052 0.011997 -12.323620
v -15.814215 2.477867 -13.340570
v -18.077297 0.468537 -12.926601
v -13.323372 2.948760 -15.473803
v -1.712289 1.569196 -12.940945
v 0.647756 1.505833 -12.894838
v 3.413312 1.699865 -13.789256
v 2.090832 1.769226 -13.172432
v 2.541303 1.596623 -11.430542
v 1.694168 0.980475 -10.821474
v -5.135654 -2.238398 -9.437254
v -5.948666 -2.679842 -9.217838
v -3.323187 -2.223630 -10.985386
v -3.598446 -2.676503 -10.249575
v -2.738063 -2.710336 -9.832087
v -1.835884 -2.857371 -10.246054
v -1.886826 -1.970317 -10.622709
v -4.487980 -3.465704 5.719653
v -1.490090 -3.450265 5.956603
v 1.190665 -3.208307 5.647877
v 2.878503 -3.199259 5.649352
v 5.930115 -2.699131 6.257811
v 8.613791 -2.684958 6.339528
v 10.664124 -2.231905 7.247958
v -6.760057 -3.531906 7.453828
v -9.124495 -3.702726 7.795012
v -11.562123 -3.518308 7.949767
v 12.169063 -2.224222 7.391999
v 13.493834 -1.674364 7.460192
v 5.050335 1.712541 -12.216288
v -3.857769 7.455472 -15.140463
v -2.723971 7.538281 -14.310431
v -2.499534 6.586072 -14.724072
v 8.910427 0.679609 -10.303749
v -14.829740 -1.328394 -7.812041
v -14.644084 -1.329265 -9.845913
v -14.995911 -0.302697 -10.142773
v -17.280773 0.398584 -8.257997
v -15.080981 2.146543 -9.672359
v -17.120161 1.635639 -8.270000
v -16.358038 4.511929 -8.661563
v -14.898848 4.678658 -9.929913
v -10.543372 0.502609 -10.076517
v -10.566068 1.633973 -10.244146
v -12.386542 0.822946 -9.604330
v -12.174192 0.297675 -9.655927
v -10.888521 0.029708 -9.499534
v -10.715515 3.660014 -10.787800
v -12.174624 2.709405 -9.941369
v -11.344970 4.422852 -10.723223
v -10.276657 -0.177603 -10.860435
v -10.469773 1.244049 -10.845706
v -12.950747 0.046844 -10.148605
v -12.705117 -0.840848 -10.007860
v -10.367266 -1.284374 -9.864241
v -12.621475 2.847569 -10.526337
v -10.676359 3.801713 -11.379033
v -11.501584 5.225975 -11.355286
v -11.895030 4.410674 -10.967436
v -7.420042 0.072709 -10.240501
v -7.928981 -0.646564 -9.818689
v -7.060882 -2.885570 -9.074926
v -6.515203 0.257201 -8.562544
v -8.035257 -0.900731 -9.269764
v -7.977988 -2.112972 -8.889706
v -5.946169 -2.649178 -9.187600
v -5.802170 -0.668418 -10.680294
v -5.864221 0.250269 -10.230425
v -6.206261 0.898499 -9.655032
v -6.630163 0.908877 -9.622560
v -7.844792 -0.058527 -9.191061
v -5.942799 -2.578854 -9.952987
v -7.345237 0.647486 -9.605097
v -7.688079 0.551274 -9.270584
v -19.432528 3.395357 -13.353975
v -19.126822 2.645846 -13.466581
v -19.432528 3.395357 -13.353975
v -17.966772 5.024624 -13.284918
v -18.413708 5.945821 -13.366730
v -20.180906 5.270592 -13.356565
v -19.126822 2.645846 -13.466581
v -18.487703 3.152133 -14.623232
v -18.021744 5.658545 -13.323072
v -5.729275 -0.540356 -9.676386
v -5.974802 0.263530 -9.324028
v -6.548022 0.713352 -9.150621
v -6.942369 0.775866 -8.816963
v -7.347924 0.355438 -8.649899
v -7.474514 -0.193774 -8.702357
v -7.638155 -1.874932 -8.479113
v -11.273364 5.196417 -11.505045
v -15.345967 5.020047 -9.477009
v 4.122058 -3.124455 -9.526408
v 6.723885 -3.516133 -9.380577
v 7.148673 -2.753104 -9.686459
v 3.873073 -1.091184 -9.225806
v 6.734250 -0.413771 -9.065794
v 7.164789 -0.599392 -8.852984
v 6.113409 2.270488 -10.224009
v 6.844468 1.509419 -9.607791
v 6.728786 2.236406 -9.971692
v 4.387304 2.795899 -10.951603
v 5.248813 4.467399 -11.144513
v 4.781769 3.918621 -11.249935
v 8.527963 -1.265304 -9.805729
v 8.717381 -0.619404 -10.535134
v 7.453235 1.844134 -9.291823
v 4.210434 1.327753 -10.427575
v 6.544421 -3.730390 -7.870911
v 7.459442 -3.292511 -7.338478
v 7.785791 -1.846679 -7.196535
v 7.161282 -1.326281 -7.487566
v 6.321471 -2.129163 -8.039898
v 6.821694 -1.438392 -8.264135
v 6.422138 -1.737593 -8.273506
v 6.933638 -2.213480 -7.623685
v 7.723694 -2.628162 -7.167520
v 6.616927 -2.911078 -6.022646
v 6.728154 -3.118262 -4.951432
v 7.777546 -0.360000 -5.328708
v 7.080952 -0.805781 -6.045092
v 6.781122 -1.679639 -6.336921
v 8.148470 -2.849080 -4.905087
v 8.631508 -1.945925 -5.466575
v 7.114178 -1.623019 -4.889517
v 7.612605 5.982996 -13.119799
v 5.108208 3.534908 -9.922426
v 5.036009 1.704805 -9.069517
v 4.933396 -0.155527 -7.895831
v 5.248746 -2.634769 -8.785647
v 7.567774 4.638547 -12.483857
v 7.593399 5.977033 -12.203655
v 5.389001 6.466191 -13.498765
v 5.362501 6.162897 -13.395942
v 5.082407 5.145434 -13.242100
v 5.194993 4.294562 -13.209492
v -11.304254 3.517337 -9.886669
v -11.276931 1.881364 -9.406183
v -15.493507 2.361546 -7.933313
v -14.903831 0.390229 -8.073628
v 14.245048 0.313463 -9.669261
v 13.849603 1.008221 -8.908071
v 14.203090 -0.648229 -8.536381
v 14.358270 2.308264 -7.302364
v 15.876477 -0.259032 -8.032850
v 16.249720 -0.244307 -9.070171
v 13.843016 2.771592 -8.927347
v 16.123806 1.609318 -9.310537
v 15.740706 3.296644 -8.472644
v 13.922738 4.290178 -8.604025
v 15.043733 5.229923 -8.122993
v 14.237929 5.691211 -8.380409
v 14.400775 5.920596 -8.022201
v 17.265383 -0.191709 -8.094139
v 15.962640 -1.509684 -7.897761
v 16.737034 -2.035503 -7.045251
v 17.145422 0.465647 -8.627357
v 17.713366 -0.186709 -8.725260
v 18.212202 -0.185257 -8.174106
v 13.504206 -1.416463 -7.207925
v 14.219272 3.547301 -7.505181
v 14.213014 4.644455 -7.584939
v 14.296021 5.730935 -7.721173
v 0.374552 1.510933 -11.913988
v 2.541303 1.596622 -11.430542
v 1.714726 2.851661 -11.456676
v 0.520608 2.518568 -11.617303
v 1.075639 2.858791 -11.557155
v 2.184742 2.382792 -11.508283
v 1.180879 2.444440 -11.057024
v 1.261275 2.227499 -10.910888
v -0.718110 2.209192 -11.178402
v 0.374552 1.510934 -11.913988
v 0.049987 2.443059 -12.094760
v -0.539513 2.663888 -11.997257
v -1.688658 1.566516 -12.077564
v -0.994528 2.522961 -12.196707
v 1.255643 2.212350 -10.895179
v -2.704828 2.260974 -13.833830
v -2.793740 2.340281 -12.855160
v -3.115486 1.769876 -10.899317
v -3.018367 1.198927 -10.663622
v -2.573863 -1.588325 -11.190332
v 8.277008 -0.959886 -5.459727
v -3.894982 -1.206369 -10.665804
v -4.059872 -0.933528 -11.390497
v -5.135654 -2.238398 -9.437254
v -3.888136 -2.812053 -10.131042
v -4.563214 -0.847706 -9.855649
v -3.518326 -2.008814 -10.581440
v -3.547868 -1.146618 -10.686464
v -3.897644 -0.337312 -10.537134
v -4.552242 0.312763 -10.412876
v -5.948346 -2.657000 -10.031906
v -5.711466 -0.472084 -9.740481
v -5.699506 0.274124 -10.024225
v 8.325004 2.733663 -11.663404
v 10.208360 2.827989 -10.981050
v 8.855066 4.508222 -11.235372
v 8.974854 3.445477 -10.663414
v 9.622821 4.056410 -11.138991
v 8.270386 4.228901 -11.214152
v 8.974400 3.457271 -10.648369
v 2.865250 -3.198041 5.170585
v 4.236498 -3.238346 4.286230
v 4.161252 -3.191337 5.261942
v 5.255954 -3.280703 3.324942
v 6.577823 -2.860633 3.522336
v 7.052388 -2.684725 4.460622
v 5.939631 -2.703243 5.348185
v 4.154885 -2.974193 4.139636
v 4.161252 -3.191337 5.261942
v 5.938052 -2.715914 5.345753
v 5.574992 -2.025368 4.772354
v 4.807467 -2.237500 3.829465
v 6.653595 -2.071759 3.650169
v 7.053691 -2.688259 4.458151
v 5.917508 -2.829746 3.422345
v 5.712141 -2.160407 3.561231
v 7.068518 -2.189638 3.988583
v 2.660607 -3.253833 3.072794
v 1.263234 -3.249156 2.734513
v -0.742565 -3.205950 3.666403
v -0.601254 -3.445639 6.009148
v 10.015802 -1.894059 4.604433
v 10.039903 -1.939320 5.295803
v 8.608526 -2.680704 6.066535
v 11.582046 -0.956797 -0.909414
v 12.569296 -3.470076 -0.784374
v 12.463476 -1.946023 0.700346
v 12.132923 0.093038 0.730564
v 12.632833 1.102201 0.743841
v 12.323107 0.166305 1.622938
v 11.318525 2.029274 -0.447394
v 12.094003 2.974267 0.551869
v 11.007068 3.883334 0.342626
v 14.275872 0.025540 1.590762
v 14.035426 0.830319 1.097663
v 12.665977 -2.059080 1.403679
v 14.820732 -1.672506 1.363977
v 11.438748 3.759111 0.611695
v 11.120094 2.425710 1.138879
v 11.231704 3.032128 -0.298290
v 11.603312 2.206670 1.227247
v 10.778029 -1.608991 4.860964
v 11.386722 -1.480577 6.421710
v 11.605961 0.172627 5.938071
v 11.850987 -0.046543 4.248455
v 12.434827 0.909976 4.528300
v 11.306448 -0.732643 4.206990
v 13.427778 0.394619 5.386034
v 14.406182 -1.569514 6.922213
v 13.491812 -1.671016 7.462435
v -17.621691 -0.073007 -1.847821
v -19.569771 -0.781067 -3.487297
v -18.728151 -1.017303 -0.979423
v -17.438580 -0.286027 -0.605315
v -20.016523 -1.018943 -2.624446
v -19.961582 -1.022342 -1.266357
v -19.421034 -0.581397 -3.532742
v -20.285217 -1.017877 -3.490346
v -13.883036 -3.268641 -0.265688
v -14.627813 -3.268452 -1.638673
v -16.288239 -1.475343 -1.775587
v -14.515920 -2.848635 0.766515
v -17.383661 0.093891 -3.366373
v -16.094748 -0.328434 -3.321108
v -15.602973 -1.882997 -2.591715
v -15.491259 -2.535772 1.953540
v -6.612238 -3.144302 -3.897650
v -5.859921 -3.219843 -4.109780
v -2.980945 -3.204617 -4.030173
v -0.701350 -3.235410 -4.247020
v 1.893796 -3.134001 -4.350643
v 3.400962 -3.144210 -3.614411
v 4.905830 -3.423618 -2.239329
v 1.073315 -3.096567 -4.363203
v 11.405296 -0.403733 -0.889558
v 13.753896 1.204983 0.902749
v 12.818583 0.910244 4.755251
v -5.836403 2.323788 -11.833302
v -6.852671 2.461323 -11.456508
v -7.449114 1.319278 -11.611617
v -5.405489 1.558607 -11.927783
v -6.363229 2.556500 -11.711344
v -6.378901 1.909726 -11.201254
v -6.379278 1.906058 -11.205683
v -8.601531 -2.751481 -5.122603
v -7.411620 -2.663454 -5.068018
v -6.063695 -2.959910 -5.301042
v -3.777552 -2.751506 -5.514692
v -3.197567 -2.908879 -5.684962
v -2.885182 -2.878904 -5.667152
v -0.915154 -2.938602 -5.736690
v 1.156259 -2.676570 -5.748827
v 2.012872 -2.784586 -5.668564
v 2.342082 -2.884212 -5.632924
v 4.107116 -2.689194 -4.834688
v 5.543406 -2.883601 -3.663851
v 5.949886 -2.772711 -3.298976
v 6.716434 -2.721709 -2.676546
v 7.102810 -2.895979 -1.367079
v -8.900786 -2.817782 0.025030
v -8.150720 -2.817033 0.895496
v -7.158515 -2.814774 0.739769
v -5.280100 -2.746348 1.016172
v -3.830643 -2.945407 1.134198
v -1.148973 -3.061593 1.320744
v 1.369978 -3.059712 1.143635
v 2.221322 -3.063042 1.220017
v 3.904800 -2.836282 1.530228
v 5.265055 -2.772573 1.101049
v 5.866421 -2.764988 0.708516
v 6.469512 -2.982248 -0.041255
v -8.143586 -3.278491 -2.730258
v -8.722186 -2.729494 -2.839605
v 6.058157 -3.121831 -0.444821
v 7.229488 -2.841097 0.612198
v 9.558284 -3.091040 -0.914854
v 10.429004 -3.164288 -3.746974
v 9.205593 -2.830481 0.238862
v 8.730223 -2.587872 1.714744
v 11.753671 -1.139095 -9.010550
v 12.089531 2.153224 -11.633081
v 12.285014 3.373922 -12.836006
v 12.030672 0.032654 -10.313364
v 8.277268 -2.811740 2.916534
v 10.959148 -3.190395 -5.427053
v 11.438297 -2.443247 -7.347545
v 11.522080 -1.451590 -8.013948
v 12.047185 1.212743 -10.916116
v 7.674009 -2.653468 4.736045
v 7.319627 -2.691793 6.300121
v -19.171183 10.180461 -16.193470
v -20.568201 10.332520 -15.588988
v -22.176609 10.255184 -16.030462
v -19.348476 12.044503 -16.177670
v -20.262804 12.015741 -15.676395
v -21.464792 11.946981 -15.617355
v -19.164871 11.490147 -16.261374
v -22.410576 11.167664 -15.906864
v -15.973370 -3.406533 4.387032
v -11.209837 -2.392053 6.428169
v -8.938549 -2.852078 6.548676
v -6.818619 -2.831777 6.541548
v -17.707657 -6.080682 -0.320780
v -27.350632 -0.733597 -1.844411
v -29.069904 4.005821 -2.849309
v -29.075243 8.459497 -2.799236
v -29.326761 12.877127 -2.864392
v -29.550856 16.699951 -2.860976
v -28.382196 16.712954 -13.802016
v -19.282204 14.476727 -20.024002
v -12.072583 14.833835 -20.505722
v -5.465744 14.975015 -20.336042
v 0.966603 15.105936 -18.745234
v 5.518939 15.399314 -17.766638
v 12.524110 15.401506 -16.831480
v 18.869049 15.712317 -13.802640
v 21.696684 18.060560 -6.224988
v 23.653303 16.696005 4.053617
v 23.871078 13.228138 4.093252
v 24.123917 9.201925 4.139260
v 24.151428 5.132079 4.149688
v 24.821005 0.530579 4.561239
v 15.823040 -5.361900 3.056778
v 19.543636 -1.862992 -2.875476
v 18.806147 -2.300479 -0.674949
v 19.725739 -2.369080 -0.869719
v 17.554022 -1.680636 5.363940
v 20.902441 -1.153841 -4.589170
v 21.203854 -1.297566 -4.517169
v 19.121399 -1.393482 -6.311058
v 19.130800 -1.091082 -5.164598
v 18.516867 -1.156533 -2.956891
v 21.243715 -0.343273 -8.206758
v -8.917285 -1.101504 3.828038
v -10.050667 -1.273656 3.934864
v -8.281487 -1.717811 3.714110
v -9.402521 -1.905358 4.904279
v -9.846220 -2.722513 6.516068
v -9.850094 -3.647831 7.841078
v -10.073475 -1.816355 4.576707
v -9.598345 -1.116296 3.877909
v -8.034621 -2.033324 3.237396
v -7.358039 -2.152456 2.826049
v -7.478913 -2.131173 2.899538
v -7.184560 -2.371077 4.081175
v -6.657687 -2.586234 5.534793
v -6.990723 -2.129489 3.865119
v -8.509440 -1.336400 3.753389
v -8.883424 -2.087206 4.459502
v -7.945683 -2.708359 5.819747
v -8.325822 -2.902530 6.548234
v -7.731528 -2.415041 5.465511
v -16.183939 -0.099454 -7.620937
v -16.305031 0.548184 -7.652476
v -16.513168 1.707560 -7.881374
v -15.814491 3.945000 -8.074778
v -14.772450 4.641062 -8.669299
v -14.747814 2.131082 -8.862929
v -14.405305 -0.312660 -9.011573
v -14.227177 -1.424595 -9.416573
v -14.527627 4.478096 -8.960352
v -15.776759 5.020912 -9.131866
v -16.596964 3.896558 -8.560367
v -15.060471 2.689022 -9.633993
v -15.103136 1.393709 -9.766261
v -14.835287 4.294328 -9.848516
v -15.035206 4.874041 -9.735703
v -16.107508 4.871434 -8.886649
v -14.491103 -1.493922 -8.535107
v -15.535955 -0.736710 -7.704183
v -14.878801 3.987879 -8.316407
v -14.493942 3.864555 -8.778573
v -14.941650 3.536075 -9.747189
v -14.898291 4.937788 -9.140657
v -14.703240 4.822401 -9.353598
v -14.608313 4.713937 -9.466244
v -14.564975 4.391642 -9.532969
v -14.626126 3.680440 -9.414942
v -14.837703 2.589008 -9.355770
v -14.851749 2.202301 -9.380305
v -14.861484 1.692060 -9.417734
v -14.773062 -0.306456 -9.715944
v -2.847828 2.052790 -12.659297
v -3.567206 2.012229 -12.683776
v -2.287681 1.672478 -12.504681
v -3.756812 1.038686 -10.917004
v -3.724029 1.719999 -11.241215
v -3.066174 1.974209 -11.292248
v -2.474188 1.601523 -11.414535
v -2.258337 1.242818 -11.194945
v -2.127415 0.421677 -11.166477
v -3.481632 1.898768 -11.373033
v -1.819329 -1.227420 -11.342854
v -2.192729 -1.410542 -11.193311
v -2.047930 -1.488236 -11.386456
v -2.303886 -1.724720 -11.372856
v -4.815917 1.545165 -11.892349
v -4.471669 0.998834 -11.223652
v -4.545299 -0.176499 -11.518852
v -4.648067 1.455443 -11.465905
v -3.527687 -1.043272 -11.236296
v -3.799511 -1.168561 -11.336328
v -3.187365 -1.160173 -11.116747
v -2.809163 -1.597589 -11.204097
v -1.636072 -1.490851 -11.078235
v -0.786327 -1.368631 -10.714119
v -0.352378 -1.112962 -10.699596
v -0.553766 0.167930 -11.186690
v -1.412711 -1.509105 -10.761137
v -0.169579 -0.704125 -10.687109
v -0.202741 -0.255732 -10.730926
v -0.354104 0.006280 -10.804246
v -1.007452 -0.489073 -10.618171
v -1.495103 -0.712484 -10.899220
v -0.412986 -0.785745 -10.836631
v -1.380655 -1.106295 -10.778545
v -1.079625 -1.434407 -10.736135
v -0.122203 -0.184989 -10.716726
v 0.819429 0.408700 -10.912774
v 1.160384 0.759863 -10.912005
v 0.898584 -0.083713 -10.756840
v 0.705912 -0.548577 -10.646521
v 1.032732 -1.386219 -10.531989
v -15.154490 4.973869 -8.980258
v -15.163547 4.901935 -8.677471
v -15.828601 4.574072 -8.418015
v -16.019150 4.272858 -8.337604
v -15.525306 4.540177 -8.292967
v 2.035752 -3.300442 2.801867
v 1.838565 -2.339727 4.652307
v 1.869274 -3.204669 5.648470
v 0.374960 -3.246621 3.137682
v 0.483373 -2.472874 4.358250
v 0.370626 -3.316918 5.813207
v 0.377632 -3.215611 3.238550
v 1.252827 -3.223848 2.821852
v 2.026352 -3.265811 2.916322
v 2.480903 -2.960276 4.399624
v 1.895584 -3.016294 4.977139
v 1.171431 -3.024634 4.928883
v 0.388669 -3.164269 4.967864
v -0.341982 -3.411300 5.956876
v 2.563876 -3.233882 3.141551
v 2.382343 -2.965857 4.887685
v -0.050988 -3.224266 5.066396
v -0.240967 -3.280469 5.274048
v 2.636380 -3.012658 3.812384
v 2.707591 -3.045954 3.745349
v 0.446060 -3.028607 5.262010
v 1.242583 -2.925915 5.295609
v 1.944392 -2.935260 5.378369
v 0.109597 -3.101848 5.488824
v 2.448754 -2.931630 5.253087
v -0.207870 -3.241162 3.810053
v 0.453096 -2.764017 3.413883
v 1.239297 -2.239100 3.410041
v 2.010507 -2.160842 3.497227
v 2.429166 -2.273785 3.664992
v 2.538924 -2.600338 4.190386
v 1.904140 -2.305715 4.191714
v 2.296736 -2.535182 4.264408
v 1.618041 -2.270910 3.998653
v 0.871923 -2.393657 3.378978
v 2.261212 -2.176554 3.569643
v 1.898465 -1.959438 4.039155
v 2.033996 -1.985372 4.103503
v 10.801022 -1.097439 5.276983
v 11.310980 0.160798 5.034055
v 12.025011 0.758277 4.955890
v 12.314390 0.773868 5.252425
v 13.859470 -1.049952 6.633178
v 11.063019 -0.437533 5.082792
v 12.760159 0.462718 5.839063
v 12.154908 0.499272 4.400995
v 12.261975 0.630842 4.408029
v 11.619032 -0.222641 5.757135
v 11.744488 -0.280408 5.985348
v 12.240204 -0.529097 6.589738
v 11.493603 -1.012074 6.254244
v 11.210731 -0.366897 5.293510
v 11.152838 -0.673930 5.507686
v 11.497238 0.097876 5.413461
v 12.005280 0.477544 5.582899
v 12.429390 0.211086 6.126828
v 12.404626 -0.123952 6.365874
v 12.350641 0.789281 4.445534
v 12.629080 0.942284 4.596672
v 13.194077 0.727682 5.049493
v 13.704916 0.035043 5.728793
v 11.041700 -1.119243 4.424673
v 11.555167 -0.376822 4.167185
v 4.439738 -2.630516 4.527763
v 4.954105 -2.092392 4.174792
v 5.536146 -1.867704 4.085235
v 6.174101 -1.957633 4.120996
v 6.467348 -2.123517 4.304064
v 6.402567 -2.396364 4.596506
v 5.749147 -2.429052 5.109876
v 4.521852 -2.859758 5.071244
v -10.935170 4.603072 -11.472015
v -12.736386 2.433233 -10.460443
v -11.380420 5.278498 -11.439209
v -0.295512 2.616400 -12.061673
v -0.820268 2.626038 -12.119069
v -1.346354 2.125582 -12.156745
v 0.207884 2.036001 -12.013718
v 0.734450 2.744086 -11.614202
v 0.412640 2.126218 -11.745269
v 1.443196 2.901889 -11.511046
v 1.941995 2.714481 -11.480182
v 7.406250 -0.496917 -5.721556
v 8.090178 -0.592475 -5.410558
v 8.393194 -2.478049 -5.119040
v 12.959922 0.814866 1.546961
v 13.186362 0.692667 1.665740
v 11.931355 2.719833 0.775735
v 11.356652 3.415584 0.747515
v 11.037831 3.486596 0.559351
v 10.841166 2.811265 0.515761
v 10.899677 2.085895 0.396033
v 11.051306 -0.369008 0.149155
v 11.209696 -0.723660 0.180864
v 12.530154 -2.906350 -0.235197
v 11.651781 -0.102168 0.788928
v 11.699816 -0.279260 0.774126
v 11.689395 -1.057408 2.821984
v 11.458190 -3.270949 1.095627
v 9.791080 -2.772723 2.484407
v 14.530272 -1.523557 5.484545
v 15.492176 -0.837877 2.932747
v 15.656188 -1.073360 2.562271
v 15.387012 -1.159735 1.554208
v 13.676074 -0.604416 2.220347
v 12.482838 -1.712200 2.161531
v 11.567558 -1.839159 1.818956
v 11.635066 -1.406001 2.374720
v 10.981867 -2.297398 2.347353
v 10.369977 -2.434522 2.196523
v 11.152565 -1.797522 2.787296
v 10.464962 -1.712679 3.216872
v 10.385735 -2.290168 2.501770
v 15.149332 -0.360060 3.031155
v 14.152206 -0.599712 4.012790
v 14.659858 -0.624936 3.823011
v 15.050987 -1.152373 4.103159
v 15.239532 -0.360001 2.681476
v 11.428015 -0.230086 4.348455
v 11.623322 0.035136 4.413930
v 12.060731 0.593233 4.563360
v 12.142051 0.724691 4.560331
v 12.197512 0.823878 4.597299
v 12.239328 0.898303 4.651102
v 12.548808 0.946475 4.756775
v 12.703005 0.939859 4.890679
v 13.050469 0.659690 5.437687
v 13.153383 1.403143 0.811047
v 11.256834 3.901624 0.489859
v 11.249701 2.508707 -0.411329
v 1.689296 -1.984347 4.067600
v 1.639573 -2.184215 3.453849
v 5.361816 -2.139002 4.726425
v 5.688990 -2.289610 4.993287
v 5.852725 -2.423870 5.028498
v 5.474056 -2.281690 4.926980
v 5.066999 -2.202907 4.499054
v 5.112012 -2.112119 4.826863
v 5.338618 -2.244463 5.098609
v 7.926604 -2.693811 5.556145
v 6.860077 -2.756009 4.080395
v 8.211516 -2.768480 3.134429
v 8.759922 -2.797854 2.744483
v 10.145193 -2.721812 3.133622
v 10.222586 -2.438758 3.470743
v 9.429085 -2.721065 2.819684
v 9.525701 -2.376329 5.829565
v 9.046455 -2.427177 6.212976
v 10.268640 -1.961582 6.465254
v 9.015474 -2.573761 6.517499
v 9.705252 -2.410580 6.823115
v 7.738595 -2.216508 4.187552
v 8.232634 -1.956370 4.349030
v 8.675360 -1.680889 4.689001
v 9.188551 -1.622155 4.868837
v 9.056031 -1.696045 5.621834
v 7.126525 -2.664282 4.273412
v 7.131741 -2.715003 4.065574
v 8.033779 -2.365861 3.627257
v 8.559259 -2.028744 3.588568
v 9.361423 -1.972429 3.650496
v 9.848040 -1.805291 4.587461
v 9.879826 -1.967768 5.263139
v 9.011924 -2.021589 3.440695
v 9.727663 -1.876788 3.924513
v 7.553206 -2.781971 5.407888
v 7.884189 -2.096738 5.174524
v 9.337209 -1.965325 5.876956
v 10.280110 -1.886676 4.045980
v 10.681935 -1.631806 4.045091
v 9.769874 -2.156633 5.463264
v 10.206413 -2.069386 5.402301
v 10.080353 -2.216778 5.469782
v 10.388337 -2.014236 5.267740
v 10.216077 -1.731504 5.115905
v 10.879655 -2.596288 1.255875
v 10.352878 -2.692470 1.714027
v 11.232852 -3.203606 1.283344
v 11.056420 -2.322644 1.349752
v 10.574118 -2.253623 1.840966
v 11.076526 -1.975785 2.096851
v 10.624107 -1.860811 2.503255
v 10.957899 -1.638641 2.939298
v 13.449952 1.350704 0.847591
v 13.930378 1.028923 1.012364
v 12.826900 1.357519 0.770099
v 13.738974 0.047677 1.735280
v 14.121243 -1.785311 1.351928
v 13.542144 0.848628 1.493891
v 13.506298 0.963399 1.428788
v 13.342526 1.199095 1.299890
v 13.158471 1.265419 1.236058
v 12.991303 1.282560 1.176832
v 12.813411 1.224616 1.130766
v 12.724021 1.076482 1.080497
v 14.240908 0.308761 1.441200
v 13.214648 0.539740 1.678555
v 12.999445 0.681046 1.689353
v 12.858574 0.832361 1.584346
v 12.517954 1.031403 0.996318
v -11.691956 4.442913 -10.739985
v -11.417520 5.059198 -11.023231
v -11.346765 5.190072 -11.154464
v -11.278347 5.110531 -11.174986
v -11.060518 4.555655 -11.152655
v -11.677979 4.860447 -11.181398
v -11.296758 4.999342 -11.063951
v -15.443033 5.018343 -8.800773
v -1.138225 -3.448434 5.977404
v -1.476884 -3.232348 3.732822
v -2.608633 -3.456025 5.868195
v -0.924493 -3.410421 5.621312
v -0.914567 -3.342472 4.943441
v -1.016089 -3.302066 4.527136
v -1.128043 -3.296076 4.445996
v -1.203393 -3.264120 4.106124
v -1.917871 -3.232718 3.682415
v -2.362608 -3.320452 4.516006
v -2.579125 -3.402863 5.329146
v -2.035425 -3.219934 3.540562
v -0.684798 -3.295554 4.458384
v -0.648818 -3.335230 4.900606
v -0.626548 -3.386925 5.419632
v -1.453856 -2.618620 5.013597
v -1.456649 -2.843749 5.429142
v -1.465717 -2.556787 4.694526
v -2.126635 -3.273901 4.073711
v -1.489095 -2.688761 4.225491
v -2.029729 -2.797873 4.419352
v -2.194150 -2.864220 4.741665
v -2.307651 -3.334118 5.426880
v -1.495223 -3.440794 5.824933
v -1.061042 -3.310990 5.596545
v -1.059825 -3.061739 5.138714
v -1.212617 -2.865009 4.772180
v -1.323530 -2.808009 4.458423
v -1.815823 -2.695663 4.205747
v -1.766044 -2.540471 4.655770
v -1.838882 -2.601394 4.971424
v -1.941807 -2.900145 5.520189
v -1.494132 -3.352908 5.662711
v -1.798333 -3.371647 5.689114
v -1.644274 -3.201060 5.614912
v -1.515929 -3.130778 5.526156
v -1.380605 -3.026084 5.464200
v -1.274863 -3.010001 5.251198
v -1.648481 -2.659915 4.195467
v 4.323530 -2.705197 3.998199
v 4.069426 -3.077659 4.551926
v 6.888371 -2.079247 3.780876
v 7.111736 -2.406118 4.213615
v -0.714772 -3.205494 3.877039
v -0.858361 -3.271795 4.194734
v -0.743313 -2.981450 4.238135
v -0.290000 -3.252145 4.190162
v -0.348922 -3.253977 4.457129
v -0.472079 -3.268652 4.639366
v -0.566889 -3.218941 3.711656
v -0.581565 -2.828001 4.268452
v -0.543018 -3.013224 4.547430
v -0.578625 -2.939934 3.987879
v -0.403097 -2.962744 4.222497
v -0.980422 -3.214542 3.639385
v -0.932396 -3.236598 3.873263
v -0.664583 -2.948129 4.054559
v -0.464738 -2.912655 4.056406
v -0.356061 -3.246216 3.821740
v 0.005158 -3.054235 5.214091
v 0.410575 -2.985256 5.080142
v 1.198396 -2.859993 5.067861
v 1.908728 -2.867241 5.085190
v 2.414720 -2.821941 5.065828
v 0.429893 -2.893764 4.682868
v 1.092709 -2.645376 4.800600
v 1.861893 -2.626121 4.927111
v 2.182694 -2.617875 4.815960
v 2.454692 -2.233456 3.896791
v 2.185490 -2.001283 3.863472
v 1.973919 -1.993037 3.770380
v 1.659575 -2.057142 3.707884
v 1.347021 -2.139728 3.679658
v 1.215272 -2.104066 3.697807
v 0.905760 -2.235448 3.698584
v 0.461475 -2.573864 3.778517
v 2.227984 -2.161044 4.123507
v 2.334648 -2.078244 3.869768
v 2.361879 -2.205098 3.616289
v 4.587768 -2.425551 3.878381
v -0.535622 -3.218298 3.592057
v -0.113700 -3.231421 3.381520
v -0.267773 -3.179928 3.980086
v -0.404422 -2.940464 4.151175
v -2.891388 -3.297304 4.220935
v -2.643189 -3.205896 4.669049
v -2.857462 -3.195117 4.535444
v -2.980047 -3.335980 4.598715
v -2.639005 -3.346702 4.747806
v -0.875740 -3.002234 2.613028
v -0.280659 -3.118512 2.862658
v -0.817994 -3.100219 3.101988
v -1.270147 -3.241127 3.940805
v -0.770923 -3.180092 3.500563
v -0.706153 -2.965723 4.151490
v -0.786626 -3.188335 3.998473
v -0.862172 -3.170552 3.792625
v -0.907632 -3.145629 3.591152
v -0.941472 -3.130184 3.510518
v -1.091627 -3.158157 3.625276
v -1.327201 -3.181760 3.883407
v -1.015069 -3.304043 3.819755
v -1.195338 -3.303369 3.980413
v -0.999238 -3.316252 3.930699
v 12.018658 -1.117965 3.133822
v 13.312883 -0.047978 1.489891
v 13.045575 0.054404 1.695809
v 13.987610 -1.810450 1.500772
v 12.911676 -2.159301 1.523223
v 12.470367 -1.326340 2.854990
v 14.521230 -0.446500 3.012181
v 14.967691 -0.458354 3.325007
v 14.900764 -0.401742 3.433281
vt 0.656671 0.768217
vt 0.656556 0.770350
vt 0.655802 0.770164
vt 0.655792 0.768291
vt 0.656556 0.772234
vt 0.655802 0.772047
vt 0.656514 0.774099
vt 0.655760 0.773913
vt 0.655816 0.765569
vt 0.656694 0.765495
vt 0.654737 0.770090
vt 0.654727 0.768217
vt 0.654737 0.771973
vt 0.654695 0.773839
vt 0.654751 0.765495
vt 0.653642 0.770048
vt 0.653632 0.768175
vt 0.653642 0.771932
vt 0.653600 0.773797
vt 0.653656 0.765453
vt 0.652448 0.769776
vt 0.652439 0.767903
vt 0.652448 0.771659
vt 0.652406 0.773525
vt 0.652462 0.765181
vt 0.650942 0.768919
vt 0.651226 0.766028
vt 0.650942 0.771622
vt 0.650900 0.774299
vt 0.652132 0.762833
vt 0.657830 0.768236
vt 0.657715 0.770370
vt 0.657715 0.772253
vt 0.657674 0.774119
vt 0.657854 0.765515
vt 0.659035 0.768234
vt 0.658920 0.770649
vt 0.658767 0.772441
vt 0.658724 0.774307
vt 0.659059 0.765513
vt 0.659350 0.766802
vt 0.659427 0.769719
vt 0.659235 0.772515
vt 0.659193 0.775169
vt 0.658905 0.762825
vt 0.396194 0.412803
vt 0.431337 0.346537
vt 0.444770 0.346788
vt 0.425903 0.451636
vt 0.450527 0.472036
vt 0.451123 0.449273
vt 0.470351 0.456165
vt 0.476022 0.453205
vt 0.498365 0.352031
vt 0.546313 0.360307
vt 0.536993 0.428885
vt 0.563705 0.418530
vt 0.566237 0.357552
vt 0.573526 0.355232
vt 0.585562 0.410056
vt 0.617318 0.337452
vt 0.638782 0.395151
vt 0.658397 0.308000
vt 0.675293 0.369866
vt 0.662507 0.277410
vt 0.649632 0.275905
vt 0.655316 0.251585
vt 0.673917 0.238248
vt 0.681244 0.263647
vt 0.690218 0.242235
vt 0.676130 0.171317
vt 0.658416 0.171564
vt 0.629998 0.166857
vt 0.642764 0.153838
vt 0.591762 0.172349
vt 0.596354 0.159494
vt 0.571611 0.174702
vt 0.573307 0.159721
vt 0.508574 0.161366
vt 0.506154 0.147365
vt 0.435203 0.156658
vt 0.433395 0.142537
vt 0.400068 0.160581
vt 0.393173 0.148643
vt 0.353049 0.172349
vt 0.341781 0.158477
vt 0.314813 0.167641
vt 0.303780 0.159803
vt 0.302413 0.195100
vt 0.285037 0.185689
vt 0.316181 0.248913
vt 0.344471 0.248837
vt 0.196490 0.183332
vt 0.240409 0.210005
vt 0.233175 0.223342
vt 0.185639 0.228834
vt 0.182022 0.206083
vt 0.252293 0.235110
vt 0.199073 0.271197
vt 0.274511 0.274335
vt 0.228525 0.345726
vt 0.280711 0.291595
vt 0.245059 0.366124
vt 0.304582 0.320553
vt 0.311196 0.387306
vt 0.346339 0.331936
vt 0.327032 0.431795
vt 0.376615 0.331854
vt 0.355876 0.421622
vt 0.397996 0.447240
vt 0.414209 0.493752
vt 0.362843 0.481392
vt 0.320800 0.468430
vt 0.296193 0.570061
vt 0.327774 0.567800
vt 0.326131 0.600639
vt 0.286615 0.499662
vt 0.279515 0.550232
vt 0.226978 0.512007
vt 0.222554 0.463767
vt 0.281017 0.460366
vt 0.178449 0.392982
vt 0.186692 0.453695
vt 0.174283 0.476285
vt 0.137070 0.435161
vt 0.429567 0.487461
vt 0.494831 0.480561
vt 0.512044 0.505595
vt 0.491567 0.503820
vt 0.566420 0.463653
vt 0.598479 0.479879
vt 0.565989 0.500059
vt 0.600083 0.444646
vt 0.655560 0.437439
vt 0.664616 0.460266
vt 0.658198 0.400299
vt 0.681731 0.399075
vt 0.693531 0.428573
vt 0.678696 0.443941
vt 0.677478 0.339346
vt 0.713186 0.420255
vt 0.711119 0.346511
vt 0.724553 0.384952
vt 0.270326 0.625497
vt 0.217499 0.590365
vt 0.177993 0.515872
vt 0.118985 0.477525
vt 0.171576 0.316576
vt 0.170032 0.260062
vt 0.158150 0.208302
vt 0.168509 0.167217
vt 0.195536 0.118715
vt 0.214058 0.147244
vt 0.228008 0.058594
vt 0.258493 0.127631
vt 0.303145 0.065274
vt 0.314813 0.125278
vt 0.356666 0.058594
vt 0.370616 0.109587
vt 0.346848 0.608539
vt 0.325147 0.620306
vt 0.382500 0.597556
vt 0.383920 0.579760
vt 0.414338 0.598036
vt 0.504143 0.536292
vt 0.493082 0.588141
vt 0.487911 0.541886
vt 0.585538 0.541675
vt 0.568448 0.545275
vt 0.663891 0.494087
vt 0.673808 0.487408
vt 0.107618 0.387306
vt 0.077385 0.444850
vt 0.048715 0.417117
vt 0.052547 0.320158
vt 0.097957 0.328867
vt 0.082817 0.279827
vt 0.053365 0.303363
vt 0.055949 0.224127
vt 0.079717 0.235894
vt 0.110718 0.108803
vt 0.058015 0.108803
vt 0.082673 0.007743
vt 0.166522 0.078991
vt 0.243081 0.639472
vt 0.124285 0.559992
vt 0.162450 0.594353
vt 0.048586 0.504200
vt 0.077065 0.546493
vt 0.059565 0.579512
vt 0.048497 0.564591
vt 0.736954 0.439084
vt 0.720936 0.468895
vt 0.696652 0.496353
vt 0.291967 0.653094
vt 0.300136 0.618738
vt 0.318430 0.676007
vt 0.232147 0.668196
vt 0.221808 0.698758
vt 0.217748 0.665835
vt 0.266119 0.721989
vt 0.265568 0.767721
vt 0.215091 0.759166
vt 0.253718 0.782147
vt 0.212507 0.777994
vt 0.264694 0.829772
vt 0.209407 0.814082
vt 0.253326 0.845462
vt 0.225425 0.845462
vt 0.205274 0.841540
vt 0.208374 0.872136
vt 0.194423 0.859583
vt 0.189256 0.878412
vt 0.182022 0.858799
vt 0.167555 0.840755
vt 0.189256 0.826634
vt 0.166005 0.799961
vt 0.171688 0.756028
vt 0.189256 0.754459
vt 0.170138 0.699543
vt 0.160321 0.746613
vt 0.153649 0.712575
vt 0.146955 0.794413
vt 0.140973 0.702459
vt 0.163421 0.671300
vt 0.139137 0.672030
vt 0.127644 0.717475
vt 0.112574 0.676093
vt 0.050722 0.604129
vt 0.064705 0.677819
vt 0.037864 0.639920
vt 0.032049 0.634033
vt 0.101634 0.719045
vt 0.112785 0.751321
vt 0.104482 0.737593
vt 0.130767 0.752317
vt 0.119664 0.770038
vt 0.105140 0.779452
vt 0.085585 0.774496
vt 0.080750 0.740337
vt 0.012029 0.678361
vt 0.096733 0.783624
vt 0.081783 0.787408
vt 0.094323 0.810178
vt 0.067833 0.811728
vt 0.045237 0.855920
vt 0.019406 0.862196
vt 0.016680 0.804668
vt 0.037347 0.737984
vt 0.364933 0.663455
vt 0.294101 0.697476
vt 0.285140 0.663875
vt 0.357351 0.698153
vt 0.334169 0.717780
vt 0.420736 0.634428
vt 0.465830 0.635357
vt 0.468404 0.606318
vt 0.485323 0.614031
vt 0.482223 0.637566
vt 0.518288 0.586612
vt 0.506420 0.614645
vt 0.495534 0.614258
vt 0.519717 0.605491
vt 0.550113 0.617966
vt 0.541643 0.646980
vt 0.525109 0.630505
vt 0.580395 0.647765
vt 0.556834 0.678360
vt 0.535959 0.690913
vt 0.518908 0.668947
vt 0.459955 0.695849
vt 0.478606 0.672085
vt 0.485840 0.701896
vt 0.484599 0.708883
vt 0.448001 0.752978
vt 0.460981 0.777459
vt 0.438394 0.810123
vt 0.457421 0.820358
vt 0.455355 0.831341
vt 0.445021 0.826634
vt 0.399299 0.740457
vt 0.377737 0.766863
vt 0.388851 0.800939
vt 0.352532 0.781917
vt 0.365566 0.815845
vt 0.333414 0.799961
vt 0.357895 0.852717
vt 0.329797 0.833695
vt 0.364933 0.884688
vt 0.335481 0.866644
vt 0.365449 0.910577
vt 0.335481 0.893318
vt 0.345023 0.926212
vt 0.326697 0.918422
vt 0.299312 0.890180
vt 0.298796 0.874489
vt 0.306546 0.853308
vt 0.307579 0.841540
vt 0.313780 0.828988
vt 0.308900 0.810316
vt 0.317913 0.785055
vt 0.292079 0.803883
vt 0.286452 0.781418
vt 0.289586 0.738556
vt 0.313379 0.716758
vt 0.527175 0.738768
vt 0.508574 0.701112
vt 0.505474 0.745045
vt 0.495529 0.743993
vt 0.525625 0.776425
vt 0.558177 0.707388
vt 0.554560 0.754459
vt 0.551151 0.790528
vt 0.546512 0.824797
vt 0.522008 0.821143
vt 0.542137 0.846117
vt 0.523559 0.840755
vt 0.542585 0.860146
vt 0.523042 0.861937
vt 0.536408 0.865998
vt 0.524592 0.869782
vt 0.529759 0.910577
vt 0.517702 0.903517
vt 0.525384 0.914980
vt 0.518667 0.911842
vt 0.519229 0.869247
vt 0.516646 0.861402
vt 0.512776 0.837082
vt 0.508929 0.819500
vt 0.502729 0.789743
vt 0.428628 0.721953
vt 0.443025 0.771156
vt 0.421167 0.776183
vt 0.037864 0.271197
vt 0.028047 0.230403
vt 0.031147 0.207652
vt 0.045098 0.200591
vt 0.028564 0.183332
vt 0.020813 0.165288
vt 0.032180 0.135477
vt 0.013542 0.069571
vt 0.030167 0.035990
vt 0.038381 0.295517
vt 0.004279 0.504983
vt 0.015646 0.363770
vt 0.361316 0.234325
vt 0.351219 0.293709
vt 0.380729 0.296784
vt 0.383017 0.304147
vt 0.352015 0.302578
vt 0.406785 0.236679
vt 0.444457 0.241397
vt 0.451738 0.308070
vt 0.450934 0.300710
vt 0.505647 0.311018
vt 0.505474 0.319837
vt 0.550427 0.330036
vt 0.547662 0.317636
vt 0.567664 0.320787
vt 0.567478 0.327682
vt 0.606471 0.303370
vt 0.607263 0.310423
vt 0.638848 0.216011
vt 0.598799 0.235030
vt 0.656744 0.214729
vt 0.670300 0.208436
vt 0.650473 0.558292
vt 0.669286 0.541077
vt 0.666109 0.573037
vt 0.593829 0.619522
vt 0.607051 0.623238
vt 0.619334 0.638870
vt 0.594346 0.678360
vt 0.576334 0.628727
vt 0.620193 0.677915
vt 0.639815 0.677576
vt 0.633098 0.698758
vt 0.618616 0.699839
vt 0.636198 0.726216
vt 0.625329 0.729217
vt 0.629998 0.737984
vt 0.625855 0.738823
vt 0.632581 0.752890
vt 0.647906 0.639157
vt 0.666341 0.639474
vt 0.676586 0.657419
vt 0.655316 0.683068
vt 0.672888 0.612213
vt 0.685293 0.544996
vt 0.684828 0.617094
vt 0.676057 0.677197
vt 0.680478 0.706481
vt 0.670402 0.705016
vt 0.680242 0.723057
vt 0.675283 0.718103
vt 0.739021 0.725432
vt 0.749871 0.732492
vt 0.745221 0.741906
vt 0.735404 0.744260
vt 0.731671 0.733794
vt 0.730098 0.723558
vt 0.904296 0.497849
vt 0.893741 0.434305
vt 0.917991 0.404563
vt 0.924191 0.501059
vt 0.934008 0.348078
vt 0.994164 0.357688
vt 0.998078 0.469678
vt 0.990328 0.515964
vt 0.939102 0.284324
vt 0.994671 0.314376
vt 0.896873 0.219548
vt 0.880287 0.174397
vt 0.929143 0.176158
vt 0.941759 0.231970
vt 0.969629 0.230011
vt 0.965709 0.131735
vt 0.964309 0.077796
vt 0.998078 0.061730
vt 0.997562 0.228047
vt 0.867018 0.068232
vt 0.908216 0.019610
vt 0.920574 0.098602
vt 0.419186 0.067224
vt 0.427970 0.100173
vt 0.502374 0.068793
vt 0.497724 0.098604
vt 0.573717 0.114018
vt 0.524714 0.067436
vt 0.579878 0.064085
vt 0.627414 0.058594
vt 0.616164 0.106879
vt 0.608297 0.126062
vt 0.657072 0.060251
vt 0.684531 0.102646
vt 0.664616 0.131554
vt 0.648043 0.267078
vt 0.506824 0.250857
vt 0.569619 0.248450
vt 0.699251 0.206812
vt 0.709493 0.271635
vt 0.684241 0.218547
vt 0.668518 0.302279
vt 0.690494 0.289305
vt 0.689555 0.185117
vt 0.677534 0.191962
vt 0.831299 0.533378
vt 0.836253 0.489775
vt 0.861858 0.548474
vt 0.874155 0.492987
vt 0.873339 0.515081
vt 0.834286 0.577941
vt 0.876655 0.561466
vt 0.883372 0.584217
vt 0.845137 0.608537
vt 0.879755 0.624227
vt 0.860637 0.639918
vt 0.920574 0.555190
vt 0.921091 0.588924
vt 0.921607 0.636779
vt 0.866002 0.657029
vt 0.827975 0.630585
vt 0.820560 0.622462
vt 0.851093 0.650268
vt 0.831702 0.671298
vt 0.870117 0.688648
vt 0.847203 0.714447
vt 0.875621 0.714447
vt 0.847720 0.730921
vt 0.865804 0.738766
vt 0.852887 0.745043
vt 0.886472 0.679928
vt 0.932975 0.672083
vt 0.906881 0.699938
vt 0.901973 0.748181
vt 0.892672 0.774854
vt 0.861154 0.766224
vt 0.898873 0.803881
vt 0.861154 0.801527
vt 0.896806 0.843107
vt 0.864771 0.835262
vt 0.894739 0.877625
vt 0.869390 0.867099
vt 0.888022 0.897238
vt 0.878478 0.885788
vt 0.848023 0.833784
vt 0.846048 0.822381
vt 0.844620 0.806235
vt 0.836352 0.773285
vt 0.815168 0.802312
vt 0.830881 0.833596
vt 0.808815 0.830275
vt 0.823616 0.852145
vt 0.792053 0.795993
vt 0.791232 0.769083
vt 0.805867 0.732490
vt 0.774059 0.743705
vt 0.780896 0.717458
vt 0.804834 0.697187
vt 0.811551 0.651685
vt 0.978961 0.540284
vt 0.946926 0.559897
vt 0.951059 0.599123
vt 0.949509 0.635211
vt 0.976894 0.598338
vt 0.975861 0.642271
vt 0.972244 0.679143
vt 0.964493 0.730137
vt 0.914844 0.730964
vt 0.952821 0.772264
vt 0.994462 0.741904
vt 0.980510 0.788191
vt 0.966179 0.784794
vt 0.997045 0.679143
vt 0.998078 0.639133
vt 0.998078 0.599123
vt 0.998078 0.542638
vt 0.006346 0.296302
vt 0.004279 0.268844
vt 0.004279 0.222558
vt 0.011513 0.203729
vt 0.004279 0.155089
vt 0.004279 0.105665
vt 0.212038 0.634265
vt 0.230687 0.621814
vt 0.238859 0.650118
vt 0.188847 0.561296
vt 0.195059 0.488197
vt 0.200840 0.584778
vt 0.293435 0.466442
vt 0.296183 0.494052
vt 0.288324 0.453123
vt 0.218090 0.456670
vt 0.287843 0.554566
vt 0.277683 0.633863
vt 0.148392 0.805267
vt 0.162366 0.656600
vt 0.192209 0.648115
vt 0.200381 0.662985
vt 0.109755 0.651631
vt 0.140568 0.653859
vt 0.453030 0.501033
vt 0.452355 0.492832
vt 0.468789 0.501845
vt 0.133375 0.323211
vt 0.138683 0.272838
vt 0.123586 0.240590
vt 0.144952 0.143406
vt 0.185893 0.106806
vt 0.004279 0.741122
vt 0.369875 0.519762
vt 0.382583 0.511589
vt 0.386585 0.534732
vt 0.304503 0.516395
vt 0.329895 0.525391
vt 0.331110 0.505471
vt 0.347287 0.510780
vt 0.342659 0.566699
vt 0.442698 0.591641
vt 0.441197 0.550599
vt 0.470339 0.588926
vt 0.414342 0.578333
vt 0.397558 0.567913
vt 0.412573 0.553080
vt 0.530276 0.522242
vt 0.525486 0.557592
vt 0.469822 0.548118
vt 0.533139 0.482445
vt 0.476639 0.476210
vt 0.861948 0.347392
vt 0.842743 0.279326
vt 0.896014 0.266362
vt 0.895987 0.148640
vt 0.870556 0.410931
vt 0.871722 0.462800
vt 0.912650 0.527276
vt 0.908182 0.511538
vt 0.656866 0.608539
vt 0.584012 0.572451
vt 0.591972 0.572298
vt 0.626452 0.636330
vt 0.607288 0.609935
vt 0.744553 0.384311
vt 0.754536 0.428726
vt 0.722026 0.326662
vt 0.698347 0.525051
vt 0.719386 0.532441
vt 0.686785 0.632510
vt 0.710504 0.646450
vt 0.714859 0.615580
vt 0.729611 0.613524
vt 0.713459 0.545796
vt 0.733801 0.576941
vt 0.363289 0.573230
vt 0.361316 0.516751
vt 0.354298 0.539255
vt 0.368606 0.549046
vt 0.382693 0.558685
vt 0.376381 0.431899
vt 0.417342 0.518349
vt 0.403939 0.529438
vt 0.868461 0.233795
vt 0.872365 0.183128
vt 0.875761 0.130227
vt 0.838670 0.090487
vt 0.849012 0.058592
vt 0.812721 0.864794
vt 0.256727 0.674303
vt 0.171399 0.610243
vt 0.275622 0.670067
vt 0.088735 0.632215
vt 0.099566 0.700076
vt 0.089534 0.712879
vt 0.099082 0.617091
vt 0.082048 0.583400
vt 0.117400 0.549896
vt 0.125288 0.609267
vt 0.152794 0.621720
vt 0.155784 0.614644
vt 0.165265 0.626596
vt 0.003762 0.605401
vt 0.048684 0.438328
vt 0.098201 0.484797
vt 0.068203 0.456646
vt 0.103483 0.496645
vt 0.116643 0.519258
vt 0.427479 0.499156
vt 0.385145 0.491445
vt 0.325757 0.491326
vt 0.444770 0.622750
vt 0.445690 0.634942
vt 0.564413 0.576735
vt 0.547309 0.554265
vt 0.735155 0.516999
vt 0.862931 0.446174
vt 0.863185 0.419940
vt 0.899862 0.523309
vt 0.437338 0.482354
vt 0.437271 0.500220
vt 0.468594 0.482513
vt 0.432063 0.457385
vt 0.714385 0.674576
vt 0.134117 0.587287
vt 0.539476 0.582075
vt 0.384574 0.449664
vt 0.451565 0.347683
vt 0.420137 0.009156
vt 0.507922 0.007734
vt 0.534148 0.006310
vt 0.586431 0.008414
vt 0.636242 0.005846
vt 0.633577 0.021303
vt 0.352261 0.005570
vt 0.293072 0.005697
vt 0.184106 0.007001
vt 0.894145 0.003000
vt 0.941881 0.001950
vt 0.946724 0.049219
vt 0.180060 0.418135
vt 0.186692 0.453695
vt 0.174283 0.476285
vt 0.157283 0.457498
vt 0.162452 0.515133
vt 0.142796 0.498127
vt 0.148874 0.581965
vt 0.128413 0.560485
vt 0.271073 0.512956
vt 0.264702 0.543831
vt 0.248159 0.529875
vt 0.269118 0.490892
vt 0.258428 0.592755
vt 0.244032 0.579141
vt 0.248424 0.611407
vt 0.281856 0.497991
vt 0.269874 0.543488
vt 0.216913 0.500506
vt 0.224890 0.478087
vt 0.232510 0.497001
vt 0.226978 0.512007
vt 0.279096 0.468878
vt 0.219781 0.569268
vt 0.226484 0.562546
vt 0.250839 0.626248
vt 0.246144 0.630177
vt 0.237972 0.615659
vt 0.262627 0.616384
vt 0.355389 0.425817
vt 0.362843 0.481392
vt 0.341483 0.472747
vt 0.342308 0.431559
vt 0.376381 0.431899
vt 0.378363 0.488388
vt 0.375549 0.498122
vt 0.346425 0.485668
vt 0.354174 0.497769
vt 0.361857 0.504226
vt 0.088735 0.632215
vt 0.106214 0.672869
vt 0.100490 0.686796
vt 0.099082 0.617091
vt 0.109420 0.651631
vt 0.091385 0.689807
vt 0.064705 0.677819
vt 0.384574 0.449664
vt 0.383308 0.490204
vt 0.379276 0.507243
vt 0.369875 0.515540
vt 0.361316 0.516751
vt 0.347287 0.510780
vt 0.337813 0.487911
vt 0.343165 0.502056
vt 0.334969 0.467917
vt 0.339040 0.438474
vt 0.158565 0.592138
vt 0.627822 0.441043
vt 0.655560 0.437439
vt 0.664616 0.460266
vt 0.628922 0.470851
vt 0.663891 0.494087
vt 0.673808 0.487408
vt 0.650473 0.558292
vt 0.669286 0.541077
vt 0.666632 0.560840
vt 0.627500 0.563439
vt 0.626975 0.617240
vt 0.696652 0.496353
vt 0.698347 0.525051
vt 0.685293 0.544996
vt 0.628540 0.517891
vt 0.672953 0.429798
vt 0.686612 0.412961
vt 0.691492 0.426847
vt 0.678696 0.443941
vt 0.658931 0.438374
vt 0.665542 0.445094
vt 0.658028 0.428681
vt 0.663135 0.405617
vt 0.681731 0.399075
vt 0.681731 0.399075
vt 0.691109 0.370337
vt 0.707979 0.408692
vt 0.694027 0.417262
vt 0.715760 0.397548
vt 0.675293 0.369866
vt 0.677478 0.339346
vt 0.711119 0.346511
vt 0.724553 0.384952
vt 0.685767 0.724647
vt 0.604526 0.568586
vt 0.617488 0.596678
vt 0.602276 0.535577
vt 0.598479 0.479879
vt 0.600083 0.444646
vt 0.696825 0.705246
vt 0.624096 0.737679
vt 0.626898 0.751321
vt 0.621523 0.729317
vt 0.607916 0.698703
vt 0.118985 0.477525
vt 0.137070 0.435161
vt 0.830140 0.535727
vt 0.835095 0.492123
vt 0.859654 0.547642
vt 0.872997 0.495335
vt 0.872181 0.517429
vt 0.833128 0.580289
vt 0.857106 0.570965
vt 0.861237 0.599908
vt 0.843978 0.610885
vt 0.868587 0.634313
vt 0.859479 0.642266
vt 0.869427 0.639814
vt 0.903138 0.500197
vt 0.870563 0.465148
vt 0.892583 0.436654
vt 0.898704 0.525657
vt 0.875497 0.563815
vt 0.907024 0.513886
vt 0.923033 0.503407
vt 0.822794 0.448491
vt 0.882214 0.586566
vt 0.878597 0.626575
vt 0.538781 0.582223
vt 0.564413 0.576735
vt 0.556370 0.599923
vt 0.537329 0.593268
vt 0.550113 0.617966
vt 0.538132 0.612193
vt 0.518288 0.586612
vt 0.522289 0.604559
vt 0.493082 0.588141
vt 0.518288 0.586612
vt 0.503872 0.605442
vt 0.492985 0.605054
vt 0.470339 0.588926
vt 0.482775 0.604826
vt 0.397996 0.447240
vt 0.425903 0.451636
vt 0.414209 0.493752
vt 0.429567 0.487461
vt 0.427479 0.499156
vt 0.417342 0.518349
vt 0.403939 0.529438
vt 0.384574 0.449664
vt 0.385145 0.491445
vt 0.382583 0.511589
vt 0.714761 0.615646
vt 0.720723 0.639319
vt 0.710504 0.646450
vt 0.684828 0.617094
vt 0.696557 0.638068
vt 0.729611 0.613524
vt 0.671810 0.021541
vt 0.711636 0.063301
vt 0.661197 0.060251
vt 0.671810 0.021541
vt 0.721694 0.023707
vt 0.711636 0.063301
vt 0.687748 0.101378
vt 0.710695 0.106673
vt 0.741442 0.085208
vt 0.731243 0.107214
vt 0.748446 0.061179
vt 0.714736 0.170780
vt 0.708729 0.131223
vt 0.577295 0.124493
vt 0.840327 0.284864
vt 0.846562 0.239025
vt 0.867303 0.236143
vt 0.865527 0.283192
vt 0.893710 0.331102
vt 0.894855 0.268711
vt 0.878621 0.340376
vt 0.886072 0.397459
vt 0.920577 0.340572
vt 0.895714 0.221896
vt 0.937943 0.286672
vt 0.940600 0.234318
vt 0.932457 0.330966
vt 0.846828 0.359914
vt 0.866959 0.347543
vt 0.853824 0.388625
vt 0.841641 0.300039
vt 0.864553 0.420708
vt 0.877093 0.409332
vt 0.865860 0.070580
vt 0.907058 0.021958
vt 0.920595 0.106978
vt 0.901185 0.144366
vt 0.927421 0.152248
vt 0.883399 0.121878
vt 0.940589 0.151108
vt 0.945565 0.051567
vt 0.963151 0.080144
vt 0.082817 0.279827
vt 0.053365 0.303363
vt 0.055949 0.224127
vt 0.079717 0.235894
vt 0.037864 0.271197
vt 0.028047 0.230403
vt 0.054149 0.304886
vt 0.038381 0.295517
vt 0.168509 0.167217
vt 0.158150 0.208302
vt 0.123586 0.240590
vt 0.144952 0.143406
vt 0.095073 0.321069
vt 0.120556 0.311188
vt 0.133235 0.272512
vt 0.110718 0.108803
vt 0.964551 0.134083
vt 0.378414 0.596459
vt 0.363953 0.598539
vt 0.365453 0.573839
vt 0.384040 0.579760
vt 0.350334 0.591481
vt 0.342659 0.566699
vt 0.302413 0.298655
vt 0.298911 0.257218
vt 0.742638 0.322191
vt 0.763869 0.362986
vt 0.770504 0.320439
vt 0.770504 0.242549
vt 0.786233 0.244522
vt 0.777569 0.298208
vt 0.745221 0.238248
vt 0.723802 0.190844
vt 0.759172 0.168426
vt 0.770486 0.206690
vt 0.770486 0.242551
vt 0.847720 0.236677
vt 0.813694 0.277965
vt 0.767880 0.422609
vt 0.805308 0.362984
vt 0.826182 0.368619
vt 0.823952 0.446142
vt 0.839397 0.188233
vt 0.770504 0.206688
vt 0.770504 0.162317
vt 0.805313 0.147093
vt 0.770504 0.511257
vt 0.770504 0.487329
vt 0.770486 0.511259
vt 0.765856 0.542392
vt 0.757399 0.499093
vt 0.752455 0.609324
vt 0.746771 0.657179
vt 0.770504 0.661593
vt 0.770504 0.612154
vt 0.781066 0.613244
vt 0.779516 0.662668
vt 0.770504 0.675285
vt 0.722864 0.690304
vt 0.744704 0.681499
vt 0.770486 0.675287
vt 0.752972 0.706603
vt 0.740571 0.705819
vt 0.727492 0.708135
vt 0.770504 0.539693
vt 0.812068 0.523809
vt 0.770504 0.362984
vt 0.763002 0.462119
vt 0.770504 0.459639
vt 0.770504 0.423733
vt 0.770504 0.577642
vt 0.827052 0.122137
vt 0.770486 0.661595
vt 0.770486 0.612156
vt 0.770486 0.577644
vt 0.770486 0.539695
vt 0.770486 0.487331
vt 0.770486 0.459641
vt 0.770486 0.423735
vt 0.770486 0.362986
vt 0.770486 0.320441
vt 0.770486 0.162319
vt 0.728896 0.004647
vt 0.721694 0.023707
vt 0.733643 0.111968
vt 0.770504 0.131129
vt 0.767616 0.005234
vt 0.770486 0.059870
vt 0.748446 0.061179
vt 0.795534 0.058592
vt 0.770504 0.059868
vt 0.809744 0.014905
vt 0.770486 0.131131
vt 0.812509 0.004310
vt 0.770504 0.001777
vt 0.073488 0.849426
vt 0.048294 0.841020
vt 0.016489 0.844220
vt 0.065062 0.860911
vt 0.054294 0.858200
vt 0.033021 0.858888
vt 0.068353 0.856425
vt 0.017896 0.852894
vt 0.092701 0.070742
vt 0.210196 0.036577
vt 0.294437 0.016651
vt 0.353142 0.016183
vt 0.651035 0.765096
vt 0.652631 0.761572
vt 0.650750 0.768219
vt 0.650749 0.771153
vt 0.650707 0.774065
vt 0.650864 0.776593
vt 0.650670 0.776584
vt 0.652371 0.775119
vt 0.653565 0.775354
vt 0.654659 0.775447
vt 0.655723 0.775534
vt 0.656477 0.775727
vt 0.657637 0.775728
vt 0.658688 0.775933
vt 0.659156 0.777481
vt 0.659516 0.774296
vt 0.659480 0.776582
vt 0.659558 0.771643
vt 0.659563 0.768961
vt 0.659673 0.765929
vt 0.658183 0.762046
vt 0.986216 0.352598
vt 0.988461 0.311018
vt 0.994361 0.323615
vt 0.997823 0.144003
vt 0.990851 0.407565
vt 0.994877 0.406003
vt 0.956224 0.435649
vt 0.955753 0.406119
vt 0.959067 0.356088
vt 0.992654 0.502074
vt 0.264274 0.100327
vt 0.244425 0.087532
vt 0.282755 0.087768
vt 0.263687 0.061303
vt 0.260979 0.024003
vt 0.260637 0.006085
vt 0.248188 0.060126
vt 0.253350 0.093285
vt 0.306028 0.088120
vt 0.331333 0.105753
vt 0.326812 0.102603
vt 0.334834 0.060723
vt 0.354643 0.034244
vt 0.341696 0.070980
vt 0.273934 0.093762
vt 0.281176 0.062630
vt 0.318556 0.028676
vt 0.310677 0.016522
vt 0.323426 0.034888
vt 0.148463 0.430649
vt 0.141983 0.440590
vt 0.125846 0.483461
vt 0.132141 0.544320
vt 0.147752 0.566481
vt 0.157755 0.511069
vt 0.170418 0.472013
vt 0.185456 0.447069
vt 0.154230 0.572311
vt 0.139852 0.572494
vt 0.126574 0.544303
vt 0.161593 0.532152
vt 0.165905 0.503796
vt 0.159365 0.576273
vt 0.153836 0.587174
vt 0.133950 0.566297
vt 0.182495 0.431189
vt 0.162335 0.425155
vt 0.146432 0.548272
vt 0.155082 0.557510
vt 0.160418 0.555433
vt 0.148542 0.577386
vt 0.153964 0.582350
vt 0.157169 0.585756
vt 0.157588 0.574902
vt 0.158637 0.556126
vt 0.160488 0.526083
vt 0.161082 0.513948
vt 0.163240 0.506174
vt 0.172825 0.474673
vt 0.444207 0.616826
vt 0.426688 0.611061
vt 0.457952 0.609444
vt 0.425574 0.551954
vt 0.429216 0.592966
vt 0.443363 0.600605
vt 0.456147 0.590320
vt 0.457520 0.572066
vt 0.458083 0.549136
vt 0.432974 0.599048
vt 0.469035 0.512860
vt 0.461584 0.507354
vt 0.463149 0.506157
vt 0.457595 0.501268
vt 0.405100 0.572595
vt 0.409565 0.556052
vt 0.406173 0.535555
vt 0.405540 0.566869
vt 0.431626 0.512303
vt 0.424195 0.512115
vt 0.439501 0.509314
vt 0.447942 0.500770
vt 0.473396 0.502244
vt 0.492266 0.498843
vt 0.501761 0.504703
vt 0.497764 0.538490
vt 0.478641 0.495799
vt 0.506018 0.514398
vt 0.505701 0.525191
vt 0.502646 0.532624
vt 0.490301 0.517006
vt 0.476908 0.526755
vt 0.500062 0.514385
vt 0.480366 0.502849
vt 0.485886 0.497417
vt 0.506853 0.525763
vt 0.527325 0.544023
vt 0.535098 0.551499
vt 0.529201 0.530174
vt 0.525064 0.517484
vt 0.532050 0.497587
vt 0.143588 0.574597
vt 0.142815 0.570238
vt 0.133391 0.559509
vt 0.129712 0.554852
vt 0.137840 0.558881
vt 0.598639 0.119723
vt 0.602675 0.061452
vt 0.606458 0.007381
vt 0.551541 0.095232
vt 0.557796 0.065427
vt 0.562505 0.007451
vt 0.552186 0.091912
vt 0.573917 0.111052
vt 0.598950 0.115184
vt 0.616650 0.059837
vt 0.604555 0.034583
vt 0.583216 0.035731
vt 0.560334 0.034175
vt 0.541713 0.006614
vt 0.614056 0.105087
vt 0.618094 0.037778
vt 0.547538 0.033345
vt 0.542542 0.027687
vt 0.619375 0.083967
vt 0.621632 0.083411
vt 0.560965 0.026406
vt 0.584639 0.023637
vt 0.605555 0.020286
vt 0.551660 0.020935
vt 0.619586 0.023311
vt 0.539408 0.066543
vt 0.553039 0.087884
vt 0.574517 0.106320
vt 0.599207 0.111486
vt 0.610950 0.102140
vt 0.615875 0.082758
vt 0.601449 0.079147
vt 0.610510 0.072598
vt 0.590530 0.085858
vt 0.566041 0.099044
vt 0.605437 0.106527
vt 0.600150 0.097882
vt 0.603494 0.093187
vt 0.878896 0.077973
vt 0.904950 0.137301
vt 0.922340 0.135015
vt 0.935591 0.133098
vt 0.951630 0.085625
vt 0.888976 0.112102
vt 0.952948 0.125270
vt 0.916378 0.146922
vt 0.919919 0.150204
vt 0.911070 0.096218
vt 0.917045 0.085794
vt 0.927912 0.078058
vt 0.910917 0.046627
vt 0.895849 0.107160
vt 0.894259 0.086685
vt 0.911396 0.121103
vt 0.927109 0.122933
vt 0.941007 0.110772
vt 0.932451 0.094749
vt 0.922521 0.152063
vt 0.934429 0.151182
vt 0.951933 0.141640
vt 0.964244 0.122248
vt 0.876124 0.100600
vt 0.892111 0.132893
vt 0.676348 0.061329
vt 0.695811 0.088526
vt 0.711053 0.090157
vt 0.723501 0.089540
vt 0.729445 0.076390
vt 0.732237 0.062113
vt 0.717682 0.039503
vt 0.681785 0.035057
vt 0.256519 0.621495
vt 0.219357 0.559095
vt 0.248141 0.628506
vt 0.498102 0.605236
vt 0.487481 0.604931
vt 0.477127 0.597606
vt 0.510167 0.597219
vt 0.529225 0.607901
vt 0.520688 0.597375
vt 0.545258 0.615626
vt 0.552485 0.611124
vt 0.701142 0.412892
vt 0.712319 0.402476
vt 0.716807 0.362787
vt 0.909785 0.312347
vt 0.915660 0.313455
vt 0.883602 0.378538
vt 0.874127 0.391849
vt 0.863369 0.401944
vt 0.857535 0.377019
vt 0.852263 0.356574
vt 0.848288 0.295351
vt 0.848279 0.284336
vt 0.854234 0.237959
vt 0.858244 0.288329
vt 0.857665 0.283713
vt 0.872198 0.169427
vt 0.838222 0.181945
vt 0.808500 0.143435
vt 0.964964 0.103026
vt 0.981131 0.194923
vt 0.973235 0.229757
vt 0.963909 0.240187
vt 0.935147 0.202721
vt 0.888089 0.195637
vt 0.858406 0.178188
vt 0.865537 0.174096
vt 0.843179 0.150967
vt 0.831423 0.145539
vt 0.855836 0.151057
vt 0.854238 0.133856
vt 0.835536 0.137303
vt 0.968370 0.198439
vt 0.956700 0.142679
vt 0.966707 0.156752
vt 0.973716 0.152773
vt 0.968850 0.210482
vt 0.896076 0.134254
vt 0.902219 0.142426
vt 0.917550 0.142047
vt 0.920905 0.145181
vt 0.923887 0.146304
vt 0.926316 0.145276
vt 0.934125 0.144191
vt 0.940253 0.145810
vt 0.953839 0.137454
vt 0.905851 0.337097
vt 0.869618 0.417294
vt 0.850173 0.373640
vt 0.595507 0.092079
vt 0.585966 0.108716
vt 0.705010 0.062931
vt 0.715593 0.047723
vt 0.719989 0.043087
vt 0.709149 0.051447
vt 0.697073 0.071711
vt 0.700426 0.062675
vt 0.708291 0.048294
vt 0.798006 0.034537
vt 0.742447 0.081761
vt 0.770504 0.122490
vt 0.770486 0.122493
vt 0.782371 0.136571
vt 0.823575 0.115126
vt 0.831014 0.111344
vt 0.801430 0.130862
vt 0.837756 0.033834
vt 0.825884 0.014516
vt 0.871468 0.018383
vt 0.828503 0.004053
vt 0.855967 0.003613
vt 0.770504 0.087333
vt 0.770486 0.087336
vt 0.789559 0.090628
vt 0.805867 0.079425
vt 0.818963 0.075915
vt 0.822527 0.058592
vt 0.750987 0.075093
vt 0.749475 0.083158
vt 0.770504 0.117674
vt 0.770486 0.117676
vt 0.782861 0.133437
vt 0.821087 0.110111
vt 0.835727 0.088311
vt 0.843790 0.058592
vt 0.801128 0.126137
vt 0.827726 0.108316
vt 0.770504 0.034456
vt 0.769230 0.035970
vt 0.781776 0.059293
vt 0.834523 0.036062
vt 0.845646 0.097059
vt 0.860681 0.100773
vt 0.845178 0.050159
vt 0.855497 0.054322
vt 0.852934 0.050474
vt 0.860018 0.057320
vt 0.855446 0.064248
vt 0.837190 0.176420
vt 0.825047 0.162459
vt 0.834205 0.176740
vt 0.843251 0.176925
vt 0.838142 0.163368
vt 0.852000 0.166737
vt 0.846517 0.145801
vt 0.855284 0.145121
vt 0.912693 0.340475
vt 0.926756 0.338952
vt 0.898454 0.333445
vt 0.925408 0.281447
vt 0.928676 0.232598
vt 0.927541 0.320673
vt 0.922414 0.328750
vt 0.916165 0.330013
vt 0.911493 0.328866
vt 0.907475 0.326885
vt 0.903453 0.324137
vt 0.900690 0.322959
vt 0.939664 0.301088
vt 0.914622 0.304905
vt 0.912238 0.306096
vt 0.908462 0.308481
vt 0.893915 0.319974
vt 0.243585 0.613376
vt 0.247146 0.621929
vt 0.248232 0.622970
vt 0.249984 0.620995
vt 0.252991 0.617099
vt 0.242480 0.623668
vt 0.249646 0.618918
vt 0.141245 0.571434
vt 0.518304 0.007171
vt 0.502738 0.064783
vt 0.475168 0.008265
vt 0.523584 0.016482
vt 0.521990 0.034231
vt 0.517976 0.044903
vt 0.514568 0.046837
vt 0.511524 0.055524
vt 0.489949 0.065220
vt 0.478938 0.043323
vt 0.474677 0.022134
vt 0.486352 0.068490
vt 0.527807 0.047396
vt 0.529668 0.035338
vt 0.531766 0.021747
vt 0.504807 0.042019
vt 0.505903 0.029952
vt 0.503784 0.053271
vt 0.484781 0.054941
vt 0.503109 0.060705
vt 0.488237 0.054638
vt 0.484073 0.043064
vt 0.479319 0.023297
vt 0.507461 0.012808
vt 0.519476 0.019613
vt 0.518071 0.033188
vt 0.512601 0.043726
vt 0.508739 0.054714
vt 0.492370 0.061957
vt 0.496755 0.053889
vt 0.493494 0.042589
vt 0.492057 0.026486
vt 0.507033 0.017518
vt 0.498264 0.016236
vt 0.502010 0.020526
vt 0.506443 0.024009
vt 0.509931 0.026884
vt 0.512745 0.031772
vt 0.498311 0.061265
vt 0.671598 0.076362
vt 0.665286 0.045336
vt 0.736218 0.096481
vt 0.745184 0.072369
vt 0.525353 0.063292
vt 0.522086 0.054108
vt 0.526577 0.055366
vt 0.538068 0.055826
vt 0.537131 0.048382
vt 0.534085 0.042926
vt 0.529055 0.068782
vt 0.531604 0.055568
vt 0.532206 0.047861
vt 0.530282 0.060896
vt 0.534369 0.055678
vt 0.516667 0.067925
vt 0.518645 0.061955
vt 0.528394 0.058079
vt 0.532539 0.058015
vt 0.533568 0.062660
vt 0.548979 0.029006
vt 0.560575 0.031210
vt 0.583755 0.031148
vt 0.604824 0.030732
vt 0.618822 0.030725
vt 0.559029 0.050253
vt 0.581541 0.049961
vt 0.603619 0.047959
vt 0.610960 0.048732
vt 0.612095 0.097632
vt 0.604658 0.101180
vt 0.599515 0.107044
vt 0.588513 0.104275
vt 0.579072 0.100500
vt 0.575285 0.100271
vt 0.568387 0.093119
vt 0.554356 0.081669
vt 0.607636 0.089698
vt 0.608086 0.099545
vt 0.608365 0.104197
vt 0.681254 0.091320
vt 0.528846 0.071717
vt 0.539362 0.082613
vt 0.538859 0.062152
vt 0.533575 0.056692
vt 0.463282 0.049585
vt 0.471343 0.038771
vt 0.464930 0.041705
vt 0.461624 0.039914
vt 0.471641 0.036780
vt 0.516622 0.104753
vt 0.533237 0.100223
vt 0.520382 0.087416
vt 0.508012 0.059225
vt 0.523446 0.073283
vt 0.527435 0.056646
vt 0.524106 0.059785
vt 0.521000 0.064082
vt 0.519022 0.069787
vt 0.517557 0.072599
vt 0.513459 0.068119
vt 0.506557 0.060759
vt 0.515908 0.063116
vt 0.510676 0.058217
vt 0.516888 0.060369
vt 0.883907 0.158486
vt 0.909097 0.274648
vt 0.906685 0.273642
vt 0.925557 0.231790
vt 0.885840 0.203153
vt 0.901176 0.175150
vt 0.956476 0.191684
vt 0.967753 0.182970
vt 0.967525 0.177269
vn -0.136614 0.271316 0.952746
vn -0.157819 0.055357 0.985915
vn -0.202976 0.303821 0.930857
vn -0.230055 0.093081 0.968716
vn -0.227267 -0.001796 0.973831
vn -0.162316 0.001212 0.986738
vn -0.163533 0.002250 0.986535
vn -0.227652 -0.003706 0.973736
vn -0.185068 0.389872 0.902081
vn -0.129500 0.395035 0.909493
vn -0.128165 0.312640 0.941185
vn -0.134310 0.092330 0.986629
vn -0.136949 0.002233 0.990576
vn -0.133556 0.005010 0.991029
vn -0.132682 0.394774 0.909148
vn 0.019091 0.090275 0.995734
vn 0.010994 0.315949 0.948712
vn 0.020917 0.009576 0.999735
vn 0.021954 0.019070 0.999577
vn 0.006928 0.402339 0.915464
vn 0.373105 0.076441 0.924635
vn 0.348751 0.303812 0.886606
vn 0.373775 0.024156 0.927205
vn 0.388130 0.048342 0.920336
vn 0.389934 0.548108 0.739952
vn 0.844301 0.202729 0.496041
vn 0.682593 0.615943 0.393296
vn 0.863436 0.031080 0.503499
vn 0.862644 0.059951 0.502247
vn 0.517007 0.835618 0.185595
vn -0.202719 0.008686 0.979198
vn -0.188349 0.271556 0.943812
vn -0.288820 -0.004754 0.957372
vn -0.284045 -0.009008 0.958769
vn -0.195141 0.388797 0.900420
vn -0.660296 -0.230860 0.714642
vn -0.720338 0.171724 0.672030
vn -0.742126 -0.293431 0.602618
vn -0.761403 -0.054116 0.646016
vn -0.814350 0.319065 0.484800
vn -0.978435 -0.069414 0.194540
vn -0.944572 0.280202 0.171089
vn -0.955482 -0.162811 0.246064
vn -0.964251 -0.058195 0.258524
vn -0.755446 0.654813 0.022810
vn 0.024523 0.993924 0.107302
vn 0.153022 0.988223 0.000767
vn -0.009134 0.998470 0.054540
vn 0.301235 0.910533 0.283172
vn -0.088051 0.865537 0.493044
vn 0.101759 0.982465 0.156229
vn 0.304947 0.905430 0.295304
vn -0.161654 0.968930 0.187197
vn -0.060246 0.998145 0.008813
vn -0.025603 0.994384 0.102694
vn -0.026452 0.998641 0.044903
vn 0.166776 0.985995 -0.000521
vn 0.027013 0.996748 -0.075918
vn 0.275550 0.959952 0.050641
vn 0.099011 0.994236 -0.041135
vn 0.023712 0.998859 -0.041457
vn 0.125878 0.981974 -0.141005
vn -0.190622 0.962908 -0.190974
vn 0.056840 0.998379 -0.002786
vn -0.336863 0.863840 0.374572
vn -0.258429 0.924211 0.281156
vn -0.138426 0.937494 0.319287
vn -0.266824 0.917678 0.294400
vn -0.386163 0.921898 0.031357
vn -0.292745 0.954982 0.048054
vn -0.069474 0.935986 -0.345114
vn -0.135225 0.912760 -0.385466
vn -0.175435 0.925673 -0.335190
vn -0.020404 0.968898 -0.246616
vn -0.039843 0.980934 -0.190213
vn 0.025410 0.991796 -0.125283
vn 0.001862 0.991340 -0.131309
vn 0.040818 0.996926 -0.066870
vn -0.027715 0.995102 -0.094894
vn 0.021700 0.993983 -0.107363
vn -0.001028 0.974040 -0.226373
vn 0.041143 0.997474 -0.057908
vn -0.058302 0.944002 -0.324747
vn 0.173102 0.919674 -0.352471
vn 0.096670 0.984181 -0.148465
vn 0.009457 0.872578 -0.488384
vn 0.159838 0.957925 -0.238393
vn 0.201247 0.905455 -0.373699
vn 0.142473 0.965575 -0.217639
vn 0.326891 0.945058 -0.002810
vn 0.330306 0.920312 0.209579
vn -0.031882 0.999363 0.016030
vn 0.012432 0.998684 0.049749
vn -0.094826 0.994904 0.034261
vn -0.010287 0.995733 -0.091707
vn -0.211459 0.946856 -0.242382
vn -0.056430 0.978391 -0.198913
vn -0.126767 0.991928 0.002839
vn 0.048292 0.958507 0.280949
vn -0.096388 0.982572 0.158940
vn 0.050723 0.965094 0.256944
vn 0.090054 0.992727 0.079899
vn 0.208175 0.965054 0.159168
vn 0.086221 0.991901 -0.093263
vn 0.075111 0.963889 0.255491
vn 0.041350 0.998840 -0.024666
vn 0.108389 0.783591 0.611749
vn 0.223809 0.905637 0.360183
vn 0.006810 0.998932 0.045691
vn 0.121517 0.690674 0.712883
vn 0.597463 0.525888 0.605376
vn 0.150312 0.223987 0.962931
vn -0.131593 0.638261 0.758490
vn 0.106910 0.868946 0.483222
vn -0.075645 0.883870 0.461575
vn -0.038294 0.993204 0.109904
vn -0.144648 0.267248 0.952710
vn 0.483100 0.437459 0.758448
vn -0.630660 0.270293 0.727468
vn -0.112489 0.627476 0.770468
vn 0.435234 -0.074407 0.897238
vn 0.044919 0.976838 0.209214
vn 0.552094 0.810640 0.195078
vn 0.392686 0.913094 0.109805
vn 0.428126 0.891564 0.147721
vn 0.705670 0.291062 0.645998
vn -0.252972 0.223699 0.941256
vn -0.193985 0.350002 0.916443
vn -0.039482 -0.004530 0.999210
vn -0.063704 0.545270 0.835836
vn -0.174753 0.153725 0.972538
vn -0.307350 0.230653 0.923220
vn -0.030817 0.932634 0.359506
vn -0.556218 0.022626 0.830729
vn 0.021282 0.654719 0.755573
vn -0.404389 0.912288 0.064812
vn -0.839311 0.519493 0.160265
vn -0.904434 0.325871 0.275330
vn -0.330838 0.916229 0.225989
vn 0.226877 0.894168 0.385992
vn -0.144135 0.989225 0.025654
vn 0.062120 0.968712 0.240286
vn 0.480997 0.796329 0.366746
vn -0.554395 0.525391 0.645454
vn 0.245979 0.957554 0.150285
vn 0.285962 0.931411 0.225164
vn 0.130346 0.989668 -0.059729
vn 0.349269 0.886675 0.303016
vn 0.154843 0.949074 0.274375
vn 0.415671 0.907608 -0.058863
vn 0.023168 0.962391 -0.270679
vn -0.150437 0.964346 -0.217729
vn -0.112097 0.962057 -0.248758
vn 0.054938 0.954270 -0.293856
vn -0.424717 0.897975 0.115134
vn 0.111445 0.918164 -0.380203
vn 0.875977 0.407676 0.257809
vn 0.344558 0.930498 0.124313
vn 0.112166 0.993275 -0.028689
vn -0.014309 0.999188 -0.037661
vn -0.337239 0.749420 0.569771
vn -0.298778 0.535725 0.789766
vn -0.263208 0.686218 0.678105
vn -0.053963 0.998407 0.016476
vn -0.285399 0.563453 0.775286
vn -0.610439 0.274091 0.743127
vn -0.528188 0.053657 0.847430
vn -0.077831 0.788901 0.609571
vn 0.036286 0.375563 0.926086
vn -0.095455 0.514200 0.852342
vn -0.208323 0.582906 0.785380
vn -0.181966 0.112567 0.976840
vn 0.197016 0.533214 0.822720
vn -0.084505 0.970671 0.225071
vn -0.616783 0.605518 0.502918
vn 0.001243 0.928302 0.371825
vn -0.336691 0.941366 -0.021667
vn 0.060884 0.916998 0.394217
vn 0.025523 0.999140 -0.032684
vn -0.068164 0.982579 0.172896
vn 0.218556 0.975161 -0.035973
vn 0.276263 0.947392 0.161638
vn -0.252169 0.958647 0.131935
vn -0.248161 0.926361 0.283321
vn 0.076752 0.936257 0.342830
vn 0.459408 0.865206 0.200903
vn 0.598063 0.709081 0.373530
vn -0.012683 0.999396 -0.032350
vn -0.178177 0.881180 0.437920
vn -0.077888 0.443278 0.892994
vn 0.735430 0.612224 0.290388
vn 0.224706 0.461512 0.858204
vn 0.629282 0.700936 0.335697
vn 0.224211 0.772829 0.593687
vn 0.114061 0.914843 0.387366
vn 0.382897 0.755263 0.531948
vn 0.003844 0.874031 0.485855
vn 0.095990 0.398274 0.912230
vn -0.212549 0.210840 0.954133
vn -0.207254 0.739792 0.640120
vn 0.384049 0.440273 0.811582
vn 0.212775 0.889929 0.403428
vn 0.454227 0.771669 0.445202
vn 0.717146 0.191089 0.670214
vn 0.575879 0.142519 0.805017
vn 0.701560 0.327040 0.633134
vn 0.694380 0.488307 0.528576
vn 0.687101 0.398176 0.607740
vn 0.701286 0.600700 0.383872
vn 0.488380 0.828935 -0.272678
vn 0.590760 0.524154 0.613405
vn 0.534142 0.670194 0.515299
vn 0.495366 0.673083 0.549156
vn 0.580290 0.593684 0.557497
vn 0.680044 0.288491 0.674027
vn 0.339598 0.802299 0.490907
vn 0.643794 0.534857 0.547226
vn 0.624554 0.643642 0.442331
vn 0.501390 0.235327 0.832604
vn -0.131187 -0.095214 0.986775
vn 0.253860 0.091413 0.962912
vn -0.712981 0.057346 0.698834
vn -0.321624 0.077600 0.943682
vn -0.273942 0.225607 0.934910
vn 0.085353 -0.133924 0.987309
vn 0.222499 0.591156 0.775261
vn 0.032509 0.955624 0.292790
vn 0.429785 0.887483 0.166312
vn 0.715094 0.663295 0.220636
vn 0.372509 0.902517 0.216101
vn 0.704194 0.441185 0.556297
vn 0.346326 0.577515 0.739280
vn 0.234863 0.592733 0.770394
vn 0.554450 0.780475 0.288866
vn 0.876606 -0.214274 0.430871
vn 0.888483 0.437072 0.139878
vn 0.969863 -0.158433 0.185110
vn 0.926192 0.066659 0.371115
vn -0.059301 -0.109896 0.992173
vn 0.982954 -0.182829 0.019357
vn 0.868897 -0.243832 0.430771
vn 0.351041 0.354742 0.866562
vn 0.092871 0.729254 0.677911
vn 0.980763 -0.137661 0.138399
vn 0.292388 0.458662 0.839129
vn 0.360154 0.195133 0.912257
vn 0.134230 0.185431 0.973446
vn 0.350982 0.027313 0.935984
vn 0.089863 0.000375 0.995954
vn 0.077267 0.253553 0.964231
vn -0.258930 0.088745 0.961811
vn 0.094307 0.526025 0.845224
vn -0.494834 0.550799 0.672131
vn -0.715213 0.463328 0.523256
vn 0.338538 0.529191 0.778042
vn 0.016253 -0.249282 0.968295
vn -0.121180 0.116225 0.985803
vn 0.109447 0.346219 0.931748
vn 0.517204 0.592182 0.617916
vn 0.121986 0.992259 0.023275
vn -0.234190 0.723324 0.649582
vn -0.042928 0.989612 0.137206
vn 0.163480 0.953004 0.255063
vn 0.177976 0.977938 -0.109373
vn 0.133598 0.989408 0.056784
vn -0.086655 0.996238 0.000399
vn -0.051843 0.962731 0.265447
vn -0.276256 0.639980 0.717013
vn -0.316290 0.359527 0.877896
vn -0.198496 0.185711 0.962347
vn -0.204824 0.648859 0.732823
vn 0.282171 0.442500 0.851218
vn -0.186768 0.161557 0.969029
vn -0.277612 0.210419 0.937366
vn -0.484274 0.003666 0.874909
vn 0.613979 0.100815 0.782858
vn -0.370715 0.487313 0.790631
vn 0.651722 -0.046255 0.757046
vn 0.547128 -0.046677 0.835747
vn -0.285464 0.321201 0.902962
vn 0.262028 0.146724 0.953841
vn 0.196015 -0.414121 0.888865
vn 0.518412 0.009797 0.855075
vn -0.328792 0.302582 0.894617
vn 0.222494 0.596435 0.771208
vn 0.374136 0.384243 0.844026
vn 0.379295 0.616308 0.690145
vn 0.407497 0.516875 0.752852
vn 0.363622 0.526926 0.768198
vn 0.289611 0.071489 0.954471
vn 0.512258 0.009371 0.858780
vn 0.298977 0.074799 0.951324
vn 0.679414 0.191954 0.708202
vn 0.406335 0.288370 0.867026
vn 0.661879 0.263020 0.701952
vn 0.641080 0.341874 0.687123
vn 0.330575 0.280299 0.901195
vn 0.067461 0.065010 0.995602
vn -0.066587 0.022124 0.997535
vn -0.107710 -0.021812 0.993943
vn 0.341241 0.391541 0.854547
vn -0.096253 0.122087 0.987841
vn -0.047949 0.630753 0.774501
vn -0.010470 0.399079 0.916857
vn -0.222563 0.522953 0.822792
vn -0.272543 0.273515 0.922448
vn -0.384378 -0.293630 0.875234
vn -0.908151 0.121839 0.400522
vn -0.043278 0.156407 0.986744
vn 0.279590 0.084303 0.956411
vn -0.375479 0.268153 0.887192
vn -0.012434 0.277354 0.960687
vn -0.022229 -0.001825 0.999751
vn 0.565065 0.032671 0.824400
vn 0.576860 0.378638 0.723786
vn 0.540940 -0.050042 0.839571
vn 0.314474 0.175721 0.932860
vn 0.015119 0.299267 0.954050
vn 0.167967 0.202421 0.964787
vn 0.140639 0.089230 0.986032
vn 0.116817 -0.196609 0.973498
vn 0.171357 -0.140864 0.975087
vn 0.321759 -0.090303 0.942506
vn 0.297739 -0.098142 0.949589
vn 0.498430 -0.024853 0.866574
vn 0.498074 -0.095588 0.861850
vn 0.485676 -0.433458 0.759100
vn 0.500827 -0.451819 0.738263
vn -0.073589 -0.290192 0.954135
vn 0.057697 -0.101473 0.993164
vn 0.100693 0.126454 0.986849
vn -0.476147 0.032665 0.878759
vn -0.623199 -0.008658 0.782015
vn 0.222537 0.280611 0.933667
vn 0.002268 0.309017 0.951054
vn -0.537196 0.471182 0.699577
vn 0.288090 0.936944 -0.197838
vn 0.337981 0.928457 0.154066
vn -0.004711 0.999985 0.002693
vn 0.198777 0.976757 -0.080205
vn 0.602191 0.794701 0.076269
vn 0.432240 0.900032 -0.055776
vn -0.144925 0.983814 -0.105386
vn 0.302728 0.874309 -0.379395
vn 0.118063 0.895952 0.428172
vn 0.617250 0.681109 0.393818
vn 0.005853 0.972009 -0.234871
vn 0.024376 0.300358 0.953515
vn -0.033601 0.998889 -0.033047
vn -0.009542 0.998371 0.056247
vn 0.006181 0.993083 0.117256
vn 0.022662 0.968633 0.247460
vn 0.206673 0.854508 0.476552
vn 0.184731 0.956688 0.224992
vn 0.109788 0.978168 0.176451
vn -0.016064 0.999040 0.040757
vn 0.009503 0.961088 0.276077
vn -0.016685 0.981143 0.192561
vn -0.019631 0.993363 0.113337
vn -0.023499 0.974855 0.221599
vn 0.027102 0.984046 0.175837
vn -0.052939 0.972139 0.228348
vn -0.014156 0.970101 0.242287
vn -0.005308 0.981626 0.190742
vn -0.116133 0.967803 0.223316
vn -0.052796 0.979146 0.196176
vn 0.023928 0.999631 0.012888
vn 0.058322 0.997020 -0.050491
vn 0.005849 0.994157 -0.107783
vn -0.224229 0.941855 -0.250261
vn -0.144951 0.764980 0.627531
vn 0.245790 0.622123 0.743337
vn 0.649290 0.738185 0.183045
vn -0.439656 0.820417 0.365539
vn -0.736149 0.331844 0.589885
vn -0.719508 0.318087 0.617356
vn -0.438042 0.411853 0.799060
vn -0.066381 0.694380 0.716541
vn 0.227061 0.907562 0.353234
vn 0.554412 0.092499 0.827086
vn -0.125275 0.613313 0.779842
vn -0.332450 0.189432 0.923901
vn 0.496694 0.029890 0.867411
vn -0.269240 0.360039 0.893243
vn 0.764359 0.365847 0.530953
vn -0.245754 0.517437 0.819673
vn 0.728275 0.253516 0.636667
vn -0.523052 0.851794 0.029404
vn -0.411209 0.392514 0.822703
vn -0.415610 0.055623 0.907841
vn 0.203257 0.434802 0.877288
vn -0.430627 0.542179 0.721528
vn 0.406980 0.630409 0.661023
vn -0.866079 0.212455 0.452516
vn -0.336717 0.109558 0.935210
vn -0.965538 0.041506 0.256932
vn 0.048162 0.158079 0.986251
vn 0.058607 0.998251 0.007727
vn -0.967238 0.202278 0.153408
vn -0.064357 0.200254 0.977628
vn -0.113961 0.157469 0.980926
vn -0.116171 0.192500 0.974396
vn -0.012988 0.222577 0.974829
vn 0.026479 0.143458 0.989302
vn -0.078475 -0.039945 0.996116
vn -0.040669 0.781883 0.622098
vn -0.268146 0.880835 0.390164
vn -0.079065 0.841147 0.534996
vn -0.331575 0.943401 -0.007202
vn -0.259637 0.945037 0.198729
vn -0.049860 0.968376 0.244463
vn 0.335616 0.876601 0.344865
vn -0.199773 0.951902 0.232321
vn -0.136749 0.920021 0.367235
vn -0.129344 0.754725 0.643165
vn 0.253534 0.959107 0.125838
vn 0.122183 0.964484 0.234184
vn 0.276587 0.910510 0.307362
vn 0.100610 0.934050 0.342677
vn -0.251702 0.788805 -0.560743
vn -0.611325 0.521309 -0.595415
vn -0.299231 0.925237 -0.233231
vn -0.691724 0.664103 -0.283699
vn 0.206770 0.767070 -0.607330
vn 0.315020 0.942115 0.114815
vn 0.410840 0.882258 -0.229851
vn -0.671489 0.728773 0.134138
vn -0.481499 0.661409 0.575063
vn -0.241559 0.910379 0.335945
vn 0.318304 0.928400 0.191719
vn 0.285870 0.944037 0.164535
vn 0.249193 0.966657 -0.058966
vn 0.159670 0.982609 0.094795
vn -0.030622 0.978464 0.204132
vn 0.000625 0.997232 0.074354
vn -0.035411 0.981098 0.190246
vn 0.081257 0.922987 0.376155
vn 0.072092 0.987607 0.139409
vn -0.085748 0.531126 -0.842943
vn -0.458088 0.499671 -0.735176
vn -0.071289 0.958463 0.276165
vn 0.468920 0.563613 -0.680041
vn 0.218948 0.927563 -0.302803
vn 0.914584 0.374676 -0.152167
vn -0.138113 0.983399 0.117689
vn -0.025922 0.972673 0.230729
vn 0.207516 0.975134 0.077786
vn -0.066572 0.994770 -0.077471
vn -0.223234 0.925728 0.305277
vn 0.000168 0.982460 0.186475
vn -0.050933 0.998488 0.020668
vn 0.043046 0.998913 0.017865
vn 0.009182 0.996675 0.080965
vn -0.144764 0.986157 -0.080862
vn -0.410310 0.904021 -0.119966
vn -0.035428 0.992093 -0.120403
vn -0.028338 0.999456 0.016905
vn -0.100112 0.959912 -0.261813
vn -0.235199 0.903506 -0.358271
vn 0.253885 0.422111 0.870267
vn -0.009304 0.920790 0.389949
vn 0.241502 0.555586 0.795614
vn -0.187198 0.883969 0.428433
vn -0.288624 0.934229 0.209553
vn -0.415084 0.231707 0.879782
vn -0.204252 -0.178147 0.962572
vn 0.090504 0.028848 0.995478
vn -0.064022 0.297652 0.952525
vn -0.171844 0.512049 0.841591
vn -0.006537 0.999973 0.003283
vn -0.136662 0.337675 0.931289
vn -0.387643 0.207808 0.898081
vn -0.296839 0.528120 0.795598
vn -0.663358 0.598657 0.448961
vn 0.075507 0.988599 0.130275
vn -0.566518 0.407956 0.715981
vn -0.011919 0.877291 0.479812
vn -0.261427 0.226172 0.938351
vn 0.007813 0.461329 0.887195
vn -0.090313 0.152614 0.984151
vn -0.047744 0.309156 0.949812
vn -0.165358 0.415373 0.894495
vn 0.037197 0.071604 0.996739
vn -0.378159 0.137702 0.915442
vn -0.520927 0.573297 0.632428
vn -0.569367 0.704157 0.424244
vn -0.527069 0.421886 0.737706
vn -0.170711 0.176945 0.969303
vn 0.041414 0.256797 0.965578
vn -0.151946 0.257912 0.954146
vn -0.025852 0.216439 0.975954
vn 0.008819 0.265802 0.963987
vn 0.167415 0.105538 0.980222
vn 0.001773 -0.066755 0.997768
vn 0.250104 -0.066680 0.965920
vn 0.182775 -0.129658 0.974568
vn 0.321416 -0.112276 0.940258
vn 0.514389 -0.374140 0.771637
vn -0.472757 -0.222676 0.852594
vn -0.165702 0.086608 0.982365
vn -0.279532 0.231485 0.931814
vn -0.251670 0.214564 0.943729
vn 0.129682 0.032548 0.991021
vn -0.058596 -0.267492 0.961777
vn 0.069199 -0.068646 0.995238
vn -0.396872 -0.063091 0.915703
vn 0.462000 0.017889 0.886699
vn 0.315915 0.106741 0.942764
vn -0.003039 0.261550 0.965185
vn 0.188564 0.021861 0.981817
vn 0.075289 0.159176 0.984375
vn -0.131767 0.292480 0.947150
vn -0.316095 0.819039 0.478810
vn -0.038449 0.441757 0.896310
vn -0.422409 0.169532 0.890410
vn 0.049484 0.168910 0.984388
vn -0.004071 0.415430 0.909616
vn -0.118696 0.253172 0.960112
vn -0.017565 0.317929 0.947952
vn -0.141324 0.298677 0.943832
vn -0.142451 0.083368 0.986285
vn -0.332388 -0.331362 0.883016
vn -0.492730 -0.213044 0.843700
vn -0.721086 -0.068446 0.689457
vn -0.192548 -0.244113 0.950439
vn 0.317646 0.277248 0.906771
vn 0.037913 0.387704 0.921004
vn -0.207135 0.342896 0.916252
vn -0.023055 0.346385 0.937809
vn 0.046238 0.331568 0.942298
vn 0.220505 0.881540 -0.417451
vn 0.662731 0.734924 -0.143786
vn 0.142650 0.985281 -0.094195
vn 0.154923 0.637514 0.754702
vn -0.645788 0.436051 0.626752
vn -0.026150 0.999657 -0.001710
vn -0.331176 0.756180 0.564371
vn -0.485357 0.798014 0.357216
vn 0.203868 0.781412 0.589774
vn -0.097492 0.744865 0.660054
vn -0.076840 0.638185 0.766039
vn -0.554771 0.535560 0.636714
vn 0.372001 0.708081 0.600197
vn 0.186658 0.912715 0.363469
vn -0.125874 0.863999 0.487506
vn -0.238375 0.903346 0.356571
vn 0.477984 0.706489 0.521923
vn 0.401042 0.756171 0.517080
vn 0.438484 0.016550 0.898587
vn 0.299501 0.954025 0.011630
vn -0.227678 0.876757 0.423627
vn -0.248617 0.606225 0.755434
vn 0.386980 0.217323 0.896112
vn 0.357194 0.535233 0.765466
vn -0.071111 -0.056818 0.995849
vn -0.149228 0.940349 0.305736
vn -0.558167 0.550116 0.621146
vn 0.416920 0.809850 0.412700
vn 0.442003 0.800710 0.404346
vn 0.629559 0.747629 -0.211439
vn 0.363529 0.928815 -0.071761
vn -0.502663 0.765945 0.400822
vn 0.213844 0.466427 0.858322
vn 0.389191 0.880252 0.271452
vn 0.369221 0.852818 0.369294
vn 0.224406 0.340609 0.913032
vn -0.104726 0.491335 0.864652
vn -0.532392 0.381639 0.755586
vn -0.671651 0.585991 0.453321
vn -0.228111 0.640552 0.733252
vn -0.195225 0.878131 0.436776
vn 0.497864 0.791710 0.354015
vn 0.656599 0.303548 0.690461
vn -0.411061 0.743570 0.527383
vn -0.363970 0.851570 0.377299
vn 0.092829 0.994375 0.051003
vn 0.479493 0.805267 0.348757
vn -0.317366 0.511130 0.798765
vn -0.188132 0.584223 0.789487
vn -0.117061 0.361715 0.924910
vn -0.150729 0.315672 0.936820
vn -0.497918 0.356593 0.790519
vn 0.299040 0.194840 0.934137
vn -0.717885 0.458269 0.524051
vn -0.009184 0.160436 0.987004
vn -0.299541 0.099956 0.948833
vn -0.295116 0.280167 0.913462
vn -0.572103 0.024746 0.819808
vn -0.124504 -0.000663 0.992219
vn -0.329091 0.668782 0.666656
vn -0.479147 0.838730 -0.258746
vn -0.530715 0.769355 -0.355577
vn -0.201060 0.974975 -0.094867
vn -0.542153 0.743623 -0.391274
vn -0.271913 0.947600 -0.167682
vn -0.355273 0.934662 0.013732
vn -0.062654 0.829491 0.554995
vn -0.310977 0.170655 0.934971
vn -0.016801 0.717315 0.696546
vn 0.272472 0.798617 0.536628
vn 0.020966 0.942455 0.333675
vn -0.287646 0.845673 0.449552
vn 0.094324 0.690128 0.717514
vn -0.222166 0.913897 0.339755
vn -0.067451 0.989499 0.127833
vn -0.290490 0.864400 0.410400
vn -0.005318 0.988686 -0.149908
vn -0.244753 0.445387 0.861236
vn 0.220969 0.237120 0.946016
vn -0.391541 0.102940 0.914384
vn 0.159133 0.949122 0.271743
vn -0.299292 0.539957 0.786684
vn 0.528325 0.426833 0.733952
vn -0.279645 0.137959 0.950140
vn 0.382270 0.309817 0.870565
vn -0.278608 0.905631 0.319704
vn 0.112340 0.777531 0.618729
vn 0.454282 0.830138 0.323263
vn -0.031552 0.251128 0.967440
vn 0.094341 0.878251 0.468802
vn -0.044885 0.224779 0.973375
vn -0.452897 -0.086497 0.887357
vn -0.013050 -0.183905 0.982857
vn 0.207059 0.586470 0.783058
vn 0.495759 0.703478 0.509257
vn -0.611214 0.755142 -0.237018
vn -0.265874 0.833397 -0.484520
vn -0.208370 0.970036 -0.124949
vn 0.399611 0.881733 -0.250714
vn -0.474523 0.848577 -0.233977
vn -0.177360 0.963998 0.198118
vn 0.019236 0.986264 -0.164055
vn -0.246502 0.841111 0.481424
vn -0.038677 0.998606 -0.035932
vn -0.178771 0.898870 -0.400093
vn -0.304875 0.834738 -0.458546
vn 0.204054 0.966723 -0.154300
vn -0.507192 -0.020728 0.861584
vn -0.291726 0.955876 0.034611
vn 0.069323 0.644283 0.761639
vn -0.002123 0.997459 0.071217
vn 0.816928 0.536659 0.211250
vn 0.657788 0.306988 0.687803
vn 0.957908 0.180356 0.223346
vn 0.766179 0.313887 0.560754
vn 0.730136 0.468145 0.497736
vn 0.726342 0.489829 0.482178
vn 0.135369 0.547400 0.825850
vn -0.263058 0.580212 0.770814
vn 0.273250 0.300480 0.913809
vn 0.555087 0.761863 0.333831
vn 0.344035 0.483530 0.804884
vn -0.472501 0.086527 0.877073
vn 0.258145 0.961480 -0.094433
vn -0.310996 0.641784 0.700995
vn 0.512293 0.855322 -0.077339
vn 0.231992 0.951890 0.200216
vn 0.618461 0.423502 0.661931
vn 0.269568 0.377933 0.885720
vn -0.422360 0.719822 0.550880
vn 0.177515 -0.029458 0.983677
vn 0.669799 -0.039771 0.741476
vn 0.419321 -0.036826 0.907091
vn -0.570415 0.379400 0.728479
vn 0.546548 0.785586 0.290070
vn 0.757367 0.362446 0.543165
vn 0.392024 0.869814 0.299567
vn -0.134046 0.990974 -0.001525
vn 0.632347 0.671831 0.385720
vn 0.218763 0.961429 0.166723
vn 0.250277 0.941527 0.225584
vn 0.063284 0.992104 -0.108285
vn 0.432181 0.795532 0.424674
vn 0.169560 0.984015 -0.054436
vn 0.279468 0.959182 -0.043228
vn 0.069718 0.963544 0.258306
vn 0.029614 0.217197 0.975678
vn 0.089618 0.732659 0.674670
vn 0.128644 0.547597 0.826794
vn 0.153148 0.902664 0.402174
vn -0.051841 0.715141 0.697055
vn -0.633599 0.676345 0.375645
vn -0.004526 0.913848 0.406031
vn 0.413079 0.147680 0.898642
vn -0.260874 0.495259 0.828652
vn 0.066866 0.815160 0.575364
vn -0.184725 0.958301 0.218028
vn -0.022922 0.608589 0.793155
vn -0.288472 0.546843 0.785969
vn 0.190482 0.931914 0.308630
vn 0.397862 0.883322 0.247888
vn -0.041795 0.995668 0.083060
vn -0.262399 0.252730 0.931276
vn 0.160502 0.497954 0.852221
vn 0.012184 0.999885 0.009023
vn -0.304926 0.948494 -0.085907
vn -0.402745 0.867877 0.290838
vn 0.418966 0.906123 -0.058387
vn 0.425592 0.840701 0.334802
vn -0.322807 0.925053 0.200183
vn -0.204906 0.882238 -0.423876
vn -0.231605 0.757416 0.610476
vn -0.066944 0.966183 -0.249017
vn 0.491081 0.855285 0.165308
vn 0.379398 0.893105 0.241705
vn 0.189067 0.965247 0.180420
vn 0.236779 0.849232 0.471954
vn 0.300462 0.934947 0.188670
vn 0.270010 0.930755 0.246557
vn -0.002329 0.985769 0.168091
vn 0.314078 0.885784 0.341675
vn 0.617658 0.659772 0.428018
vn 0.121787 0.882034 0.455174
vn -0.142320 0.879913 0.453319
vn -0.241624 0.798653 0.551154
vn -0.055422 0.785073 0.616919
vn 0.865522 0.164635 -0.473040
vn 0.754460 0.175504 -0.632446
vn 0.875549 0.160432 -0.455714
vn 0.920033 0.001952 -0.391837
vn 0.902646 0.123745 -0.412211
vn 0.789477 0.030747 -0.613009
vn 0.779327 0.123007 -0.614426
vn -0.149237 0.206460 0.967007
vn -0.296676 0.630200 0.717518
vn -0.466754 0.374671 0.801101
vn 0.900496 0.134092 0.413674
vn 0.198635 0.159848 0.966950
vn 0.894170 0.063636 0.443182
vn 0.270942 -0.114684 0.955739
vn 0.288277 0.422872 0.859113
vn 0.896139 0.253071 0.364541
vn 0.471529 0.557694 0.683109
vn 0.797658 0.393929 0.456685
vn 0.986476 0.090560 0.136618
vn 0.927516 0.165973 0.334913
vn -0.213808 -0.230990 0.949173
vn -0.249043 -0.191239 0.949424
vn -0.667233 0.045677 0.743447
vn -0.491301 0.058651 0.869013
vn 0.365533 -0.111477 0.924099
vn -0.510971 0.309660 0.801885
vn -0.736101 0.197857 0.647309
vn -0.372367 0.595231 0.712069
vn 0.084539 0.858754 0.505366
vn -0.539444 0.721653 0.433840
vn 0.429882 0.866909 0.252330
vn -0.691642 0.540497 0.479056
vn -0.473322 0.530861 0.702960
vn -0.682640 0.492740 0.539638
vn 0.969888 0.208468 0.125931
vn -0.665455 0.433413 0.607720
vn 0.253802 -0.198411 0.946688
vn 0.498213 0.062752 0.864781
vn 0.170525 -0.133500 0.976268
vn -0.450135 0.137688 0.882281
vn 0.548939 -0.148042 0.822648
vn 0.946905 0.021955 0.320763
vn 0.875586 0.264928 0.403933
vn -0.434906 0.316019 0.843201
vn -0.102580 0.851907 0.513548
vn 0.527857 0.709832 0.466375
vn 0.422520 -0.260845 0.868007
vn 0.297192 -0.305707 0.904555
vn -0.029192 0.016965 0.999430
vn 0.799748 0.243776 0.548613
vn 0.660376 -0.474022 0.582415
vn -0.015174 -0.001869 0.999883
vn -0.034178 0.104416 0.993946
vn 0.994629 -0.101306 -0.021206
vn 0.996711 -0.046372 -0.066457
vn 0.973981 0.224809 0.028684
vn 0.746133 0.567733 0.347802
vn -0.152879 0.975089 0.160714
vn -0.315235 0.948991 0.006555
vn -0.786476 0.164097 0.595422
vn -0.614999 0.700243 0.362541
vn -0.791755 0.149654 0.592222
vn -0.801728 0.143990 0.580085
vn 0.864200 0.359473 0.352046
vn 0.837544 0.474583 0.270722
vn 0.829265 0.537667 0.152426
vn 0.859380 0.430874 -0.275341
vn 0.935212 -0.018704 -0.353594
vn 0.726675 0.417538 -0.545533
vn 0.766325 -0.123887 -0.630395
vn 0.431413 0.118355 0.894357
vn 0.430936 -0.148084 0.890149
vn 0.046356 -0.279160 0.959125
vn -0.154892 0.171916 0.972858
vn 0.401891 0.108947 0.909183
vn 0.394979 0.250894 0.883767
vn 0.520647 0.415491 0.745851
vn -0.101428 0.092155 0.990566
vn -0.412959 0.354270 0.839022
vn -0.026975 0.605536 0.795361
vn 0.178317 0.772257 0.609772
vn 0.694432 0.377637 0.612498
vn 0.697157 0.337921 0.632283
vn -0.231484 -0.411247 0.881641
vn -0.095700 0.513248 0.852888
vn -0.492366 0.019166 0.870177
vn -0.456541 0.024964 0.889352
vn -0.571106 0.066193 0.818203
vn -0.723435 0.080421 0.685692
vn -0.421314 0.541039 0.727854
vn -0.748713 0.354636 0.560055
vn -0.517661 -0.006615 0.855560
vn -0.538310 0.168123 0.825807
vn -0.500502 -0.015097 0.865604
vn -0.954692 0.209370 0.211490
vn -0.532308 0.243735 0.810704
vn -0.900267 0.342813 0.268326
vn 0.373562 0.111787 0.920845
vn -0.265727 0.438170 0.858718
vn -0.666490 0.141759 0.731912
vn -0.960459 0.211743 0.180784
vn 0.378305 0.334163 0.863261
vn 0.389158 0.238642 0.889722
vn 0.562197 0.798561 0.215025
vn -0.865289 0.284664 0.412604
vn -0.814048 0.473086 0.336921
vn -0.847408 0.300941 0.437418
vn -0.759157 0.004651 0.650892
vn -0.482220 -0.185626 0.856158
vn 0.465482 0.242003 0.851329
vn -0.944933 0.326570 -0.021317
vn -0.597768 0.781750 0.177597
vn -0.902247 0.383244 0.197674
vn -0.767263 0.273339 0.580166
vn -0.329413 0.173283 0.928149
vn -0.542865 0.156585 0.825093
vn -0.036366 0.050811 0.998046
vn -0.532564 0.054942 0.844605
vn 0.110998 0.093719 0.989392
vn -0.525418 0.243763 0.815178
vn -0.930345 -0.078407 0.358203
vn -0.240664 0.139993 0.960460
vn 0.043933 0.035399 0.998407
vn 0.493256 0.498215 0.713078
vn 0.156409 0.121849 0.980147
vn -0.957477 -0.014007 0.288170
vn -0.050482 0.027462 0.998347
vn -0.967394 0.055585 0.247103
vn -0.113757 0.117510 0.986535
vn -0.973743 0.165017 0.156823
vn -0.266366 0.322942 0.908162
vn 0.152757 0.811304 0.564314
vn -0.192890 0.476693 0.857646
vn -0.022513 0.578972 0.815036
vn -0.433315 0.536236 0.724354
vn -0.353436 0.493938 0.794423
vn 0.662419 0.092640 0.743383
vn 0.360114 0.895155 0.262709
vn -0.006537 0.999973 0.003282
vn 0.188779 0.803804 0.564146
vn 0.497108 -0.211574 0.841499
vn 0.527509 0.058085 0.847561
vn 0.482054 0.300032 0.823168
vn 0.467594 0.300320 0.831362
vn -0.026694 0.405712 0.913611
vn -0.364660 0.375309 0.852154
vn 0.395334 0.264253 0.879705
vn -0.638172 0.092553 0.764311
vn -0.462616 0.571328 0.677917
vn -0.648695 -0.128324 0.750152
vn -0.116395 0.729080 0.674459
vn 0.388176 0.752178 0.532492
vn -0.019144 0.875864 0.482178
vn -0.655291 0.653311 0.379182
vn -0.459929 0.792242 0.401022
vn -0.613374 0.652286 0.445304
vn -0.100081 0.650153 0.753183
vn -0.352312 0.917921 0.182474
vn 0.255692 0.944269 0.207313
vn 0.159764 -0.169988 0.972409
vn 0.089671 0.008930 0.995931
vn -0.033532 -0.247057 0.968421
vn -0.138404 -0.185435 0.972861
vn -0.465832 -0.055983 0.883101
vn 0.384014 0.114438 0.916208
vn 0.167773 0.425925 0.889067
vn -0.383624 -0.137361 0.913217
vn 0.015386 0.045310 0.998855
vn 0.572880 0.082554 0.815471
vn 0.394607 0.226444 0.890510
vn 0.651535 0.117878 0.749405
vn 0.649927 0.123249 0.749937
vn 0.589028 0.255530 0.766649
vn 0.340105 0.390634 0.855415
vn -0.574052 -0.046799 0.817480
vn 0.056423 0.257394 0.964658
vn 0.292053 0.335831 0.895501
vn -0.240199 0.138886 0.960737
vn 0.290895 0.376246 0.879670
vn -0.013671 0.472674 0.881131
vn -0.740016 -0.218187 0.636216
vn -0.587694 0.039629 0.808112
vn 0.372541 0.290880 0.881250
vn -0.176509 0.951052 -0.253662
vn -0.213998 0.970175 -0.113868
vn -0.447823 0.758914 0.472762
vn 0.067141 0.663340 0.745300
vn -0.434103 0.668867 0.603466
vn -0.110600 0.475503 0.872734
vn -0.698088 0.672675 0.245320
vn -0.760206 0.645243 0.075825
vn -0.792952 0.607704 0.043855
vn -0.075120 0.892722 -0.444301
vn -0.400076 0.854028 -0.332530
vn -0.105224 0.983878 -0.144610
vn -0.496116 0.859718 0.121467
vn 0.136975 0.990570 -0.003079
vn 0.223751 0.959661 0.170256
vn 0.007217 0.973489 -0.228619
vn 0.420039 0.625177 0.657815
vn 0.420828 0.666868 0.614972
vn 0.412201 0.710838 0.569912
vn -0.025547 0.999418 -0.022627
vn -0.001645 0.992622 0.121239
vn 0.354737 0.777195 0.519740
vn 0.393686 0.625852 0.673290
vn 0.332458 0.822723 0.461085
vn 0.009788 0.998095 0.060913
vn -0.217657 0.817382 0.533396
vn -0.069253 0.995392 0.066331
vn 0.014961 0.987643 0.156005
vn 0.030191 0.894987 0.445069
vn 0.835898 0.547375 -0.040680
vn 0.836584 0.491946 -0.241072
vn -0.325395 -0.182159 0.927867
vn -0.803037 -0.378571 0.460235
vn -0.535832 -0.110783 0.837025
vn -0.841859 0.504773 0.190993
vn -0.760181 -0.016940 0.649490
vn 0.183197 0.053220 0.981635
vn 0.243137 -0.012969 0.969905
vn 0.509040 0.304496 0.805084
vn -0.241382 0.806012 0.540445
vn -0.630894 0.596646 0.495970
vn -0.016917 0.690182 0.723438
vn -0.616137 0.663201 0.424900
vn -0.497943 -0.175098 0.849349
vn -0.032773 -0.098504 0.994597
vn 0.129736 -0.076476 0.988595
vn 0.204527 -0.072758 0.976153
vn 0.004064 -0.131098 0.991361
vn 0.056343 -0.087450 0.994574
vn -0.032092 -0.109346 0.993486
vn 0.376323 0.446837 0.811614
vn 0.171499 0.437558 0.882684
vn -0.993066 0.117453 0.005051
vn -0.991547 -0.128582 0.017352
vn -0.636784 -0.054873 0.769087
vn -0.520365 -0.166682 0.837518
vn 0.076310 0.361742 0.929150
vn -0.950937 0.228023 0.209104
vn -0.997336 -0.013478 0.071693
vn -0.560424 0.330321 0.759482
vn -0.974492 0.072661 0.212335
vn -0.409739 0.471955 -0.780623
vn -0.596312 0.588141 -0.546354
vn -0.506260 0.540168 -0.672249
vn -0.631663 0.635262 -0.444347
vn -0.856805 0.350555 -0.378149
vn -0.793987 0.405451 -0.452984
vn -0.526099 0.441793 -0.726663
vn -0.348930 0.936400 0.037452
vn -0.164208 0.974016 0.155975
vn -0.223456 0.938763 -0.262282
vn 0.006338 0.999716 -0.022986
vn -0.006650 0.517695 0.855539
vn -0.291726 0.376156 0.879433
vn 0.221737 0.617030 0.755054
vn 0.253712 0.725264 0.640018
vn -0.417009 0.865162 0.278566
vn -0.476976 0.755140 0.449730
vn -0.004960 0.965145 0.261668
vn 0.081427 0.865419 0.494389
vn -0.178317 0.976102 0.124211
vn -0.004711 0.999985 0.002693
vn -0.448672 0.862309 0.234772
vn -0.312513 0.942650 0.117249
vn 0.326968 0.928267 -0.177236
vn 0.703234 0.694108 -0.153870
vn 0.637536 0.768895 0.048462
vn 0.702969 0.710594 -0.029838
vn -0.063143 0.993058 0.099245
vn 0.601074 0.609142 0.517356
vn 0.668289 0.531402 0.520578
vn 0.439186 0.813574 0.381068
vn 0.242264 0.711923 0.659146
vn 0.318463 0.612238 0.723702
vn 0.080654 0.943247 0.322148
vn 0.397368 0.870700 0.289795
vn 0.300505 0.951290 0.068884
vn 0.359095 0.572571 0.737031
vn 0.064949 0.294687 0.953384
vn 0.580495 0.356743 0.731956
vn 0.636537 0.269230 0.722728
vn -0.202406 0.262717 0.943404
vn -0.396281 0.082771 0.914391
vn -0.053541 0.998547 -0.006144
vn 0.005371 0.999977 0.004226
vn 0.078878 0.993378 0.083536
vn 0.125878 0.990720 -0.051266
vn 0.136152 0.979992 0.145183
vn 0.345134 0.929033 0.133346
vn 0.158024 0.986893 0.032731
vn 0.280868 0.956973 -0.072913
vn 0.152233 0.987891 -0.029935
vn 0.044592 0.998412 0.034418
vn 0.144900 0.982139 -0.120027
vn -0.054708 0.988419 -0.141543
vn -0.049564 0.997008 -0.059318
vn -0.357504 0.903485 -0.236442
vn -0.158224 0.971488 -0.176568
vn -0.235723 0.886294 0.398646
vn 0.056375 0.889569 0.453309
vn -0.339715 0.915052 0.217424
vn -0.136994 0.852305 0.504785
vn 0.176877 0.984130 0.014228
vn 0.188716 0.980483 -0.055128
vn -0.156026 0.971920 -0.176144
vn -0.283747 0.787855 0.546600
vn -0.038214 0.988210 0.148260
vn -0.077475 0.258314 0.962950
vn -0.247318 0.968910 0.006832
vn 0.331844 0.480795 0.811613
vn 0.261985 0.321386 0.909986
vn -0.738448 0.492582 0.460497
vn -0.586903 0.418709 0.692985
vn 0.368208 0.256013 0.893801
vn -0.381583 0.506428 0.773256
vn 0.280341 0.075759 0.956906
vn -0.508622 -0.046249 0.859747
vn -0.105462 -0.043007 0.993493
vn 0.276358 0.158643 0.947871
vn -0.350921 0.134146 0.926747
vn -0.323091 -0.122830 0.938363
vn -0.231706 0.345555 0.909343
vn -0.407588 0.368883 0.835343
vn 0.108060 0.973698 0.200587
vn -0.331062 0.801346 0.498239
vn -0.280895 0.793234 0.540257
vn -0.343589 0.727506 0.593870
vn -0.417156 0.464366 0.781246
vn -0.756819 0.633595 -0.160569
vn -0.571382 0.804646 -0.161456
vn -0.299805 0.949357 -0.094016
vn -0.828268 0.560316 0.004258
vn -0.046530 0.825032 -0.563166
vn -0.575655 0.750464 -0.324693
vn -0.332054 0.892699 -0.304678
vn -0.108015 0.994133 -0.005625
vn -0.121953 0.992426 -0.014796
vn -0.031107 0.999041 0.030806
vn -0.042078 0.999113 0.001435
vn 0.029583 0.986251 0.162586
vn -0.065124 0.975940 -0.208085
vn -0.019079 0.999815 -0.002360
vn 0.015564 0.998482 -0.052826
vn -0.007424 0.999532 0.029679
vn -0.093636 0.975002 -0.201504
vn -0.336456 0.786828 -0.517397
vn 0.157131 0.832815 -0.530781
vn 0.015300 0.792416 -0.609789
vn 0.322398 0.909658 0.261881
vn 0.311524 0.950238 -0.000827
vn -0.600730 0.773144 0.203400
vn -0.429684 0.883885 0.184713
vn -0.314756 0.948958 0.020188
vn 0.504306 0.510536 0.696440
vn -0.441243 0.897226 0.017022
vn -0.788937 0.583174 0.193613
vn -0.400739 0.861988 0.310461
vn -0.451961 0.734224 0.506603
vn -0.455644 0.671215 0.584687
vn -0.013223 0.058371 0.998208
vn 0.116536 0.648258 0.752450
vn 0.119910 0.115345 0.986061
vn 0.437645 0.001979 0.899146
vn -0.201265 -0.117025 0.972521
vn 0.479924 0.026548 0.876908
vn -0.347303 0.074215 0.934812
vn -0.204091 0.806357 0.555100
vn -0.280859 0.801371 0.528132
vn 0.137572 0.874915 0.464326
vn 0.052764 0.827574 0.558871
vn 0.111927 0.801689 0.587169
vn 0.015658 0.868914 0.494716
vn 0.177032 0.801184 0.571632
vn 0.685668 0.719866 0.107944
vn 0.481813 0.875927 0.024640
vn 0.967676 0.216332 0.129632
vn 0.993780 0.028089 0.107764
vn 0.992363 0.058668 0.108509
vn 0.878362 0.060412 0.474162
vn 0.992464 0.059005 0.107398
vn 0.411823 0.049333 0.909927
vn 0.023563 0.019213 0.999538
vn -0.129495 0.005382 0.991566
vn -0.228059 -0.003744 0.973640
vn -0.164838 0.002130 0.986318
vn -0.277922 -0.008429 0.960567
vn -0.776849 -0.054394 0.627334
vn -0.964394 -0.057563 0.258129
vn -0.982036 -0.059624 0.179023
vn -0.982037 -0.059623 0.179023
vn -0.988771 -0.067153 0.133502
vn -0.991700 -0.043913 0.120841
vn -0.901201 0.428277 0.066454
vn -0.514643 0.835281 -0.193515
vn -0.184915 0.982127 -0.035114
vn 0.104194 0.986845 0.123616
vn 0.175708 0.932842 0.314535
vn -0.587935 0.802336 -0.102909
vn -0.137351 0.990085 0.029428
vn 0.425804 0.876829 -0.223297
vn -0.262757 0.827500 0.496189
vn 0.214162 0.852027 0.477687
vn 0.270174 0.962774 -0.008508
vn -0.089446 0.982130 0.165588
vn -0.091247 0.970612 0.222680
vn -0.070627 0.958017 0.277875
vn 0.771192 0.128158 0.623569
vn 0.693899 0.105628 0.712283
vn 0.275694 0.156290 0.948455
vn 0.427830 0.062772 0.901677
vn 0.558473 0.062174 0.827189
vn 0.134653 0.439919 0.887885
vn 0.933998 -0.093495 0.344830
vn 0.591188 0.474536 0.652160
vn 0.944011 0.262327 0.200068
vn 0.987726 0.137648 0.073826
vn 0.918872 0.051681 0.391155
vn 0.925252 0.083676 0.370010
vn 0.981400 0.152660 -0.116402
vn 0.181709 0.980976 -0.068321
vn 0.471369 0.874624 0.113337
vn 0.407489 0.874386 -0.263442
vn 0.605724 0.795671 -0.002667
vn 0.203777 0.974303 0.095959
vn 0.923321 -0.128274 -0.361974
vn 0.750544 -0.131798 -0.647543
vn 0.922606 -0.178566 -0.341925
vn 0.749817 -0.184257 -0.635471
vn 0.296926 0.713730 0.634370
vn 0.110895 0.561558 0.819972
vn -0.130938 0.028022 0.990995
vn -0.182128 0.471598 0.862801
vn -0.728065 0.294640 0.618958
vn -0.495340 0.082143 0.864807
vn -0.012054 0.181109 0.983389
vn -0.384894 0.101689 0.917342
vn -0.351732 0.085970 0.932145
vn 0.125477 0.100294 0.987014
vn -0.057373 0.270428 0.961029
vn -0.070545 0.907423 0.414254
vn -0.114830 0.985692 0.123388
vn -0.292338 0.765157 0.573649
vn -0.458538 0.482704 0.746150
vn 0.201427 0.531911 -0.822495
vn 0.006021 0.666443 0.745532
vn -0.027346 0.983776 -0.177304
vn -0.222346 0.969481 -0.103288
vn -0.411242 0.902259 -0.129652
vn 0.084413 0.899442 -0.428811
vn 0.094117 0.987000 0.130285
vn 0.185572 0.981322 0.050702
vn -0.370973 0.545952 -0.751209
vn -0.619311 0.538754 -0.571138
vn 0.169921 0.537972 -0.825659
vn 0.055491 0.566489 -0.822199
vn -0.083637 0.612593 -0.785961
vn 0.904840 0.261520 0.335964
vn 0.186082 0.887531 0.421499
vn 0.000424 0.435702 0.900091
vn 0.593514 0.599900 0.536526
vn -0.200559 0.861045 0.467309
vn -0.230577 0.419772 0.877853
vn -0.603426 0.751757 0.265967
vn -0.446317 0.619428 0.645840
vn -0.053246 0.741280 -0.669080
vn 0.301054 0.854925 -0.422457
vn 0.402371 0.777063 -0.484015
vn 0.003095 0.868839 0.495084
vn -0.053142 0.906685 0.418447
vn -0.164592 0.913174 0.372856
vn -0.072894 0.859462 0.505975
vn -0.052691 0.817697 0.573232
vn 0.034043 0.842220 0.538057
vn -0.002374 0.765737 0.643149
vn 0.160275 0.868734 0.468630
vn 0.293722 0.942135 -0.161581
vn -0.370106 0.919359 -0.133417
vn -0.446502 0.878640 0.169195
vn -0.665355 0.722116 -0.189344
vn -0.480184 0.870868 -0.104940
vn 0.173315 0.846942 0.502644
vn 0.031374 0.974197 0.223506
vn -0.046276 0.871217 0.488712
vn 0.159518 0.705422 0.690604
vn 0.013638 0.937159 -0.348637
vn 0.338195 0.936241 -0.095274
vn 0.323648 0.537158 -0.778918
vn 0.927391 0.370542 0.051432
vn 0.585790 0.625957 0.514809
vn -0.600827 0.631895 0.489607
vn -0.297728 0.944672 -0.137672
vn 0.112160 0.992673 0.044939
vn -0.186239 0.981206 -0.050492
vn 0.388390 0.505749 0.770306
vn 0.625882 0.776953 0.067939
vn -0.853815 0.216913 0.473232
vn -0.647371 0.319713 0.691877
vn -0.594988 0.550758 0.585367
vn -0.920141 0.362691 -0.147634
vn -0.776659 0.407053 0.480738
vn -0.795267 0.602107 -0.070838
vn -0.731907 0.577974 0.360913
vn -0.565301 0.822336 0.064802
vn -0.380828 0.823285 0.420917
vn -0.163745 0.888157 0.429376
vn 0.068155 0.657208 0.750621
vn 0.199174 0.710392 0.675035
vn -0.896381 0.318527 -0.308290
vn -0.566192 0.459443 -0.684352
vn -0.730518 0.500320 -0.464782
vn -0.479891 0.589658 -0.649622
vn -0.682748 0.601227 -0.415189
vn 0.447697 0.748154 0.489728
vn 0.363784 0.648397 0.668762
vn -0.761694 0.415164 0.497454
vn -0.578240 0.343308 0.740120
vn 0.139600 0.698920 0.701443
vn 0.274108 0.830247 0.485340
vn -0.519535 0.828787 0.207834
vn -0.483767 0.790152 0.376337
vn -0.142452 0.937898 0.316316
vn 0.070982 0.892675 0.445077
vn 0.314364 0.685071 0.657155
vn 0.170305 0.855589 0.488839
vn -0.708126 0.678392 0.195812
vn 0.590312 0.510638 0.625125
vn -0.740762 0.514695 0.431694
vn -0.719543 0.557228 0.414433
vn 0.662006 0.354473 0.660376
vn 0.664527 0.337563 0.666675
vn -0.261218 0.715599 0.647830
vn -0.623847 -0.151978 0.766628
vn -0.084686 0.725957 0.682506
vn 0.214438 0.526363 0.822775
vn -0.751725 0.506776 0.422003
vn 0.097226 0.069410 0.992839
vn -0.513825 0.564734 0.645801
vn -0.135104 0.162765 0.977371
vn 0.008256 -0.079555 0.996796
vn 0.533412 0.319110 0.783352
vn 0.052864 0.331573 0.941947
vn -0.994521 -0.021197 0.102368
vn -0.411929 0.357692 0.838075
vn -0.925191 0.105767 -0.364465
vn -0.909629 -0.012799 -0.415224
vn -0.907089 -0.016171 -0.420629
vn -0.948862 -0.049543 -0.311780
vn -0.993490 -0.086328 0.074335
vn -0.879435 -0.446969 -0.163744
vn -0.849944 -0.462637 0.252113
vn -0.897323 -0.338381 0.283391
vn -0.866231 -0.431917 0.251180
vn 0.419277 0.826909 -0.374737
vn -0.608149 -0.011825 -0.793735
vn 0.065351 0.571299 -0.818136
vn 0.160897 0.980013 -0.116991
vn 0.158923 0.984170 0.078439
vn 0.263892 0.605349 -0.750941
vn -0.975056 0.214892 -0.055556
vn -0.613336 0.766054 -0.192302
vn -0.464438 0.055102 -0.883890
vn 0.089956 0.576411 -0.812194
vn -0.745760 -0.247820 -0.618407
vn -0.800422 0.573312 -0.175036
vn -0.530981 0.841509 0.099614
vn -0.300502 0.701538 -0.646176
vn -0.421022 0.816713 -0.394613
vn -0.076770 0.927492 -0.365876
vn 0.121366 0.938803 0.322364
vn 0.039623 0.999014 -0.020012
vn -0.010885 0.803665 0.594982
vn -0.136524 0.341521 0.929906
vn -0.119840 0.992239 0.033156
vn -0.402865 0.912248 -0.074190
vn 0.105866 0.846582 -0.521624
vn -0.013657 0.837906 -0.545643
vn 0.138769 0.873783 -0.466096
vn 0.324141 0.882107 -0.341790
vn -0.161313 0.956762 0.242044
vn 0.374070 0.623389 0.686628
vn -0.232431 0.703723 0.671380
vn -0.316917 0.934589 0.161579
vn -0.425753 0.876877 0.223205
vn -0.254284 0.953240 0.163320
vn -0.466427 0.683430 -0.561578
vn -0.324111 0.822730 -0.466977
vn -0.226242 0.968548 -0.103579
vn -0.526882 0.834992 -0.158694
vn 0.081198 0.996592 -0.014533
vn -0.118250 0.882908 0.454412
vn -0.526616 0.849871 -0.019887
vn -0.318027 0.916436 0.242908
vn -0.545897 0.798691 -0.253159
vn 0.518580 0.592510 0.616446
vn 0.378608 0.452558 0.807371
vn 0.474211 0.656811 0.586279
vn 0.410981 0.774999 0.480074
vn 0.261126 0.899944 0.349161
vn -0.009139 0.959732 0.280770
vn -0.490863 0.830810 0.262313
vn 0.689811 0.359902 0.628197
vn -0.050180 0.994632 0.090490
vn -0.028298 0.992386 0.119869
vn -0.255595 0.855832 -0.449692
vn 0.105700 0.775106 -0.622927
vn 0.662392 0.722145 -0.199356
vn -0.414729 0.831161 0.370366
vn -0.403708 0.900918 0.159269
vn 0.584071 0.811643 0.009866
vn -0.125395 0.987022 0.100317
vn 0.515081 0.842287 -0.158887
vn -0.118383 0.985970 0.117683
vn 0.160549 0.971995 0.171610
vn -0.054493 0.993365 0.101276
vn -0.015388 0.995253 0.096102
vn -0.347770 0.932029 0.101870
vn -0.205885 0.947681 0.243951
vn -0.010238 0.995861 0.090309
vn -0.420142 0.896838 -0.138426
vn -0.575671 0.815115 -0.064735
vn 0.204197 0.928447 0.310305
vn 0.002657 0.979092 0.203402
vn -0.477045 0.649880 0.591679
vn 0.122629 0.387713 0.913587
vn 0.258250 0.755250 0.602416
vn 0.255323 0.383861 0.887390
vn 0.393383 0.626768 0.672616
vn 0.663974 0.684035 0.302051
vn 0.550575 0.713800 -0.432848
vn 0.049567 0.800901 -0.596741
vn -0.540002 0.700144 -0.467115
vn -0.730415 0.596917 -0.331940
vn -0.839498 0.541378 0.046394
vn -0.520465 0.800333 0.297631
vn -0.010471 0.997339 0.072148
vn -0.002723 0.969652 0.244476
vn -0.129314 0.744567 0.654903
vn 0.345478 0.693199 0.632551
vn 0.754488 0.639480 0.147694
vn 0.761395 0.645862 -0.056028
vn 0.669627 0.718762 -0.187029
vn 0.047060 0.689313 0.722933
vn -0.699157 0.712955 0.053619
vn -0.158635 0.960570 0.228342
vn -0.066094 0.982067 0.176565
vn -0.071861 0.588808 0.805072
vn 0.792256 0.526405 0.308591
vn -0.384535 0.819387 -0.425132
vn -0.619869 0.665880 -0.415171
vn -0.835986 0.416652 0.357112
vn -0.700803 0.702400 -0.124535
vn -0.582035 0.783414 0.217940
vn -0.120962 0.986090 0.113992
vn -0.063247 0.922886 0.379844
vn 0.086995 0.909119 0.407350
vn -0.173788 0.984352 -0.029129
vn -0.767153 0.602700 -0.219611
vn 0.785496 0.618824 -0.007330
vn -0.481101 0.798305 -0.362286
vn 0.917213 0.298807 -0.263505
vn 0.604450 0.517157 -0.605962
vn 0.069006 0.990908 0.115496
vn -0.118085 0.991157 -0.060534
vn -0.032892 0.993472 0.109228
vn 0.080290 0.957392 0.277405
vn 0.048484 0.979809 0.193966
vn -0.008012 0.986816 0.161645
vn 0.487253 0.790392 -0.371301
vn 0.168680 0.972115 0.162911
vn 0.306074 0.951570 0.028870
vn 0.080302 -0.065182 0.994637
vn 0.019534 0.938408 0.344978
f 1/1/1 2/2/2 4/4/3
f 4/4/3 2/2/2 3/3/4
f 3/3/4 2/2/2 5/6/5
f 5/6/5 2/2/2 6/5/6
f 6/5/6 8/7/7 5/6/5
f 5/6/5 8/7/7 7/8/8
f 4/4/3 10/9/9 1/1/1
f 1/1/1 10/9/9 9/10/10
f 4/4/3 3/3/4 12/12/11
f 12/12/11 3/3/4 11/11/12
f 5/6/5 13/13/13 3/3/4
f 3/3/4 13/13/13 11/11/12
f 5/6/5 7/8/8 13/13/13
f 13/13/13 7/8/8 14/14/14
f 10/9/9 4/4/3 15/15/15
f 15/15/15 4/4/3 12/12/11
f 11/11/12 16/16/16 12/12/11
f 12/12/11 16/16/16 17/17/17
f 13/13/13 18/18/18 11/11/12
f 11/11/12 18/18/18 16/16/16
f 13/13/13 14/14/14 18/18/18
f 18/18/18 14/14/14 19/19/19
f 15/15/15 12/12/11 20/20/20
f 20/20/20 12/12/11 17/17/17
f 16/16/16 21/21/21 17/17/17
f 17/17/17 21/21/21 22/22/22
f 18/18/18 23/23/23 16/16/16
f 16/16/16 23/23/23 21/21/21
f 18/18/18 19/19/19 23/23/23
f 23/23/23 19/19/19 24/24/24
f 17/17/17 22/22/22 20/20/20
f 20/20/20 22/22/22 25/25/25
f 21/21/21 26/26/26 22/22/22
f 22/22/22 26/26/26 27/27/27
f 23/23/23 28/28/28 21/21/21
f 21/21/21 28/28/28 26/26/26
f 23/23/23 24/24/24 28/28/28
f 28/28/28 24/24/24 29/29/29
f 22/22/22 27/27/27 25/25/25
f 25/25/25 27/27/27 30/30/30
f 2/2/2 1/1/1 31/32/31
f 31/32/31 1/1/1 32/31/32
f 2/2/2 31/32/31 6/5/6
f 6/5/6 31/32/31 33/33/33
f 8/7/7 6/5/6 34/34/34
f 34/34/34 6/5/6 33/33/33
f 1/1/1 9/10/10 32/31/32
f 32/31/32 9/10/10 35/35/35
f 31/32/31 32/31/32 36/37/36
f 36/37/36 32/31/32 37/36/37
f 33/33/33 31/32/31 38/38/38
f 38/38/38 31/32/31 36/37/36
f 34/34/34 33/33/33 39/39/39
f 39/39/39 33/33/33 38/38/38
f 32/31/32 35/35/35 37/36/37
f 37/36/37 35/35/35 40/40/40
f 36/37/36 37/36/37 41/42/41
f 41/42/41 37/36/37 42/41/42
f 36/37/36 41/42/41 38/38/38
f 38/38/38 41/42/41 43/43/43
f 38/38/38 43/43/43 39/39/39
f 39/39/39 43/43/43 44/44/44
f 37/36/37 40/40/40 42/41/42
f 42/41/42 40/40/40 45/45/45
f 890/47/46 891/48/47 443/46/48
f 443/46/48 891/48/47 48/49/49
f 586/50/50 614/51/51 615/52/52
f 51/53/53 893/54/54 53/56/55
f 53/56/55 893/54/54 894/55/56
f 895/58/57 896/59/58 570/57/59
f 570/57/59 896/59/58 55/60/60
f 896/59/58 897/61/61 55/60/60
f 55/60/60 897/61/61 57/62/62
f 57/62/62 897/61/61 59/64/63
f 59/64/63 897/61/61 898/63/64
f 351/65/65 58/66/66 60/67/67
f 351/65/65 60/67/67 350/69/68
f 350/69/68 60/67/67 62/68/69
f 349/70/70 350/69/68 62/68/69
f 911/71/71 68/72/72 910/74/73
f 910/74/73 68/72/72 70/73/74
f 910/74/73 70/73/74 909/76/75
f 909/76/75 70/73/74 72/75/76
f 909/76/75 72/75/76 908/78/77
f 908/78/77 72/75/76 74/77/78
f 74/77/78 76/79/79 908/78/77
f 908/78/77 76/79/79 907/80/80
f 76/79/79 78/81/81 907/80/80
f 907/80/80 78/81/81 906/82/82
f 78/81/81 80/83/83 906/82/82
f 906/82/82 80/83/83 905/84/84
f 80/83/83 82/85/85 905/84/84
f 905/84/84 82/85/85 904/86/86
f 82/85/85 84/87/87 904/86/86
f 904/86/86 84/87/87 903/88/88
f 903/88/88 84/87/87 902/90/89
f 902/90/89 84/87/87 86/89/90
f 914/91/91 86/89/90 290/92/92
f 91/96/93 92/97/94 90/95/95
f 92/97/94 89/93/96 90/95/95
f 89/93/96 88/94/97 90/95/95
f 90/95/95 93/98/98 91/96/93
f 91/96/93 93/98/98 94/99/99
f 93/98/98 95/100/100 94/99/99
f 94/99/99 95/100/100 96/101/101
f 95/100/100 97/102/102 96/101/101
f 96/101/101 97/102/102 98/103/103
f 97/102/102 887/104/104 98/103/103
f 98/103/103 887/104/104 100/105/105
f 887/104/104 888/106/106 100/105/105
f 100/105/105 888/106/106 102/107/107
f 102/107/107 888/106/106 49/109/108
f 49/109/108 888/106/106 889/108/109
f 610/110/110 48/49/49 551/111/111
f 49/109/108 553/112/112 102/107/107
f 102/107/107 553/112/112 554/113/113
f 446/114/114 504/115/115 448/116/116
f 429/120/117 430/121/118 428/119/119
f 426/118/120 428/119/119 427/117/121
f 427/117/121 428/119/119 430/121/118
f 548/123/122 106/124/123 549/122/124
f 549/122/124 106/124/123 107/125/125
f 48/49/49 584/126/126 551/111/111
f 1048/1065/127 1049/1066/128 460/129/129
f 569/130/130 110/131/131 568/132/132
f 463/134/133 111/135/134 462/133/135
f 462/133/135 111/135/134 110/131/131
f 490/136/136 488/137/137 489/139/138
f 489/139/138 488/137/137 112/138/139
f 113/141/140 112/138/139 61/140/141
f 61/140/141 112/138/139 59/64/63
f 59/64/63 112/138/139 488/137/137
f 61/140/141 63/142/142 113/141/140
f 113/141/140 63/142/142 114/143/143
f 432/145/144 428/119/119 431/144/145
f 428/119/119 426/118/120 431/144/145
f 106/124/123 119/146/146 107/125/125
f 107/125/125 119/146/146 120/147/147
f 549/122/124 436/148/148 96/101/101
f 96/101/101 436/148/148 94/99/99
f 436/148/148 437/149/149 94/99/99
f 94/99/99 437/149/149 91/96/93
f 437/149/149 438/150/150 91/96/93
f 91/96/93 438/150/150 92/97/94
f 438/150/150 439/151/151 92/97/94
f 92/97/94 439/151/151 89/93/96
f 439/151/151 440/152/152 89/93/96
f 89/93/96 440/152/152 87/153/153
f 87/153/153 440/152/152 85/155/154
f 85/155/154 440/152/152 126/154/155
f 83/157/156 978/995/157 984/1001/158
f 83/157/156 986/1003/159 985/1002/160
f 448/116/116 130/160/161 129/161/162
f 131/162/163 506/163/164 449/164/165
f 459/167/166 1050/1067/167 458/166/168
f 454/165/169 458/166/168 1050/1067/167
f 567/169/170 568/132/132 557/168/171
f 557/168/171 568/132/132 110/131/131
f 558/170/172 111/135/134 556/171/173
f 556/171/173 489/139/138 112/138/139
f 121/172/174 107/125/125 547/173/175
f 547/173/175 107/125/125 120/147/147
f 137/174/176 593/175/177 121/172/174
f 121/172/174 593/175/177 594/176/178
f 138/178/179 139/179/180 122/177/181
f 122/177/181 139/179/180 123/180/182
f 126/154/155 125/184/183 942/959/184
f 942/959/184 125/184/183 941/958/185
f 125/184/183 124/181/186 941/958/185
f 432/145/144 431/144/145 433/185/187
f 120/147/147 119/146/146 600/186/188
f 600/186/188 119/146/146 536/187/189
f 540/188/190 543/189/191 539/191/192
f 539/191/192 543/189/191 144/190/193
f 114/143/143 149/192/194 113/141/140
f 113/141/140 149/192/194 150/193/195
f 136/194/196 112/138/139 150/193/195
f 150/193/195 112/138/139 113/141/140
f 444/196/197 129/161/162 524/195/198
f 524/195/198 129/161/162 159/197/199
f 522/198/200 161/199/201 603/200/202
f 160/201/203 163/202/204 161/199/201
f 161/199/201 163/202/204 164/203/205
f 163/202/204 165/204/206 164/203/205
f 164/203/205 165/204/206 166/205/207
f 166/205/207 165/204/206 168/207/208
f 168/207/208 165/204/206 167/206/209
f 169/208/210 170/209/211 167/206/209
f 167/206/209 170/209/211 168/207/208
f 170/209/211 172/211/212 171/210/213
f 171/210/213 172/211/212 173/212/214
f 172/211/212 174/213/215 173/212/214
f 173/212/214 174/213/215 175/214/216
f 173/212/214 175/214/216 177/216/217
f 177/216/217 175/214/216 176/215/218
f 173/212/214 177/216/217 171/210/213
f 171/210/213 177/216/217 168/207/208
f 177/216/217 176/215/218 178/217/219
f 178/217/219 166/205/207 177/216/217
f 177/216/217 166/205/207 168/207/208
f 179/218/220 180/219/221 178/217/219
f 180/219/221 164/203/205 178/217/219
f 166/205/207 178/217/219 164/203/205
f 179/218/220 161/199/201 180/219/221
f 161/199/201 164/203/205 180/219/221
f 179/218/220 181/221/222 162/220/223
f 162/220/223 181/221/222 182/222/224
f 178/217/219 184/223/225 179/218/220
f 179/218/220 184/223/225 181/221/222
f 162/220/223 182/222/224 143/225/226
f 143/225/226 182/222/224 185/224/227
f 590/226/228 186/227/229 187/228/230
f 530/229/231 531/230/232 189/231/233
f 538/232/234 539/191/192 189/231/233
f 189/231/233 539/191/192 530/229/231
f 144/190/193 530/229/231 539/191/192
f 532/235/235 534/233/236 191/234/237
f 534/233/236 186/227/229 191/234/237
f 191/234/237 186/227/229 193/237/238
f 193/237/238 186/227/229 192/236/239
f 193/237/238 194/238/240 191/234/237
f 191/234/237 194/238/240 195/239/241
f 195/239/241 196/240/242 191/234/237
f 191/234/237 196/240/242 532/235/235
f 189/231/233 531/230/232 197/241/243
f 194/238/240 198/242/244 195/239/241
f 195/239/241 198/242/244 199/243/245
f 198/242/244 200/244/246 199/243/245
f 199/243/245 200/244/246 201/245/247
f 201/245/247 933/950/248 934/951/249
f 201/245/247 934/951/249 204/248/250
f 204/248/250 934/951/249 935/952/251
f 201/245/247 204/248/250 205/249/252
f 201/245/247 205/249/252 199/243/245
f 195/239/241 199/243/245 196/240/242
f 196/240/242 199/243/245 205/249/252
f 197/241/243 196/240/242 205/249/252
f 159/197/199 129/161/162 206/250/253
f 159/197/199 207/251/254 524/195/198
f 524/195/198 207/251/254 529/252/255
f 207/251/254 159/197/199 208/254/256
f 208/254/256 159/197/199 527/253/257
f 129/161/162 130/160/161 206/250/253
f 130/160/161 131/162/163 206/250/253
f 206/250/253 131/162/163 209/255/258
f 555/256/259 604/257/260 218/259/261
f 218/259/261 604/257/260 210/258/262
f 458/166/168 133/260/263 457/262/264
f 457/262/264 133/260/263 456/261/265
f 605/263/266 607/264/267 211/266/268
f 211/266/268 607/264/267 213/265/269
f 213/265/269 214/267/270 215/268/271
f 213/265/269 215/268/271 216/269/272
f 216/269/272 217/270/273 213/265/269
f 213/265/269 217/270/273 211/266/268
f 219/272/274 220/273/275 222/271/276
f 222/271/276 220/273/275 221/274/277
f 632/275/278 222/271/276 223/276/279
f 226/277/280 225/278/281 228/280/282
f 228/280/282 225/278/281 227/279/283
f 209/255/258 224/281/284 206/250/253
f 208/254/256 527/253/257 224/281/284
f 208/254/256 224/281/284 229/282/285
f 208/254/256 229/282/285 231/284/286
f 231/284/286 229/282/285 230/283/287
f 230/283/287 232/285/288 231/284/286
f 231/284/286 232/285/288 233/286/289
f 233/286/289 232/285/288 235/288/290
f 235/288/290 232/285/288 234/287/291
f 235/288/290 234/287/291 237/290/292
f 237/290/292 234/287/291 236/289/293
f 237/290/292 236/289/293 239/292/294
f 239/292/294 236/289/293 238/291/295
f 238/291/295 240/293/296 239/292/294
f 239/292/294 240/293/296 241/294/297
f 241/294/297 242/295/298 239/292/294
f 239/292/294 242/295/298 243/296/299
f 239/292/294 243/296/299 237/290/292
f 237/290/292 243/296/299 244/297/300
f 237/290/292 244/297/300 235/288/290
f 235/288/290 244/297/300 245/298/301
f 245/298/301 246/299/302 235/288/290
f 235/288/290 246/299/302 233/286/289
f 246/299/302 247/300/303 233/286/289
f 233/286/289 247/300/303 248/301/304
f 233/286/289 248/301/304 231/284/286
f 231/284/286 248/301/304 208/254/256
f 247/300/303 249/302/305 248/301/304
f 248/301/304 249/302/305 250/303/306
f 250/303/306 251/304/307 248/301/304
f 248/301/304 251/304/307 208/254/256
f 208/254/256 252/305/308 207/251/254
f 208/254/256 251/304/307 252/305/308
f 217/270/273 216/269/272 254/307/309
f 254/307/309 216/269/272 253/306/310
f 254/307/309 219/272/274 217/270/273
f 217/270/273 219/272/274 218/259/261
f 220/273/275 219/272/274 254/307/309
f 254/307/309 255/308/311 221/274/277
f 221/274/277 255/308/311 256/309/312
f 254/307/309 253/306/310 255/308/311
f 255/308/311 253/306/310 257/310/313
f 253/306/310 216/269/272 259/312/314
f 259/312/314 216/269/272 258/311/315
f 259/312/314 260/313/316 253/306/310
f 253/306/310 260/313/316 257/310/313
f 260/313/316 261/314/317 257/310/313
f 257/310/313 261/314/317 262/315/318
f 262/315/318 261/314/317 264/317/319
f 264/317/319 261/314/317 263/316/320
f 264/317/319 263/316/320 266/319/321
f 266/319/321 263/316/320 265/318/322
f 265/318/322 267/320/323 266/319/321
f 266/319/321 267/320/323 268/321/324
f 267/320/323 269/322/325 268/321/324
f 268/321/324 269/322/325 270/323/326
f 269/322/325 271/324/327 270/323/326
f 270/323/326 271/324/327 272/325/328
f 268/321/324 270/323/326 273/326/329
f 268/321/324 273/326/329 266/319/321
f 266/319/321 273/326/329 274/327/330
f 266/319/321 274/327/330 264/317/319
f 264/317/319 274/327/330 275/328/331
f 264/317/319 275/328/331 262/315/318
f 262/315/318 275/328/331 276/329/332
f 262/315/318 276/329/332 257/310/313
f 257/310/313 276/329/332 277/330/333
f 257/310/313 277/330/333 255/308/311
f 255/308/311 277/330/333 256/309/312
f 209/255/258 222/271/276 278/331/334
f 225/278/281 631/332/335 223/276/279
f 223/276/279 631/332/335 632/275/278
f 209/255/258 278/331/334 224/281/284
f 630/333/336 631/332/335 226/277/280
f 226/277/280 631/332/335 225/278/281
f 138/178/179 279/334/337 139/179/180
f 139/179/180 279/334/337 280/335/338
f 280/335/338 281/336/339 139/179/180
f 139/179/180 281/336/339 282/337/340
f 140/182/341 282/337/340 285/340/342
f 282/337/340 283/338/343 285/340/342
f 283/338/343 284/339/344 285/340/342
f 285/340/342 286/341/345 140/182/341
f 140/182/341 286/341/345 287/342/346
f 593/175/177 289/343/347 138/178/179
f 138/178/179 289/343/347 279/334/337
f 137/174/176 145/344/348 288/345/349
f 90/95/95 88/94/97 93/98/98
f 84/87/87 291/346/350 86/89/90
f 86/89/90 291/346/350 290/92/92
f 84/87/87 82/85/85 291/346/350
f 870/348/351 46/349/352 869/347/353
f 869/347/353 46/349/352 101/350/354
f 291/346/350 82/85/85 292/351/355
f 80/83/83 346/352/356 82/85/85
f 292/351/355 82/85/85 346/352/356
f 47/353/357 46/349/352 871/354/358
f 871/354/358 46/349/352 870/348/351
f 871/354/358 872/355/359 47/353/357
f 47/353/357 872/355/359 50/356/360
f 876/358/361 873/359/362 52/357/363
f 52/357/363 873/359/362 54/360/364
f 54/360/364 873/359/362 56/362/365
f 56/362/365 873/359/362 874/361/366
f 72/75/76 70/73/74 345/364/367
f 345/364/367 70/73/74 344/363/368
f 70/73/74 68/72/72 343/365/369
f 343/365/369 68/72/72 64/366/370
f 216/269/272 215/268/271 258/311/315
f 485/367/371 135/368/372 483/369/373
f 212/370/374 480/371/375 295/373/376
f 295/373/376 480/371/375 587/372/377
f 213/265/269 606/374/378 214/267/270
f 214/267/270 212/370/374 295/373/376
f 294/376/379 296/377/380 735/375/381
f 735/375/381 296/377/380 734/378/382
f 296/377/380 298/379/383 734/378/382
f 734/378/382 298/379/383 733/380/384
f 298/379/383 300/381/385 733/380/384
f 733/380/384 300/381/385 732/382/386
f 732/382/386 300/381/385 302/383/387
f 305/387/388 294/376/379 589/386/389
f 589/386/389 294/376/379 588/385/390
f 294/376/379 481/384/391 588/385/390
f 482/388/392 158/389/393 304/390/394
f 589/386/389 730/391/395 305/387/388
f 305/387/388 730/391/395 310/393/396
f 310/393/396 730/391/395 731/392/397
f 725/394/398 312/395/399 731/392/397
f 321/397/400 323/398/401 322/396/402
f 322/396/402 323/398/401 324/399/403
f 324/399/403 325/400/404 322/396/402
f 322/396/402 325/400/404 326/401/405
f 474/402/406 572/403/407 329/405/408
f 329/405/408 572/403/407 155/404/409
f 331/408/410 970/987/411 971/988/412
f 972/989/413 975/992/414 329/405/408
f 329/405/408 975/992/414 332/409/415
f 967/984/416 968/985/417 966/983/418
f 966/983/418 968/985/417 330/407/419
f 1175/1192/420 1176/1193/421 468/414/422
f 468/414/422 1176/1193/421 1388/1409/423
f 559/416/424 1172/1189/425 1173/1190/426
f 466/421/427 338/422/428 334/423/429
f 128/158/430 339/424/431 81/159/432
f 81/159/432 339/424/431 79/425/433
f 340/426/434 77/427/435 1290/1311/436
f 77/427/435 79/425/433 1290/1311/436
f 79/425/433 339/424/431 1290/1311/436
f 821/428/437 1074/1091/438 1078/1095/439
f 1078/1095/439 1074/1091/438 1077/1094/440
f 820/432/441 1085/1102/442 1090/1107/443
f 1090/1107/443 1085/1102/442 1089/1106/444
f 73/433/445 820/432/441 71/436/446
f 342/431/447 804/434/448 1090/1107/443
f 71/436/446 820/432/441 806/435/449
f 806/435/449 820/432/441 804/434/448
f 820/432/441 1090/1107/443 804/434/448
f 60/67/67 343/365/369 62/68/69
f 62/68/69 343/365/369 64/366/370
f 875/437/450 60/67/67 58/66/66
f 875/437/450 58/66/66 874/361/366
f 874/361/366 58/66/66 56/362/365
f 78/81/81 76/79/79 346/352/356
f 346/352/356 76/79/79 347/438/451
f 348/439/452 347/438/451 74/77/78
f 74/77/78 347/438/451 76/79/79
f 72/75/76 345/364/367 74/77/78
f 74/77/78 345/364/367 348/439/452
f 346/352/356 80/83/83 78/81/81
f 70/73/74 343/365/369 344/363/368
f 901/441/453 349/70/70 913/440/454
f 913/440/454 349/70/70 916/442/455
f 899/443/456 900/444/457 61/140/141
f 61/140/141 900/444/457 63/142/142
f 59/64/63 898/63/64 61/140/141
f 61/140/141 898/63/64 899/443/456
f 912/445/458 66/446/459 911/71/71
f 911/71/71 66/446/459 68/72/72
f 740/447/460 328/448/461 574/449/462
f 573/450/463 575/451/464 328/448/461
f 328/448/461 575/451/464 574/449/462
f 354/453/465 356/454/466 352/452/467
f 352/452/467 356/454/466 357/455/468
f 356/454/466 358/456/469 357/455/468
f 357/455/468 358/456/469 359/457/470
f 354/453/465 355/458/471 356/454/466
f 356/454/466 355/458/471 360/459/472
f 356/454/466 360/459/472 358/456/469
f 358/456/469 360/459/472 361/460/473
f 358/456/469 479/461/474 359/457/470
f 477/462/475 478/463/476 357/455/468
f 352/452/467 357/455/468 478/463/476
f 357/455/468 359/457/470 477/462/475
f 477/462/475 359/457/470 475/464/477
f 475/464/477 476/466/478 363/465/479
f 363/465/479 476/466/478 364/467/480
f 476/466/478 365/468/481 364/467/480
f 364/467/480 365/468/481 366/469/482
f 365/468/481 367/470/483 366/469/482
f 366/469/482 367/470/483 368/471/484
f 361/460/473 369/473/485 362/472/486
f 362/472/486 369/473/485 370/474/487
f 362/472/486 370/474/487 365/468/481
f 370/474/487 371/475/488 365/468/481
f 365/468/481 371/475/488 367/470/483
f 371/475/488 372/476/489 367/470/483
f 367/470/483 372/476/489 373/477/490
f 367/470/483 373/477/490 368/471/484
f 373/477/490 372/476/489 375/479/491
f 375/479/491 372/476/489 374/478/492
f 374/478/492 376/480/493 375/479/491
f 375/479/491 376/480/493 377/481/494
f 376/480/493 378/482/495 377/481/494
f 377/481/494 378/482/495 379/483/496
f 378/482/495 380/484/497 379/483/496
f 379/483/496 380/484/497 381/485/498
f 379/483/496 382/486/499 377/481/494
f 377/481/494 382/486/499 383/487/500
f 377/481/494 383/487/500 375/479/491
f 375/479/491 383/487/500 384/488/501
f 373/477/490 375/479/491 385/489/502
f 385/489/502 375/479/491 384/488/501
f 385/489/502 384/488/501 386/490/503
f 386/490/503 384/488/501 383/487/500
f 386/490/503 383/487/500 387/491/504
f 388/492/505 387/491/504 389/493/506
f 386/490/503 391/494/507 392/495/508
f 392/495/508 393/496/509 386/490/503
f 386/490/503 393/496/509 385/489/502
f 392/495/508 394/497/510 393/496/509
f 393/496/509 394/497/510 395/498/511
f 396/499/512 353/500/513 363/465/479
f 393/496/509 396/499/512 364/467/480
f 364/467/480 396/499/512 363/465/479
f 368/471/484 373/477/490 385/489/502
f 368/471/484 385/489/502 366/469/482
f 366/469/482 385/489/502 393/496/509
f 393/496/509 364/467/480 366/469/482
f 329/405/408 332/409/415 398/502/514
f 398/502/514 332/409/415 397/501/515
f 398/502/514 399/503/516 355/458/471
f 355/458/471 399/503/516 360/459/472
f 360/459/472 399/503/516 361/460/473
f 361/460/473 399/503/516 400/504/517
f 369/473/485 361/460/473 400/504/517
f 397/501/515 401/505/518 398/502/514
f 398/502/514 401/505/518 399/503/516
f 401/505/518 402/506/519 399/503/516
f 399/503/516 402/506/519 400/504/517
f 402/506/519 403/507/520 400/504/517
f 400/504/517 403/507/520 369/473/485
f 403/507/520 404/508/521 369/473/485
f 369/473/485 404/508/521 370/474/487
f 406/509/522 404/508/521 405/510/523
f 409/513/524 405/510/523 408/512/525
f 407/511/526 408/512/525 404/508/521
f 405/510/523 404/508/521 408/512/525
f 403/507/520 410/514/527 404/508/521
f 404/508/521 410/514/527 407/511/526
f 403/507/520 402/506/519 410/514/527
f 410/514/527 402/506/519 411/515/528
f 402/506/519 401/505/518 411/515/528
f 411/515/528 401/505/518 412/516/529
f 401/505/518 397/501/515 412/516/529
f 412/516/529 397/501/515 413/517/530
f 397/501/515 332/409/415 413/517/530
f 289/343/347 414/518/531 279/334/337
f 279/334/337 414/518/531 415/519/532
f 289/343/347 288/345/349 414/518/531
f 279/334/337 415/519/532 280/335/338
f 281/336/339 280/335/338 417/521/533
f 417/521/533 280/335/338 416/520/534
f 416/520/534 280/335/338 415/519/532
f 417/521/533 283/338/343 281/336/339
f 281/336/339 283/338/343 282/337/340
f 283/338/343 417/521/533 284/339/344
f 419/523/535 286/341/345 418/522/536
f 284/339/344 418/522/536 285/340/342
f 285/340/342 418/522/536 286/341/345
f 284/339/344 417/521/533 418/522/536
f 526/524/537 592/525/538 142/526/539
f 525/527/540 422/528/541 421/529/542
f 548/123/122 422/528/541 106/124/123
f 425/531/543 424/532/544 420/530/545
f 420/530/545 424/532/544 100/105/105
f 425/531/543 420/530/545 554/113/113
f 100/105/105 102/107/107 420/530/545
f 554/113/113 420/530/545 102/107/107
f 100/105/105 424/532/544 98/103/103
f 98/103/103 424/532/544 423/533/546
f 426/118/120 427/117/121 583/534/547
f 583/534/547 427/117/121 425/531/543
f 422/528/541 423/533/546 428/119/119
f 428/119/119 423/533/546 429/120/117
f 430/121/118 429/120/117 424/532/544
f 423/533/546 424/532/544 429/120/117
f 424/532/544 425/531/543 430/121/118
f 430/121/118 425/531/543 427/117/121
f 422/528/541 428/119/119 421/529/542
f 421/529/542 428/119/119 432/145/144
f 142/526/539 433/185/187 118/535/548
f 118/535/548 433/185/187 431/144/145
f 142/526/539 592/525/538 433/185/187
f 168/207/208 170/209/211 171/210/213
f 184/223/225 178/217/219 183/536/549
f 564/537/550 591/538/551 143/225/226
f 143/225/226 591/538/551 521/539/552
f 563/540/553 565/541/554 187/228/230
f 187/228/230 565/541/554 590/226/228
f 1038/1055/555 585/543/556 108/544/557
f 436/148/148 121/172/174 596/545/558
f 596/545/558 121/172/174 594/176/178
f 437/149/149 595/546/559 438/150/150
f 438/150/150 595/546/559 597/547/560
f 439/151/151 438/150/150 598/548/561
f 598/548/561 438/150/150 597/547/560
f 439/151/151 598/548/561 440/152/152
f 440/152/152 598/548/561 599/549/562
f 126/154/155 440/152/152 599/549/562
f 204/248/250 441/550/563 205/249/252
f 205/249/252 441/550/563 197/241/243
f 538/232/234 189/231/233 197/241/243
f 508/551/564 509/552/565 442/553/566
f 425/531/543 445/554/567 583/534/547
f 583/534/547 445/554/567 446/114/114
f 445/554/567 447/555/568 446/114/114
f 105/556/569 659/557/570 447/555/568
f 446/114/114 448/116/116 444/196/197
f 444/196/197 448/116/116 129/161/162
f 505/558/571 130/160/161 504/115/115
f 504/115/115 130/160/161 448/116/116
f 1031/1048/572 1032/1049/573 132/561/574
f 451/562/575 1039/1056/576 1042/1059/577
f 1055/1072/578 1054/1071/579 459/167/166
f 459/167/166 1054/1071/579 1050/1067/167
f 1060/1077/580 1061/1078/581 454/165/169
f 454/165/169 1061/1078/581 455/566/582
f 133/260/263 605/263/266 456/261/265
f 456/261/265 605/263/266 211/266/268
f 217/270/273 218/259/261 211/266/268
f 211/266/268 218/259/261 456/261/265
f 456/261/265 218/259/261 457/262/264
f 218/259/261 210/258/262 457/262/264
f 458/166/168 457/262/264 132/561/574
f 132/561/574 457/262/264 210/258/262
f 458/166/168 132/561/574 459/167/166
f 459/167/166 132/561/574 452/567/583
f 452/567/583 1056/1073/584 459/167/166
f 459/167/166 1056/1073/584 1055/1072/578
f 1064/1081/585 1065/1082/586 109/565/587
f 1058/1075/588 1059/1076/589 460/129/129
f 460/129/129 1059/1076/589 1048/1065/127
f 51/53/53 53/56/55 461/127/590
f 55/60/60 57/62/62 462/133/135
f 462/133/135 57/62/62 463/134/133
f 465/570/591 470/571/592 517/572/593
f 516/573/594 334/423/429 468/414/422
f 465/570/591 154/406/595 469/574/596
f 469/574/596 154/406/595 155/404/409
f 573/450/463 571/575/597 474/402/406
f 474/402/406 571/575/597 572/403/407
f 355/458/471 576/576/598 329/405/408
f 329/405/408 576/576/598 578/577/599
f 359/457/470 479/461/474 475/464/477
f 475/464/477 479/461/474 476/466/478
f 365/468/481 476/466/478 362/472/486
f 353/500/513 477/462/475 363/465/479
f 363/465/479 477/462/475 475/464/477
f 478/463/476 477/462/475 353/500/513
f 361/460/473 362/472/486 358/456/469
f 358/456/469 362/472/486 479/461/474
f 476/466/478 479/461/474 362/472/486
f 329/405/408 398/502/514 355/458/471
f 481/384/391 293/578/600 588/385/390
f 588/385/390 293/578/600 482/388/392
f 483/369/373 482/388/392 293/578/600
f 134/579/601 486/580/602 212/370/374
f 212/370/374 486/580/602 480/371/375
f 485/367/371 484/581/603 486/580/602
f 486/580/602 484/581/603 629/582/604
f 486/580/602 629/582/604 480/371/375
f 480/371/375 629/582/604 484/581/603
f 462/133/135 569/130/130 55/60/60
f 55/60/60 569/130/130 570/57/59
f 488/137/137 490/136/136 59/64/63
f 463/134/133 57/62/62 490/136/136
f 57/62/62 59/64/63 490/136/136
f 463/134/133 490/136/136 111/135/134
f 111/135/134 490/136/136 489/139/138
f 114/143/143 492/583/605 149/192/194
f 149/192/194 492/583/605 491/584/606
f 493/585/607 492/583/605 63/142/142
f 63/142/142 492/583/605 114/143/143
f 498/586/608 158/389/393 136/194/196
f 136/194/196 158/389/393 135/368/372
f 136/194/196 157/587/609 498/586/608
f 499/588/610 482/388/392 304/390/394
f 304/390/394 500/589/611 499/588/610
f 304/390/394 802/590/612 500/589/611
f 500/589/611 802/590/612 501/591/613
f 633/592/614 802/590/612 304/390/394
f 157/587/609 502/593/615 633/592/614
f 131/162/163 449/164/165 209/255/258
f 886/594/616 506/163/164 505/558/571
f 130/160/161 505/558/571 131/162/163
f 131/162/163 505/558/571 506/163/164
f 446/114/114 447/555/568 504/115/115
f 447/555/568 104/595/617 504/115/115
f 104/595/617 450/596/618 504/115/115
f 450/596/618 505/558/571 504/115/115
f 886/594/616 505/558/571 507/597/619
f 507/597/619 505/558/571 450/596/618
f 449/164/165 1039/1056/576 451/562/575
f 507/597/619 450/596/618 508/551/564
f 508/551/564 450/596/618 104/595/617
f 49/109/108 611/599/620 553/112/112
f 503/598/621 507/597/619 442/553/566
f 442/553/566 507/597/619 508/551/564
f 511/564/622 1041/1058/623 785/600/624
f 785/600/624 1041/1058/623 103/601/625
f 464/602/626 467/603/627 1387/1408/628
f 1388/1409/423 516/573/594 468/414/422
f 516/573/594 1383/1404/629 515/604/630
f 466/421/427 334/423/429 515/604/630
f 515/604/630 334/423/429 516/573/594
f 1245/1266/631 824/605/632 825/606/633
f 517/572/593 518/410/634 465/570/591
f 465/570/591 518/410/634 154/406/595
f 470/571/592 464/602/626 517/572/593
f 517/572/593 464/602/626 513/412/635
f 518/410/634 517/572/593 153/415/636
f 153/415/636 517/572/593 513/412/635
f 559/416/424 1174/1191/637 153/415/636
f 370/474/487 404/508/521 406/509/522
f 386/490/503 388/492/505 391/494/507
f 386/490/503 387/491/504 388/492/505
f 388/492/505 389/493/506 390/607/638
f 526/524/537 142/526/539 521/539/552
f 142/526/539 522/198/200 603/200/202
f 142/526/539 523/608/639 522/198/200
f 142/526/539 524/195/198 529/252/255
f 444/196/197 524/195/198 118/535/548
f 118/535/548 524/195/198 142/526/539
f 106/124/123 422/528/541 119/146/146
f 119/146/146 422/528/541 525/527/540
f 591/538/551 526/524/537 521/539/552
f 421/529/542 526/524/537 525/527/540
f 525/527/540 526/524/537 520/609/640
f 527/253/257 159/197/199 206/250/253
f 224/281/284 527/253/257 206/250/253
f 160/201/203 161/199/201 528/610/641
f 161/199/201 522/198/200 528/610/641
f 523/608/639 528/610/641 522/198/200
f 529/252/255 528/610/641 523/608/639
f 142/526/539 529/252/255 523/608/639
f 187/228/230 533/612/642 674/611/643
f 674/611/643 533/612/642 531/230/232
f 197/241/243 531/230/232 196/240/242
f 196/240/242 531/230/232 188/613/644
f 532/235/235 196/240/242 188/613/644
f 188/613/644 533/612/642 534/233/236
f 531/230/232 533/612/642 188/613/644
f 188/613/644 534/233/236 532/235/235
f 187/228/230 186/227/229 533/612/642
f 533/612/642 186/227/229 534/233/236
f 675/614/645 563/540/553 674/611/643
f 674/611/643 563/540/553 187/228/230
f 562/615/646 537/616/647 535/617/648
f 119/146/146 525/527/540 536/187/189
f 536/187/189 525/527/540 520/609/640
f 566/618/649 601/619/650 434/620/651
f 536/187/189 520/609/640 434/620/651
f 190/621/652 538/232/234 197/241/243
f 538/232/234 190/621/652 539/191/192
f 539/191/192 190/621/652 145/344/348
f 137/174/176 545/622/653 145/344/348
f 145/344/348 545/622/653 540/188/190
f 540/188/190 539/191/192 145/344/348
f 120/147/147 544/623/654 547/173/175
f 547/173/175 544/623/654 546/624/655
f 541/625/656 120/147/147 542/626/657
f 541/625/656 543/189/191 544/623/654
f 544/623/654 543/189/191 540/188/190
f 542/626/657 543/189/191 541/625/656
f 120/147/147 541/625/656 544/623/654
f 546/624/655 544/623/654 540/188/190
f 545/622/653 546/624/655 540/188/190
f 137/174/176 547/173/175 545/622/653
f 547/173/175 546/624/655 545/622/653
f 121/172/174 547/173/175 137/174/176
f 422/528/541 548/123/122 423/533/546
f 423/533/546 548/123/122 98/103/103
f 436/148/148 549/122/124 121/172/174
f 121/172/174 549/122/124 107/125/125
f 49/109/108 443/46/48 611/599/620
f 443/46/48 48/49/49 610/110/110
f 784/627/658 785/600/624 551/111/111
f 551/111/111 785/600/624 103/601/625
f 509/552/565 103/601/625 442/553/566
f 553/112/112 552/628/659 104/595/617
f 104/595/617 552/628/659 508/551/564
f 552/628/659 509/552/565 508/551/564
f 554/113/113 553/112/112 660/629/660
f 554/113/113 445/554/567 425/531/543
f 1040/1057/661 1041/1058/623 511/564/622
f 1033/1050/662 1036/1053/663 452/567/583
f 452/567/583 1036/1053/663 1035/1052/664
f 779/630/665 604/257/260 778/631/666
f 778/631/666 604/257/260 555/256/259
f 222/271/276 555/256/259 219/272/274
f 219/272/274 555/256/259 218/259/261
f 778/631/666 555/256/259 222/271/276
f 556/171/173 136/194/196 135/368/372
f 556/171/173 112/138/139 136/194/196
f 556/171/173 135/368/372 558/170/172
f 558/170/172 135/368/372 485/367/371
f 567/169/170 557/168/171 134/579/601
f 134/579/601 557/168/171 486/580/602
f 558/170/172 485/367/371 557/168/171
f 557/168/171 485/367/371 486/580/602
f 111/135/134 558/170/172 110/131/131
f 110/131/131 558/170/172 557/168/171
f 1184/1201/667 1389/1410/668 1390/1411/669
f 560/418/670 1171/1188/671 334/423/429
f 468/414/422 334/423/429 1185/1202/672
f 1171/1188/671 561/417/673 334/423/429
f 561/417/673 1185/1202/672 334/423/429
f 519/411/674 967/984/416 333/420/675
f 675/614/645 535/617/648 563/540/553
f 566/618/649 434/620/651 565/541/554
f 565/541/554 434/620/651 564/537/550
f 566/618/649 565/541/554 535/617/648
f 535/617/648 565/541/554 563/540/553
f 144/190/193 543/189/191 562/615/646
f 542/626/657 537/616/647 543/189/191
f 543/189/191 537/616/647 562/615/646
f 134/579/601 608/632/676 567/169/170
f 567/169/170 608/632/676 609/633/677
f 568/132/132 567/169/170 109/565/587
f 109/565/587 567/169/170 609/633/677
f 109/565/587 1065/1082/586 568/132/132
f 569/130/130 568/132/132 487/568/678
f 568/132/132 1065/1082/586 487/568/678
f 570/57/59 569/130/130 53/56/55
f 53/56/55 569/130/130 487/568/678
f 53/56/55 894/55/56 570/57/59
f 570/57/59 894/55/56 895/58/57
f 461/127/590 53/56/55 487/568/678
f 462/133/135 110/131/131 569/130/130
f 136/194/196 150/193/195 157/587/609
f 157/587/609 150/193/195 497/634/679
f 579/635/680 473/636/681 572/403/407
f 572/403/407 473/636/681 469/574/596
f 577/637/682 354/453/465 575/451/464
f 575/451/464 354/453/465 574/449/462
f 577/637/682 578/577/599 576/576/598
f 573/450/463 474/402/406 575/451/464
f 575/451/464 474/402/406 577/637/682
f 474/402/406 578/577/599 577/637/682
f 329/405/408 578/577/599 474/402/406
f 354/453/465 577/637/682 355/458/471
f 355/458/471 577/637/682 576/576/598
f 352/452/467 574/449/462 354/453/465
f 571/575/597 579/635/680 572/403/407
f 155/404/409 572/403/407 469/574/596
f 890/47/46 443/46/48 889/108/109
f 889/108/109 443/46/48 49/109/108
f 612/638/683 585/543/556 435/639/684
f 51/53/53 461/127/590 582/569/685
f 583/534/547 446/114/114 118/535/548
f 118/535/548 446/114/114 444/196/197
f 426/118/120 583/534/547 431/144/145
f 431/144/145 583/534/547 118/535/548
f 660/629/660 445/554/567 554/113/113
f 586/50/50 616/640/686 585/543/556
f 108/544/557 585/543/556 616/640/686
f 551/111/111 584/126/126 784/627/658
f 613/641/687 586/50/50 612/638/683
f 613/641/687 614/51/51 586/50/50
f 587/372/377 481/384/391 735/375/381
f 735/375/381 481/384/391 294/376/379
f 589/386/389 588/385/390 499/588/610
f 499/588/610 588/385/390 482/388/392
f 308/642/688 589/386/389 500/589/611
f 500/589/611 589/386/389 499/588/610
f 135/368/372 158/389/393 483/369/373
f 483/369/373 293/578/600 485/367/371
f 485/367/371 293/578/600 484/581/603
f 535/617/648 537/616/647 602/643/689
f 602/643/689 537/616/647 600/186/188
f 590/226/228 565/541/554 143/225/226
f 143/225/226 565/541/554 564/537/550
f 186/227/229 590/226/228 185/224/227
f 143/225/226 185/224/227 590/226/228
f 520/609/640 591/538/551 434/620/651
f 434/620/651 591/538/551 564/537/550
f 520/609/640 526/524/537 591/538/551
f 526/524/537 421/529/542 592/525/538
f 592/525/538 421/529/542 433/185/187
f 433/185/187 421/529/542 432/145/144
f 593/175/177 138/178/179 594/176/178
f 594/176/178 138/178/179 122/177/181
f 596/545/558 594/176/178 122/177/181
f 595/546/559 596/545/558 122/177/181
f 437/149/149 436/148/148 595/546/559
f 595/546/559 436/148/148 596/545/558
f 96/101/101 98/103/103 549/122/124
f 549/122/124 98/103/103 548/123/122
f 595/546/559 122/177/181 597/547/560
f 597/547/560 122/177/181 123/180/182
f 289/343/347 593/175/177 288/345/349
f 288/345/349 593/175/177 137/174/176
f 124/181/186 139/179/180 140/182/341
f 140/182/341 139/179/180 282/337/340
f 598/548/561 597/547/560 123/180/182
f 599/549/562 598/548/561 125/184/183
f 125/184/183 598/548/561 124/181/186
f 126/154/155 599/549/562 125/184/183
f 598/548/561 123/180/182 124/181/186
f 124/181/186 123/180/182 139/179/180
f 537/616/647 542/626/657 600/186/188
f 600/186/188 542/626/657 120/147/147
f 602/643/689 600/186/188 536/187/189
f 601/619/650 602/643/689 536/187/189
f 602/643/689 601/619/650 535/617/648
f 535/617/648 601/619/650 566/618/649
f 434/620/651 601/619/650 536/187/189
f 161/199/201 179/218/220 162/220/223
f 143/225/226 521/539/552 162/220/223
f 161/199/201 162/220/223 603/200/202
f 603/200/202 162/220/223 521/539/552
f 142/526/539 603/200/202 521/539/552
f 1025/1042/690 1027/1044/691 779/630/665
f 779/630/665 1027/1044/691 604/257/260
f 1027/1044/691 132/561/574 604/257/260
f 210/258/262 604/257/260 132/561/574
f 134/579/601 212/370/374 607/264/267
f 607/264/267 212/370/374 606/374/378
f 777/644/692 608/632/676 133/260/263
f 608/632/676 607/264/267 133/260/263
f 133/260/263 607/264/267 605/263/266
f 609/633/677 777/644/692 455/566/582
f 455/566/582 777/644/692 133/260/263
f 1061/1078/581 1062/1079/693 455/566/582
f 455/566/582 1062/1079/693 609/633/677
f 213/265/269 607/264/267 606/374/378
f 214/267/270 606/374/378 212/370/374
f 608/632/676 134/579/601 607/264/267
f 484/581/603 587/372/377 480/371/375
f 293/578/600 481/384/391 484/581/603
f 484/581/603 481/384/391 587/372/377
f 550/645/694 610/110/110 552/628/659
f 552/628/659 610/110/110 551/111/111
f 443/46/48 610/110/110 550/645/694
f 611/599/620 443/46/48 550/645/694
f 611/599/620 550/645/694 553/112/112
f 553/112/112 550/645/694 552/628/659
f 584/126/126 612/638/683 435/639/684
f 48/49/49 613/641/687 584/126/126
f 584/126/126 613/641/687 612/638/683
f 892/646/695 614/51/51 891/48/47
f 48/49/49 891/48/47 613/641/687
f 891/48/47 614/51/51 613/641/687
f 893/54/54 51/53/53 892/646/695
f 51/53/53 615/52/52 892/646/695
f 615/52/52 614/51/51 892/646/695
f 616/640/686 615/52/52 582/569/685
f 582/569/685 615/52/52 51/53/53
f 108/544/557 616/640/686 582/569/685
f 586/50/50 615/52/52 616/640/686
f 612/638/683 586/50/50 585/543/556
f 1308/1329/696 1309/1330/697 1296/1317/698
f 1296/1317/698 1309/1330/697 1294/1315/699
f 1083/1100/700 1339/1360/701 1082/1099/702
f 1082/1099/702 1339/1360/701 1340/1361/703
f 1080/1097/704 1086/1103/705 342/431/447
f 342/431/447 1086/1103/705 803/652/706
f 944/961/707 617/647/708 988/1005/709
f 339/424/431 128/158/430 617/647/708
f 128/158/430 988/1005/709 617/647/708
f 128/158/430 987/1004/710 988/1005/709
f 127/156/711 991/1008/712 943/960/713
f 623/656/714 627/657/715 338/422/428
f 338/422/428 627/657/715 628/658/716
f 338/422/428 628/658/716 334/423/429
f 334/423/429 628/658/716 560/418/670
f 224/281/284 278/331/334 630/333/336
f 630/333/336 278/331/334 631/332/335
f 632/275/278 631/332/335 278/331/334
f 278/331/334 222/271/276 632/275/278
f 220/273/275 254/307/309 221/274/277
f 498/586/608 633/592/614 158/389/393
f 158/389/393 633/592/614 304/390/394
f 157/587/609 633/592/614 498/586/608
f 1024/1041/717 635/660/718 636/661/719
f 1022/1039/720 1023/1040/721 638/663/722
f 638/663/722 1023/1040/721 1007/1024/723
f 998/1015/724 1068/1085/725 1069/1086/726
f 643/668/727 737/669/728 642/667/729
f 642/667/729 737/669/728 646/670/730
f 737/669/728 643/668/727 736/672/731
f 736/672/731 643/668/727 647/671/732
f 736/672/731 647/671/732 649/673/733
f 649/673/733 647/671/732 1275/1296/734
f 643/668/727 642/667/729 651/675/735
f 651/675/735 642/667/729 650/674/736
f 653/677/737 645/678/738 652/676/739
f 652/676/739 645/678/738 644/679/740
f 654/680/741 646/670/730 653/677/737
f 653/677/737 646/670/730 645/678/738
f 654/680/741 650/674/736 646/670/730
f 646/670/730 650/674/736 642/667/729
f 648/682/742 1143/1160/743 644/679/740
f 644/679/740 1143/1160/743 652/676/739
f 1272/1293/744 1273/1294/745 657/684/746
f 657/684/746 1273/1294/745 1144/1161/747
f 1272/1293/744 1276/1297/748 1271/1292/749
f 1271/1292/749 1276/1297/748 658/685/750
f 643/668/727 651/675/735 647/671/732
f 647/671/732 651/675/735 656/686/751
f 648/682/742 1271/1292/749 655/681/752
f 655/681/752 1271/1292/749 658/685/750
f 659/557/570 553/112/112 104/595/617
f 447/555/568 659/557/570 104/595/617
f 553/112/112 659/557/570 660/629/660
f 660/629/660 659/557/570 105/556/569
f 105/556/569 445/554/567 660/629/660
f 105/556/569 447/555/568 445/554/567
f 661/687/753 662/688/754 689/690/755
f 689/690/755 662/688/754 688/689/756
f 661/687/753 665/691/757 662/688/754
f 662/688/754 683/692/758 684/693/759
f 688/689/756 662/688/754 687/694/760
f 662/688/754 665/691/757 683/692/758
f 686/695/761 662/688/754 685/696/762
f 687/694/760 662/688/754 686/695/761
f 144/190/193 674/611/643 530/229/231
f 530/229/231 674/611/643 531/230/232
f 144/190/193 562/615/646 674/611/643
f 674/611/643 562/615/646 675/614/645
f 562/615/646 535/617/648 675/614/645
f 676/697/763 677/698/764 682/699/765
f 680/700/766 681/701/767 676/697/763
f 676/697/763 681/701/767 677/698/764
f 676/697/763 682/699/765 679/703/768
f 679/703/768 682/699/765 678/702/769
f 662/688/754 684/693/759 685/696/762
f 665/691/757 671/704/770 683/692/758
f 683/692/758 671/704/770 666/705/771
f 684/693/759 683/692/758 667/706/772
f 667/706/772 683/692/758 666/705/771
f 667/706/772 668/707/773 684/693/759
f 684/693/759 668/707/773 685/696/762
f 685/696/762 668/707/773 669/708/774
f 672/709/775 686/695/761 669/708/774
f 669/708/774 686/695/761 685/696/762
f 670/710/776 687/694/760 673/711/777
f 672/709/775 673/711/777 686/695/761
f 687/694/760 686/695/761 673/711/777
f 663/712/778 688/689/756 670/710/776
f 670/710/776 688/689/756 687/694/760
f 688/689/756 663/712/778 689/690/755
f 689/690/755 663/712/778 664/713/779
f 552/628/659 551/111/111 509/552/565
f 509/552/565 551/111/111 103/601/625
f 1275/1296/734 1142/1159/780 1274/1295/781
f 1274/1295/781 1142/1159/780 690/683/782
f 1018/1035/783 1019/1036/784 641/714/785
f 641/714/785 1019/1036/784 1008/1025/786
f 693/716/787 694/717/788 729/715/789
f 729/715/789 694/717/788 728/718/790
f 696/719/791 694/717/788 697/720/792
f 698/721/793 699/722/794 700/723/795
f 726/724/796 698/721/793 702/725/797
f 704/726/798 705/727/799 699/722/794
f 699/722/794 705/727/799 706/728/800
f 697/720/792 704/726/798 699/722/794
f 697/720/792 699/722/794 696/719/791
f 696/719/791 699/722/794 698/721/793
f 696/719/791 698/721/793 727/729/801
f 727/729/801 698/721/793 726/724/796
f 694/717/788 696/719/791 728/718/790
f 728/718/790 696/719/791 727/729/801
f 699/722/794 706/728/800 700/723/795
f 111/135/134 489/139/138 556/171/173
f 716/731/802 710/732/803 715/730/804
f 715/730/804 710/732/803 711/733/805
f 714/734/806 715/730/804 713/735/807
f 713/735/807 715/730/804 711/733/805
f 708/737/808 715/730/804 712/736/809
f 712/736/809 715/730/804 714/734/806
f 708/737/808 709/738/810 715/730/804
f 715/730/804 709/738/810 716/731/802
f 721/739/811 724/740/812 720/742/813
f 724/740/812 1154/1171/814 719/741/815
f 718/745/816 724/740/812 717/744/817
f 717/744/817 724/740/812 721/739/811
f 724/740/812 1155/1172/818 723/747/819
f 725/394/398 731/392/397 311/748/820
f 701/749/821 726/724/796 703/750/822
f 703/750/822 726/724/796 702/725/797
f 707/751/823 727/729/801 701/749/821
f 701/749/821 727/729/801 726/724/796
f 695/752/824 728/718/790 707/751/823
f 707/751/823 728/718/790 727/729/801
f 692/753/825 729/715/789 695/752/824
f 695/752/824 729/715/789 728/718/790
f 589/386/389 308/642/688 730/391/395
f 731/392/397 730/391/395 309/754/826
f 309/754/826 730/391/395 308/642/688
f 311/748/820 731/392/397 309/754/826
f 312/395/399 310/393/396 731/392/397
f 301/755/827 732/382/386 303/756/828
f 303/756/828 732/382/386 302/383/387
f 299/757/829 733/380/384 301/755/827
f 301/755/827 733/380/384 732/382/386
f 297/758/830 734/378/382 299/757/829
f 299/757/829 734/378/382 733/380/384
f 295/373/376 735/375/381 297/758/830
f 297/758/830 735/375/381 734/378/382
f 295/373/376 587/372/377 735/375/381
f 648/682/742 736/672/731 1271/1292/749
f 1271/1292/749 736/672/731 649/673/733
f 644/679/740 737/669/728 648/682/742
f 648/682/742 737/669/728 736/672/731
f 737/669/728 644/679/740 646/670/730
f 646/670/730 644/679/740 645/678/738
f 997/1014/831 639/759/832 996/1013/833
f 996/1013/833 639/759/832 637/760/834
f 995/1012/835 996/1013/833 637/760/834
f 998/1015/724 1005/1022/836 997/1014/831
f 997/1014/831 1005/1022/836 639/759/832
f 352/452/467 740/447/460 574/449/462
f 741/761/837 742/762/838 743/763/839
f 745/765/840 743/763/839 744/764/841
f 742/762/838 744/764/841 743/763/839
f 746/766/842 760/767/843 749/769/844
f 749/769/844 760/767/843 761/768/845
f 749/769/844 761/768/845 751/771/846
f 751/771/846 761/768/845 762/770/847
f 762/770/847 752/772/848 751/771/846
f 744/764/841 754/774/849 753/773/850
f 753/773/850 754/774/849 755/775/851
f 756/776/852 747/777/853 745/765/840
f 745/765/840 747/777/853 743/763/839
f 745/765/840 744/764/841 756/776/852
f 757/778/854 756/776/852 753/773/850
f 744/764/841 753/773/850 756/776/852
f 758/779/855 757/778/854 753/773/850
f 759/780/856 754/774/849 742/762/838
f 742/762/838 754/774/849 744/764/841
f 746/766/842 743/763/839 760/767/843
f 746/766/842 741/761/837 743/763/839
f 760/767/843 743/763/839 747/777/853
f 761/768/845 760/767/843 748/781/857
f 748/781/857 760/767/843 747/777/853
f 762/770/847 761/768/845 750/782/858
f 750/782/858 761/768/845 748/781/857
f 750/782/858 752/772/848 762/770/847
f 764/784/859 768/785/860 770/783/861
f 770/783/861 768/785/860 769/786/862
f 769/786/862 768/785/860 1152/1169/863
f 766/790/864 769/786/862 1149/1166/865
f 763/789/866 770/783/861 769/786/862
f 771/791/867 1145/1162/868 774/794/869
f 776/796/870 771/791/867 1146/1163/871
f 455/566/582 133/260/263 454/165/169
f 454/165/169 133/260/263 458/166/168
f 609/633/677 608/632/676 777/644/692
f 209/255/258 778/631/666 222/271/276
f 209/255/258 779/630/665 778/631/666
f 449/164/165 1029/1046/872 1026/1043/873
f 1029/1046/872 1034/1051/874 1026/1043/873
f 1025/1042/690 1026/1043/873 1030/1047/875
f 1026/1043/873 1034/1051/874 1030/1047/875
f 449/164/165 451/562/575 1029/1046/872
f 782/542/876 781/560/877 1046/1063/878
f 1046/1063/878 781/560/877 1045/1062/879
f 781/560/877 1028/1045/880 1045/1062/879
f 435/639/684 585/543/556 1046/1063/878
f 1046/1063/878 585/543/556 782/542/876
f 1032/1049/573 1033/1050/662 132/561/574
f 132/561/574 1033/1050/662 452/567/583
f 483/369/373 158/389/393 482/388/392
f 724/740/812 723/747/819 783/743/881
f 784/627/658 584/126/126 435/639/684
f 785/600/624 784/627/658 1044/1061/882
f 1044/1061/882 784/627/658 435/639/684
f 435/639/684 1043/1060/883 1044/1061/882
f 786/797/884 787/798/885 788/799/886
f 787/798/885 789/800/887 788/799/886
f 790/801/888 791/802/889 788/799/886
f 788/799/886 791/802/889 792/803/890
f 788/799/886 789/800/887 790/801/888
f 793/804/891 786/797/884 794/805/892
f 794/805/892 786/797/884 788/799/886
f 788/799/886 792/803/890 794/805/892
f 794/805/892 792/803/890 795/806/893
f 799/807/894 800/808/895 798/809/896
f 796/810/897 799/807/894 801/811/898
f 799/807/894 797/812/899 800/808/895
f 801/811/898 799/807/894 798/809/896
f 633/592/614 502/593/615 802/590/612
f 802/590/612 502/593/615 501/591/613
f 342/431/447 803/652/706 804/434/448
f 804/434/448 803/652/706 805/813/900
f 806/435/449 804/434/448 336/814/901
f 811/816/902 812/817/903 1141/1158/904
f 1141/1158/904 812/817/903 1140/1157/905
f 1134/1151/906 1318/1339/907 810/815/908
f 818/820/909 814/819/910 1136/1153/911
f 1136/1153/911 814/819/910 1135/1152/912
f 1137/1154/913 1320/1341/914 815/822/915
f 816/823/916 1139/1156/917 812/817/903
f 812/817/903 1139/1156/917 1205/1222/918
f 69/824/919 71/436/446 817/825/920
f 817/825/920 71/436/446 806/435/449
f 336/814/901 817/825/920 806/435/449
f 815/822/915 818/820/909 1137/1154/913
f 1137/1154/913 818/820/909 1136/1153/911
f 1138/1155/921 1321/1342/922 819/821/923
f 73/433/445 75/826/924 820/432/441
f 820/432/441 75/826/924 1071/1088/925
f 75/826/924 821/428/437 1071/1088/925
f 1377/1398/926 1378/1399/927 1333/1354/928
f 1294/1315/699 1305/1326/929 1296/1317/698
f 1296/1317/698 1305/1326/929 1306/1327/930
f 1167/1184/931 829/829/932 830/830/933
f 1270/1291/934 830/830/933 832/832/935
f 843/833/936 830/830/933 831/831/937
f 843/833/936 831/831/937 1158/1175/938
f 1263/1284/939 1264/1285/940 1156/1173/941
f 1264/1285/940 1265/1286/942 1156/1173/941
f 830/830/933 829/829/932 832/832/935
f 832/832/935 829/829/932 838/836/943
f 1257/1278/944 1258/1279/945 836/837/946
f 836/837/946 1258/1279/945 839/838/947
f 1384/1405/948 1257/1278/944 1267/1288/949
f 1259/1280/950 1157/1174/951 1257/1278/944
f 1257/1278/944 1157/1174/951 1267/1288/949
f 1161/1178/952 1162/1179/953 841/841/954
f 1166/1183/955 1167/1184/931 830/830/933
f 1159/1176/956 1160/1177/957 841/841/954
f 1160/1177/957 1161/1178/952 841/841/954
f 843/833/936 1158/1175/938 841/841/954
f 841/841/954 1158/1175/938 1159/1176/956
f 830/830/933 843/833/936 1166/1183/955
f 1166/1183/955 843/833/936 841/841/954
f 844/846/958 845/847/959 1109/1126/960
f 847/849/961 1190/1207/962 1116/1133/963
f 1116/1133/963 1190/1207/962 1191/1208/964
f 849/851/965 1189/1206/966 1133/1150/967
f 1194/1211/968 1195/1212/969 848/850/970
f 848/850/970 1195/1212/969 1129/1146/971
f 1127/1144/972 1120/1137/973 1113/1130/974
f 1113/1130/974 1120/1137/973 851/854/975
f 854/856/976 855/857/977 853/855/978
f 853/855/978 855/857/977 856/858/979
f 854/856/976 857/859/980 855/857/977
f 855/857/977 857/859/980 858/860/981
f 859/861/982 860/862/983 854/856/976
f 854/856/976 860/862/983 857/859/980
f 861/863/984 862/864/985 864/866/986
f 864/866/986 862/864/985 863/865/987
f 854/856/976 853/855/978 859/861/982
f 865/867/988 859/861/982 853/855/978
f 866/868/989 865/867/988 853/855/978
f 867/869/990 866/868/989 853/855/978
f 867/869/990 853/855/978 863/865/987
f 863/865/987 853/855/978 856/858/979
f 864/866/986 863/865/987 856/858/979
f 864/866/986 856/858/979 868/870/991
f 868/870/991 856/858/979 855/857/977
f 291/346/350 870/348/351 290/92/92
f 290/92/92 870/348/351 869/347/353
f 291/346/350 292/351/355 870/348/351
f 870/348/351 292/351/355 871/354/358
f 871/354/358 292/351/355 346/352/356
f 346/352/356 347/438/451 871/354/358
f 871/354/358 347/438/451 872/355/359
f 873/359/362 876/358/361 348/439/452
f 348/439/452 876/358/361 347/438/451
f 873/359/362 348/439/452 874/361/366
f 874/361/366 348/439/452 345/364/367
f 344/363/368 875/437/450 345/364/367
f 345/364/367 875/437/450 874/361/366
f 344/363/368 343/365/369 875/437/450
f 875/437/450 343/365/369 60/67/67
f 52/357/363 50/356/360 876/358/361
f 876/358/361 50/356/360 872/355/359
f 347/438/451 876/358/361 872/355/359
f 1261/1282/992 1156/1173/941 1260/1281/993
f 1260/1281/993 1156/1173/941 1157/1174/951
f 1196/1213/994 1130/1147/995 879/852/996
f 884/873/997 885/874/998 880/872/999
f 880/872/999 885/874/998 883/875/1000
f 884/873/997 881/876/1001 885/874/998
f 885/874/998 881/876/1001 882/877/1002
f 506/163/164 886/594/616 503/598/621
f 503/598/621 886/594/616 507/597/619
f 887/104/104 97/102/102 99/878/1003
f 887/104/104 99/878/1003 888/106/106
f 888/106/106 99/878/1003 101/350/354
f 888/106/106 101/350/354 889/108/109
f 889/108/109 101/350/354 46/349/352
f 47/353/357 890/47/46 46/349/352
f 46/349/352 890/47/46 889/108/109
f 891/48/47 890/47/46 47/353/357
f 892/646/695 891/48/47 47/353/357
f 893/54/54 892/646/695 50/356/360
f 50/356/360 892/646/695 47/353/357
f 893/54/54 50/356/360 894/55/56
f 894/55/56 50/356/360 52/357/363
f 894/55/56 52/357/363 895/58/57
f 895/58/57 52/357/363 54/360/364
f 896/59/58 895/58/57 54/360/364
f 897/61/61 896/59/58 56/362/365
f 56/362/365 896/59/58 54/360/364
f 897/61/61 56/362/365 898/63/64
f 898/63/64 56/362/365 58/66/66
f 898/63/64 58/66/66 899/443/456
f 899/443/456 58/66/66 351/65/65
f 899/443/456 351/65/65 900/444/457
f 900/444/457 351/65/65 350/69/68
f 900/444/457 350/69/68 901/441/453
f 901/441/453 350/69/68 349/70/70
f 902/90/89 88/94/97 87/153/153
f 87/153/153 88/94/97 89/93/96
f 903/88/88 902/90/89 85/155/154
f 85/155/154 902/90/89 87/153/153
f 904/86/86 903/88/88 83/157/156
f 83/157/156 903/88/88 85/155/154
f 905/84/84 904/86/86 81/159/432
f 81/159/432 904/86/86 83/157/156
f 906/82/82 905/84/84 79/425/433
f 79/425/433 905/84/84 81/159/432
f 907/80/80 906/82/82 77/427/435
f 77/427/435 906/82/82 79/425/433
f 1368/1389/1004 907/80/80 77/427/435
f 73/433/445 909/76/75 75/826/924
f 75/826/924 909/76/75 908/78/77
f 71/436/446 910/74/73 73/433/445
f 73/433/445 910/74/73 909/76/75
f 69/824/919 911/71/71 71/436/446
f 71/436/446 911/71/71 910/74/73
f 69/824/919 912/445/458 911/71/71
f 902/90/89 86/89/90 915/879/1005
f 915/879/1005 86/89/90 914/91/91
f 95/100/100 93/98/98 915/879/1005
f 902/90/89 915/879/1005 88/94/97
f 93/98/98 88/94/97 915/879/1005
f 869/347/353 914/91/91 290/92/92
f 915/879/1005 914/91/91 101/350/354
f 101/350/354 914/91/91 869/347/353
f 101/350/354 99/878/1003 915/879/1005
f 915/879/1005 99/878/1003 95/100/100
f 95/100/100 99/878/1003 97/102/102
f 63/142/142 900/444/457 493/585/607
f 349/70/70 62/68/69 916/442/455
f 916/442/455 62/68/69 64/366/370
f 916/442/455 64/366/370 66/446/459
f 66/446/459 64/366/370 68/72/72
f 916/442/455 66/446/459 913/440/454
f 913/440/454 66/446/459 912/445/458
f 65/880/1006 115/881/1007 493/585/607
f 493/585/607 115/881/1007 492/583/605
f 919/882/1008 918/883/1009 472/885/1010
f 472/885/1010 918/883/1009 116/884/1011
f 918/890/1009 67/886/1012 920/889/1013
f 67/886/1012 917/887/1014 920/889/1013
f 917/887/1014 117/888/1015 920/889/1013
f 116/884/1011 146/891/1016 472/885/1010
f 472/885/1010 146/891/1016 471/892/1017
f 115/881/1007 148/893/1018 492/583/605
f 492/583/605 148/893/1018 491/584/606
f 512/894/1019 147/895/1020 151/896/1021
f 921/899/1022 580/900/1023 920/898/1013
f 580/900/1023 581/897/1024 920/898/1013
f 146/891/1016 116/884/1011 581/897/1024
f 581/897/1024 116/884/1011 920/898/1013
f 471/892/1017 146/891/1016 470/571/592
f 470/571/592 146/891/1016 464/602/626
f 147/895/1020 473/636/681 151/896/1021
f 156/901/1025 922/902/1026 151/896/1021
f 496/904/1027 497/634/679 156/903/1025
f 156/903/1025 497/634/679 494/905/1028
f 306/906/1029 307/907/1030 501/591/613
f 307/907/1030 308/642/688 501/591/613
f 501/591/613 308/642/688 500/589/611
f 923/909/1031 313/910/1032 924/908/1033
f 924/908/1033 313/910/1032 314/911/1034
f 315/912/1035 924/908/1033 314/911/1034
f 308/642/688 307/907/1030 317/913/1036
f 317/913/1036 307/907/1030 316/914/1037
f 315/915/1035 318/916/1038 316/914/1037
f 316/914/1037 318/916/1038 319/917/1039
f 316/914/1037 319/917/1039 317/913/1036
f 317/913/1036 319/917/1039 320/918/1040
f 319/917/1039 318/916/1038 322/396/402
f 322/396/402 318/916/1038 321/397/400
f 326/401/405 320/918/1040 322/396/402
f 322/396/402 320/918/1040 319/917/1039
f 925/919/1041 156/901/1025 327/920/1042
f 151/896/1021 328/448/461 156/901/1025
f 156/901/1025 328/448/461 327/920/1042
f 493/585/607 900/444/457 65/880/1006
f 65/880/1006 900/444/457 901/441/453
f 353/500/513 313/910/1032 478/463/476
f 313/910/1032 327/920/1042 478/463/476
f 327/920/1042 352/452/467 478/463/476
f 314/911/1034 313/910/1032 353/500/513
f 315/912/1035 314/911/1034 396/499/512
f 396/499/512 314/911/1034 353/500/513
f 315/912/1035 396/499/512 395/498/511
f 395/498/511 396/499/512 393/496/509
f 146/891/1016 581/897/1024 464/602/626
f 464/602/626 581/897/1024 467/603/627
f 147/895/1020 471/892/1017 465/570/591
f 465/570/591 471/892/1017 470/571/592
f 927/921/1043 919/882/1008 512/894/1019
f 472/885/1010 471/892/1017 919/882/1008
f 147/895/1020 512/894/1019 471/892/1017
f 471/892/1017 512/894/1019 919/882/1008
f 465/570/591 469/574/596 147/895/1020
f 147/895/1020 469/574/596 473/636/681
f 495/922/1044 149/192/194 491/584/606
f 148/893/1018 495/922/1044 491/584/606
f 929/923/1045 928/924/1046 151/896/1021
f 925/919/1041 327/920/1042 930/925/1047
f 930/925/1047 327/920/1042 313/910/1032
f 502/593/615 306/906/1029 501/591/613
f 502/593/615 496/904/1027 306/906/1029
f 497/634/679 496/904/1027 157/587/609
f 157/587/609 496/904/1027 502/593/615
f 927/921/1043 512/894/1019 928/924/1046
f 928/924/1046 512/894/1019 151/896/1021
f 1239/1260/1048 824/605/632 466/421/427
f 497/634/679 150/193/195 494/905/1028
f 923/909/1031 930/925/1047 313/910/1032
f 151/896/1021 571/575/597 328/448/461
f 328/448/461 571/575/597 573/450/463
f 151/896/1021 473/636/681 579/635/680
f 151/896/1021 579/635/680 571/575/597
f 1180/1197/1049 1170/1187/1050 152/926/1051
f 1178/1195/1052 1181/1198/1053 1168/1185/1054
f 1168/1185/1054 1181/1198/1053 515/604/630
f 327/920/1042 328/448/461 740/447/460
f 327/920/1042 740/447/460 352/452/467
f 922/902/1026 929/923/1045 151/896/1021
f 494/905/1028 150/193/195 495/922/1044
f 495/922/1044 150/193/195 149/192/194
f 65/880/1006 901/441/453 67/886/1012
f 917/887/1014 913/440/454 69/824/919
f 69/824/919 913/440/454 912/445/458
f 117/888/1015 917/887/1014 69/824/919
f 67/886/1012 901/441/453 917/887/1014
f 917/887/1014 901/441/453 913/440/454
f 918/883/1009 920/898/1013 116/884/1011
f 924/927/1033 315/915/1035 307/907/1030
f 307/907/1030 315/915/1035 316/914/1037
f 923/928/1031 924/927/1033 306/906/1029
f 306/906/1029 924/927/1033 307/907/1030
f 923/928/1031 306/906/1029 930/929/1047
f 930/929/1047 306/906/1029 496/904/1027
f 925/930/1041 930/929/1047 496/904/1027
f 156/903/1025 925/930/1041 496/904/1027
f 922/931/1026 156/903/1025 494/905/1028
f 929/932/1045 922/931/1026 495/922/1044
f 495/922/1044 922/931/1026 494/905/1028
f 928/933/1046 929/932/1045 148/893/1018
f 148/893/1018 929/932/1045 495/922/1044
f 928/933/1046 148/893/1018 927/934/1043
f 927/934/1043 148/893/1018 115/881/1007
f 919/935/1008 927/934/1043 115/881/1007
f 115/881/1007 65/880/1006 919/935/1008
f 919/935/1008 65/880/1006 918/890/1009
f 918/890/1009 65/880/1006 67/886/1012
f 921/936/1022 920/889/1013 117/888/1015
f 621/937/1055 809/938/1056 620/651/1057
f 809/938/1056 805/813/900 620/651/1057
f 805/813/900 803/652/706 620/651/1057
f 809/938/1056 336/814/901 805/813/900
f 805/813/900 336/814/901 804/434/448
f 817/825/920 807/939/1058 69/824/919
f 69/824/919 807/939/1058 117/888/1015
f 926/940/1059 1213/1231/1060 921/899/1022
f 921/899/1022 1213/1231/1060 580/900/1023
f 1236/1257/1061 809/938/1056 932/941/1062
f 932/941/1062 809/938/1056 621/937/1055
f 807/939/1058 817/825/920 336/814/901
f 808/943/1063 1211/1228/1064 336/814/901
f 1211/1228/1064 807/939/1058 336/814/901
f 809/938/1056 808/943/1063 336/814/901
f 1212/1229/1065 1213/1231/1060 926/940/1059
f 152/926/1051 1214/1232/1066 1215/1233/1067
f 825/606/633 824/605/632 1233/1253/1068
f 1233/1253/1068 824/605/632 1232/1252/1069
f 921/936/1022 117/888/1015 926/947/1059
f 926/947/1059 117/888/1015 807/939/1058
f 931/942/1070 1227/1246/1071 808/943/1063
f 808/943/1063 1227/1246/1071 1211/1228/1064
f 1242/1263/1072 1241/1262/1073 1243/1264/1074
f 1237/1258/1075 1210/1227/1076 337/944/1077
f 337/944/1077 1210/1227/1076 826/946/1078
f 201/245/247 200/244/246 933/950/248
f 934/951/249 937/954/1079 202/246/1080
f 938/955/1081 934/951/249 202/246/1080
f 933/950/248 939/956/1082 934/951/249
f 934/951/249 938/955/1081 935/952/251
f 935/952/251 938/955/1081 940/957/1083
f 934/951/249 939/956/1082 937/954/1079
f 937/954/1079 939/956/1082 936/953/1084
f 940/957/1083 938/955/1081 203/247/1085
f 124/181/186 140/182/341 941/958/185
f 141/183/1086 941/958/185 287/342/346
f 287/342/346 941/958/185 140/182/341
f 941/958/185 141/183/1086 942/959/184
f 942/959/184 141/183/1086 626/655/1087
f 943/960/713 980/997/1088 625/654/1089
f 625/654/1089 980/997/1088 981/998/1090
f 944/961/707 993/1010/1091 624/653/1092
f 624/653/1092 993/1010/1091 625/654/1089
f 617/647/708 944/961/707 624/653/1092
f 27/27/27 946/962/1093 30/30/30
f 30/30/30 946/962/1093 945/963/1094
f 26/26/26 947/964/1095 27/27/27
f 27/27/27 947/964/1095 946/962/1093
f 28/28/28 948/965/1096 26/26/26
f 26/26/26 948/965/1096 947/964/1095
f 29/29/29 949/966/1097 28/28/28
f 28/28/28 949/966/1097 948/965/1096
f 951/967/1098 950/968/1099 29/29/29
f 29/29/29 950/968/1099 949/966/1097
f 24/24/24 952/969/1100 29/29/29
f 29/29/29 952/969/1100 951/967/1098
f 19/19/19 953/970/1101 24/24/24
f 24/24/24 953/970/1101 952/969/1100
f 14/14/14 954/971/1102 19/19/19
f 19/19/19 954/971/1102 953/970/1101
f 7/8/8 955/972/1103 14/14/14
f 14/14/14 955/972/1103 954/971/1102
f 8/7/7 956/973/1104 7/8/8
f 7/8/8 956/973/1104 955/972/1103
f 956/973/1104 8/7/7 957/974/1105
f 957/974/1105 8/7/7 34/34/34
f 957/974/1105 34/34/34 958/975/1106
f 958/975/1106 34/34/34 39/39/39
f 959/976/1107 958/975/1106 44/44/44
f 44/44/44 958/975/1106 39/39/39
f 961/977/1108 960/978/1109 44/44/44
f 44/44/44 960/978/1109 959/976/1107
f 44/44/44 43/43/43 961/977/1108
f 961/977/1108 43/43/43 962/979/1110
f 43/43/43 41/42/41 962/979/1110
f 962/979/1110 41/42/41 963/980/1111
f 41/42/41 42/41/42 963/980/1111
f 963/980/1111 42/41/42 964/981/1112
f 42/41/42 45/45/45 964/981/1112
f 964/981/1112 45/45/45 965/982/1113
f 973/990/1114 970/987/411 972/989/413
f 972/989/413 970/987/411 331/408/410
f 518/410/634 967/984/416 974/991/1115
f 974/991/1115 967/984/416 966/983/418
f 968/985/417 967/984/416 519/411/674
f 1173/1190/426 1174/1191/637 559/416/424
f 1184/1201/667 1390/1411/669 1172/1189/425
f 1172/1189/425 1390/1411/669 1187/1204/1116
f 974/991/1115 966/983/418 973/990/1114
f 973/990/1114 966/983/418 970/987/411
f 971/988/412 970/987/411 330/407/419
f 330/407/419 970/987/411 966/983/418
f 155/404/409 972/989/413 329/405/408
f 155/404/409 973/990/1114 972/989/413
f 154/406/595 974/991/1115 155/404/409
f 155/404/409 974/991/1115 973/990/1114
f 154/406/595 518/410/634 974/991/1115
f 975/992/414 972/989/413 331/408/410
f 85/155/154 977/994/1117 983/1000/1118
f 978/995/157 990/1007/1119 127/156/711
f 127/156/711 990/1007/1119 991/1008/712
f 85/155/154 126/154/155 977/994/1117
f 83/157/156 990/1007/1119 978/995/157
f 983/1000/1118 977/994/1117 982/999/1120
f 982/999/1120 977/994/1117 126/154/155
f 980/997/1088 982/999/1120 126/154/155
f 980/997/1088 942/959/184 981/998/1090
f 981/998/1090 942/959/184 626/655/1087
f 980/997/1088 126/154/155 942/959/184
f 980/997/1088 979/996/1121 982/999/1120
f 976/993/1122 983/1000/1118 979/996/1121
f 979/996/1121 983/1000/1118 982/999/1120
f 85/155/154 983/1000/1118 976/993/1122
f 984/1001/158 978/995/157 127/156/711
f 128/158/430 985/1002/160 989/1006/1123
f 989/1006/1123 985/1002/160 986/1003/159
f 83/157/156 985/1002/160 81/159/432
f 81/159/432 985/1002/160 128/158/430
f 986/1003/159 984/1001/158 987/1004/710
f 987/1004/710 984/1001/158 127/156/711
f 994/1011/1124 987/1004/710 127/156/711
f 83/157/156 984/1001/158 986/1003/159
f 128/158/430 989/1006/1123 987/1004/710
f 987/1004/710 989/1006/1123 986/1003/159
f 976/993/1122 990/1007/1119 85/155/154
f 85/155/154 990/1007/1119 83/157/156
f 990/1007/1119 976/993/1122 991/1008/712
f 991/1008/712 976/993/1122 979/996/1121
f 991/1008/712 979/996/1121 943/960/713
f 943/960/713 979/996/1121 980/997/1088
f 944/961/707 992/1009/1125 993/1010/1091
f 993/1010/1091 992/1009/1125 943/960/713
f 943/960/713 992/1009/1125 127/156/711
f 625/654/1089 993/1010/1091 943/960/713
f 992/1009/1125 994/1011/1124 127/156/711
f 987/1004/710 994/1011/1124 988/1005/709
f 988/1005/709 994/1011/1124 944/961/707
f 944/961/707 994/1011/1124 992/1009/1125
f 634/659/1126 739/662/1127 1012/1029/1128
f 739/662/1127 738/664/1129 996/1013/833
f 996/1013/833 738/664/1129 997/1014/831
f 738/664/1129 998/1015/724 997/1014/831
f 1013/1030/1130 1070/1087/1131 998/1015/724
f 1013/1030/1130 1014/1031/1132 999/1016/1133
f 999/1016/1133 1014/1031/1132 1003/1020/1134
f 1001/1018/1135 1000/1017/1136 739/662/1127
f 739/662/1127 1000/1017/1136 738/664/1129
f 739/662/1127 1011/1028/1137 1001/1018/1135
f 1001/1018/1135 1011/1028/1137 1002/1019/1138
f 691/665/1139 1016/1033/1140 1009/1026/1141
f 1009/1026/1141 1016/1033/1140 1017/1034/1142
f 691/665/1139 1066/1083/1143 1016/1033/1140
f 1005/1022/836 998/1015/724 1069/1086/726
f 1021/1038/1144 1022/1039/720 1006/1023/1145
f 1006/1023/1145 1022/1039/720 638/663/722
f 636/661/719 1007/1024/723 1024/1041/717
f 1024/1041/717 1007/1024/723 1023/1040/721
f 1019/1036/784 1020/1037/1146 1008/1025/786
f 1008/1025/786 1020/1037/1146 1015/1032/1147
f 1017/1034/1142 1018/1035/783 1009/1026/1141
f 1009/1026/1141 1018/1035/783 641/714/785
f 1070/1087/1131 1013/1030/1130 999/1016/1133
f 634/659/1126 1011/1028/1137 739/662/1127
f 1012/1029/1128 739/662/1127 995/1012/835
f 995/1012/835 739/662/1127 996/1013/833
f 1013/1030/1130 998/1015/724 738/664/1129
f 1014/1031/1132 1013/1030/1130 1000/1017/1136
f 1000/1017/1136 1013/1030/1130 738/664/1129
f 1020/1037/1146 1021/1038/1144 1015/1032/1147
f 1015/1032/1147 1021/1038/1144 1006/1023/1145
f 1066/1083/1143 1067/1084/1148 1016/1033/1140
f 1016/1033/1140 1067/1084/1148 999/1016/1133
f 1017/1034/1142 1016/1033/1140 1003/1020/1134
f 1003/1020/1134 1016/1033/1140 999/1016/1133
f 1018/1035/783 1017/1034/1142 1003/1020/1134
f 1019/1036/784 1018/1035/783 1003/1020/1134
f 1020/1037/1146 1019/1036/784 1014/1031/1132
f 1014/1031/1132 1019/1036/784 1003/1020/1134
f 1020/1037/1146 1014/1031/1132 1021/1038/1144
f 1021/1038/1144 1014/1031/1132 1000/1017/1136
f 1022/1039/720 1021/1038/1144 1000/1017/1136
f 1000/1017/1136 1023/1040/721 1022/1039/720
f 1024/1041/717 1023/1040/721 1001/1018/1135
f 1001/1018/1135 1023/1040/721 1000/1017/1136
f 1001/1018/1135 1002/1019/1138 1024/1041/717
f 1024/1041/717 1002/1019/1138 635/660/718
f 209/255/258 449/164/165 1026/1043/873
f 209/255/258 1026/1043/873 779/630/665
f 779/630/665 1026/1043/873 1025/1042/690
f 132/561/574 1027/1044/691 1031/1048/572
f 1030/1047/875 1031/1048/572 1025/1042/690
f 1027/1044/691 1025/1042/690 1031/1048/572
f 1029/1046/872 1028/1045/880 780/559/1149
f 780/559/1149 1028/1045/880 781/560/877
f 1030/1047/875 1034/1051/874 780/559/1149
f 780/559/1149 1034/1051/874 1029/1046/872
f 1031/1048/572 1030/1047/875 780/559/1149
f 780/559/1149 781/560/877 1031/1048/572
f 1031/1048/572 781/560/877 1032/1049/573
f 1033/1050/662 1032/1049/573 781/560/877
f 1035/1052/664 1036/1053/663 1037/1054/1150
f 1036/1053/663 1033/1050/662 782/542/876
f 782/542/876 1033/1050/662 781/560/877
f 782/542/876 1037/1054/1150 1036/1053/663
f 108/544/557 1037/1054/1150 1038/1055/555
f 1035/1052/664 1037/1054/1150 108/544/557
f 1038/1055/555 1037/1054/1150 782/542/876
f 782/542/876 585/543/556 1038/1055/555
f 449/164/165 506/163/164 1039/1056/576
f 503/598/621 510/563/1151 506/163/164
f 506/163/164 510/563/1151 1039/1056/576
f 510/563/1151 1042/1059/577 1039/1056/576
f 510/563/1151 503/598/621 1040/1057/661
f 503/598/621 442/553/566 1040/1057/661
f 103/601/625 1041/1058/623 442/553/566
f 442/553/566 1041/1058/623 1040/1057/661
f 1040/1057/661 1042/1059/577 510/563/1151
f 1042/1059/577 1040/1057/661 451/562/575
f 451/562/575 1040/1057/661 511/564/622
f 1029/1046/872 451/562/575 1028/1045/880
f 1028/1045/880 451/562/575 511/564/622
f 1045/1062/879 1028/1045/880 1043/1060/883
f 1043/1060/883 1028/1045/880 511/564/622
f 1043/1060/883 511/564/622 1044/1061/882
f 1044/1061/882 511/564/622 785/600/624
f 1046/1063/878 1045/1062/879 435/639/684
f 435/639/684 1045/1062/879 1043/1060/883
f 108/544/557 1047/1064/1152 1035/1052/664
f 461/127/590 1048/1065/127 582/569/685
f 1048/1065/127 1059/1076/589 582/569/685
f 582/569/685 1059/1076/589 1051/1068/1153
f 453/128/1154 1049/1066/128 461/127/590
f 461/127/590 1049/1066/128 1048/1065/127
f 1060/1077/580 454/165/169 1053/1070/1155
f 1053/1070/1155 454/165/169 1054/1071/579
f 1050/1067/167 1054/1071/579 454/165/169
f 1058/1075/588 460/129/129 1056/1073/584
f 1056/1073/584 460/129/129 1055/1072/578
f 1049/1066/128 1052/1069/1156 1057/1074/1157
f 1057/1074/1157 1052/1069/1156 1053/1070/1155
f 1035/1052/664 1056/1073/584 452/567/583
f 1047/1064/1152 1058/1075/588 1035/1052/664
f 1035/1052/664 1058/1075/588 1056/1073/584
f 1047/1064/1152 1051/1068/1153 1058/1075/588
f 1058/1075/588 1051/1068/1153 1059/1076/589
f 582/569/685 1051/1068/1153 108/544/557
f 108/544/557 1051/1068/1153 1047/1064/1152
f 453/128/1154 1052/1069/1156 1049/1066/128
f 1053/1070/1155 1052/1069/1156 1060/1077/580
f 1060/1077/580 1052/1069/1156 453/128/1154
f 1063/1080/1158 1064/1081/585 109/565/587
f 609/633/677 1062/1079/693 109/565/587
f 109/565/587 1062/1079/693 1063/1080/1158
f 1063/1080/1158 1062/1079/693 1061/1078/581
f 1061/1078/581 1060/1077/580 1063/1080/1158
f 1063/1080/1158 1060/1077/580 1064/1081/585
f 453/128/1154 1064/1081/585 1060/1077/580
f 1064/1081/585 453/128/1154 1065/1082/586
f 461/127/590 487/568/678 453/128/1154
f 487/568/678 1065/1082/586 453/128/1154
f 1049/1066/128 1057/1074/1157 460/129/129
f 460/129/129 1057/1074/1157 1055/1072/578
f 1055/1072/578 1057/1074/1157 1054/1071/579
f 1054/1071/579 1057/1074/1157 1053/1070/1155
f 691/665/1139 1278/1299/1159 1066/1083/1143
f 1278/1299/1159 691/665/1139 1004/1021/1160
f 1068/1085/725 1278/1299/1159 1010/1027/1161
f 1069/1086/726 1068/1085/725 640/666/1162
f 1005/1022/836 1069/1086/726 640/666/1162
f 1070/1087/1131 1278/1299/1159 1068/1085/725
f 998/1015/724 1070/1087/1131 1068/1085/725
f 999/1016/1133 1067/1084/1148 1070/1087/1131
f 1078/1095/439 1079/1096/1163 821/428/437
f 821/428/437 1079/1096/1163 1071/1088/925
f 1082/1099/702 1340/1361/703 1081/1098/1164
f 1081/1098/1164 1340/1361/703 1341/1362/1165
f 1087/1104/1166 1338/1359/1167 1083/1100/700
f 1083/1100/700 1338/1359/1167 1339/1360/701
f 1328/1349/1168 1359/1380/1169 822/429/1170
f 1078/1095/439 1077/1094/440 1105/1122/1171
f 1105/1122/1171 1077/1094/440 1097/1114/1172
f 1099/1116/1173 1079/1096/1163 1202/1219/1174
f 1079/1096/1163 1078/1095/439 1202/1219/1174
f 1078/1095/439 1098/1115/1175 1202/1219/1174
f 1080/1097/704 1089/1106/444 1101/1118/1176
f 1072/1089/1177 1345/1366/1178 1346/1367/1179
f 341/430/1180 1344/1365/1181 1072/1089/1177
f 1072/1089/1177 1344/1365/1181 1345/1366/1178
f 341/430/1180 1075/1092/1182 1344/1365/1181
f 1344/1365/1181 1075/1092/1182 1343/1364/1183
f 1328/1349/1168 1331/1352/1184 1337/1358/1185
f 1337/1358/1185 1331/1352/1184 1336/1357/1186
f 1090/1107/443 1089/1106/444 342/431/447
f 342/431/447 1089/1106/444 1080/1097/704
f 1076/1093/1187 1091/1108/1188 1094/1111/1189
f 1092/1109/1190 1091/1108/1188 619/650/1191
f 619/650/1191 1091/1108/1188 1076/1093/1187
f 1093/1110/1192 1092/1109/1190 1073/1090/1193
f 1073/1090/1193 1092/1109/1190 619/650/1191
f 620/651/1057 1095/1112/1194 1073/1090/1193
f 1073/1090/1193 1095/1112/1194 1093/1110/1192
f 803/652/706 1086/1103/705 1342/1363/1195
f 1342/1363/1195 1086/1103/705 1341/1362/1165
f 1341/1362/1165 1086/1103/705 1081/1098/1164
f 1361/1382/1196 1325/1346/1197 1354/1375/1198
f 1354/1375/1198 1325/1346/1197 1075/1092/1182
f 341/430/1180 1353/1374/1199 1075/1092/1182
f 1075/1092/1182 1353/1374/1199 1354/1375/1198
f 1102/1119/1200 1104/1121/1201 1072/1089/1177
f 1072/1089/1177 1104/1121/1201 341/430/1180
f 1107/1124/1202 1108/1125/1203 1349/1370/1204
f 1349/1370/1204 1108/1125/1203 1348/1369/1205
f 1079/1096/1163 1085/1102/442 1071/1088/925
f 1071/1088/925 1085/1102/442 820/432/441
f 1106/1123/1206 1085/1102/442 1099/1116/1173
f 1099/1116/1173 1085/1102/442 1079/1096/1163
f 1101/1118/1176 1089/1106/444 1347/1368/1207
f 1347/1368/1207 1089/1106/444 1085/1102/442
f 1080/1097/704 1101/1118/1176 1103/1120/1208
f 1103/1120/1208 1346/1367/1179 1080/1097/704
f 1201/1218/1209 1350/1371/1210 1104/1121/1201
f 1104/1121/1201 1350/1371/1210 1351/1372/1211
f 1104/1121/1201 1351/1372/1211 341/430/1180
f 341/430/1180 1351/1372/1211 1352/1373/1212
f 1352/1373/1212 1353/1374/1199 341/430/1180
f 1078/1095/439 1105/1122/1171 1098/1115/1175
f 1108/1125/1203 1355/1376/1213 1348/1369/1205
f 1348/1369/1205 1355/1376/1213 1356/1377/1214
f 1107/1124/1202 1201/1218/1209 1102/1119/1200
f 1102/1119/1200 1201/1218/1209 1104/1121/1201
f 1102/1119/1200 1108/1125/1203 1107/1124/1202
f 1102/1119/1200 1355/1376/1213 1108/1125/1203
f 1118/1135/1215 1119/1136/1216 846/848/1217
f 1114/1131/1218 1122/1139/1219 1110/1127/1220
f 1110/1127/1220 1122/1139/1219 1124/1141/1221
f 1110/1127/1220 1124/1141/1221 1111/1128/1222
f 1124/1141/1221 1125/1142/1223 1111/1128/1222
f 1111/1128/1222 1125/1142/1223 1112/1129/1224
f 1126/1143/1225 1115/1132/1226 1125/1142/1223
f 1125/1142/1223 1115/1132/1226 1112/1129/1224
f 1114/1131/1218 1132/1149/1227 1109/1126/960
f 1109/1126/960 1132/1149/1227 844/846/958
f 1116/1133/963 1191/1208/964 1117/1134/1228
f 1117/1134/1228 1191/1208/964 1192/1209/1229
f 1117/1134/1228 1192/1209/1229 1128/1145/1230
f 1128/1145/1230 1192/1209/1229 1193/1210/1231
f 850/871/1232 1115/1132/1226 1131/1148/1233
f 1118/1135/1215 1122/1139/1219 1123/1140/1234
f 1121/1138/1235 1119/1136/1216 1123/1140/1234
f 1123/1140/1234 1119/1136/1216 1118/1135/1215
f 851/854/975 1120/1137/973 852/853/1236
f 845/847/959 852/853/1236 1121/1138/1235
f 852/853/1236 1120/1137/973 1121/1138/1235
f 1121/1138/1235 1120/1137/973 1119/1136/1216
f 1122/1139/1219 1114/1131/1218 1123/1140/1234
f 1123/1140/1234 1114/1131/1218 1109/1126/960
f 845/847/959 1121/1138/1235 1109/1126/960
f 1109/1126/960 1121/1138/1235 1123/1140/1234
f 1122/1139/1219 1118/1135/1215 1124/1141/1221
f 1124/1141/1221 1118/1135/1215 846/848/1217
f 1125/1142/1223 1124/1141/1221 846/848/1217
f 1115/1132/1226 1126/1143/1225 1113/1130/974
f 1113/1130/974 1126/1143/1225 1127/1144/972
f 1127/1144/972 1126/1143/1225 846/848/1217
f 846/848/1217 1126/1143/1225 1125/1142/1223
f 1120/1137/973 1127/1144/972 1119/1136/1216
f 1119/1136/1216 1127/1144/972 846/848/1217
f 1193/1210/1231 1194/1211/968 1128/1145/1230
f 1128/1145/1230 1194/1211/968 848/850/970
f 1129/1146/971 1195/1212/969 879/852/996
f 879/852/996 1195/1212/969 1196/1213/994
f 850/871/1232 1130/1147/995 1197/1214/1237
f 1115/1132/1226 1113/1130/974 1131/1148/1233
f 1131/1148/1233 1113/1130/974 851/854/975
f 849/851/965 1132/1149/1227 1114/1131/1218
f 1133/1150/967 1189/1206/966 847/849/961
f 847/849/961 1189/1206/966 1190/1207/962
f 1207/1224/1238 1208/1225/1239 1203/1220/1240
f 1136/1153/911 1135/1152/912 813/818/1241
f 1137/1154/913 1136/1153/911 813/818/1241
f 1138/1155/921 1137/1154/913 813/818/1241
f 1139/1156/917 1138/1155/921 813/818/1241
f 813/818/1241 1204/1221/1242 1139/1156/917
f 1204/1221/1242 1205/1222/918 1139/1156/917
f 1203/1220/1240 1206/1223/1243 813/818/1241
f 1134/1151/906 1319/1340/1244 1141/1158/904
f 1141/1158/904 1319/1340/1244 811/816/902
f 1142/1159/780 1275/1296/734 656/686/751
f 656/686/751 1275/1296/734 647/671/732
f 655/681/752 1143/1160/743 648/682/742
f 690/683/782 1144/1161/747 1274/1295/781
f 1274/1295/781 1144/1161/747 1273/1294/745
f 771/791/867 773/793/1245 1145/1162/868
f 1146/1163/871 771/791/867 774/794/869
f 775/795/1246 771/791/867 1147/1164/1247
f 1147/1164/1247 771/791/867 776/796/870
f 771/791/867 1148/1165/1248 773/793/1245
f 771/791/867 772/792/1249 1148/1165/1248
f 1149/1166/865 769/786/862 767/788/1250
f 1150/1167/1251 769/786/862 766/790/864
f 763/789/866 769/786/862 1150/1167/1251
f 769/786/862 1151/1168/1252 767/788/1250
f 769/786/862 765/787/1253 1151/1168/1252
f 769/786/862 1152/1169/863 765/787/1253
f 1153/1170/1254 724/740/812 719/741/815
f 720/742/813 724/740/812 1153/1170/1254
f 724/740/812 783/743/881 1154/1171/814
f 718/745/816 722/746/1255 724/740/812
f 724/740/812 722/746/1255 1155/1172/818
f 1269/1290/1256 1270/1291/934 832/832/935
f 1268/1289/1257 1269/1290/1256 832/832/935
f 1384/1405/948 1267/1288/949 1385/1406/1258
f 1158/1175/938 831/831/937 834/834/1259
f 1158/1175/938 834/834/1259 1159/1176/956
f 1159/1176/956 834/834/1259 840/845/1260
f 835/844/1261 1160/1177/957 1199/1216/1262
f 1161/1178/952 1160/1177/957 842/842/1263
f 842/842/1263 1160/1177/957 835/844/1261
f 833/840/1264 1162/1179/953 1200/1217/1265
f 1200/1217/1265 1162/1179/953 1161/1178/952
f 877/843/1266 1163/1180/1267 833/840/1264
f 833/840/1264 1163/1180/1267 1162/1179/953
f 827/827/1268 1164/1181/1269 877/843/1266
f 877/843/1266 1164/1181/1269 1163/1180/1267
f 828/828/1270 1165/1182/1271 827/827/1268
f 827/827/1268 1165/1182/1271 1164/1181/1269
f 1163/1180/1267 1166/1183/955 1162/1179/953
f 1162/1179/953 1166/1183/955 841/841/954
f 1164/1181/1269 1167/1184/931 1163/1180/1267
f 1163/1180/1267 1167/1184/931 1166/1183/955
f 1165/1182/1271 829/829/932 1164/1181/1269
f 1164/1181/1269 829/829/932 1167/1184/931
f 514/413/1272 1383/1404/629 516/573/594
f 467/603/627 1178/1195/1052 1168/1185/1054
f 580/900/1023 1170/1187/1050 581/897/1024
f 1170/1187/1050 1248/1269/1273 581/897/1024
f 581/897/1024 1248/1269/1273 1169/1186/1274
f 514/413/1272 1387/1408/628 467/603/627
f 1175/1192/420 1188/1205/1275 559/416/424
f 1172/1189/425 1187/1204/1116 969/986/1276
f 1173/1190/426 1172/1189/425 333/420/675
f 333/420/675 1172/1189/425 969/986/1276
f 1173/1190/426 333/420/675 1174/1191/637
f 333/420/675 967/984/416 1174/1191/637
f 967/984/416 518/410/634 1174/1191/637
f 153/415/636 1174/1191/637 518/410/634
f 153/415/636 1175/1192/420 559/416/424
f 1176/1193/421 1175/1192/420 513/412/635
f 513/412/635 1175/1192/420 153/415/636
f 1387/1408/628 514/413/1272 1176/1193/421
f 467/603/627 1168/1185/1054 514/413/1272
f 581/897/1024 1169/1186/1274 467/603/627
f 467/603/627 1169/1186/1274 1177/1194/1277
f 152/926/1051 1183/1200/1278 1180/1197/1049
f 467/603/627 1177/1194/1277 1178/1195/1052
f 1251/1272/1279 1178/1195/1052 1177/1194/1277
f 1246/1267/1280 1249/1270/1281 1169/1186/1274
f 1169/1186/1274 1249/1270/1281 1177/1194/1277
f 1247/1268/1282 1248/1269/1273 1170/1187/1050
f 515/604/630 1182/1199/1283 1240/1261/1284
f 1239/1260/1048 1240/1261/1284 1182/1199/1283
f 1252/1273/1285 1181/1198/1053 1179/1196/1286
f 152/926/1051 1182/1199/1283 1183/1200/1278
f 1252/1273/1285 1180/1197/1049 1183/1200/1278
f 1180/1197/1049 1252/1273/1285 1179/1196/1286
f 515/604/630 1181/1198/1053 1253/1274/1287
f 559/416/424 1188/1205/1275 1172/1189/425
f 1188/1205/1275 1175/1192/420 468/414/422
f 1186/1203/1288 1185/1202/672 561/417/673
f 1186/1203/1288 561/417/673 1187/1204/1116
f 1187/1204/1116 561/417/673 1171/1188/671
f 1187/1204/1116 1171/1188/671 969/986/1276
f 969/986/1276 1171/1188/671 335/419/1289
f 1171/1188/671 560/418/670 335/419/1289
f 468/414/422 1389/1410/668 1188/1205/1275
f 1188/1205/1275 1389/1410/668 1184/1201/667
f 1172/1189/425 1188/1205/1275 1184/1201/667
f 849/851/965 1114/1131/1218 1189/1206/966
f 1189/1206/966 1114/1131/1218 1110/1127/1220
f 1190/1207/962 1189/1206/966 1110/1127/1220
f 1190/1207/962 1110/1127/1220 1191/1208/964
f 1191/1208/964 1110/1127/1220 1111/1128/1222
f 1194/1211/968 1193/1210/1231 1111/1128/1222
f 1191/1208/964 1111/1128/1222 1192/1209/1229
f 1193/1210/1231 1192/1209/1229 1111/1128/1222
f 1112/1129/1224 1195/1212/969 1111/1128/1222
f 1111/1128/1222 1195/1212/969 1194/1211/968
f 1196/1213/994 1195/1212/969 1112/1129/1224
f 1112/1129/1224 1197/1214/1237 1196/1213/994
f 1196/1213/994 1197/1214/1237 1130/1147/995
f 1115/1132/1226 1197/1214/1237 1112/1129/1224
f 850/871/1232 1197/1214/1237 1115/1132/1226
f 1263/1284/939 1156/1173/941 1262/1283/1290
f 1262/1283/1290 1156/1173/941 1261/1282/992
f 1199/1216/1262 1160/1177/957 840/845/1260
f 840/845/1260 1160/1177/957 1159/1176/956
f 1200/1217/1265 1161/1178/952 842/842/1263
f 1350/1371/1210 1201/1218/1209 1349/1370/1204
f 1349/1370/1204 1201/1218/1209 1107/1124/1202
f 1209/1226/1291 1140/1157/905 1206/1223/1243
f 1206/1223/1243 1140/1157/905 1204/1221/1242
f 1140/1157/905 1205/1222/918 1204/1221/1242
f 812/817/903 1205/1222/918 1140/1157/905
f 813/818/1241 1206/1223/1243 1204/1221/1242
f 1135/1152/912 1207/1224/1238 813/818/1241
f 813/818/1241 1207/1224/1238 1203/1220/1240
f 1208/1225/1239 1207/1224/1238 1134/1151/906
f 1135/1152/912 1134/1151/906 1207/1224/1238
f 1140/1157/905 1209/1226/1291 1141/1158/904
f 1209/1226/1291 1208/1225/1239 1141/1158/904
f 1134/1151/906 1141/1158/904 1208/1225/1239
f 1208/1225/1239 1209/1226/1291 1203/1220/1240
f 1203/1220/1240 1209/1226/1291 1206/1223/1243
f 932/949/1062 622/948/1292 1210/1227/1076
f 1210/1227/1076 622/948/1292 826/946/1078
f 1211/1228/1064 1212/1230/1065 807/939/1058
f 807/939/1058 1212/1230/1065 926/947/1059
f 1227/1246/1071 1228/1247/1293 1211/1228/1064
f 1216/1234/1294 1214/1232/1066 580/900/1023
f 580/900/1023 1214/1232/1066 1170/1187/1050
f 1214/1232/1066 152/926/1051 1170/1187/1050
f 1234/1254/1295 1231/1251/1296 1216/1234/1294
f 1216/1234/1294 1231/1251/1296 1214/1232/1066
f 1215/1233/1067 1235/1255/1297 824/605/632
f 824/605/632 1235/1255/1297 1232/1252/1069
f 1213/1231/1060 1216/1234/1294 580/900/1023
f 1217/1235/1298 1238/1259/1299 1218/1236/1300
f 338/422/428 1219/1237/1301 623/656/714
f 1221/1239/1302 1219/1237/1301 1217/1235/1298
f 1220/1238/1303 1218/1236/1300 622/948/1292
f 622/948/1292 1218/1236/1300 826/946/1078
f 1221/1239/1302 1217/1235/1298 1220/1238/1303
f 1220/1238/1303 1217/1235/1298 1218/1236/1300
f 623/656/714 1219/1237/1301 1221/1239/1302
f 1210/1227/1076 1236/1256/1061 932/949/1062
f 1229/1248/1304 1230/1250/1305 1212/1229/1065
f 1212/1229/1065 1230/1250/1305 1213/1231/1060
f 1228/1247/1293 1229/1249/1304 1211/1228/1064
f 1211/1228/1064 1229/1249/1304 1212/1230/1065
f 337/944/1077 1224/1243/1306 1237/1258/1075
f 1237/1258/1075 1224/1243/1306 1223/1242/1307
f 1224/1243/1306 337/944/1077 1225/1244/1308
f 1225/1244/1308 337/944/1077 1226/1245/1309
f 337/944/1077 826/946/1078 1226/1245/1309
f 931/942/1070 1222/1241/1310 1227/1246/1071
f 1227/1246/1071 1222/1241/1310 1228/1247/1293
f 1229/1249/1304 1228/1247/1293 1222/1241/1310
f 1222/1240/1310 1223/1242/1307 1229/1248/1304
f 1229/1248/1304 1223/1242/1307 1230/1250/1305
f 1223/1242/1307 1224/1243/1306 1230/1250/1305
f 1231/1251/1296 1234/1254/1295 1224/1243/1306
f 1224/1243/1306 1234/1254/1295 1230/1250/1305
f 1235/1255/1297 1231/1251/1296 1225/1244/1308
f 1225/1244/1308 1231/1251/1296 1224/1243/1306
f 1232/1252/1069 1225/1244/1308 1233/1253/1068
f 1233/1253/1068 1225/1244/1308 1226/1245/1309
f 826/946/1078 1218/1236/1300 1226/1245/1309
f 1226/1245/1309 1218/1236/1300 1238/1259/1299
f 1214/1232/1066 1231/1251/1296 1215/1233/1067
f 1215/1233/1067 1231/1251/1296 1235/1255/1297
f 1230/1250/1305 1234/1254/1295 1213/1231/1060
f 1213/1231/1060 1234/1254/1295 1216/1234/1294
f 931/945/1070 1236/1256/1061 1210/1227/1076
f 809/938/1056 1236/1257/1061 808/943/1063
f 808/943/1063 1236/1257/1061 931/942/1070
f 1237/1258/1075 1223/1242/1307 931/945/1070
f 931/945/1070 1223/1242/1307 1222/1240/1310
f 931/945/1070 1210/1227/1076 1237/1258/1075
f 1232/1252/1069 1235/1255/1297 1225/1244/1308
f 1233/1253/1068 1238/1259/1299 1241/1262/1073
f 1241/1262/1073 1238/1259/1299 1217/1235/1298
f 1226/1245/1309 1238/1259/1299 1233/1253/1068
f 1239/1260/1048 1182/1199/1283 152/926/1051
f 152/926/1051 1215/1233/1067 1239/1260/1048
f 1239/1260/1048 1215/1233/1067 824/605/632
f 466/421/427 1240/1261/1284 1239/1260/1048
f 515/604/630 1240/1261/1284 466/421/427
f 1243/1264/1074 1219/1237/1301 1242/1263/1072
f 1242/1263/1072 1219/1237/1301 338/422/428
f 1242/1263/1072 338/422/428 1244/1265/1311
f 466/421/427 1244/1265/1311 338/422/428
f 1245/1266/631 825/606/633 1244/1265/1311
f 1244/1265/1311 825/606/633 1242/1263/1072
f 466/421/427 1245/1266/631 1244/1265/1311
f 466/421/427 824/605/632 1245/1266/631
f 1219/1237/1301 1243/1264/1074 1217/1235/1298
f 1217/1235/1298 1243/1264/1074 1241/1262/1073
f 1233/1253/1068 1241/1262/1073 825/606/633
f 825/606/633 1241/1262/1073 1242/1263/1072
f 1180/1197/1049 1247/1268/1282 1170/1187/1050
f 1247/1268/1282 1250/1271/1312 1246/1267/1280
f 1246/1267/1280 1250/1271/1312 1249/1270/1281
f 1169/1186/1274 1248/1269/1273 1246/1267/1280
f 1246/1267/1280 1248/1269/1273 1247/1268/1282
f 1250/1271/1312 1251/1272/1279 1249/1270/1281
f 1249/1270/1281 1251/1272/1279 1177/1194/1277
f 1250/1271/1312 1247/1268/1282 1180/1197/1049
f 1180/1197/1049 1179/1196/1286 1250/1271/1312
f 1250/1271/1312 1179/1196/1286 1251/1272/1279
f 1179/1196/1286 1181/1198/1053 1251/1272/1279
f 1251/1272/1279 1181/1198/1053 1178/1195/1052
f 1183/1200/1278 1182/1199/1283 1252/1273/1285
f 1252/1273/1285 1253/1274/1287 1181/1198/1053
f 1182/1199/1283 1253/1274/1287 1252/1273/1285
f 515/604/630 1253/1274/1287 1182/1199/1283
f 1259/1280/950 1260/1281/993 1157/1174/951
f 1384/1405/948 1258/1279/945 1257/1278/944
f 837/839/1313 1259/1280/950 1266/1287/1314
f 1266/1287/1314 1259/1280/950 1257/1278/944
f 1255/1276/1315 1260/1281/993 837/839/1313
f 837/839/1313 1260/1281/993 1259/1280/950
f 1261/1282/992 1260/1281/993 878/835/1316
f 878/835/1316 1260/1281/993 1255/1276/1315
f 1262/1283/1290 1261/1282/992 1254/1275/1317
f 1254/1275/1317 1261/1282/992 878/835/1316
f 1263/1284/939 1262/1283/1290 1198/1215/1318
f 1198/1215/1318 1262/1283/1290 1254/1275/1317
f 1264/1285/940 1263/1284/939 1256/1277/1319
f 1256/1277/1319 1263/1284/939 1198/1215/1318
f 831/831/937 1265/1286/942 1256/1277/1319
f 1256/1277/1319 1265/1286/942 1264/1285/940
f 1266/1287/1314 1257/1278/944 836/837/946
f 1268/1289/1257 1267/1288/949 1157/1174/951
f 1157/1174/951 1156/1173/941 1268/1289/1257
f 1268/1289/1257 1156/1173/941 1269/1290/1256
f 1270/1291/934 1269/1290/1256 1265/1286/942
f 1265/1286/942 1269/1290/1256 1156/1173/941
f 831/831/937 830/830/933 1270/1291/934
f 831/831/937 1270/1291/934 1265/1286/942
f 1273/1294/745 1272/1293/744 1274/1295/781
f 1274/1295/781 1272/1293/744 1277/1298/1320
f 1277/1298/1320 1275/1296/734 1274/1295/781
f 657/684/746 1276/1297/748 1272/1293/744
f 1277/1298/1320 1272/1293/744 649/673/733
f 649/673/733 1272/1293/744 1271/1292/749
f 649/673/733 1275/1296/734 1277/1298/1320
f 1278/1299/1159 1070/1087/1131 1067/1084/1148
f 1067/1084/1148 1066/1083/1143 1278/1299/1159
f 640/666/1162 1068/1085/725 1010/1027/1161
f 1010/1027/1161 1278/1299/1159 1004/1021/1160
f 1289/1310/1321 617/647/708 1281/1302/1322
f 1290/1311/436 1287/1308/1323 340/426/434
f 340/426/434 1287/1308/1323 1280/1301/1324
f 1285/1306/1325 1291/1312/1326 1323/1344/1327
f 1283/1304/1328 1292/1313/1329 1284/1305/1330
f 1284/1305/1330 1292/1313/1329 1291/1312/1326
f 1284/1305/1330 1291/1312/1326 1285/1306/1325
f 1293/1314/1331 1282/1303/1332 823/649/1333
f 823/649/1333 1282/1303/1332 1279/1300/1334
f 1088/1105/1335 1293/1314/1331 1084/1101/1336
f 1084/1101/1336 1293/1314/1331 823/649/1333
f 1293/1314/1331 1088/1105/1335 1292/1313/1329
f 1292/1313/1329 1088/1105/1335 1087/1104/1166
f 1282/1303/1332 1293/1314/1331 1283/1304/1328
f 1283/1304/1328 1293/1314/1331 1292/1313/1329
f 339/424/431 1363/1384/1337 1290/1311/436
f 1290/1311/436 1363/1384/1337 1297/1318/1338
f 1297/1318/1338 1363/1384/1337 1288/1309/1339
f 1288/1309/1339 1364/1385/1340 1367/1388/1341
f 1310/1331/1342 1313/1334/1343 1295/1316/1344
f 1295/1316/1344 1313/1334/1343 1314/1335/1345
f 1295/1316/1344 1315/1336/1346 1316/1337/1347
f 1295/1316/1344 1316/1337/1347 1294/1315/699
f 1294/1315/699 1316/1337/1347 1305/1326/929
f 1294/1315/699 1309/1330/697 1295/1316/1344
f 1295/1316/1344 1309/1330/697 1310/1331/1342
f 1314/1335/1345 1315/1336/1346 1295/1316/1344
f 1296/1317/698 1306/1327/930 1298/1319/1348
f 1308/1329/696 1317/1338/1349 1307/1328/1350
f 1287/1308/1323 1290/1311/436 1297/1318/1338
f 1287/1308/1323 1297/1318/1338 1307/1328/1350
f 1307/1328/1350 1297/1318/1338 1299/1320/1351
f 1300/1321/1352 1299/1320/1351 1288/1309/1339
f 1288/1309/1339 1299/1320/1351 1297/1318/1338
f 1301/1322/1353 1300/1321/1352 1288/1309/1339
f 618/648/1354 1302/1323/1355 1281/1302/1322
f 1302/1323/1355 1312/1333/1356 1281/1302/1322
f 618/648/1354 1279/1300/1334 1302/1323/1355
f 1279/1300/1334 1282/1303/1332 1302/1323/1355
f 1282/1303/1332 1303/1324/1357 1302/1323/1355
f 1303/1324/1357 1282/1303/1332 1304/1325/1358
f 1304/1325/1358 1282/1303/1332 1283/1304/1328
f 1304/1325/1358 1283/1304/1328 1305/1326/929
f 1305/1326/929 1283/1304/1328 1284/1305/1330
f 1285/1306/1325 1305/1326/929 1284/1305/1330
f 1371/1392/1359 1306/1327/930 1286/1307/1360
f 1305/1326/929 1285/1306/1325 1306/1327/930
f 1306/1327/930 1285/1306/1325 1286/1307/1360
f 1317/1338/1349 1287/1308/1323 1307/1328/1350
f 1308/1329/696 1307/1328/1350 1299/1320/1351
f 1309/1330/697 1308/1329/696 1300/1321/1352
f 1300/1321/1352 1308/1329/696 1299/1320/1351
f 1309/1330/697 1300/1321/1352 1310/1331/1342
f 1310/1331/1342 1300/1321/1352 1301/1322/1353
f 1313/1334/1343 1310/1331/1342 1312/1333/1356
f 1312/1333/1356 1310/1331/1342 1301/1322/1353
f 1302/1323/1355 1303/1324/1357 1311/1332/1361
f 1313/1334/1343 1312/1333/1356 1311/1332/1361
f 1311/1332/1361 1312/1333/1356 1302/1323/1355
f 1314/1335/1345 1313/1334/1343 1311/1332/1361
f 1303/1324/1357 1315/1336/1346 1311/1332/1361
f 1311/1332/1361 1315/1336/1346 1314/1335/1345
f 1316/1337/1347 1315/1336/1346 1304/1325/1358
f 1304/1325/1358 1315/1336/1346 1303/1324/1357
f 1305/1326/929 1316/1337/1347 1304/1325/1358
f 1281/1302/1322 1312/1333/1356 1301/1322/1353
f 1301/1322/1353 1288/1309/1339 1289/1310/1321
f 1281/1302/1322 1301/1322/1353 1289/1310/1321
f 1317/1338/1349 1308/1329/696 1298/1319/1348
f 1298/1319/1348 1308/1329/696 1296/1317/698
f 1287/1308/1323 1317/1338/1349 1280/1301/1324
f 1280/1301/1324 1317/1338/1349 1298/1319/1348
f 1135/1152/912 1358/1379/1362 1134/1151/906
f 1134/1151/906 1358/1379/1362 1318/1339/907
f 810/815/908 1319/1340/1244 1134/1151/906
f 819/821/923 1320/1341/914 1138/1155/921
f 1138/1155/921 1320/1341/914 1137/1154/913
f 816/823/916 1321/1342/922 1139/1156/917
f 1139/1156/917 1321/1342/922 1138/1155/921
f 1327/1348/1363 1087/1104/1166 1326/1347/1364
f 1326/1347/1364 1087/1104/1166 1083/1100/700
f 1292/1313/1329 1087/1104/1166 1327/1348/1363
f 1330/1351/1365 1326/1347/1364 1332/1353/1366
f 1332/1353/1366 1326/1347/1364 1325/1346/1197
f 1330/1351/1365 1327/1348/1363 1326/1347/1364
f 1292/1313/1329 1327/1348/1363 1291/1312/1326
f 1326/1347/1364 1343/1364/1183 1325/1346/1197
f 1325/1346/1197 1343/1364/1183 1075/1092/1182
f 1322/1343/1367 1328/1349/1168 822/429/1170
f 1335/1356/1368 1331/1352/1184 1322/1343/1367
f 1322/1343/1367 1331/1352/1184 1328/1349/1168
f 1330/1351/1365 1324/1345/1369 1291/1312/1326
f 1291/1312/1326 1324/1345/1369 1323/1344/1327
f 1291/1312/1326 1327/1348/1363 1330/1351/1365
f 1323/1344/1327 1374/1395/1370 1334/1355/1371
f 1334/1355/1371 1374/1395/1370 1375/1396/1372
f 1285/1306/1325 1323/1344/1327 1286/1307/1360
f 1335/1356/1368 1329/1350/1373 1331/1352/1184
f 1329/1350/1373 1336/1357/1186 1331/1352/1184
f 1329/1350/1373 1330/1351/1365 1332/1353/1366
f 1324/1345/1369 1330/1351/1365 1329/1350/1373
f 1380/1401/1374 1334/1355/1371 1333/1354/928
f 1382/1403/1375 1323/1344/1327 1334/1355/1371
f 1373/1394/1376 1374/1395/1370 1324/1345/1369
f 1324/1345/1369 1374/1395/1370 1323/1344/1327
f 1324/1345/1369 1329/1350/1373 1373/1394/1376
f 1332/1353/1366 1362/1383/1377 1329/1350/1373
f 1361/1382/1196 1362/1383/1377 1325/1346/1197
f 1325/1346/1197 1362/1383/1377 1332/1353/1366
f 1096/1113/1378 1097/1114/1172 1077/1094/440
f 1088/1105/1335 1338/1359/1167 1087/1104/1166
f 1076/1093/1187 1094/1111/1189 1084/1101/1336
f 1084/1101/1336 1094/1111/1189 1088/1105/1335
f 1088/1105/1335 1094/1111/1189 1338/1359/1167
f 1339/1360/701 1338/1359/1167 1091/1108/1188
f 1091/1108/1188 1338/1359/1167 1094/1111/1189
f 1339/1360/701 1091/1108/1188 1340/1361/703
f 1340/1361/703 1091/1108/1188 1092/1109/1190
f 1340/1361/703 1092/1109/1190 1341/1362/1165
f 1341/1362/1165 1092/1109/1190 1093/1110/1192
f 1342/1363/1195 1341/1362/1165 1095/1112/1194
f 1095/1112/1194 1341/1362/1165 1093/1110/1192
f 1342/1363/1195 1095/1112/1194 803/652/706
f 803/652/706 1095/1112/1194 620/651/1057
f 1346/1367/1179 1103/1120/1208 1072/1089/1177
f 1326/1347/1364 1083/1100/700 1343/1364/1183
f 1344/1365/1181 1343/1364/1183 1082/1099/702
f 1082/1099/702 1343/1364/1183 1083/1100/700
f 1344/1365/1181 1082/1099/702 1345/1366/1178
f 1345/1366/1178 1082/1099/702 1081/1098/1164
f 1345/1366/1178 1081/1098/1164 1346/1367/1179
f 1346/1367/1179 1081/1098/1164 1086/1103/705
f 1080/1097/704 1346/1367/1179 1086/1103/705
f 1072/1089/1177 1103/1120/1208 1102/1119/1200
f 1347/1368/1207 1085/1102/442 1100/1117/1379
f 1348/1369/1205 1356/1377/1214 1106/1123/1206
f 1106/1123/1206 1356/1377/1214 1357/1378/1380
f 1348/1369/1205 1106/1123/1206 1349/1370/1204
f 1349/1370/1204 1106/1123/1206 1099/1116/1173
f 1202/1219/1174 1350/1371/1210 1099/1116/1173
f 1099/1116/1173 1350/1371/1210 1349/1370/1204
f 1350/1371/1210 1202/1219/1174 1351/1372/1211
f 1351/1372/1211 1202/1219/1174 1098/1115/1175
f 1352/1373/1212 1351/1372/1211 1098/1115/1175
f 1105/1122/1171 1353/1374/1199 1098/1115/1175
f 1098/1115/1175 1353/1374/1199 1352/1373/1212
f 1353/1374/1199 1105/1122/1171 1354/1375/1198
f 1354/1375/1198 1105/1122/1171 1097/1114/1172
f 1357/1378/1380 1085/1102/442 1106/1123/1206
f 1102/1119/1200 1103/1120/1208 1355/1376/1213
f 1355/1376/1213 1103/1120/1208 1101/1118/1176
f 1356/1377/1214 1355/1376/1213 1347/1368/1207
f 1347/1368/1207 1355/1376/1213 1101/1118/1176
f 1356/1377/1214 1347/1368/1207 1357/1378/1380
f 1357/1378/1380 1347/1368/1207 1100/1117/1379
f 1100/1117/1379 1085/1102/442 1357/1378/1380
f 814/819/910 1358/1379/1362 1135/1152/912
f 1096/1113/1378 1359/1380/1169 1337/1358/1185
f 1337/1358/1185 1359/1380/1169 1328/1349/1168
f 1096/1113/1378 1077/1094/440 1360/1381/1381
f 1360/1381/1381 1077/1094/440 1074/1091/438
f 1361/1382/1196 1354/1375/1198 1096/1113/1378
f 1096/1113/1378 1354/1375/1198 1097/1114/1172
f 1096/1113/1378 1337/1358/1185 1361/1382/1196
f 1096/1113/1378 1360/1381/1381 1359/1380/1169
f 1337/1358/1185 1336/1357/1186 1361/1382/1196
f 1361/1382/1196 1336/1357/1186 1362/1383/1377
f 1329/1350/1373 1362/1383/1377 1336/1357/1186
f 1363/1384/1337 1365/1386/1382 1288/1309/1339
f 1288/1309/1339 1365/1386/1382 1364/1385/1340
f 1288/1309/1339 1367/1388/1341 1289/1310/1321
f 1367/1388/1341 1366/1387/1383 1289/1310/1321
f 339/424/431 617/647/708 1363/1384/1337
f 1363/1384/1337 617/647/708 1366/1387/1383
f 1366/1387/1383 617/647/708 1289/1310/1321
f 1366/1387/1383 1365/1386/1382 1363/1384/1337
f 1364/1385/1340 1365/1386/1382 1367/1388/1341
f 1367/1388/1341 1365/1386/1382 1366/1387/1383
f 1368/1389/1004 1369/1390/1384 75/826/924
f 75/826/924 1369/1390/1384 821/428/437
f 1369/1390/1384 1074/1091/438 821/428/437
f 908/78/77 907/80/80 75/826/924
f 75/826/924 907/80/80 1368/1389/1004
f 1369/1390/1384 1370/1391/1385 1360/1381/1381
f 1369/1390/1384 1360/1381/1381 1074/1091/438
f 1368/1389/1004 1370/1391/1385 1369/1390/1384
f 340/426/434 1370/1391/1385 77/427/435
f 77/427/435 1370/1391/1385 1368/1389/1004
f 1376/1397/1386 1377/1398/926 1333/1354/928
f 1333/1354/928 1378/1399/927 1371/1392/1359
f 1371/1392/1359 1378/1399/927 1379/1400/1387
f 1379/1400/1387 1306/1327/930 1371/1392/1359
f 1376/1397/1386 1333/1354/928 1375/1396/1372
f 1375/1396/1372 1333/1354/928 1334/1355/1371
f 1359/1380/1169 1372/1393/1388 822/429/1170
f 1360/1381/1381 1370/1391/1385 1359/1380/1169
f 1359/1380/1169 1370/1391/1385 1372/1393/1388
f 1373/1394/1376 1329/1350/1373 1335/1356/1368
f 1373/1394/1376 1335/1356/1368 1374/1395/1370
f 1374/1395/1370 1335/1356/1368 1322/1343/1367
f 1374/1395/1370 1322/1343/1367 1375/1396/1372
f 1375/1396/1372 1322/1343/1367 822/429/1170
f 1372/1393/1388 1376/1397/1386 822/429/1170
f 822/429/1170 1376/1397/1386 1375/1396/1372
f 1370/1391/1385 1377/1398/926 1372/1393/1388
f 1372/1393/1388 1377/1398/926 1376/1397/1386
f 1370/1391/1385 340/426/434 1377/1398/926
f 1377/1398/926 340/426/434 1378/1399/927
f 1378/1399/927 340/426/434 1379/1400/1387
f 1379/1400/1387 340/426/434 1280/1301/1324
f 1306/1327/930 1379/1400/1387 1298/1319/1348
f 1298/1319/1348 1379/1400/1387 1280/1301/1324
f 1381/1402/1389 1380/1401/1374 1371/1392/1359
f 1371/1392/1359 1380/1401/1374 1333/1354/928
f 1286/1307/1360 1381/1402/1389 1371/1392/1359
f 1380/1401/1374 1382/1403/1375 1334/1355/1371
f 1286/1307/1360 1382/1403/1375 1381/1402/1389
f 1381/1402/1389 1382/1403/1375 1380/1401/1374
f 1286/1307/1360 1323/1344/1327 1382/1403/1375
f 514/413/1272 1168/1185/1054 1383/1404/629
f 515/604/630 1383/1404/629 1168/1185/1054
f 1385/1406/1258 1386/1407/1390 1384/1405/948
f 1384/1405/948 1386/1407/1390 1258/1279/945
f 1267/1288/949 1268/1289/1257 1385/1406/1258
f 1385/1406/1258 1268/1289/1257 832/832/935
f 1386/1407/1390 1385/1406/1258 838/836/943
f 838/836/943 1385/1406/1258 832/832/935
f 513/412/635 1387/1408/628 1176/1193/421
f 464/602/626 1387/1408/628 513/412/635
f 1388/1409/423 1176/1193/421 514/413/1272
f 514/413/1272 516/573/594 1388/1409/423
f 1390/1411/669 1389/1410/668 1391/1412/1391
f 1187/1204/1116 1390/1411/669 1391/1412/1391
f 1185/1202/672 1186/1203/1288 468/414/422
f 1186/1203/1288 1391/1412/1391 468/414/422
f 1391/1412/1391 1389/1410/668 468/414/422
f 1187/1204/1116 1391/1412/1391 1186/1203/1288
