# This file uses centimeters as units for non-parametric coordinates.

v -0.859877 4.016465 0.748833
v -0.913720 4.016465 4.482947
v 0.332526 4.076202 4.567749
v -8.247119 4.016465 4.482947
v -8.251086 4.016465 0.749010
v -0.908787 5.320376 0.729717
v -8.820930 4.886189 0.749010
v -7.849819 6.387923 0.749009
v -2.919950 5.318626 0.748875
v -2.921214 5.749976 0.741655
v -5.276660 5.767782 0.739814
v -5.277798 6.391208 0.745329
v -8.250998 4.886189 0.749010
v -8.249129 4.886189 4.482947
v -5.255493 4.016465 0.748834
v -7.838580 4.016465 0.749010
v -2.917349 4.016465 0.748834
v -5.255473 6.382189 -9.140456
v -5.255484 5.785712 -9.140455
v -7.849819 6.412535 -9.140455
v 0.332000 4.016468 0.749282
v -2.917004 5.327251 -9.140429
v -0.863494 5.327234 -9.140429
v -2.917525 5.783374 -9.140429
v -0.793466 4.016465 -9.140429
v -7.866428 7.631366 -9.132557
v -7.849817 7.632032 0.749009
v -8.793193 7.632854 0.749010
v 0.332572 4.016468 -9.130079
v -8.799289 7.633327 -9.130372
v -7.849817 7.633593 -7.932233
v -8.798085 7.633234 -7.936530
v -7.888888 7.632407 -0.439905
v -8.794291 7.632939 -0.445829
v -8.798064 8.723682 -7.936536
v -8.799284 8.723689 -9.130361
v -7.851676 8.723707 -7.932249
v -7.851677 8.723738 -9.140445
v -8.794271 8.723661 -0.445834
v -8.843135 8.723656 0.749009
v -7.851676 8.723599 0.749007
v -7.851676 8.723625 -0.439926
v -7.849323 6.388816 0.339358
v -5.532747 6.381297 -8.677030
v -7.849325 6.411918 -8.677193
v -7.849323 5.746655 0.339359
v -5.532747 5.763161 -8.677030
v -7.896828 5.769755 -8.677193
v -3.236214 5.767292 0.339569
v -5.283029 5.768883 0.339342
v -5.267134 5.784285 -8.675861
v -3.230973 5.214694 0.339570
v -5.267136 5.214664 0.339342
v -5.267134 5.214370 -8.675861
v -1.180298 5.326656 -8.675381
v -2.944323 5.295370 -8.674939
v -2.944479 5.257361 0.339357
v -1.198460 4.703721 -8.675381
v -2.944323 4.703955 -8.674939
v -2.944479 4.636248 0.339357
v -5.278090 6.399687 0.334372
v -5.267136 5.214632 -1.849880
v -5.532752 6.396802 -1.849371
v -5.532752 5.754725 -1.850104
v -5.268270 6.367787 -1.872120
v -5.925286 5.752424 0.339359
v -5.937347 5.753724 -1.850138
v -7.654700 8.723706 -7.710134
v -8.972047 8.723673 -7.716000
v -7.654700 8.723748 -9.362556
v -8.970006 8.723681 -9.348769
v -8.324714 9.724397 -8.536343
v -8.976783 8.723674 -0.678342
v -8.978646 8.723666 0.981261
v -7.654958 8.723587 0.981758
v -7.654958 8.723622 -0.670138
v -8.326240 9.731933 0.151706
v -0.960920 4.886419 4.482947
v -8.755911 4.886189 4.995132
v -0.962529 4.850852 5.012329
v 0.332525 4.886766 4.482945
v 0.337189 4.868434 4.997724
v -2.917519 5.782728 -8.674893
v -3.231102 5.219977 -6.451425
v -2.944334 4.703955 -6.451440
v -3.231098 5.781190 -6.451437
v -2.917507 5.781608 -6.451427
v -3.852113 5.214404 -8.674937
v -3.842129 5.214423 -6.451419
v -0.856952 4.016465 0.336449
v -0.892588 5.305703 0.347761
v -1.290180 4.637492 0.339357
v -1.216449 4.699770 -1.479751
v -0.853458 4.244759 -1.493924
v -1.202885 5.321251 -1.479751
v -0.891725 5.321217 -1.479751
v -1.289911 4.704256 -1.479751
v -0.577143 4.016465 -1.479773
v -0.601310 4.016465 0.336447
v -0.890076 4.329764 -1.493311
v -0.863073 4.279389 0.339357
v 0.332595 4.016468 -1.498231
v -8.755911 -4.701780 4.995132
v -0.960920 -4.701550 4.995358
v 0.332525 -4.701203 4.994528
v 8.514864 7.632407 -7.960689
v 8.514864 7.633593 -0.289013
v 9.463134 7.633234 -0.284714
v 9.459340 7.632939 -7.994210
v 9.463113 8.723682 -0.284710
v 8.516725 8.723707 -0.288997
v 9.461289 7.633090 0.749293
v 9.464333 8.723689 0.749565
v 8.514864 7.633036 0.754337
v 8.516726 8.723738 0.759648
v 9.458220 8.723656 -9.129806
v 9.459317 8.723661 -7.934960
v 8.516725 8.723599 -9.129802
v 8.516725 8.723625 -7.940870
v 8.514372 6.411918 0.296398
v 8.514865 6.400229 0.754334
v 8.514370 6.388816 -8.720153
v 8.514370 5.746655 -8.720157
v 8.514372 5.769755 0.296398
v 5.920527 6.400713 0.754368
v 5.920529 6.395676 -8.720150
v 6.197798 6.405323 0.313281
v 6.197798 5.763161 0.296233
v 6.170139 6.396802 -6.530633
v 5.953619 6.396739 -6.533341
v 6.197802 5.754725 -6.530693
v 6.602397 5.753724 -6.530659
v 6.590337 5.752424 -8.720157
v 8.319750 8.723706 -0.670664
v 9.637097 8.723673 -0.664798
v 8.319750 8.723748 0.981759
v 9.635056 8.723681 0.967971
v 8.989766 9.724397 0.155548
v 9.643695 8.723666 -9.362057
v 9.641833 8.723674 -7.702453
v 8.320005 8.723587 -9.362557
v 8.320005 8.723622 -7.710660
v 8.991290 9.731933 -8.532503
v 9.433693 4.886189 0.749010
v 8.916046 4.886189 0.749010
v 8.916137 4.016465 0.751534
v 8.503630 4.016465 0.751534
v 8.914180 4.886189 4.482947
v 9.420959 4.886189 4.995132
v 8.912173 4.016465 4.482947
v 1.625970 4.886419 4.482947
v 1.578771 4.016465 4.482947
v 1.630630 4.863538 4.999352
v 5.932185 5.209323 -6.509508
v 5.932185 5.207627 -8.720139
v 5.920537 5.776747 0.754333
v 5.932184 5.223029 0.295066
v 5.932184 5.765797 0.295066
v 3.587868 5.769109 0.298426
v 3.609375 5.295370 0.294142
v 3.582156 5.322938 0.754253
v 3.582494 5.774619 0.754317
v 5.920543 4.016465 0.751534
v 5.932187 5.768883 -8.720137
v 3.896023 5.767292 -8.720367
v 3.896023 5.206036 -8.720367
v 3.896148 5.781190 -1.929360
v 3.896152 5.219977 -1.929371
v 3.582558 5.781608 -1.929369
v 4.507179 5.220236 -1.929376
v 4.517162 5.221260 0.294142
v 3.582400 4.016465 0.751534
v 3.609385 4.643172 -1.929356
v 3.609375 4.643711 0.294142
v 1.863510 4.643697 0.294585
v 1.863510 5.326656 0.323089
v 3.609530 5.319207 -8.720153
v 3.609530 4.636248 -8.720153
v 1.533516 5.323805 0.754262
v 1.878169 5.325273 -6.901375
v 1.572608 5.325237 -6.899704
v 1.559220 5.320696 -8.720153
v 1.886124 4.638286 -6.901045
v 1.955229 4.637492 -8.720153
v 1.954961 4.638182 -6.901045
v 1.528123 4.260829 -8.720153
v 1.491722 4.016465 0.751532
v 1.516621 4.016465 -6.901014
v 1.242193 4.016465 -6.901022
v 0.332198 4.016467 -6.881046
v 1.522002 4.016465 -8.717245
v 1.266359 4.016465 -8.717244
v 1.528352 4.260877 -6.901045
v 9.420959 -4.701780 4.995132
v 1.625970 -4.701550 4.995358
v 8.514864 7.632032 -9.129805
v 9.458243 7.632854 -9.129806
v 8.514865 6.346738 -9.129806
v 5.922254 6.374176 -9.122447
v 5.935023 5.767782 -9.129804
v 3.588136 5.757668 -9.127694
v 3.582260 5.318626 -9.129671
v 1.567452 5.310250 -9.123739
v 1.524928 4.016465 -9.129629
v -2.944440 4.703953 -1.488715
v -1.205063 4.703887 -6.574377
v -1.278424 4.703987 -6.569191
v -1.294021 4.703954 -8.675357
v -2.304479 4.636668 0.339357
v -2.319187 4.703953 -1.485772
v -2.234362 4.703954 -6.501623
v -2.232429 4.703954 -8.675118
v -2.223930 5.327245 -9.140429
v -2.224116 5.308276 -8.675121
v -1.166289 5.338088 -9.140429
v -0.869591 5.351425 -5.198898
v -1.181968 5.351509 -5.197035
v -0.828519 4.016465 -6.868152
v 1.532325 4.016465 -1.452176
v -2.944467 4.703953 0.270514
v -2.308719 4.703921 0.267583
v -1.290096 4.703954 0.252055
v -0.994261 4.383018 0.234845
v -0.584987 4.016465 -0.016366
v -2.917447 5.775046 -2.965755
v -2.944419 4.703954 -2.946719
v -0.881550 4.016465 -1.510782
v -7.843931 5.294230 0.749010
v -5.255488 5.273130 0.748945
v -7.847208 5.814117 0.749009
v -3.204157 4.016465 0.748834
v -3.235998 5.766349 0.749004
v -3.244947 5.321425 0.748893
v -5.647903 4.016465 0.748850
v -5.650335 5.769617 0.749008
v -5.649546 5.282084 0.748956
v -3.231014 5.210522 -1.845822
v -5.267135 5.214453 -6.524927
v -2.917371 5.766885 0.338998
v -5.267136 5.214634 0.165885
v -3.231013 5.214612 0.132028
v -4.480336 5.214383 -8.675552
v -4.480337 5.214440 -6.497432
v -4.547235 5.214676 0.339423
v -4.547266 5.214625 0.153988
v -4.547274 5.214623 -1.848564
v -5.267136 5.214569 -3.279315
v -4.547271 5.214565 -3.282971
v -3.231038 5.213130 -3.290418
v -5.255474 6.383133 -8.666816
v -5.541258 6.385532 -9.140456
v -5.951135 5.764352 -8.677058
v -3.305741 5.214616 0.136083
v -3.305310 5.214612 -1.846335
v -3.316769 5.214424 -6.451421
v -3.305389 5.214559 -3.289039
v -7.849324 6.396300 -1.845688
v -7.896827 5.753744 -1.845130
v -5.532747 5.762502 -7.514266
v -5.950083 5.763541 -7.513903
v -7.896828 5.768562 -7.512208
v -6.897714 5.750144 0.339359
v -6.869144 5.753732 -1.843823
v -6.796412 5.765218 -7.513315
v -7.849817 7.632634 -1.843127
v -8.795017 7.632996 -1.843141
v -7.893164 6.392095 -0.426500
v -7.896828 5.761515 -4.421772
v -7.849324 6.403841 -4.422418
v -7.849817 7.633115 -4.426428
v -8.796492 7.633110 -4.428419
v -7.849325 6.410213 -7.525467
v -7.849817 7.633521 -7.537055
v -8.797743 7.633207 -7.543736
v -6.786472 5.766126 -8.677102
v -7.849817 7.633320 -6.001411
v -7.849324 6.406966 -5.944019
v -8.797150 7.633161 -6.065611
v -7.896828 5.764918 -5.914042
v -7.849325 6.410785 -7.911842
v -7.849817 7.632897 -3.256978
v -7.849324 6.400234 -3.189955
v -8.795887 7.661660 -3.368770
v -7.896827 5.757583 -3.118015
v -5.935173 5.753489 -0.032639
v -6.875203 5.752971 -0.035406
v -7.849324 5.751843 -0.039917
v -5.532750 5.757139 -3.136951
v -5.941319 5.756785 -3.136793
v -6.846230 5.757350 -3.136533
v -5.567163 5.455980 0.339350
v -5.536410 5.428050 -1.849984
v -3.231035 5.774108 -2.966354
v -3.244985 5.784160 0.754403
v -3.256034 5.791646 0.339563
v -5.267135 5.214531 -4.380852
v -5.532750 6.390898 -4.429501
v -5.255476 6.391613 -4.430337
v -6.831196 5.759725 -4.457305
v -5.944002 5.758853 -4.476757
v -5.532749 5.758795 -4.488376
v -5.255475 6.387754 -5.977119
v -5.532748 6.386612 -5.977119
v -5.267135 5.214479 -5.985926
v -8.797118 7.677808 -5.986264
v -8.796510 7.663629 -4.471302
v -8.795908 7.633065 -3.405226
v -8.795003 7.658130 -1.817150
v -8.843158 7.659366 0.749010
v -8.757046 6.430681 0.766581
v -8.798381 6.417915 0.755764
v -7.849846 7.650312 -9.140460
v -5.260506 6.400659 -8.637022
v -5.537779 6.398814 -8.656274
v -1.176871 5.327266 -9.140429
v -6.706278 6.391839 0.339357
v -6.779609 4.016465 0.748933
v -6.722972 5.288025 0.748982
v -6.690948 5.790696 0.749009
v -6.655329 6.391279 0.749040
v -5.255486 5.789064 0.749010
v -5.266738 5.790302 0.339342
v -2.908694 5.331531 0.750926
v -5.306456 6.396732 -1.849409
v -5.278090 6.349902 0.312354
v -5.278265 6.327277 0.768503
v -0.894359 5.320656 0.391050
v -0.894156 5.281154 0.748888
v 0.332168 4.016468 0.112448
v -7.849324 5.832483 -0.394881
v -7.896827 5.752219 -0.396790
v -7.838844 6.392348 -0.511980
v -7.850476 6.349076 -0.502930
v -7.822286 7.673368 -0.507214
v -7.883370 7.623051 -0.458593
v -7.821683 7.665680 0.799010
v -6.811971 5.757322 -3.136546
v -6.832377 5.753002 -0.035244
v -6.825238 5.753731 -1.844208
v -7.849325 5.813003 -5.918229
v -7.849325 5.814120 -7.513149
v -7.849325 5.791860 -4.421860
v -7.849325 5.850570 -8.677193
v -7.849324 5.806951 -3.129932
v -7.849324 5.808185 -1.845196
v -4.494905 5.214622 -1.848457
v -4.499709 5.214625 0.152871
v -4.495635 5.214565 -3.283662
v -3.305587 5.214557 -3.344049
v -4.496521 5.214563 -3.338840
v -4.547271 5.214563 -3.334750
v -0.895015 4.334601 -1.481146
v -1.208972 4.704123 -5.091355
v -0.878956 5.323939 -5.165500
v -0.852145 4.016465 -5.306548
v -1.191277 5.324029 -5.166375
v -2.946495 5.763831 -2.974759
v -3.260082 5.762897 -2.975412
v -4.499258 5.214382 -8.675560
v -4.514640 5.214441 -6.498631
v -6.791369 5.759686 -4.458179
v -6.757074 5.765140 -7.513342
v -6.737091 5.753729 -1.846152
v -3.946074 5.214621 0.145087
v -3.930863 5.214618 -1.847451
v -3.903131 5.214562 -3.286339
v -3.902076 5.214560 -3.341440
v -1.281785 4.704055 -5.079921
v -2.944393 4.703351 -3.868321
v -2.280875 4.703352 -3.874352
v -1.284799 4.703351 -3.874511
v -1.213529 4.703284 -3.874808
v -2.943645 5.267021 0.339346
v -3.245009 5.330535 0.748895
v -3.244798 5.330481 0.761561
v -2.937742 5.325321 0.766130
v -2.937724 5.765895 0.749003
v -7.829005 6.394261 0.784438
v 0.697874 4.016467 -9.129941
v 8.514370 5.748315 -7.960992
v 8.514533 6.371995 -7.960892
v 6.593852 5.752803 -7.999834
v 8.514370 5.752155 -6.569930
v 8.514864 7.632627 -6.570481
v 8.514864 7.633067 -3.784453
v 8.514371 5.759081 -3.784259
v 9.461433 7.633102 -3.784452
v 9.460222 7.597284 -6.578810
v 8.514534 6.377891 -6.570111
v 8.514532 6.369875 -3.784454
v 8.514371 5.762789 -2.298941
v 8.514476 6.384656 -2.298950
v 8.514864 7.633317 -2.298997
v 6.197801 5.758191 -3.784266
v 6.610135 5.764335 0.296262
v 6.605572 5.758348 -3.784265
v 7.305328 5.750280 -8.720157
v 7.302309 5.751147 -7.985506
v 7.340091 5.766413 0.296315
v 7.296374 5.753154 -6.544913
v 7.332478 5.758627 -3.784263
v 6.197799 5.761371 0.182021
v 6.608493 5.762180 0.177663
v 4.549226 5.206546 -8.720294
v 4.542782 5.208644 -6.510337
v 3.896041 5.208013 -6.510429
v 3.896129 5.217489 -2.853955
v 5.932184 5.218663 -2.802133
v 4.514282 5.217924 -2.852894
v 5.215856 5.206980 -8.720232
v 5.215643 5.208912 -6.510015
v 5.217629 5.218289 -2.852743
v 5.219712 5.222294 0.294682
v 6.197801 6.399558 -4.283161
v 5.920529 6.397923 -4.284000
v 5.932185 5.215175 -4.273748
v 5.216991 5.215278 -3.950204
v 5.932185 5.216264 -3.950207
v 3.896101 5.214519 -3.954878
v 4.522904 5.215117 -3.952639
v 3.891095 4.824243 -1.929363
v 3.609506 4.637403 -6.892051
v 1.876471 4.640595 -3.336209
v 3.609450 4.640064 -3.310335
v 2.940658 4.637718 -6.895687
v 2.971653 4.640259 -3.319858
v 2.966170 4.643705 0.294305
v 8.514413 6.401105 -0.296976
v 3.894170 5.762574 -9.128510
v 3.609485 4.638402 -5.943546
v 3.582473 5.772416 -5.955701
v 3.896066 5.772130 -5.960305
v 1.546969 4.016465 -5.111530
v 1.866845 5.317792 -5.192875
v 1.548720 5.321941 -5.196698
v 1.796152 4.016465 0.751533
v 1.840250 5.327450 0.760811
v 5.920539 5.260603 0.752513
v 8.508772 5.260448 0.751447
v 4.098870 5.322186 0.753807
v 4.093374 4.016465 0.751534
v 5.365454 5.260524 0.752901
v 5.364480 4.016465 0.751534
v 6.194156 6.400623 0.754362
v 6.220956 4.016465 0.751534
v 6.200503 5.260574 0.752311
v 5.920527 6.400477 0.328404
v 6.197494 5.781431 0.753283
v 8.511888 5.825069 0.752923
v 9.460821 7.591316 -5.310780
v 8.514864 7.632843 -5.302771
v 8.514533 6.374176 -5.302293
v 8.514370 5.755274 -5.302058
v 9.500369 7.633253 -2.298990
v 8.514864 7.633571 -0.450329
v 9.370722 7.633251 -0.887010
v 2.969609 4.641543 -1.973090
v 1.871804 4.641712 -2.028853
v 1.237392 4.016466 -1.462566
v 1.083234 4.016466 0.528145
v 1.095910 4.016466 0.859345
v 8.514371 5.764038 -0.627635
v 8.514387 6.011827 -0.284669
v 7.337251 5.763509 0.088064
v 7.337272 5.763530 0.206203
v 8.514371 5.764104 -0.035543
v 4.542191 5.208837 -6.471855
v 5.215688 5.209123 -6.471818
v 3.896043 5.208201 -6.471871
v 5.932185 5.209578 -6.471759
v 5.932185 5.210728 -5.727535
v 5.215921 5.210225 -5.727628
v 4.538733 5.209962 -5.727678
v 3.896053 5.209335 -5.727801
v 5.217692 5.218410 -2.817850
v 4.513448 5.218195 -2.804638
v 3.896132 5.217790 -2.802613
v -8.755911 4.623555 4.995132
v -0.960920 4.623914 4.995358
v 0.332527 4.624198 5.001306
v 1.612736 4.623790 5.062200
v 9.420959 4.624631 4.995132
v -5.063477 4.886308 4.482947
v -5.043364 4.886297 4.995238
v -5.031672 4.623726 4.995240
v -5.117037 -4.701673 4.995238
v 5.214722 4.881742 4.483968
v 5.260664 4.886312 4.995253
v 5.254301 4.624183 5.030921
v 4.935307 -4.701648 4.995262
v 9.446827 6.394652 0.749145
v 9.429400 6.362271 0.740561
v 5.238599 4.904468 4.478508
v 1.630405 4.872656 4.489766
v -0.957942 4.869651 4.490258
v 7.226398 -4.701715 4.995196
v 7.117234 4.624396 5.013924
v 7.115112 4.870014 4.497400
v 7.122403 4.886256 4.995198
v 7.063165 4.914982 4.480489
v 7.082067 4.904933 4.995202
v 1.605567 4.863550 4.999321
v -0.978148 4.886417 4.988771
v -5.059609 4.897241 4.470701
v -5.015832 4.897231 4.982742
v -7.275657 4.886225 4.482947
v -7.281375 4.886232 4.995174
v -7.247145 4.623624 4.995176
v -7.246759 -4.701736 4.995176
v -7.260006 4.907022 4.981356
v -7.264927 4.907016 4.469126
v 5.293575 4.887262 4.995250
v 9.511919 7.673280 -2.283278
v 9.461524 7.619102 -3.800176
v 9.460814 7.633054 -5.317701
v 9.460217 7.633008 -6.582456
v 8.514533 6.373293 -7.654554
v 9.459624 7.632961 -7.669073
v 8.514864 7.632483 -7.639442
v 5.945419 6.404750 -9.133321
v 3.582421 5.766718 -8.716182
v 3.609651 5.765906 -9.129799
v 3.582405 5.737566 -9.129792
v 1.559563 5.290363 -9.129684
v 1.588436 5.320352 -9.129686
v 3.612960 5.782748 0.294110
v 3.584895 5.731864 0.294102
v 3.882823 5.747311 -5.952723
v 3.585241 5.747606 -5.937856
v 3.903247 5.779557 -9.134679
v 5.920619 5.796634 -9.129454
v 8.482496 6.388135 -9.129849
v 8.514975 7.696884 -9.129805
v 8.568171 7.643747 -9.112815
v 9.459340 7.652848 -7.960199
v 6.210976 6.399494 -4.272038
v 5.933704 6.397835 -4.256523
v 6.210571 6.369768 0.739691
v 5.902308 5.784269 0.295056
v 8.487432 6.417918 0.294503
v 9.422961 7.619911 0.723458
v 8.455957 7.655315 -0.310349
v 1.517161 5.320104 -5.218681
v 1.879026 5.322943 -5.177828
v 1.881521 4.639387 -5.201252
v 1.856989 5.316246 0.732897
v 1.889032 5.326199 0.294579
v 5.932649 6.363949 -6.538331
v 5.934430 6.354934 -6.529278
v 6.204696 6.364018 -6.528451
v 1.551527 5.291896 -6.905654
v 1.904100 5.299651 -6.904824
v 0.332095 4.027270 1.439790
v 7.424237 5.753049 -6.547539
v 7.697916 5.750223 -7.977505
v 7.303904 5.754296 -5.969132
v 7.848828 5.748650 -8.720157
v 7.787217 6.390739 -8.720152
v 8.038737 6.391041 -9.130457
v 6.606657 5.759771 -2.312279
v 6.757931 5.758406 -3.784265
v 6.197802 5.755568 -5.863000
v 6.516422 5.758313 -3.784265
v 4.414306 4.624092 5.038136
v 4.100163 -4.701623 4.995286
v 4.453952 4.881250 4.996164
v 4.457262 4.879822 4.485193
v 5.988084 5.777890 0.754077
v 6.020583 5.260592 0.752441
v 5.972415 6.400696 0.754367
v 5.989357 6.401858 0.644872
v 6.018577 6.402191 0.323056
v 6.077096 4.016465 0.751534
v 6.202364 6.403303 -1.275500
v 4.976649 4.016465 4.482947
vt 0.157624 0.766458
vt 0.271920 0.878763
vt 0.225903 0.878716
vt 0.154594 0.779087
vt 0.223731 0.931613
vt 0.271789 0.929158
vt 0.241968 0.892258
vt 0.242378 0.940635
vt 0.288922 0.892636
vt 0.285373 0.937504
vt 0.071099 0.737975
vt 0.056162 0.805417
vt 0.076467 0.833418
vt 0.132270 0.738085
vt 0.122565 0.806243
vt 0.147261 0.826567
vt 0.290368 0.840767
vt 0.292539 0.843247
vt 0.144196 0.668952
vt 0.154249 0.681384
vt 0.162322 0.645485
vt 0.283658 0.800657
vt 0.307898 0.667992
vt 0.313708 0.680624
vt 0.378121 0.826714
vt 0.410645 0.843676
vt 0.357195 0.803043
vt 0.308484 0.713899
vt 0.339300 0.711589
vt 0.302077 0.697941
vt 0.294593 0.698550
vt 0.280079 0.649111
vt 0.276693 0.932347
vt 0.215317 0.933470
vt 0.294791 0.948388
vt 0.238294 0.948326
vt 0.252660 0.990804
vt 0.030239 0.808611
vt 0.070742 0.836649
vt 0.126735 0.810250
vt 0.158551 0.839891
vt 0.084754 0.892031
vt 0.099576 0.602453
vt 0.127226 0.602069
vt 0.142295 0.546156
vt 0.168250 0.546535
vt 0.040524 0.500086
vt 0.005574 0.499044
vt 0.024075 0.394236
vt 0.579963 0.467276
vt 0.586546 0.374308
vt 0.074856 0.369495
vt 0.659668 0.459948
vt 0.031563 0.358536
vt 0.340470 0.671613
vt 0.331829 0.638609
vt 0.411386 0.818230
vt 0.405253 0.778113
vt 0.403499 0.802388
vt 0.500013 0.801996
vt 0.468008 0.783627
vt 0.504899 0.787466
vt 0.504668 0.818130
vt 0.311732 0.635554
vt 0.324384 0.543407
vt 0.320774 0.649654
vt 0.418329 0.650406
vt 0.418428 0.629428
vt 0.445078 0.634790
vt 0.468750 0.782041
vt 0.451629 0.744095
vt 0.491574 0.781915
vt 0.434659 0.744217
vt 0.494165 0.776388
vt 0.448876 0.542266
vt 0.448918 0.601296
vt 0.495451 0.732420
vt 0.503643 0.752387
vt 0.553960 0.603588
vt 0.458049 0.605804
vt 0.453801 0.616816
vt 0.580629 0.614316
vt 0.580411 0.582354
vt 0.569249 0.751876
vt 0.576443 0.775900
vt 0.600980 0.787446
vt 0.560101 0.667645
vt 0.587543 0.667627
vt 0.579219 0.600106
vt 0.582937 0.541255
vt 0.585361 0.561131
vt 0.588425 0.617167
vt 0.620460 0.617008
vt 0.618905 0.564158
vt 0.603904 0.737245
vt 0.560867 0.643047
vt 0.590388 0.630238
vt 0.553832 0.643031
vt 0.522052 0.361088
vt 0.514837 0.370715
vt 0.653924 0.371238
vt 0.653695 0.362839
vt 0.037758 0.341589
vt 0.520284 0.337472
vt 0.664404 0.338194
vt 0.626822 0.324690
vt 0.700077 0.371981
vt 0.707720 0.363025
vt 0.123716 0.071158
vt 0.239077 0.177647
vt 0.240245 0.226423
vt 0.125783 0.117872
vt 0.179959 0.244176
vt 0.179489 0.191242
vt 0.267623 0.262913
vt 0.201004 0.281127
vt 0.268334 0.205703
vt 0.199335 0.219170
vt 0.112383 0.108353
vt 0.061537 0.117687
vt 0.072792 0.127521
vt 0.111210 0.057919
vt 0.060976 0.070689
vt 0.070496 0.083175
vt 0.324494 0.182044
vt 0.339670 0.193168
vt 0.160696 0.050083
vt 0.178091 0.060465
vt 0.201282 0.058528
vt 0.352571 0.174519
vt 0.888006 0.840868
vt 0.897190 0.826295
vt 0.330135 0.055031
vt 0.989724 0.660968
vt 0.355500 0.049316
vt 0.933618 0.805046
vt 0.910457 0.806222
vt 0.925743 0.768329
vt 0.959304 0.769424
vt 0.946621 0.800258
vt 0.161754 0.176584
vt 0.158934 0.273441
vt 0.192569 0.213511
vt 0.195737 0.297192
vt 0.112205 0.252555
vt 0.049943 0.128021
vt 0.068934 0.141559
vt 0.051813 0.059403
vt 0.067397 0.081081
vt 0.011029 0.106744
vt 0.463431 0.156735
vt 0.462620 0.198721
vt 0.403897 0.205625
vt 0.403126 0.236642
vt 0.532972 0.300574
vt 0.532361 0.333951
vt 0.621417 0.297737
vt 0.745474 0.379751
vt 0.731108 0.463611
vt 0.636934 0.331411
vt 0.659746 0.459852
vt 0.666458 0.373810
vt 0.704357 0.337438
vt 0.902946 0.755532
vt 0.893763 0.776207
vt 0.981950 0.623805
vt 0.957006 0.640310
vt 0.974669 0.639689
vt 0.846990 0.639533
vt 0.842030 0.609525
vt 0.847306 0.592432
vt 0.851883 0.623402
vt 0.969245 0.535892
vt 0.887128 0.817393
vt 0.894028 0.800650
vt 0.821608 0.800827
vt 0.825823 0.776132
vt 0.793977 0.816757
vt 0.862425 0.674266
vt 0.860950 0.660107
vt 0.835485 0.674887
vt 0.841571 0.652738
vt 0.894354 0.641193
vt 0.854270 0.533842
vt 0.829736 0.615283
vt 0.820837 0.610523
vt 0.746188 0.609539
vt 0.744313 0.608720
vt 0.789340 0.795010
vt 0.794482 0.776572
vt 0.794048 0.752050
vt 0.712364 0.596480
vt 0.724591 0.730322
vt 0.700977 0.727745
vt 0.696366 0.796593
vt 0.698892 0.775303
vt 0.727669 0.730295
vt 0.724057 0.751169
vt 0.729981 0.730375
vt 0.698712 0.743958
vt 0.711119 0.533214
vt 0.647102 0.540576
vt 0.698196 0.697534
vt 0.674163 0.697732
vt 0.639924 0.703366
vt 0.698232 0.746797
vt 0.674068 0.732104
vt 0.699240 0.711020
vt 0.695907 0.754961
vt 0.640234 0.737083
vt 0.661863 0.322169
vt 0.664298 0.338194
vt 0.867081 0.785971
vt 0.868399 0.660802
vt 0.884910 0.660355
vt 0.916786 0.660716
vt 0.909229 0.742682
vt 0.871995 0.790480
vt 0.840655 0.742751
vt 0.856976 0.742281
vt 0.470445 0.643285
vt 0.563779 0.731685
vt 0.560833 0.731707
vt 0.565538 0.752431
vt 0.490403 0.605056
vt 0.498054 0.643180
vt 0.521453 0.731782
vt 0.527475 0.752664
vt 0.527180 0.776132
vt 0.529297 0.787755
vt 0.578622 0.787542
vt 0.591169 0.726364
vt 0.567789 0.727051
vt 0.599138 0.706261
vt 0.704867 0.614915
vt 0.653375 0.617735
vt 0.492609 0.616046
vt 0.554135 0.615809
vt 0.461920 0.616958
vt 0.587029 0.614388
vt 0.621277 0.579501
vt 0.470488 0.715405
vt 0.475784 0.660630
vt 0.604563 0.624354
vt 0.810714 0.568568
vt 0.819672 0.569922
vt 0.819676 0.572925
vt 0.802250 0.570887
vt 0.778261 0.568082
vt 0.778808 0.564552
vt 0.779225 0.563793
vt 0.354146 0.604162
vt 0.351000 0.605779
vt 0.351171 0.604994
vt 0.352721 0.604033
vt 0.363561 0.597309
vt 0.363877 0.599156
vt 0.155877 0.604340
vt 0.316812 0.603715
vt 0.148858 0.637144
vt 0.423726 0.542471
vt 0.412943 0.634617
vt 0.414412 0.600852
vt 0.295844 0.543693
vt 0.280216 0.636363
vt 0.284948 0.603815
vt 0.414952 0.653499
vt 0.388339 0.744491
vt 0.202943 0.570681
vt 0.214579 0.573644
vt 0.214269 0.576865
vt 0.213056 0.592056
vt 0.200874 0.589613
vt 0.451548 0.649320
vt 0.342175 0.653524
vt 0.414561 0.652552
vt 0.428120 0.778160
vt 0.415335 0.744936
vt 0.362461 0.635362
vt 0.367843 0.653082
vt 0.378412 0.670585
vt 0.380623 0.682193
vt 0.357477 0.683492
vt 0.423725 0.683008
vt 0.402450 0.826587
vt 0.388258 0.843873
vt 0.355139 0.803067
vt 0.417596 0.652416
vt 0.424709 0.668459
vt 0.454017 0.744044
vt 0.429206 0.681639
vt 0.500190 0.776238
vt 0.445837 0.778565
vt 0.250850 0.744310
vt 0.277274 0.738942
vt 0.307460 0.773744
vt 0.283800 0.778084
vt 0.363573 0.613725
vt 0.364133 0.613233
vt 0.365065 0.614051
vt 0.355126 0.621702
vt 0.355219 0.620916
vt 0.357791 0.618698
vt 0.359634 0.617110
vt 0.319558 0.651516
vt 0.662763 0.893251
vt 0.662799 0.897569
vt 0.664329 0.941158
vt 0.624280 0.941860
vt 0.338779 0.672023
vt 0.309030 0.683934
vt 0.309590 0.681627
vt 0.309289 0.683623
vt 0.200762 0.696709
vt 0.194224 0.728291
vt 0.352431 0.793162
vt 0.350025 0.793140
vt 0.278901 0.793463
vt 0.233553 0.647678
vt 0.256366 0.696921
vt 0.257913 0.649175
vt 0.323530 0.793444
vt 0.185937 0.791650
vt 0.155779 0.791360
vt 0.169953 0.702336
vt 0.241205 0.746161
vt 0.235239 0.775262
vt 0.227102 0.834254
vt 0.177546 0.832794
vt 0.274863 0.813405
vt 0.265304 0.870104
vt 0.219258 0.871310
vt 0.331675 0.802276
vt 0.247827 0.852810
vt 0.254924 0.795460
vt 0.198218 0.852483
vt 0.258591 0.768866
vt 0.272502 0.879488
vt 0.225903 0.878716
vt 0.288922 0.892636
vt 0.273857 0.877986
vt 0.264967 0.870531
vt 0.269433 0.812704
vt 0.280865 0.826203
vt 0.274328 0.817305
vt 0.292539 0.843247
vt 0.273951 0.787013
vt 0.279527 0.795272
vt 0.276876 0.817698
vt 0.279709 0.825176
vt 0.206595 0.813679
vt 0.216185 0.753427
vt 0.168845 0.814231
vt 0.221654 0.726007
vt 0.622308 0.933604
vt 0.293895 0.681299
vt 0.245668 0.681532
vt 0.188567 0.681067
vt 0.309168 0.727142
vt 0.313849 0.726923
vt 0.274057 0.727284
vt 0.351976 0.671455
vt 0.308238 0.643397
vt 0.647670 0.941791
vt 0.640235 0.894535
vt 0.309441 0.691413
vt 0.445344 0.715303
vt 0.360190 0.617804
vt 0.410926 0.634634
vt 0.414590 0.650458
vt 0.367952 0.704195
vt 0.334999 0.756854
vt 0.362459 0.754971
vt 0.290242 0.747336
vt 0.321676 0.747695
vt 0.325708 0.747644
vt 0.354249 0.788040
vt 0.379969 0.787772
vt 0.381651 0.731272
vt 0.196073 0.851411
vt 0.178056 0.833307
vt 0.105874 0.765865
vt 0.169145 0.814870
vt 0.155757 0.791132
vt 0.070736 0.739614
vt 0.085664 0.668659
vt 0.085741 0.668295
vt 0.288869 0.893306
vt 0.377860 0.826291
vt 0.400639 0.826492
vt 0.578122 0.787544
vt 0.224767 0.680724
vt 0.229929 0.545161
vt 0.217995 0.636733
vt 0.221810 0.604072
vt 0.219568 0.668510
vt 0.311602 0.636655
vt 0.319053 0.650712
vt 0.447671 0.603190
vt 0.333635 0.712014
vt 0.308357 0.664110
vt 0.314564 0.675834
vt 0.211518 0.591748
vt 0.580451 0.612522
vt 0.579376 0.597612
vt 0.200962 0.588811
vt 0.657965 0.564091
vt 0.172226 0.690848
vt 0.188788 0.682887
vt 0.173868 0.683642
vt 0.172088 0.686561
vt 0.165571 0.685730
vt 0.162322 0.645485
vt 0.171415 0.703899
vt 0.171605 0.702334
vt 0.159393 0.768032
vt 0.158713 0.767427
vt 0.132564 0.739383
vt 0.278715 0.727277
vt 0.247230 0.681519
vt 0.259109 0.696921
vt 0.258079 0.772580
vt 0.273630 0.788837
vt 0.240393 0.750123
vt 0.279196 0.796560
vt 0.283307 0.803872
vt 0.220748 0.730549
vt 0.199981 0.700480
vt 0.563524 0.752424
vt 0.555669 0.643747
vt 0.381948 0.670332
vt 0.375110 0.653040
vt 0.388699 0.682096
vt 0.430363 0.685213
vt 0.389724 0.685449
vt 0.381749 0.685479
vt 0.588639 0.621986
vt 0.561493 0.706893
vt 0.355777 0.602138
vt 0.801763 0.570831
vt 0.801535 0.567176
vt 0.567654 0.722392
vt 0.590923 0.721822
vt 0.354318 0.604074
vt 0.594606 0.679904
vt 0.470621 0.715824
vt 0.445492 0.715725
vt 0.360158 0.617828
vt 0.423358 0.778159
vt 0.409302 0.745004
vt 0.294333 0.747352
vt 0.328305 0.793496
vt 0.613345 0.896069
vt 0.270740 0.697455
vt 0.402223 0.668728
vt 0.394810 0.652751
vt 0.408863 0.681869
vt 0.410008 0.685331
vt 0.342302 0.655114
vt 0.558392 0.705671
vt 0.481759 0.682442
vt 0.508622 0.683198
vt 0.556202 0.682324
vt 0.358708 0.600320
vt 0.559300 0.683124
vt 0.453498 0.618008
vt 0.414217 0.603223
vt 0.414356 0.601394
vt 0.444749 0.603193
vt 0.443025 0.634779
vt 0.148133 0.668929
vt 0.664567 0.737279
vt 0.682737 0.737654
vt 0.683472 0.749570
vt 0.789019 0.662732
vt 0.765812 0.659591
vt 0.764906 0.633710
vt 0.795289 0.637932
vt 0.751405 0.656676
vt 0.744327 0.630061
vt 0.210735 0.064170
vt 0.181138 0.064799
vt 0.947933 0.790548
vt 0.230992 0.078043
vt 0.150491 0.089871
vt 0.191333 0.130566
vt 0.282344 0.115554
vt 0.191724 0.182477
vt 0.151595 0.138769
vt 0.204205 0.081979
vt 0.252842 0.120308
vt 0.309571 0.135885
vt 0.276849 0.141645
vt 0.214617 0.153765
vt 0.280190 0.059369
vt 0.353358 0.069386
vt 0.986282 0.720101
vt 0.988730 0.769264
vt 0.960799 0.719737
vt 0.352927 0.097802
vt 0.966706 0.799927
vt 0.974032 0.790049
vt 0.987513 0.769332
vt 0.280930 0.060911
vt 0.353056 0.109687
vt 0.991193 0.671693
vt 0.326738 0.083964
vt 0.326977 0.054240
vt 0.617361 0.938977
vt 0.661859 0.938805
vt 0.659731 0.886970
vt 0.603630 0.886957
vt 0.849921 0.775622
vt 0.852444 0.756119
vt 0.874455 0.794144
vt 0.867930 0.663772
vt 0.947634 0.661986
vt 0.883790 0.663751
vt 0.864882 0.775993
vt 0.871686 0.756267
vt 0.915103 0.663804
vt 0.926198 0.641057
vt 0.959479 0.762697
vt 0.934299 0.762283
vt 0.928397 0.705195
vt 0.901763 0.691580
vt 0.934405 0.691700
vt 0.857872 0.691863
vt 0.873814 0.692266
vt 0.640272 0.939175
vt 0.860310 0.658929
vt 0.835386 0.756791
vt 0.864752 0.786844
vt 0.871812 0.649401
vt 0.889917 0.648907
vt 0.829634 0.775453
vt 0.865021 0.784080
vt 0.867364 0.786230
vt 0.869460 0.788153
vt 0.872642 0.791073
vt 0.874410 0.792705
vt 0.800000 0.729781
vt 0.735574 0.678750
vt 0.813713 0.678475
vt 0.771695 0.730021
vt 0.784955 0.678576
vt 0.799964 0.610735
vt 0.306374 0.164893
vt 0.904070 0.800528
vt 0.937622 0.801189
vt 0.941306 0.823870
vt 0.816426 0.816729
vt 0.804625 0.710122
vt 0.831733 0.757372
vt 0.807920 0.757288
vt 0.871077 0.791602
vt 0.699507 0.681937
vt 0.730717 0.694368
vt 0.704569 0.694557
vt 0.743529 0.533357
vt 0.744255 0.596676
vt 0.978936 0.595015
vt 0.406896 0.173090
vt 0.881635 0.593717
vt 0.875347 0.534218
vt 0.949805 0.594626
vt 0.940212 0.535374
vt 0.339811 0.060773
vt 0.405478 0.048970
vt 0.464104 0.039232
vt 0.280006 0.072649
vt 0.260888 0.098262
vt 0.240545 0.084138
vt 0.251563 0.055557
vt 0.268107 0.064879
vt 0.984594 0.667749
vt 0.374861 0.054455
vt 0.372642 0.182999
vt 0.170503 0.109811
vt 0.171583 0.161261
vt 0.228099 0.099501
vt 0.254117 0.094935
vt 0.214598 0.180029
vt 0.233712 0.173064
vt 0.217649 0.181261
vt 0.791942 0.650967
vt 0.743109 0.629949
vt 0.825619 0.677899
vt 0.829803 0.681355
vt 0.828060 0.680947
vt 0.818403 0.673481
vt 0.818710 0.672208
vt 0.823545 0.676190
vt 0.685538 0.616851
vt 0.683030 0.539991
vt 0.681036 0.529538
vt 0.322587 0.145105
vt 0.320723 0.155124
vt 0.323932 0.089001
vt 0.326355 0.091630
vt 0.324027 0.145931
vt 0.872878 0.753139
vt 0.853298 0.753207
vt 0.836345 0.753876
vt 0.872550 0.790988
vt 0.904272 0.752378
vt 0.907446 0.751793
vt 0.906347 0.753894
vt 0.911751 0.742217
vt 0.878052 0.742113
vt 0.035860 0.345215
vt 0.518135 0.352539
vt 0.653706 0.353492
vt 0.699835 0.350576
vt 0.649256 0.325668
vt 0.318677 0.483168
vt 0.339450 0.359787
vt 0.339866 0.367727
vt 0.342540 0.346220
vt 0.341084 0.343396
vt 0.535210 0.032797
vt 0.627219 0.105353
vt 0.637331 0.102579
vt 0.649098 0.108981
vt 0.661977 0.109694
vt 0.338634 0.249146
vt 0.340230 0.248836
vt 0.535193 0.035953
vt 0.627394 0.113857
vt 0.733231 0.463622
vt 0.710670 0.371842
vt 0.581472 0.467137
vt 0.522205 0.370727
vt 0.649723 0.210490
vt 0.663202 0.212535
vt 0.534532 0.164651
vt 0.636950 0.216864
vt 0.627396 0.214978
vt 0.534582 0.154811
vt 0.627607 0.202411
vt 0.636768 0.205196
vt 0.696666 0.362868
vt 0.513382 0.360971
vt 0.327181 0.482651
vt 0.345533 0.367817
vt 0.346079 0.359791
vt 0.151460 0.369794
vt 0.149668 0.359464
vt 0.153858 0.345407
vt 0.154856 0.342632
vt 0.125522 0.494917
vt 0.156731 0.358849
vt 0.158554 0.369839
vt 0.132910 0.494467
vt 0.637138 0.115269
vt 0.214737 0.180085
vt 0.191214 0.181920
vt 0.171351 0.161008
vt 0.151417 0.138608
vt 0.186218 0.068583
vt 0.133988 0.125280
vt 0.132904 0.077579
vt 0.889212 0.840854
vt 0.795854 0.809011
vt 0.796005 0.816770
vt 0.793737 0.815630
vt 0.695607 0.785668
vt 0.697641 0.796571
vt 0.848961 0.639764
vt 0.845363 0.637044
vt 0.871018 0.791558
vt 0.810253 0.757020
vt 0.832022 0.756603
vt 0.818211 0.816826
vt 0.887170 0.818510
vt 0.160679 0.048573
vt 0.107392 0.059618
vt 0.110827 0.061406
vt 0.124816 0.118048
vt 0.960190 0.760794
vt 0.934997 0.760979
vt 0.339800 0.062241
vt 0.973417 0.639690
vt 0.324596 0.179728
vt 0.268719 0.262701
vt 0.237890 0.177918
vt 0.704498 0.695207
vt 0.730676 0.694070
vt 0.828032 0.680926
vt 0.827808 0.679707
vt 0.731439 0.705718
vt 0.746146 0.593972
vt 0.745742 0.608731
vt 0.910316 0.803673
vt 0.910267 0.803801
vt 0.932931 0.801846
vt 0.700876 0.726774
vt 0.724099 0.730486
vt 0.829890 0.682296
vt 0.726772 0.729912
vt 0.650602 0.510419
vt 0.990063 0.789846
vt 0.992710 0.769314
vt 0.994265 0.758882
vt 0.989543 0.799456
vt 0.160439 0.027874
vt 0.985171 0.823255
vt 0.997538 0.822575
vt 0.993326 0.719919
vt 0.996289 0.702670
vt 0.934266 0.756516
vt 0.993292 0.720073
vt 0.995930 0.757281
vt 0.242881 0.036952
vt 0.280089 0.034314
vt 0.297491 0.037311
vt 0.280243 0.034347
vt 0.241279 0.035287
vt 0.230847 0.033731
vt 0.210316 0.031085
vt 0.200705 0.030564
vt 0.176907 0.026192
vt 0.177586 0.038560
vt 0.986853 0.839723
vt 0.976734 0.337995
vt 0.649210 0.024066
vt 0.637288 0.023945
vt 0.627452 0.030615
vt 0.405265 0.030325
vt 0.375991 0.030650
vt 0.339310 0.036440
vt 0.336945 0.036774
vt 0.331607 0.036018
vt 0.464183 0.025361
vt 0.298684 0.036383
vt 0.535492 -0.021838
vt 0.620877 0.023376
vt 0.328468 0.032214
vt 0.995362 0.701477
vt 0.994996 0.668554
vt 0.995753 0.663217
vt 0.995418 0.660851
vt 0.989629 0.624170
vt 0.989304 0.594896
vt 0.984339 0.535978
vt 0.982355 0.379285
vt 0.989594 0.372709
vt 0.937141 0.464670
vt 0.982924 0.362873
vt 0.983044 0.350951
vt 0.662166 0.017756
vn -0.003456 0.635296 0.772261
vn -0.003456 0.635296 0.772261
vn -0.003456 0.635296 0.772261
vn 0.830938 0.556366 0.000014
vn 0.830938 0.556366 0.000014
vn 0.830938 0.556366 0.000014
vn -0.008143 0.633425 -0.773761
vn -0.008143 0.633425 -0.773761
vn -0.008143 0.633425 -0.773761
vn -0.840035 0.542531 -0.001047
vn -0.840035 0.542531 -0.001047
vn -0.840035 0.542531 -0.001047
vn -0.839923 0.542705 -0.000941
vn -0.839923 0.542705 -0.000941
vn -0.839923 0.542705 -0.000941
vn -0.000252 0.635448 0.772144
vn -0.000252 0.635448 0.772144
vn -0.000252 0.635448 0.772144
vn 0.832407 0.554165 0.000012
vn 0.832407 0.554165 0.000012
vn 0.832407 0.554165 0.000012
vn 0.004826 0.633713 -0.773553
vn 0.004826 0.633713 -0.773553
vn 0.004826 0.633713 -0.773553
vn -0.000051 -1.000000 0.000000
vn -0.000051 -1.000000 0.000004
vn -0.000051 -1.000000 0.000004
vn -0.000051 -1.000000 0.000007
vn 0.003455 0.635297 -0.772260
vn 0.003455 0.635297 -0.772260
vn 0.003455 0.635297 -0.772260
vn -0.830936 0.556368 -0.000014
vn -0.830936 0.556368 -0.000014
vn -0.830936 0.556368 -0.000014
vn 0.008144 0.633424 0.773763
vn 0.008144 0.633424 0.773763
vn 0.008144 0.633424 0.773763
vn 0.840036 0.542530 0.001048
vn 0.840036 0.542530 0.001048
vn 0.840036 0.542530 0.001048
vn 0.839923 0.542704 0.000940
vn 0.839923 0.542704 0.000940
vn 0.839923 0.542704 0.000940
vn 0.000255 0.635448 -0.772144
vn 0.000255 0.635448 -0.772144
vn 0.000255 0.635448 -0.772144
vn -0.832407 0.554165 -0.000011
vn -0.832407 0.554165 -0.000011
vn -0.832407 0.554165 -0.000011
vn -0.004827 0.633714 0.773552
vn -0.004827 0.633714 0.773552
vn -0.004827 0.633714 0.773552
vn 0.010394 0.729985 0.683384
vn 0.004880 0.763825 0.645405
vn 0.004880 0.763825 0.645405
vn -0.000646 0.795666 0.605736
vn 0.000052 -1.000000 -0.000005
vn 0.000050 -1.000000 -0.000005
vn 0.000050 -1.000000 -0.000005
vn 0.000048 -1.000000 -0.000006
vn -1.000000 0.000004 0.001008
vn -1.000000 0.000013 0.001015
vn -1.000000 0.000013 0.001015
vn -0.999999 0.000022 0.001022
vn -0.000177 1.000000 0.000130
vn -0.000254 1.000000 0.000081
vn -0.000254 1.000000 0.000081
vn -0.000331 1.000000 0.000031
vn 0.033068 0.871027 -0.490121
vn 0.033068 0.871027 -0.490121
vn 0.033068 0.871027 -0.490121
vn 0.032210 0.999481 0.000130
vn 0.039635 0.999203 0.004730
vn 0.039635 0.999203 0.004730
vn 0.047058 0.998849 0.009330
vn -0.001224 0.814732 0.579836
vn -0.001224 0.814732 0.579836
vn -0.001224 0.814732 0.579836
vn 0.000148 1.000000 0.000186
vn 0.000071 1.000000 0.000115
vn 0.000071 1.000000 0.000115
vn -0.000005 1.000000 0.000043
vn 0.096404 0.783146 -0.614320
vn 0.096404 0.783146 -0.614320
vn 0.096404 0.783146 -0.614320
vn -0.010641 -0.000004 -0.999943
vn -0.122205 -0.098799 -0.987575
vn -0.082173 -0.065793 -0.994444
vn -0.002342 0.000011 -0.999997
vn -0.118065 -0.098839 -0.988075
vn 0.000051 -1.000000 0.000000
vn 0.000051 -1.000000 -0.000002
vn 0.000051 -1.000000 -0.000002
vn 0.000051 -1.000000 -0.000005
vn 0.000026 -1.000000 -0.000022
vn 0.000026 -1.000000 -0.000021
vn 0.000026 -1.000000 -0.000021
vn 0.000025 -1.000000 -0.000020
vn 0.000025 -1.000000 -0.000025
vn 0.000024 -1.000000 -0.000025
vn 0.000024 -1.000000 -0.000025
vn 0.000024 -1.000000 -0.000025
vn -0.004531 0.000006 0.999990
vn -0.004531 0.000006 0.999990
vn -0.004531 0.000006 0.999990
vn -0.004532 0.000007 0.999990
vn 0.999999 0.001705 -0.000001
vn 0.999999 0.001706 -0.000001
vn 0.999999 0.001706 -0.000001
vn 0.999999 0.001707 -0.000001
vn -0.000332 1.000000 0.000183
vn -0.000355 1.000000 0.000127
vn -0.000355 1.000000 0.000127
vn -0.000378 1.000000 0.000070
vn 0.750552 -0.660748 -0.009162
vn 0.750552 -0.660748 -0.009162
vn 0.750552 -0.660748 -0.009162
vn 0.000073 -0.000042 1.000000
vn 0.000048 -0.000063 1.000000
vn 0.000048 -0.000063 1.000000
vn 0.000024 -0.000083 1.000000
vn 0.000024 -0.000040 1.000000
vn 0.000049 -0.000020 1.000000
vn 0.000049 -0.000020 1.000000
vn 0.000073 0.000000 1.000000
vn 0.999973 -0.007303 0.000022
vn 0.999994 -0.003501 -0.000340
vn 0.999994 -0.003501 -0.000340
vn 1.000000 0.000300 -0.000703
vn 0.929645 0.366289 0.039906
vn 0.929645 0.366289 0.039906
vn 0.929645 0.366289 0.039906
vn 0.030366 0.999539 0.000186
vn 0.030366 0.999539 0.000186
vn 0.030366 0.999539 0.000186
vn 0.000382 0.999823 0.018785
vn 0.000382 0.999823 0.018785
vn 0.000382 0.999823 0.018785
vn 0.000285 0.718869 -0.695146
vn 0.000285 0.718869 -0.695146
vn 0.000285 0.718869 -0.695146
vn -0.040392 0.999015 0.018372
vn -0.007152 0.999955 -0.006322
vn -0.007152 0.999955 -0.006322
vn 0.026100 0.999178 -0.031005
vn -0.000040 -1.000000 -0.000020
vn -0.000039 -1.000000 -0.000021
vn -0.000039 -1.000000 -0.000021
vn -0.000038 -1.000000 -0.000022
vn -0.000059 -1.000000 -0.000006
vn -0.000072 -1.000000 -0.000005
vn -0.000072 -1.000000 -0.000005
vn -0.000085 -1.000000 -0.000005
vn -0.000057 -1.000000 0.000017
vn -0.000058 -1.000000 0.000008
vn -0.000058 -1.000000 0.000008
vn -0.000060 -1.000000 0.000000
vn -0.000038 -1.000000 -0.000026
vn -0.000039 -1.000000 -0.000022
vn -0.000039 -1.000000 -0.000022
vn -0.000039 -1.000000 -0.000019
vn 0.017644 0.683619 0.729626
vn 0.017644 0.683619 0.729626
vn 0.017644 0.683619 0.729626
vn -0.999165 0.000021 -0.040862
vn -0.926744 -0.269594 -0.261657
vn -0.818055 -0.412445 -0.400842
vn -1.000000 0.000020 0.000919
vn -0.826293 -0.416345 -0.379338
vn -0.049121 0.045766 0.997744
vn -0.024574 0.022896 0.999436
vn -0.024574 0.022896 0.999436
vn 0.000002 0.000001 1.000000
vn 1.000000 -0.000001 -0.000000
vn 1.000000 -0.000001 -0.000000
vn 1.000000 -0.000001 -0.000000
vn 1.000000 0.000000 -0.000001
vn 1.000000 -0.000002 -0.000000
vn 1.000000 -0.000001 -0.000000
vn 1.000000 -0.000001 -0.000000
vn 1.000000 0.000000 -0.000000
vn 1.000000 0.000402 0.000000
vn 1.000000 0.000402 0.000000
vn 1.000000 0.000402 0.000000
vn 1.000000 0.000401 0.000000
vn 1.000000 0.000402 0.000000
vn 1.000000 0.000401 0.000000
vn 1.000000 0.000401 0.000000
vn 1.000000 0.000400 0.000001
vn 1.000000 0.000402 0.000000
vn 1.000000 0.000402 0.000000
vn 1.000000 0.000402 0.000000
vn 1.000000 0.000402 0.000001
vn -0.006549 0.999977 -0.001993
vn 0.002573 0.999991 0.003465
vn 0.002573 0.999991 0.003465
vn 0.011695 0.999892 0.008923
vn 0.039249 0.768299 -0.638887
vn 0.026168 0.818367 -0.574100
vn 0.026168 0.818367 -0.574100
vn 0.012908 0.862809 -0.505365
vn 0.999907 0.013633 -0.001047
vn 0.999909 0.011242 -0.007451
vn 0.999909 0.011242 -0.007451
vn 0.999865 0.008850 -0.013854
vn 1.000000 0.000403 0.000001
vn 1.000000 0.000403 0.000001
vn 1.000000 0.000403 0.000001
vn 0.011696 0.999931 0.001320
vn 0.012456 0.999909 0.005108
vn 0.012456 0.999909 0.005108
vn 0.013216 0.999873 0.008896
vn -0.971841 0.000000 -0.235639
vn -0.971841 0.000000 -0.235639
vn -0.971841 0.000000 -0.235639
vn 1.000000 0.000002 -0.000001
vn 1.000000 -0.000000 -0.000000
vn 1.000000 -0.000000 -0.000000
vn 1.000000 -0.000003 -0.000000
vn 1.000000 0.000399 0.000001
vn 1.000000 0.000401 0.000001
vn 1.000000 0.000401 0.000001
vn 1.000000 0.000402 0.000000
vn 1.000000 0.000001 0.000000
vn 1.000000 0.000000 0.000000
vn 1.000000 0.000000 0.000000
vn 1.000000 0.000000 0.000000
vn 1.000000 0.000400 0.000000
vn 1.000000 0.000399 0.000001
vn 1.000000 0.000399 0.000001
vn 1.000000 0.000397 0.000001
vn 0.860584 -0.509309 -0.000537
vn 0.860584 -0.509309 -0.000537
vn 0.860584 -0.509309 -0.000537
vn 0.856114 -0.503946 -0.114485
vn 0.856114 -0.503946 -0.114485
vn 0.856114 -0.503946 -0.114485
vn 0.965241 -0.261227 -0.008359
vn 0.965241 -0.261227 -0.008359
vn 0.965241 -0.261227 -0.008359
vn 0.999998 0.002224 -0.000037
vn 0.999999 0.001113 0.000410
vn 0.999999 0.001113 0.000410
vn 1.000000 0.000002 0.000858
vn 0.999713 -0.012848 -0.020211
vn 0.999882 -0.006217 -0.014034
vn 0.999882 -0.006217 -0.014034
vn 0.999969 0.000415 -0.007856
vn 0.753439 -0.657425 0.011014
vn 0.753439 -0.657425 0.011014
vn 0.753439 -0.657425 0.011014
vn 0.720660 -0.693289 0.000666
vn 0.737286 -0.675580 -0.000659
vn 0.737286 -0.675580 -0.000659
vn 0.753477 -0.657472 -0.001983
vn 0.538318 -0.842685 0.009842
vn 0.633737 -0.773539 0.003902
vn 0.633737 -0.773539 0.003902
vn 0.720333 -0.693625 -0.002093
vn 0.710939 -0.703184 -0.009936
vn 0.628521 -0.777770 -0.005966
vn 0.628521 -0.777770 -0.005966
vn 0.538327 -0.842734 -0.001922
vn 0.692169 -0.721735 -0.000505
vn 0.701812 -0.712362 -0.001054
vn 0.701812 -0.712362 -0.001054
vn 0.711327 -0.702859 -0.001603
vn 0.520579 0.016975 0.853645
vn 0.520579 0.016975 0.853645
vn 0.520579 0.016975 0.853645
vn -0.000091 0.000370 1.000000
vn -0.000091 0.000370 1.000000
vn -0.000091 0.000370 1.000000
vn -0.001775 -0.000458 0.999998
vn -0.000804 -0.000800 0.999999
vn -0.000804 -0.000800 0.999999
vn 0.000167 -0.001143 0.999999
vn 0.626743 0.779225 -0.001137
vn 0.624255 0.781221 -0.000637
vn 0.623217 0.782049 -0.000425
vn 0.621448 0.783455 -0.000068
vn 0.621137 0.783702 -0.000001
vn 0.641792 0.765461 -0.046613
vn 0.679040 0.703520 0.209675
vn 0.679040 0.703520 0.209675
vn 0.668140 0.591694 0.451096
vn 0.964651 -0.008633 0.263390
vn 0.964651 -0.008633 0.263390
vn 0.964651 -0.008633 0.263390
vn 0.119235 0.058516 -0.991140
vn 0.119235 0.058516 -0.991140
vn 0.119235 0.058516 -0.991140
vn 0.088326 0.045227 -0.995064
vn 0.088326 0.045227 -0.995064
vn 0.088326 0.045227 -0.995064
vn 0.101156 0.060880 -0.993006
vn 0.101156 0.060880 -0.993006
vn 0.101156 0.060880 -0.993006
vn 0.707369 0.706817 0.006235
vn 0.707369 0.706817 0.006235
vn 0.707369 0.706817 0.006235
vn 0.000110 1.000000 0.000739
vn 0.000198 1.000000 0.000747
vn 0.000198 1.000000 0.000747
vn 0.000286 1.000000 0.000754
vn 0.999777 0.019666 0.007745
vn 0.999847 0.015973 0.007150
vn 0.999692 0.023150 0.008991
vn 0.999877 0.014126 0.006852
vn 0.999993 0.001616 0.003466
vn 0.999915 0.012949 0.001467
vn 0.999424 0.032897 0.008289
vn 0.999154 0.039715 0.010661
vn 0.998473 0.053086 0.015254
vn 0.998457 0.053343 0.015403
vn -0.998818 -0.047852 -0.008580
vn -0.999705 -0.023930 -0.004281
vn -0.999705 -0.023930 -0.004281
vn -1.000000 0.000006 0.000020
vn -0.076719 -0.498737 0.863352
vn -0.076719 -0.498737 0.863352
vn -0.076719 -0.498737 0.863352
vn 0.996993 -0.054838 0.054756
vn 0.999264 -0.026869 0.027394
vn 0.999264 -0.026869 0.027394
vn 0.999999 0.001141 -0.000010
vn 0.001000 0.999999 0.001388
vn 0.000831 0.999997 0.002238
vn 0.000831 0.999997 0.002238
vn 0.000661 0.999995 0.003089
vn 0.999811 -0.019470 0.000040
vn 0.999874 -0.009745 0.012556
vn 0.999874 -0.009745 0.012556
vn 0.999686 -0.000017 0.025069
vn -0.000412 -0.000071 1.000000
vn -0.000456 0.000087 1.000000
vn -0.000265 0.000630 1.000000
vn -0.000547 0.000261 1.000000
vn -0.000679 -0.000412 1.000000
vn -0.000387 -0.000007 1.000000
vn -0.000392 0.000000 1.000000
vn 0.983608 -0.021855 0.178989
vn 0.983608 -0.021855 0.178989
vn 0.983608 -0.021855 0.178989
vn 0.000008 0.999170 0.040734
vn -0.008927 0.998500 0.054011
vn -0.008927 0.998500 0.054011
vn -0.017859 0.997575 0.067275
vn 0.000017 1.000000 -0.000027
vn 0.000001 1.000000 -0.000033
vn 0.000001 1.000000 -0.000033
vn -0.000016 1.000000 -0.000038
vn 0.000005 1.000000 -0.000035
vn 0.000009 1.000000 -0.000037
vn 0.000015 1.000000 -0.000035
vn 0.000019 1.000000 -0.000039
vn 0.000023 1.000000 -0.000040
vn 0.000018 1.000000 -0.000047
vn 0.000005 1.000000 -0.000040
vn 0.000009 1.000000 -0.000042
vn 0.000009 1.000000 -0.000042
vn 0.000012 1.000000 -0.000044
vn 0.000005 1.000000 -0.000038
vn 0.000005 1.000000 -0.000038
vn 0.000005 1.000000 -0.000038
vn 0.000001 0.000000 1.000000
vn 0.000127 0.000000 1.000000
vn 0.000168 0.000000 1.000000
vn 0.000252 0.000001 1.000000
vn 0.000252 0.000001 1.000000
vn 1.000000 -0.000001 0.000000
vn 1.000000 -0.000000 0.000000
vn 1.000000 -0.000000 0.000000
vn 1.000000 0.000000 0.000000
vn 1.000000 0.000000 0.000000
vn -0.000071 0.000000 1.000000
vn -0.000071 0.000001 1.000000
vn -0.000064 0.000018 1.000000
vn -0.000069 0.000018 1.000000
vn -0.000069 0.000027 1.000000
vn -0.000086 0.000000 1.000000
vn 0.001976 0.999998 0.000797
vn 0.001976 0.999998 0.000797
vn 0.001976 0.999998 0.000797
vn 0.003269 0.999994 0.000808
vn 0.003155 0.999995 0.000916
vn 0.003155 0.999995 0.000916
vn 0.003040 0.999995 0.001024
vn 0.861987 -0.506682 -0.015866
vn 0.784498 -0.620074 -0.008382
vn 0.784498 -0.620074 -0.008382
vn 0.692168 -0.721736 -0.000739
vn -0.000083 0.000048 1.000000
vn -0.000083 0.000048 1.000000
vn -0.000083 0.000048 1.000000
vn -0.000084 0.000370 1.000000
vn -0.000084 0.000370 1.000000
vn -0.000084 0.000370 1.000000
vn -0.000714 1.000000 0.000418
vn -0.000350 1.000000 0.000411
vn -0.000350 1.000000 0.000411
vn 0.000014 1.000000 0.000404
vn -0.000741 0.999972 0.007496
vn -0.000741 0.999972 0.007496
vn -0.000741 0.999972 0.007496
vn -0.002344 0.999971 0.007220
vn -0.001448 0.999986 0.005049
vn -0.001448 0.999986 0.005049
vn -0.000552 0.999996 0.002878
vn -0.000545 1.000000 0.000373
vn -0.000269 1.000000 0.000251
vn -0.000269 1.000000 0.000251
vn 0.000007 1.000000 0.000129
vn -0.001192 0.999971 0.007471
vn -0.002430 0.999941 0.010574
vn -0.002430 0.999941 0.010574
vn -0.003667 0.999900 0.013678
vn -0.001163 0.999999 0.001208
vn -0.001163 0.999999 0.001208
vn -0.001163 0.999999 0.001208
vn -0.000884 1.000000 0.000418
vn -0.000437 1.000000 0.000735
vn -0.000437 1.000000 0.000735
vn 0.000011 0.999999 0.001053
vn 0.001021 0.999998 0.001804
vn 0.000922 0.999998 0.001805
vn 0.000922 0.999998 0.001805
vn 0.000822 0.999998 0.001807
vn -0.000864 0.999997 0.002381
vn -0.001670 0.999996 0.002128
vn -0.001670 0.999996 0.002128
vn -0.002475 0.999995 0.001875
vn 0.000822 0.999996 0.002787
vn 0.000429 0.999996 0.002793
vn 0.000429 0.999996 0.002793
vn 0.000035 0.999996 0.002799
vn 0.000617 0.999996 0.002749
vn 0.000318 0.999997 0.002564
vn 0.000318 0.999997 0.002564
vn 0.000018 0.999997 0.002379
vn 0.001977 0.999996 0.001807
vn 0.001499 0.999997 0.001808
vn 0.001499 0.999997 0.001808
vn 0.001021 0.999998 0.001809
vn 0.001756 0.999996 0.002280
vn 0.002068 0.999996 0.002052
vn 0.002392 0.999995 0.002128
vn 0.002710 0.999994 0.002052
vn 0.003042 0.999993 0.002280
vn 0.000275 0.999995 0.003016
vn 0.001008 0.999997 0.002417
vn 0.001008 0.999997 0.002417
vn 0.001741 0.999997 0.001818
vn 0.000271 0.999996 0.002805
vn 0.000140 0.999996 0.002910
vn 0.000140 0.999996 0.002910
vn 0.000008 0.999995 0.003016
vn 0.630489 0.776198 -0.001046
vn 0.629786 0.776768 -0.000849
vn 0.632405 0.774618 -0.005480
vn 0.637582 0.770241 -0.014740
vn 0.633358 0.773821 -0.007697
vn 0.000088 0.999996 0.002780
vn 0.000088 0.999996 0.002780
vn 0.000088 0.999996 0.002780
vn 0.000036 1.000000 0.000403
vn 0.000036 1.000000 0.000403
vn 0.000036 1.000000 0.000403
vn -0.000017 1.000000 -0.000176
vn -0.000005 1.000000 -0.000224
vn -0.000005 1.000000 -0.000224
vn 0.000007 1.000000 -0.000271
vn 0.000009 1.000000 -0.000001
vn 0.000010 1.000000 -0.000001
vn 0.000010 1.000000 -0.000001
vn 0.000010 1.000000 -0.000002
vn 0.000004 1.000000 -0.000272
vn 0.000004 1.000000 -0.000272
vn 0.000004 1.000000 -0.000272
vn 0.000007 1.000000 -0.000002
vn 0.000008 1.000000 -0.000002
vn 0.000008 1.000000 -0.000002
vn 0.000008 1.000000 -0.000002
vn 0.000064 1.000000 -0.000002
vn 0.027535 0.999620 -0.001034
vn 0.027535 0.999620 -0.001034
vn 0.054985 0.998485 -0.002064
vn 0.000012 1.000000 -0.000001
vn 0.000012 1.000000 -0.000001
vn 0.000012 1.000000 -0.000001
vn 0.000012 1.000000 -0.000001
vn 0.000009 1.000000 -0.000039
vn 0.000009 1.000000 -0.000040
vn 0.000009 1.000000 -0.000040
vn 0.000009 1.000000 -0.000040
vn 0.054971 0.998488 -0.000040
vn 0.037120 0.999310 0.000882
vn 0.037120 0.999310 0.000882
vn 0.019257 0.999813 0.001804
vn 0.017583 0.999843 0.002166
vn -0.023572 0.999722 0.001179
vn -0.023572 0.999722 0.001179
vn -0.064688 0.997906 0.000190
vn 0.000008 1.000000 -0.000038
vn 0.000007 1.000000 -0.000037
vn 0.000007 1.000000 -0.000037
vn 0.000005 1.000000 -0.000037
vn 0.019222 0.999815 -0.000117
vn 0.019222 0.999815 -0.000117
vn 0.019222 0.999815 -0.000117
vn -0.000034 1.000000 -0.000026
vn -0.000003 1.000000 -0.000018
vn -0.000003 1.000000 -0.000018
vn 0.000028 1.000000 -0.000009
vn 0.000006 1.000000 -0.000039
vn 0.000011 1.000000 -0.000039
vn 0.000011 1.000000 -0.000039
vn 0.000015 1.000000 -0.000039
vn 0.000007 1.000000 -0.000031
vn 0.000008 1.000000 -0.000038
vn 0.000008 1.000000 -0.000038
vn 0.000009 1.000000 -0.000045
vn 0.000030 1.000000 -0.000039
vn 0.000018 1.000000 -0.000041
vn 0.000018 1.000000 -0.000041
vn 0.000005 1.000000 -0.000044
vn 0.000005 1.000000 -0.000040
vn 0.000005 1.000000 -0.000035
vn 0.000005 1.000000 -0.000035
vn 0.000005 1.000000 -0.000029
vn -0.000025 1.000000 -0.000027
vn -0.000005 1.000000 -0.000027
vn -0.000005 1.000000 -0.000027
vn 0.000015 1.000000 -0.000027
vn -0.000013 1.000000 -0.000328
vn 0.000010 1.000000 -0.000368
vn -0.000006 1.000000 -0.000355
vn 0.000042 1.000000 -0.000393
vn 0.000022 1.000000 -0.000388
vn 0.000005 1.000000 -0.000044
vn 0.000001 1.000000 -0.000043
vn 0.000001 1.000000 -0.000043
vn -0.000003 1.000000 -0.000043
vn 0.000005 1.000000 -0.000032
vn 0.000005 1.000000 -0.000031
vn 0.000005 1.000000 -0.000031
vn 0.000005 1.000000 -0.000029
vn 0.000005 1.000000 -0.000038
vn 0.000007 1.000000 -0.000040
vn 0.000007 1.000000 -0.000040
vn 0.000009 1.000000 -0.000041
vn 0.000008 1.000000 -0.000001
vn 0.000008 1.000000 -0.000001
vn 0.000008 1.000000 -0.000001
vn 0.000007 1.000000 -0.000002
vn 0.000003 1.000000 -0.000273
vn 0.000003 1.000000 -0.000273
vn 0.000003 1.000000 -0.000273
vn 0.000240 -0.000007 1.000000
vn 0.000240 -0.000007 1.000000
vn 0.000240 -0.000007 1.000000
vn 0.000257 0.000001 1.000000
vn 0.000253 -0.000003 1.000000
vn 0.000253 -0.000003 1.000000
vn 0.000248 -0.000007 1.000000
vn -0.017581 0.999016 0.040720
vn -0.008802 0.999740 0.021020
vn -0.008802 0.999740 0.021020
vn -0.000020 0.999999 0.001310
vn -0.714991 0.699120 -0.004350
vn -0.714991 0.699120 -0.004350
vn -0.714991 0.699120 -0.004350
vn -0.001656 0.744926 0.667145
vn 0.001172 0.758407 0.651780
vn 0.001172 0.758407 0.651780
vn 0.004000 0.771565 0.636138
vn 0.035820 0.999340 -0.006078
vn -0.111523 0.993749 0.005031
vn -0.074105 0.997250 0.000944
vn -0.129197 0.991609 0.004481
vn 0.000225 0.999974 -0.007145
vn 0.026082 -0.013628 0.999567
vn 0.013042 -0.006815 0.999892
vn 0.013042 -0.006815 0.999892
vn -0.000001 0.000000 1.000000
vn -0.000027 0.000014 -1.000000
vn 0.000003 -0.000004 -1.000000
vn 0.000003 -0.000004 -1.000000
vn 0.000032 -0.000022 -1.000000
vn -0.000047 0.000006 -1.000000
vn -0.000024 0.000021 -1.000000
vn -0.000024 0.000021 -1.000000
vn -0.000001 0.000036 -1.000000
vn 0.494270 0.869308 0.000002
vn 0.492200 0.870481 -0.001103
vn 0.492200 0.870481 -0.001103
vn 0.490127 0.871648 -0.002208
vn -0.000034 1.000000 0.000000
vn -0.000017 1.000000 -0.000008
vn -0.000017 1.000000 -0.000008
vn -0.000000 1.000000 -0.000016
vn -0.000032 1.000000 0.000019
vn -0.000163 1.000000 0.000096
vn -0.000163 1.000000 0.000096
vn -0.000295 1.000000 0.000174
vn -0.000038 1.000000 -0.000045
vn -0.000237 1.000000 0.000088
vn -0.000158 1.000000 0.000253
vn -0.000218 1.000000 0.000403
vn 0.000001 1.000000 0.000583
vn 0.683303 0.729889 0.018925
vn 0.709804 0.704334 0.009568
vn 0.709804 0.704334 0.009568
vn 0.735281 0.677763 0.000196
vn 0.001357 0.999999 -0.000026
vn 0.001898 0.999998 -0.000049
vn 0.001898 0.999998 -0.000049
vn 0.002440 0.999997 -0.000072
vn 0.001348 0.999999 -0.000154
vn 0.000205 1.000000 -0.000101
vn 0.000205 1.000000 -0.000101
vn -0.000937 1.000000 -0.000048
vn -0.999146 0.041245 -0.002641
vn -0.999229 0.039234 -0.001693
vn -0.999354 0.035870 -0.002177
vn -0.999447 0.033182 -0.001945
vn -0.999570 0.029143 -0.003144
vn -0.002362 -0.038707 0.999248
vn -0.002362 -0.038707 0.999248
vn -0.002362 -0.038707 0.999248
vn 0.683305 0.730021 -0.012808
vn 0.683305 0.730021 -0.012808
vn 0.683305 0.730021 -0.012808
vn -0.954625 -0.008776 -0.297681
vn -0.954625 -0.008776 -0.297681
vn -0.954625 -0.008776 -0.297681
vn -0.999599 0.028155 -0.003126
vn -0.999547 0.029898 -0.003424
vn -0.999626 0.027206 -0.002678
vn -0.999640 0.026731 -0.002454
vn -0.999761 0.021821 -0.001187
vn 0.000001 1.000000 0.000000
vn 0.000001 1.000000 0.000000
vn 0.000001 1.000000 0.000000
vn 0.000001 1.000000 0.000000
vn 0.000949 0.999999 0.001468
vn 0.030959 0.999521 0.000611
vn 0.030959 0.999521 0.000611
vn 0.060941 0.998141 -0.000247
vn 0.000000 1.000000 -0.000378
vn -0.000146 1.000000 -0.000317
vn -0.000146 1.000000 -0.000317
vn -0.000292 1.000000 -0.000256
vn 0.000946 0.999999 0.000586
vn 0.000062 1.000000 0.000636
vn 0.000062 1.000000 0.000636
vn -0.000822 1.000000 0.000686
vn 0.000001 1.000000 0.000234
vn 0.000009 1.000000 0.000232
vn 0.000009 1.000000 0.000232
vn 0.000018 1.000000 0.000230
vn -0.006969 0.999965 0.004568
vn -0.005545 0.999974 0.004713
vn -0.005545 0.999974 0.004713
vn -0.004120 0.999980 0.004859
vn -1.000000 -0.000002 -0.000001
vn -1.000000 -0.000001 -0.000001
vn -1.000000 -0.000001 -0.000001
vn -1.000000 0.000000 -0.000001
vn -1.000000 0.000000 -0.000001
vn -1.000000 -0.000001 -0.000001
vn -1.000000 -0.000001 -0.000001
vn -1.000000 -0.000001 -0.000001
vn -1.000000 0.000000 -0.000001
vn 0.607982 0.793882 0.010435
vn 0.607982 0.793882 0.010435
vn 0.607982 0.793882 0.010435
vn -0.004120 0.999988 -0.002495
vn -0.003353 0.999991 -0.002632
vn -0.003353 0.999991 -0.002632
vn -0.002586 0.999993 -0.002769
vn -0.002584 0.999995 -0.002034
vn -0.001138 0.999997 -0.002162
vn -0.001138 0.999997 -0.002162
vn 0.000307 0.999997 -0.002289
vn 0.999949 -0.009923 -0.001940
vn 0.999970 -0.007753 -0.000970
vn 0.999961 -0.008694 -0.001580
vn 0.999985 -0.005387 -0.000934
vn 0.999985 -0.005288 -0.001401
vn 1.000000 0.000000 0.000000
vn 0.999941 -0.009697 0.004910
vn 0.999995 -0.002577 0.001637
vn 0.999987 -0.004358 0.002455
vn 1.000000 0.000983 0.000000
vn 1.000000 0.000984 -0.000000
vn 0.999951 -0.009937 0.000026
vn 0.999951 -0.009920 0.000013
vn 0.999951 -0.009920 0.000013
vn 0.999951 -0.009903 0.000001
vn 0.000177 0.999999 0.001226
vn -0.000343 0.999999 0.001386
vn -0.000343 0.999999 0.001386
vn -0.000864 0.999998 0.001546
vn 0.002490 0.999997 0.000566
vn 0.002669 0.999996 0.000631
vn 0.002669 0.999996 0.000631
vn 0.002847 0.999996 0.000695
vn 0.000186 0.999999 0.001543
vn 0.001338 0.999998 0.001384
vn 0.001338 0.999998 0.001384
vn 0.002491 0.999996 0.001225
vn 0.002123 0.999997 0.000794
vn 0.002053 0.999998 0.000744
vn 0.002053 0.999998 0.000744
vn 0.001982 0.999998 0.000695
vn 0.000617 0.999998 0.001798
vn 0.000816 0.999998 0.001669
vn 0.000816 0.999998 0.001669
vn 0.001016 0.999998 0.001541
vn 0.001021 0.999998 0.001797
vn 0.001502 0.999997 0.001668
vn 0.001502 0.999997 0.001668
vn 0.001982 0.999997 0.001539
vn -0.999988 -0.004576 0.001857
vn -0.999980 -0.006246 0.000926
vn -0.999980 -0.006246 0.000926
vn -0.999969 -0.007916 -0.000005
vn 0.003270 0.712970 0.701187
vn 0.001396 0.721386 0.692532
vn 0.001396 0.721386 0.692532
vn -0.000478 0.729695 0.683773
vn -0.002990 0.999982 0.005238
vn -0.002161 0.999984 0.005170
vn -0.002161 0.999984 0.005170
vn -0.001332 0.999986 0.005102
vn 1.000000 0.000000 0.000163
vn 1.000000 0.000000 0.000163
vn 1.000000 0.000000 0.000163
vn -0.020918 0.944735 -0.327167
vn -0.020918 0.944735 -0.327167
vn -0.020918 0.944735 -0.327167
vn 0.007035 0.008390 -0.999940
vn 0.003629 0.006225 -0.999974
vn 0.005444 0.009337 -0.999942
vn 0.001284 0.003428 -0.999993
vn 0.000000 0.000000 -1.000000
vn 0.000000 0.000000 -1.000000
vn 0.999998 0.001959 0.000027
vn 0.999953 -0.009317 0.002785
vn 0.999990 -0.001531 0.004169
vn 0.999880 -0.014955 0.004165
vn 0.999690 -0.024886 0.000017
vn 0.000050 1.000000 0.000018
vn 0.000025 1.000000 0.000009
vn 0.000025 1.000000 0.000009
vn 0.000000 1.000000 -0.000000
vn -0.000003 1.000000 -0.000252
vn 0.000763 1.000000 -0.000453
vn 0.000509 1.000000 -0.000302
vn 0.000765 1.000000 -0.000327
vn -0.000000 1.000000 0.000001
vn 0.000025 -0.000083 1.000000
vn 0.000033 -0.000086 1.000000
vn 0.000033 -0.000086 1.000000
vn 0.000041 -0.000088 1.000000
vn 0.024597 -0.000068 0.999697
vn 0.012523 0.009205 0.999879
vn 0.012523 0.009205 0.999879
vn 0.000446 0.018476 0.999829
vn 0.020366 -0.413586 0.910238
vn 0.020366 -0.413586 0.910238
vn 0.020366 -0.413586 0.910238
vn 0.999792 0.020351 0.001393
vn 0.999410 0.031809 -0.012956
vn 0.999410 0.031809 -0.012956
vn 0.998691 0.043256 -0.027300
vn -0.008191 0.999800 0.018265
vn -0.009711 0.999897 0.010595
vn -0.009711 0.999897 0.010595
vn -0.011230 0.999933 0.002925
vn 0.713401 -0.700419 -0.021713
vn 0.756143 -0.654157 -0.018052
vn 0.756143 -0.654157 -0.018052
vn 0.795875 -0.605292 -0.014319
vn -0.000028 0.000043 -1.000000
vn -0.000027 0.000021 -1.000000
vn -0.000027 0.000021 -1.000000
vn -0.000027 -0.000001 -1.000000
vn 0.000112 -0.000006 -1.000000
vn 0.000111 -0.000001 -1.000000
vn 0.000111 -0.000003 -1.000000
vn 0.000065 0.000000 -1.000000
vn 0.000042 0.000001 -1.000000
vn -0.000027 -0.000001 -1.000000
vn -0.007082 -0.012141 0.999901
vn -0.007082 -0.012141 0.999901
vn -0.007082 -0.012141 0.999901
vn 0.008162 0.441568 0.897191
vn 0.008162 0.441568 0.897191
vn 0.008162 0.441568 0.897191
vn 0.000295 0.000002 -1.000000
vn 0.000295 0.000002 -1.000000
vn 0.000295 0.000002 -1.000000
vn -0.026840 0.988871 -0.146335
vn -0.013891 0.997237 -0.072977
vn -0.013891 0.997237 -0.072977
vn -0.000863 0.999999 0.000792
vn -0.000253 0.628827 -0.777545
vn -0.000319 0.627723 -0.778437
vn -0.000319 0.627723 -0.778437
vn -0.000386 0.626618 -0.779326
vn 0.304606 -0.024594 -0.952161
vn 0.304606 -0.024594 -0.952161
vn 0.304606 -0.024594 -0.952161
vn 0.000000 -0.000045 1.000000
vn 0.000014 -0.000067 1.000000
vn 0.000014 -0.000067 1.000000
vn 0.000028 -0.000088 1.000000
vn -0.999840 -0.006714 0.016571
vn -0.999840 -0.006714 0.016571
vn -0.999840 -0.006714 0.016571
vn 0.000031 -0.000196 1.000000
vn -0.000235 0.009120 0.999958
vn -0.000235 0.009120 0.999958
vn -0.000501 0.018435 0.999830
vn 0.000056 -0.000043 1.000000
vn 0.000028 -0.000037 1.000000
vn 0.000028 -0.000037 1.000000
vn 0.000000 -0.000031 1.000000
vn 0.775603 0.631220 0.001046
vn 0.837904 0.545769 -0.007282
vn 0.837904 0.545769 -0.007282
vn 0.890776 0.454177 -0.015527
vn 0.479507 -0.529473 0.699808
vn 0.479507 -0.529473 0.699808
vn 0.479507 -0.529473 0.699808
vn -0.002994 0.999993 0.002470
vn -0.000857 0.999997 0.002267
vn -0.000857 0.999997 0.002267
vn 0.001281 0.999997 0.002064
vn 0.702014 0.711224 0.036565
vn 0.702014 0.711224 0.036565
vn 0.702014 0.711224 0.036565
vn 0.749871 -0.660384 0.039828
vn 0.919434 -0.393226 -0.003651
vn 0.919434 -0.393226 -0.003651
vn 0.995201 -0.085953 -0.046758
vn 0.999677 -0.025102 0.004066
vn 0.999246 -0.037501 0.010040
vn 0.999910 -0.013280 0.002040
vn 0.999538 -0.029127 0.008691
vn 0.998992 -0.042967 0.013031
vn 1.000000 0.000019 0.000016
vn 0.998622 -0.052489 -0.000152
vn 0.998622 -0.052489 -0.000152
vn 0.998622 -0.052489 -0.000152
vn 0.999487 0.030144 0.010804
vn 0.999399 -0.011142 -0.032829
vn 0.999399 -0.011142 -0.032829
vn 0.995704 -0.052389 -0.076344
vn 0.434307 0.034972 0.900086
vn 0.446120 0.034181 0.894320
vn 0.446120 0.034181 0.894320
vn 0.457855 0.033383 0.888400
vn 0.499524 -0.010545 0.866236
vn -0.492840 0.009971 0.870063
vn -0.492840 0.009971 0.870063
vn -0.999647 0.020664 0.016685
vn -1.000000 -0.000003 0.000017
vn -0.999991 -0.004195 -0.000512
vn -0.999998 -0.001583 -0.000778
vn -0.999973 -0.007355 -0.000452
vn -0.999955 -0.009483 0.000196
vn -0.999955 -0.009451 0.000108
vn 0.001282 0.999996 0.002475
vn 0.001402 0.999996 0.002389
vn 0.001402 0.999996 0.002389
vn 0.001522 0.999996 0.002302
vn -0.014214 0.038842 0.999144
vn -0.007083 0.033821 0.999403
vn -0.007083 0.033821 0.999403
vn 0.000048 0.028796 0.999585
vn -0.008034 -0.935024 0.354493
vn -0.015304 -0.881473 0.471986
vn -0.015304 -0.881473 0.471986
vn -0.022318 -0.813179 0.581585
vn 0.006978 -0.004512 0.999966
vn 0.002326 -0.001504 0.999996
vn 0.003489 -0.002256 0.999991
vn 0.000000 0.000000 1.000000
vn 0.000000 0.000000 1.000000
vn 0.000000 0.000000 1.000000
vn -0.000000 0.000000 1.000000
vn -0.000000 0.000000 1.000000
vn -0.014003 -0.619627 0.784772
vn -0.014003 -0.619627 0.784772
vn -0.014003 -0.619627 0.784772
vn 0.000024 -0.000055 1.000000
vn 0.000011 -0.000081 1.000000
vn 0.000011 -0.000081 1.000000
vn -0.000002 -0.000108 1.000000
vn -0.001233 -0.060917 0.998142
vn 0.014462 -0.031396 0.999402
vn 0.014462 -0.031396 0.999402
vn 0.030142 -0.001839 0.999544
vn -0.000000 -0.000053 1.000000
vn 0.000012 -0.000026 1.000000
vn 0.000012 -0.000026 1.000000
vn 0.000025 0.000000 1.000000
vn 0.002550 0.340770 0.940143
vn 0.002550 0.340770 0.940143
vn 0.002550 0.340770 0.940143
vn -0.048131 -0.090706 0.994714
vn -0.027049 -0.509486 0.860053
vn -0.027049 -0.509486 0.860053
vn -0.000722 -0.829449 0.558581
vn 0.019365 -0.000000 0.999813
vn 0.009690 0.007308 0.999926
vn 0.009690 0.007308 0.999926
vn 0.000013 0.014615 0.999893
vn 0.006543 -0.000004 -0.999979
vn 0.006405 -0.000119 -0.999980
vn 0.006405 -0.000119 -0.999980
vn 0.006267 -0.000233 -0.999980
vn 0.003450 0.894615 -0.446824
vn 0.003450 0.894615 -0.446824
vn 0.003450 0.894615 -0.446824
vn 0.785579 -0.618214 -0.026011
vn 0.785579 -0.618214 -0.026011
vn 0.785579 -0.618214 -0.026011
vn 0.998164 0.025707 -0.054836
vn 0.999615 -0.004190 -0.027441
vn 0.999615 -0.004190 -0.027441
vn 0.999419 -0.034080 -0.000001
vn -0.005488 0.999983 0.002046
vn -0.002690 0.999932 0.011339
vn -0.002690 0.999932 0.011339
vn 0.000107 0.999787 0.020632
vn -0.005415 0.404478 -0.914532
vn -0.005415 0.404478 -0.914532
vn -0.005415 0.404478 -0.914532
vn 0.959039 -0.000245 0.283273
vn 0.959039 -0.000245 0.283273
vn 0.959039 -0.000245 0.283273
vn 0.838659 -0.114023 0.532588
vn 0.838659 -0.114023 0.532588
vn 0.838659 -0.114023 0.532588
vn 0.890897 0.094889 0.444183
vn 0.890897 0.094889 0.444183
vn 0.890897 0.094889 0.444183
vn 0.843973 0.007268 0.536337
vn 0.745996 -0.001899 0.665947
vn 0.745996 -0.001899 0.665947
vn 0.628264 -0.011016 0.777922
vn -0.002645 0.999923 -0.012112
vn -0.000036 0.999985 -0.005532
vn -0.000036 0.999985 -0.005532
vn 0.002572 0.999996 0.001048
vn 1.000000 0.000002 -0.000003
vn 1.000000 0.000002 -0.000003
vn 1.000000 0.000002 -0.000003
vn -0.000001 -0.000002 -1.000000
vn -0.000000 -0.000002 -1.000000
vn -0.000000 -0.000002 -1.000000
vn 0.000000 -0.000001 -1.000000
vn 0.997799 0.033919 -0.056973
vn 0.998208 0.056562 -0.019521
vn 0.998208 0.056562 -0.019521
vn 0.996705 0.079097 0.017969
vn 0.999453 -0.003801 -0.032846
vn 0.999549 0.005134 -0.029575
vn 0.998959 0.007700 -0.044958
vn 0.999564 0.009603 -0.027938
vn 0.999999 -0.000002 0.001209
vn -0.000000 -0.000003 -1.000000
vn -0.009802 -0.011975 -0.999880
vn -0.005621 -0.024027 -0.999696
vn -0.008431 -0.036035 -0.999315
vn 0.002742 -0.048116 -0.998838
vn -0.000000 -0.000052 1.000000
vn -0.004502 -0.020310 0.999784
vn -0.007640 -0.012402 0.999894
vn 0.001774 -0.036119 0.999346
vn -0.006753 -0.030436 0.999514
vn -0.293982 0.955809 0.001730
vn -0.293982 0.955809 0.001730
vn -0.293982 0.955809 0.001730
vn -0.861908 -0.003921 0.507049
vn -0.861908 -0.003921 0.507049
vn -0.861908 -0.003921 0.507049
vn 0.000003 1.000000 0.000001
vn 0.000003 1.000000 0.000000
vn 0.000003 1.000000 0.000001
vn 0.000003 1.000000 0.000000
vn 0.000003 1.000000 0.000000
vn -0.000002 1.000000 -0.000001
vn -0.000003 1.000000 -0.000000
vn -0.000003 1.000000 -0.000000
vn -0.000003 1.000000 0.000000
vn 0.000003 1.000000 -0.000000
vn 0.000003 1.000000 -0.000000
vn 0.000003 1.000000 -0.000000
vn 0.000003 1.000000 0.000000
vn -0.000002 1.000000 -0.000000
vn -0.000002 1.000000 0.000000
vn -0.000003 1.000000 0.000000
vn -0.000002 1.000000 0.000000
vn 0.000000 1.000000 0.000000
vn -0.000002 1.000000 0.000000
vn -0.000425 0.999987 -0.005018
vn -0.000410 0.999986 -0.005255
vn -0.000410 0.999986 -0.005255
vn -0.000395 0.999985 -0.005492
vn -0.000388 0.999999 -0.001513
vn -0.000406 0.999999 -0.001498
vn -0.000406 0.999999 -0.001498
vn -0.000425 0.999999 -0.001482
vn -0.000519 0.999997 -0.002557
vn -0.000371 0.999996 -0.002650
vn -0.000371 0.999996 -0.002650
vn -0.000223 0.999996 -0.002742
vn -0.000388 0.999996 -0.002843
vn -0.000305 0.999996 -0.002875
vn -0.000305 0.999996 -0.002875
vn -0.000223 0.999996 -0.002906
vn -0.000410 0.999984 -0.005639
vn -0.000465 0.999990 -0.004549
vn -0.000465 0.999990 -0.004549
vn -0.000519 0.999994 -0.003458
vn -0.004597 0.000000 0.999990
vn -0.001978 -0.000363 0.999998
vn -0.001978 -0.000363 0.999998
vn 0.000641 -0.000727 1.000000
vn -0.004569 -0.074602 0.997203
vn 0.003239 -0.030106 0.999542
vn 0.003239 -0.030106 0.999542
vn 0.011040 0.014451 0.999835
vn -0.013115 0.999271 0.035867
vn -0.013083 0.999274 0.035785
vn -0.013083 0.999274 0.035785
vn -0.013051 0.999277 0.035703
vn -0.861892 -0.043889 0.505188
vn -0.861892 -0.043889 0.505188
vn -0.861892 -0.043889 0.505188
vn 1.000000 -0.000103 -0.000500
vn 0.999999 0.001104 -0.000781
vn 0.999999 0.001104 -0.000781
vn 0.999997 0.002312 -0.001062
vn 0.000000 1.000000 0.000000
vn 0.000000 1.000000 0.000000
vn 0.000000 1.000000 0.000000
vn 0.000000 1.000000 0.000000
vn 0.909681 0.414674 0.022924
vn 0.952272 0.303928 0.028376
vn 0.952272 0.303928 0.028376
vn 0.981428 0.188895 0.033428
vn 0.002641 0.999996 -0.000205
vn 0.002660 0.999996 -0.000055
vn 0.002660 0.999996 -0.000055
vn 0.002678 0.999996 0.000095
vn -0.886272 0.463087 0.008508
vn -0.803001 0.595978 0.000347
vn -0.803001 0.595978 0.000347
vn -0.699927 0.714172 -0.007823
vn 0.496693 0.064748 0.865508
vn 0.496693 0.064748 0.865508
vn 0.496693 0.064748 0.865508
vn -0.000029 -0.000000 1.000000
vn -0.000029 0.000000 1.000000
vn -0.000029 0.000000 1.000000
vn -0.000029 0.000000 1.000000
vn -0.000029 0.000000 1.000000
vn -0.000029 0.000000 1.000000
vn -0.000029 0.000000 1.000000
vn -0.000029 0.000000 1.000000
vn -0.000030 0.025085 0.999685
vn -0.000700 0.035409 0.999373
vn -0.000700 0.035409 0.999373
vn -0.001369 0.045729 0.998953
vn -0.909333 0.408741 0.077752
vn -0.687770 0.724223 0.049735
vn -0.687770 0.724223 0.049735
vn -0.363452 0.931503 0.014287
vn 0.407273 0.018143 0.913126
vn 0.407273 0.018143 0.913126
vn 0.407273 0.018143 0.913126
vn -0.000037 1.000000 -0.000013
vn -0.000033 1.000000 -0.000021
vn -0.000033 1.000000 -0.000021
vn -0.000029 1.000000 -0.000029
vn -0.000029 0.000002 1.000000
vn -0.000029 0.000001 1.000000
vn -0.000029 0.000001 1.000000
vn -0.000030 0.000000 1.000000
vn -0.000029 0.000000 1.000000
vn -0.000029 -0.000000 1.000000
vn -0.000029 -0.000000 1.000000
vn -0.000029 -0.000000 1.000000
vn -0.005802 0.048443 0.998809
vn -0.002917 0.024232 0.999702
vn -0.002917 0.024232 0.999702
vn -0.000030 0.000006 1.000000
vn 0.009407 0.999956 -0.000105
vn 0.009379 0.999956 -0.000226
vn 0.009379 0.999956 -0.000226
vn 0.009352 0.999956 -0.000347
vn 0.008156 -0.001913 0.999965
vn 0.004093 -0.000956 0.999991
vn 0.004093 -0.000956 0.999991
vn 0.000029 0.000000 1.000000
vn 0.008129 0.071165 0.997431
vn 0.004082 0.035605 0.999358
vn 0.004082 0.035605 0.999358
vn 0.000029 0.000000 1.000000
vn 0.032782 0.070645 0.996963
vn 0.032782 0.070645 0.996963
vn 0.032782 0.070645 0.996963
vn 0.000030 0.365383 -0.930857
vn 0.000030 0.365383 -0.930857
vn 0.000030 0.365383 -0.930857
vn 0.000065 1.000000 -0.000103
vn 0.000014 1.000000 -0.000136
vn 0.000014 1.000000 -0.000136
vn -0.000037 1.000000 -0.000168
vn -0.000027 0.746863 -0.664978
vn -0.000027 0.746863 -0.664978
vn -0.000027 0.746863 -0.664978
vn -1.000000 0.000263 -0.000000
vn -1.000000 0.000263 0.000000
vn -1.000000 0.000263 0.000000
vn -1.000000 0.000263 0.000000
vn 0.043694 0.998876 -0.018393
vn 0.029225 0.999530 -0.009272
vn 0.029225 0.999530 -0.009272
vn 0.014747 0.999891 -0.000148
vn 0.015533 0.163570 0.986409
vn 0.015533 0.163570 0.986409
vn 0.015533 0.163570 0.986409
vn -0.000226 1.000000 -0.000169
vn 0.018440 0.999728 -0.014263
vn 0.018440 0.999728 -0.014263
vn 0.037096 0.998910 -0.028350
vn -1.000000 0.000263 0.000000
vn -1.000000 0.000263 -0.000000
vn -1.000000 0.000263 -0.000000
vn -1.000000 0.000263 -0.000000
vn 0.012560 0.101540 0.994752
vn 0.012560 0.101540 0.994752
vn 0.012560 0.101540 0.994752
vn 0.000000 -0.011898 -0.999929
vn 0.000000 -0.011898 -0.999929
vn 0.000000 -0.011898 -0.999929
vn -0.999565 0.029328 -0.003008
vn -0.999585 0.028253 -0.005714
vn -0.999612 0.027154 -0.006173
vn -0.999663 0.024957 -0.007093
vn -0.999630 0.026067 -0.007756
vn 0.000003 1.000000 0.000003
vn 0.000001 1.000000 0.000001
vn 0.000001 1.000000 0.000001
vn 0.000000 1.000000 -0.000000
vn -0.440938 0.896960 -0.032208
vn -0.440938 0.896960 -0.032208
vn -0.440938 0.896960 -0.032208
vn -0.926183 0.375988 -0.028623
vn -0.926183 0.375988 -0.028623
vn -0.926183 0.375988 -0.028623
vn 0.000008 0.000021 1.000000
vn 0.000008 0.000021 1.000000
vn 0.000008 0.000021 1.000000
vn -0.000665 0.999997 -0.002336
vn -0.000544 0.999997 -0.002420
vn -0.000544 0.999997 -0.002420
vn -0.000424 0.999997 -0.002505
vn -0.000944 0.999996 -0.002560
vn -0.000821 0.999996 -0.002629
vn -0.000821 0.999996 -0.002629
vn -0.000698 0.999996 -0.002698
vn 0.000015 0.000012 1.000000
vn 0.000029 0.000016 1.000000
vn 0.000009 0.000004 1.000000
vn 0.000006 0.000000 1.000000
vn -0.000030 -0.000020 1.000000
vn -0.000976 0.999995 -0.002913
vn -0.000959 0.999995 -0.002918
vn -0.000959 0.999995 -0.002918
vn -0.000943 0.999995 -0.002924
vn -0.000677 0.999982 -0.005877
vn -0.000685 0.999983 -0.005752
vn -0.000685 0.999983 -0.005752
vn -0.000693 0.999984 -0.005627
vn -0.992172 -0.022317 0.122867
vn -0.992172 -0.022317 0.122867
vn -0.992172 -0.022317 0.122867
vn -0.359656 0.932736 -0.025508
vn -0.359656 0.932736 -0.025508
vn -0.359656 0.932736 -0.025508
vn -0.960947 0.276050 -0.019418
vn -0.960947 0.276050 -0.019418
vn -0.960947 0.276050 -0.019418
vn 0.000727 0.999999 -0.000789
vn 0.000796 0.999999 -0.001133
vn 0.000796 0.999999 -0.001133
vn 0.000866 0.999999 -0.001476
vn -0.000004 0.000000 1.000000
vn -0.000001 0.000000 1.000000
vn -0.000002 0.000000 1.000000
vn 0.000000 0.000000 1.000000
vn 0.000000 0.000000 1.000000
vn -0.998159 -0.060505 0.004302
vn -0.998920 -0.030099 0.035406
vn -0.998920 -0.030099 0.035406
vn -0.997790 0.000365 0.066443
vn -1.000000 0.000000 -0.000013
vn -0.999899 -0.014005 -0.002271
vn -0.999654 -0.026232 -0.002224
vn -0.999717 -0.023813 0.000003
vn -0.999414 -0.034167 -0.002219
vn -0.998170 -0.060468 0.000144
vn -0.999761 -0.021852 0.000001
vn -0.999740 -0.022796 -0.000156
vn -0.999749 -0.022415 -0.000237
vn -0.999729 -0.023268 -0.000234
vn -0.999723 -0.023559 0.000006
vn 0.000573 0.999964 -0.008422
vn 0.000952 0.999964 -0.008452
vn 0.000952 0.999964 -0.008452
vn 0.001332 0.999963 -0.008481
vn -0.000983 0.999988 -0.004889
vn -0.000980 0.999987 -0.004954
vn -0.000980 0.999987 -0.004954
vn -0.000976 0.999987 -0.005020
vn -0.000976 0.999998 -0.001524
vn -0.000980 0.999998 -0.001521
vn -0.000980 0.999998 -0.001521
vn -0.000983 0.999998 -0.001517
vn 0.859735 -0.343185 0.378259
vn 0.859735 -0.343185 0.378259
vn 0.859735 -0.343185 0.378259
vn 0.040997 0.586439 0.808955
vn 0.028066 0.442118 0.896518
vn 0.028066 0.442118 0.896518
vn 0.014331 0.285125 0.958383
vn 0.999698 0.024564 -0.000052
vn 0.999714 0.023842 -0.001779
vn 0.999873 0.015900 -0.001195
vn 0.999989 0.004643 -0.000727
vn 1.000000 0.000010 -0.000026
vn 1.000000 0.000037 -0.000040
vn 1.000000 0.000037 -0.000040
vn 1.000000 0.000006 -0.000023
vn -0.000650 0.999999 -0.000874
vn -0.000524 0.999999 -0.000912
vn -0.000524 0.999999 -0.000912
vn -0.000397 1.000000 -0.000950
vn -0.000782 0.999999 -0.000952
vn -0.000879 0.999999 -0.000923
vn -0.000879 0.999999 -0.000923
vn -0.000977 0.999999 -0.000894
vn -0.001854 0.999997 -0.001753
vn -0.000488 0.999998 -0.001909
vn -0.000488 0.999998 -0.001909
vn 0.000879 0.999997 -0.002064
vn 1.000000 -0.000027 -0.000016
vn 1.000000 -0.000100 -0.000029
vn 1.000000 -0.000067 -0.000022
vn 1.000000 -0.000087 -0.000025
vn 1.000000 0.000000 -0.000008
vn -0.001859 0.999996 -0.002087
vn 0.004951 0.999964 -0.006848
vn 0.004951 0.999964 -0.006848
vn 0.011761 0.999863 -0.011609
vn -0.882160 0.470948 -0.001439
vn -0.882160 0.470948 -0.001439
vn -0.882160 0.470948 -0.001439
vn -0.000508 1.000000 -0.000043
vn -0.000456 1.000000 -0.000089
vn -0.000456 1.000000 -0.000089
vn -0.000404 1.000000 -0.000135
vn -1.000000 0.000261 -0.000000
vn -1.000000 0.000262 -0.000000
vn -1.000000 0.000262 -0.000000
vn -1.000000 0.000263 -0.000000
vn 0.000060 -1.000000 0.000002
vn 0.000060 -1.000000 0.000001
vn 0.000060 -1.000000 0.000001
vn 0.000060 -1.000000 0.000000
vn 0.000038 -1.000000 0.000026
vn 0.000039 -1.000000 0.000021
vn 0.000039 -1.000000 0.000021
vn 0.000039 -1.000000 0.000016
vn 0.000062 -1.000000 0.000005
vn 0.000062 -1.000000 0.000004
vn 0.000062 -1.000000 0.000004
vn 0.000062 -1.000000 0.000003
vn 1.000000 0.000022 -0.000966
vn 1.000000 0.000226 -0.000753
vn 1.000000 0.000317 -0.000670
vn 1.000000 0.000043 -0.000919
vn 1.000000 0.000328 -0.000646
vn 0.000040 -1.000000 0.000020
vn 0.000039 -1.000000 0.000021
vn 0.000039 -1.000000 0.000021
vn 0.000038 -1.000000 0.000022
vn -0.000718 0.824325 -0.566117
vn 0.054168 0.256367 -0.965061
vn -0.011190 0.465783 -0.884828
vn 0.048068 -0.050037 -0.997590
vn 0.081726 -0.075078 -0.993823
vn -0.000004 0.000003 -1.000000
vn -0.000128 -0.018159 0.999835
vn -0.003197 -0.020861 0.999777
vn -0.003197 -0.020861 0.999777
vn -0.006266 -0.023563 0.999703
vn -0.999999 0.001706 -0.000001
vn -0.999999 0.001705 -0.000000
vn -0.999999 0.001705 -0.000000
vn -0.999999 0.001704 -0.000000
vn -0.000514 1.000000 -0.000236
vn -0.000540 1.000000 -0.000152
vn -0.000540 1.000000 -0.000152
vn -0.000566 1.000000 -0.000068
vn -1.000000 0.000263 -0.000000
vn -1.000000 0.000263 -0.000001
vn -1.000000 0.000263 -0.000001
vn -1.000000 0.000263 -0.000001
vn -0.214542 0.976715 -0.000312
vn -0.214542 0.976715 -0.000312
vn -0.214542 0.976715 -0.000312
vn -0.699846 -0.713206 -0.039401
vn -0.699846 -0.713206 -0.039401
vn -0.699846 -0.713206 -0.039401
vn 0.018413 -0.862869 0.505092
vn 0.018413 -0.862869 0.505092
vn 0.018413 -0.862869 0.505092
vn -0.000375 0.999998 -0.002089
vn -0.000877 0.999997 -0.002416
vn -0.000877 0.999997 -0.002416
vn -0.001379 0.999995 -0.002742
vn -0.000277 0.999994 -0.003474
vn -0.000277 0.999994 -0.003474
vn -0.000277 0.999994 -0.003474
vn -1.000000 0.000312 -0.000000
vn -1.000000 0.000287 -0.000020
vn -1.000000 0.000287 -0.000020
vn -1.000000 0.000262 -0.000040
vn -1.000000 0.000072 -0.000000
vn -1.000000 0.000072 -0.000000
vn -1.000000 0.000072 -0.000000
vn -1.000000 0.000168 -0.000000
vn -1.000000 0.000135 -0.000013
vn -1.000000 0.000112 -0.000019
vn -1.000000 0.000064 -0.000032
vn -1.000000 0.000083 -0.000029
vn -0.003983 0.999847 -0.017023
vn -0.003413 0.999695 -0.024456
vn -0.003413 0.999695 -0.024456
vn -0.002843 0.999487 -0.031888
vn -1.000000 0.000000 0.000003
vn -1.000000 0.000000 0.000003
vn -1.000000 0.000000 0.000003
vn -1.000000 0.000020 -0.000042
vn -1.000000 0.000020 -0.000042
vn -1.000000 0.000020 -0.000042
vn -1.000000 0.000068 -0.000070
vn -1.000000 0.000068 -0.000070
vn -1.000000 0.000068 -0.000070
vn 0.070168 0.000000 -0.997535
vn 0.070168 0.000000 -0.997535
vn 0.070168 0.000000 -0.997535
vn 0.003834 -0.258156 0.966096
vn 0.003834 -0.258156 0.966096
vn 0.003834 -0.258156 0.966096
vn 0.215662 0.976156 0.024683
vn 0.215662 0.976156 0.024683
vn 0.215662 0.976156 0.024683
vn -0.000026 -1.000000 0.000015
vn -0.000026 -1.000000 0.000015
vn -0.000026 -1.000000 0.000015
vn -0.000025 -1.000000 0.000015
vn -0.000020 -1.000000 0.000029
vn -0.000032 -1.000000 0.000027
vn -0.000032 -1.000000 0.000027
vn -0.000044 -1.000000 0.000026
vn -0.000053 -1.000000 0.000007
vn -0.000048 -1.000000 0.000006
vn -0.000048 -1.000000 0.000006
vn -0.000043 -1.000000 0.000005
vn 0.004529 0.000003 -0.999990
vn 0.015189 0.009255 -0.999842
vn 0.015189 0.009255 -0.999842
vn 0.025846 0.018506 -0.999495
vn 0.000360 1.000000 -0.000028
vn 0.000369 1.000000 -0.000083
vn 0.000369 1.000000 -0.000083
vn 0.000379 1.000000 -0.000137
vn 0.000304 1.000000 -0.000137
vn -0.020065 0.999724 0.012209
vn -0.020065 0.999724 0.012209
vn -0.040423 0.998881 0.024549
vn -1.000000 0.000365 -0.000000
vn -1.000000 0.000346 -0.000012
vn -1.000000 0.000363 -0.000017
vn -1.000000 0.000336 -0.000017
vn -1.000000 0.000312 -0.000000
vn 0.005329 -0.004879 0.999974
vn 0.007985 -0.002579 0.999965
vn 0.007985 -0.002579 0.999965
vn 0.010640 -0.000279 0.999943
vn 0.999995 -0.002793 0.001783
vn 0.999999 -0.001385 0.000302
vn 0.999999 -0.001385 0.000302
vn 0.999999 0.000022 -0.001179
vn -0.345839 -0.938294 -0.000500
vn -0.345839 -0.938294 -0.000500
vn -0.345839 -0.938294 -0.000500
vn 0.033984 -0.000002 0.999422
vn 0.019842 0.010536 0.999748
vn 0.019842 0.010536 0.999748
vn 0.005693 0.021070 0.999762
vn -1.000000 0.000366 -0.000076
vn -1.000000 0.000256 0.000334
vn -1.000000 0.000384 -0.000038
vn -1.000000 0.000201 0.000538
vn -0.999999 0.000001 0.001077
vn 0.002458 -0.892243 0.451549
vn 0.002458 -0.892243 0.451549
vn 0.002458 -0.892243 0.451549
vn 0.002990 -0.696606 -0.717447
vn 0.002990 -0.696606 -0.717447
vn 0.002990 -0.696606 -0.717447
vn -0.996865 0.055574 0.056317
vn -0.999192 0.028662 0.028180
vn -0.999192 0.028662 0.028180
vn -0.999999 0.001706 0.000001
vn -0.002392 0.999995 -0.002252
vn -0.001036 0.999998 -0.001602
vn -0.001036 0.999998 -0.001602
vn 0.000321 1.000000 -0.000952
vn 0.000475 1.000000 -0.000715
vn -0.000209 1.000000 -0.000800
vn -0.000471 1.000000 -0.000884
vn -0.000551 1.000000 -0.000842
vn 0.000316 1.000000 -0.000631
vn 0.000202 1.000000 -0.000953
vn 0.000261 1.000000 -0.000903
vn 0.000261 1.000000 -0.000903
vn 0.000320 1.000000 -0.000852
vn -0.001471 0.999998 -0.001247
vn 0.000055 0.999999 -0.001350
vn 0.000256 1.000000 -0.000858
vn 0.000818 0.999999 -0.001402
vn -0.000348 0.999997 -0.002334
vn -0.479672 0.877297 -0.016257
vn -0.479672 0.877297 -0.016257
vn -0.479672 0.877297 -0.016257
vn -0.996629 0.081050 -0.012727
vn -0.996629 0.081050 -0.012727
vn -0.996629 0.081050 -0.012727
vn -0.002481 0.999996 -0.000957
vn -0.001244 0.999999 -0.000600
vn -0.001244 0.999999 -0.000600
vn -0.000008 1.000000 -0.000242
vn -0.540699 0.841216 -0.000207
vn -0.538745 0.842469 0.000143
vn -0.539396 0.842052 0.000776
vn -0.538744 0.842469 0.001267
vn -0.540697 0.841215 0.002040
vn -0.000326 0.999999 -0.001247
vn -0.000678 0.999999 -0.001329
vn -0.000678 0.999999 -0.001329
vn -0.001031 0.999999 -0.001410
vn 0.000320 0.000000 -1.000000
vn 0.000320 0.000000 -1.000000
vn 0.000320 0.000000 -1.000000
vn 0.000197 1.000000 -0.000853
vn 0.000095 1.000000 -0.000903
vn 0.000095 1.000000 -0.000903
vn -0.000008 1.000000 -0.000953
vn -0.999986 0.000749 -0.005285
vn -0.999154 -0.027603 -0.030476
vn -0.999154 -0.027603 -0.030476
vn -0.996885 -0.055916 -0.055623
vn -0.011830 0.999927 -0.002442
vn -0.011830 0.999927 -0.002442
vn -0.011830 0.999927 -0.002442
vn 0.047064 0.998551 0.026111
vn 0.332589 0.942619 0.029236
vn 0.332589 0.942619 0.029236
vn 0.589956 0.806882 0.029886
vn -0.744569 0.027836 -0.666965
vn -0.744569 0.027836 -0.666965
vn -0.744569 0.027836 -0.666965
vn -0.004156 0.999740 0.022400
vn 0.006864 0.999811 -0.018190
vn 0.006864 0.999811 -0.018190
vn 0.017871 0.998113 -0.058748
vn -0.000254 -0.000000 -1.000000
vn -0.000254 -0.000000 -1.000000
vn -0.000254 -0.000000 -1.000000
vn -0.000129 -0.000023 -1.000000
vn -0.000127 0.000000 -1.000000
vn -0.005846 -0.006850 -0.999959
vn 0.000539 0.000012 -1.000000
vn 0.000573 0.000452 -1.000000
vn 0.000476 0.000088 -1.000000
vn -0.029817 -0.048221 -0.998392
vn 0.030296 0.055235 -0.998014
vn -0.015096 -0.017789 -0.999728
vn -1.000000 0.000402 -0.000003
vn -0.099591 -0.024791 -0.994720
vn -0.099591 -0.024791 -0.994720
vn 0.980165 -0.005340 -0.198113
vn -0.000569 0.999977 -0.006734
vn -0.000602 0.999981 -0.006129
vn -0.000602 0.999981 -0.006129
vn -0.000634 0.999985 -0.005523
vn -0.000635 0.999999 -0.001480
vn -0.000668 0.999999 -0.001513
vn -0.000668 0.999999 -0.001513
vn -0.000701 0.999999 -0.001546
vn -0.000573 1.000000 -0.000768
vn -0.000738 0.999999 -0.000821
vn -0.000738 0.999999 -0.000821
vn -0.000903 0.999999 -0.000874
vn -0.001379 0.999993 -0.003369
vn -0.001074 0.999995 -0.003090
vn -0.001260 0.999994 -0.003105
vn -0.000921 0.999995 -0.002950
vn -0.000701 0.999995 -0.003059
vn -0.999986 0.000092 -0.005378
vn -0.999985 -0.004872 -0.002681
vn -0.999977 -0.006533 -0.001778
vn -0.999952 -0.009845 0.000023
vn -0.999951 -0.009855 0.000030
vn -0.841512 0.540089 -0.012663
vn -0.841512 0.540089 -0.012663
vn -0.841512 0.540089 -0.012663
vn 0.744496 -0.394098 -0.538900
vn 0.744496 -0.394098 -0.538900
vn 0.744496 -0.394098 -0.538900
vn -0.000032 0.000130 1.000000
vn -0.000032 0.000130 1.000000
vn -0.000032 0.000130 1.000000
vn -0.682395 0.730984 0.000067
vn -0.666085 0.745863 -0.004288
vn -0.666085 0.745863 -0.004288
vn -0.649438 0.760365 -0.008641
vn 0.000475 1.000000 -0.000632
vn 0.000613 1.000000 -0.000581
vn 0.000566 1.000000 -0.000514
vn 0.000612 1.000000 -0.000455
vn 0.000473 1.000000 -0.000379
vn -0.662496 0.749066 -0.000382
vn -0.661962 0.749537 -0.000159
vn -0.661962 0.749537 -0.000159
vn -0.661428 0.750009 0.000064
vn -0.999626 -0.021463 0.016953
vn -0.999776 0.016284 -0.013538
vn -0.999863 0.013235 -0.009935
vn -0.998968 0.035145 -0.028773
vn -0.999535 0.022375 -0.020736
vn 0.000003 0.000000 -1.000000
vn 0.002416 -0.002289 -0.999995
vn 0.002439 -0.003453 -0.999991
vn 0.003657 -0.005179 -0.999980
vn 0.002484 -0.005780 -0.999980
vn 0.006283 0.999971 0.004420
vn 0.003091 0.999988 0.003735
vn 0.003091 0.999988 0.003735
vn -0.000100 0.999995 0.003050
vn 0.999540 0.021358 0.021526
vn 0.999922 -0.002899 0.012129
vn 0.999922 -0.002899 0.012129
vn 0.999628 -0.027155 0.002724
vn -0.572878 0.054124 0.817851
vn -0.572878 0.054124 0.817851
vn -0.572878 0.054124 0.817851
vn 0.016317 0.941865 -0.335596
vn 0.015375 0.975117 -0.221157
vn 0.015375 0.975117 -0.221157
vn 0.014215 0.994520 -0.103576
vn 0.772876 0.024548 -0.634083
vn 0.772876 0.024548 -0.634083
vn 0.772876 0.024548 -0.634083
vn -0.002994 0.999995 -0.000684
vn -0.006036 0.999982 -0.000510
vn -0.006036 0.999982 -0.000510
vn -0.009077 0.999959 -0.000336
vn 0.999990 0.003557 0.002705
vn 0.999989 0.003709 0.002762
vn 0.999993 0.002423 0.003031
vn 0.999994 0.001188 0.003319
vn 0.999994 -0.000149 0.003570
vn 0.999994 -0.000149 0.003570
vn 0.000003 1.000000 0.000000
vn 0.000001 1.000000 0.000000
vn 0.000002 1.000000 -0.000000
vn 0.000000 1.000000 0.000000
vn 0.000001 1.000000 0.000000
vn 0.000318 1.000000 -0.000714
vn 0.000445 1.000000 -0.000683
vn 0.000430 1.000000 -0.000680
vn 0.000842 1.000000 -0.000659
vn 0.001510 0.999999 -0.000643
vn 0.000992 0.999999 -0.000666
vn -0.842817 0.537564 -0.026158
vn -0.842817 0.537564 -0.026158
vn -0.842817 0.537564 -0.026158
vn -0.000585 0.132805 -0.991142
vn -0.002997 0.155948 -0.987761
vn -0.002997 0.155948 -0.987761
vn -0.005407 0.179005 -0.983833
vn 0.703358 0.710793 0.007774
vn 0.703358 0.710793 0.007774
vn 0.703358 0.710793 0.007774
vn 0.707387 0.706816 0.003792
vn 0.690495 0.723254 0.010937
vn 0.690495 0.723254 0.010937
vn 0.673185 0.739253 0.018076
vn -0.000004 1.000000 0.000000
vn -0.000004 1.000000 0.000000
vn -0.000004 1.000000 0.000000
vn -0.000004 1.000000 0.000000
vn 0.000003 1.000000 0.000000
vn 0.000003 1.000000 -0.000000
vn 0.000003 1.000000 -0.000000
vn 0.000003 1.000000 -0.000000
vn 0.984759 0.021017 0.172649
vn 0.994464 0.024811 0.102108
vn 0.994464 0.024811 0.102108
vn 0.999112 0.028478 0.031049
vn 0.999608 0.027093 0.007092
vn 0.999601 0.027828 0.004839
vn 0.999601 0.027828 0.004839
vn 0.999589 0.028563 0.002585
vn 0.000006 -0.011060 0.999939
vn 0.000006 -0.011060 0.999939
vn 0.000006 -0.011060 0.999939
vn 0.708471 0.704979 0.032776
vn 0.678727 0.734291 -0.012140
vn 0.678727 0.734291 -0.012140
vn 0.646430 0.760841 -0.057011
vn -0.000007 -0.000031 1.000000
vn -0.000003 -0.000037 1.000000
vn -0.000003 -0.000037 1.000000
vn 0.000000 -0.000043 1.000000
vn 0.000000 1.000000 0.000000
vn 0.000000 1.000000 0.000000
vn 0.000000 1.000000 0.000000
vn -0.000004 1.000000 -0.000001
vn -0.000004 1.000000 -0.000000
vn -0.000004 1.000000 -0.000000
vn -0.000004 1.000000 0.000001
vn 0.000003 1.000000 0.000001
vn 0.000003 1.000000 0.000001
vn 0.000003 1.000000 0.000001
vn 0.000003 1.000000 -0.000001
vn 0.001130 0.999969 -0.007821
vn 0.001130 0.999969 -0.007821
vn 0.002257 0.999875 -0.015641
vn 0.000000 1.000000 0.000000
vn 0.000000 1.000000 -0.000000
vn 0.000000 1.000000 0.000000
vn 0.000000 1.000000 -0.000000
vn 0.000000 1.000000 0.000000
vn 0.000000 1.000000 -0.000001
vn 0.000000 1.000000 -0.000001
vn 0.000000 1.000000 0.000001
vn 0.000000 1.000000 0.000000
vn 0.000000 1.000000 -0.000000
vn 0.960925 0.052132 -0.271856
vn 0.600088 0.037948 -0.799033
vn 0.413286 -0.017446 -0.910434
vn 0.033426 -0.047868 -0.998294
vn 0.072472 -0.103781 -0.991956
vn -0.000003 1.000000 -0.000003
vn 0.000000 0.999969 -0.007823
vn 0.000000 0.999969 -0.007823
vn 0.000003 0.999878 -0.015642
vn 0.000000 0.000000 -1.000000
vn -0.000000 0.000000 -1.000000
vn 0.000007 -0.269463 -0.963011
vn 0.000000 0.000000 -1.000000
vn 0.000007 -0.191808 -0.981432
vn 0.000020 -0.745974 -0.665975
vn 0.000011 -0.348203 -0.937419
vn 0.000021 -0.553627 -0.832765
vn -0.008989 0.999960 -0.000130
vn -0.027907 0.999580 -0.007875
vn -0.027907 0.999580 -0.007875
vn -0.046813 0.998782 -0.015618
vn 0.000783 0.999998 -0.001827
vn 0.001588 0.999996 -0.002294
vn 0.001588 0.999996 -0.002294
vn 0.002393 0.999993 -0.002761
vn -0.000384 0.999997 -0.002508
vn 0.000150 0.999997 -0.002318
vn -0.000049 0.999997 -0.002247
vn 0.000538 0.999998 -0.002146
vn 0.000664 0.999997 -0.002226
vn 0.000780 0.999998 -0.001993
vn -1.000000 0.000265 -0.000000
vn -1.000000 0.000263 0.000000
vn -1.000000 0.000263 0.000000
vn -1.000000 0.000261 0.000000
vn -1.000000 0.000264 0.000000
vn -1.000000 0.000264 -0.000000
vn -1.000000 0.000264 -0.000000
vn -1.000000 0.000264 -0.000001
vn 0.002370 0.999996 -0.001635
vn 0.002684 0.999995 -0.001911
vn 0.002684 0.999995 -0.001911
vn 0.002998 0.999993 -0.002188
vn 0.002361 0.999997 -0.001173
vn 0.002679 0.999996 -0.000856
vn 0.002679 0.999996 -0.000856
vn 0.002998 0.999995 -0.000540
vn -0.802554 0.595536 -0.035268
vn -0.802554 0.595536 -0.035268
vn -0.802554 0.595536 -0.035268
vn 0.002645 0.999994 0.002360
vn 0.004598 0.999990 0.000093
vn 0.004598 0.999990 0.000093
vn 0.006551 0.999976 -0.002174
vn -0.894712 -0.446616 -0.004996
vn -0.894712 -0.446616 -0.004996
vn -0.894712 -0.446616 -0.004996
vn 0.000003 -0.000007 1.000000
vn 0.000001 -0.000007 1.000000
vn 0.000001 -0.000007 1.000000
vn 0.000000 -0.000006 1.000000
vn 0.000032 -0.000003 1.000000
vn 0.000032 -0.000003 1.000000
vn 0.000032 -0.000003 1.000000
vn -0.000784 0.999562 0.029578
vn 0.002509 0.999906 0.013467
vn 0.002509 0.999906 0.013467
vn 0.005802 0.999980 -0.002647
vn -0.000113 -0.000003 1.000000
vn -0.000113 -0.000012 1.000000
vn -0.000122 -0.000034 1.000000
vn -0.000112 -0.000021 1.000000
vn -0.000103 0.000011 1.000000
vn -0.000112 0.000000 1.000000
vn -0.999463 -0.018589 0.026985
vn -0.999906 -0.007854 0.011275
vn -0.999906 -0.007854 0.011275
vn -0.999986 0.002884 -0.004440
vn 0.786267 0.614750 -0.062191
vn 0.786267 0.614750 -0.062191
vn 0.786267 0.614750 -0.062191
vn -1.000000 0.000262 -0.000001
vn -1.000000 0.000262 -0.000001
vn -1.000000 0.000263 -0.000001
vn -1.000000 0.000263 -0.000001
vn -1.000000 0.000261 -0.000000
vn -1.000000 0.000262 -0.000001
vn -1.000000 0.000131 0.000107
vn -1.000000 0.000131 0.000107
vn -1.000000 0.000000 0.000215
vn -0.999999 -0.000002 -0.001208
vn -1.000000 0.000219 -0.000329
vn -1.000000 0.000198 -0.000604
vn -1.000000 0.000330 0.000110
vn -1.000000 0.000262 0.000221
vn -0.001215 0.999999 -0.001259
vn -0.001899 0.999998 -0.001003
vn -0.001394 0.999998 -0.001501
vn -0.001484 0.999998 -0.001622
vn -0.000384 0.999997 -0.002496
vn -0.000525 1.000000 -0.000176
vn -0.000521 1.000000 -0.000145
vn -0.000521 1.000000 -0.000145
vn -0.000517 1.000000 -0.000114
vn -1.000000 0.000166 -0.000040
vn -1.000000 0.000217 -0.000020
vn -1.000000 0.000217 -0.000020
vn -1.000000 0.000267 -0.000001
vn 0.006542 0.999967 0.004749
vn 0.004593 0.999899 0.013433
vn 0.004593 0.999899 0.013433
vn 0.002644 0.999752 0.022116
vn 0.000001 -0.000007 1.000000
vn 0.000001 -0.000008 1.000000
vn 0.000001 -0.000009 1.000000
vn 0.000011 0.000001 1.000000
vn 0.000016 0.000006 1.000000
vn 0.000032 0.000022 1.000000
vn 0.002999 0.999994 -0.001508
vn 0.002680 0.999996 -0.001340
vn 0.002680 0.999996 -0.001340
vn 0.002361 0.999997 -0.001171
vn 0.002368 0.999996 -0.001524
vn 0.001580 0.999998 -0.001457
vn 0.001580 0.999998 -0.001457
vn 0.000792 0.999999 -0.001390
vn 0.000780 0.999998 -0.001992
vn 0.000780 0.999998 -0.001992
vn 0.000780 0.999998 -0.001992
vn -0.000282 1.000000 -0.000531
vn -0.003087 0.999995 -0.000842
vn -0.003087 0.999995 -0.000842
vn -0.005892 0.999982 -0.001154
vn 0.005104 -0.061051 -0.998122
vn 0.008790 -0.081736 -0.996615
vn 0.008790 -0.081736 -0.996615
vn 0.012473 -0.102384 -0.994667
vn 0.688529 0.725149 -0.009363
vn 0.688529 0.725149 -0.009363
vn 0.688529 0.725149 -0.009363
vn 0.000793 0.999999 -0.001389
vn 0.001571 0.999998 -0.001015
vn 0.001571 0.999998 -0.001015
vn 0.002350 0.999997 -0.000641
vn -0.000384 0.999998 -0.001977
vn -0.000384 0.999998 -0.001977
vn -0.000384 0.999998 -0.001977
vn -0.637651 0.770325 -0.000591
vn -0.633071 0.774092 0.001753
vn -0.634389 0.773014 0.001040
vn -0.630771 0.775964 0.002925
vn -0.630428 0.776242 0.003180
vn -0.000013 -0.038807 -0.999247
vn -0.022237 -0.027988 -0.999361
vn -0.013847 -0.017444 -0.999752
vn -0.020763 -0.006755 -0.999762
vn 0.002937 0.003645 -0.999989
vn 0.000780 0.999998 -0.001995
vn 0.000324 0.999998 -0.001805
vn 0.000678 0.999998 -0.001866
vn -0.000385 0.999999 -0.001683
vn 0.000095 0.999999 -0.001710
vn 0.999936 -0.011317 0.000015
vn 0.999936 -0.011317 0.000015
vn 0.999936 -0.011317 0.000015
vn 0.000474 0.999840 0.017889
vn 0.578155 0.814807 0.042742
vn 0.578155 0.814807 0.042742
vn 0.942745 0.329460 0.051841
vn 0.000000 1.000000 -0.000000
vn 0.000000 1.000000 -0.000000
vn 0.000000 1.000000 -0.000000
vn 0.000000 1.000000 0.000000
vn -0.009247 0.999430 -0.032473
vn -0.004609 0.999857 -0.016253
vn -0.004609 0.999857 -0.016253
vn 0.000029 1.000000 -0.000029
vn -0.001034 0.253647 0.967296
vn -0.001034 0.253647 0.967296
vn -0.001034 0.253647 0.967296
vn -0.000644 -0.007168 0.999974
vn -0.024085 -0.003948 0.999702
vn -0.024085 -0.003948 0.999702
vn -0.047512 -0.000726 0.998870
vn -0.001204 0.014686 0.999892
vn -0.023727 0.134408 0.990642
vn -0.023727 0.134408 0.990642
vn -0.045897 0.252125 0.966606
vn 0.000268 0.999020 0.044252
vn 0.002036 0.999201 0.039904
vn 0.002036 0.999201 0.039904
vn 0.003803 0.999361 0.035555
vn 0.008590 -0.004884 0.999951
vn 0.004309 -0.006026 0.999973
vn 0.004309 -0.006026 0.999973
vn 0.000029 -0.007168 0.999974
vn -0.028842 0.998924 0.036327
vn -0.379799 0.923788 0.048673
vn -0.379799 0.923788 0.048673
vn -0.681774 0.729512 0.054742
vn -0.002540 0.999993 -0.002813
vn -0.004396 0.999962 0.007541
vn -0.004396 0.999962 0.007541
vn -0.006252 0.999820 0.017894
vn 0.000104 0.161068 0.986943
vn 0.004198 0.207260 0.978277
vn 0.004198 0.207260 0.978277
vn 0.008283 0.252990 0.967434
vn 0.656212 0.754518 -0.009366
vn 0.543515 0.839090 -0.022782
vn 0.543515 0.839090 -0.022782
vn 0.419929 0.906853 -0.035741
vn 0.009125 -0.001901 0.999957
vn 0.004577 -0.002863 0.999985
vn 0.004577 -0.002863 0.999985
vn 0.000029 -0.003825 0.999993
vn -0.005796 0.999409 0.033895
vn -0.007837 0.999608 0.026890
vn -0.007837 0.999608 0.026890
vn -0.009877 0.999754 0.019883
vn 0.009027 0.133031 0.991071
vn 0.004201 0.099828 0.994996
vn 0.004201 0.099828 0.994996
vn -0.000630 0.066510 0.997786
vn -0.003782 0.134922 0.990849
vn -0.003782 0.134922 0.990849
vn -0.003782 0.134922 0.990849
vn 0.000205 -0.002616 0.999997
vn 0.000290 -0.002240 0.999997
vn 0.000290 -0.002240 0.999997
vn 0.000374 -0.001864 0.999998
vn 0.000720 -0.003117 0.999995
vn 0.002285 -0.003322 0.999992
vn 0.002285 -0.003322 0.999992
vn 0.003850 -0.003526 0.999986
vn 0.003798 -0.000370 0.999993
vn 0.001910 -0.000213 0.999998
vn 0.001910 -0.000213 0.999998
vn 0.000022 -0.000056 1.000000
vn -0.999544 -0.017050 -0.024942
vn -0.999886 -0.008533 -0.012473
vn -0.999886 -0.008533 -0.012473
vn -1.000000 -0.000014 0.000000
vn 0.000331 0.999943 0.010658
vn 0.000331 0.999943 0.010658
vn 0.000331 0.999943 0.010658
vn -0.017506 0.999847 -0.000557
vn -0.017507 0.999847 -0.000556
vn -0.017507 0.999847 -0.000556
vn -0.017507 0.999847 -0.000555
vn 0.000080 -0.002920 -0.999996
vn -0.002730 0.011799 -0.999927
vn -0.004093 0.004428 -0.999982
vn -0.002758 0.021618 -0.999763
vn -0.000004 0.026538 -0.999648
vn -0.000004 0.026538 -0.999648
vn 0.885187 0.465073 0.012266
vn 0.885187 0.465073 0.012266
vn 0.885187 0.465073 0.012266
vn 0.668796 0.002312 0.743442
vn 0.668796 0.002312 0.743442
vn 0.668796 0.002312 0.743442
vn -0.000280 0.023103 0.999733
vn -0.003302 0.010342 0.999941
vn -0.003302 0.010342 0.999941
vn -0.006323 -0.002420 0.999977
vn -0.013458 0.999139 0.039236
vn -0.009131 0.998081 0.061251
vn -0.009131 0.998081 0.061251
vn -0.004799 0.996518 0.083236
vn 0.000000 -0.001099 0.999999
vn 0.000315 -0.001421 0.999999
vn 0.000315 -0.001421 0.999999
vn 0.000631 -0.001744 0.999998
vn -0.999997 0.002306 -0.001062
vn -0.999999 0.001101 -0.000781
vn -0.999999 0.001101 -0.000781
vn -1.000000 -0.000103 -0.000500
vn 0.000698 -0.000787 0.999999
vn 0.000349 -0.000943 1.000000
vn 0.000349 -0.000943 1.000000
vn 0.000000 -0.001099 0.999999
vn 0.000000 -0.000729 1.000000
vn 0.000361 -0.000758 1.000000
vn 0.000361 -0.000758 1.000000
vn 0.000721 -0.000787 0.999999
vn 0.000374 -0.000619 1.000000
vn 0.000187 -0.000274 1.000000
vn 0.000187 -0.000274 1.000000
vn 0.000000 0.000070 1.000000
vn 0.014953 -0.002530 0.999885
vn 0.008877 0.000200 0.999961
vn 0.012529 0.001611 0.999920
vn 0.003892 -0.001128 0.999992
vn 0.002532 -0.003030 0.999992
vn 0.002008 -0.001188 0.999997
vn 0.003013 0.001474 0.999994
vn -0.000000 0.002902 0.999996
vn 0.000003 1.000000 0.000000
vn 0.000003 1.000000 0.000000
vn 0.000003 1.000000 0.000000
vn 0.000002 1.000000 0.000000
vn -0.000910 0.999845 0.017601
vn -0.000791 0.999855 0.017002
vn -0.000791 0.999855 0.017002
vn -0.000671 0.999865 0.016402
vn 0.525874 0.850534 -0.006942
vn 0.525874 0.850534 -0.006942
vn 0.525874 0.850534 -0.006942
vn -0.000001 0.014336 0.999897
vn -0.006186 0.006127 0.999962
vn -0.006186 0.006127 0.999962
vn -0.012370 -0.002084 0.999921
vn 0.000860 -0.001745 0.999998
vn 0.000430 -0.001913 0.999998
vn 0.000430 -0.001913 0.999998
vn 0.000000 -0.002081 0.999998
vn -0.000004 -0.003526 0.999994
vn 0.000564 -0.001082 0.999999
vn 0.000347 -0.001930 0.999998
vn 0.000699 -0.000331 1.000000
vn 0.000781 -0.000235 1.000000
vn 0.000863 -0.000142 1.000000
vn -0.021271 -0.006360 0.999754
vn -0.010636 -0.004224 0.999935
vn -0.010636 -0.004224 0.999935
vn -0.000001 -0.002088 0.999998
vn 0.851391 -0.032344 0.523534
vn 0.851391 -0.032344 0.523534
vn 0.851391 -0.032344 0.523534
vn -0.901695 -0.005139 0.432343
vn -0.901695 -0.005139 0.432343
vn -0.901695 -0.005139 0.432343
vn -0.006057 0.999981 -0.001289
vn -0.011968 0.999928 -0.000879
vn -0.009197 0.999957 -0.001006
vn -0.017510 0.999847 -0.000626
vn -0.014923 0.999888 -0.000674
vn -0.999830 -0.018216 -0.002863
vn -0.999963 -0.008465 -0.001509
vn -0.999994 -0.003389 -0.000604
vn -1.000000 0.000633 -0.000078
vn -1.000000 -0.000008 -0.000000
vn -1.000000 0.000003 -0.000000
vn -1.000000 0.000000 -0.000000
vn -0.999996 0.001175 -0.002555
vn -0.999985 0.004420 -0.003279
vn -0.999873 0.013610 -0.008324
vn -0.999741 0.019827 -0.011208
vn -0.999319 0.031986 -0.018412
vn 0.000002 1.000000 -0.000002
vn 0.000002 1.000000 -0.000002
vn 0.000002 1.000000 -0.000002
vn 0.000002 1.000000 0.000000
vn 0.000002 1.000000 0.000000
vn 0.000002 1.000000 0.000000
vn 0.046812 0.998781 -0.015631
vn 0.029833 0.999517 -0.008672
vn 0.029833 0.999517 -0.008672
vn 0.012843 0.999916 -0.001711
vn 0.000001 -0.000000 -1.000000
vn -0.036309 -0.051995 -0.997987
vn -0.036309 -0.051995 -0.997987
vn -0.072472 -0.103781 -0.991956
vn 0.795473 -0.043156 -0.604450
vn 0.443382 -0.019601 -0.896118
vn 0.291540 -0.011933 -0.956484
vn 0.000000 0.002601 -0.999997
vn -0.000819 0.005332 -0.999985
vn 0.000000 1.000000 -0.000000
vn 0.000000 1.000000 0.000001
vn 0.000000 1.000000 0.000001
vn 0.000000 1.000000 0.000001
vn 0.000000 1.000000 0.000000
vn 0.000000 1.000000 -0.000000
vn 0.999964 -0.007835 0.003195
vn 0.999991 -0.003917 0.001598
vn 0.999991 -0.003917 0.001598
vn 1.000000 0.000000 0.000000
vn -0.005913 0.999964 0.006080
vn -0.005612 0.999943 0.009066
vn -0.005612 0.999943 0.009066
vn -0.005311 0.999913 0.012052
vn 0.552790 -0.511667 -0.657739
vn 0.552790 -0.511667 -0.657739
vn 0.552790 -0.511667 -0.657739
vn -0.001846 0.999998 -0.000177
vn -0.001846 0.999998 -0.000177
vn -0.001846 0.999998 -0.000177
vn -0.001142 0.999835 -0.018146
vn -0.001993 0.999685 -0.025017
vn -0.001993 0.999685 -0.025017
vn -0.002843 0.999487 -0.031888
vn -0.002135 0.999875 -0.015663
vn -0.002490 0.999854 -0.016897
vn -0.002490 0.999854 -0.016897
vn -0.002845 0.999832 -0.018130
vn -0.000385 1.000000 -0.000802
vn -0.001305 0.999999 -0.000888
vn -0.000968 0.999999 -0.000849
vn -0.001765 0.999998 -0.000931
vn -0.001979 0.999998 -0.000966
vn -0.000385 0.999999 -0.001262
vn -0.000385 0.999999 -0.001262
vn -0.000385 0.999999 -0.001262
vn -0.000385 0.999999 -0.000966
vn -0.000385 0.999999 -0.000966
vn -0.000385 0.999999 -0.000966
vn 0.999975 -0.007098 0.000006
vn 0.999918 -0.012719 0.001451
vn 0.999918 -0.012719 0.001451
vn 0.999828 -0.018339 0.002897
vn -0.000385 0.999999 -0.000967
vn -0.000385 0.999999 -0.000967
vn -0.000385 0.999999 -0.000967
vn 0.000000 1.000000 0.000000
vn 0.000000 1.000000 0.000000
vn 0.000000 1.000000 0.000000
vn 0.000000 1.000000 0.000000
vn 0.000000 1.000000 0.000000
vn 0.000000 1.000000 0.000000
vn 0.000000 1.000000 0.000000
vn 0.000000 1.000000 0.000000
vn 0.000000 1.000000 -0.000000
vn 1.000000 -0.000001 0.000008
vn 0.999999 -0.000293 0.001442
vn 0.999999 -0.000293 0.001442
vn 0.999996 -0.000586 0.002875
vn -0.001942 0.999998 -0.000966
vn -0.001291 0.999999 -0.001104
vn -0.001744 0.999998 -0.001026
vn -0.000384 0.999999 -0.001260
vn -0.000965 0.999999 -0.001173
vn 0.002475 0.999996 -0.001262
vn 0.002187 0.999997 -0.001437
vn 0.001329 0.999998 -0.001519
vn -0.000385 0.999999 -0.001683
vn 0.000757 0.999998 -0.001647
vn 0.000029 -0.004596 0.999989
vn 0.004309 -0.004357 0.999981
vn 0.004309 -0.004357 0.999981
vn 0.008589 -0.004117 0.999955
vn 0.008462 0.159807 0.987112
vn 0.004367 0.147327 0.989078
vn 0.004367 0.147327 0.989078
vn 0.000271 0.134821 0.990870
vn -0.002540 0.999993 -0.002813
vn -0.004411 0.999975 -0.005592
vn -0.004411 0.999975 -0.005592
vn -0.006283 0.999945 -0.008371
vn -0.001622 0.001626 -0.999997
vn -0.015440 -0.062317 -0.997937
vn -0.000811 0.001402 -0.999999
vn -0.010481 -0.037190 -0.999253
vn -0.010367 -0.168340 -0.985675
vn -0.008033 0.000019 -0.999968
vn 0.001959 -0.104744 -0.994497
vn 0.003029 -0.348906 -0.937153
vn 0.000722 -0.000696 1.000000
vn 0.000361 -0.000661 1.000000
vn 0.000361 -0.000661 1.000000
vn 0.000000 -0.000625 1.000000
vn 0.003841 -0.002921 0.999988
vn 0.002281 -0.002392 0.999995
vn 0.002281 -0.002392 0.999995
vn 0.000721 -0.001862 0.999998
vn 0.000023 -0.000465 1.000000
vn 0.001921 -0.001093 0.999998
vn 0.001921 -0.001093 0.999998
vn 0.003820 -0.001721 0.999991
vn 0.000329 0.999943 0.010657
vn 0.000330 0.999943 0.010657
vn 0.000330 0.999943 0.010657
vn 0.000330 0.999943 0.010657
vn -0.017505 0.999847 -0.000552
vn -0.017505 0.999847 -0.000552
vn -0.017505 0.999847 -0.000552
vn -0.017547 0.999845 -0.001321
vn -0.017547 0.999845 -0.001321
vn -0.017547 0.999845 -0.001321
f 69/34/1 68/33/2 72/37/3
f 68/33/4 70/35/5 72/37/6
f 70/35/7 71/36/8 72/37/9
f 71/36/10 69/34/11 72/37/12
f 73/39/13 74/38/14 77/42/15
f 74/38/16 75/40/17 77/42/18
f 75/40/19 76/41/20 77/42/21
f 76/41/22 73/39/23 77/42/24
f 113/116/25 137/144/26 115/118/27
f 115/118/27 137/144/26 136/143/28
f 135/142/29 134/141/30 138/145/31
f 134/141/32 136/143/33 138/145/34
f 136/143/35 137/144/36 138/145/37
f 137/144/38 135/142/39 138/145/40
f 140/147/41 139/146/42 143/150/43
f 139/146/44 141/148/45 143/150/46
f 141/148/47 142/149/48 143/150/49
f 142/149/50 140/147/51 143/150/52
f 221/237/53 209/225/54 222/238/55
f 222/238/55 209/225/54 92/79/56
f 36/8/57 35/5/58 71/36/59
f 71/36/59 35/5/58 69/34/60
f 30/7/61 32/3/62 36/8/63
f 36/8/63 32/3/62 35/5/64
f 276/334/65 273/342/66 278/336/67
f 278/336/67 273/342/66 274/332/68
f 305/380/69 276/334/70 278/336/71
f 270/328/72 276/334/73 306/381/74
f 306/381/74 276/334/73 305/380/75
f 270/328/76 306/381/77 271/329/78
f 281/351/79 270/328/80 307/383/81
f 307/383/81 270/328/80 271/329/82
f 281/351/83 307/383/84 283/353/85
f 38/10/86 312/388/87 36/8/88
f 30/7/89 36/8/88 26/340/90
f 312/388/87 26/340/90 36/8/88
f 36/8/91 71/36/92 38/10/93
f 38/10/93 71/36/92 70/35/94
f 35/5/95 37/6/96 69/34/97
f 69/34/97 37/6/96 68/33/98
f 70/35/99 68/33/100 38/10/101
f 38/10/101 68/33/100 37/6/102
f 35/5/103 32/3/104 37/6/105
f 37/6/105 32/3/104 31/338/106
f 31/338/107 312/388/108 37/6/109
f 37/6/109 312/388/108 38/10/110
f 273/342/111 31/2/112 274/332/113
f 274/332/113 31/2/112 32/339/114
f 312/388/115 31/338/116 26/340/117
f 317/393/118 234/264/119 318/395/120
f 318/395/120 234/264/119 236/266/121
f 318/395/122 228/258/123 317/393/124
f 317/393/124 228/258/123 16/46/125
f 326/401/126 325/402/127 12/23/128
f 12/23/128 325/402/127 61/24/129
f 328/406/130 327/403/131 6/273/132
f 283/353/133 265/323/134 281/351/135
f 265/323/136 283/353/137 266/324/138
f 308/384/139 265/323/140 266/324/141
f 34/4/142 334/416/143 308/384/144
f 308/384/144 334/416/143 265/323/145
f 42/16/146 76/41/147 41/15/148
f 41/15/148 76/41/147 75/40/149
f 39/13/150 40/12/151 73/39/152
f 73/39/152 40/12/151 74/38/153
f 40/12/154 41/15/155 74/38/156
f 74/38/156 41/15/155 75/40/157
f 39/13/158 73/39/159 42/16/160
f 42/16/160 73/39/159 76/41/161
f 34/4/162 335/417/163 334/416/164
f 40/12/165 39/13/166 309/385/167
f 34/382/168 28/11/169 39/13/166
f 28/11/169 309/385/167 39/13/166
f 336/418/170 41/15/171 309/385/172
f 309/385/172 41/15/171 40/12/173
f 340/422/174 341/423/175 277/335/176
f 277/335/176 341/423/175 272/343/177
f 342/424/178 340/422/179 269/327/180
f 269/327/180 340/422/179 277/335/181
f 277/335/182 272/343/183 276/334/184
f 276/334/184 272/343/183 273/342/185
f 276/334/186 270/328/187 277/335/188
f 277/335/188 270/328/187 269/327/189
f 31/341/190 273/331/191 280/350/192
f 280/350/192 273/331/191 272/345/193
f 250/285/194 18/26/195 44/25/196
f 44/25/196 18/26/195 251/286/197
f 314/389/198 313/390/199 44/25/200
f 44/25/200 313/390/199 250/285/201
f 20/346/202 26/9/203 45/17/204
f 45/17/204 26/9/203 31/341/205
f 31/341/206 280/350/207 45/17/208
f 20/18/209 45/344/210 251/286/211
f 251/286/211 45/344/210 44/25/212
f 47/27/213 314/389/214 44/25/215
f 344/427/216 342/424/217 282/352/218
f 282/352/218 342/424/217 269/327/219
f 282/352/220 269/327/221 281/351/222
f 281/351/222 269/327/221 270/328/223
f 345/428/224 344/427/225 257/315/226
f 257/315/226 344/427/225 282/352/227
f 281/351/228 265/323/229 282/352/230
f 282/352/230 265/323/229 257/315/231
f 330/410/232 331/409/233 258/314/234
f 331/411/235 330/408/236 287/412/237
f 333/415/238 257/315/239 332/414/240
f 330/410/241 345/428/242 333/415/243
f 333/415/243 345/428/242 257/315/244
f 334/416/245 332/414/246 265/323/247
f 265/323/247 332/414/246 257/315/248
f 345/428/249 330/410/250 258/314/251
f 344/427/252 345/428/253 284/354/254
f 284/354/254 345/428/253 258/314/255
f 342/424/256 344/427/257 268/326/258
f 268/326/258 344/427/257 284/354/259
f 340/422/260 342/424/261 279/337/262
f 279/337/262 342/424/261 268/326/263
f 341/423/264 340/422/265 261/347/266
f 261/347/266 340/422/265 279/337/267
f 324/400/268 62/55/269 65/29/270
f 64/311/271 292/366/272 62/310/273
f 62/55/274 324/400/275 64/313/276
f 64/313/276 324/400/275 63/28/277
f 291/365/278 53/306/279 292/364/280
f 53/306/279 240/307/281 292/364/280
f 292/364/280 240/307/281 62/308/282
f 101/83/283 223/240/284 92/79/285
f 92/79/285 223/240/284 222/238/286
f 355/441/287 216/248/288 354/440/289
f 227/244/290 100/97/291 94/92/292
f 98/93/293 94/92/294 100/97/295
f 98/93/296 227/244/297 94/92/298
f 352/437/299 98/93/300 100/97/301
f 96/88/302 354/443/303 95/87/304
f 95/87/304 354/443/303 356/442/305
f 355/441/306 354/440/307 227/251/308
f 227/251/308 354/440/307 100/250/309
f 354/440/307 96/249/310 100/250/309
f 216/248/311 355/441/312 23/247/313
f 355/441/312 218/245/314 23/247/313
f 23/247/313 218/245/314 25/246/315
f 358/448/316 86/301/317 249/303/318
f 249/303/318 86/301/317 84/302/319
f 358/448/320 249/303/321 293/368/322
f 56/292/323 22/62/324 83/60/325
f 83/60/325 22/62/324 24/63/326
f 24/63/327 19/57/328 83/60/329
f 83/60/329 19/57/328 51/59/330
f 250/285/331 51/59/332 18/26/333
f 18/26/333 51/59/332 19/57/334
f 83/60/335 51/59/336 56/61/337
f 56/61/337 51/59/336 88/293/338
f 88/293/338 51/59/336 242/277/339
f 242/277/339 51/59/336 359/449/340
f 51/59/336 54/58/341 359/449/340
f 313/390/342 51/59/343 250/285/344
f 213/230/345 22/62/346 214/229/347
f 214/229/347 22/62/346 56/292/348
f 360/450/349 359/449/350 238/268/351
f 238/268/351 359/449/350 54/58/352
f 247/283/353 351/436/354 296/371/355
f 351/436/354 360/450/356 296/371/355
f 296/371/355 360/450/356 304/379/357
f 360/450/356 238/268/358 304/379/357
f 248/282/359 247/283/360 246/281/361
f 246/281/361 247/283/360 62/362/362
f 351/436/363 247/283/364 248/282/365
f 88/74/366 59/78/367 56/292/368
f 214/229/369 56/292/368 212/228/370
f 212/228/370 56/292/368 59/78/367
f 341/425/371 343/426/372 272/330/373
f 272/330/373 343/426/372 280/349/374
f 343/426/372 45/344/375 280/349/374
f 47/27/376 44/25/377 252/287/378
f 44/25/377 45/344/379 252/287/378
f 252/287/378 45/344/379 275/333/380
f 45/344/379 343/426/381 275/333/380
f 362/452/382 275/333/383 264/322/384
f 275/333/385 48/22/386 264/322/387
f 264/322/387 48/22/386 261/318/388
f 343/426/389 341/425/390 48/22/391
f 48/22/391 341/425/390 261/348/392
f 275/333/393 343/426/394 48/22/395
f 292/366/396 64/311/397 67/312/398
f 286/357/399 338/420/400 263/320/401
f 263/320/401 338/420/400 339/421/402
f 262/321/403 338/420/404 286/357/405
f 262/321/406 66/305/407 338/420/408
f 338/420/408 66/305/407 285/356/409
f 338/420/410 285/356/411 363/454/412
f 363/454/412 285/356/411 67/31/413
f 286/357/414 287/358/415 262/321/416
f 262/321/416 287/358/415 46/413/417
f 286/357/418 331/409/419 287/358/420
f 286/357/421 263/320/422 331/409/423
f 331/409/423 263/320/422 258/314/424
f 361/451/425 299/374/426 337/419/427
f 337/419/427 299/374/426 290/361/428
f 289/359/429 67/31/430 288/360/431
f 288/360/431 67/31/430 64/30/432
f 337/419/433 290/361/434 339/421/435
f 339/421/435 290/361/434 263/320/436
f 337/419/437 363/454/438 289/359/439
f 289/359/439 363/454/438 67/31/440
f 362/452/441 264/322/442 361/451/443
f 361/451/443 264/322/442 299/374/444
f 268/326/445 299/374/446 279/337/447
f 299/374/446 264/322/448 279/337/447
f 279/337/447 264/322/448 261/318/449
f 284/354/450 290/361/451 268/326/452
f 268/326/452 290/361/451 299/374/453
f 290/361/454 284/354/455 263/320/456
f 263/320/456 284/354/455 258/314/457
f 292/364/458 67/309/459 291/365/460
f 66/453/461 291/365/460 285/355/462
f 285/355/462 291/365/460 67/309/459
f 363/454/463 337/419/464 339/421/465
f 338/420/466 363/454/467 339/421/468
f 53/56/469 244/279/470 240/275/471
f 240/275/471 244/279/470 245/280/472
f 346/431/473 246/281/474 347/432/475
f 347/432/475 246/281/474 245/280/476
f 244/279/477 347/432/478 245/280/479
f 364/456/480 253/288/481 365/455/482
f 365/455/482 253/288/481 254/289/483
f 253/288/484 241/276/485 254/289/486
f 254/289/486 241/276/485 237/267/487
f 246/281/488 62/362/489 245/280/490
f 245/280/490 62/362/489 240/275/491
f 248/282/492 246/281/493 348/433/494
f 348/433/494 246/281/493 346/431/495
f 254/289/496 237/267/497 256/291/498
f 256/291/498 237/267/497 249/284/499
f 249/284/500 84/71/501 349/434/502
f 349/434/502 84/71/501 255/290/503
f 365/455/504 254/289/505 366/457/506
f 366/457/506 254/289/505 256/291/507
f 249/284/508 349/434/509 256/291/510
f 242/277/511 243/278/512 88/293/513
f 88/293/513 243/278/512 89/73/514
f 351/436/515 350/435/516 360/450/517
f 360/450/517 350/435/516 243/278/518
f 350/435/519 351/436/520 348/433/521
f 348/433/521 351/436/520 248/282/522
f 243/278/523 350/435/524 89/73/525
f 89/73/525 350/435/524 367/458/526
f 366/457/527 256/291/528 367/458/529
f 367/458/529 256/291/528 349/434/530
f 242/277/531 359/449/532 243/278/533
f 243/278/533 359/449/532 360/450/534
f 244/279/535 52/68/536 364/456/537
f 241/276/538 253/288/539 52/68/536
f 52/68/536 253/288/539 364/456/537
f 367/458/540 349/434/541 89/73/542
f 89/73/542 349/434/541 255/290/543
f 367/458/544 350/435/545 366/457/546
f 366/457/546 350/435/545 348/433/547
f 366/457/548 348/433/549 365/455/550
f 365/455/550 348/433/549 346/431/551
f 365/455/552 346/431/553 364/456/554
f 364/456/554 346/431/553 347/432/555
f 244/279/556 364/456/557 347/432/558
f 55/85/559 208/224/560 58/429/561
f 212/228/562 208/224/563 214/229/564
f 214/229/564 208/224/563 55/85/565
f 214/229/566 55/85/567 213/230/568
f 213/230/568 55/85/567 315/391/569
f 315/391/570 55/85/571 215/231/572
f 356/442/573 354/443/574 217/233/575
f 217/233/575 354/443/574 216/232/576
f 23/86/577 215/231/578 216/232/579
f 215/231/578 55/85/580 216/232/579
f 216/232/579 55/85/580 217/233/581
f 100/97/582 96/88/583 93/96/584
f 93/96/584 96/88/583 95/87/585
f 85/77/586 84/71/587 87/72/588
f 87/72/588 84/71/587 86/70/589
f 84/71/590 85/77/591 255/290/592
f 255/290/592 85/77/591 89/73/593
f 85/295/594 59/296/595 89/294/596
f 89/294/596 59/296/595 88/297/597
f 211/227/598 207/223/599 212/228/600
f 212/228/600 207/223/599 208/224/601
f 221/237/602 222/238/603 210/226/604
f 210/226/604 222/238/603 97/98/605
f 207/223/606 211/227/607 368/460/608
f 211/227/607 370/462/609 368/460/608
f 368/460/608 370/462/609 371/463/610
f 352/437/611 97/98/612 223/240/613
f 223/240/613 97/98/612 222/238/614
f 207/223/615 206/222/616 208/224/617
f 208/224/617 206/222/616 58/84/618
f 206/222/619 207/223/620 353/438/621
f 353/438/621 207/223/620 368/460/622
f 353/439/623 217/252/624 206/255/625
f 217/252/624 55/253/626 206/255/625
f 206/255/625 55/253/626 58/254/627
f 100/97/628 93/96/629 97/98/630
f 97/98/631 352/437/632 100/97/633
f 353/439/634 356/444/635 217/252/636
f 356/444/637 353/439/638 95/257/639
f 353/439/638 372/464/640 95/257/639
f 95/257/639 372/464/640 93/256/641
f 85/77/642 211/227/643 59/78/644
f 59/78/644 211/227/643 212/228/645
f 372/465/646 371/463/647 93/430/648
f 93/430/648 371/463/647 97/98/649
f 371/463/650 370/462/651 97/98/652
f 97/98/652 370/462/651 210/226/653
f 371/463/654 372/465/655 368/460/656
f 368/460/656 372/465/655 353/438/657
f 369/461/658 370/462/659 85/77/660
f 85/77/660 370/462/659 211/227/661
f 314/389/662 303/377/663 313/390/664
f 313/390/664 303/377/663 302/378/665
f 301/376/666 288/360/667 297/372/668
f 297/372/668 288/360/667 63/28/669
f 288/360/667 64/30/670 63/28/669
f 297/372/671 303/377/672 301/376/673
f 301/376/673 303/377/672 259/316/674
f 298/373/675 324/400/676 65/29/677
f 302/378/678 303/377/679 298/373/680
f 298/373/680 303/377/679 297/372/681
f 298/373/682 297/372/683 324/400/684
f 324/400/684 297/372/683 63/28/685
f 302/378/686 304/379/687 313/390/688
f 304/379/687 238/268/689 313/390/688
f 313/390/688 238/268/689 51/59/690
f 238/268/689 54/58/691 51/59/690
f 298/373/692 65/29/693 296/371/694
f 296/371/694 65/29/693 247/283/695
f 65/29/693 62/459/696 247/283/695
f 302/378/697 298/373/698 304/379/699
f 304/379/699 298/373/698 296/371/700
f 301/376/701 300/375/702 288/360/703
f 288/360/703 300/375/702 289/359/704
f 259/316/705 47/27/706 260/317/707
f 260/317/707 47/27/706 252/287/708
f 300/375/709 301/376/710 260/317/711
f 260/317/711 301/376/710 259/316/712
f 275/333/713 362/452/714 252/287/715
f 252/287/715 362/452/714 260/317/716
f 337/419/717 289/359/718 361/451/719
f 361/451/719 289/359/718 300/375/720
f 361/451/721 300/375/722 362/452/723
f 362/452/723 300/375/722 260/317/724
f 303/377/725 314/389/726 259/316/727
f 259/316/727 314/389/726 47/27/728
f 220/239/729 60/80/730 221/237/731
f 221/237/731 60/80/730 209/225/732
f 358/447/733 357/446/734 86/70/735
f 86/70/735 357/446/734 87/72/736
f 220/239/737 57/81/738 60/80/739
f 57/81/740 327/404/741 91/82/742
f 101/83/743 92/79/744 91/82/745
f 91/82/745 92/79/744 57/81/746
f 92/79/744 209/225/747 57/81/746
f 209/225/747 60/80/748 57/81/746
f 226/243/749 369/461/750 357/446/751
f 357/446/751 369/461/750 87/72/752
f 369/461/750 85/77/753 87/72/752
f 221/237/754 210/226/755 220/239/756
f 220/239/756 210/226/755 205/221/757
f 370/462/758 369/461/759 210/226/760
f 369/461/759 226/243/761 210/226/760
f 210/226/760 226/243/761 205/221/762
f 236/266/763 234/264/764 229/259/765
f 229/259/765 234/264/764 15/65/766
f 235/265/767 236/266/768 11/64/769
f 11/64/769 236/266/768 229/259/770
f 321/397/771 235/265/772 11/64/773
f 325/402/774 326/401/775 322/398/776
f 322/398/776 326/401/775 321/397/777
f 294/369/778 295/370/779 11/64/780
f 11/64/780 295/370/779 50/66/781
f 321/397/782 11/64/783 322/398/784
f 322/398/784 11/64/783 50/66/785
f 322/398/786 50/66/787 66/32/788
f 66/32/788 50/66/787 291/363/789
f 52/68/790 244/279/791 295/370/792
f 295/370/792 244/279/791 50/66/793
f 244/279/791 53/56/794 50/66/793
f 53/56/794 291/363/795 50/66/793
f 11/64/796 374/468/797 294/369/798
f 9/76/799 328/405/800 6/89/801
f 52/68/802 295/370/803 49/67/804
f 57/81/805 9/76/806 327/404/807
f 327/404/807 9/76/806 6/89/808
f 358/447/809 293/367/810 357/446/811
f 357/446/811 293/367/810 225/242/812
f 226/243/813 357/446/814 225/242/815
f 231/261/816 233/263/817 15/65/818
f 15/65/818 233/263/817 229/259/819
f 375/467/820 374/468/821 233/263/822
f 233/263/823 374/468/824 229/259/825
f 229/259/825 374/468/824 11/64/826
f 233/263/827 231/261/828 9/76/829
f 9/76/829 231/261/828 17/75/830
f 49/67/831 295/370/832 232/262/833
f 232/262/833 295/370/832 294/369/834
f 376/469/835 9/76/836 323/399/837
f 225/242/838 293/367/839 239/274/840
f 239/274/840 293/367/839 49/67/841
f 239/274/842 377/470/843 10/69/844
f 323/399/845 9/76/846 373/466/847
f 373/466/847 9/76/846 57/81/848
f 225/242/849 373/466/850 226/243/851
f 226/243/851 373/466/850 205/221/852
f 373/466/850 57/81/853 205/221/852
f 57/81/853 220/239/854 205/221/852
f 373/466/855 225/242/856 239/274/857
f 10/69/858 323/399/859 239/274/860
f 239/274/860 323/399/859 373/466/861
f 377/470/862 376/469/863 10/69/864
f 10/69/864 376/469/863 323/399/865
f 294/369/866 374/468/867 232/262/868
f 374/468/867 375/467/869 232/262/868
f 249/303/870 237/304/871 293/368/872
f 293/368/872 237/304/871 49/300/873
f 52/299/874 49/300/873 241/298/875
f 241/298/875 49/300/873 237/304/871
f 239/274/876 49/67/877 377/470/878
f 377/470/878 49/67/877 232/262/879
f 376/469/880 377/470/881 375/467/882
f 375/467/882 377/470/881 232/262/883
f 9/76/884 376/469/885 233/263/886
f 233/263/886 376/469/885 375/467/887
f 311/387/888 7/43/889 8/19/890
f 8/19/890 7/43/889 230/260/891
f 7/43/889 13/44/892 230/260/891
f 230/260/891 13/44/892 228/258/893
f 228/258/893 13/44/892 16/46/894
f 13/44/892 5/45/895 16/46/894
f 311/387/896 8/19/897 310/386/898
f 318/395/899 236/266/900 319/394/901
f 319/394/901 236/266/900 235/265/902
f 230/260/903 319/394/904 378/471/905
f 378/471/905 319/394/904 320/396/906
f 319/394/907 230/260/908 318/395/909
f 318/395/909 230/260/908 228/258/910
f 320/396/911 326/401/912 12/23/913
f 309/385/914 28/11/915 336/418/916
f 336/418/916 28/11/915 27/14/917
f 8/19/918 27/14/919 310/386/920
f 310/386/920 27/14/919 28/11/921
f 34/382/922 39/13/923 33/1/924
f 33/1/924 39/13/923 42/16/925
f 335/417/926 34/4/927 33/1/928
f 33/1/929 336/418/930 27/14/931
f 336/418/932 33/1/933 41/15/934
f 41/15/934 33/1/933 42/16/935
f 316/392/936 320/396/937 61/24/938
f 61/24/938 320/396/937 12/23/939
f 325/402/940 316/392/941 61/24/942
f 267/325/943 335/417/944 33/1/945
f 267/325/946 333/415/947 332/414/948
f 333/415/949 267/325/950 330/410/951
f 267/325/952 332/414/953 335/417/954
f 335/417/954 332/414/953 334/416/955
f 43/20/956 378/471/957 316/392/958
f 316/392/958 378/471/957 320/396/959
f 287/412/960 43/20/961 46/21/962
f 316/392/963 262/319/964 43/20/965
f 43/20/965 262/319/964 46/21/966
f 43/20/967 287/412/968 267/325/969
f 267/325/969 287/412/968 330/408/970
f 33/1/971 27/14/972 267/325/973
f 267/325/973 27/14/972 43/20/974
f 27/14/972 8/19/975 43/20/974
f 262/319/976 316/392/977 66/32/978
f 316/392/977 325/402/979 66/32/978
f 66/32/978 325/402/979 322/398/980
f 319/394/981 235/265/982 320/396/983
f 321/397/984 326/401/985 235/265/982
f 235/265/982 326/401/985 320/396/983
f 378/471/986 43/20/987 8/19/988
f 230/260/989 378/471/990 8/19/991
f 29/210/992 190/205/993 379/472/994
f 379/472/994 190/205/993 192/207/995
f 190/205/993 189/204/996 192/207/995
f 218/234/997 190/205/998 25/95/999
f 25/95/999 190/205/998 29/210/1000
f 459/594/1001 189/204/1002 102/236/1003
f 102/236/1003 189/204/1002 190/205/1004
f 190/205/1005 218/234/1006 102/236/1007
f 218/234/1006 355/445/1008 102/236/1007
f 227/244/1009 98/93/1010 355/445/1008
f 355/445/1008 98/93/1010 102/236/1007
f 467/603/1011 468/602/1012 405/514/1013
f 405/514/1013 468/602/1012 411/520/1014
f 473/220/1015 472/610/1016 467/603/1017
f 467/603/1017 472/610/1016 468/602/1018
f 409/518/1019 412/521/1020 420/529/1021
f 420/529/1021 412/521/1020 417/526/1022
f 472/610/1023 473/220/1024 417/526/1025
f 417/526/1025 473/220/1024 420/529/1026
f 476/215/1027 475/216/1028 409/518/1029
f 409/518/1029 475/216/1028 412/521/1030
f 479/612/1031 104/104/1032 480/613/1033
f 480/613/1033 104/104/1032 105/105/1034
f 479/612/1035 480/613/1036 80/99/1037
f 80/99/1037 480/613/1036 82/102/1038
f 80/99/1039 82/102/1040 495/633/1041
f 495/633/1041 82/102/1040 81/101/1042
f 503/643/1043 479/612/1044 80/99/1045
f 13/44/1046 14/47/1047 5/45/1048
f 5/45/1048 14/47/1047 4/49/1049
f 13/44/1050 7/43/1051 14/47/1052
f 14/47/1052 7/43/1051 79/48/1053
f 80/99/1054 495/633/1055 503/643/1056
f 503/643/1056 495/633/1055 78/100/1057
f 504/645/1058 505/646/1059 78/100/1060
f 78/100/1060 505/646/1059 503/643/1061
f 511/653/1062 506/647/1063 510/652/1064
f 510/652/1064 506/647/1063 507/648/1065
f 508/649/1066 510/652/1067 507/648/1068
f 509/650/1069 486/620/1070 508/649/1071
f 508/649/1071 486/620/1070 485/619/1072
f 486/620/1073 104/104/1074 485/619/1075
f 485/619/1075 104/104/1074 479/612/1076
f 479/612/1077 503/643/1078 485/619/1079
f 485/619/1079 503/643/1078 505/646/1080
f 504/645/1081 483/618/1082 505/646/1083
f 505/646/1083 483/618/1082 484/617/1084
f 485/619/1085 505/646/1086 484/617/1087
f 506/647/1088 14/52/1089 507/648/1090
f 507/648/1090 14/52/1089 79/54/1091
f 508/649/1092 507/648/1093 478/611/1094
f 478/611/1094 507/648/1093 79/54/1095
f 103/103/1096 509/650/1097 478/611/1098
f 478/611/1098 509/650/1097 508/649/1099
f 510/652/1100 508/649/1101 484/617/1102
f 484/617/1102 508/649/1101 485/619/1103
f 511/653/1104 510/652/1105 483/618/1106
f 483/618/1106 510/652/1105 484/617/1107
f 497/634/1108 496/635/1109 482/615/1110
f 482/615/1110 496/635/1109 194/211/1111
f 497/634/1112 482/615/1113 499/637/1114
f 499/637/1114 482/615/1113 149/160/1115
f 501/641/1116 497/634/1117 499/637/1118
f 393/494/1119 513/656/1120 454/583/1121
f 454/583/1122 387/488/1123 393/494/1124
f 393/494/1124 387/488/1123 385/486/1125
f 514/657/1126 385/486/1127 387/488/1128
f 451/579/1129 452/581/1130 385/486/1131
f 385/486/1131 452/581/1130 390/491/1132
f 450/580/1133 451/579/1134 514/657/1135
f 514/657/1135 451/579/1134 385/486/1136
f 515/658/1137 451/579/1138 450/580/1139
f 451/579/1140 515/658/1141 384/485/1142
f 384/485/1142 515/658/1141 388/489/1143
f 452/581/1144 451/579/1145 389/490/1146
f 389/490/1146 451/579/1145 384/485/1147
f 516/659/1148 384/485/1149 388/489/1150
f 186/200/1151 191/206/1152 192/207/1153
f 182/196/1154 524/667/1155 186/200/1156
f 191/206/1157 186/200/1156 204/209/1158
f 204/209/1158 186/200/1156 524/667/1155
f 379/472/1159 192/207/1160 204/474/1161
f 204/474/1161 192/207/1160 191/473/1162
f 182/196/1163 525/668/1164 203/195/1165
f 524/667/1166 182/196/1167 203/195/1168
f 168/180/1169 421/531/1170 170/182/1171
f 476/215/1172 477/214/1173 170/535/1174
f 170/535/1174 477/214/1173 168/534/1175
f 420/529/1176 419/528/1177 409/518/1178
f 409/518/1178 419/528/1177 407/516/1179
f 173/185/1180 421/531/1181 169/181/1182
f 421/531/1181 168/180/1183 169/181/1182
f 169/181/1182 168/180/1183 167/179/1184
f 473/220/1185 474/219/1186 420/529/1187
f 420/529/1187 474/219/1186 419/528/1188
f 477/214/1189 476/215/1190 407/516/1191
f 407/516/1191 476/215/1190 409/518/1192
f 430/553/1193 529/672/1194 431/555/1195
f 521/664/1196 522/665/1197 201/178/1198
f 523/666/1199 521/664/1200 201/178/1201
f 182/196/1202 177/190/1203 525/668/1204
f 525/668/1204 177/190/1203 202/189/1205
f 186/200/1206 184/198/1207 182/196/1208
f 182/196/1208 184/198/1207 177/190/1209
f 184/198/1207 178/191/1210 177/190/1209
f 521/664/1211 523/666/1212 177/190/1213
f 177/190/1213 523/666/1212 202/189/1214
f 178/191/1215 422/542/1216 177/190/1217
f 430/553/1218 431/555/1219 422/542/1216
f 521/664/1220 177/190/1217 431/555/1219
f 431/555/1219 177/190/1217 422/542/1216
f 430/553/1221 424/544/1222 529/672/1223
f 529/672/1223 424/544/1222 169/181/1224
f 424/544/1222 173/185/1225 169/181/1224
f 528/673/1226 529/672/1227 167/179/1228
f 167/179/1228 529/672/1227 169/181/1229
f 469/604/1230 467/603/1231 406/532/1232
f 406/532/1232 467/603/1231 405/514/1233
f 474/219/1234 473/220/1235 469/604/1236
f 469/604/1236 473/220/1235 467/603/1237
f 528/671/1238 469/605/1239 432/556/1240
f 529/672/1241 528/673/1242 431/555/1243
f 431/555/1243 528/673/1242 432/554/1244
f 469/605/1245 528/671/1246 474/218/1247
f 528/671/1246 167/533/1248 474/218/1247
f 474/218/1247 167/533/1248 419/539/1249
f 419/539/1249 167/533/1248 407/538/1250
f 407/538/1250 167/533/1248 477/213/1251
f 167/533/1248 168/537/1252 477/213/1251
f 410/519/1253 404/513/1254 411/520/1255
f 411/520/1255 404/513/1254 405/514/1256
f 404/513/1257 166/536/1258 405/514/1259
f 405/514/1259 166/536/1258 406/532/1260
f 165/176/1261 521/664/1262 432/554/1263
f 432/554/1263 521/664/1262 431/555/1264
f 432/556/1265 469/605/1266 165/515/1267
f 469/605/1266 406/540/1268 165/515/1267
f 165/515/1267 406/540/1268 166/541/1269
f 521/664/1270 165/176/1271 522/665/1272
f 522/665/1272 165/176/1271 429/552/1273
f 165/176/1274 530/674/1275 429/552/1276
f 518/661/1277 519/662/1278 516/659/1279
f 516/659/1279 519/662/1278 384/485/1280
f 517/660/1281 389/490/1282 519/662/1283
f 519/662/1283 389/490/1282 384/485/1284
f 116/120/1285 118/123/1286 139/146/1287
f 139/146/1287 118/123/1286 141/148/1288
f 117/121/1289 140/147/1290 119/124/1291
f 119/124/1291 140/147/1290 142/149/1292
f 139/146/1293 140/147/1294 116/120/1295
f 116/120/1295 140/147/1294 117/121/1296
f 197/119/1297 116/120/1298 109/112/1299
f 117/121/1300 535/679/1301 116/120/1298
f 109/112/1299 116/120/1298 535/679/1301
f 119/124/1302 142/149/1303 118/123/1304
f 118/123/1304 142/149/1303 141/148/1305
f 196/122/1306 534/678/1307 197/119/1308
f 197/119/1308 534/678/1307 116/120/1309
f 534/678/1307 533/677/1310 116/120/1309
f 533/677/1310 118/123/1311 116/120/1309
f 106/109/1312 535/679/1313 119/124/1314
f 119/124/1314 535/679/1313 117/121/1315
f 106/109/1316 119/124/1317 533/677/1318
f 533/677/1318 119/124/1317 118/123/1319
f 519/662/1320 518/661/1321 106/109/1322
f 106/109/1322 518/661/1321 109/112/1323
f 519/662/1324 106/109/1325 517/660/1326
f 517/660/1326 106/109/1325 381/482/1327
f 106/109/1328 534/678/1329 196/122/1330
f 534/678/1331 106/109/1332 533/677/1333
f 535/679/1334 106/109/1335 109/112/1336
f 408/517/1337 418/527/1338 412/521/1339
f 412/521/1339 418/527/1338 417/526/1340
f 475/216/1341 408/517/1342 412/521/1343
f 393/494/1344 385/486/1345 392/493/1346
f 392/493/1346 385/486/1345 390/491/1347
f 466/601/1348 463/598/1349 462/597/1350
f 391/492/1351 462/597/1352 392/493/1353
f 428/548/1354 392/493/1353 463/598/1355
f 463/598/1355 392/493/1353 462/597/1352
f 466/601/1356 465/600/1357 124/130/1358
f 124/130/1358 465/600/1357 399/505/1359
f 466/601/1360 124/130/1361 120/125/1362
f 463/598/1363 466/601/1364 120/125/1365
f 463/598/1366 120/125/1367 428/548/1368
f 124/130/1369 540/684/1370 120/125/1371
f 121/126/1372 492/627/1373 491/626/1374
f 540/684/1375 121/126/1376 120/125/1377
f 110/113/1378 111/114/1379 135/142/1380
f 135/142/1380 111/114/1379 134/141/1381
f 115/118/1382 136/143/1383 111/114/1384
f 111/114/1384 136/143/1383 134/141/1385
f 113/116/1386 110/113/1387 137/144/1388
f 137/144/1388 110/113/1387 135/142/1389
f 110/113/1390 108/111/1391 111/114/1392
f 111/114/1392 108/111/1391 542/686/1393
f 456/585/1394 455/584/1395 108/111/1396
f 108/111/1396 455/584/1395 107/110/1397
f 455/584/1398 456/585/1399 393/494/1400
f 393/494/1400 456/585/1399 513/656/1401
f 107/110/1402 455/584/1403 428/548/1404
f 428/548/1404 455/584/1403 392/493/1405
f 455/584/1403 393/494/1406 392/493/1405
f 114/117/1407 112/115/1408 115/118/1409
f 115/118/1409 112/115/1408 113/116/1410
f 112/115/1411 108/111/1412 113/116/1413
f 113/116/1413 108/111/1412 110/113/1414
f 114/117/1415 542/686/1416 107/110/1417
f 114/117/1418 121/126/1419 541/685/1420
f 541/685/1420 121/126/1419 491/626/1421
f 428/548/1422 120/125/1423 107/110/1424
f 107/110/1424 120/125/1423 114/117/1425
f 120/125/1423 121/126/1426 114/117/1425
f 114/117/1427 541/685/1428 112/115/1429
f 542/686/1430 108/111/1431 107/110/1432
f 542/686/1433 114/117/1434 111/114/1435
f 111/114/1435 114/117/1434 115/118/1436
f 173/185/1437 424/544/1438 457/586/1439
f 457/586/1439 424/544/1438 426/546/1440
f 425/545/1441 426/546/1442 422/542/1443
f 422/542/1443 426/546/1442 430/553/1444
f 426/546/1442 424/544/1445 430/553/1444
f 457/586/1446 426/546/1447 458/587/1448
f 458/587/1448 426/546/1447 423/543/1449
f 413/522/1450 475/216/1451 171/183/1452
f 171/183/1452 475/216/1451 170/535/1453
f 475/216/1451 476/215/1454 170/535/1453
f 162/172/1455 526/669/1456 159/169/1457
f 527/670/1458 162/172/1459 159/169/1460
f 457/586/1461 427/547/1462 173/185/1463
f 173/185/1463 427/547/1462 174/186/1464
f 173/510/1465 174/511/1466 421/530/1467
f 174/511/1466 171/512/1468 421/530/1467
f 421/530/1467 171/512/1468 170/509/1469
f 475/216/1470 413/522/1471 408/517/1472
f 408/517/1472 413/522/1471 157/167/1473
f 157/167/1474 539/683/1475 158/168/1476
f 458/587/1477 175/187/1478 457/586/1479
f 457/586/1479 175/187/1478 427/547/1480
f 162/172/1481 527/670/1482 161/171/1483
f 161/171/1483 527/670/1482 160/170/1484
f 437/561/1485 176/188/1486 179/192/1487
f 547/693/1488 176/188/1489 546/692/1490
f 546/692/1490 176/188/1489 437/561/1491
f 547/693/1492 175/187/1493 176/188/1494
f 546/692/1495 161/171/1496 547/693/1497
f 547/693/1497 161/171/1496 160/170/1498
f 175/187/1499 547/693/1500 427/547/1501
f 547/693/1500 160/170/1502 427/547/1501
f 427/547/1501 160/170/1502 174/186/1503
f 174/186/1503 160/170/1502 171/183/1504
f 157/167/1505 413/522/1506 539/683/1507
f 539/683/1507 413/522/1506 526/669/1508
f 413/522/1506 171/183/1504 526/669/1508
f 160/170/1502 527/670/1509 171/183/1504
f 527/670/1509 159/169/1510 171/183/1504
f 159/169/1510 526/669/1508 171/183/1504
f 470/607/1511 548/694/1512 154/608/1513
f 548/694/1512 549/695/1514 154/608/1513
f 154/164/1515 411/520/1516 470/606/1517
f 470/606/1517 411/520/1516 468/602/1518
f 468/602/1519 472/610/1520 470/606/1521
f 470/606/1521 472/610/1520 471/217/1522
f 154/164/1523 155/165/1524 411/520/1525
f 411/520/1525 155/165/1524 410/519/1526
f 418/527/1527 416/525/1528 417/526/1529
f 417/526/1529 416/525/1528 472/610/1530
f 416/525/1528 471/217/1531 472/610/1530
f 548/694/1532 470/607/1533 415/524/1534
f 470/607/1533 471/609/1535 415/524/1534
f 415/524/1534 471/609/1535 416/525/1536
f 548/694/1537 415/524/1538 130/137/1539
f 549/695/1540 548/694/1541 130/137/1542
f 189/204/1543 188/203/1544 193/208/1545
f 186/476/1546 192/479/1547 193/477/1548
f 193/477/1548 192/479/1547 189/480/1549
f 422/542/1550 178/191/1551 425/545/1552
f 178/191/1551 184/198/1553 425/545/1552
f 425/545/1552 184/198/1553 185/199/1554
f 185/478/1555 184/475/1556 193/477/1557
f 193/477/1557 184/475/1556 186/476/1558
f 433/557/1559 543/687/1560 188/203/1561
f 188/203/1561 543/687/1560 193/208/1562
f 543/687/1560 551/697/1563 193/208/1562
f 185/199/1564 193/208/1565 183/197/1566
f 193/208/1565 551/697/1567 183/197/1566
f 183/197/1566 551/697/1567 552/698/1568
f 434/558/1569 180/193/1570 543/687/1571
f 543/687/1571 180/193/1570 181/194/1572
f 434/590/1573 545/690/1574 552/699/1575
f 552/699/1575 545/690/1574 183/589/1576
f 543/687/1577 433/557/1578 435/559/1579
f 544/688/1580 434/558/1581 435/559/1582
f 435/559/1582 434/558/1581 543/687/1583
f 545/690/1584 434/590/1585 544/689/1586
f 544/688/1587 435/559/1588 176/188/1589
f 176/188/1589 435/559/1588 179/192/1590
f 545/690/1591 544/689/1592 423/588/1593
f 544/689/1592 176/591/1594 423/588/1593
f 423/588/1593 176/591/1594 458/593/1595
f 176/591/1594 175/592/1596 458/593/1595
f 219/235/1597 433/557/1598 459/594/1599
f 188/203/1600 189/204/1601 433/557/1598
f 433/557/1598 189/204/1601 459/594/1599
f 426/546/1602 425/545/1603 423/543/1604
f 423/543/1604 425/545/1603 545/691/1605
f 183/197/1606 545/691/1605 185/199/1607
f 185/199/1607 545/691/1605 425/545/1603
f 551/697/1608 543/687/1609 181/194/1610
f 552/698/1611 551/697/1612 180/193/1613
f 180/193/1613 551/697/1612 181/194/1614
f 434/558/1615 552/700/1616 180/193/1617
f 98/93/1618 352/437/1619 224/241/1620
f 224/241/1620 352/437/1619 223/240/1621
f 329/407/1622 102/236/1623 224/241/1624
f 224/241/1624 102/236/1623 98/93/1625
f 460/595/1626 459/594/1627 329/407/1628
f 329/407/1628 459/594/1627 102/236/1629
f 90/270/1630 101/271/1631 327/403/1632
f 327/403/1632 101/271/1631 91/272/1633
f 1/269/1634 90/270/1635 328/406/1636
f 328/406/1636 90/270/1635 327/403/1637
f 101/83/1638 90/91/1639 99/94/1640
f 99/94/1641 224/241/1642 101/83/1643
f 101/83/1643 224/241/1642 223/240/1644
f 9/76/1645 17/75/1646 328/405/1647
f 328/405/1647 17/75/1646 1/90/1648
f 1/90/1649 99/94/1650 90/91/1651
f 224/241/1652 99/94/1653 329/407/1654
f 329/407/1654 99/94/1653 21/202/1655
f 21/202/1656 460/595/1657 329/407/1658
f 460/595/1659 21/202/1660 461/596/1661
f 461/596/1661 21/202/1660 553/701/1662
f 5/45/1663 4/49/1664 16/46/1665
f 4/49/1664 2/51/1666 16/46/1665
f 16/46/1665 2/51/1666 317/393/1667
f 317/393/1667 2/51/1666 234/264/1668
f 234/264/1668 2/51/1666 15/65/1669
f 15/65/1669 2/51/1666 231/261/1670
f 231/261/1670 2/51/1666 17/75/1671
f 2/51/1666 1/90/1672 17/75/1671
f 78/50/1673 495/632/1674 2/51/1675
f 495/632/1674 81/53/1676 2/51/1675
f 2/51/1675 81/53/1676 3/162/1677
f 99/94/1678 1/90/1679 21/202/1680
f 21/202/1680 1/90/1679 553/701/1681
f 2/51/1682 4/49/1683 78/50/1684
f 14/47/1685 506/651/1686 4/49/1683
f 504/644/1687 78/50/1684 483/616/1688
f 78/50/1684 4/49/1683 483/616/1688
f 511/654/1689 483/616/1688 506/651/1686
f 506/651/1686 483/616/1688 4/49/1683
f 1/90/1690 2/51/1691 553/701/1692
f 553/701/1692 2/51/1691 3/162/1693
f 554/719/1694 383/484/1695 555/720/1696
f 555/720/1696 383/484/1695 380/481/1697
f 386/487/1698 453/582/1699 401/504/1700
f 401/504/1700 453/582/1699 556/718/1701
f 453/582/1699 383/484/1702 556/718/1701
f 383/484/1702 554/719/1703 556/718/1701
f 386/487/1704 390/491/1705 453/582/1706
f 453/582/1706 390/491/1705 452/581/1707
f 452/581/1708 389/490/1709 453/582/1710
f 453/582/1710 389/490/1709 383/484/1711
f 555/720/1712 380/481/1713 557/721/1714
f 557/721/1714 380/481/1713 123/129/1715
f 398/502/1716 397/501/1717 382/483/1718
f 382/483/1718 397/501/1717 133/140/1719
f 126/132/1720 520/663/1721 199/131/1722
f 558/722/1723 122/128/1724 559/706/1725
f 559/706/1725 122/128/1724 532/676/1726
f 164/175/1727 531/675/1728 200/174/1729
f 558/723/1730 557/721/1731 122/128/1732
f 122/128/1732 557/721/1731 123/129/1733
f 164/175/1734 155/165/1735 133/549/1736
f 165/176/1737 164/175/1738 530/674/1739
f 530/674/1739 164/175/1738 200/174/1740
f 164/175/1741 165/176/1742 155/165/1743
f 155/165/1743 165/176/1742 410/519/1744
f 410/519/1744 165/176/1742 404/513/1745
f 165/176/1742 166/177/1746 404/513/1745
f 164/175/1747 126/132/1748 531/675/1749
f 531/675/1749 126/132/1748 199/131/1750
f 532/676/1751 122/128/1752 198/127/1753
f 380/481/1754 383/484/1755 381/482/1756
f 381/482/1756 383/484/1755 517/660/1757
f 383/484/1755 389/490/1758 517/660/1757
f 380/481/1759 381/482/1760 123/129/1761
f 123/129/1761 381/482/1760 122/128/1762
f 198/127/1763 122/128/1764 196/122/1765
f 196/122/1765 122/128/1764 106/109/1766
f 122/128/1764 381/482/1767 106/109/1766
f 464/599/1768 462/597/1769 401/504/1770
f 462/597/1769 391/492/1771 401/504/1770
f 401/504/1770 391/492/1771 386/487/1772
f 465/600/1773 466/601/1774 464/599/1775
f 464/599/1775 466/601/1774 462/597/1776
f 392/493/1777 390/491/1778 391/492/1779
f 391/492/1779 390/491/1778 386/487/1780
f 559/724/1781 520/663/1782 558/707/1783
f 558/707/1783 520/663/1782 126/132/1784
f 557/705/1785 558/708/1786 397/501/1787
f 558/708/1786 126/551/1788 397/501/1787
f 397/501/1787 126/551/1788 133/140/1789
f 126/551/1788 164/550/1790 133/140/1789
f 557/705/1791 397/501/1792 555/702/1793
f 555/702/1793 397/501/1792 398/502/1794
f 555/702/1795 398/502/1796 554/703/1797
f 554/703/1797 398/502/1796 400/503/1798
f 556/704/1799 554/703/1800 400/503/1801
f 130/137/1802 415/524/1803 129/136/1804
f 129/136/1804 415/524/1803 414/523/1805
f 550/696/1806 549/695/1807 129/136/1808
f 129/136/1808 549/695/1807 130/137/1809
f 414/523/1810 550/696/1811 129/136/1812
f 400/503/1813 398/502/1814 132/139/1815
f 132/139/1815 398/502/1814 382/483/1816
f 556/718/1817 561/717/1818 401/504/1819
f 155/572/1820 154/573/1821 133/571/1822
f 133/571/1822 154/573/1821 382/575/1823
f 154/573/1821 132/574/1824 382/575/1823
f 132/139/1825 154/608/1826 131/138/1827
f 154/608/1826 549/695/1828 131/138/1827
f 131/138/1827 549/695/1828 550/696/1829
f 400/503/1830 132/139/1831 556/704/1832
f 396/497/1833 561/709/1834 132/139/1831
f 132/139/1831 561/709/1834 556/704/1832
f 550/696/1835 562/711/1836 131/138/1837
f 153/108/1838 494/631/1839 502/642/1840
f 502/642/1840 494/631/1839 151/107/1841
f 149/156/1842 144/154/1843 148/155/1844
f 148/155/1844 144/154/1843 145/153/1845
f 498/638/1846 499/637/1847 148/106/1848
f 148/106/1848 499/637/1847 149/160/1849
f 502/642/1850 481/614/1851 153/108/1852
f 195/163/1853 481/614/1854 105/212/1855
f 105/212/1855 481/614/1854 480/613/1856
f 82/102/1857 480/613/1858 502/642/1859
f 502/642/1859 480/613/1858 481/614/1860
f 151/107/1861 81/101/1862 502/642/1863
f 502/642/1863 81/101/1862 82/102/1864
f 564/750/1865 481/614/1866 565/725/1867
f 565/725/1867 481/614/1866 195/163/1868
f 512/655/1869 493/629/1870 488/623/1871
f 488/623/1871 493/629/1870 487/622/1872
f 567/747/1873 494/631/1874 566/749/1875
f 566/749/1875 494/631/1874 153/108/1876
f 566/749/1877 153/108/1878 564/750/1879
f 564/750/1879 153/108/1878 481/614/1880
f 500/640/1881 501/641/1882 498/638/1883
f 498/638/1883 501/641/1882 499/637/1884
f 497/634/1885 489/624/1886 496/635/1887
f 496/635/1887 489/624/1886 490/625/1888
f 493/629/1889 512/655/1890 500/640/1891
f 500/640/1891 512/655/1890 501/641/1892
f 489/624/1893 497/634/1894 512/655/1895
f 512/655/1895 497/634/1894 501/641/1896
f 489/624/1897 512/655/1898 488/623/1899
f 449/578/1900 448/577/1901 439/563/1902
f 439/563/1902 448/577/1901 446/569/1903
f 569/744/1904 568/743/1905 438/562/1906
f 438/562/1906 568/743/1905 156/166/1907
f 568/743/1908 570/742/1909 156/166/1910
f 156/166/1910 570/742/1909 125/134/1911
f 158/168/1912 156/166/1913 447/576/1914
f 447/576/1914 156/166/1913 125/134/1915
f 570/742/1916 571/741/1917 125/134/1918
f 572/740/1919 447/576/1920 571/741/1921
f 571/741/1921 447/576/1920 125/134/1922
f 124/130/1923 399/505/1924 540/684/1925
f 540/684/1925 399/505/1924 127/133/1926
f 399/505/1924 395/496/1927 127/133/1926
f 395/496/1927 128/135/1928 127/133/1926
f 538/682/1929 127/133/1930 444/568/1931
f 448/577/1932 538/682/1933 444/568/1934
f 448/577/1935 449/578/1936 538/682/1937
f 538/682/1937 449/578/1936 121/126/1938
f 121/126/1939 540/684/1940 538/682/1941
f 538/682/1941 540/684/1940 127/133/1942
f 443/567/1943 442/566/1944 441/565/1945
f 441/565/1945 442/566/1944 440/564/1946
f 150/157/1947 148/155/1948 146/152/1949
f 146/152/1949 148/155/1948 145/153/1950
f 438/562/1951 442/566/1952 163/173/1953
f 163/173/1953 442/566/1952 443/567/1954
f 573/745/1955 569/744/1956 163/173/1957
f 163/173/1957 569/744/1956 438/562/1958
f 446/569/1959 445/570/1960 439/563/1961
f 439/563/1961 445/570/1960 147/151/1962
f 121/126/1963 449/578/1964 492/627/1965
f 492/627/1965 449/578/1964 144/154/1966
f 449/578/1964 439/563/1967 144/154/1966
f 144/154/1966 439/563/1967 145/153/1968
f 439/563/1967 147/151/1969 145/153/1968
f 147/151/1969 146/152/1970 145/153/1968
f 459/594/1971 460/595/1972 219/235/1973
f 219/235/1973 460/595/1972 187/201/1974
f 162/172/1975 156/166/1976 526/669/1977
f 526/669/1977 156/166/1976 539/683/1978
f 539/683/1979 156/166/1980 158/168/1981
f 436/560/1982 172/184/1983 546/692/1984
f 546/692/1984 172/184/1983 161/171/1985
f 440/564/1986 161/171/1987 441/565/1988
f 441/565/1988 161/171/1987 172/184/1989
f 156/166/1990 162/172/1991 438/562/1992
f 438/562/1992 162/172/1991 442/566/1993
f 442/566/1993 162/172/1991 440/564/1994
f 162/172/1991 161/171/1995 440/564/1994
f 437/561/1996 179/192/1997 436/560/1998
f 436/560/1998 179/192/1997 187/201/1999
f 436/560/2000 546/692/2001 437/561/2002
f 416/525/2003 537/681/2004 415/524/2005
f 536/680/2006 537/681/2007 574/739/2008
f 447/576/2009 572/740/2010 537/681/2007
f 572/740/2010 574/739/2008 537/681/2007
f 447/576/2011 537/681/2012 158/168/2013
f 537/681/2012 416/525/2014 158/168/2013
f 416/525/2014 418/527/2015 158/168/2013
f 418/527/2015 408/517/2016 158/168/2013
f 158/168/2013 408/517/2016 157/167/2017
f 435/559/2018 433/557/2019 179/192/2020
f 433/557/2019 219/235/2021 179/192/2020
f 179/192/2020 219/235/2021 187/201/2022
f 460/595/2023 461/596/2024 187/201/2025
f 461/596/2026 152/158/2027 187/201/2028
f 3/162/2029 152/158/2030 553/701/2031
f 553/701/2031 152/158/2030 461/596/2032
f 151/159/2033 152/158/2034 81/161/2035
f 81/161/2035 152/158/2034 3/162/2036
f 151/159/2037 494/630/2038 152/158/2039
f 575/746/2040 152/158/2039 567/748/2041
f 152/158/2039 494/630/2038 567/748/2041
f 575/737/2042 150/157/2043 573/734/2044
f 573/734/2044 150/157/2043 445/570/2045
f 146/152/2046 147/151/2047 150/157/2043
f 150/157/2043 147/151/2047 445/570/2045
f 550/696/2048 414/523/2049 562/711/2050
f 562/711/2050 414/523/2049 394/499/2051
f 415/524/2052 537/681/2053 414/523/2054
f 414/523/2054 537/681/2053 536/680/2055
f 394/499/2056 414/523/2057 536/680/2058
f 403/508/2059 465/600/2060 464/599/2061
f 403/508/2062 395/496/2063 465/600/2064
f 465/600/2064 395/496/2063 399/505/2065
f 402/507/2066 128/500/2067 403/508/2068
f 403/508/2068 128/500/2067 395/496/2069
f 394/495/2070 402/507/2071 563/715/2072
f 563/715/2072 402/507/2071 560/716/2073
f 402/507/2071 403/508/2074 560/716/2073
f 563/715/2075 562/714/2076 394/495/2077
f 560/710/2078 561/709/2079 396/497/2080
f 402/506/2081 394/499/2082 574/739/2083
f 574/739/2083 394/499/2082 536/680/2084
f 563/712/2085 560/710/2086 396/497/2087
f 573/745/2088 163/173/2089 575/746/2090
f 163/173/2089 443/567/2091 575/746/2090
f 443/567/2091 441/565/2092 575/746/2090
f 575/746/2090 441/565/2092 152/158/2093
f 441/565/2092 172/184/2094 152/158/2093
f 187/201/2095 152/158/2093 436/560/2096
f 172/184/2094 436/560/2096 152/158/2093
f 128/135/2097 402/738/2098 127/133/2099
f 127/133/2099 402/738/2098 574/735/2100
f 403/508/2101 464/599/2102 560/716/2103
f 401/504/2104 561/717/2105 464/599/2102
f 464/599/2102 561/717/2105 560/716/2103
f 131/498/2106 562/713/2107 132/139/2108
f 396/497/2109 132/139/2108 563/712/2110
f 132/139/2108 562/713/2107 563/712/2110
f 565/751/2111 490/625/2112 564/726/2113
f 564/726/2113 490/625/2112 489/624/2114
f 564/726/2115 489/624/2116 566/727/2117
f 566/727/2117 489/624/2116 488/623/2118
f 567/728/2119 566/727/2120 487/622/2121
f 487/622/2121 566/727/2120 488/623/2122
f 567/736/2123 487/621/2124 575/737/2125
f 575/737/2125 487/621/2124 150/157/2126
f 487/621/2124 493/628/2127 150/157/2126
f 148/155/2128 150/157/2126 498/636/2129
f 150/157/2126 493/628/2127 498/636/2129
f 493/628/2127 500/639/2130 498/636/2129
f 569/729/2131 573/734/2132 446/569/2133
f 446/569/2133 573/734/2132 445/570/2134
f 568/730/2135 569/729/2136 448/577/2137
f 448/577/2137 569/729/2136 446/569/2138
f 570/731/2139 568/730/2140 444/568/2141
f 444/568/2141 568/730/2140 448/577/2142
f 570/731/2143 444/568/2144 571/732/2145
f 571/732/2145 444/568/2144 127/133/2146
f 572/733/2147 571/732/2148 127/133/2149
f 574/735/2150 572/733/2151 127/133/2152
