# This file uses centimeters as units for non-parametric coordinates.

v 8.468139 -3.639967 -0.208943
v -12.074803 -4.537527 0.391327
v -9.876736 -3.738759 0.532240
v -9.065052 -3.768426 1.155167
v -6.907783 -3.717686 1.157550
v -5.596594 -3.717833 1.137101
v -2.537945 -3.608430 1.221703
v -1.620652 -3.731392 0.975369
v -0.794220 -3.727352 0.976209
v 0.469055 -3.586264 1.148604
v 2.906949 -3.762465 0.629519
v 3.915773 -3.612575 0.403832
v 6.710608 -3.642532 -0.139778
v -0.732946 2.956355 1.122092
v -1.639801 2.956344 1.122091
v -3.107782 1.879600 -1.320113
v -1.813994 1.865482 -1.070335
v -0.894262 1.789440 -0.837671
v 0.257939 1.870154 -1.424852
v 3.899575 -1.654103 -2.612560
v -0.633295 2.955797 -5.943784
v -1.171757 -3.334554 -7.581217
v -2.420460 2.955736 -6.009191
v -2.414994 2.956259 -0.936499
v -2.499741 -3.055182 -7.898441
v -6.723427 2.955840 -6.007826
v -6.724152 2.956548 1.122056
v -10.621546 4.502472 -0.935748
v -10.678916 3.626828 -1.602465
v -0.957213 -3.194695 -7.073398
v -3.505761 2.955797 -6.008371
v -3.500852 2.955954 -3.719488
v -6.723521 2.956019 -3.700560
v -5.482997 2.955999 -3.694200
v -5.477475 2.956339 1.122062
v -6.340993 2.106416 -4.494944
v -6.908339 1.883417 -1.179432
v -6.845787 1.905958 -0.973122
v -9.814175 -2.726753 -0.569086
v -13.115801 -3.586101 -2.095086
v -10.383415 -2.669980 -1.153472
v -10.543028 2.157597 -0.986602
v -13.299242 -3.934360 -5.742167
v -10.588606 2.249650 -0.269625
v -10.678558 3.564403 -0.269293
v -9.337284 3.616007 -0.739453
v -9.343103 2.357619 -1.161392
v -10.940939 -2.724045 -7.477397
v -9.265891 2.361978 -1.615308
v -9.237438 2.245794 -1.638803
v -10.067945 -2.831556 -5.616230
v -9.953303 -2.748666 -4.083179
v -9.503024 -2.764000 -3.635695
v -9.164085 -2.683959 -6.001538
v -8.513670 -2.775519 -3.683589
v -8.669657 -2.729982 -4.316335
v -9.204107 -2.769461 -3.627226
v -6.811230 -2.818945 -1.095001
v -5.405656 -2.819806 -1.223980
v -6.889981 -2.818720 -1.648644
v -6.367853 -2.819213 -1.070483
v -6.042333 -2.819145 -1.089595
v -5.560091 -2.817872 -1.918665
v -6.571317 2.127616 -4.476882
v -5.744578 -2.817884 -1.956569
v -3.060026 -2.820283 -1.114737
v -1.585177 -2.817282 -1.337383
v -3.091029 -2.828251 -1.532524
v -2.709823 -2.828906 -1.003041
v -2.233418 -2.831232 -1.021806
v -1.603927 -2.832210 -1.547478
v -0.785600 -2.796128 -0.839440
v 0.433039 -2.795252 -1.008507
v 0.494224 -2.795324 -1.789950
v 0.022495 -2.796516 -0.897918
v -0.324522 -2.796118 -0.846114
v -0.794774 -2.795882 -0.956841
v 3.108835 -2.792632 -1.297618
v 4.373394 -2.792309 -1.261964
v 3.538252 -2.792423 -1.292814
v 3.892340 -2.792250 -1.288852
v 4.462248 -2.791999 -1.659611
v 5.534106 2.321360 -4.563542
v 5.352843 -2.649392 -4.004478
v 6.603010 2.387735 -4.257157
v 6.624687 -2.649477 -3.917533
v 5.530754 -2.649348 -4.738680
v 5.823209 -2.649681 -3.949510
v 6.264466 -2.649676 -3.922407
v 6.731928 -2.650217 -4.267539
v 2.315053 2.956348 1.122063
v 2.302646 2.955692 -5.945030
v 2.265672 2.159495 -6.795939
v 3.419019 5.989824 -6.093031
v 3.462383 2.955668 -5.945412
v 5.017388 4.608664 -5.561784
v 5.811515 3.814885 -4.216940
v 4.983128 3.850592 -5.592757
v 5.740051 3.806392 -4.212128
v 5.488762 2.075871 -4.277806
v 7.180316 5.194485 -0.937085
v 7.176392 5.193885 1.122059
v 5.057294 4.608664 -0.961254
v 5.016019 3.865916 -1.030831
v 6.170333 4.177880 -1.007567
v 7.407239 4.608665 -5.611549
v 7.471250 4.293605 -0.980572
v 5.516140 1.910385 -2.907748
v 6.537680 1.475464 -0.109285
v 6.490586 3.282391 -0.219848
v 6.425775 1.483324 -2.542755
v 6.497381 3.242751 -2.671659
v 7.162163 3.285231 -0.248123
v 9.199870 -4.110397 -6.773708
v 7.913278 -3.642182 -6.380836
v 7.225170 1.489473 -0.117950
v 7.669531 -2.700075 -4.302097
v 7.492871 -2.668491 -4.393094
v 6.381716 -2.574502 -1.611172
v 7.742371 -2.575258 -1.504050
v 6.675778 -2.576112 -2.486875
v 7.189594 -2.576190 -1.319443
v 8.033872 -2.569239 -2.316694
v -5.379868 2.955820 -6.008000
v -5.506443 5.967624 -6.108500
v -5.326821 2.364858 -6.714437
v -5.399215 6.133589 -6.530504
v 6.084474 4.259765 -6.242258
v 7.342541 4.608665 -5.609328
v -10.667934 3.731496 -1.207466
v -8.288437 4.609355 -5.515983
v -10.682850 4.609346 -5.488358
v -10.095562 1.742310 -3.098366
v -8.221642 3.899800 -5.472069
v -8.352003 4.609354 -1.068068
v -8.308206 3.728425 -1.113770
v -9.304298 3.836338 -1.092806
v -8.416748 1.719492 -2.743319
v -8.729753 3.807933 -3.813965
v -8.522835 3.793648 -3.953091
v -8.302036 1.727956 -2.718773
v -8.407574 1.713534 -4.026284
v -6.726530 -2.240552 -6.057909
v -6.784275 2.592070 -1.054375
v -7.016949 1.650317 -1.512170
v -5.739357 2.547160 -5.591623
v -5.711982 2.048689 -3.679361
v -5.457795 2.504458 -5.667459
v -5.350258 1.779554 -6.988668
v -5.193570 -2.346479 -7.389514
v -5.336954 -2.354821 -5.111772
v -5.453998 -1.473231 -3.663039
v -5.418483 -2.459967 -3.924758
v -6.083578 -1.472738 -3.748862
v -6.267796 2.038392 -3.674872
v -6.047749 -2.255140 -3.946376
v -5.528835 -2.139706 -5.965348
v -0.391403 -3.056889 -7.660561
v -5.213212 -2.354728 -5.926587
v -5.839032 -3.014549 -11.473649
v -1.639589 -3.621430 -11.270399
v -2.222348 -3.673479 -10.665986
v -1.451090 -3.523837 -10.799518
v -0.019185 -4.818975 -11.219005
v -0.639051 2.955927 -3.691913
v 1.013933 -3.225993 -7.146667
v 2.317435 2.955837 -3.694713
v 2.879755 -2.064947 -5.744933
v 2.668580 2.444812 -5.069823
v 2.718499 2.058535 -6.637895
v 2.884071 -2.067447 -6.721389
v 3.038255 -2.066816 -3.834293
v 3.077984 -2.067157 -3.371401
v 3.303397 -1.746776 -2.646214
v 3.731389 -2.626580 -2.639553
v 3.229318 2.141002 -2.763780
v 3.566456 -1.562711 -2.651795
v 3.216722 2.125989 -3.786534
v 3.015182 1.714316 -4.877180
v 6.154270 4.608664 -5.571796
v 6.093698 7.461957 -6.176804
v 5.882659 7.733796 -5.924222
v 6.001059 8.259595 -5.980883
v 6.531524 7.750291 -5.048353
v 7.324477 8.028095 -5.840396
v 7.422076 7.665884 -5.732175
v -6.498495 5.926148 -6.086521
v -6.067832 7.469151 -6.600619
v -6.642956 6.150274 -6.333989
v -5.997047 6.665004 -5.994520
v -5.468498 6.422739 -6.512357
v -5.791873 6.960123 -6.412233
v -6.334566 6.839355 -6.379204
v -9.586337 4.593081 -6.322280
v -9.479671 4.609355 -5.501317
v -10.058181 7.193048 -5.223490
v -10.201874 8.815545 -5.868443
v -10.838462 7.670018 -5.739113
v -10.350188 7.188118 -5.211209
v 7.696811 3.273624 -1.669189
v 3.159362 -2.066370 -4.988022
v 0.292996 2.956455 1.122091
v 0.402644 -3.374160 -9.735677
v 0.482175 -3.081223 -9.165166
v -0.931226 -3.118465 -7.535661
v 2.855632 -2.065126 -5.080446
v -8.900652 -2.669351 -0.791077
v -9.351875 -2.693767 -0.627693
v -9.112814 -2.645855 -1.329292
v 2.676061 6.764428 -5.947266
v 5.689805 2.373623 -3.825523
v 6.228861 2.390137 -3.958373
v 3.166602 -0.738911 -1.822954
v 3.493330 -0.780934 -1.393566
v 6.608925 -0.283718 -2.151841
v 6.892539 -0.690864 -1.332248
v 7.450686 -0.712303 -1.324189
v 7.018034 -2.659682 -3.355362
v -0.523360 1.796426 -0.674552
v -0.111256 1.794066 -0.716579
v -2.346808 1.957757 -0.855854
v -2.838436 1.940675 -0.904949
v -6.269970 1.903651 -1.060519
v -6.670274 1.896612 -0.839758
v -9.612880 2.187126 -0.606388
v -10.119202 2.199441 -0.627752
v -9.659206 1.793408 -3.762011
v -9.336223 1.788497 -3.698218
v -9.503345 4.218314 -1.080753
v 6.232659 8.689315 -5.976640
v 6.562528 8.552962 -5.300979
v 7.061914 8.597168 -5.907610
v 6.536904 9.207533 -6.056553
v 6.633845 9.163670 -5.980269
v 6.745451 9.201598 -6.053734
v 6.647013 9.257725 -6.079759
v 3.486653 6.175591 -6.180168
v 3.525149 6.289007 -6.272697
v 3.435764 6.547806 -6.340525
v 3.310916 6.902980 -6.398768
v 3.141757 7.226738 -6.433764
v 2.944334 7.546069 -6.443218
v 2.709693 7.707509 -6.492177
v 2.519971 7.512658 -6.587295
v 2.370366 7.220413 -6.633140
v 2.246747 6.892508 -6.649263
v 2.124736 6.490728 -6.694582
v 2.080315 6.190748 -6.634651
v -6.011917 7.441061 -6.639627
v -5.689274 7.018915 -6.557686
v -5.525945 6.683777 -6.587403
v -6.132829 7.436707 -6.609734
v -6.484603 6.872830 -6.514300
v -6.643034 6.383541 -6.442050
v -6.198882 7.124792 -6.416828
v -6.362069 7.096665 -6.538237
v -5.878143 7.278571 -6.580342
v -5.913312 7.142400 -6.348640
v -5.428455 5.973465 -6.750099
v -5.364445 6.170052 -6.681017
v -5.993146 5.859336 -6.084337
v -9.309542 7.432934 -5.607907
v -10.148368 8.868031 -5.896093
v -10.208496 8.881681 -5.897224
v -10.526371 8.341479 -5.842261
v -10.928312 7.386883 -5.650178
v -10.913104 7.295332 -5.610541
v -10.048711 7.127874 -5.194641
v -10.299782 7.125907 -5.185077
v -10.779541 7.202156 -5.455758
v -9.615110 7.210845 -5.426033
v -9.378210 7.380654 -5.582600
v -10.264115 8.846422 -5.865136
v 0.364343 2.955864 -3.694699
v 0.291884 2.113044 -3.694899
v -6.723763 5.922873 -6.084785
v -11.267699 -2.894773 -6.821466
v -11.135214 -2.899165 -6.102756
v -11.221123 -2.727151 -7.696557
v -10.158777 1.788829 -4.159789
v -10.821847 -3.096405 -5.598413
v -11.978203 -3.361544 -5.759529
v -10.652803 4.432119 1.122050
v -10.744554 7.278774 -5.490585
v -10.861363 7.326564 -5.626037
v -10.055220 7.435266 -5.240164
v -9.676724 7.515818 -5.506532
v -10.257718 8.169816 -5.469654
v -10.129947 8.326369 -5.580718
v -9.844309 8.489697 -5.834101
v -1.575496 -3.475868 -10.470084
v -6.912941 -2.792535 -1.750951
v -8.724634 1.769922 -4.260002
v -7.117589 1.849412 -1.411575
v -8.561882 3.623392 -2.756060
v -9.812158 3.627356 -2.726219
v -9.616091 7.171189 -5.482484
v -9.707200 7.469251 -6.185856
v -10.726171 7.170895 -5.443894
v 2.507318 6.009691 -6.342440
v 2.230731 5.962675 -6.835213
v 3.424280 5.994569 -6.551174
v 6.097088 4.608665 -5.569834
v 6.130613 7.528241 -5.680252
v 6.982123 7.373792 -5.608882
v 7.310500 7.533281 -5.684322
v 6.447868 7.468331 -5.346692
v 5.940735 7.584477 -5.455042
v 5.517595 1.917893 -3.102850
v 6.964045 3.755809 -3.107330
v 5.775496 3.814494 -2.864327
v 7.538752 4.622246 1.122060
v 7.411873 -3.856632 -7.275352
v 7.674249 1.467215 -0.112095
v 7.628299 3.293587 -0.260070
v 7.972361 -0.628085 -1.962110
v 6.224257 -3.855674 -6.425285
v 6.563132 -3.229180 -8.965583
v 4.400824 -0.770794 -1.870711
v 3.805032 -2.629140 -1.508351
v 3.994875 -2.628510 -2.546588
v 0.588407 -3.146369 -7.688034
v 3.306584 -1.687557 -2.676088
v 2.360284 2.112354 1.122073
v 2.313113 2.112832 -0.638458
v 2.317019 2.111739 -3.694806
v 3.833339 2.249244 1.122060
v 3.442461 1.467577 -1.348044
v 3.855381 1.539038 -1.383389
v 3.146087 1.016635 -1.873170
v 3.573305 2.956132 1.122059
v 3.648634 2.096743 1.122034
v 6.574348 1.532751 -1.839236
v 7.449509 1.439141 -1.348562
v 7.850770 1.433068 -1.798400
v 6.856378 1.496506 -1.236780
v -5.476771 2.112354 1.122056
v -5.485356 2.111799 -3.694216
v -5.942363 1.781685 -1.648591
v -6.724081 2.112357 1.122059
v -6.666681 2.479752 -1.456010
v -6.977181 1.708744 -1.412911
v -6.755304 2.517604 -1.473503
v -7.002820 2.322364 1.122052
v -6.810727 2.631482 -0.113370
v -6.087368 -2.097058 -4.770163
v -11.301910 -2.786027 -5.292983
v -13.156606 -3.522258 -0.814349
v 8.995320 -3.173248 -1.044840
v 9.165764 -3.140821 -1.921989
v 6.707157 -2.575457 -1.754484
v 6.886204 -2.575318 -1.527273
v 6.954431 -2.576617 -1.331502
v 7.281229 -2.571409 -0.832784
v 6.762599 -2.573162 -1.285000
v 6.899323 -2.573614 -1.065302
v 6.300920 -3.475713 0.207373
v 7.460506 -2.576711 -1.336079
v 7.668752 -2.578302 -1.595654
v 7.701797 -0.659838 -1.601559
v 7.610723 1.436617 -1.441347
v 5.261313 -3.460620 0.226984
v 7.288019 -3.642425 -0.139227
v 7.522448 -2.571625 -1.182815
v 5.394429 -2.644216 -2.022395
v 5.324254 -2.643163 -1.453753
v 6.053564 -2.645514 -2.153711
v -3.825149 -2.811000 -1.946610
v -3.657275 -2.815572 -1.285272
v -4.068151 -3.610342 1.112597
v -6.516929 -2.240786 -4.675943
v -6.061093 -1.172092 -6.043903
v -6.303059 2.314247 -5.483708
v -5.635345 2.161325 -4.865924
v -8.911819 1.781492 -3.890357
v -8.804549 -2.750696 -3.893929
v -8.290323 -2.823035 -1.735836
v -8.102062 -2.834440 -1.229576
v -8.312454 -3.770891 1.155998
v -10.698227 -2.779948 -3.763612
v -6.213358 -2.830487 -2.509435
v -13.517108 -3.980385 -3.484001
v -9.725079 -2.788854 -2.208026
v 9.386931 -3.423551 -4.030603
v 6.975063 -2.696479 -3.988325
v 9.855345 -3.390091 -3.339930
v 2.944804 -1.553987 -3.780590
v 2.816943 2.179787 -3.595258
v 0.516422 -5.267518 -10.784685
v 0.117783 -4.951044 -11.673381
v -1.612829 2.112359 1.122091
v -0.682215 2.112360 1.122091
v 0.293017 2.112360 1.122091
v 0.389260 2.112917 1.109112
v 0.389728 2.956687 1.127222
v 0.388648 2.951336 -0.998158
v 0.293029 2.956184 -0.990575
v -3.481646 2.112359 1.122090
v -3.481517 2.956354 1.122091
v -3.481605 2.956236 -1.027164
v 3.360950 -2.080431 -6.920154
v -2.420722 2.170074 -0.936974
v -1.670732 2.956264 -0.936504
v -0.691375 2.956227 -0.936476
v 2.207347 2.955694 -5.944998
v 2.143958 6.551001 -6.147413
v 2.691778 6.442888 -5.894022
v 3.006443 6.487090 -5.943305
v 2.331236 6.948571 -6.225770
v 2.439131 7.183393 -6.286853
v 2.540426 7.341566 -6.294671
v 2.681910 7.517785 -6.290174
v 2.847255 7.385869 -6.229774
v 3.044938 7.178843 -6.194151
v 3.147940 6.924071 -6.160095
v 3.265326 6.563516 -6.070346
v 2.311945 6.509075 -5.986216
v 2.459275 6.896736 -6.036359
v 2.598375 7.014985 -6.026314
v 2.763211 7.018118 -6.034922
v 2.877277 6.989511 -6.021810
v 2.926119 6.872044 -6.001584
v 3.364332 6.244922 -6.033219
v -0.035843 -3.326672 -5.149130
v -0.903458 -2.795865 -1.362143
v -0.684676 -2.796017 -0.892662
v -0.802978 1.792981 -0.757519
v -0.307955 -3.732602 1.045625
v -0.421402 -2.796339 -0.740431
v 0.719527 -2.792833 -0.722119
v 1.095648 -2.792932 -1.080064
v 1.000368 -2.793389 -1.733189
v 0.082714 -2.793116 -0.729470
v -0.541957 -2.796078 -0.864326
v -0.698762 1.794505 -0.721317
v 0.080814 1.797355 -0.846418
v 0.306682 -2.796056 -1.209930
v 3.338449 -2.793334 -1.562308
v 3.280027 1.295669 -1.532212
v 3.290823 -0.771209 -1.504537
v 3.210365 -2.794189 -1.902681
v 3.256929 -2.794028 -1.638469
v 3.237360 -0.784513 -1.701283
v 3.214782 1.133501 -1.734451
v 2.753767 -2.793627 -1.326433
v 2.177207 -3.786263 0.634390
v 3.511947 -3.762352 0.630187
v 4.400799 -3.683395 0.280237
v 4.103055 1.556355 -1.412773
v 4.305940 1.310729 -1.819458
v 3.843265 -0.791549 -1.305176
v 4.124313 -0.695803 -1.350900
v 4.189979 -2.792392 -1.429980
v 3.522619 -2.792182 -1.013416
v 3.805778 -2.791646 -0.998229
v 4.757555 -2.791805 -1.343642
v 3.851998 -2.335769 -3.050596
v 5.617583 2.347549 -4.113612
v 5.604232 -2.649102 -4.324831
v 4.465776 -2.932704 -3.973877
v 6.666511 -0.507858 -1.693369
v 6.602365 1.504228 -1.457094
v 7.230869 -0.703047 -1.327669
v 7.167967 1.503541 -1.241044
v 7.052409 -2.650160 -3.644932
v 7.331793 -2.513739 -4.346271
v 6.416959 2.391622 -4.050040
v 6.521337 -2.651037 -3.964354
v 3.496033 -2.415696 -4.486172
v 7.159442 3.320796 -1.117315
v 3.520981 2.955776 -3.690491
v 3.449193 2.955780 -3.690545
v 3.557664 2.321892 -3.612191
v 3.475329 2.295883 -3.582137
v 0.402456 2.955745 -5.944318
v -1.261161 -2.997173 -9.435005
v -6.165599 6.226839 -5.934720
v -5.941518 6.239591 -5.941431
v -5.732955 6.269593 -5.956176
v -5.451749 6.456640 -6.722578
v -6.043046 7.152627 -6.323827
v -6.073049 7.330645 -6.465995
v -6.133655 6.779743 -6.047863
v -5.889248 6.832083 -6.073184
v -6.723903 5.929044 -6.623087
v 6.359667 8.617051 -5.517781
v 6.185141 8.105832 -5.144457
v 6.763310 8.599678 -5.415071
v 6.914762 8.017591 -5.152230
v 7.370787 7.476506 -6.071329
v 6.486611 7.503559 -5.608128
v 6.996092 7.488954 -5.602397
v 6.501345 8.075506 -4.995542
v -1.167939 -2.831361 -1.272912
v -2.117972 1.935766 -0.903068
v -2.974270 1.907733 -0.992756
v -1.826293 -2.829055 -1.301407
v -2.937191 -2.829177 -1.180611
v -2.736381 -2.822371 -0.954899
v -2.052784 -2.822560 -0.958337
v -3.163792 -3.642816 1.149203
v -10.111425 -2.754752 -4.533625
v -10.141623 -2.739910 -4.073082
v -9.840104 -2.758324 -3.461379
v -9.489352 -2.776447 -3.334140
v -9.118007 -2.785936 -3.342633
v -8.362994 -2.734113 -4.358135
v -8.916866 -2.712035 -5.163486
v -9.896812 1.792926 -3.871278
v -9.780020 -2.758035 -3.814762
v -9.387470 2.265574 -0.752305
v -9.149695 -2.685329 -0.940992
v -12.884943 -3.522678 -0.077974
v -10.408596 2.162621 -0.708713
v -10.247294 -2.700912 -0.819244
v -9.235970 0.194333 -1.270788
v -9.297497 0.092326 -0.808036
v -9.490895 0.031572 -0.560937
v -9.988579 0.035851 -0.640882
v -10.362276 0.037830 -0.868320
v -10.497344 0.073847 -1.078801
v -9.264670 2.248885 -0.260236
v -5.988587 1.873296 -1.278877
v -5.704073 -2.818662 -1.397847
v -6.676944 -2.818496 -1.168218
v -0.820834 -3.154709 -5.821966
v -0.881633 -3.154900 -6.721601
v -3.481720 2.111846 -3.694311
v 3.512295 2.975868 -0.937095
v 3.084796 6.221725 -5.954405
v 2.710743 6.234471 -5.925123
v 2.280131 6.279536 -5.979301
v 2.107811 6.361553 -6.102126
v 2.081439 6.296664 -6.684249
v 2.275358 6.025340 -6.097821
v 3.140027 6.020685 -6.105845
v 2.741654 6.035020 -6.110384
v 2.292869 6.065906 -6.124777
v 3.380770 6.081369 -6.134838
v 2.164865 6.038508 -6.568949
v 2.441331 5.950240 -6.271217
v -2.420410 2.955987 -3.700851
v -2.421417 2.371406 -3.696293
v -2.421577 2.257077 -6.014653
v -10.706073 7.572577 -5.567796
v -10.425989 8.219285 -5.694724
v -9.588650 8.069798 -5.755988
v -9.696520 7.950612 -5.699480
v -9.830019 7.893219 -5.526758
v -10.064248 7.877145 -5.229205
v -10.323382 7.823861 -5.394585
v -10.593085 7.849092 -5.613038
v -10.713043 7.940502 -5.781970
v -10.401974 7.481389 -5.379513
v -9.488371 7.602741 -5.676200
v -9.428861 7.703136 -5.722296
v -9.961569 8.304764 -5.553759
v -10.398163 8.609586 -5.867863
v -10.162492 8.609796 -5.717650
v -9.986290 8.697402 -5.920287
v -9.896450 8.314004 -5.704630
v -2.819033 -2.963717 -5.035508
v -1.002502 1.783064 -1.391316
v -1.719182 -3.217703 -5.535745
v -0.946523 -3.264832 -7.400338
v -6.543573 5.959115 -6.586947
v -9.633161 7.178343 -5.476106
v -10.715429 7.178049 -5.438743
v -9.385106 7.319782 -5.554720
v -9.523563 4.609354 -1.161990
v -10.725101 4.609346 -2.027437
v -10.706021 4.609359 -1.111392
v -9.582105 4.342063 -1.034669
v -9.449137 4.609355 -1.031182
v -9.321519 4.609354 -1.039158
v -6.723642 2.946035 1.122056
v -7.029155 2.493374 -0.936253
v -6.969838 2.309407 -0.005606
v -6.683515 2.949757 -0.936951
v -10.297903 5.202298 1.122059
v -10.292044 5.202409 -0.937120
v -6.568976 6.691102 -6.513666
v -6.414221 6.998889 -6.513592
v -6.280061 7.214761 -6.538379
v -5.593345 6.859771 -6.577244
v -5.791463 7.154007 -6.592885
v -5.417349 6.306651 -6.712856
v -5.332821 2.874263 -6.692109
v -5.317478 2.379890 -6.025497
v 2.258240 3.046245 -6.811723
v 2.287282 2.087244 -5.960964
v 0.388250 2.252367 -1.023466
v 0.293028 2.265089 -1.066521
v -3.250715 2.333381 -6.072808
v -1.524928 2.210912 -0.936319
v -0.554081 2.253979 -0.935751
v -0.611935 2.441492 -3.747178
v -0.586089 2.470322 -5.986755
v 0.429047 2.544610 -6.060963
v 2.121285 2.509160 -5.990715
v -10.678885 3.621307 -1.142076
v -9.432505 3.611712 -0.178888
v -9.379186 3.580661 -0.192377
v 6.136258 4.608717 -1.055136
v 6.186712 4.608717 -1.096635
v 7.376628 4.608665 -1.724603
v -12.390594 -3.343419 -1.074250
v -12.076097 -3.327812 -0.616839
v -11.113211 -3.653061 -0.235030
v -9.844602 -2.917276 0.083178
v -9.052004 -2.810579 -0.104270
v -8.161324 -2.901935 0.167391
v -6.826764 -2.726058 0.016317
v -5.466792 -2.735173 0.127022
v -3.869548 -2.877006 0.161108
v -3.147685 -2.919340 0.246962
v -2.663671 -2.906802 0.300019
v -1.681672 -2.881930 -0.075131
v -1.387759 -2.889932 -0.127729
v -0.614688 -2.858124 -0.074337
v -0.217920 -2.856816 -0.249210
v 0.363383 -2.829749 -0.350823
v 0.572006 -2.818538 -0.399807
v 2.559225 -2.894151 -0.533087
v 3.071731 -2.885413 -0.519966
v 3.556643 -2.852734 -0.529242
v 3.737680 -2.835835 -0.574284
v 4.213931 -2.812995 -0.514300
v 4.431283 -2.885611 -0.505211
v 4.930079 -2.872051 -0.808934
v 5.323752 -2.723535 -0.859280
v 5.960188 -2.722991 -0.916559
v 6.779351 -2.740296 -0.685808
v 7.170807 -2.798783 -0.750653
v 7.398763 -2.782313 -0.806722
v 7.997104 -2.884634 -0.973260
v 0.225100 -3.130602 -2.788311
v -2.612354 -2.880329 -1.979890
v -6.536125 -2.846581 -2.730331
v -5.677065 -2.817602 -2.903749
v -4.187062 -2.251858 -3.409892
v -2.607664 -2.266342 -3.294797
v 3.460212 2.547010 -6.353176
v 3.774073 2.321371 -0.940166
v 7.561015 4.603098 -0.938120
v 7.331517 4.608667 -1.038223
v 7.501200 4.184289 -1.623242
v 7.422790 4.173310 -5.530307
v 7.333332 3.380880 -1.434076
v 6.502868 3.246779 -1.205775
v 7.265368 7.499135 -5.660645
v 7.397471 4.628445 -6.057908
v 7.360417 4.218239 -5.630711
v 7.371404 4.241519 -6.008509
v 5.864261 3.876971 -5.676995
v 5.947996 3.884004 -6.235591
v -10.799475 4.683813 -5.792616
v -10.835326 7.212193 -5.748963
v -10.725101 4.321695 -2.027437
v -10.682850 4.321731 -5.314713
v -6.723427 2.524198 -6.007826
v -6.723521 2.520966 -3.700560
v -6.723950 3.151799 -6.622958
v -6.723969 2.660767 -6.674839
v -6.723969 -2.438039 -6.674839
v -6.723427 -2.527172 -6.007826
v -5.361623 2.524198 -6.007826
v -5.361623 -2.527172 -6.007826
v -9.447655 3.987810 -5.432664
v -9.566396 4.003686 -6.083149
v 6.755715 2.017750 -3.057714
v -3.481615 2.112118 -1.133300
v -2.413221 2.956357 1.122091
v -2.413172 2.112358 1.122091
v 3.441941 2.103732 -2.728454
v 3.126733 2.049256 -6.700231
v -5.752596 1.779554 -6.988668
v -5.595908 -2.346479 -7.389514
v -5.999706 2.161325 -4.865924
v -5.701315 -2.354821 -5.111772
v -9.936754 3.793648 -3.953091
v -9.821493 1.713534 -4.026284
v 6.695977 2.075871 -4.099948
v 6.947266 3.806392 -4.212128
v -5.361623 2.524198 -6.013714
v -5.361623 1.011787 -6.013714
v -8.336683 4.609354 -2.098192
v -8.289395 3.765664 -2.023073
v 2.769153 7.686564 -6.479770
v 2.655217 7.670624 -6.519489
v 5.886177 7.674426 -5.782382
v 5.901275 7.874902 -5.948802
v 7.423069 7.740724 -5.751829
v 7.398919 7.607131 -5.709295
v -9.312571 7.483053 -5.624810
vt 0.998019 0.070669
vt 0.004320 0.071451
vt 0.115632 0.071364
vt 0.159601 0.071329
vt 0.270283 0.071242
vt 0.337556 0.071189
vt 0.437698 0.071110
vt 0.501863 0.071060
vt 0.540830 0.071029
vt 0.599095 0.070983
vt 0.676981 0.070922
vt 0.739062 0.070873
vt 0.912059 0.070737
vt 0.546668 0.375264
vt 0.501332 0.377900
vt 0.501431 0.324190
vt 0.545656 0.326230
vt 0.603731 0.326914
vt 0.691822 0.344586
vt 0.953454 0.496451
vt 0.543871 0.587902
vt 0.501233 0.435352
vt 0.481210 0.588690
vt 0.470533 0.435573
vt 0.481636 0.435493
vt 0.316727 0.584683
vt 0.259875 0.397243
vt 0.276807 0.451707
vt 0.083495 0.581040
vt 0.052466 0.478024
vt 0.407576 0.322118
vt 0.404739 0.378476
vt 0.427669 0.586749
vt 0.422626 0.544707
vt 0.304814 0.541795
vt 0.355131 0.542238
vt 0.326741 0.388315
vt 0.330362 0.345316
vt 0.261805 0.345979
vt 0.262532 0.336070
vt 0.107637 0.121814
vt 0.008442 0.179788
vt 0.085742 0.135869
vt 0.060421 0.335114
vt 0.014315 0.334149
vt 0.049950 0.336125
vt 0.036969 0.443963
vt 0.099465 0.445576
vt 0.124430 0.366388
vt 0.138845 0.418175
vt 0.131908 0.422412
vt 0.132910 0.396737
vt 0.161086 0.404590
vt 0.170974 0.300852
vt 0.182720 0.284587
vt 0.220767 0.368135
vt 0.227670 0.280873
vt 0.225273 0.311174
vt 0.195372 0.283541
vt 0.267157 0.130499
vt 0.334045 0.135800
vt 0.265827 0.155697
vt 0.285842 0.131980
vt 0.301960 0.133257
vt 0.332063 0.172281
vt 0.314588 0.337730
vt 0.327264 0.166060
vt 0.438177 0.152852
vt 0.501709 0.160054
vt 0.438304 0.174613
vt 0.455141 0.154775
vt 0.478425 0.157415
vt 0.501677 0.178616
vt 0.542409 0.153320
vt 0.600663 0.155875
vt 0.601215 0.185745
vt 0.581436 0.155032
vt 0.564829 0.154304
vt 0.542716 0.169307
vt 0.680606 0.137762
vt 0.742361 0.136062
vt 0.701478 0.137188
vt 0.718689 0.136714
vt 0.743108 0.150824
vt 0.786301 0.381123
vt 0.780492 0.275323
vt 0.849084 0.421405
vt 0.835900 0.273219
vt 0.781488 0.297793
vt 0.801256 0.274534
vt 0.820459 0.273806
vt 0.836946 0.286161
vt 0.678187 0.398516
vt 0.645493 0.591499
vt 0.654633 0.743511
vt 0.649871 0.591626
vt 0.643155 0.591431
vt 0.707882 0.741453
vt 0.703156 0.593167
vt 0.752884 0.691107
vt 0.765597 0.599376
vt 0.750538 0.647011
vt 0.762100 0.598550
vt 0.755591 0.510333
vt 0.921360 0.596400
vt 0.946178 0.546428
vt 0.801160 0.555380
vt 0.797330 0.511287
vt 0.863690 0.557476
vt 0.857640 0.697115
vt 0.911150 0.590625
vt 0.773361 0.494603
vt 0.778479 0.559945
vt 0.901696 0.356358
vt 0.912086 0.465906
vt 0.886025 0.386366
vt 0.878911 0.416386
vt 0.881755 0.445062
vt 0.949303 0.467166
vt 0.997139 0.470106
vt 0.975678 0.469174
vt 0.939073 0.357784
vt 0.964507 0.360046
vt 0.951790 0.358915
vt 0.862083 0.149380
vt 0.928615 0.139757
vt 0.865199 0.186987
vt 0.905967 0.143250
vt 0.930979 0.162063
vt 0.366821 0.585846
vt 0.359174 0.733066
vt 0.371940 0.751470
vt 0.854687 0.696835
vt 0.089501 0.576935
vt 0.238546 0.672785
vt 0.135907 0.669746
vt 0.201752 0.506138
vt 0.241230 0.621907
vt 0.190779 0.542834
vt 0.195480 0.508767
vt 0.153596 0.525120
vt 0.230004 0.486992
vt 0.233686 0.598757
vt 0.237332 0.598777
vt 0.235194 0.483474
vt 0.244085 0.513276
vt 0.249203 0.348103
vt 0.272427 0.454387
vt 0.258506 0.397424
vt 0.358354 0.504495
vt 0.352556 0.461637
vt 0.416976 0.497200
vt 0.372533 0.496394
vt 0.381558 0.496558
vt 0.384908 0.407040
vt 0.368726 0.331481
vt 0.361654 0.332490
vt 0.432437 0.290155
vt 0.363209 0.291004
vt 0.334215 0.336407
vt 0.332765 0.350674
vt 0.337071 0.290459
vt 0.366871 0.370468
vt 0.403806 0.364492
vt 0.377928 0.368679
vt 0.383092 0.455565
vt 0.412038 0.455680
vt 0.481383 0.462026
vt 0.501183 0.464012
vt 0.548442 0.467753
vt 0.545275 0.546695
vt 0.547866 0.437688
vt 0.605927 0.440855
vt 0.652556 0.549809
vt 0.641545 0.391953
vt 0.649354 0.503913
vt 0.641167 0.504072
vt 0.638928 0.421187
vt 0.656878 0.394700
vt 0.655244 0.347836
vt 0.658848 0.336123
vt 0.689086 0.294132
vt 0.602845 0.274010
vt 0.678478 0.341161
vt 0.677448 0.291416
vt 0.676033 0.346311
vt 0.691929 0.346569
vt 0.668300 0.396746
vt 0.658827 0.450329
vt 0.804772 0.692105
vt 0.801953 0.848914
vt 0.828500 0.835612
vt 0.848275 0.834012
vt 0.798507 0.864482
vt 0.806808 0.890087
vt 0.837146 0.845839
vt 0.869161 0.850908
vt 0.311727 0.730304
vt 0.333670 0.815312
vt 0.302685 0.743862
vt 0.334662 0.768735
vt 0.371447 0.769055
vt 0.351027 0.794059
vt 0.316972 0.786308
vt 0.194938 0.671494
vt 0.184054 0.671172
vt 0.181989 0.831283
vt 0.146846 0.817999
vt 0.139635 0.924077
vt 0.115821 0.849050
vt 0.132973 0.815718
vt 0.953726 0.513492
vt 0.656247 0.376603
vt 0.604693 0.374059
vt 0.612963 0.386834
vt 0.613882 0.374513
vt 0.613076 0.328078
vt 0.643067 0.375952
vt 0.152167 0.140596
vt 0.128578 0.130145
vt 0.148349 0.163418
vt 0.677543 0.783360
vt 0.647038 0.753305
vt 0.808583 0.395419
vt 0.833018 0.411097
vt 0.687419 0.263398
vt 0.707744 0.244218
vt 0.748769 0.262656
vt 0.875767 0.300061
vt 0.899328 0.250274
vt 0.928853 0.249184
vt 0.942212 0.268065
vt 0.565683 0.326040
vt 0.586654 0.327076
vt 0.477967 0.323810
vt 0.452703 0.323449
vt 0.291824 0.337004
vt 0.269047 0.336278
vt 0.105917 0.330913
vt 0.078972 0.333200
vt 0.174461 0.396420
vt 0.187919 0.388200
vt 0.130104 0.550896
vt 0.817775 0.915720
vt 0.837767 0.894631
vt 0.855573 0.909826
vt 0.833507 0.947086
vt 0.838409 0.945168
vt 0.842504 0.947260
vt 0.837922 0.950801
vt 0.704380 0.744959
vt 0.708612 0.753894
vt 0.710361 0.761397
vt 0.710310 0.777305
vt 0.704767 0.798827
vt 0.698457 0.813147
vt 0.689150 0.823680
vt 0.679117 0.826702
vt 0.670042 0.825565
vt 0.661601 0.818374
vt 0.654514 0.806430
vt 0.647128 0.782465
vt 0.644627 0.763614
vt 0.344846 0.816113
vt 0.359951 0.805237
vt 0.371096 0.781557
vt 0.330439 0.815081
vt 0.311464 0.793686
vt 0.301267 0.759027
vt 0.325746 0.801548
vt 0.321535 0.805041
vt 0.350449 0.812079
vt 0.342883 0.804032
vt 0.372130 0.744681
vt 0.376305 0.760009
vt 0.335707 0.726363
vt 0.185456 0.842816
vt 0.144564 0.926872
vt 0.139338 0.928437
vt 0.126838 0.892956
vt 0.111794 0.831161
vt 0.112464 0.825256
vt 0.147412 0.813167
vt 0.135480 0.811356
vt 0.120067 0.805872
vt 0.116276 0.818834
vt 0.170724 0.827058
vt 0.172128 0.810670
vt 0.182228 0.838922
vt 0.135036 0.922731
vt 0.598267 0.548123
vt 0.601812 0.504050
vt 0.308446 0.730272
vt 0.117961 0.823172
vt 0.114909 0.827648
vt 0.145846 0.832705
vt 0.169706 0.838955
vt 0.135236 0.879110
vt 0.141886 0.890954
vt 0.156330 0.907448
vt 0.411475 0.433987
vt 0.265488 0.162139
vt 0.221768 0.558742
vt 0.220241 0.557500
vt 0.802162 0.691858
vt 0.810241 0.842516
vt 0.762630 0.488131
vt 0.613363 0.342197
vt 0.678740 0.346355
vt 0.714184 0.348265
vt 0.735072 0.351360
vt 0.745561 0.407639
vt 0.745723 0.354556
vt 0.910459 0.356162
vt 0.253617 0.308854
vt 0.134553 0.304698
vt 0.006685 0.133597
vt 0.997925 0.113601
vt 0.997839 0.152603
vt 0.876162 0.157789
vt 0.887849 0.148711
vt 0.894562 0.144843
vt 0.915749 0.109943
vt 0.884437 0.132953
vt 0.894499 0.125559
vt 0.889862 0.070754
vt 0.919099 0.145539
vt 0.924980 0.152114
vt 0.936061 0.259372
vt 0.945431 0.358350
vt 0.817765 0.070811
vt 0.941684 0.070713
vt 0.922182 0.124850
vt 0.799750 0.167602
vt 0.802222 0.142721
vt 0.829855 0.176519
vt 0.381810 0.173373
vt 0.386111 0.144326
vt 0.387627 0.071150
vt 0.318025 0.291177
vt 0.206405 0.376908
vt 0.215235 0.294962
vt 0.200445 0.157964
vt 0.203167 0.136118
vt 0.198214 0.071299
vt 0.140794 0.246553
vt 0.258930 0.238947
vt 0.011221 0.252839
vt 0.069186 0.259085
vt 0.997389 0.356746
vt 0.944470 0.289370
vt 0.997549 0.283884
vt 0.611222 0.416876
vt 0.609587 0.437970
vt 0.639500 0.442342
vt 0.649911 0.775645
vt 0.676999 0.763588
vt 0.691940 0.767085
vt 0.658569 0.802265
vt 0.664305 0.810594
vt 0.671720 0.815768
vt 0.678509 0.818466
vt 0.687355 0.816402
vt 0.695368 0.808653
vt 0.700149 0.796938
vt 0.703799 0.773931
vt 0.658568 0.768820
vt 0.667350 0.792813
vt 0.674631 0.799564
vt 0.682449 0.799881
vt 0.687816 0.797938
vt 0.689691 0.790657
vt 0.705460 0.755229
vt 0.539724 0.325997
vt 0.537277 0.185641
vt 0.547648 0.160585
vt 0.550710 0.326182
vt 0.561193 0.071013
vt 0.559483 0.139901
vt 0.600325 0.137557
vt 0.617292 0.152108
vt 0.624574 0.178339
vt 0.583930 0.138498
vt 0.554393 0.156749
vt 0.556299 0.326129
vt 0.595192 0.326995
vt 0.594197 0.165926
vt 0.690246 0.150331
vt 0.702858 0.347118
vt 0.696215 0.249505
vt 0.682140 0.166062
vt 0.686034 0.155259
vt 0.691817 0.256452
vt 0.697082 0.346760
vt 0.682121 0.165706
vt 0.663547 0.141627
vt 0.638038 0.070952
vt 0.708021 0.070897
vt 0.763187 0.070854
vt 0.743569 0.353643
vt 0.752985 0.350784
vt 0.725867 0.240535
vt 0.739614 0.247016
vt 0.736915 0.142908
vt 0.702654 0.125270
vt 0.716505 0.123241
vt 0.760071 0.138032
vt 0.750890 0.304562
vt 0.797442 0.388271
vt 0.788207 0.284572
vt 0.747424 0.236082
vt 0.886473 0.275746
vt 0.896217 0.355900
vt 0.916106 0.249655
vt 0.927113 0.357328
vt 0.869797 0.242483
vt 0.874122 0.280823
vt 0.842298 0.417051
vt 0.831524 0.278917
vt 0.808583 0.395419
vt 0.757373 0.363111
vt 0.975678 0.469174
vt 0.745561 0.407639
vt 0.745561 0.407639
vt 0.745561 0.407639
vt 0.946178 0.546428
vt 0.781488 0.297793
vt 0.750890 0.304562
vt 0.678187 0.398516
vt 0.678187 0.398516
vt 0.678187 0.398516
vt 0.676033 0.346311
vt 0.949303 0.467166
vt 0.901696 0.356358
vt 0.668300 0.396746
vt 0.781488 0.297793
vt 0.781488 0.297793
vt 0.788207 0.284572
vt 0.797442 0.388271
vt 0.748769 0.262656
vt 0.964507 0.360046
vt 0.997389 0.356746
vt 0.678740 0.346355
vt 0.939073 0.357784
vt 0.773361 0.494603
vt 0.668300 0.396746
vt 0.656878 0.394700
vt 0.649354 0.503913
vt 0.652556 0.549809
vt 0.652556 0.549809
vt 0.652556 0.549809
vt 0.645493 0.591499
vt 0.949303 0.467166
vt 0.778479 0.559945
vt 0.939073 0.357784
vt 0.780492 0.275323
vt 0.780492 0.275323
vt 0.780492 0.275323
vt 0.747424 0.236082
vt 0.743108 0.150824
vt 0.743108 0.150824
vt 0.743108 0.150824
vt 0.788207 0.284572
vt 0.788207 0.284572
vt 0.801256 0.274534
vt 0.801256 0.274534
vt 0.736915 0.142908
vt 0.739614 0.247016
vt 0.739614 0.247016
vt 0.739614 0.247016
vt 0.743569 0.353643
vt 0.649871 0.591626
vt 0.678478 0.341161
vt 0.678478 0.341161
vt 0.678478 0.341161
vt 0.778479 0.559945
vt 0.598267 0.548123
vt 0.649354 0.503913
vt 0.691822 0.344586
vt 0.762100 0.598550
vt 0.797330 0.511287
vt 0.703156 0.593167
vt 0.755056 0.351648
vt 0.956037 0.494086
vt 0.711640 0.553545
vt 0.708216 0.553329
vt 0.713979 0.543829
vt 0.712688 0.541153
vt 0.594051 0.588481
vt 0.406071 0.405507
vt 0.249203 0.348103
vt 0.261805 0.345979
vt 0.321128 0.746056
vt 0.335126 0.746924
vt 0.348237 0.748982
vt 0.373112 0.773218
vt 0.334008 0.799433
vt 0.333796 0.809390
vt 0.326694 0.776650
vt 0.342095 0.780237
vt 0.308453 0.733571
vt 0.827068 0.905548
vt 0.820630 0.868566
vt 0.847482 0.902922
vt 0.854931 0.863235
vt 0.864719 0.843430
vt 0.864719 0.843430
vt 0.866644 0.873419
vt 0.861781 0.669414
vt 0.827704 0.833573
vt 0.848939 0.832644
vt 0.837381 0.864277
vt 0.524134 0.173522
vt 0.489699 0.323691
vt 0.445933 0.323517
vt 0.493854 0.166903
vt 0.444640 0.161809
vt 0.453500 0.148207
vt 0.482183 0.148777
vt 0.404695 0.071136
vt 0.169746 0.313730
vt 0.161949 0.301805
vt 0.167902 0.279857
vt 0.179691 0.272986
vt 0.195843 0.271876
vt 0.236887 0.310224
vt 0.223020 0.339655
vt 0.167643 0.400584
vt 0.174622 0.291105
vt 0.119276 0.345307
vt 0.143346 0.146514
vt 0.005421 0.100381
vt 0.070065 0.333511
vt 0.089166 0.129912
vt 0.136703 0.267227
vt 0.129784 0.250644
vt 0.116228 0.234445
vt 0.092516 0.224784
vt 0.078985 0.229893
vt 0.072152 0.240376
vt 0.110852 0.338836
vt 0.060605 0.333822
vt 0.304235 0.337400
vt 0.321044 0.148133
vt 0.271744 0.139280
vt 0.432606 0.318996
vt 0.379761 0.586146
vt 0.735713 0.467400
vt 0.694012 0.751287
vt 0.676569 0.750770
vt 0.656244 0.753872
vt 0.648269 0.762967
vt 0.645705 0.770448
vt 0.654271 0.742356
vt 0.691648 0.744027
vt 0.676908 0.743664
vt 0.656513 0.747529
vt 0.703917 0.746208
vt 0.647982 0.754422
vt 0.648252 0.751381
vt 0.481636 0.435493
vt 0.478353 0.547715
vt 0.481423 0.512092
vt 0.481316 0.550391
vt 0.121997 0.843409
vt 0.131872 0.884656
vt 0.170935 0.881207
vt 0.164331 0.870322
vt 0.157848 0.865582
vt 0.144017 0.859606
vt 0.133114 0.856714
vt 0.126256 0.861199
vt 0.119680 0.866959
vt 0.131199 0.835508
vt 0.177086 0.852810
vt 0.179889 0.859810
vt 0.146912 0.882965
vt 0.131613 0.910298
vt 0.140603 0.909839
vt 0.149931 0.918012
vt 0.152717 0.889243
vt 0.310005 0.732023
vt 0.170430 0.822670
vt 0.120047 0.815686
vt 0.182038 0.833396
vt 0.136195 0.554209
vt 0.091649 0.581230
vt 0.089607 0.577146
vt 0.134127 0.544912
vt 0.139935 0.548593
vt 0.146882 0.544771
vt 0.253458 0.400634
vt 0.267431 0.457736
vt 0.253854 0.372764
vt 0.267061 0.456221
vt 0.057386 0.525293
vt 0.083323 0.579246
vt 0.307872 0.781476
vt 0.316653 0.799536
vt 0.326339 0.810458
vt 0.365235 0.794010
vt 0.354440 0.809206
vt 0.374996 0.765424
vt 0.379518 0.591189
vt 0.371399 0.585952
vt 0.643324 0.598494
vt 0.647080 0.591545
vt 0.688507 0.366667
vt 0.736132 0.366667
vt 0.735630 0.393208
vt 0.688792 0.393208
vt 0.530942 0.345377
vt 0.562711 0.345377
vt 0.561994 0.377499
vt 0.532479 0.374916
vt 0.081007 0.570136
vt 0.067048 0.528524
vt 0.238627 0.419353
vt 0.249760 0.456988
vt 0.511262 0.401211
vt 0.530280 0.401211
vt 0.531128 0.413021
vt 0.521091 0.407054
vt 0.514724 0.401211
vt 0.524161 0.401211
vt 0.519821 0.421077
vt 0.511262 0.420427
vt 0.512056 0.400621
vt 0.532466 0.400621
vt 0.532798 0.415507
vt 0.523199 0.408618
vt 0.512056 0.400621
vt 0.530273 0.400621
vt 0.530119 0.421363
vt 0.521224 0.411149
vt 0.440228 0.437895
vt 0.440347 0.378354
vt 0.556224 0.377676
vt 0.562769 0.438099
vt 0.556893 0.348831
vt 0.590283 0.351809
vt 0.589987 0.394265
vt 0.557740 0.391543
vt 0.512056 0.400621
vt 0.522024 0.400621
vt 0.520057 0.421363
vt 0.517350 0.414346
vt 0.512056 0.400621
vt 0.520157 0.400621
vt 0.518899 0.421363
vt 0.517101 0.415913
vt 0.521180 0.400621
vt 0.532373 0.400621
vt 0.532798 0.402862
vt 0.512056 0.406565
vt 0.051095 0.475011
vt 0.094263 0.445442
vt 0.100018 0.440396
vt 0.860847 0.557380
vt 0.863154 0.558700
vt 0.910609 0.591703
vt 0.039540 0.134541
vt 0.044520 0.114169
vt 0.062802 0.099958
vt 0.111958 0.094544
vt 0.156090 0.104041
vt 0.200426 0.100246
vt 0.268855 0.098308
vt 0.336022 0.099420
vt 0.386880 0.107204
vt 0.421356 0.111798
vt 0.445492 0.109134
vt 0.490990 0.113999
vt 0.501782 0.117905
vt 0.541729 0.117893
vt 0.560214 0.110471
vt 0.589618 0.113176
vt 0.599895 0.114288
vt 0.652827 0.111926
vt 0.679071 0.109470
vt 0.704641 0.105146
vt 0.713596 0.105290
vt 0.740945 0.108082
vt 0.751384 0.107810
vt 0.780932 0.113726
vt 0.807842 0.116719
vt 0.846120 0.121081
vt 0.892636 0.103546
vt 0.914246 0.093976
vt 0.925332 0.095447
vt 0.949626 0.105243
vt 0.538654 0.264621
vt 0.501546 0.256122
vt 0.324571 0.202519
vt 0.333545 0.207249
vt 0.373649 0.224982
vt 0.435527 0.229297
vt 0.407576 0.322118
vt 0.259875 0.397243
vt 0.259875 0.397243
vt 0.052466 0.478024
vt 0.131908 0.422412
vt 0.132910 0.396737
vt 0.262532 0.336070
vt 0.797330 0.511287
vt 0.881755 0.445062
vt 0.964507 0.360046
vt 0.975678 0.469174
vt 0.939073 0.357784
vt 0.358354 0.496137
vt 0.330362 0.336958
vt 0.334215 0.336407
vt 0.332765 0.350674
vt 0.334215 0.336407
vt 0.330362 0.336958
vt 0.358354 0.496137
vt 0.411475 0.433987
vt 0.501233 0.435352
vt 0.501233 0.435352
vt 0.547866 0.437688
vt 0.603731 0.326914
vt 0.676033 0.346311
vt 0.668300 0.396746
vt 0.793512 0.691469
vt 0.802750 0.850310
vt 0.613076 0.328078
vt 0.613882 0.374513
vt 0.658827 0.450329
vt 0.649354 0.503913
vt 0.439163 0.323586
vt 0.262532 0.336070
vt 0.613882 0.374513
vt 0.691929 0.346569
vt 0.951790 0.358915
vt 0.330362 0.336958
vt 0.942212 0.268065
vt 0.609587 0.437970
vt 0.545656 0.326230
vt 0.545656 0.326230
vt 0.603731 0.326914
vt 0.786301 0.381123
vt 0.849084 0.421405
vt 0.802750 0.850310
vt 0.501431 0.324190
vt 0.161086 0.404590
vt 0.249203 0.348103
vt 0.220767 0.368135
vt 0.124430 0.366388
vt 0.314588 0.337730
vt 0.687419 0.263398
vt 0.249203 0.348103
vt 0.258506 0.397424
vt 0.272427 0.454387
vt 0.258506 0.397424
vt 0.249203 0.348103
vt 0.049950 0.336125
vt 0.132910 0.396737
vt 0.539724 0.325997
vt 0.501431 0.324190
vt 0.520804 0.339028
vt 0.522934 0.339028
vt 0.524682 0.365221
vt 0.522446 0.350122
vt 0.523152 0.339028
vt 0.534024 0.339028
vt 0.526925 0.365221
vt 0.520804 0.357549
vt 0.520804 0.339028
vt 0.526242 0.339028
vt 0.529935 0.363716
vt 0.525862 0.365221
vt 0.592918 0.418037
vt 0.567978 0.418037
vt 0.594018 0.404652
vt 0.571207 0.416377
vt 0.594018 0.418037
vt 0.588177 0.418037
vt 0.582883 0.391996
vt 0.585002 0.396951
vt 0.594018 0.418037
vt 0.580540 0.418037
vt 0.582509 0.392669
vt 0.593712 0.391996
vt 0.911119 0.590688
vt 0.466824 0.343738
vt 0.477544 0.343738
vt 0.463989 0.363970
vt 0.470606 0.354094
vt 0.468415 0.343738
vt 0.470914 0.343738
vt 0.463989 0.363970
vt 0.466095 0.357816
vt 0.954557 0.506514
vt 0.927022 0.475483
vt 0.859393 0.669190
vt 0.857304 0.648787
vt 0.003979 0.000000
vt 1.000000 0.000000
vt 0.000000 0.140697
vt 0.645578 0.049866
vt 0.775652 0.399798
vt 0.787624 0.399798
vt 0.786750 0.420540
vt 0.781613 0.410938
vt 0.853003 0.628967
vt 0.861077 0.836589
vt 0.659996 0.652910
vt 0.681242 0.652910
vt 0.682539 0.682472
vt 0.675429 0.673149
vt 0.659996 0.652910
vt 0.689558 0.652910
vt 0.662623 0.675211
vt 0.661753 0.667830
vt 0.678446 0.452005
vt 0.716993 0.452005
vt 0.716993 0.490552
vt 0.678446 0.490552
vt 0.766712 0.453326
vt 0.787455 0.453326
vt 0.787455 0.474069
vt 0.766712 0.474069
vt 0.766712 0.453326
vt 0.786158 0.453326
vt 0.787455 0.471993
vt 0.766712 0.453326
vt 0.774286 0.453326
vt 0.787455 0.471618
vt 0.768635 0.473764
vt 0.766712 0.453326
vt 0.787455 0.453326
vt 0.787455 0.474069
vt 0.766712 0.474069
vt 0.766712 0.453326
vt 0.768890 0.453326
vt 0.770927 0.474069
vt 0.766760 0.473987
vt 0.766712 0.453326
vt 0.768391 0.453326
vt 0.767609 0.474069
vt 0.767922 0.465772
vt 0.766712 0.453326
vt 0.781147 0.453326
vt 0.787455 0.465015
vt 0.777282 0.459283
vt 0.809151 0.473878
vt 0.829894 0.473878
vt 0.829894 0.494620
vt 0.809151 0.494620
vt 0.809151 0.473878
vt 0.829894 0.473878
vt 0.829894 0.494620
vt 0.809151 0.494620
vt 0.862767 0.517100
vt 0.886762 0.517100
vt 0.889544 0.543922
vt 0.866355 0.544163
vt 0.432255 0.450840
vt 0.465327 0.450840
vt 0.466500 0.519864
vt 0.433228 0.524996
vt 0.669813 0.507400
vt 0.699704 0.507400
vt 0.663887 0.545947
vt 0.675057 0.533927
vt 0.663887 0.507400
vt 0.702434 0.507400
vt 0.692180 0.539911
vt 0.677833 0.523425
vt 0.784816 0.502577
vt 0.888237 0.531322
vt 0.864982 0.533806
vt 0.460590 0.373980
vt 0.462912 0.323816
vt 0.570224 0.458576
vt 0.571739 0.458576
vt 0.578472 0.476856
vt 0.577330 0.473755
vt 0.570224 0.458576
vt 0.573185 0.458576
vt 0.573600 0.476856
vt 0.572974 0.473465
vt 0.570377 0.458576
vt 0.584676 0.458576
vt 0.588505 0.475314
vt 0.570224 0.474103
vt 0.568656 0.493904
vt 0.585300 0.493904
vt 0.584152 0.503675
vt 0.570141 0.503295
vt 0.569451 0.493904
vt 0.585300 0.493904
vt 0.584525 0.503437
vt 0.568656 0.503482
vt 0.474722 0.355302
vt 0.488934 0.355302
vt 0.488853 0.358820
vt 0.474833 0.358340
vt 0.477357 0.355302
vt 0.488934 0.355302
vt 0.486053 0.363988
vt 0.474722 0.362970
vt 0.476729 0.355302
vt 0.488934 0.355302
vt 0.488888 0.363499
vt 0.474722 0.363515
vt 0.474753 0.355302
vt 0.488934 0.355302
vt 0.488511 0.359631
vt 0.474722 0.359007
vt 0.474866 0.355302
vt 0.488934 0.355302
vt 0.488722 0.359221
vt 0.474722 0.358925
vt 0.475122 0.355302
vt 0.488934 0.355302
vt 0.488668 0.358843
vt 0.474722 0.358874
vt 0.474840 0.355302
vt 0.488934 0.355302
vt 0.488934 0.359377
vt 0.474722 0.359800
vt 0.474722 0.355302
vt 0.488613 0.355302
vt 0.488934 0.363249
vt 0.475564 0.363129
vt 0.474722 0.355302
vt 0.488934 0.355302
vt 0.488761 0.361711
vt 0.475040 0.361500
vt 0.481469 0.398820
vt 0.494086 0.398820
vt 0.494086 0.411438
vt 0.481469 0.411438
vt 0.484493 0.398820
vt 0.494086 0.398820
vt 0.492834 0.403255
vt 0.481469 0.402925
vt 0.481469 0.398820
vt 0.488082 0.398820
vt 0.487864 0.411438
vt 0.483236 0.410736
vt 0.481469 0.398820
vt 0.494086 0.398820
vt 0.494086 0.411438
vt 0.481469 0.411438
vt 0.481469 0.398820
vt 0.494086 0.398820
vt 0.488570 0.402272
vt 0.481688 0.402045
vt 0.436566 0.477735
vt 0.457308 0.477735
vt 0.457308 0.498478
vt 0.436566 0.498478
vt 0.435725 0.475360
vt 0.456468 0.475360
vt 0.456468 0.496103
vt 0.435725 0.496103
vt 0.438896 0.480909
vt 0.459639 0.480909
vt 0.459639 0.501652
vt 0.438896 0.501652
vt 0.202291 0.574153
vt 0.205421 0.533352
vt 0.681660 0.825936
vt 0.676511 0.826376
vt 0.799015 0.859554
vt 0.800039 0.872007
vt 0.868570 0.856192
vt 0.867469 0.848060
vt 0.184689 0.845156
vn -0.529771 0.820454 0.214938
vn -0.529771 0.820454 0.214938
vn -0.529771 0.820454 0.214938
vn 0.999995 -0.002793 -0.001146
vn 0.999999 -0.000980 -0.001465
vn 0.999999 -0.000980 -0.001465
vn 0.999998 0.000833 -0.001783
vn 0.000000 -0.000001 1.000000
vn -0.000000 -0.000000 1.000000
vn -0.000000 -0.000000 1.000000
vn -0.000001 0.000001 1.000000
vn -0.000000 0.000001 1.000000
vn -0.000000 0.000000 1.000000
vn -0.000000 0.000000 1.000000
vn 0.000000 0.000000 1.000000
vn -0.000000 0.000000 1.000000
vn 0.000000 -0.000000 1.000000
vn 0.000000 -0.000000 1.000000
vn 0.000000 -0.000001 1.000000
vn -0.000001 0.000001 1.000000
vn -0.000001 0.000001 1.000000
vn -0.000001 0.000001 1.000000
vn -0.000001 0.000001 1.000000
vn 0.283124 0.959083 0.000179
vn 0.072429 0.995809 0.055846
vn 0.072429 0.995809 0.055846
vn -0.141802 0.983899 0.108786
vn 0.000014 1.000000 -0.000064
vn 0.000021 1.000000 -0.000058
vn 0.000021 1.000000 -0.000058
vn 0.000028 1.000000 -0.000053
vn 0.000063 1.000000 -0.000058
vn 0.000057 1.000000 -0.000055
vn 0.000057 1.000000 -0.000055
vn 0.000050 1.000000 -0.000052
vn 0.012757 -0.000056 0.999919
vn 0.006403 0.014882 0.999869
vn 0.006403 0.014882 0.999869
vn 0.000046 0.029815 0.999555
vn -0.150227 0.972446 0.178273
vn -0.150227 0.972446 0.178273
vn -0.150227 0.972446 0.178273
vn 0.188689 0.976983 0.099500
vn 0.180923 0.982518 0.043884
vn 0.163399 0.986414 -0.016971
vn 0.126433 0.982290 -0.138281
vn 0.149847 0.985842 -0.075247
vn 0.039170 -0.033679 0.998665
vn -0.029759 -0.028467 0.999152
vn -0.029759 -0.028467 0.999152
vn -0.098546 -0.023118 0.994864
vn -0.122076 0.991979 0.032778
vn -0.122076 0.991979 0.032778
vn -0.122076 0.991979 0.032778
vn 0.739209 -0.016932 0.673264
vn 0.654286 -0.016782 0.756061
vn 0.654286 -0.016782 0.756061
vn 0.560160 -0.016396 0.828222
vn -0.070397 0.995018 -0.070601
vn -0.044499 0.998595 0.028785
vn -0.044499 0.998595 0.028785
vn -0.018132 0.991626 0.127867
vn -0.289504 0.867068 -0.405438
vn -0.271559 0.868048 -0.415631
vn -0.271559 0.868048 -0.415631
vn -0.253498 0.868657 -0.425645
vn -0.997006 -0.031158 0.070772
vn -0.995494 -0.037494 0.087092
vn -0.995494 -0.037494 0.087092
vn -0.993676 -0.043819 0.103386
vn 0.000016 1.000000 -0.000039
vn 0.000005 1.000000 -0.000043
vn 0.000005 1.000000 -0.000043
vn -0.000006 1.000000 -0.000047
vn 0.999999 -0.001598 -0.000021
vn 0.999999 -0.001598 -0.000021
vn 0.999999 -0.001598 -0.000021
vn -0.937642 0.273294 0.214796
vn -0.652317 0.232966 0.721255
vn -0.652317 0.232966 0.721255
vn -0.145506 0.113537 0.982821
vn -0.000000 -0.000000 1.000000
vn -0.000000 0.000000 1.000000
vn -0.000000 0.000000 1.000000
vn -0.000001 0.000000 1.000000
vn -0.000017 1.000000 -0.000055
vn -0.000010 1.000000 -0.000051
vn -0.000010 1.000000 -0.000051
vn -0.000002 1.000000 -0.000047
vn 0.000017 1.000000 -0.000077
vn 0.000018 1.000000 -0.000077
vn 0.000016 1.000000 -0.000077
vn 0.000016 1.000000 -0.000074
vn 0.000017 1.000000 -0.000073
vn 0.000012 1.000000 -0.000069
vn 0.000168 1.000000 -0.000071
vn 0.000092 1.000000 -0.000090
vn 0.000092 1.000000 -0.000090
vn 0.000017 1.000000 -0.000110
vn 0.000002 -0.000008 1.000000
vn -0.000001 -0.000002 1.000000
vn -0.000001 -0.000002 1.000000
vn -0.000005 0.000004 1.000000
vn -0.303327 0.952815 0.011692
vn -0.270075 0.961118 0.057551
vn -0.313597 0.949022 0.031858
vn -0.318698 0.946926 0.041990
vn -0.397962 0.917190 -0.019701
vn 0.000352 0.999928 0.011989
vn 0.000962 0.999950 0.009959
vn 0.000962 0.999950 0.009959
vn 0.001571 0.999967 0.007930
vn 0.518750 0.849673 0.094627
vn 0.518750 0.849673 0.094627
vn 0.518750 0.849673 0.094627
vn 0.543182 0.000957 0.839614
vn 0.670132 0.029500 0.741655
vn 0.670132 0.029500 0.741655
vn 0.779306 0.057260 0.624022
vn 0.952877 0.263696 -0.149965
vn 0.990069 0.135555 -0.037261
vn 0.990069 0.135555 -0.037261
vn 0.997058 0.003278 0.076578
vn -0.735829 -0.070082 0.673531
vn -0.887953 -0.066408 0.455115
vn -0.887953 -0.066408 0.455115
vn -0.977156 -0.058027 0.204450
vn -0.740008 -0.022161 0.672233
vn -0.792833 -0.018560 0.609156
vn -0.792833 -0.018560 0.609156
vn -0.840282 -0.014834 0.541947
vn -0.012278 0.997934 -0.063071
vn -0.001618 0.997167 -0.075202
vn 0.000250 0.997618 -0.068976
vn 0.004209 0.996631 -0.081913
vn -0.000075 0.996344 -0.085433
vn 0.005204 0.996518 -0.083219
vn 0.058610 -0.003321 0.998275
vn 0.277690 -0.007782 0.960639
vn 0.277690 -0.007782 0.960639
vn 0.483043 -0.011858 0.875516
vn 0.032960 0.997967 0.054556
vn 0.034699 0.997983 0.053166
vn 0.034699 0.997983 0.053166
vn 0.036438 0.997994 0.051775
vn 0.059679 0.997942 -0.023461
vn 0.059679 0.997942 -0.023461
vn 0.059679 0.997942 -0.023461
vn -0.057106 0.996764 -0.056569
vn -0.045318 0.997780 -0.048806
vn -0.045318 0.997780 -0.048806
vn -0.033521 0.998595 -0.041032
vn -0.000351 0.999967 -0.008095
vn -0.004059 0.999910 -0.012752
vn -0.004059 0.999910 -0.012752
vn -0.007767 0.999818 -0.017408
vn -0.003338 0.999979 -0.005548
vn -0.002861 0.999982 -0.005340
vn -0.002861 0.999982 -0.005340
vn -0.002385 0.999984 -0.005132
vn 0.000160 1.000000 -0.000675
vn 0.000197 0.999999 -0.001341
vn 0.000197 0.999999 -0.001341
vn 0.000235 0.999998 -0.002006
vn 0.239434 0.969174 0.058077
vn 0.556002 0.273490 0.784898
vn 0.556002 0.273490 0.784898
vn 0.254040 -0.726441 0.638551
vn -0.983155 -0.005096 0.182705
vn -0.983878 -0.005296 0.178761
vn -0.983878 -0.005296 0.178761
vn -0.984586 -0.005496 0.174814
vn 0.000020 1.000000 -0.000064
vn 0.000035 1.000000 -0.000064
vn 0.000030 1.000000 -0.000059
vn 0.000047 1.000000 -0.000049
vn 0.000034 1.000000 -0.000049
vn 0.000039 1.000000 -0.000054
vn 0.018894 0.999766 0.010570
vn 0.025037 0.999616 -0.011892
vn 0.025037 0.999616 -0.011892
vn 0.031165 0.998924 -0.034348
vn 0.108927 0.717052 0.688456
vn 0.108927 0.717052 0.688456
vn 0.108927 0.717052 0.688456
vn -0.118201 0.992986 -0.002861
vn -0.118201 0.992986 -0.002861
vn -0.118201 0.992986 -0.002861
vn 0.086274 -0.097671 0.991472
vn 0.086274 -0.097671 0.991472
vn 0.086274 -0.097671 0.991472
vn 0.000038 1.000000 -0.000012
vn 0.000012 1.000000 -0.000004
vn 0.000018 1.000000 -0.000006
vn 0.000000 1.000000 0.000000
vn -0.000000 1.000000 0.000000
vn 0.123377 -0.039416 0.991577
vn 0.162097 -0.017758 0.986615
vn 0.162097 -0.017758 0.986615
vn 0.200494 0.003935 0.979687
vn -0.998467 0.054675 0.008661
vn -0.998730 0.049768 0.007857
vn -0.998730 0.049768 0.007857
vn -0.998968 0.044860 0.007052
vn -0.990612 0.134354 0.025244
vn -0.991199 0.130556 0.021881
vn -0.992116 0.124827 0.011138
vn -0.991484 0.128656 0.020198
vn -0.988923 0.141956 0.043354
vn -0.999177 0.040415 -0.003423
vn -0.999738 0.008603 0.021231
vn -0.999738 0.008603 0.021231
vn -0.998678 -0.023223 0.045850
vn 0.011088 0.072682 0.997294
vn 0.026408 0.067402 0.997376
vn 0.026408 0.067402 0.997376
vn 0.041720 0.062105 0.997197
vn 0.262364 0.931705 -0.251181
vn 0.337844 0.893783 -0.294981
vn 0.337844 0.893783 -0.294981
vn 0.410266 0.847768 -0.336111
vn -0.009003 0.080528 0.996712
vn 0.007622 0.076837 0.997015
vn 0.007622 0.076837 0.997015
vn 0.024244 0.073124 0.997028
vn -0.855339 -0.036695 0.516768
vn -0.763898 -0.073683 0.641117
vn -0.763898 -0.073683 0.641117
vn -0.653213 -0.108815 0.749314
vn 0.276938 0.932216 -0.232979
vn 0.287151 0.942654 0.170139
vn 0.216829 0.960744 0.173077
vn 0.084637 0.980729 0.176087
vn 0.171922 0.912965 0.370050
vn 0.497805 -0.044565 0.866144
vn 0.627015 -0.018505 0.778788
vn 0.627015 -0.018505 0.778788
vn 0.740546 0.008018 0.671958
vn 0.435189 0.852936 0.288290
vn 0.360073 0.870798 0.334751
vn 0.360073 0.870798 0.334751
vn 0.282034 0.881589 0.378493
vn 0.997387 0.031989 0.064777
vn 0.994916 0.038865 0.092902
vn 0.994916 0.038865 0.092902
vn 0.991606 0.045709 0.120948
vn 0.038744 0.422787 0.905400
vn 0.038744 0.422787 0.905400
vn 0.038744 0.422787 0.905400
vn 0.998084 0.057889 0.021858
vn 0.996928 0.076244 0.017958
vn 0.996928 0.076244 0.017958
vn 0.995419 0.094572 0.014052
vn 0.015487 -0.051036 0.998577
vn 0.015487 -0.051036 0.998577
vn 0.015487 -0.051036 0.998577
vn -0.799652 0.391852 0.454982
vn -0.799652 0.391852 0.454982
vn -0.799652 0.391852 0.454982
vn 0.022770 -0.196925 0.980154
vn 0.022770 -0.196925 0.980154
vn 0.022770 -0.196925 0.980154
vn 0.164296 0.975821 0.144152
vn 0.086022 0.983694 0.157946
vn 0.086022 0.983694 0.157946
vn 0.007199 0.985291 0.170732
vn -0.072488 0.997356 -0.005150
vn 0.862469 0.505763 0.018770
vn 0.652631 0.757675 0.001148
vn 0.997738 0.053871 0.040208
vn 0.997610 0.064975 0.023497
vn 0.577081 0.581465 -0.573477
vn 0.571801 0.576292 -0.583893
vn 0.571801 0.576292 -0.583893
vn 0.566427 0.571026 -0.594214
vn 0.994773 0.073198 0.071199
vn 0.996054 0.068408 0.056533
vn 0.996054 0.068408 0.056533
vn 0.997097 0.063602 0.041853
vn 0.996832 0.060979 0.051061
vn 0.996832 0.060979 0.051061
vn 0.996832 0.060979 0.051061
vn -0.007365 0.933100 -0.359542
vn 0.012033 0.941873 -0.335755
vn 0.012033 0.941873 -0.335755
vn 0.031418 0.949685 -0.311626
vn -0.117097 -0.258545 0.958876
vn -0.124068 -0.253428 0.959365
vn -0.124068 -0.253428 0.959365
vn -0.131030 -0.248293 0.959782
vn 0.008456 -0.020624 0.999752
vn -0.063474 -0.012997 0.997899
vn -0.063474 -0.012997 0.997899
vn -0.135071 -0.005302 0.990822
vn 0.997030 0.070837 0.030233
vn 0.997030 0.070837 0.030233
vn 0.997030 0.070837 0.030233
vn 0.997394 0.017323 0.070040
vn 0.997394 0.017323 0.070040
vn 0.997394 0.017323 0.070040
vn 0.291993 0.829521 0.476062
vn 0.361414 0.909833 0.203922
vn 0.254120 0.931301 0.260963
vn 0.553940 0.828286 0.084218
vn 0.384994 0.921058 0.058572
vn 0.250194 -0.065787 0.965958
vn 0.044916 -0.064631 0.996898
vn 0.044916 -0.064631 0.996898
vn -0.162298 -0.060690 0.984874
vn 0.997354 0.047255 0.055251
vn 0.998526 0.041949 0.034445
vn 0.998526 0.041949 0.034445
vn 0.999236 0.036623 0.013623
vn 0.072966 0.982352 -0.172222
vn 0.139487 0.936679 -0.321209
vn 0.143124 0.950113 -0.277131
vn 0.177673 0.927682 -0.328387
vn 0.149396 0.970642 -0.188507
vn 0.222728 0.971875 -0.076492
vn -0.000681 0.987163 -0.159717
vn -0.000681 0.987163 -0.159717
vn -0.224051 0.946111 -0.233827
vn -0.000012 1.000000 -0.000039
vn 0.000013 1.000000 -0.000050
vn 0.000013 1.000000 -0.000050
vn 0.000037 1.000000 -0.000061
vn 0.027480 0.928548 -0.370193
vn 0.362265 0.897515 -0.251459
vn 0.362265 0.897515 -0.251459
vn 0.650991 0.752369 -0.100753
vn -0.000046 -0.000234 1.000000
vn -0.000020 -0.000172 1.000000
vn -0.000020 -0.000172 1.000000
vn 0.000007 -0.000111 1.000000
vn -0.006155 0.970951 -0.239199
vn -0.239023 0.965479 -0.103528
vn -0.239023 0.965479 -0.103528
vn -0.454521 0.889852 0.039666
vn -0.332358 0.031315 0.942634
vn -0.194966 0.006495 0.980789
vn -0.194966 0.006495 0.980789
vn -0.053490 -0.018461 0.998398
vn -0.814497 -0.392991 0.426794
vn -0.814497 -0.392991 0.426794
vn -0.814497 -0.392991 0.426794
vn -0.454367 0.464061 0.760393
vn -0.495763 0.748370 0.440639
vn -0.375820 0.842997 0.384858
vn -0.670154 0.540416 0.508767
vn -0.479467 0.847708 0.226942
vn -0.978748 -0.187136 0.083865
vn -0.977668 -0.006775 0.210045
vn -0.969815 -0.038808 0.240736
vn -0.960133 0.165371 0.225380
vn -0.974127 0.054978 0.219214
vn -0.999723 -0.019887 0.012605
vn -0.985524 0.025578 0.167596
vn -0.895186 -0.002831 0.445684
vn -0.879949 0.000746 0.475068
vn -0.879949 0.000746 0.475068
vn -0.863737 0.004321 0.503924
vn -0.998210 -0.053496 0.026731
vn -0.998210 -0.053496 0.026731
vn -0.998210 -0.053496 0.026731
vn -0.999999 0.000494 -0.001278
vn -0.999998 0.001913 -0.000886
vn -0.999998 0.001913 -0.000886
vn -0.999994 0.003332 -0.000495
vn 0.428093 -0.030174 0.903231
vn 0.428093 -0.030174 0.903231
vn 0.428093 -0.030174 0.903231
vn -0.000049 1.000000 0.000000
vn -0.000029 1.000000 -0.000005
vn -0.000020 1.000000 -0.000007
vn 0.000002 1.000000 -0.000011
vn 0.000016 1.000000 -0.000012
vn 0.000008 1.000000 -0.000012
vn -0.997286 0.014184 0.072247
vn -0.998958 0.008357 0.044864
vn -0.998958 0.008357 0.044864
vn -0.999845 0.002523 0.017446
vn 0.034269 0.008606 0.999376
vn 0.018334 0.007933 0.999801
vn 0.011713 0.011203 0.999869
vn 0.031569 0.001392 0.999501
vn 0.010362 0.007595 0.999918
vn -0.926364 0.294143 0.235224
vn -0.926364 0.294143 0.235224
vn -0.926364 0.294143 0.235224
vn -0.614565 0.316262 0.722695
vn -0.614565 0.316262 0.722695
vn -0.614565 0.316262 0.722695
vn 0.022491 0.126692 0.991687
vn -0.089224 0.168300 0.981689
vn -0.089224 0.168300 0.981689
vn -0.199663 0.207500 0.957642
vn 0.818308 0.419146 0.393305
vn 0.818669 0.373331 0.436353
vn 0.818669 0.373331 0.436353
vn 0.815795 0.326041 0.477678
vn -0.411595 0.643127 0.645737
vn -0.411595 0.643127 0.645737
vn -0.411595 0.643127 0.645737
vn -0.686930 0.183576 0.703155
vn -0.720593 0.308786 0.620803
vn -0.720593 0.308786 0.620803
vn -0.737256 0.426711 0.523805
vn 0.074616 0.404184 0.911629
vn 0.074616 0.404184 0.911629
vn 0.074616 0.404184 0.911629
vn 0.990099 0.053677 -0.129706
vn 0.991592 0.050284 -0.119237
vn 0.991592 0.050284 -0.119237
vn 0.992963 0.046885 -0.108753
vn -0.623008 0.367547 0.690485
vn -0.627738 0.383069 0.677646
vn -0.627738 0.383069 0.677646
vn -0.632199 0.398426 0.664516
vn 0.641533 0.426529 0.637581
vn 0.609891 0.352059 0.709991
vn 0.609891 0.352059 0.709991
vn 0.571059 0.273439 0.774030
vn -0.998910 -0.041379 -0.021606
vn -0.998870 -0.042763 -0.020726
vn -0.998607 -0.044135 -0.028931
vn -0.998849 -0.043455 -0.020286
vn -0.999190 -0.040009 -0.004314
vn -0.002401 0.999997 -0.000128
vn 0.024025 0.999711 -0.001335
vn 0.024025 0.999711 -0.001335
vn 0.050435 0.998724 -0.002540
vn 0.133650 0.000003 0.991029
vn 0.040549 -0.010746 0.999120
vn 0.040549 -0.010746 0.999120
vn -0.052911 -0.021400 0.998370
vn 0.317703 0.824771 -0.467779
vn -0.030997 0.963843 -0.264664
vn -0.030997 0.963843 -0.264664
vn -0.374050 0.927313 -0.013330
vn -0.291042 -0.039124 0.955910
vn -0.410571 -0.031678 0.911278
vn -0.410571 -0.031678 0.911278
vn -0.523394 -0.023714 0.851761
vn 0.021632 0.978326 0.205939
vn -0.008665 0.974887 0.222529
vn -0.026980 0.970178 0.240888
vn -0.063533 0.958744 0.277081
vn -0.051256 0.964774 0.258037
vn -0.057784 0.998275 -0.010403
vn -0.057784 0.998275 -0.010403
vn -0.057784 0.998275 -0.010403
vn -0.208477 0.149850 0.966479
vn -0.231423 0.184289 0.955239
vn -0.231423 0.184289 0.955239
vn -0.253944 0.218389 0.942241
vn -0.816670 0.533838 0.219241
vn -0.845529 0.467798 0.257382
vn -0.845529 0.467798 0.257382
vn -0.868767 0.398647 0.293812
vn 0.824807 0.388391 0.410908
vn 0.791972 0.418311 0.444743
vn 0.791972 0.418311 0.444743
vn 0.756667 0.446928 0.477191
vn -0.956902 0.290406 0.001625
vn -0.927769 0.368210 0.060538
vn -0.927769 0.368210 0.060538
vn -0.889013 0.442196 0.118823
vn 0.322053 0.941478 -0.099501
vn -0.315882 0.722320 -0.615201
vn -0.315882 0.722320 -0.615201
vn -0.726086 -0.017585 -0.687379
vn 0.438004 0.009509 0.898923
vn 0.302832 0.014965 0.952926
vn 0.302832 0.014965 0.952926
vn 0.161236 0.020104 0.986711
vn -0.061285 -0.026255 0.997775
vn 0.089914 -0.008922 0.995910
vn 0.089914 -0.008922 0.995910
vn 0.239031 0.008618 0.970974
vn 0.115811 0.028370 0.992866
vn 0.132794 0.030382 0.990678
vn 0.132794 0.030382 0.990678
vn 0.149739 0.032385 0.988195
vn -0.943912 -0.030850 0.328753
vn -0.397638 -0.010007 0.917488
vn -0.584527 -0.018864 0.811155
vn -0.032382 0.002733 0.999472
vn -0.051218 0.005514 0.998672
vn 0.780010 0.000118 0.625767
vn 0.761483 -0.005305 0.648163
vn 0.761483 -0.005305 0.648163
vn 0.742291 -0.010724 0.669992
vn 0.147519 -0.034748 0.988449
vn 0.124401 -0.033764 0.991657
vn 0.124401 -0.033764 0.991657
vn 0.101215 -0.032762 0.994325
vn 0.199286 -0.029224 0.979506
vn 0.390423 -0.032372 0.920066
vn 0.390423 -0.032372 0.920066
vn 0.565913 -0.034224 0.823754
vn -0.925049 -0.022279 0.379194
vn -0.920630 -0.021804 0.389827
vn -0.920630 -0.021804 0.389827
vn -0.916088 -0.021326 0.400409
vn 0.614552 0.024767 0.788488
vn 0.644443 0.023449 0.764293
vn 0.644443 0.023449 0.764293
vn 0.673380 0.022096 0.738967
vn -0.300972 -0.065847 0.951357
vn -0.460302 -0.061045 0.885661
vn -0.460302 -0.061045 0.885661
vn -0.605950 -0.054429 0.793638
vn 0.785959 0.012232 0.618158
vn 0.813635 0.020906 0.581000
vn 0.813635 0.020906 0.581000
vn 0.839504 0.029534 0.542550
vn 0.126998 -0.017814 0.991743
vn -0.015891 -0.001091 0.999873
vn -0.015891 -0.001091 0.999873
vn -0.158451 0.015654 0.987243
vn -0.028049 0.014755 0.999498
vn -0.111123 0.017718 0.993649
vn -0.111123 0.017718 0.993649
vn -0.193425 0.020559 0.980900
vn -0.928768 0.343265 0.139852
vn -0.898685 0.399758 0.180439
vn -0.898685 0.399758 0.180439
vn -0.863441 0.453954 0.219991
vn -0.724440 0.571822 0.384975
vn -0.749176 0.528558 0.399201
vn -0.749176 0.528558 0.399201
vn -0.771900 0.483874 0.412354
vn 0.659312 0.425955 0.619573
vn 0.654921 0.556064 0.511734
vn 0.654921 0.556064 0.511734
vn 0.631815 0.670282 0.389271
vn 0.798425 0.359819 0.482751
vn 0.789182 0.368995 0.490952
vn 0.789182 0.368995 0.490952
vn 0.779752 0.378084 0.499038
vn -0.315765 0.539697 0.780397
vn -0.397503 0.583428 0.708239
vn -0.397503 0.583428 0.708239
vn -0.473755 0.619108 0.626308
vn 0.778976 0.414959 0.470113
vn 0.778973 0.414948 0.470126
vn 0.778973 0.414948 0.470126
vn 0.778971 0.414937 0.470140
vn -0.406094 0.700360 0.587012
vn -0.406094 0.700360 0.587012
vn -0.406094 0.700360 0.587012
vn 0.697401 0.580830 0.419843
vn 0.569357 0.512655 0.642665
vn 0.569357 0.512655 0.642665
vn 0.401064 0.408238 0.820055
vn -0.191568 0.725745 0.660754
vn -0.191568 0.725745 0.660754
vn -0.191568 0.725745 0.660754
vn 0.215131 0.695289 0.685778
vn 0.215131 0.695289 0.685778
vn 0.215131 0.695289 0.685778
vn 0.622483 -0.366944 0.691280
vn 0.744204 -0.089868 0.661879
vn 0.744204 -0.089868 0.661879
vn 0.797123 0.195516 0.571286
vn -0.998666 0.030205 0.041876
vn -0.973261 -0.199314 0.114182
vn -0.973261 -0.199314 0.114182
vn -0.890869 -0.417162 0.179802
vn -0.591374 0.326026 0.737553
vn -0.591374 0.326026 0.737553
vn -0.591374 0.326026 0.737553
vn 0.814658 0.394424 0.425160
vn 0.792812 0.444800 0.416656
vn 0.792812 0.444800 0.416656
vn 0.768518 0.493802 0.406866
vn 0.696874 0.342635 0.630053
vn 0.696874 0.342635 0.630053
vn 0.696874 0.342635 0.630053
vn 0.649015 0.517537 0.557615
vn 0.649015 0.517537 0.557615
vn 0.649015 0.517537 0.557615
vn 0.962472 0.245229 0.116232
vn 0.962472 0.245229 0.116232
vn 0.962472 0.245229 0.116232
vn 0.939456 -0.324111 0.111242
vn 0.939456 -0.324111 0.111242
vn 0.939456 -0.324111 0.111242
vn 0.041765 0.035074 0.998512
vn 0.013698 0.029316 0.999476
vn 0.020952 0.030699 0.999309
vn 0.002215 0.026262 0.999653
vn 0.003258 0.026238 0.999650
vn 0.007326 0.025930 0.999637
vn 0.303374 0.243184 0.921317
vn 0.286008 0.223425 0.931816
vn 0.286008 0.223425 0.931816
vn 0.268413 0.203488 0.941566
vn -0.478147 0.457804 0.749528
vn -0.238144 0.229608 0.943699
vn -0.238144 0.229608 0.943699
vn 0.036955 -0.032426 0.998791
vn 0.031466 0.408659 0.912145
vn 0.031507 0.408528 0.912202
vn 0.031507 0.408528 0.912202
vn 0.031548 0.408397 0.912259
vn -0.514461 0.270133 0.813854
vn -0.528047 0.101451 0.843133
vn -0.528047 0.101451 0.843133
vn -0.526059 -0.070224 0.847544
vn 0.034742 -0.016757 0.999256
vn 0.022758 -0.011768 0.999672
vn 0.022758 -0.011768 0.999672
vn 0.010769 -0.006777 0.999919
vn 0.019765 0.414474 0.909847
vn 0.019765 0.414474 0.909847
vn 0.019765 0.414474 0.909847
vn 0.248758 0.407339 0.878746
vn 0.248758 0.407339 0.878746
vn 0.248758 0.407339 0.878746
vn 0.316886 0.168665 0.933346
vn 0.410243 0.386012 0.826254
vn 0.410243 0.386012 0.826254
vn 0.475940 0.577333 0.663452
vn 0.607360 0.412621 -0.678865
vn 0.098636 0.880830 -0.463044
vn 0.098636 0.880830 -0.463044
vn -0.461832 0.886957 -0.004312
vn 0.000038 1.000000 -0.000108
vn 0.000050 1.000000 -0.000112
vn 0.000050 1.000000 -0.000112
vn 0.000063 1.000000 -0.000117
vn -0.166684 0.985945 0.011346
vn -0.166684 0.985945 0.011346
vn -0.166684 0.985945 0.011346
vn 0.031737 0.401543 0.915290
vn 0.031737 0.401543 0.915290
vn 0.031737 0.401543 0.915290
vn -0.455507 0.532349 0.713525
vn -0.387844 0.666257 0.636930
vn -0.387844 0.666257 0.636930
vn -0.309175 0.781258 0.542261
vn 0.040773 0.068121 0.996844
vn -0.125914 0.262362 0.956719
vn -0.125914 0.262362 0.956719
vn -0.284149 0.438992 0.852376
vn 0.413154 0.057514 0.908843
vn 0.461845 0.187777 0.866856
vn 0.461845 0.187777 0.866856
vn 0.500789 0.314077 0.806577
vn -0.596336 0.406640 0.692118
vn -0.488282 0.208417 0.847433
vn -0.558358 0.230662 0.796888
vn -0.680692 0.268294 0.681672
vn -0.529267 0.135817 0.837514
vn 0.519678 0.254790 0.815486
vn 0.667395 0.130627 0.733158
vn 0.667395 0.130627 0.733158
vn 0.785737 0.000715 0.618560
vn -0.000029 1.000000 -0.000109
vn 0.000014 1.000000 -0.000089
vn 0.000014 1.000000 -0.000089
vn 0.000056 1.000000 -0.000069
vn 0.015729 0.999739 0.016589
vn 0.015729 0.999739 0.016589
vn 0.015729 0.999739 0.016589
vn 0.928405 -0.348027 0.130157
vn 0.928405 -0.348027 0.130157
vn 0.928405 -0.348027 0.130157
vn -0.195788 0.039306 0.979858
vn -0.195788 0.039306 0.979858
vn -0.195788 0.039306 0.979858
vn -0.497240 0.864461 0.073886
vn -0.497318 0.864408 0.073975
vn -0.497318 0.864408 0.073975
vn -0.497397 0.864356 0.074065
vn -0.292159 0.443241 0.847455
vn -0.188621 0.297945 0.935762
vn -0.188621 0.297945 0.935762
vn -0.077608 0.140841 0.986986
vn 0.079567 0.033021 0.996282
vn -0.084151 0.003978 0.996445
vn -0.084151 0.003978 0.996445
vn -0.245542 -0.025174 0.969059
vn 0.000030 -0.000027 1.000000
vn 0.000017 -0.000008 1.000000
vn 0.000017 -0.000008 1.000000
vn 0.000003 0.000011 1.000000
vn -0.993677 -0.044070 0.103263
vn -0.996797 -0.032504 0.073077
vn -0.996797 -0.032504 0.073077
vn -0.998864 -0.020902 0.042814
vn 0.014646 -0.043357 0.998952
vn -0.000151 -0.041507 0.999138
vn -0.000151 -0.041507 0.999138
vn -0.014949 -0.039648 0.999102
vn -0.003827 0.999993 0.000023
vn -0.003827 0.999993 0.000023
vn -0.003827 0.999993 0.000023
vn -0.003984 0.999982 -0.004460
vn -0.003984 0.999982 -0.004460
vn -0.003984 0.999982 -0.004460
vn -0.135766 0.989606 -0.047409
vn -0.135766 0.989606 -0.047409
vn -0.135766 0.989606 -0.047409
vn -0.103158 0.994613 0.010144
vn -0.051643 0.998647 0.006129
vn -0.051643 0.998647 0.006129
vn 0.000011 0.999998 0.002097
vn -0.047223 0.994717 0.091151
vn -0.058981 0.994949 0.081233
vn -0.058981 0.994949 0.081233
vn -0.070724 0.994945 0.071297
vn 0.013618 0.999706 -0.020077
vn 0.018244 0.999789 -0.009486
vn 0.018244 0.999789 -0.009486
vn 0.022868 0.999738 0.001106
vn -0.028482 0.997091 0.070700
vn -0.030938 0.997077 0.069859
vn -0.030938 0.997077 0.069859
vn -0.033394 0.997056 0.069016
vn -0.125803 0.991142 0.042552
vn -0.064788 0.997689 -0.020472
vn -0.064788 0.997689 -0.020472
vn -0.003273 0.996516 -0.083338
vn -0.012226 0.999923 0.002146
vn -0.008408 0.999878 0.013187
vn -0.008408 0.999878 0.013187
vn -0.004589 0.999696 0.024227
vn -0.926694 -0.032196 0.374435
vn -0.889157 -0.041053 0.455757
vn -0.889157 -0.041053 0.455757
vn -0.844417 -0.049577 0.533388
vn -0.000097 1.000000 -0.000064
vn -0.000030 1.000000 -0.000096
vn -0.000030 1.000000 -0.000096
vn 0.000037 1.000000 -0.000128
vn 0.035151 0.996994 0.069051
vn 0.028094 0.997658 0.062363
vn 0.028094 0.997658 0.062363
vn 0.021035 0.998228 0.055668
vn 0.044862 0.998565 -0.029239
vn 0.044862 0.998565 -0.029239
vn 0.044862 0.998565 -0.029239
vn -0.318069 0.948068 0.000575
vn -0.318069 0.948068 0.000575
vn -0.318069 0.948068 0.000575
vn 0.394833 0.912091 0.110441
vn 0.399030 0.907549 0.130880
vn 0.399030 0.907549 0.130880
vn 0.403045 0.902593 0.151260
vn 0.002493 0.999996 -0.001001
vn 0.002493 0.999996 -0.001001
vn 0.002493 0.999996 -0.001001
vn 0.006385 0.999964 -0.005642
vn 0.003563 0.999980 -0.005310
vn 0.003563 0.999980 -0.005310
vn 0.000742 0.999987 -0.004977
vn 0.018092 0.999836 0.000332
vn 0.017088 0.999847 -0.003811
vn 0.017088 0.999847 -0.003811
vn 0.016084 0.999839 -0.007954
vn -0.783943 -0.061301 0.617799
vn -0.820809 -0.046805 0.569281
vn -0.820809 -0.046805 0.569281
vn -0.854456 -0.032125 0.518530
vn 0.204176 0.870889 0.447062
vn -0.137669 0.745422 0.652222
vn -0.137669 0.745422 0.652222
vn -0.455464 0.489736 0.743446
vn 0.000235 0.999951 -0.009869
vn -0.000495 0.999943 -0.010702
vn -0.000495 0.999943 -0.010702
vn -0.001225 0.999933 -0.011535
vn -0.032759 0.981260 0.189885
vn -0.227440 0.943522 0.240910
vn -0.133300 0.964019 0.229999
vn -0.321616 0.909689 0.262734
vn -0.408207 0.876305 0.255843
vn -0.016872 0.999664 -0.019661
vn -0.018479 0.999579 -0.022359
vn -0.018479 0.999579 -0.022359
vn -0.020085 0.999484 -0.025057
vn -0.034939 0.999376 -0.005131
vn -0.034939 0.999376 -0.005131
vn -0.034939 0.999376 -0.005131
vn 0.800287 -0.011939 0.599498
vn 0.849123 -0.033136 0.527155
vn 0.849123 -0.033136 0.527155
vn 0.891108 -0.054065 0.450559
vn 0.799860 -0.000486 0.600187
vn 0.815126 -0.003539 0.579273
vn 0.815126 -0.003539 0.579273
vn 0.829838 -0.006590 0.557966
vn 0.011210 0.990921 0.133980
vn -0.012263 0.986852 0.161164
vn -0.012263 0.986852 0.161164
vn -0.035721 0.981493 0.188137
vn 0.215820 0.237317 0.947155
vn 0.215820 0.237317 0.947155
vn 0.215820 0.237317 0.947155
vn -0.000112 0.999451 -0.033127
vn -0.005304 0.999776 -0.020490
vn -0.005304 0.999776 -0.020490
vn -0.010494 0.999914 -0.007849
vn 0.285403 0.793065 0.538138
vn 0.527045 0.655687 0.540646
vn 0.527045 0.655687 0.540646
vn 0.727963 0.467643 0.501378
vn -0.179026 0.982014 -0.059979
vn -0.162114 0.986575 -0.019739
vn -0.242195 0.969820 -0.028115
vn -0.153437 0.988158 0.000639
vn 0.000923 0.999996 -0.002630
vn -0.212508 0.956885 0.198022
vn -0.189961 0.977795 0.088493
vn -0.189961 0.977795 0.088493
vn -0.164956 0.986051 -0.022182
vn -0.315710 0.918094 0.239648
vn -0.272497 0.944112 0.185466
vn -0.272497 0.944112 0.185466
vn -0.227791 0.964957 0.130269
vn 0.001469 0.999996 -0.002509
vn 0.000801 0.999997 -0.002423
vn 0.000801 0.999997 -0.002423
vn 0.000132 0.999997 -0.002338
vn -0.076940 0.993533 -0.083504
vn -0.037711 0.998378 -0.042645
vn -0.037711 0.998378 -0.042645
vn 0.001640 0.999997 -0.001649
vn -0.264997 0.929010 0.258297
vn 0.005006 0.943369 0.331708
vn 0.005006 0.943369 0.331708
vn 0.274615 0.883677 0.379081
vn -0.002160 0.999970 0.007461
vn -0.003031 0.999980 0.005556
vn -0.003031 0.999980 0.005556
vn -0.003902 0.999986 0.003652
vn 0.089533 0.994280 -0.058235
vn 0.044400 0.998982 -0.007986
vn 0.044400 0.998982 -0.007986
vn -0.000936 0.999105 0.042299
vn 0.062243 0.887475 0.456634
vn -0.170484 0.911312 0.374761
vn -0.170484 0.911312 0.374761
vn -0.392738 0.879164 0.269864
vn -0.840929 0.011507 0.541023
vn -0.446315 -0.019187 0.894670
vn -0.446315 -0.019187 0.894670
vn 0.074039 -0.044476 0.996263
vn 0.027621 0.996460 0.079399
vn 0.010356 0.997518 0.069652
vn 0.010356 0.997518 0.069652
vn -0.006914 0.998182 0.059876
vn 0.952052 0.022293 0.305124
vn 0.925054 0.013814 0.379584
vn 0.925054 0.013814 0.379584
vn 0.892188 0.005246 0.451634
vn 0.554729 0.012474 0.831938
vn 0.485300 0.019373 0.874133
vn 0.485300 0.019373 0.874133
vn 0.412646 0.026143 0.910517
vn 0.026649 0.998407 0.049733
vn 0.021878 0.998743 0.045098
vn 0.021878 0.998743 0.045098
vn 0.017106 0.999035 0.040460
vn 0.186239 0.982030 -0.030543
vn 0.187002 0.981580 -0.039132
vn 0.187002 0.981580 -0.039132
vn 0.187752 0.981057 -0.047718
vn 0.036491 0.977236 0.208992
vn 0.135243 0.981722 0.133906
vn 0.135243 0.981722 0.133906
vn 0.231911 0.971080 0.056756
vn -0.229518 0.940826 -0.249337
vn -0.230079 0.946449 -0.226492
vn -0.230079 0.946449 -0.226492
vn -0.230513 0.951548 -0.203522
vn 0.244696 0.968246 -0.051213
vn 0.254726 0.964988 -0.062547
vn 0.360878 0.900739 -0.241736
vn 0.414310 0.845445 -0.337002
vn 0.520384 0.640539 -0.564722
vn -0.862008 0.209874 0.461406
vn -0.715850 0.696630 -0.047603
vn -0.715850 0.696630 -0.047603
vn -0.199323 0.822961 -0.531983
vn -0.650274 -0.453715 0.609333
vn -0.743053 -0.499252 0.445667
vn -0.743053 -0.499252 0.445667
vn -0.807992 -0.526083 0.265304
vn -0.611091 0.325569 0.721507
vn -0.651031 0.383307 0.655160
vn -0.651031 0.383307 0.655160
vn -0.684896 0.437468 0.582700
vn -0.620007 0.429514 0.656589
vn -0.611853 0.439174 0.657847
vn -0.598840 0.500793 0.624978
vn -0.586725 0.535386 0.607549
vn -0.563726 0.616422 0.549760
vn 0.028082 0.637589 0.769865
vn -0.223019 0.512369 0.829302
vn -0.223019 0.512369 0.829302
vn -0.455773 0.344999 0.820516
vn 0.264785 0.403537 0.875812
vn 0.170221 0.526705 0.832830
vn 0.170221 0.526705 0.832830
vn 0.071238 0.636200 0.768229
vn 0.490831 0.307412 0.815219
vn 0.491405 0.324934 0.808046
vn 0.491405 0.324934 0.808046
vn 0.491802 0.342341 0.800583
vn 0.486274 0.356857 0.797616
vn 0.434577 0.287568 0.853491
vn 0.434577 0.287568 0.853491
vn 0.378276 0.215233 0.900323
vn -0.253843 0.218560 0.942229
vn -0.106426 0.269003 0.957241
vn -0.106426 0.269003 0.957241
vn 0.043600 0.312855 0.948800
vn -0.079106 0.137120 0.987391
vn -0.001361 0.221062 0.975259
vn -0.001361 0.221062 0.975259
vn 0.076403 0.302077 0.950217
vn 0.136039 0.175985 0.974948
vn 0.132738 0.172067 0.976101
vn 0.132738 0.172067 0.976101
vn 0.129433 0.168146 0.977228
vn 0.786897 0.395850 0.473388
vn 0.777279 0.350609 0.522408
vn 0.777279 0.350609 0.522408
vn 0.764131 0.303776 0.569055
vn -0.965697 -0.019238 0.258956
vn -0.973940 -0.022772 0.225661
vn -0.973940 -0.022772 0.225661
vn -0.981024 -0.026278 0.192096
vn -0.503360 -0.033362 0.863433
vn -0.583576 -0.036402 0.811242
vn -0.583576 -0.036402 0.811242
vn -0.658442 -0.039109 0.751615
vn -0.194620 -0.037183 0.980174
vn -0.261654 -0.036802 0.964460
vn -0.261654 -0.036802 0.964460
vn -0.327448 -0.036247 0.944174
vn 0.042823 0.993593 0.104590
vn 0.010044 0.995403 0.095245
vn 0.010044 0.995403 0.095245
vn -0.022746 0.996054 0.085790
vn -0.001567 0.995239 0.097448
vn -0.020353 0.996622 0.079567
vn -0.020353 0.996622 0.079567
vn -0.039126 0.997332 0.061632
vn -0.020016 0.992469 0.120848
vn -0.016182 0.992719 0.119364
vn -0.016182 0.992719 0.119364
vn -0.012348 0.992951 0.117879
vn 0.003854 0.999992 0.000791
vn 0.003854 0.999992 0.000791
vn 0.003854 0.999992 0.000791
vn -0.006312 0.999973 -0.003688
vn -0.004042 0.999924 -0.011621
vn -0.004042 0.999924 -0.011621
vn -0.001771 0.999807 -0.019554
vn -0.026065 0.992978 0.115390
vn -0.017573 0.992540 0.120647
vn -0.017573 0.992540 0.120647
vn -0.009079 0.992003 0.125891
vn 0.000009 0.999998 0.002093
vn 0.000009 0.999998 0.002093
vn 0.000009 0.999998 0.002093
vn 0.000008 0.999998 0.002086
vn 0.000008 0.999998 0.002091
vn 0.000008 0.999998 0.002091
vn 0.000009 0.999998 0.002096
vn -0.257026 -0.038861 0.965623
vn -0.170881 -0.039989 0.984480
vn -0.170881 -0.039989 0.984480
vn -0.083407 -0.040806 0.995680
vn 0.955075 0.023584 0.295425
vn 0.953164 0.023844 0.301514
vn 0.953164 0.023844 0.301514
vn 0.951213 0.024104 0.307591
vn -0.003553 0.999992 -0.001759
vn -0.003553 0.999992 -0.001759
vn -0.003553 0.999992 -0.001759
vn -0.000453 0.999995 -0.003043
vn -0.000465 0.999998 -0.001966
vn -0.000465 0.999998 -0.001966
vn -0.000478 0.999999 -0.000889
vn -0.735407 -0.030342 0.676946
vn -0.616081 -0.010697 0.787611
vn -0.616081 -0.010697 0.787611
vn -0.480199 0.009236 0.877111
vn -0.984814 -0.004165 0.173564
vn -0.941054 -0.021191 0.337593
vn -0.941054 -0.021191 0.337593
vn -0.869899 -0.037600 0.491795
vn -0.803265 0.011889 0.595503
vn -0.657756 -0.012527 0.753127
vn -0.657756 -0.012527 0.753127
vn -0.481587 -0.036359 0.875644
vn -0.964045 -0.030248 0.264014
vn -0.855968 -0.007309 0.516977
vn -0.855968 -0.007309 0.516977
vn -0.682670 0.016188 0.730548
vn -0.951500 -0.000851 0.307649
vn -0.958451 -0.003835 0.285230
vn -0.958451 -0.003835 0.285230
vn -0.964867 -0.006816 0.262652
vn 0.000306 1.000000 -0.000733
vn 0.000307 1.000000 -0.000739
vn 0.000307 1.000000 -0.000739
vn 0.000308 1.000000 -0.000745
vn 0.044506 0.994027 0.099648
vn 0.037993 0.994843 0.094041
vn 0.047069 0.996014 0.075769
vn 0.034733 0.995224 0.091233
vn 0.019799 0.991256 0.130457
vn -0.000463 0.999997 -0.002216
vn -0.001152 0.999998 -0.001590
vn -0.001152 0.999998 -0.001590
vn -0.001841 0.999998 -0.000964
vn 0.312019 0.945542 0.092709
vn 0.312019 0.945542 0.092709
vn 0.312019 0.945542 0.092709
vn 0.884213 0.028827 0.466194
vn 0.892004 0.024657 0.451356
vn 0.892004 0.024657 0.451356
vn 0.899528 0.020479 0.436382
vn -0.011191 0.007884 0.999906
vn -0.128220 0.025671 0.991413
vn -0.128220 0.025671 0.991413
vn -0.243444 0.043097 0.968957
vn 0.171040 -0.031786 0.984751
vn 0.302568 -0.007020 0.953102
vn 0.302568 -0.007020 0.953102
vn 0.428374 0.017879 0.903425
vn 0.641467 0.098948 0.760743
vn 0.777340 0.055538 0.626625
vn 0.777340 0.055538 0.626625
vn 0.883414 0.009999 0.468486
vn -0.064241 0.989655 0.128284
vn -0.071932 0.990004 0.121322
vn -0.071932 0.990004 0.121322
vn -0.079615 0.990246 0.114347
vn -0.007380 0.994706 0.102495
vn -0.033977 0.992746 0.115326
vn -0.033977 0.992746 0.115326
vn -0.060545 0.989917 0.128057
vn -0.059502 0.993790 0.094027
vn -0.021999 0.997798 0.062574
vn -0.021999 0.997798 0.062574
vn 0.015557 0.999399 0.030969
vn 0.000379 1.000000 -0.000676
vn 0.000379 1.000000 -0.000676
vn 0.000379 1.000000 -0.000676
vn -0.001204 0.999999 0.000510
vn -0.001088 0.999999 0.000535
vn -0.001088 0.999999 0.000535
vn -0.000971 0.999999 0.000560
vn 0.045387 0.991878 0.118819
vn 0.036867 0.990943 0.129124
vn 0.036867 0.990943 0.129124
vn 0.028340 0.989830 0.139406
vn 0.103790 0.991301 -0.080928
vn 0.101774 0.990154 -0.096114
vn 0.101774 0.990154 -0.096114
vn 0.099734 0.988772 -0.111278
vn -0.968811 -0.031794 0.245752
vn -0.925250 -0.025643 0.378490
vn -0.925250 -0.025643 0.378490
vn -0.863596 -0.018990 0.503827
vn -0.001558 0.999999 -0.000318
vn -0.001558 0.999999 -0.000318
vn -0.001558 0.999999 -0.000318
vn 0.000467 0.999999 0.001270
vn 0.000467 0.999999 0.001270
vn 0.000467 0.999999 0.001270
vn -0.015631 0.004735 0.999867
vn 0.022840 -0.000654 0.999739
vn 0.022840 -0.000654 0.999739
vn 0.061276 -0.006042 0.998103
vn 0.351292 -0.026727 0.935884
vn 0.170988 -0.007843 0.985242
vn 0.170988 -0.007843 0.985242
vn -0.015352 0.011318 0.999818
vn -0.119612 0.992682 -0.016599
vn -0.028220 0.998794 -0.040176
vn -0.059852 0.997629 -0.033975
vn 0.017578 0.998501 -0.051832
vn 0.035009 0.998011 -0.052429
vn -0.207259 0.972461 0.106596
vn -0.103127 0.993256 0.052992
vn -0.103127 0.993256 0.052992
vn 0.002463 0.999996 -0.001360
vn 0.821126 0.019836 0.570403
vn 0.784037 0.023336 0.620275
vn 0.784037 0.023336 0.620275
vn 0.743911 0.026745 0.667744
vn -0.000105 0.999453 -0.033074
vn -0.000105 0.999453 -0.033074
vn -0.000105 0.999453 -0.033074
vn -0.012414 0.999906 -0.005917
vn -0.012414 0.999906 -0.005917
vn -0.012414 0.999906 -0.005917
vn -0.016860 0.999020 0.040931
vn -0.042193 0.998998 0.014893
vn -0.009682 0.999116 0.040912
vn -0.106992 0.993563 -0.037221
vn -0.054865 0.998492 0.001839
vn 0.000171 1.000000 -0.000078
vn 0.000111 1.000000 -0.000092
vn 0.000111 1.000000 -0.000092
vn 0.000051 1.000000 -0.000106
vn -0.000728 0.122552 0.992462
vn 0.146964 0.146074 0.978297
vn 0.146964 0.146074 0.978297
vn 0.291339 0.166299 0.942054
vn 0.144175 0.988846 -0.037390
vn 0.145502 0.989245 -0.014925
vn 0.145502 0.989245 -0.014925
vn 0.146755 0.989144 0.007548
vn -0.632962 0.352876 0.689085
vn -0.632962 0.352876 0.689085
vn -0.632962 0.352876 0.689085
vn 0.048263 -0.357119 0.932811
vn -0.004241 -0.378773 0.925480
vn -0.004241 -0.378773 0.925480
vn -0.056731 -0.399184 0.915114
vn 0.127731 -0.368644 0.920753
vn 0.122669 -0.365981 0.922502
vn 0.122669 -0.365981 0.922502
vn 0.117603 -0.363306 0.924218
vn 0.800803 0.358789 0.479567
vn 0.871380 0.282984 0.400771
vn 0.871380 0.282984 0.400771
vn 0.927199 0.202386 0.315187
vn 0.966708 0.229099 0.113970
vn 0.966708 0.229099 0.113970
vn 0.966708 0.229099 0.113970
vn -0.674324 0.538111 0.505691
vn -0.609726 0.452334 0.650868
vn -0.609726 0.452334 0.650868
vn -0.525246 0.351807 0.774821
vn 0.640080 0.639769 0.425433
vn 0.486745 0.250799 0.836767
vn 0.486745 0.250799 0.836767
vn 0.165967 -0.224446 0.960249
vn -0.588899 0.409784 0.696617
vn -0.588899 0.409784 0.696617
vn -0.588899 0.409784 0.696617
vn 0.510594 0.632761 0.582157
vn 0.402765 0.673062 0.620296
vn 0.498246 0.677905 0.540551
vn 0.345484 0.689811 0.636241
vn 0.193362 0.631954 0.750497
vn 0.002920 0.424430 0.905456
vn -0.021753 0.515888 0.856380
vn -0.021753 0.515888 0.856380
vn -0.046177 0.601474 0.797556
vn 0.263952 0.266190 0.927077
vn 0.158959 0.199923 0.966831
vn 0.158959 0.199923 0.966831
vn 0.051265 0.130258 0.990154
vn -0.637027 0.323837 0.699519
vn -0.637027 0.323837 0.699519
vn -0.637027 0.323837 0.699519
vn -0.641830 -0.459315 0.614072
vn -0.471885 -0.437330 0.765550
vn -0.471885 -0.437330 0.765550
vn -0.277256 -0.392469 0.876982
vn 0.779905 0.412618 0.470633
vn 0.779905 0.412618 0.470633
vn 0.779905 0.412618 0.470633
vn -0.727565 0.617622 0.298652
vn -0.620911 0.529557 0.577961
vn -0.620911 0.529557 0.577961
vn -0.453939 0.390049 0.801125
vn -0.832438 0.482790 0.271956
vn -0.836471 0.466398 0.287730
vn -0.836471 0.466398 0.287730
vn -0.840058 0.449756 0.303351
vn 0.211721 0.715635 0.665613
vn 0.211721 0.715635 0.665613
vn 0.211721 0.715635 0.665613
vn 0.369869 0.466575 0.803433
vn 0.362646 0.463264 0.808625
vn 0.362646 0.463264 0.808625
vn 0.355391 0.459912 0.813743
vn 0.416206 -0.496682 0.761630
vn 0.466918 -0.478587 0.743600
vn 0.466918 -0.478587 0.743600
vn 0.516125 -0.458950 0.723173
vn 0.186497 -0.739595 0.646698
vn 0.186497 -0.739595 0.646698
vn 0.186497 -0.739595 0.646698
vn 0.992025 0.028665 0.122741
vn 0.982394 0.019496 0.185800
vn 0.982394 0.019496 0.185800
vn 0.968684 0.010245 0.248087
vn -0.433178 -0.183493 0.882433
vn -0.433178 -0.183493 0.882433
vn -0.433178 -0.183493 0.882433
vn 0.337044 -0.120357 0.933764
vn 0.337044 -0.120357 0.933764
vn 0.337044 -0.120357 0.933764
vn -0.003683 0.999992 -0.001679
vn -0.003811 0.999992 -0.000902
vn -0.003811 0.999992 -0.000902
vn -0.003939 0.999992 -0.000125
vn 0.033326 0.981799 -0.186976
vn -0.015343 0.995570 -0.092769
vn 0.020786 0.978606 -0.204693
vn -0.040038 0.998210 -0.044432
vn -0.086928 0.987028 0.134982
vn 0.053096 0.990437 -0.127337
vn 0.049152 0.993660 -0.101110
vn 0.049152 0.993660 -0.101110
vn 0.045173 0.996174 -0.074812
vn -0.058417 0.996137 -0.065560
vn -0.058417 0.996137 -0.065560
vn -0.058417 0.996137 -0.065560
vn 0.741264 -0.034935 0.670303
vn 0.616442 -0.040321 0.786367
vn 0.616442 -0.040321 0.786367
vn 0.473693 -0.044534 0.879563
vn 0.072724 0.992852 -0.094641
vn 0.055361 0.995315 -0.079264
vn 0.055361 0.995315 -0.079264
vn 0.037969 0.997237 -0.063844
vn -0.537150 -0.031819 0.842887
vn -0.576776 -0.033974 0.816195
vn -0.576776 -0.033974 0.816195
vn -0.615084 -0.036050 0.787637
vn -0.000401 0.990947 -0.134252
vn -0.000435 0.990915 -0.134491
vn -0.000435 0.990915 -0.134491
vn -0.000469 0.990882 -0.134730
vn 0.000612 0.997765 0.066812
vn 0.000489 0.997756 0.066960
vn 0.000489 0.997756 0.066960
vn 0.000365 0.997746 0.067107
vn 0.049412 0.995911 0.075629
vn 0.022684 0.998014 0.058764
vn 0.022684 0.998014 0.058764
vn -0.004066 0.999116 0.041840
vn -0.005483 0.999455 -0.032568
vn 0.006489 0.998662 -0.051305
vn 0.004433 0.996755 -0.080380
vn -0.202590 0.967564 0.150918
vn -0.137903 0.986747 0.085520
vn -0.064585 0.997866 -0.009604
vn -0.035980 0.997568 -0.059697
vn -0.043225 0.997745 0.051342
vn -0.051958 0.998012 0.035668
vn -0.051958 0.998012 0.035668
vn -0.060675 0.997958 0.019983
vn -0.007515 0.998715 -0.050120
vn 0.036425 0.997218 -0.065029
vn 0.036425 0.997218 -0.065029
vn 0.080285 0.993573 -0.079798
vn 0.164604 0.981787 -0.094866
vn 0.095551 0.994509 -0.042693
vn 0.095551 0.994509 -0.042693
vn 0.025766 0.999620 0.009807
vn -0.018662 0.967587 0.251847
vn -0.002321 0.996186 0.087221
vn -0.014672 0.994701 0.101759
vn 0.033587 0.999255 -0.019021
vn 0.002832 0.999937 0.010880
vn -0.003261 0.999688 0.024762
vn -0.130230 0.945203 0.299386
vn -0.202814 0.967471 0.151213
vn -0.202814 0.967471 0.151213
vn -0.269776 0.962922 -0.001152
vn -0.265414 0.963827 0.024336
vn -0.199683 0.976484 0.081273
vn -0.211306 0.974187 0.079438
vn -0.176423 0.980647 0.084896
vn -0.166228 0.979987 0.109516
vn -0.542820 0.004675 0.839836
vn -0.481541 0.002624 0.876420
vn -0.481541 0.002624 0.876420
vn -0.417808 0.000560 0.908535
vn 0.044131 0.998991 0.008320
vn 0.045415 0.998947 0.006518
vn 0.045415 0.998947 0.006518
vn 0.046698 0.998898 0.004715
vn 0.018922 0.999813 0.004034
vn 0.028094 0.999368 0.021785
vn 0.028094 0.999368 0.021785
vn 0.037255 0.998524 0.039527
vn -0.117277 0.989066 0.089408
vn -0.117277 0.989066 0.089408
vn -0.117277 0.989066 0.089408
vn 0.989293 0.040006 0.140353
vn 0.991813 0.044080 0.119850
vn 0.991813 0.044080 0.119850
vn 0.993893 0.048134 0.099295
vn 0.992154 0.043203 0.117323
vn 0.990882 0.040294 0.128569
vn 0.990882 0.040294 0.128569
vn 0.989474 0.037379 0.139798
vn -0.519910 -0.006521 0.854196
vn -0.510254 -0.007812 0.859988
vn -0.510254 -0.007812 0.859988
vn -0.500532 -0.009101 0.865670
vn -0.306602 0.934873 0.178909
vn -0.301661 0.933671 0.193024
vn -0.301661 0.933671 0.193024
vn -0.296652 0.932260 0.207096
vn -0.115322 0.593574 0.796474
vn -0.224485 0.649756 0.726240
vn -0.224485 0.649756 0.726240
vn -0.329157 0.692939 0.641476
vn -0.158491 0.011848 0.987289
vn -0.100605 0.001617 0.994925
vn -0.100605 0.001617 0.994925
vn -0.042365 -0.008621 0.999065
vn -0.518712 -0.075279 0.851628
vn -0.396664 -0.049102 0.916650
vn -0.396664 -0.049102 0.916650
vn -0.266759 -0.021952 0.963513
vn -0.844692 -0.058381 0.532058
vn -0.873345 -0.048764 0.484656
vn -0.873345 -0.048764 0.484656
vn -0.899237 -0.038993 0.435721
vn 0.996253 0.047671 -0.072158
vn 0.998429 0.052748 0.018922
vn 0.998429 0.052748 0.018922
vn 0.992291 0.057386 0.109843
vn 0.001780 0.999992 0.003522
vn 0.001780 0.999992 0.003522
vn 0.001780 0.999992 0.003522
vn -0.000361 0.999999 0.001418
vn 0.001089 0.999998 0.001819
vn 0.001089 0.999998 0.001819
vn 0.002538 0.999994 0.002220
vn -0.002903 0.999996 0.000819
vn -0.002903 0.999996 0.000819
vn -0.002903 0.999996 0.000819
vn 0.000240 0.999978 0.006586
vn 0.000240 0.999978 0.006586
vn 0.000240 0.999978 0.006586
vn -0.527593 0.849497 -0.000758
vn -0.522546 0.852535 0.011386
vn -0.522546 0.852535 0.011386
vn -0.517403 0.855418 0.023529
vn 0.251926 0.188897 0.949132
vn 0.336875 0.138006 0.931380
vn 0.336875 0.138006 0.931380
vn 0.418415 0.085719 0.904202
vn 0.077392 -0.018847 0.996823
vn 0.124651 -0.074699 0.989385
vn 0.124651 -0.074699 0.989385
vn 0.171236 -0.130147 0.976596
vn -0.139572 -0.158555 0.977435
vn -0.183794 -0.049349 0.981725
vn -0.183794 -0.049349 0.981725
vn -0.225462 0.060544 0.972369
vn -0.623147 0.292310 0.725426
vn -0.588206 0.197822 0.784143
vn -0.588206 0.197822 0.784143
vn -0.545266 0.100645 0.832199
vn -0.975836 0.218263 0.010237
vn -0.978520 0.205484 0.016604
vn -0.978520 0.205484 0.016604
vn -0.980996 0.192662 0.022967
vn -0.998460 0.016693 0.052902
vn -0.998460 0.016693 0.052902
vn -0.998460 0.016693 0.052902
vn -0.030884 -0.606788 0.794263
vn 0.001788 -0.643064 0.765811
vn 0.001788 -0.643064 0.765811
vn 0.034455 -0.677286 0.734913
vn -0.070389 -0.684707 0.725412
vn -0.116087 -0.625783 0.771310
vn -0.116087 -0.625783 0.771310
vn -0.160896 -0.562061 0.811295
vn -0.002639 0.049690 0.998761
vn -0.001155 0.049145 0.998791
vn -0.001155 0.049145 0.998791
vn 0.000329 0.048600 0.998818
vn 0.226266 -0.497555 0.837403
vn 0.248516 -0.514415 0.820742
vn 0.248516 -0.514415 0.820742
vn 0.270504 -0.530731 0.803214
vn -0.000029 1.000000 -0.000104
vn -0.000021 1.000000 -0.000101
vn -0.000021 1.000000 -0.000101
vn -0.000014 1.000000 -0.000098
vn 0.999973 -0.007286 -0.000783
vn 0.999989 -0.004512 -0.001371
vn 0.999989 -0.004512 -0.001371
vn 0.999997 -0.001737 -0.001959
vn 0.999999 -0.001721 0.000016
vn 0.999999 -0.001721 0.000016
vn 0.999999 -0.001721 0.000016
vn 0.018302 0.972054 0.234044
vn -0.094374 0.987512 0.126146
vn -0.019513 0.977804 0.208613
vn -0.240384 0.969709 -0.043367
vn -0.150438 0.986107 0.070439
vn -0.356008 0.122471 0.926423
vn -0.447994 0.045658 0.892870
vn -0.447994 0.045658 0.892870
vn -0.533041 -0.031862 0.845490
vn 0.469364 0.429318 0.771611
vn 0.388959 0.307624 0.868377
vn 0.388959 0.307624 0.868377
vn 0.296638 0.176505 0.938537
vn 0.668159 0.376702 0.641607
vn 0.778566 0.344619 0.524474
vn 0.778566 0.344619 0.524474
vn 0.867998 0.303253 0.393213
vn -0.156217 0.014858 0.987611
vn 0.294268 0.316116 0.901930
vn 0.294268 0.316116 0.901930
vn 0.656169 0.522212 0.544736
vn -0.556771 0.275708 0.783576
vn -0.323201 0.463964 0.824790
vn -0.323201 0.463964 0.824790
vn -0.059997 0.609677 0.790376
vn -0.589105 0.276565 0.759254
vn -0.635387 0.358676 0.683839
vn -0.635387 0.358676 0.683839
vn -0.672410 0.435561 0.598458
vn -0.614146 0.424076 0.665570
vn -0.600899 0.402626 0.690516
vn -0.600899 0.402626 0.690516
vn -0.586897 0.380670 0.714593
vn -0.429887 0.314152 0.846466
vn -0.523683 0.245846 0.815669
vn -0.523683 0.245846 0.815669
vn -0.609931 0.173997 0.773116
vn -0.478057 0.372160 0.795587
vn -0.461063 0.327440 0.824745
vn -0.461063 0.327440 0.824745
vn -0.442622 0.281692 0.851314
vn 0.424912 0.522358 0.739319
vn 0.397349 0.417715 0.817085
vn 0.397349 0.417715 0.817085
vn 0.362731 0.305654 0.880342
vn 0.013161 0.410771 0.911643
vn 0.013161 0.410771 0.911643
vn 0.013161 0.410771 0.911643
vn -0.606990 0.358014 0.709499
vn -0.553278 0.370422 0.746104
vn -0.553278 0.370422 0.746104
vn -0.497143 0.381208 0.779442
vn 0.464461 0.591114 0.659439
vn 0.459520 0.517581 0.721770
vn 0.459520 0.517581 0.721770
vn 0.450297 0.439226 0.777376
vn -0.443875 0.347984 0.825762
vn -0.466201 0.557735 0.686723
vn -0.466201 0.557735 0.686723
vn -0.458771 0.731888 0.503855
vn 0.109532 0.988123 0.107778
vn 0.311599 0.803681 0.506954
vn 0.311599 0.803681 0.506954
vn 0.440692 0.431025 0.787406
vn -0.013992 0.997656 0.066983
vn -0.013992 0.997656 0.066983
vn -0.013992 0.997656 0.066983
vn 0.475858 0.412907 0.776574
vn 0.481171 -0.292031 0.826554
vn 0.481171 -0.292031 0.826554
vn 0.246157 -0.851110 0.463701
vn -0.072161 0.439844 0.895170
vn -0.072161 0.439844 0.895170
vn -0.072161 0.439844 0.895170
vn 0.543203 -0.780073 0.310511
vn 0.564874 -0.272581 0.778856
vn 0.564874 -0.272581 0.778856
vn 0.316894 0.365031 0.875403
vn -0.000004 1.000000 -0.000002
vn -0.000001 1.000000 -0.000001
vn -0.000002 1.000000 -0.000001
vn 0.000000 1.000000 0.000000
vn 0.000000 1.000000 0.000000
vn -0.000008 1.000000 0.000000
vn -0.000007 1.000000 -0.000000
vn -0.000007 1.000000 -0.000000
vn -0.000007 1.000000 -0.000000
vn -0.094244 -0.112347 0.989190
vn -0.029904 -0.222599 0.974451
vn -0.029904 -0.222599 0.974451
vn 0.034931 -0.329176 0.943622
vn -0.142051 -0.105080 0.984266
vn 0.080082 -0.136275 0.987429
vn 0.080082 -0.136275 0.987429
vn 0.298186 -0.160611 0.940898
vn 0.062231 -0.067722 0.995762
vn 0.062231 -0.067722 0.995762
vn 0.062231 -0.067722 0.995762
vn 0.912009 -0.408249 0.039657
vn 0.906227 -0.421299 0.035493
vn 0.906227 -0.421299 0.035493
vn 0.900246 -0.434255 0.031321
vn 0.943443 -0.331057 0.017788
vn 0.951288 -0.307003 0.028296
vn 0.883280 -0.140023 -0.447447
vn 0.514568 0.133121 -0.847053
vn -0.523418 0.395255 -0.754856
vn -0.000005 -0.000009 1.000000
vn -0.000004 -0.000007 1.000000
vn -0.000004 -0.000007 1.000000
vn -0.000003 -0.000005 1.000000
vn 0.529508 0.848222 0.011853
vn 0.531660 0.846931 0.006709
vn 0.531660 0.846931 0.006709
vn 0.533795 0.845612 0.001565
vn -0.000700 -0.000999 -0.999999
vn -0.000805 -0.001266 -0.999999
vn -0.000805 -0.001266 -0.999999
vn -0.000910 -0.001532 -0.999998
vn -0.605853 0.283886 0.743203
vn -0.605853 0.283886 0.743203
vn -0.605853 0.283886 0.743203
vn -0.549483 0.360546 0.753707
vn -0.564524 0.418947 0.711194
vn -0.564524 0.418947 0.711194
vn -0.576490 0.475067 0.664809
vn -0.534459 0.558494 0.634381
vn -0.526864 0.522389 0.670466
vn -0.521728 0.509199 0.684483
vn -0.514365 0.483577 0.708224
vn -0.510852 0.482248 0.711665
vn 0.687348 0.223342 0.691138
vn 0.713119 0.278405 0.643392
vn 0.713119 0.278405 0.643392
vn 0.734628 0.331804 0.591801
vn 0.543792 0.571474 0.614580
vn 0.543792 0.571474 0.614580
vn 0.543792 0.571474 0.614580
vn 0.864804 0.404320 0.297724
vn 0.924909 0.317414 0.209265
vn 0.924909 0.317414 0.209265
vn 0.967450 0.224479 0.116832
vn 0.999828 0.012383 -0.013829
vn 0.999828 0.012383 -0.013829
vn 0.999828 0.012383 -0.013829
vn 0.992822 0.105860 0.055657
vn 0.992822 0.105860 0.055657
vn 0.992822 0.105860 0.055657
vn -0.998088 -0.008922 0.061163
vn -0.998411 -0.007643 0.055835
vn -0.998411 -0.007643 0.055835
vn -0.998704 -0.006364 0.050505
vn -0.999651 -0.007930 0.025185
vn -0.999651 -0.007930 0.025185
vn -0.999651 -0.007930 0.025185
vn 1.000000 -0.000551 -0.000506
vn 1.000000 -0.000547 -0.000508
vn 1.000000 -0.000547 -0.000508
vn 1.000000 -0.000543 -0.000509
vn -0.073098 0.108943 -0.991357
vn 0.176794 0.073144 -0.981526
vn 0.176794 0.073144 -0.981526
vn 0.415403 0.032678 -0.909050
vn 0.996315 -0.085657 0.004521
vn 0.998898 -0.044318 0.015457
vn 0.998898 -0.044318 0.015457
vn 0.999648 -0.002898 0.026364
vn -0.000746 0.102674 -0.994715
vn 0.035024 0.055278 -0.997857
vn 0.035024 0.055278 -0.997857
vn 0.070669 0.007685 -0.997470
vn -0.020656 0.094577 -0.995303
vn -0.010433 0.062497 -0.997991
vn -0.010433 0.062497 -0.997991
vn -0.000197 0.030345 -0.999539
vn -0.000007 0.000604 -1.000000
vn 0.000364 0.000250 -1.000000
vn 0.000364 0.000250 -1.000000
vn 0.000735 -0.000104 -1.000000
vn 0.000028 -0.000242 -1.000000
vn 0.000327 -0.000576 -1.000000
vn 0.000327 -0.000576 -1.000000
vn 0.000625 -0.000909 -0.999999
vn -0.981246 -0.191859 -0.018612
vn -0.992348 -0.123466 -0.000852
vn -0.992348 -0.123466 -0.000852
vn -0.998374 -0.054442 0.016913
vn -0.998625 -0.052364 -0.002549
vn -0.997227 -0.074029 -0.007635
vn -0.997227 -0.074029 -0.007635
vn -0.995333 -0.095657 -0.012718
vn -0.000509 0.088121 -0.996110
vn -0.045314 0.178214 -0.982948
vn -0.045314 0.178214 -0.982948
vn -0.089653 0.266472 -0.959664
vn 0.045630 0.275388 -0.960250
vn 0.022725 0.189446 -0.981628
vn 0.022725 0.189446 -0.981628
vn -0.000371 0.101920 -0.994793
vn -0.000346 0.101911 -0.994793
vn 0.106155 0.058439 -0.992631
vn 0.106155 0.058439 -0.992631
vn 0.211250 0.014195 -0.977329
vn -0.042569 0.996976 0.065018
vn -0.042569 0.996976 0.065018
vn -0.042569 0.996976 0.065018
vn -0.007112 -0.051496 0.998648
vn 0.066516 -0.117942 0.990790
vn 0.020208 -0.080521 0.996548
vn 0.033989 -0.095126 0.994885
vn -0.072166 -0.005189 0.997379
vn 0.996219 0.084667 0.019489
vn 0.996219 0.084667 0.019489
vn 0.996219 0.084667 0.019489
vn -0.207021 -0.009235 0.978293
vn -0.207021 -0.009235 0.978293
vn -0.207021 -0.009235 0.978293
vn -0.048614 0.105814 0.993197
vn -0.048614 0.105814 0.993197
vn -0.048614 0.105814 0.993197
vn 0.629483 0.134283 0.765323
vn 0.629483 0.134283 0.765323
vn 0.629483 0.134283 0.765323
vn 0.000044 1.000000 0.000000
vn 0.000044 1.000000 0.000000
vn 0.000044 1.000000 0.000000
vn -0.244992 0.967903 -0.056054
vn -0.244992 0.967903 -0.056054
vn -0.244992 0.967903 -0.056054
vn -0.189111 0.979434 0.070325
vn -0.191530 0.977783 0.085185
vn -0.191530 0.977783 0.085185
vn -0.193905 0.975908 0.100025
vn 0.336524 0.603083 0.723217
vn 0.127184 0.635092 0.761894
vn 0.127184 0.635092 0.761894
vn -0.088050 0.637669 0.765262
vn -0.310134 0.750477 0.583610
vn -0.387884 0.607740 0.692964
vn -0.387884 0.607740 0.692964
vn -0.450748 0.441679 0.775723
vn -0.397521 0.732345 0.552855
vn -0.135507 0.639411 0.756830
vn -0.135507 0.639411 0.756830
vn 0.142618 0.470455 0.870823
vn 0.001730 0.750965 0.660340
vn -0.050335 0.773177 0.632190
vn -0.050335 0.773177 0.632190
vn -0.102199 0.792298 0.601514
vn -0.029248 0.752989 0.657383
vn -0.027353 0.754247 0.656021
vn -0.027353 0.754247 0.656021
vn -0.025457 0.755500 0.654654
vn 0.010320 0.754448 0.656279
vn -0.020651 0.737376 0.675167
vn -0.020651 0.737376 0.675167
vn -0.051590 0.719119 0.692969
vn -0.039418 0.718738 0.694163
vn 0.008585 0.753738 0.657119
vn 0.008585 0.753738 0.657119
vn 0.056547 0.785043 0.616855
vn 0.003699 0.791673 0.610934
vn -0.012446 0.786016 0.618081
vn -0.012446 0.786016 0.618081
vn -0.028586 0.780088 0.625016
vn -0.088353 0.777877 0.622175
vn -0.101118 0.780497 0.616928
vn -0.101118 0.780497 0.616928
vn -0.113864 0.782963 0.611559
vn 0.212466 0.765830 0.606929
vn 0.234615 0.776131 0.585300
vn 0.234615 0.776131 0.585300
vn 0.256513 0.785606 0.563049
vn 0.131801 0.774532 0.618651
vn 0.131801 0.774532 0.618651
vn 0.131801 0.774532 0.618651
vn -0.004504 0.795533 0.605894
vn -0.039904 0.785627 0.617412
vn -0.039904 0.785627 0.617412
vn -0.075244 0.774556 0.628014
vn -0.081159 0.774689 0.627113
vn 0.081565 0.796280 0.599405
vn 0.081565 0.796280 0.599405
vn 0.242028 0.795803 0.555086
vn -0.224311 0.814382 0.535226
vn -0.094764 0.862694 0.496769
vn -0.094764 0.862694 0.496769
vn 0.036735 0.893238 0.448081
vn 0.056854 0.892963 0.446525
vn 0.056854 0.892963 0.446525
vn 0.056854 0.892963 0.446525
vn 0.234964 0.864532 0.444271
vn 0.154397 0.829581 0.536617
vn 0.154397 0.829581 0.536617
vn 0.071322 0.781157 0.620248
vn -0.021997 0.797844 0.602463
vn -0.025518 0.797268 0.603086
vn -0.025518 0.797268 0.603086
vn -0.029039 0.796681 0.603702
vn -0.000818 0.795070 0.606518
vn -0.021038 0.791147 0.611265
vn -0.021038 0.791147 0.611265
vn -0.041250 0.786870 0.615739
vn 0.080488 0.782704 0.617168
vn 0.080488 0.782704 0.617168
vn 0.080488 0.782704 0.617168
vn 0.052986 0.786686 0.615075
vn -0.031734 0.779894 0.625107
vn -0.031734 0.779894 0.625107
vn -0.116221 0.767390 0.630560
vn 0.272730 0.679913 0.680688
vn 0.236063 0.682293 0.691918
vn 0.236063 0.682293 0.691918
vn 0.199046 0.683665 0.702127
vn -0.137081 0.697608 0.703244
vn 0.049844 0.812159 0.581303
vn 0.049844 0.812159 0.581303
vn 0.233632 0.875599 0.422779
vn -0.237081 0.810170 0.536113
vn -0.237081 0.810170 0.536113
vn -0.237081 0.810170 0.536113
vn 0.049942 0.825115 0.562754
vn 0.049942 0.825115 0.562754
vn 0.049942 0.825115 0.562754
vn 0.022510 0.833808 0.551596
vn -0.062321 0.820424 0.568349
vn -0.062321 0.820424 0.568349
vn -0.146676 0.800758 0.580751
vn 0.684731 0.338449 0.645443
vn 0.466003 0.431849 0.772236
vn 0.466003 0.431849 0.772236
vn 0.213423 0.493878 0.842932
vn 0.151472 0.593773 0.790247
vn 0.075519 0.592015 0.802381
vn 0.075519 0.592015 0.802381
vn -0.000881 0.586752 0.809766
vn 0.039258 0.722717 0.690028
vn 0.176863 0.648947 0.739991
vn 0.176863 0.648947 0.739991
vn 0.309714 0.557738 0.770069
vn 0.262823 0.762341 0.591406
vn 0.262823 0.762341 0.591406
vn 0.262823 0.762341 0.591406
vn 0.078621 0.996374 -0.032509
vn 0.101826 0.992728 -0.064214
vn 0.101826 0.992728 -0.064214
vn 0.124873 0.987535 -0.095819
vn -0.000129 1.000000 0.000289
vn -0.017139 0.999853 -0.000924
vn -0.017139 0.999853 -0.000924
vn -0.034144 0.999415 -0.002136
vn -0.003949 0.999992 0.000742
vn -0.108054 0.973333 0.202354
vn -0.108054 0.973333 0.202354
vn -0.206519 0.895870 0.393404
vn -0.129239 0.954462 0.268886
vn -0.073683 0.946013 0.315642
vn -0.073683 0.946013 0.315642
vn -0.017734 0.932509 0.360712
vn 0.999822 0.014855 0.011635
vn 0.999924 0.012211 -0.001637
vn 0.999924 0.012211 -0.001637
vn 0.999843 0.009565 -0.014909
vn 0.998173 0.054561 -0.025942
vn 0.998712 0.041210 -0.029590
vn 0.998712 0.041210 -0.029590
vn 0.999059 0.027852 -0.033233
vn 0.995638 0.087272 -0.032986
vn 0.997685 0.061325 -0.029386
vn 0.997685 0.061325 -0.029386
vn 0.999043 0.035335 -0.025767
vn -0.928182 -0.371356 0.023942
vn -0.933398 -0.358318 0.019421
vn -0.933398 -0.358318 0.019421
vn -0.938410 -0.345202 0.014895
vn -0.001842 0.003954 -0.999990
vn -0.001301 0.002608 -0.999996
vn -0.001301 0.002608 -0.999996
vn -0.000760 0.001262 -0.999999
vn 0.844603 0.535390 0.001765
vn 0.842726 0.538335 0.002910
vn 0.842726 0.538335 0.002910
vn 0.840838 0.541272 0.004055
vn -0.035114 0.164796 0.985703
vn -0.042505 0.184448 0.981923
vn -0.042505 0.184448 0.981923
vn -0.049876 0.204017 0.977696
vn 0.915555 0.401376 -0.025605
vn 0.936934 0.349013 0.018578
vn 0.936934 0.349013 0.018578
vn 0.953486 0.294852 0.062666
vn 0.960606 0.277188 -0.020057
vn 0.987362 0.158365 -0.006140
vn 0.987362 0.158365 -0.006140
vn 0.999278 0.037162 0.007870
vn 0.210535 0.022972 0.977316
vn 0.210535 0.022972 0.977316
vn 0.210535 0.022972 0.977316
vn 0.832244 -0.072834 -0.549605
vn 0.458255 -0.011338 -0.888748
vn 0.458255 -0.011338 -0.888748
vn -0.034269 0.053090 -0.998002
vn 0.991536 -0.051587 0.119142
vn 0.997131 -0.003811 0.075604
vn 0.997131 -0.003811 0.075604
vn 0.998528 0.043981 0.031748
vn -0.096406 0.044982 -0.994325
vn -0.052010 0.096314 -0.993991
vn -0.052010 0.096314 -0.993991
vn -0.007375 0.147203 -0.989079
vn -0.935914 0.319519 -0.148232
vn -0.934023 0.327835 -0.141865
vn -0.934023 0.327835 -0.141865
vn -0.932026 0.336114 -0.135481
vn -0.935313 -0.021948 0.353141
vn -0.938799 -0.020543 0.343853
vn -0.938799 -0.020543 0.343853
vn -0.942190 -0.019136 0.334532
vn -0.999898 -0.007373 -0.012207
vn -0.999915 -0.003686 -0.012530
vn -0.999915 -0.003686 -0.012530
vn -0.999917 0.000000 -0.012852
vn -0.885256 0.240396 0.398159
vn -0.885256 0.240396 0.398159
vn -0.885256 0.240396 0.398159
vn -0.999783 0.000000 0.020824
vn -0.999323 -0.023610 0.028229
vn -0.999323 -0.023610 0.028229
vn -0.998250 -0.047206 0.035617
vn -1.000000 0.000000 -0.000041
vn -1.000000 0.000000 -0.000041
vn -1.000000 0.000000 -0.000041
vn -1.000000 0.000000 -0.000041
vn -1.000000 0.000000 -0.000131
vn -1.000000 -0.000043 -0.000127
vn -1.000000 -0.000043 -0.000127
vn -1.000000 -0.000085 -0.000123
vn -1.000000 0.000017 0.000262
vn -1.000000 -0.000037 0.000541
vn -1.000000 -0.000037 0.000541
vn -1.000000 -0.000092 0.000820
vn -1.000000 0.000000 0.000811
vn -1.000000 -0.000026 0.000822
vn -1.000000 -0.000026 0.000822
vn -1.000000 -0.000052 0.000834
vn -1.000000 0.000000 0.000811
vn -1.000000 0.000000 0.000811
vn -1.000000 0.000000 0.000811
vn -1.000000 0.000000 0.000811
vn 0.000000 0.000000 1.000000
vn 0.000000 0.000000 1.000000
vn 0.000000 0.000000 1.000000
vn 0.000000 0.000000 1.000000
vn -0.999743 -0.022658 0.000043
vn -0.999924 -0.011773 0.003596
vn -0.999924 -0.011773 0.003596
vn -0.999974 -0.000886 0.007149
vn -0.904759 0.425916 -0.002551
vn -0.906494 0.422217 -0.001019
vn -0.906494 0.422217 -0.001019
vn -0.908212 0.418510 0.000513
vn -0.036729 -0.065173 -0.997198
vn -0.024490 -0.087817 -0.995836
vn -0.024490 -0.087817 -0.995836
vn -0.012235 -0.110402 -0.993812
vn 0.991541 -0.018571 -0.128461
vn 0.988097 0.006174 -0.153707
vn 0.988097 0.006174 -0.153707
vn 0.983407 0.030912 -0.178759
vn -1.000000 0.000015 -0.000014
vn -1.000000 0.000083 0.000014
vn -1.000000 0.000083 0.000014
vn -1.000000 0.000150 0.000041
vn 0.043073 0.460050 0.886848
vn 0.043073 0.460050 0.886848
vn 0.043073 0.460050 0.886848
vn -0.954541 -0.046273 0.294467
vn -0.935531 -0.045205 0.350340
vn -0.935531 -0.045205 0.350340
vn -0.913262 -0.043979 0.404992
vn -0.102911 0.020701 0.994475
vn -0.132160 0.017936 0.991066
vn -0.132160 0.017936 0.991066
vn -0.161293 0.015155 0.986790
vn -0.383944 0.027375 -0.922951
vn -0.269273 0.020821 -0.962839
vn -0.269273 0.020821 -0.962839
vn -0.150622 0.013959 -0.988493
vn 0.996315 0.032173 -0.079511
vn 0.996675 0.045828 -0.067367
vn 0.996675 0.045828 -0.067367
vn 0.996703 0.059468 -0.055200
vn 0.039564 0.026398 -0.998868
vn 0.000083 -0.001318 -0.999999
vn 0.000083 -0.001318 -0.999999
vn -0.039398 -0.029030 -0.998802
vn 0.189881 -0.096278 -0.977075
vn 0.076788 -0.029432 -0.996613
vn 0.076788 -0.029432 -0.996613
vn -0.037659 0.037934 -0.998570
vn 0.275010 0.009019 -0.961399
vn 0.320378 0.020803 -0.947061
vn 0.320378 0.020803 -0.947061
vn 0.364976 0.032537 -0.930448
vn 0.158944 0.087485 -0.983404
vn 0.102121 0.129193 -0.986347
vn 0.102121 0.129193 -0.986347
vn 0.044790 0.170259 -0.984381
vn 0.121351 0.182085 -0.975766
vn 0.147118 0.164807 -0.975292
vn 0.147118 0.164807 -0.975292
vn 0.172743 0.147370 -0.973880
vn -0.292176 0.059896 -0.954487
vn -0.160708 0.026741 -0.986640
vn -0.160708 0.026741 -0.986640
vn -0.026118 -0.006934 -0.999635
vn -0.009737 0.100614 -0.994878
vn 0.090542 0.073166 -0.993201
vn 0.090542 0.073166 -0.993201
vn 0.189841 0.044927 -0.980787
vn -0.171798 0.058459 -0.983396
vn -0.182816 0.060749 -0.981268
vn -0.182816 0.060749 -0.981268
vn -0.193811 0.063032 -0.979012
vn -0.178844 0.010131 -0.983825
vn -0.124601 -0.004946 -0.992195
vn -0.124601 -0.004946 -0.992195
vn -0.069955 -0.020007 -0.997350
vn -0.150944 0.042469 -0.987630
vn -0.152528 0.041386 -0.987432
vn -0.152528 0.041386 -0.987432
vn -0.154111 0.040303 -0.987231
vn -0.151743 0.013778 -0.988324
vn -0.144594 0.017511 -0.989336
vn -0.144594 0.017511 -0.989336
vn -0.137435 0.021243 -0.990283
vn 0.000000 0.096695 -0.995314
vn 0.000000 0.096695 -0.995314
vn 0.000000 0.096695 -0.995314
vn 0.000000 0.096696 -0.995314
vn -0.997653 -0.043059 0.053238
vn -0.997981 -0.045372 0.044450
vn -0.997981 -0.045372 0.044450
vn -0.998226 -0.047681 0.035658
vn 0.000000 0.876709 -0.481021
vn 0.001607 0.876556 -0.481297
vn 0.001607 0.876556 -0.481297
vn 0.003214 0.876401 -0.481571
vn 0.000000 0.054357 -0.998522
vn 0.000000 0.054357 -0.998522
vn 0.000000 0.054357 -0.998522
vn 0.000000 0.054357 -0.998522
vn -0.013409 0.309277 -0.950878
vn -0.791699 0.187241 -0.581510
vn -0.791699 0.187241 -0.581510
vn -0.970625 -0.076548 0.228095
vn 0.000000 0.035166 -0.999382
vn 0.000000 0.035166 -0.999382
vn 0.000000 0.035166 -0.999382
vn 0.000000 0.035166 -0.999382
vn 0.145737 0.016380 -0.989188
vn 0.073124 -0.024239 -0.997028
vn 0.073124 -0.024239 -0.997028
vn 0.000000 -0.064689 -0.997906
vn 1.000000 0.000000 0.000000
vn 1.000000 0.000000 0.000000
vn 1.000000 0.000000 0.000000
vn 1.000000 0.000000 0.000000
vn 0.029735 -0.068545 0.997205
vn 0.029735 -0.068545 0.997205
vn 0.029735 -0.068545 0.997205
vn 0.000004 1.000000 -0.000015
vn 0.000004 1.000000 -0.000015
vn 0.000004 1.000000 -0.000015
vn 0.000008 1.000000 0.000007
vn 0.000004 1.000000 0.000004
vn 0.000004 1.000000 0.000004
vn 0.000000 1.000000 0.000000
vn 0.998568 0.048473 0.022642
vn 0.998425 0.052873 0.018744
vn 0.998425 0.052873 0.018744
vn 0.998248 0.057271 0.014846
vn 0.346302 0.615902 0.707630
vn 0.327975 0.652648 0.682996
vn 0.327975 0.652648 0.682996
vn 0.308896 0.687897 0.656796
vn -0.644112 0.599787 0.474737
vn -0.644112 0.599787 0.474737
vn -0.644112 0.599787 0.474737
vn -0.943250 0.173737 0.283009
vn -0.943250 0.173737 0.283009
vn -0.943250 0.173737 0.283009
vn -0.912043 0.369749 0.177379
vn -0.912043 0.369749 0.177379
vn -0.912043 0.369749 0.177379
vn -0.931087 0.262621 0.253193
vn -0.931087 0.262621 0.253193
vn -0.931087 0.262621 0.253193
vn 0.742536 -0.032138 0.669035
vn 0.742536 -0.032138 0.669035
vn 0.742536 -0.032138 0.669035
vn 0.786946 0.146937 0.599271
vn 0.786946 0.146937 0.599271
vn 0.786946 0.146937 0.599271
vn 0.535403 -0.387193 0.750616
vn 0.535403 -0.387193 0.750616
vn 0.535403 -0.387193 0.750616
vn 0.031670 0.401477 0.915321
vn -0.015161 0.359311 0.933095
vn -0.015161 0.359311 0.933095
vn -0.061927 0.315605 0.946868
f 609/664/1 610/665/2 39/41/3
f 34/36/4 35/37/5 338/150/6
f 338/150/6 35/37/5 337/38/7
f 392/17/8 14/14/9 391/16/10
f 391/16/10 14/14/9 15/15/11
f 391/16/12 15/15/13 674/874/14
f 674/874/14 15/15/13 673/873/15
f 393/18/16 202/214/17 392/17/18
f 392/17/18 202/214/17 14/14/19
f 327/421/20 312/20/21 331/425/22
f 331/425/22 312/20/21 102/106/23
f 200/212/24 649/793/25 315/422/26
f 470/484/27 315/422/26 649/793/25
f 167/449/28 405/452/29 274/291/30
f 274/291/30 405/452/29 475/489/31
f 165/171/32 274/291/33 21/21/34
f 21/21/34 274/291/33 475/489/35
f 34/36/36 338/150/37 32/34/38
f 32/34/38 338/150/37 528/152/39
f 277/52/40 48/50/41 279/51/42
f 153/159/43 526/158/44 151/156/45
f 30/31/46 151/156/45 527/546/47
f 526/158/44 527/546/47 151/156/45
f 70/72/48 221/235/49 69/71/50
f 69/71/50 221/235/49 222/236/51
f 425/375/52 494/513/53 77/79/54
f 437/387/55 436/386/56 75/77/57
f 75/77/57 436/386/56 220/234/58
f 564/183/59 74/76/60 175/185/61
f 74/76/60 432/382/62 175/185/61
f 313/118/63 317/87/64 466/417/65
f 466/417/65 317/87/64 90/92/66
f 333/116/67 215/229/68 462/413/69
f 462/413/69 215/229/68 461/412/70
f 15/15/71 403/22/72 673/873/73
f 673/873/73 403/22/72 24/24/74
f 542/562/75 544/564/76 23/23/77
f 145/149/78 342/27/79 343/148/80
f 343/148/80 342/27/79 341/28/81
f 399/32/82 398/698/83 673/873/84
f 673/873/84 398/698/83 674/874/85
f 400/301/86 399/32/87 24/24/88
f 24/24/88 399/32/87 673/873/89
f 33/35/90 34/36/91 26/26/92
f 26/26/92 34/36/91 124/130/93
f 34/36/91 32/34/94 124/130/93
f 32/34/94 31/33/95 124/130/93
f 35/37/96 34/36/97 27/699/98
f 27/699/98 34/36/97 33/35/99
f 337/38/100 35/37/101 340/40/102
f 340/40/102 35/37/101 27/700/103
f 383/349/104 281/44/105 382/348/106
f 281/44/105 282/46/107 382/348/106
f 382/348/106 282/46/107 43/45/108
f 29/701/109 601/656/110 46/48/111
f 46/48/111 601/656/110 602/657/112
f 602/657/113 603/658/114 46/48/115
f 511/530/116 225/239/117 517/536/118
f 517/536/118 225/239/117 518/537/119
f 50/703/120 49/702/121 603/658/122
f 49/702/121 46/48/123 603/658/122
f 37/39/124 294/491/125 60/62/126
f 60/62/126 294/491/125 292/302/127
f 280/53/128 52/54/129 509/528/130
f 509/528/130 52/54/129 510/529/131
f 59/61/132 62/64/133 614/669/134
f 614/669/134 62/64/133 613/668/135
f 62/64/133 61/63/136 613/668/135
f 613/668/135 61/63/136 58/60/137
f 62/64/138 223/237/139 61/63/140
f 61/63/140 223/237/139 224/238/141
f 67/69/142 500/519/143 619/674/144
f 619/674/144 500/519/143 618/673/145
f 66/68/146 498/517/147 68/70/148
f 67/69/149 497/516/150 500/519/151
f 500/519/151 497/516/150 70/72/152
f 430/380/153 73/75/154 433/383/155
f 433/383/155 73/75/154 75/77/156
f 438/388/157 442/392/158 78/80/159
f 78/80/159 442/392/158 445/396/160
f 453/404/161 81/83/162 79/81/163
f 79/81/163 81/83/162 455/406/164
f 87/437/165 457/428/166 84/86/167
f 84/86/167 457/428/166 460/411/168
f 458/439/169 83/85/170 459/438/171
f 459/438/171 83/85/170 87/89/172
f 405/94/173 167/450/174 92/472/175
f 471/485/176 95/99/177 472/486/178
f 95/99/177 92/472/175 472/486/178
f 92/472/175 167/450/174 472/486/178
f 302/251/179 300/95/180 94/98/181
f 94/98/181 300/95/180 535/554/182
f 243/258/183 412/362/184 689/965/185
f 99/103/186 311/476/187 97/101/188
f 604/659/189 103/107/190 104/481/191
f 605/660/192 606/661/193 180/190/194
f 106/110/195 129/133/196 606/661/193
f 606/661/193 129/133/196 180/190/194
f 108/445/197 671/870/198 311/113/199
f 311/113/199 671/870/198 310/108/200
f 103/107/201 96/100/202 104/705/203
f 104/705/203 96/100/202 98/102/204
f 311/454/205 99/480/206 108/112/207
f 108/112/207 99/480/206 309/307/208
f 100/104/209 309/307/208 99/480/206
f 112/706/210 111/117/211 110/115/212
f 110/115/212 111/117/211 109/114/213
f 116/122/214 113/119/215 109/434/216
f 109/434/216 113/119/215 110/115/217
f 114/120/218 115/121/219 384/442/220
f 384/442/220 115/121/219 117/123/221
f 314/707/222 315/708/223 116/444/224
f 116/444/224 315/708/223 113/453/225
f 216/230/226 336/314/227 461/412/228
f 461/412/228 336/314/227 462/413/229
f 386/352/230 384/350/231 385/351/232
f 118/124/233 385/351/232 117/441/234
f 117/441/234 385/351/232 384/350/231
f 361/330/235 334/709/236 360/329/237
f 360/329/237 334/709/236 217/231/238
f 364/333/239 636/691/240 120/126/241
f 120/126/241 636/691/240 349/318/242
f 588/604/243 259/274/244 124/130/245
f 124/130/245 259/274/244 125/131/246
f 570/586/247 572/588/248 573/589/249
f 688/964/250 134/138/251 687/963/252
f 687/963/252 134/138/251 131/135/253
f 136/140/254 135/139/255 137/141/256
f 573/589/257 574/590/258 570/586/259
f 133/137/260 295/303/261 296/304/262
f 140/144/263 139/143/264 295/303/265
f 295/303/265 139/143/264 296/304/266
f 141/145/267 142/146/268 138/142/269
f 140/144/270 295/303/271 142/146/268
f 138/142/269 142/146/268 295/303/271
f 145/149/272 294/147/273 342/27/274
f 342/27/274 294/147/273 37/492/275
f 147/151/276 152/157/277 374/710/278
f 374/710/278 152/157/277 151/156/279
f 36/711/280 372/160/281 373/161/282
f 153/159/283 641/696/284 526/158/285
f 641/696/284 642/697/286 526/158/285
f 153/159/287 152/157/288 156/162/289
f 156/162/289 152/157/288 154/712/290
f 155/713/291 154/714/292 147/151/293
f 147/151/293 154/714/292 152/157/294
f 156/162/295 372/160/296 36/715/297
f 153/159/298 151/156/299 152/157/300
f 158/164/301 159/165/302 30/31/303
f 157/163/304 151/156/305 159/165/302
f 151/156/305 30/31/303 159/165/302
f 146/716/306 157/163/307 148/153/308
f 148/153/308 157/163/307 159/165/309
f 148/153/310 159/165/311 149/154/312
f 149/154/312 159/165/311 150/155/313
f 150/155/314 476/490/315 160/166/316
f 476/490/315 291/717/317 160/166/316
f 161/167/318 160/166/316 291/717/317
f 22/718/319 163/169/320 25/25/321
f 25/25/321 163/169/320 162/168/322
f 15/15/323 14/14/324 403/22/325
f 403/22/325 14/14/324 404/172/326
f 166/720/327 164/170/328 22/719/329
f 22/719/329 164/170/328 163/169/330
f 275/292/331 326/176/332 274/477/333
f 274/477/333 326/176/332 167/174/334
f 205/217/335 173/181/336 322/308/337
f 322/308/337 173/181/336 172/180/338
f 321/182/339 20/19/340 175/185/341
f 175/185/341 20/19/340 174/473/342
f 173/181/343 175/185/344 174/474/345
f 175/185/346 173/181/347 564/183/348
f 205/217/349 565/721/350 173/181/347
f 565/721/350 564/183/348 173/181/347
f 172/180/351 173/181/352 387/447/353
f 174/475/354 323/443/355 173/181/352
f 176/186/356 178/188/357 323/443/355
f 173/181/352 323/443/355 387/447/353
f 323/443/355 178/188/357 387/447/353
f 444/394/358 330/187/359 443/393/360
f 443/393/360 330/187/359 213/226/361
f 325/435/362 324/722/363 91/429/364
f 326/448/365 325/723/366 167/451/367
f 167/451/367 325/723/366 91/430/368
f 388/189/369 387/179/370 178/446/371
f 103/107/372 604/659/373 96/100/374
f 604/659/373 605/660/375 96/100/374
f 180/190/376 303/305/377 605/660/375
f 96/100/374 605/660/375 303/305/377
f 304/306/378 181/191/379 303/305/380
f 303/305/380 181/191/379 128/724/381
f 303/305/382 180/190/383 491/510/384
f 129/133/385 492/511/386 180/190/383
f 492/511/386 491/510/384 180/190/383
f 487/503/387 691/967/388 308/725/389
f 582/598/390 254/269/391 193/204/392
f 478/494/393 190/201/394 477/493/395
f 477/493/395 190/201/394 483/499/396
f 192/203/397 484/500/398 191/202/399
f 191/202/399 484/500/398 479/495/400
f 252/267/401 482/498/402 188/199/403
f 477/493/404 483/499/405 254/269/406
f 254/269/406 483/499/405 193/204/407
f 264/279/408 197/209/409 263/278/410
f 195/206/411 194/205/412 297/288/413
f 297/288/413 194/205/412 298/207/414
f 545/565/415 552/572/416 198/210/417
f 198/210/417 552/572/416 553/573/418
f 548/568/419 549/569/420 555/575/421
f 555/575/421 549/569/420 287/297/422
f 169/478/423 170/177/424 206/218/425
f 206/218/425 170/177/424 168/175/426
f 168/175/426 170/177/424 171/178/427
f 202/214/428 395/216/429 397/173/430
f 397/173/430 395/216/429 396/354/431
f 393/18/432 394/726/433 202/214/434
f 202/214/434 394/726/433 395/216/435
f 203/215/436 204/727/437 168/175/438
f 168/175/438 204/727/437 206/218/439
f 201/213/440 179/728/441 206/218/442
f 206/218/442 179/728/441 169/729/443
f 207/219/444 208/220/445 611/666/446
f 610/665/447 611/666/446 39/41/448
f 611/666/446 208/220/445 39/41/448
f 208/220/449 207/219/450 512/531/451
f 407/357/452 210/222/453 417/367/454
f 417/367/454 210/222/453 418/368/455
f 410/360/456 411/361/457 245/260/458
f 245/260/458 411/361/457 244/259/459
f 414/364/460 415/365/461 241/256/462
f 241/256/462 415/365/461 240/255/463
f 247/262/464 406/356/465 246/261/466
f 246/261/466 406/356/465 409/359/467
f 301/223/468 535/554/469 541/560/470
f 300/95/471 541/560/470 535/554/469
f 212/225/472 89/91/473 467/418/474
f 467/418/474 89/91/473 468/419/475
f 88/465/476 89/91/477 211/224/478
f 211/224/478 89/91/477 212/225/479
f 449/471/480 329/311/481 452/468/482
f 452/468/482 329/311/481 451/402/483
f 352/321/484 353/322/485 216/230/486
f 216/230/486 353/322/485 463/414/487
f 463/414/487 353/322/485 122/128/488
f 358/327/489 359/328/490 217/231/491
f 217/231/491 359/328/490 360/329/492
f 75/77/493 220/234/494 76/78/495
f 76/78/495 220/234/494 219/233/496
f 221/235/497 70/72/498 495/514/499
f 495/514/499 70/72/498 497/516/500
f 496/515/501 16/730/502 498/517/503
f 498/517/503 16/730/502 68/70/504
f 223/237/505 62/64/506 523/543/507
f 523/543/507 62/64/506 524/544/508
f 61/63/509 224/238/510 525/545/511
f 525/545/511 224/238/510 38/731/512
f 517/536/513 518/537/514 512/531/515
f 512/531/515 518/537/514 208/220/516
f 208/220/517 518/537/518 39/41/519
f 39/41/519 518/537/518 519/538/520
f 57/59/521 228/242/522 53/55/523
f 53/55/523 228/242/522 227/241/524
f 246/261/525 409/359/526 245/260/527
f 245/260/527 409/359/526 410/360/528
f 411/361/529 412/362/530 244/259/531
f 244/259/531 412/362/530 690/966/532
f 242/257/533 413/363/534 241/256/535
f 241/256/535 413/363/534 414/364/536
f 239/254/537 240/255/538 416/366/539
f 416/366/539 240/255/538 415/365/540
f 493/512/541 231/245/542 487/503/543
f 487/503/543 231/245/542 486/502/544
f 489/505/545 185/508/546 488/504/547
f 488/504/547 185/508/546 232/246/548
f 486/502/549 231/245/550 234/248/551
f 488/504/552 232/246/553 234/248/554
f 234/248/554 232/246/553 235/249/555
f 233/247/556 234/248/557 236/250/558
f 234/248/559 235/249/560 236/250/561
f 539/558/562 237/252/563 423/373/564
f 423/373/564 237/252/563 238/253/565
f 534/553/566 248/263/567 533/552/568
f 533/552/568 248/263/567 540/559/569
f 253/268/570 193/204/571 583/599/572
f 192/203/573 586/602/574 258/273/575
f 258/273/575 586/602/574 257/272/576
f 585/601/577 250/265/578 192/203/579
f 482/498/580 249/264/581 188/199/582
f 480/496/583 251/266/584 191/202/585
f 127/132/586 125/131/587 259/274/588
f 125/131/589 261/276/590 124/130/591
f 124/130/591 261/276/590 26/26/592
f 261/276/590 187/198/593 26/26/592
f 187/198/593 276/293/594 26/26/592
f 555/575/595 556/576/596 548/568/597
f 548/568/597 556/576/596 547/567/598
f 559/579/599 197/209/600 558/578/601
f 558/578/601 197/209/600 273/290/602
f 199/211/603 269/284/604 196/208/605
f 196/208/605 269/284/604 268/283/606
f 284/294/607 568/584/608 199/211/609
f 199/211/609 568/584/608 269/284/610
f 299/285/611 132/136/612 297/288/613
f 297/288/613 132/136/612 195/206/614
f 569/585/615 262/277/616 272/289/617
f 273/290/618 197/209/619 264/279/620
f 263/278/621 197/209/622 560/580/623
f 560/580/623 197/209/622 559/579/624
f 389/353/625 203/215/626 171/178/627
f 171/178/627 203/215/626 168/175/628
f 404/172/629 397/173/630 165/171/631
f 165/171/631 397/173/630 274/291/632
f 485/501/633 276/293/634 566/582/635
f 267/282/636 285/295/637 266/281/638
f 270/286/639 284/294/640 267/282/641
f 267/282/641 284/294/640 285/295/642
f 196/208/643 286/296/644 199/211/645
f 199/211/645 286/296/644 554/574/646
f 196/208/647 271/287/648 286/296/649
f 286/296/649 271/287/648 287/297/650
f 198/210/651 266/281/652 545/565/653
f 284/294/654 545/565/653 285/295/655
f 285/295/655 545/565/653 266/281/652
f 287/297/656 549/569/657 286/296/658
f 286/296/658 549/569/657 550/570/659
f 542/562/660 23/23/661 32/34/662
f 32/34/662 23/23/661 31/33/663
f 56/58/664 507/526/665 508/527/666
f 260/275/667 127/132/668 259/274/669
f 491/510/670 304/306/671 303/305/672
f 204/732/673 322/308/674 206/218/675
f 206/218/675 322/308/674 172/180/676
f 323/309/677 174/184/678 177/733/679
f 177/733/679 174/184/678 20/479/680
f 329/311/681 328/310/682 451/402/683
f 451/402/683 328/310/682 214/227/684
f 332/313/685 331/312/686 324/432/687
f 324/432/687 331/312/686 91/93/688
f 215/229/689 121/127/690 461/412/691
f 461/412/691 121/127/690 351/320/692
f 336/314/693 216/230/694 464/415/695
f 464/415/695 216/230/694 463/414/696
f 437/387/697 432/382/698 74/76/699
f 430/380/700 431/381/701 73/75/702
f 367/336/703 119/125/704 121/127/705
f 494/513/706 72/74/707 77/79/708
f 77/79/708 72/74/707 426/376/709
f 620/675/710 72/74/711 619/674/712
f 619/674/712 72/74/711 67/69/713
f 66/68/714 68/70/715 369/338/716
f 369/338/716 68/70/715 368/337/717
f 66/68/718 616/671/719 499/518/720
f 499/518/720 616/671/719 617/672/721
f 612/667/722 613/668/723 378/344/724
f 378/344/724 613/668/723 58/60/725
f 58/60/726 60/62/727 378/344/728
f 378/344/728 60/62/727 377/343/729
f 515/534/730 520/539/731 41/43/732
f 41/43/732 520/539/731 521/540/733
f 14/14/734 202/214/735 404/172/736
f 404/172/736 202/214/735 397/173/737
f 55/57/738 507/526/739 376/342/740
f 376/342/740 507/526/739 56/58/741
f 503/522/742 52/54/743 502/521/744
f 607/662/745 41/43/746 40/42/747
f 349/318/748 350/319/749 120/126/750
f 120/126/750 350/319/749 123/129/751
f 119/125/752 351/320/753 121/127/754
f 352/321/755 351/320/756 355/324/757
f 355/324/757 351/320/756 119/125/758
f 352/321/759 355/324/760 353/322/761
f 353/322/761 355/324/760 356/325/762
f 352/321/763 216/230/764 351/320/765
f 351/320/765 216/230/764 461/412/766
f 633/688/767 634/689/768 356/325/769
f 356/325/769 634/689/768 354/323/770
f 354/323/771 122/128/772 356/325/773
f 356/325/773 122/128/772 353/322/774
f 632/687/775 633/688/776 119/125/777
f 119/125/777 633/688/776 355/324/778
f 633/688/776 356/325/779 355/324/778
f 359/328/780 358/327/781 120/126/782
f 120/126/782 358/327/781 364/333/783
f 123/129/784 359/328/785 120/126/786
f 360/329/787 359/328/788 316/232/789
f 316/232/789 359/328/788 123/129/790
f 316/232/791 335/734/792 360/329/793
f 360/329/793 335/734/792 361/330/794
f 631/686/795 632/687/796 366/335/797
f 366/335/797 632/687/796 119/125/798
f 635/690/799 354/323/800 634/689/801
f 358/327/802 122/128/803 364/333/804
f 364/333/804 122/128/803 354/323/805
f 636/691/806 364/333/807 635/690/808
f 635/690/808 364/333/807 354/323/809
f 82/84/810 365/334/811 460/459/812
f 460/459/812 365/334/811 84/458/813
f 365/334/811 88/465/814 84/458/813
f 456/407/815 366/335/816 82/460/817
f 82/460/817 366/335/816 365/334/818
f 630/685/819 631/686/820 456/407/821
f 456/407/821 631/686/820 366/335/822
f 365/334/823 367/336/824 88/465/825
f 88/465/825 367/336/824 89/91/826
f 119/125/827 367/336/828 366/335/829
f 366/335/829 367/336/828 365/334/830
f 641/696/831 153/159/832 640/695/833
f 640/695/833 153/159/832 156/162/834
f 369/338/835 368/337/836 59/61/837
f 59/61/837 368/337/836 63/65/838
f 614/669/839 615/670/840 59/61/841
f 59/61/841 615/670/840 369/338/842
f 640/695/843 156/162/844 639/694/845
f 639/694/845 156/162/844 371/340/846
f 156/162/847 36/735/848 371/340/849
f 371/340/849 36/735/848 64/66/850
f 55/57/851 376/342/852 506/525/853
f 506/525/853 376/342/852 57/59/854
f 376/342/855 56/58/856 375/341/857
f 375/341/857 56/58/856 293/56/858
f 376/342/859 375/341/860 57/59/861
f 57/59/861 375/341/860 228/242/862
f 506/525/863 57/59/864 505/524/865
f 505/524/865 57/59/864 53/55/866
f 207/219/867 378/344/868 209/221/869
f 209/221/869 378/344/868 377/343/870
f 611/666/871 612/667/872 207/219/873
f 207/219/873 612/667/872 378/344/874
f 41/43/875 383/349/876 40/42/877
f 40/42/877 383/349/876 382/348/878
f 386/352/879 385/351/880 350/319/881
f 385/351/880 218/736/882 350/319/881
f 350/319/881 218/736/882 123/129/883
f 390/737/884 389/353/885 401/355/886
f 401/355/886 389/353/885 171/178/887
f 532/551/888 533/552/889 538/557/890
f 538/557/890 533/552/889 540/559/891
f 417/367/892 418/368/893 406/356/894
f 406/356/894 418/368/893 409/359/895
f 411/361/896 410/360/897 419/369/898
f 410/360/897 409/359/899 419/369/898
f 409/359/899 418/368/900 419/369/898
f 419/369/901 420/370/902 411/361/903
f 411/361/903 420/370/902 412/362/904
f 413/363/905 420/370/906 414/364/907
f 414/364/907 420/370/906 421/371/908
f 414/364/909 421/371/910 415/365/911
f 415/365/911 421/371/910 422/372/912
f 415/365/913 422/372/914 416/366/915
f 416/366/915 422/372/914 408/358/916
f 418/368/917 210/222/918 419/369/919
f 419/369/919 210/222/918 420/370/920
f 421/371/921 420/370/922 422/372/923
f 422/372/923 420/370/922 210/222/924
f 422/372/925 210/222/926 408/358/927
f 408/358/927 210/222/926 407/357/928
f 239/254/929 416/366/930 238/253/931
f 238/253/931 416/366/930 423/373/932
f 425/375/933 77/79/934 563/374/935
f 563/374/935 77/79/934 18/738/936
f 77/79/937 426/376/938 18/739/939
f 18/739/939 426/376/938 427/377/940
f 434/384/941 435/385/942 426/376/943
f 426/376/943 435/385/942 427/377/944
f 621/676/945 429/379/946 620/675/947
f 620/675/947 429/379/946 72/74/948
f 433/383/949 622/677/950 430/380/951
f 430/380/951 622/677/950 623/678/952
f 624/679/953 625/680/954 445/396/955
f 445/396/955 625/680/954 78/80/956
f 206/218/957 172/180/958 201/213/959
f 429/379/960 433/383/961 76/78/962
f 76/78/962 433/383/961 75/77/963
f 622/677/964 433/383/965 621/676/966
f 621/676/966 433/383/965 429/379/967
f 429/379/968 76/78/969 434/384/970
f 426/376/971 72/74/972 434/384/973
f 434/384/973 72/74/972 429/379/974
f 435/385/975 434/384/976 219/233/977
f 219/233/977 434/384/976 76/78/978
f 436/386/979 437/387/980 19/740/981
f 19/740/981 437/387/980 74/76/982
f 75/77/983 73/75/984 437/387/985
f 438/388/986 78/80/987 80/82/988
f 80/82/988 78/80/987 454/405/989
f 328/310/990 439/389/991 214/227/992
f 214/227/992 439/389/991 440/390/993
f 442/392/994 443/393/995 441/391/996
f 441/391/996 443/393/995 213/226/997
f 80/82/998 214/227/999 438/388/1000
f 438/388/1000 214/227/999 440/390/1001
f 440/390/1002 443/393/1003 438/388/1004
f 438/388/1004 443/393/1003 442/392/1005
f 439/389/1006 444/394/1007 440/390/1008
f 440/390/1008 444/394/1007 443/393/1009
f 441/395/1010 432/382/1011 445/396/1012
f 445/396/1012 432/382/1011 431/381/1013
f 623/678/1014 624/679/1015 430/380/1016
f 430/380/1016 624/679/1015 431/381/1017
f 624/679/1015 445/396/1018 431/381/1017
f 81/83/1019 80/82/1020 455/406/1021
f 455/406/1021 80/82/1020 454/405/1022
f 628/683/1023 629/684/1024 79/81/1025
f 319/440/1026 450/401/1027 452/469/1028
f 452/469/1028 450/401/1027 449/400/1029
f 81/83/1030 451/402/1031 80/82/1032
f 80/82/1032 451/402/1031 214/227/1033
f 452/403/1034 451/402/1035 453/404/1036
f 453/404/1036 451/402/1035 81/83/1037
f 82/462/1038 319/228/1039 453/467/1040
f 453/467/1040 319/228/1039 452/470/1041
f 626/681/1042 454/405/1043 625/680/1044
f 625/680/1044 454/405/1043 78/80/1045
f 455/406/1046 454/405/1047 627/682/1048
f 627/682/1048 454/405/1047 626/681/1049
f 627/682/1050 628/683/1051 455/406/1052
f 455/406/1052 628/683/1051 79/81/1053
f 441/395/1054 445/396/1055 442/392/1056
f 456/407/1057 82/461/1058 79/81/1059
f 79/81/1059 82/461/1058 453/404/1060
f 629/684/1061 630/685/1062 79/81/1063
f 79/81/1063 630/685/1062 456/407/1064
f 457/408/1065 87/427/1066 469/483/1067
f 469/483/1067 87/427/1066 318/741/1068
f 211/420/1069 458/409/1070 88/90/1071
f 88/90/1071 458/409/1070 459/464/1072
f 84/456/1073 459/463/1074 87/436/1075
f 84/457/1076 88/466/1077 459/410/1078
f 463/414/1079 122/128/1080 217/231/1081
f 217/231/1081 122/128/1080 358/327/1082
f 464/415/1083 463/414/1084 334/455/1085
f 334/455/1085 463/414/1084 217/231/1086
f 367/336/1087 121/127/1088 89/91/1089
f 89/91/1089 121/127/1088 86/88/1090
f 121/127/1088 465/416/1091 86/88/1090
f 466/417/1092 90/92/1093 465/416/1094
f 465/416/1094 90/92/1093 86/88/1095
f 90/92/1096 85/742/1097 468/419/1098
f 468/419/1098 85/742/1097 467/418/1099
f 89/91/1100 86/88/1101 468/419/1102
f 90/92/1103 468/419/1104 86/88/1105
f 315/422/1106 470/484/1107 113/433/1108
f 650/794/1109 110/115/1110 470/484/1107
f 470/484/1107 110/115/1110 113/433/1108
f 331/423/1111 472/486/1112 91/431/1113
f 91/431/1113 472/486/1112 167/450/1114
f 471/485/1115 472/486/1116 473/487/1117
f 473/487/1117 472/486/1116 474/488/1118
f 476/490/1119 150/155/1120 158/164/1121
f 158/164/1121 150/155/1120 159/165/1122
f 187/198/1123 477/493/1124 189/200/1125
f 478/494/1126 477/493/1127 261/276/1128
f 261/276/1128 477/493/1127 187/198/1129
f 125/131/1130 479/495/1131 261/276/1132
f 261/276/1132 479/495/1131 478/494/1133
f 479/495/1134 125/131/1135 191/202/1136
f 191/202/1136 125/131/1135 127/132/1137
f 587/603/1138 480/496/1139 191/202/1140
f 483/499/1141 481/497/1142 193/204/1143
f 193/204/1143 481/497/1142 255/270/1144
f 484/500/1145 192/203/1146 481/497/1147
f 481/497/1147 192/203/1146 258/273/1148
f 255/270/1149 584/600/1150 256/271/1151
f 249/264/1152 482/498/1153 257/272/1154
f 257/272/1154 482/498/1153 258/273/1155
f 258/273/1155 482/498/1153 481/497/1156
f 190/201/1157 484/500/1158 483/499/1159
f 483/499/1159 484/500/1158 481/497/1160
f 484/500/1161 190/201/1162 479/495/1163
f 479/495/1163 190/201/1162 478/494/1164
f 189/200/1165 477/493/1166 254/269/1167
f 184/196/1168 487/503/1169 307/192/1170
f 307/192/1170 487/503/1169 308/743/1171
f 185/508/1172 489/505/1173 693/969/1174
f 486/502/1175 234/248/1176 230/244/1177
f 230/244/1177 234/248/1176 233/247/1178
f 487/503/1179 486/502/1180 183/195/1181
f 183/195/1181 486/502/1180 230/244/1182
f 231/245/1183 488/504/1184 234/248/1185
f 493/512/1186 489/505/1187 231/245/1188
f 231/245/1188 489/505/1187 488/504/1189
f 306/506/1190 489/505/1191 305/193/1192
f 305/193/1192 489/505/1191 184/196/1193
f 307/192/1194 305/193/1195 184/196/1196
f 129/805/1197 652/796/1198 651/795/1199
f 651/795/1199 652/796/1198 490/509/1200
f 487/503/1201 184/196/1202 493/512/1203
f 184/196/1204 489/505/1205 493/512/1206
f 73/75/1207 431/381/1208 437/387/1209
f 437/387/1209 431/381/1208 432/382/1210
f 638/693/1211 71/73/1212 637/692/1213
f 637/692/1213 71/73/1212 425/375/1214
f 71/73/1212 494/513/1215 425/375/1214
f 72/74/1216 494/513/1217 67/69/1218
f 67/69/1218 494/513/1217 71/73/1219
f 497/516/1220 67/69/1221 71/73/1222
f 71/73/1223 17/744/1224 497/516/1225
f 497/516/1225 17/744/1224 495/514/1226
f 69/71/1227 498/517/1228 499/518/1229
f 499/518/1229 498/517/1228 66/68/1230
f 222/236/1231 496/515/1232 69/71/1233
f 69/71/1233 496/515/1232 498/517/1234
f 500/519/1235 70/72/1236 499/518/1237
f 499/518/1237 70/72/1236 69/71/1238
f 500/519/1239 499/518/1240 618/673/1241
f 618/673/1241 499/518/1240 617/672/1242
f 616/671/1243 66/68/1244 615/670/1245
f 615/670/1245 66/68/1244 369/338/1246
f 503/522/1247 502/521/1248 347/316/1249
f 48/50/1250 277/52/1251 51/745/1252
f 277/52/1251 278/49/1253 51/745/1252
f 502/521/1248 51/745/1252 347/316/1249
f 347/316/1249 51/745/1252 278/49/1253
f 504/523/1254 503/522/1255 380/346/1256
f 380/346/1256 503/522/1255 347/316/1257
f 380/346/1258 209/221/1259 504/523/1260
f 209/221/1259 505/524/1261 504/523/1260
f 209/221/1262 377/343/1263 505/524/1264
f 505/524/1264 377/343/1263 506/525/1265
f 60/62/1266 292/302/1267 377/343/1268
f 381/347/1269 55/57/1270 292/302/1267
f 292/302/1267 55/57/1270 377/343/1268
f 377/343/1268 55/57/1270 506/525/1271
f 381/347/1272 346/315/1273 55/57/1274
f 55/57/1274 346/315/1273 507/526/1275
f 346/315/1276 143/746/1277 507/526/1278
f 54/747/1279 508/527/1280 143/746/1277
f 508/527/1280 507/526/1278 143/746/1277
f 53/55/1281 227/241/1282 510/529/1283
f 510/529/1283 227/241/1282 509/528/1284
f 504/523/1285 510/529/1286 503/522/1287
f 503/522/1287 510/529/1286 52/54/1288
f 510/529/1289 504/523/1290 53/55/1291
f 53/55/1291 504/523/1290 505/524/1292
f 512/531/1293 207/219/1294 209/221/1295
f 516/535/1296 517/536/1297 209/221/1298
f 209/221/1298 517/536/1297 512/531/1299
f 47/748/1300 511/530/1301 516/535/1302
f 516/535/1302 511/530/1301 517/536/1303
f 520/539/1304 515/534/1305 519/538/1306
f 519/538/1306 515/534/1305 39/41/1307
f 607/662/1308 608/663/1309 41/43/1310
f 41/43/1310 608/663/1309 515/534/1311
f 608/663/1312 609/664/1313 515/534/1314
f 515/534/1314 609/664/1313 39/41/1315
f 518/537/1316 225/239/1317 519/538/1318
f 519/538/1318 225/239/1317 226/240/1319
f 520/539/1320 519/538/1321 514/533/1322
f 514/533/1322 519/538/1321 226/240/1323
f 520/539/1324 514/533/1325 521/540/1326
f 521/540/1326 514/533/1325 42/542/1327
f 65/67/1328 339/749/1329 524/544/1330
f 524/544/1330 339/749/1329 523/543/1331
f 62/64/1332 59/61/1333 524/544/1334
f 65/67/1335 524/544/1336 63/65/1337
f 63/65/1337 524/544/1336 59/61/1338
f 58/60/1339 525/545/1340 60/62/1341
f 58/60/1342 61/63/1343 525/545/1344
f 102/426/1345 101/105/1346 331/424/1347
f 331/424/1347 101/105/1346 529/548/1348
f 423/373/1349 416/366/1350 530/549/1351
f 530/549/1351 416/366/1350 408/358/1352
f 530/549/1353 408/358/1354 531/550/1355
f 531/550/1355 408/358/1354 407/357/1356
f 531/550/1357 407/357/1358 532/551/1359
f 532/551/1359 407/357/1358 417/367/1360
f 406/356/1361 533/552/1362 417/367/1363
f 417/367/1363 533/552/1362 532/551/1364
f 247/262/1365 534/553/1366 406/356/1367
f 406/356/1367 534/553/1366 533/552/1368
f 92/96/1369 590/606/1370 591/607/1371
f 536/555/1372 530/549/1373 537/556/1374
f 537/556/1374 530/549/1373 531/550/1375
f 537/556/1376 531/550/1377 538/557/1378
f 538/557/1378 531/550/1377 532/551/1379
f 535/554/1380 92/96/1381 94/98/1382
f 94/98/1382 92/96/1381 95/482/1383
f 539/558/1384 423/373/1385 536/555/1386
f 536/555/1386 423/373/1385 530/549/1387
f 32/34/1388 400/301/1389 542/562/1390
f 542/562/1390 400/301/1389 24/24/1391
f 402/561/1392 543/563/1393 24/24/1394
f 24/24/1394 543/563/1393 542/562/1395
f 542/562/1396 543/563/1397 544/564/1398
f 432/382/1399 441/395/1400 175/185/1401
f 320/750/1402 321/182/1403 441/395/1400
f 175/185/1401 441/395/1400 321/182/1403
f 554/574/1404 286/296/1405 551/571/1406
f 551/571/1406 286/296/1405 550/570/1407
f 290/300/1408 561/581/1409 547/567/1410
f 547/567/1410 561/581/1409 548/568/1411
f 548/568/1412 561/581/1413 549/569/1414
f 549/569/1414 561/581/1413 557/577/1415
f 557/577/1416 289/299/1417 549/569/1418
f 549/569/1418 289/299/1417 550/570/1419
f 551/571/1420 550/570/1421 288/298/1422
f 288/298/1422 550/570/1421 289/299/1423
f 551/571/1424 288/298/1425 552/572/1426
f 552/572/1426 288/298/1425 546/566/1427
f 552/572/1428 546/566/1429 553/573/1430
f 553/573/1430 546/566/1429 265/280/1431
f 545/565/1432 554/574/1433 552/572/1434
f 552/572/1434 554/574/1433 551/571/1435
f 199/211/1436 554/574/1437 284/294/1438
f 284/294/1438 554/574/1437 545/565/1439
f 555/575/1440 287/297/1441 272/289/1442
f 272/289/1442 287/297/1441 271/287/1443
f 695/971/1444 556/576/1445 555/575/1446
f 265/280/1447 546/566/1448 558/578/1449
f 558/578/1449 546/566/1448 559/579/1450
f 560/580/1451 559/579/1452 290/300/1453
f 290/300/1453 559/579/1452 561/581/1454
f 559/579/1455 546/566/1456 289/299/1457
f 289/299/1457 546/566/1456 288/298/1458
f 557/577/1459 561/581/1460 289/299/1461
f 289/299/1461 561/581/1460 559/579/1462
f 566/582/1463 276/293/1464 187/198/1465
f 268/283/1466 567/583/1467 196/208/1468
f 196/208/1468 567/583/1467 271/287/1469
f 568/584/1470 284/294/1471 270/286/1472
f 567/583/1473 569/585/1474 271/287/1475
f 271/287/1475 569/585/1474 272/289/1476
f 574/590/1477 687/963/1478 570/586/1479
f 570/586/1479 687/963/1478 195/206/1480
f 687/963/1478 131/135/1481 195/206/1480
f 132/136/1482 571/587/1483 195/206/1484
f 195/206/1484 571/587/1483 570/586/1485
f 572/588/1486 130/134/1487 573/589/1488
f 573/589/1488 130/134/1487 229/243/1489
f 137/141/1490 574/590/1491 229/243/1492
f 229/243/1492 574/590/1491 573/589/1493
f 575/591/1494 574/590/1495 137/141/1496
f 576/592/1497 344/751/1498 345/752/1499
f 345/752/1499 344/751/1498 578/594/1500
f 576/592/1501 345/754/1502 579/595/1503
f 345/754/1502 144/753/1504 579/595/1503
f 144/753/1504 577/593/1505 579/595/1503
f 580/596/1506 283/30/1507 576/592/1508
f 576/592/1508 283/30/1507 344/755/1509
f 579/595/1510 581/597/1511 576/592/1512
f 576/592/1512 581/597/1511 580/596/1513
f 577/593/1514 28/29/1515 579/595/1516
f 579/595/1516 28/29/1515 581/597/1517
f 253/268/1518 582/598/1519 193/204/1520
f 193/204/1521 255/270/1522 583/599/1523
f 583/599/1523 255/270/1522 256/271/1524
f 252/267/1525 584/600/1526 482/498/1527
f 584/600/1526 255/270/1528 482/498/1527
f 255/270/1528 481/497/1529 482/498/1527
f 585/601/1530 192/203/1531 251/266/1532
f 251/266/1532 192/203/1531 191/202/1533
f 586/602/1534 192/203/1535 250/265/1536
f 260/275/1537 587/603/1538 127/132/1539
f 127/132/1539 587/603/1538 191/202/1540
f 126/547/1541 588/604/1542 589/605/1543
f 589/605/1544 588/604/1545 124/130/1546
f 301/223/1547 590/606/1548 535/554/1549
f 535/554/1549 590/606/1548 92/96/1550
f 591/607/1551 590/606/1552 93/97/1553
f 396/608/1554 395/609/1555 592/611/1556
f 592/611/1556 395/609/1555 394/610/1557
f 397/612/1558 396/613/1559 593/615/1560
f 593/615/1560 396/613/1559 592/614/1561
f 275/616/1562 274/617/1563 593/619/1564
f 593/619/1564 274/617/1563 397/618/1565
f 31/620/1566 23/621/1567 594/623/1568
f 594/623/1568 23/621/1567 544/622/1569
f 594/625/1570 589/626/1571 31/624/1572
f 31/624/1572 589/626/1571 124/627/1573
f 24/629/1574 403/630/1575 402/628/1576
f 402/628/1576 403/630/1575 595/631/1577
f 403/633/1578 404/634/1579 595/632/1580
f 595/632/1580 404/634/1579 596/635/1581
f 404/637/1582 165/638/1583 596/636/1584
f 596/636/1584 165/638/1583 597/639/1585
f 165/641/1586 21/642/1587 597/640/1588
f 597/640/1588 21/642/1587 598/643/1589
f 21/645/1590 475/646/1591 598/644/1592
f 598/644/1592 475/646/1591 599/647/1593
f 599/648/1594 475/649/1595 600/651/1596
f 600/651/1596 475/649/1595 405/650/1597
f 405/653/1598 92/654/1599 600/652/1600
f 600/652/1600 92/654/1599 591/655/1601
f 601/656/1602 45/47/1603 602/657/1604
f 522/541/1605 603/658/1606 44/756/1607
f 603/658/1606 602/657/1608 44/756/1607
f 45/47/1609 44/756/1607 602/657/1608
f 50/757/1610 603/658/1611 522/541/1612
f 133/137/1613 138/142/1614 295/303/1615
f 105/109/1616 604/659/1617 104/481/1618
f 605/660/1619 604/659/1620 105/109/1621
f 646/784/1622 606/661/1623 605/660/1624
f 348/317/1625 607/662/1626 40/42/1627
f 513/532/1628 608/663/1629 348/317/1630
f 348/317/1630 608/663/1629 607/662/1631
f 513/532/1632 2/2/1633 608/663/1634
f 608/663/1634 2/2/1633 609/664/1635
f 2/2/1636 3/3/1637 609/664/1638
f 609/664/1638 3/3/1637 610/665/1639
f 4/4/1640 611/666/1641 3/3/1642
f 3/3/1642 611/666/1641 610/665/1643
f 379/345/1644 612/667/1645 4/4/1646
f 4/4/1646 612/667/1645 611/666/1647
f 379/345/1648 5/5/1649 612/667/1650
f 612/667/1650 5/5/1649 613/668/1651
f 5/5/1652 6/6/1653 613/668/1654
f 613/668/1654 6/6/1653 614/669/1655
f 6/6/1656 370/339/1657 614/669/1658
f 614/669/1658 370/339/1657 615/670/1659
f 370/339/1660 501/520/1661 615/670/1662
f 615/670/1662 501/520/1661 616/671/1663
f 616/671/1664 501/520/1665 617/672/1666
f 617/672/1666 501/520/1665 7/7/1667
f 618/673/1668 617/672/1669 8/8/1670
f 8/8/1670 617/672/1669 7/7/1671
f 8/8/1672 619/674/1673 618/673/1674
f 8/8/1675 9/9/1676 619/674/1677
f 619/674/1677 9/9/1676 620/675/1678
f 9/9/1679 428/378/1680 620/675/1681
f 620/675/1681 428/378/1680 621/676/1682
f 428/378/1683 10/10/1684 621/676/1685
f 621/676/1685 10/10/1684 622/677/1686
f 623/678/1687 622/677/1688 10/10/1689
f 10/10/1690 446/397/1691 623/678/1692
f 623/678/1692 446/397/1691 624/679/1693
f 446/397/1694 11/11/1695 624/679/1696
f 624/679/1696 11/11/1695 625/680/1697
f 11/11/1698 447/398/1699 625/680/1700
f 625/680/1700 447/398/1699 626/681/1701
f 447/398/1702 627/682/1703 626/681/1704
f 447/398/1705 12/12/1706 627/682/1707
f 627/682/1707 12/12/1706 628/683/1708
f 12/12/1709 448/399/1710 628/683/1711
f 628/683/1711 448/399/1710 629/684/1712
f 448/399/1713 362/331/1714 629/684/1715
f 629/684/1715 362/331/1714 630/685/1716
f 631/686/1717 630/685/1718 362/331/1719
f 632/687/1720 631/686/1721 362/331/1722
f 362/331/1723 357/326/1724 632/687/1725
f 632/687/1725 357/326/1724 633/688/1726
f 357/326/1727 13/13/1728 633/688/1729
f 633/688/1729 13/13/1728 634/689/1730
f 635/690/1731 634/689/1732 363/332/1733
f 363/332/1733 634/689/1732 13/13/1734
f 1/1/1735 636/691/1736 363/332/1737
f 363/332/1737 636/691/1736 635/690/1738
f 349/318/1739 636/691/1740 1/1/1741
f 638/693/1742 637/692/1743 562/759/1744
f 562/759/1744 637/692/1743 424/758/1745
f 63/65/1746 640/695/1747 65/67/1748
f 65/67/1748 640/695/1747 639/694/1749
f 63/65/1750 368/337/1751 640/695/1752
f 640/695/1752 368/337/1751 641/696/1753
f 68/70/1754 642/697/1755 368/337/1756
f 368/337/1756 642/697/1755 641/696/1757
f 94/761/1758 95/762/1759 302/760/1760
f 302/760/1760 95/762/1759 643/763/1761
f 471/764/1762 473/765/1763 95/767/1764
f 95/767/1764 473/765/1763 643/766/1765
f 332/769/1766 474/770/1767 331/768/1768
f 331/768/1768 474/770/1767 472/771/1769
f 529/773/1770 644/775/1771 331/772/1772
f 331/772/1772 644/775/1771 327/774/1773
f 644/776/1774 529/777/1775 645/779/1776
f 645/779/1776 529/777/1775 101/778/1777
f 102/780/1778 312/781/1779 101/783/1780
f 101/783/1780 312/781/1779 645/782/1781
f 107/111/1782 646/784/1783 105/109/1784
f 105/109/1784 646/784/1783 605/660/1785
f 107/786/1786 647/788/1787 646/785/1788
f 646/785/1788 647/788/1787 606/787/1789
f 647/790/1790 648/792/1791 606/789/1792
f 606/789/1792 648/792/1791 106/791/1793
f 129/133/1794 651/806/1795 492/511/1796
f 648/798/1797 653/800/1798 106/797/1799
f 106/797/1799 653/800/1798 129/799/1800
f 652/801/1801 129/802/1802 654/804/1803
f 654/804/1803 129/802/1802 653/803/1804
f 98/807/1805 96/808/1806 655/810/1807
f 655/810/1807 96/808/1806 303/809/1808
f 303/812/1809 128/813/1810 655/811/1811
f 655/811/1811 128/813/1810 656/814/1812
f 132/815/1813 299/816/1814 657/818/1815
f 657/818/1815 299/816/1814 658/817/1816
f 132/820/1817 660/821/1818 571/819/1819
f 571/819/1819 660/821/1818 659/822/1820
f 660/823/1821 132/824/1822 657/825/1823
f 571/826/1824 659/827/1825 572/829/1826
f 572/829/1826 659/827/1825 130/828/1827
f 33/830/1828 26/831/1829 662/833/1830
f 662/833/1830 26/831/1829 661/832/1831
f 33/834/1832 662/835/1833 27/837/1834
f 27/837/1834 662/835/1833 340/836/1835
f 485/839/1836 663/841/1837 276/838/1838
f 276/838/1838 663/841/1837 26/840/1839
f 661/842/1840 26/843/1841 664/845/1842
f 664/845/1842 26/843/1841 663/844/1843
f 664/847/1844 665/848/1845 661/846/1846
f 661/846/1846 665/848/1845 666/849/1847
f 661/850/1848 666/851/1849 667/853/1850
f 667/853/1850 666/851/1849 668/852/1851
f 528/855/1852 672/871/1853 32/854/1854
f 32/854/1854 672/871/1853 400/872/1855
f 581/858/1856 28/859/1857 580/861/1858
f 580/861/1858 28/859/1857 283/860/1859
f 134/863/1860 669/865/1861 131/862/1862
f 131/862/1862 669/865/1861 195/864/1863
f 194/866/1864 195/867/1865 670/869/1866
f 670/869/1866 195/867/1865 669/868/1867
f 672/871/1868 398/856/1869 400/872/1870
f 400/872/1870 398/856/1869 399/857/1871
f 412/362/1872 420/370/1873 413/363/1874
f 38/704/1875 37/39/1876 525/545/1877
f 525/545/1877 37/39/1876 60/62/1878
f 323/875/1879 177/876/1880 176/877/1881
f 176/877/1881 177/876/1880 675/878/1882
f 401/879/1883 171/880/1884 676/882/1885
f 676/882/1885 171/880/1884 170/881/1886
f 675/883/1887 177/884/1888 676/886/1889
f 676/886/1889 177/884/1888 401/885/1890
f 450/887/1891 319/888/1892 330/890/1893
f 330/890/1893 319/888/1892 213/889/1894
f 82/892/1895 441/893/1896 319/891/1897
f 319/891/1897 441/893/1896 213/894/1898
f 85/895/1899 90/896/1900 83/898/1901
f 83/898/1901 90/896/1900 87/897/1902
f 316/900/1903 215/901/1904 335/899/1905
f 335/899/1905 215/901/1904 333/902/1906
f 123/904/1907 121/905/1908 316/903/1909
f 316/903/1909 121/905/1908 215/906/1910
f 74/908/1911 425/909/1912 19/907/1913
f 19/907/1913 425/909/1912 563/910/1914
f 71/912/1915 68/913/1916 17/911/1917
f 17/911/1917 68/913/1916 16/914/1918
f 65/916/1919 292/917/1920 339/915/1921
f 339/915/1921 292/917/1920 294/918/1922
f 56/920/1923 52/921/1924 293/919/1925
f 293/919/1925 52/921/1924 280/922/1926
f 47/923/1927 516/924/1928 42/926/1929
f 42/926/1929 516/924/1928 521/925/1930
f 516/927/1931 209/928/1932 521/930/1933
f 521/930/1933 209/928/1932 41/929/1934
f 150/932/1935 678/933/1936 149/931/1937
f 149/931/1937 678/933/1936 677/934/1938
f 678/936/1939 157/937/1940 677/935/1941
f 677/935/1941 157/937/1940 146/938/1942
f 149/939/1943 677/940/1944 148/942/1945
f 148/942/1945 677/940/1944 146/941/1946
f 151/944/1947 680/945/1948 374/943/1949
f 374/943/1949 680/945/1948 679/946/1950
f 155/949/1951 147/950/1952 680/948/1953
f 679/947/1954 680/948/1953 147/950/1952
f 142/952/1955 682/953/1956 140/951/1957
f 140/951/1957 682/953/1956 681/954/1958
f 100/955/1959 99/956/1960 683/958/1961
f 683/958/1961 99/956/1960 684/957/1962
f 668/960/1963 686/961/1964 667/959/1965
f 667/959/1965 686/961/1964 685/962/1966
f 137/141/1967 135/139/1968 575/591/1969
f 571/587/1970 572/588/1971 570/586/1972
f 574/590/1973 575/591/1974 687/963/1975
f 575/591/1974 135/139/1976 687/963/1975
f 136/140/1977 688/964/1978 135/139/1979
f 135/139/1979 688/964/1978 687/963/1980
f 689/965/1981 412/362/1982 242/257/1983
f 242/257/1983 412/362/1982 413/363/1984
f 690/966/1985 412/362/1986 243/258/1987
f 692/968/1988 182/194/1989 487/503/1990
f 487/503/1991 182/194/1992 691/967/1993
f 183/195/1994 692/968/1995 487/503/1996
f 186/197/1997 489/505/1998 694/970/1999
f 693/969/2000 489/505/2001 186/197/2002
f 694/970/2003 489/505/2004 306/507/2005
f 272/289/2006 262/277/2007 555/575/2008
f 262/277/2007 695/971/2009 555/575/2008
